true_label,prob_tau,reco_energy_tev
1.0,0.5442952,106.125854
1.0,0.3502648,350.3455
1.0,0.3991049,1080.5258
1.0,0.44878545,295436.88
1.0,0.9535721,782257.4
1.0,0.8340625,359.82755
1.0,0.9733226,114.63591
1.0,0.9999194,977.4025
1.0,0.72431594,99.64806
1.0,0.87023777,111.29079
1.0,0.46593934,110.70683
1.0,0.49170983,73.61491
1.0,0.7925772,126.70498
1.0,0.60573334,332.57034
1.0,0.9703307,433.03525
1.0,0.99726874,1448.5293
1.0,0.7957937,139.2763
1.0,0.9880789,80.23425
1.0,0.59407055,73.32567
1.0,0.9194724,864351.4
1.0,0.9709062,3.6944655e+09
1.0,0.53967327,167.58221
1.0,0.7841125,372182.1
1.0,0.8141854,79.0489
1.0,0.64442617,478344.12
1.0,0.8121071,2879.8564
1.0,0.83628607,72675.77
1.0,0.6059466,109.75236
1.0,0.73620856,9.366815e+06
1.0,0.41401133,111.434456
1.0,0.38315636,71.99798
1.0,0.852019,72.818245
1.0,0.7938539,109.167435
1.0,0.9845712,154.86807
1.0,0.61489916,92.19834
1.0,0.03324748,1522.6532
1.0,0.4361397,96.48714
1.0,0.93178225,82.15892
1.0,0.9797736,1.7686895e+06
1.0,0.42856053,1669.2992
1.0,0.91945964,1022.0584
1.0,0.50868934,83.81497
1.0,0.82740605,129.34436
1.0,0.9998512,54653.438
1.0,0.47290614,76.75807
1.0,0.8510643,211.49307
1.0,0.73201627,179.83412
1.0,0.17209339,1518.7369
1.0,0.95888525,1614.2139
1.0,0.8853223,123.16545
1.0,0.614231,266.4164
1.0,0.78726095,139.78455
1.0,0.9552859,89.428116
1.0,0.8413365,45519.69
1.0,0.7556626,122.061745
1.0,0.87999934,894.2362
1.0,0.8463102,367.2374
1.0,0.76947606,73977.984
1.0,0.6789997,193.82245
1.0,0.9927342,2799.9758
1.0,0.9016877,4170.661
1.0,0.9382889,181.84395
1.0,0.41287592,167.2385
1.0,0.49002016,18198.656
1.0,0.46429428,107.27058
1.0,0.9062507,87.56986
1.0,0.9200211,1.9607115e+08
1.0,0.90036637,8.050896e+06
1.0,0.5539197,1.1269426e+09
1.0,0.99846435,170.47656
1.0,0.9034418,73.34892
1.0,0.82292867,70.62501
1.0,0.8945877,85.6974
1.0,0.54127043,113.81295
1.0,0.8276455,87.51104
1.0,0.44276163,70.71266
1.0,0.57213056,235.53375
1.0,0.72278196,125.63416
1.0,0.62568307,5.347236e+06
1.0,0.4117864,3814.3489
1.0,0.9948289,636344.56
1.0,0.9416229,237.62567
1.0,0.6156673,88.8687
1.0,0.35175282,7.023319e+10
1.0,0.5860703,236.24054
1.0,0.6929248,363.09595
1.0,0.83560246,65560.87
1.0,0.5145906,165.64558
1.0,0.5304052,97.167694
1.0,0.30891937,2.5823776e+07
1.0,0.50847864,172.56125
1.0,0.8289231,582.8827
1.0,0.42320505,802.62933
1.0,0.5828815,98.569374
1.0,0.5581541,85.95126
1.0,0.98459744,1788.429
1.0,0.51193637,171.82439
1.0,0.022471378,117.927986
1.0,0.41069177,1.7281416e+08
1.0,0.8211399,350.6374
1.0,0.37418574,123.415955
1.0,0.70946395,76.92297
1.0,0.75606567,160.8487
1.0,0.994829,215.67715
1.0,0.21718273,185.5165
1.0,0.75421387,72.58044
1.0,0.787442,2179.1978
1.0,0.67207605,73.45601
1.0,0.5796731,214.11859
1.0,0.56822217,193.60019
1.0,0.8616951,66.83612
1.0,0.46702948,4421.147
1.0,0.70909595,101.38207
1.0,0.5207725,4533.1016
1.0,0.9337982,95.75377
1.0,0.7747975,486.04877
1.0,0.42821804,333.17703
1.0,0.42821804,333.17703
1.0,0.6733487,214.48247
1.0,9.76534e-07,137.63249
1.0,8.126406e-09,449.04993
1.0,0.4429656,10461.712
1.0,0.8890763,107.92044
1.0,0.12448326,77.89666
1.0,0.71146095,133.41577
1.0,0.6029425,273.5874
1.0,0.82434005,168.57552
1.0,0.9412465,679375.56
1.0,0.09409705,173.09103
1.0,0.9282582,180.87244
1.0,0.83929604,170.24182
1.0,0.73134273,184.78436
1.0,0.9091174,8.2898505e+11
1.0,0.8876172,152.7073
1.0,0.7796298,1.9386926e+06
1.0,0.53480464,2.2587914e+10
1.0,0.6668968,225.87715
1.0,0.92950255,370.96735
1.0,0.8041368,97.36029
1.0,0.4895524,77.5129
1.0,0.40172344,434.64
1.0,0.38931784,4410.345
1.0,0.6267626,157.01683
1.0,0.84283197,149.27231
1.0,0.684424,79.50257
1.0,0.53461856,129.91246
1.0,0.997109,454.37152
1.0,0.42451188,76.681145
1.0,0.9613536,109.58439
1.0,0.6380882,260.48297
1.0,0.8040105,94.26588
1.0,0.9066699,107.17269
1.0,0.6378088,183.1323
1.0,0.5617379,104.71297
1.0,0.8962467,193.66418
1.0,0.3699537,726.5877
1.0,0.41386533,103.08161
1.0,0.5707695,4.1652797e+08
1.0,0.44376633,7426.412
1.0,0.15507117,180.22995
1.0,0.6840257,147.07928
1.0,0.9818688,123.50013
1.0,0.91409594,249.2138
1.0,0.7929669,134.57361
1.0,7.624237e-05,80.234474
1.0,0.006989302,101.88786
1.0,0.8115069,119.788445
1.0,0.6568119,13887.205
1.0,0.45495167,120.10642
1.0,0.84510946,1.8060395e+08
1.0,0.74750614,80.90612
1.0,0.8781119,791.5998
1.0,0.490963,121.638374
1.0,0.99891067,334.49234
1.0,0.8609675,221.62961
1.0,0.060404953,279.3403
1.0,0.3618595,70.6143
1.0,0.21014853,75.08256
1.0,0.01988274,112.77422
1.0,0.019882753,112.77422
1.0,0.47760105,89.85936
1.0,0.8423489,173.30013
1.0,0.98831034,222.33203
1.0,0.89167476,177.01018
1.0,0.9813906,90.74402
1.0,0.7116967,68.92437
1.0,0.9675432,63982.367
1.0,0.5632184,175.9465
1.0,0.28306758,80.861626
1.0,0.88942677,4685.3447
1.0,0.9724063,213.0517
1.0,0.51785415,102.21605
1.0,0.7624977,88.555046
1.0,0.50398284,69.45014
1.0,0.8921237,1429.64
1.0,0.7084815,126.633286
1.0,0.96405435,265.7808
1.0,0.7638014,495.09802
1.0,0.8841648,101.10867
1.0,0.4479038,106.66105
1.0,0.91239935,96.0113
1.0,0.4752173,87.3066
1.0,0.9336924,163.374
1.0,0.7033869,183.51744
1.0,0.92609966,21872.797
1.0,0.96023726,1829.5804
1.0,0.34697655,157.22488
1.0,0.46165156,2000.0381
1.0,0.98908037,209.0006
1.0,0.49187884,107.82806
1.0,0.4993502,1.4858603e+08
1.0,0.5066735,130.0032
1.0,0.7871486,97.53011
1.0,0.6428505,138.12897
1.0,0.461518,10183.462
1.0,0.9033662,5948.8384
1.0,0.72002596,297.52313
1.0,0.4271951,554.56476
1.0,0.39008167,163.1389
1.0,0.48661166,95.34295
1.0,0.46103048,2224.7073
1.0,0.9994306,278.5015
1.0,0.84215117,72.98948
1.0,0.92215663,158.2645
1.0,0.4479265,3280.9873
1.0,0.74535894,72.83742
1.0,0.89068544,137.15543
1.0,0.84315246,200860.1
1.0,0.42007127,351.5805
1.0,0.5942014,88.15756
1.0,0.8678388,65.18116
1.0,0.77681506,1715.6696
1.0,0.8833046,3317.5593
1.0,0.91647077,7.579101e+06
1.0,0.838187,25261.723
1.0,0.0051355995,119.31838
1.0,0.45939812,489.28226
1.0,0.9997776,83.87401
1.0,0.5423649,115.23799
1.0,0.9973152,222.44533
1.0,0.58456945,94.8969
1.0,0.7018556,128.0773
1.0,0.0696241,9.194662e+07
1.0,0.99655557,307.74878
1.0,0.67148817,1041.2145
1.0,0.8237421,139.9899
1.0,0.45106542,117.337166
1.0,0.98963076,1.8767958e+07
1.0,0.9361756,295001.88
1.0,0.6335645,134.0983
1.0,0.9572665,28304.947
1.0,0.50142586,1.4846536e+09
1.0,0.7516081,83.737595
1.0,0.90694,135022.58
1.0,0.90694,135022.58
1.0,0.4566728,71.35114
1.0,0.6077855,83.170044
1.0,0.31352708,1.8093818e+08
1.0,0.8545118,299.43274
1.0,0.93882877,76.170334
1.0,0.6198549,131.93439
1.0,0.88345087,76.66414
1.0,0.99015665,128.25603
1.0,0.123631954,129.35068
1.0,0.6185613,183.66267
1.0,0.41998443,72.25234
1.0,0.75642985,98.56196
1.0,0.50057006,132.21753
1.0,0.5834636,81.360565
1.0,0.42986017,182.15588
1.0,0.999995,403.6591
1.0,0.06924548,82.1997
1.0,0.5737817,89.92473
1.0,0.36764425,93.11617
1.0,0.960559,139.57275
1.0,0.80159897,86.192245
1.0,0.47927213,71.53733
1.0,0.5739392,103.95862
1.0,0.49016297,69.55553
1.0,0.70805377,72.870674
1.0,0.24978459,132.55351
1.0,0.478537,268.75177
1.0,0.99996567,34148.523
1.0,0.7008282,77.752655
1.0,0.5258972,66.814186
1.0,0.83849144,111.51542
1.0,0.9999999,91.410065
1.0,0.9812066,331.2331
1.0,0.29925743,70.65911
1.0,0.18056653,101.44326
1.0,0.98135376,137.60484
1.0,0.05897391,110.55379
1.0,0.4521698,83.371414
1.0,0.11307407,462.21298
1.0,0.9999981,6789.8335
1.0,0.40079305,78.99961
1.0,0.48028126,171.31389
1.0,0.11592584,92.978004
1.0,0.63977623,70.49429
1.0,0.27844205,122.05994
1.0,0.5843324,86.19649
1.0,0.13794114,79.9789
1.0,0.29842317,81.184555
1.0,0.5722933,99.81473
1.0,0.65704924,4.632601e+10
1.0,0.84837556,65.804146
1.0,0.53199,140.50714
1.0,0.18498307,105.02708
1.0,0.38669434,154.94273
1.0,0.59290797,90.817085
1.0,0.54091656,78.222466
1.0,0.23560975,303.764
1.0,0.2820967,100.95342
1.0,0.08701126,175.60973
1.0,0.5100736,65.28184
1.0,1.0,131.39005
1.0,0.22809218,78.107765
1.0,0.57588404,639.9575
1.0,0.6545423,77.4579
1.0,0.3301977,243.25948
1.0,0.34492257,69.11889
1.0,0.50232804,76.61525
1.0,0.49604377,207.0896
1.0,0.42998272,69.175064
1.0,0.18462524,380.9789
1.0,0.3269836,84.139786
1.0,0.13448305,169.61511
1.0,0.5289047,274.544
1.0,0.59365934,75.94036
1.0,0.5469826,100.81386
1.0,0.4105892,946.2207
1.0,0.6231225,66.412506
1.0,0.63859826,142.30829
1.0,0.95361555,102.642624
1.0,0.6198928,97.78689
1.0,0.5742519,87.19598
1.0,0.51519346,379.17633
1.0,0.45565018,79.21428
1.0,0.5618344,78.99683
1.0,0.5300836,80.3274
1.0,0.32353926,67.79328
1.0,0.19592468,101.71534
1.0,0.96724933,72.20947
1.0,1.0,684.5112
1.0,0.5441089,65.04634
1.0,0.6168926,76.013016
1.0,0.82698417,88.54265
1.0,0.253728,170.58347
1.0,0.33014292,104.86276
1.0,0.37175208,65.19232
1.0,0.5336112,65.80512
1.0,0.5847,86.38301
1.0,0.9548827,138.10266
1.0,0.6975268,104.57096
1.0,0.5620647,132.27205
1.0,0.99399334,314.35513
1.0,0.5337764,109.29072
1.0,0.9082496,697.2998
1.0,0.77724934,66.54537
1.0,0.3661593,12626.946
1.0,0.21804228,71.821045
1.0,0.10004692,73.10519
1.0,0.41108423,82.508766
1.0,0.93616915,267.6331
1.0,0.0028917387,85.776596
1.0,0.68430257,66.41027
1.0,0.6008997,101.96609
1.0,0.99419856,1727.8325
1.0,0.9999049,84.122
1.0,0.6374508,94.42499
1.0,0.7514409,70.767555
1.0,0.297953,145.37259
1.0,1.0,121.361565
1.0,0.6264061,424.32016
1.0,1.0,170.0369
1.0,0.38122633,68.25339
1.0,0.37712118,142.64783
1.0,0.6158294,80.76115
1.0,0.14459099,68.36723
1.0,0.93245816,190.11693
1.0,0.67722875,97.16892
1.0,0.84867245,173.3278
1.0,0.32848528,76.405075
1.0,0.3709156,140.04955
1.0,0.57020766,368.05984
1.0,0.59574574,108.217255
1.0,0.9999784,65.46976
1.0,0.9956013,78.253265
1.0,0.54470867,78.025826
1.0,0.668513,82.9818
1.0,0.26683685,106.94676
1.0,0.34112152,71.5716
1.0,0.982578,99.28364
1.0,0.4000004,114.16664
1.0,0.3263298,89.40941
1.0,0.6264926,211.94266
1.0,0.26389605,110.399796
1.0,0.4242113,105.69177
1.0,0.4649014,82.617455
1.0,0.99543756,681.7518
1.0,1.0,1574.2354
1.0,0.3343321,113.26898
1.0,0.52683085,350.46362
1.0,1.0,451.5313
1.0,0.52439696,83.3949
1.0,0.17884636,71.03839
1.0,0.2470021,523.8924
1.0,0.8659164,3049.386
1.0,0.12674977,79.35436
1.0,0.5561274,477.74313
1.0,0.51318145,166.13382
1.0,0.58647436,79.178276
1.0,0.28030586,127.961555
1.0,0.45618653,155.3514
1.0,0.3837316,111.95775
1.0,0.32066673,67.522285
1.0,1.0,15666.227
1.0,0.17997442,73.6373
1.0,0.9780592,82.635826
1.0,0.99946576,86.96403
1.0,0.8856005,74.77735
1.0,0.3260132,75.69154
1.0,0.59991413,74.29368
1.0,0.8503966,72.80112
1.0,0.4361548,250.14397
1.0,0.99998045,224.18175
1.0,0.2992103,75.90993
1.0,0.9937902,101.03204
1.0,0.4430662,101.86404
1.0,0.93221754,93.2695
1.0,0.4861611,130.2044
1.0,0.99991083,1992.8286
1.0,0.56327426,109.612785
1.0,0.5353759,75.923515
1.0,0.9999987,71.6768
1.0,0.716874,237.8324
1.0,0.5631706,80.9168
1.0,0.9962625,118.41597
1.0,0.5150758,225.4354
1.0,0.6986541,81.7833
1.0,0.58696306,81.41758
1.0,1.0,1523.1531
1.0,0.30365354,76.59557
1.0,0.3829825,378.9649
1.0,0.15423194,65.728874
1.0,0.6137961,111.286385
1.0,0.5368133,94.574554
1.0,0.42350563,156.1344
1.0,0.28321773,1.6614768e+06
1.0,0.5480358,86.39278
1.0,0.11442594,93.55314
1.0,0.16703689,98.73122
1.0,1.0,71804.65
1.0,0.6364167,464.58725
1.0,0.9707118,78.55596
1.0,0.8607792,99.07918
1.0,0.5733414,71.21692
1.0,0.8180245,72.29904
1.0,0.9571274,218.47235
1.0,0.5741707,66.61425
1.0,0.26995263,72.607834
1.0,0.99040157,97.38678
1.0,0.6174586,89.32873
1.0,0.9741211,924.5953
1.0,0.27392086,117.158485
1.0,0.5706328,65.519646
1.0,0.50595725,78.43898
1.0,0.34553468,138.12943
1.0,0.6967113,310.2124
1.0,0.9527599,1117.8223
1.0,0.27918622,109.39288
1.0,0.4824304,109.992485
1.0,0.9658174,718.62695
1.0,0.6620015,67.562996
1.0,0.83072877,115.714966
1.0,0.48952842,68.88112
1.0,0.6725405,131.01888
1.0,0.9928763,65.77112
1.0,0.99999976,239.37411
1.0,0.3394851,117.30664
1.0,0.5981846,71.28997
1.0,0.4818426,78.85747
1.0,0.99894565,1619.7584
1.0,0.1425542,247.9986
1.0,0.05779642,72.3227
1.0,1.0,255.71815
1.0,1.0,354.37924
1.0,0.27806318,74.302895
1.0,0.49742836,98.23121
1.0,0.60116506,123.73792
1.0,0.5802975,69.5686
1.0,0.7160351,392.4373
1.0,0.11391317,69.363914
1.0,0.6104268,97.32989
1.0,1.0,9711.09
1.0,0.4807201,74.49954
1.0,0.47588772,70.62035
1.0,0.39854345,90.39767
1.0,0.61880267,118.09099
1.0,0.93025297,67.73597
1.0,0.55877405,106.291916
1.0,0.0907266,264.5982
1.0,0.564151,78.20882
1.0,0.89690727,112.72248
1.0,0.45054156,86.795235
1.0,0.06288982,98.502785
1.0,0.98009115,90.780495
1.0,0.97855777,99.24811
1.0,0.4608204,101.52098
1.0,0.9999896,76.13375
1.0,0.9312198,261.8121
1.0,0.7422831,105.31726
1.0,0.9215069,267.74875
1.0,0.66711813,91.58084
1.0,0.30880672,67.87394
1.0,0.4663158,72.630936
1.0,0.38317734,263.50638
1.0,0.54452527,75.629036
1.0,0.6711178,341.1255
1.0,0.4836661,100.09546
1.0,0.46154216,68.1412
1.0,0.061654177,74.0017
1.0,0.2924937,78.73224
1.0,0.20168735,128.92632
1.0,0.18898746,179.54459
1.0,0.5779408,87.794975
1.0,0.80775994,78.29697
1.0,0.5193904,92.180046
1.0,0.47575092,132.10397
1.0,0.7166672,201.3338
1.0,0.62820023,76.31172
1.0,0.6124898,65.744965
1.0,0.6043454,75.03401
1.0,0.7855832,191.47356
1.0,0.35873443,69.09187
1.0,0.38174736,65.05666
1.0,0.74563044,73.82608
1.0,0.7001443,144.4527
1.0,0.77925986,159.87099
1.0,0.17330097,237.989
1.0,0.22084692,70.82385
1.0,0.9994042,348.88412
1.0,0.65454847,86.4425
1.0,0.6049994,69.09468
1.0,0.99851066,668.6655
1.0,0.23793721,73.43523
1.0,0.24825253,93.83001
1.0,0.6764596,168.9268
1.0,0.33373395,165.01976
1.0,0.99999845,2976.29
1.0,0.4433266,89.61051
1.0,0.99999106,147.07104
1.0,0.31807408,67.06882
1.0,0.3140963,132.29892
1.0,0.99963033,166.65578
1.0,0.40241802,71.63432
1.0,0.64943695,91.63616
1.0,0.99999976,5264.7134
1.0,0.99995875,476.9504
1.0,0.23629059,73.79999
1.0,0.32348445,72.72502
1.0,0.61552125,111.58094
1.0,0.38442016,69.464645
1.0,0.99725455,103.1445
1.0,0.9999914,2415.2585
1.0,0.86050767,98.45402
1.0,0.030490525,88.31756
1.0,0.5388107,78.12998
1.0,0.6634738,67.8655
1.0,0.09739743,92.90555
1.0,0.6410225,118.411156
1.0,0.5102571,65.48691
1.0,0.4159433,73.691444
1.0,0.99991417,305.2436
1.0,0.10067945,67.474724
1.0,0.5390358,86.32219
1.0,0.5119155,77.64578
1.0,0.50135094,90.179596
1.0,0.98738366,218.5496
1.0,0.99998,4052.9736
1.0,0.99998,4052.9736
1.0,0.6857839,111.20968
1.0,0.5245329,112.178925
1.0,0.99999225,1456.8088
1.0,0.52954996,716.204
1.0,0.65016496,737.9784
1.0,0.99790704,1307.8044
1.0,0.6986357,65.885086
1.0,0.8481717,301.00357
1.0,0.32010797,80.482994
1.0,0.7901047,66.33942
1.0,0.5192805,133.46764
1.0,1.0,1964.4977
1.0,0.99619055,1072.4731
1.0,0.13121305,118.49498
1.0,0.9999999,2170.4736
1.0,0.15880322,95.42155
1.0,0.3550503,118.9091
1.0,0.999129,523.786
1.0,0.99999785,3449.2468
1.0,0.6109722,122.17786
1.0,0.010019505,132.3848
1.0,0.9921319,154.27365
1.0,0.6987291,110.75814
1.0,0.5920824,68.40767
1.0,0.31567395,79.048615
1.0,0.4904843,145.05864
1.0,0.38486993,98.92352
1.0,0.5793098,493.72083
1.0,0.9971011,82.59471
1.0,0.7941951,119.6057
1.0,0.3367569,128.81128
1.0,0.68095386,183.33981
1.0,0.93291163,76.088104
1.0,0.60880786,78.647484
1.0,0.5569219,127.185005
1.0,0.68335956,93.234
1.0,0.46615082,81.785255
1.0,0.6570543,78.83883
1.0,0.5420901,88.777
1.0,0.9987985,72.15713
1.0,0.99975187,97.50571
1.0,0.57310396,85.51384
1.0,0.8643699,84.934586
1.0,0.3998051,105.45362
1.0,0.6177935,113.35707
1.0,0.7110442,67.97294
1.0,0.23664817,138.25475
1.0,0.92125064,96.27338
1.0,0.13976017,230.23706
1.0,0.54571486,71.88051
1.0,0.99880517,86.95782
1.0,0.92629844,79.26339
1.0,0.547995,75.8462
1.0,0.52721876,65.00053
1.0,0.52721876,65.00053
1.0,0.9566463,1643.0645
1.0,0.32077864,87.64903
1.0,0.6435869,606.0359
1.0,0.22970746,68.07203
1.0,0.99952626,94.0431
1.0,0.6601833,127.04251
1.0,0.6315716,165.16151
1.0,0.21753281,81.99808
1.0,0.9990646,1460.0001
1.0,0.999448,2706.0579
1.0,0.51795655,154.69618
1.0,0.7983223,291.2509
1.0,0.6132428,91.58612
1.0,0.9999244,16911.137
1.0,0.08042626,133.27274
1.0,0.21684717,85.303314
1.0,0.9999546,12659.749
1.0,0.14333916,225.33702
1.0,0.47897604,115.909706
1.0,0.53755146,68.46245
1.0,0.6815992,209.60014
1.0,0.45812535,94.29217
1.0,0.9999814,1223.2335
1.0,0.40282384,73.35977
1.0,0.4544921,66.285934
1.0,0.82610214,67.75241
1.0,0.7265648,86.83164
1.0,0.9999999,236.50696
1.0,0.82117826,93.04701
1.0,0.6556693,72.477394
1.0,0.5719827,80.356575
1.0,0.54267037,66.31092
1.0,0.42403585,98.669426
1.0,0.8026699,107.598564
1.0,0.97913647,331.70712
1.0,0.45269078,181.03972
1.0,0.99923885,128.23335
1.0,0.99999213,534.49677
1.0,0.9833629,151.87393
1.0,0.6970325,3.9305456e+07
1.0,0.9827543,1962.456
1.0,0.99998903,84.613556
1.0,0.6063314,149.08167
1.0,0.42817655,93.334785
1.0,1.0,223.05614
1.0,0.38199246,148.73831
1.0,0.69210327,172.52478
1.0,0.58368844,18296.99
1.0,0.9997603,92.76662
1.0,0.7649308,131.08586
1.0,0.9998274,5663.1733
1.0,0.43480438,73.66329
1.0,0.49519464,103.45794
1.0,0.5239581,155.94456
1.0,0.6066541,102.233955
1.0,0.51814175,77.9902
1.0,0.5277921,88.770546
1.0,0.41374397,128.24948
1.0,0.44676822,102.69081
1.0,0.4224006,135.36316
1.0,0.9661203,221.26782
1.0,0.49831212,106.87258
1.0,0.6073135,510.5422
1.0,0.59795696,93.77051
1.0,0.46767867,190.59712
1.0,0.38552353,80.26432
1.0,0.45893186,69.546036
1.0,0.15604934,75.65227
1.0,0.07986268,73.71641
1.0,0.9999993,389.96667
1.0,0.6281247,70.0101
1.0,1.0,12156.908
1.0,0.61364067,66.24439
1.0,0.990337,373.3086
1.0,0.787377,102.7863
1.0,0.5452819,67.16517
1.0,0.9998185,6467.34
1.0,0.24138896,205.50813
1.0,0.4113693,65.00454
1.0,0.56377226,86.900055
1.0,0.9992716,78.15411
1.0,0.5275943,91.641464
1.0,0.37075678,5321.1626
1.0,0.33551338,232.03392
1.0,1.0,78.40738
1.0,0.52849954,84.39028
1.0,0.22354084,143.80539
1.0,0.9999995,5948.9395
1.0,0.5061992,783.6044
1.0,0.12341556,66.5733
1.0,0.5000226,79.31817
1.0,0.46154216,87.467674
1.0,0.31885493,68.94301
1.0,0.35060477,657.2815
1.0,0.018520292,74.86164
1.0,0.06734022,83.860886
1.0,0.51313424,79.13964
1.0,0.44206408,2388.447
1.0,0.5374743,72.026146
1.0,0.5250029,257.2672
1.0,0.47135156,185.19434
1.0,0.332918,71.22145
1.0,0.500998,93.5894
1.0,0.53160334,67.183464
1.0,0.39762247,165.49216
1.0,0.5268294,66.38222
1.0,0.9997843,22413.621
1.0,0.99999,997.7736
1.0,0.46238822,120.46248
1.0,3.5529606e-06,69.48095
1.0,0.9999987,7978.864
1.0,0.49618143,69.38436
1.0,0.70669085,70.13166
1.0,0.99259865,1578.3674
1.0,0.5861548,86.83853
1.0,0.88777876,155.27321
1.0,0.6712692,204.66373
1.0,1.0,11542.699
1.0,0.3491766,248.76315
1.0,0.30889547,98.13856
1.0,0.06377204,392.61725
1.0,0.768974,67.05231
1.0,0.6924208,79.79306
1.0,0.62172914,89.746666
1.0,0.8497212,433.17078
1.0,0.4657983,67.21205
1.0,0.19286112,113.493065
1.0,0.9998913,40720.777
1.0,0.4670125,83.32337
1.0,0.32908335,75.80907
1.0,0.43316144,133.17671
1.0,0.20508237,175.01523
1.0,0.6003324,103.04891
1.0,0.9996,76.19103
1.0,1.0,2555.8062
1.0,0.52614564,75.603424
1.0,0.6748046,109.897964
1.0,0.3499849,138.68448
1.0,0.9796214,154.10175
1.0,0.77361697,131.39163
1.0,0.033581417,435.36407
1.0,0.22481754,105.98455
1.0,0.71826595,69.36719
1.0,0.48659536,105.927605
1.0,0.5288808,72.09417
1.0,0.6029639,215.68402
1.0,0.80521643,67.084984
1.0,0.44722298,141.71687
1.0,0.58821636,153.91159
1.0,1.0,107.00185
1.0,0.338749,75.95474
1.0,0.46963653,171.68248
1.0,0.92160976,234.9855
1.0,0.32806262,91.86378
1.0,0.61805344,123.5324
1.0,0.046153784,72.12885
1.0,1.0,23149.09
1.0,0.5335319,70.205086
1.0,0.5530326,91.69733
1.0,0.41868782,82.19686
1.0,0.99980825,90.701836
1.0,0.3274984,86.030716
1.0,0.46883482,71.27089
1.0,0.569176,88.431915
1.0,0.32070923,83.201584
1.0,0.9999988,1219.6173
1.0,0.65063715,73.48025
1.0,0.42068118,103.474075
1.0,0.47966373,102.655136
1.0,0.52986753,358.33154
1.0,0.44206002,77.403984
1.0,0.6096603,88.68433
1.0,0.44888172,74.86499
1.0,0.18684368,68.81129
1.0,0.39199308,170.27621
1.0,0.40533918,91.238625
1.0,0.49392483,449.27505
1.0,0.54689145,225.579
1.0,0.1219275,71.164215
1.0,0.6559417,79.4916
1.0,0.50974447,67.848175
1.0,0.5587921,97.05526
1.0,0.5428102,82.06633
1.0,0.44827625,145.47997
1.0,0.52090627,72.52289
1.0,0.33297306,163.23781
1.0,0.8360158,552.65216
1.0,0.54607034,120.49561
1.0,0.9559142,90.1398
1.0,0.94569236,2461.1147
1.0,0.3230768,265.15515
1.0,0.65614563,69.013176
1.0,0.50837886,228.61546
1.0,0.99143255,320.31256
1.0,0.14426173,252.4043
1.0,0.21413627,122.50703
1.0,0.6451888,92.74824
1.0,0.41623363,434.51932
1.0,0.44574448,120.43153
1.0,0.59854287,108.47242
1.0,0.2773109,81.58505
1.0,0.847168,155.83879
1.0,0.7788142,325.6498
1.0,0.61261684,76.09627
1.0,0.65565354,162.32745
1.0,0.95964915,122.732735
1.0,0.9294868,105.89348
1.0,0.9999958,495.0347
1.0,0.6575837,93.311806
1.0,0.996332,1541.4761
1.0,0.34562925,233.95511
1.0,0.3377853,92.16312
1.0,0.07593982,220.44336
1.0,0.1871112,70.840515
1.0,0.99999845,119.362015
1.0,0.3664182,93.89004
1.0,0.9999981,3311.242
1.0,0.6108436,110.883896
1.0,0.4977218,102.541756
1.0,0.47005188,123.59651
1.0,0.46642816,114.21134
1.0,0.058253977,157.36105
1.0,0.49627265,70.75334
1.0,1.0,1179.1471
1.0,0.29620063,181.77968
1.0,0.9294434,92.8276
1.0,0.26990166,87.96141
1.0,0.5288712,85.508675
1.0,0.99998975,193.75606
1.0,0.98907673,115.693375
1.0,0.99927086,375.5759
1.0,0.9504598,79.20441
1.0,0.9946108,89.97914
1.0,0.56469035,66.05443
1.0,0.59368026,74.14093
1.0,0.90341026,271.19318
1.0,0.7178153,98.71326
1.0,0.16293615,70.828926
1.0,0.4994508,65.03813
1.0,0.36195287,71.4162
1.0,0.28064162,72.419685
1.0,0.7622721,143.04031
1.0,0.59509045,70.289444
1.0,0.55147785,65.18567
1.0,0.5303088,67.63937
1.0,0.9999926,801.9053
1.0,0.540284,89.59276
1.0,0.3462661,106.236786
1.0,0.77119637,171.78816
1.0,0.5197307,74.39771
1.0,0.6112112,82.1051
1.0,0.28085056,110.599495
1.0,0.5612205,90.282875
1.0,0.7181894,66.242485
1.0,0.9413327,100.76943
1.0,0.10379156,66.31738
1.0,0.05541177,399.3526
1.0,0.4685974,65.8439
1.0,0.5259748,244.62384
1.0,0.45528808,223.5157
1.0,0.448216,67.54421
1.0,0.17982867,1595.7515
1.0,0.81524897,150.33278
1.0,0.48210877,67.74986
1.0,0.6056585,66.108116
1.0,1.0,363.97607
1.0,0.37102696,262.19528
1.0,0.37102696,262.19528
1.0,0.4441499,91.89868
1.0,0.9999999,22397.385
1.0,0.30452642,204.9762
1.0,0.47189233,75.39503
1.0,0.785006,253.76604
1.0,0.43010998,66.78008
1.0,0.37125057,727.31604
1.0,0.28173473,67.61966
1.0,0.8508431,66.14478
1.0,0.2945477,851.7631
1.0,0.998353,85.6745
1.0,0.55296624,84.748856
1.0,0.5601924,106.92481
1.0,0.9567823,97.613434
1.0,0.48208433,82.18581
1.0,0.99998236,247.41753
1.0,0.46154216,83.923195
1.0,0.6205986,161.91795
1.0,0.5646048,80.20879
1.0,0.6538375,72.71488
1.0,0.9986779,112.553734
1.0,0.4052355,69.64952
1.0,0.50664693,86.60302
1.0,0.5840961,65.2029
1.0,0.6515705,65.66943
1.0,0.9136724,181.58847
1.0,0.4430987,332.19244
1.0,0.81142825,85.84514
1.0,0.34740165,175.73027
1.0,0.6949979,73.349144
1.0,0.9999809,96.23785
1.0,1.0,18056.666
1.0,0.6180913,77.83942
1.0,0.40362865,70.36525
1.0,0.9999989,165.73946
1.0,0.49227864,97.912025
1.0,0.609188,331.2411
1.0,0.7855516,5323.313
1.0,1.0,92.372925
1.0,0.68262565,71.730316
1.0,0.47539806,82.28689
1.0,0.7604023,89.24795
1.0,0.4956126,158.02817
1.0,0.94511414,257.51944
1.0,0.46673763,86.98652
1.0,0.33800218,97.35022
1.0,0.07767301,108.687904
1.0,0.39376274,203.59096
1.0,0.99996686,74.54031
1.0,1.0,151.88486
1.0,0.9999808,178.76956
1.0,0.6780706,83.890495
1.0,0.049500868,622.41974
1.0,1.0,184.22798
1.0,0.5515078,66.40839
1.0,0.99682486,922.11707
1.0,0.48349103,148.67448
1.0,0.84683734,319.8239
1.0,0.881404,72.9499
1.0,0.7116296,79.731514
1.0,0.39485395,67.45037
1.0,0.3564408,155.8068
1.0,0.9995153,519.21704
1.0,0.7495722,110.20905
1.0,0.64793915,104.038315
1.0,0.9879408,92.656784
1.0,0.42947134,94.0968
1.0,0.8845392,75.57284
1.0,0.32438028,120.031876
1.0,0.6835806,92.85751
1.0,0.48115894,387.11063
1.0,0.5464933,71.582565
1.0,0.559726,71.7809
1.0,0.8336974,463.27255
1.0,0.55492616,107.57234
1.0,0.67480993,72.51484
1.0,0.9937757,144.5675
1.0,0.014716509,166.25543
1.0,0.9999999,4417.884
1.0,0.60715836,124.95478
1.0,0.9958488,70.26977
1.0,0.9940798,1309.5812
1.0,0.33605427,123.04874
1.0,0.49051654,108.062965
1.0,0.9996878,268.27798
1.0,1.0,177.46019
1.0,0.81331813,65.27021
1.0,0.47823042,81.66705
1.0,0.59569144,69.11044
1.0,0.60338193,120.293365
1.0,0.5095302,256.59918
1.0,0.47404698,90.98398
1.0,1.0,399.22195
1.0,0.5167581,277.97055
1.0,0.46154216,88.17673
1.0,0.3964025,125.99816
1.0,0.32099792,69.4948
1.0,0.38534343,75.11554
1.0,0.46730348,298.42807
1.0,0.3845147,67.07188
1.0,0.7031393,80.80201
1.0,0.33713922,99.68358
1.0,0.7568081,115.10193
1.0,0.29056656,65.062325
1.0,0.9986607,102.14974
1.0,0.38520497,99.061775
1.0,0.83117706,168.48763
1.0,0.89365405,669.7467
1.0,0.039181057,219.31377
1.0,0.50211436,244.94582
1.0,0.72659254,97.87559
1.0,0.40568674,68.99098
1.0,0.43632713,117.792305
1.0,0.34342128,98.13142
1.0,0.98624784,168.83336
1.0,0.2968045,316.92294
1.0,0.99524117,464.58572
1.0,0.15970029,145.19736
1.0,0.19012354,102.58517
1.0,1.0,89.042915
1.0,0.27526549,134.02875
1.0,0.95822847,651.5227
1.0,0.67830074,75.310844
1.0,0.45085126,724.4592
1.0,0.622102,90.56673
1.0,0.9999857,163.18002
1.0,0.99404496,959.1518
1.0,0.47780982,65.75067
1.0,0.4645941,69.281136
1.0,0.99993956,1140.8795
1.0,0.47197318,66.08272
1.0,0.143938,107.17728
1.0,0.42337567,66.639565
1.0,0.2809221,67.71437
1.0,0.040400065,322.52206
1.0,0.42759115,94.31337
1.0,0.58482623,110.015495
1.0,0.9999932,1259.9642
1.0,0.5736504,244.03528
1.0,0.64800185,83.238884
1.0,0.5169963,94.16778
1.0,0.63881594,142.11241
1.0,0.552007,82.570114
1.0,0.9999999,122.372185
1.0,0.9960407,68.54328
1.0,0.64938337,68.456474
1.0,0.3564594,86.17675
1.0,0.18216152,96.287125
1.0,1.0,3254.9077
1.0,0.9999907,248.6183
1.0,0.5415034,75.27922
1.0,0.26447174,66.5125
1.0,0.43682852,86.24767
1.0,0.9999205,1178.324
1.0,0.45559257,66.98691
1.0,0.612298,79.71522
1.0,0.46955845,84.26251
1.0,0.44496003,99.82325
1.0,0.68969226,75.135956
1.0,0.39881036,66.32375
1.0,0.52420276,87.95695
1.0,0.99931884,108.00691
1.0,0.5241886,151.19586
1.0,0.9438578,367.2283
1.0,0.4524186,155.36624
1.0,0.6936832,75.15466
1.0,0.65021026,65.65523
1.0,0.91113067,93.17447
1.0,0.6082797,66.58255
1.0,0.99984074,1205.4615
1.0,0.52997375,742.0861
1.0,0.4656702,149923.4
1.0,0.9366188,154.90608
1.0,0.67405623,96.278824
1.0,0.5831091,4.3936705e+06
1.0,0.48800433,79.38092
1.0,0.1996141,76.17736
1.0,0.9998435,295.27814
1.0,0.4868939,87.796295
1.0,0.43656486,165.12589
1.0,1.0,375.0326
1.0,0.22845773,80.823814
1.0,0.46154216,126.28853
1.0,0.982787,520.7383
1.0,0.22059035,104.94759
1.0,0.508059,73.47769
1.0,0.98880297,144.60011
1.0,0.48142207,376.55078
1.0,0.94535184,570.65814
1.0,0.34413755,76.58809
1.0,0.46069458,548.39294
1.0,0.20048706,85.15712
1.0,0.9999865,1095.0536
1.0,0.8743153,77.170006
1.0,0.94923705,344.81165
1.0,0.44598383,96.56729
1.0,0.13071163,212.24922
1.0,0.5101472,109.79979
1.0,0.99988544,511.58957
1.0,0.8005992,167.38342
1.0,0.47059986,130.5403
1.0,0.97409207,303.58694
1.0,0.99998844,364.16333
1.0,0.28308892,84.38152
1.0,0.64630073,67.90373
1.0,0.60998505,144.96121
1.0,0.5658467,144.9379
1.0,0.7160449,79.58399
1.0,0.8919952,114.16984
1.0,0.8168628,232.37772
1.0,0.8494233,68.5484
1.0,0.33358896,72.02601
1.0,0.35815373,96.53048
1.0,0.22473481,134.50159
1.0,0.36221486,179.94176
1.0,0.6114432,113.39634
1.0,0.9825152,170.30818
1.0,0.8387059,69.600784
1.0,0.6936635,70.32385
1.0,0.4144942,101.24653
1.0,0.47809267,194.31467
1.0,1.0,102.38858
1.0,1.0,324.06546
1.0,0.42573804,71.946106
1.0,0.25069594,107.53189
1.0,0.9814135,187.26285
1.0,0.48051494,117.071686
1.0,0.85131437,89.53995
1.0,0.99927074,489.9373
1.0,0.08938943,119.09798
1.0,0.67530787,113.11078
1.0,0.38324803,350.21436
1.0,0.14778058,98.34288
1.0,0.5294886,203.4072
1.0,0.8793073,65.13418
1.0,0.99987364,959.93195
1.0,0.74249697,785.2951
1.0,0.6507881,79.95425
1.0,0.13444886,69.10443
1.0,0.5557085,70.50097
1.0,0.46154216,95.67905
1.0,0.35648853,66.29794
1.0,0.6095548,66.19048
1.0,0.9981432,476.0814
1.0,1.0,112.63909
1.0,0.4748886,69.324776
1.0,0.7749795,427.27478
1.0,0.88532615,82.59963
1.0,0.9999975,6475.2944
1.0,0.9999994,117.819664
1.0,0.8106145,102.05255
1.0,0.46652383,169.23247
1.0,1.0,17594.562
1.0,0.48979905,87.44818
1.0,0.7362988,146.81775
1.0,0.089995824,77.47755
1.0,0.76153916,77.12749
1.0,0.514848,65.23874
1.0,0.99992836,98.55885
1.0,0.5203287,91.64189
1.0,0.99536395,74.48934
1.0,0.2494248,69.42473
1.0,0.45822302,105.40084
1.0,0.6989761,99.13792
1.0,0.6600192,87.70896
1.0,0.4954879,114.053505
1.0,0.99465066,79.542496
1.0,0.2701168,538.2325
1.0,0.5563506,143.06844
1.0,0.55530447,72.6875
1.0,0.6098741,68.23935
1.0,0.7822636,246.72076
1.0,0.141012,88.55577
1.0,0.9998343,207.06891
1.0,0.4633121,69.445885
1.0,0.9992009,3087.767
1.0,0.41606435,83.22337
1.0,0.40656337,68.82623
1.0,0.42757004,67.3844
1.0,0.53633475,149.9732
1.0,0.42150387,107.680466
1.0,0.45175773,90.322266
1.0,0.45163885,172.86778
1.0,1.0,84.529564
1.0,0.99982566,67.67352
1.0,0.417549,83.72757
1.0,0.5549853,74.22797
1.0,0.49762282,2058.2856
1.0,0.96988386,324.89038
1.0,0.5954461,142.64117
1.0,0.6641732,99.792755
1.0,0.39675322,180.86986
1.0,0.49823985,93.64195
1.0,0.26871398,568.7872
1.0,0.98727524,370.55194
1.0,0.5580012,120.145134
1.0,0.67140913,225.52489
1.0,0.13783672,75.72214
1.0,0.36896646,138.97325
1.0,0.99744546,81.37868
1.0,0.43604365,117.18222
1.0,0.89551944,68.716515
1.0,0.13069132,161.8945
1.0,0.28401995,167.03883
1.0,0.6403741,1040.0697
1.0,0.7189752,279.49585
1.0,0.46154216,68.26768
1.0,0.57405883,80.51276
1.0,0.11444614,160.30365
1.0,0.53607166,118.161934
1.0,0.42380267,254.714
1.0,0.9974632,67.969376
1.0,0.98687047,370.9478
1.0,0.9773171,136.63708
1.0,0.8947036,78.9612
1.0,0.90635574,144.57964
1.0,0.3830353,123.206505
1.0,0.7146024,143.94472
1.0,0.5929622,92.122345
1.0,0.60629654,291.90875
1.0,0.21171343,106.65302
1.0,0.83545995,101.27905
1.0,0.112838216,111.796585
1.0,0.96806484,153.98242
1.0,0.18455188,90.48202
1.0,0.2106267,77.580635
1.0,0.43108088,95.90526
1.0,0.999966,123.1399
1.0,0.066491455,145.01804
1.0,0.564928,80.66911
1.0,0.7624887,90.46101
1.0,0.99628925,78.51108
1.0,0.7731662,72.42175
1.0,0.9999994,358.58502
1.0,1.0,85.41423
1.0,0.48937935,69.92591
1.0,1.0,317.7759
1.0,0.514071,73.39256
1.0,0.99999726,129.94748
1.0,1.0,118.44828
1.0,0.55923325,68.041374
1.0,0.15120618,117.03043
1.0,0.2510601,214.09227
1.0,0.57735324,73.92255
1.0,0.9988452,100.22864
1.0,0.7592638,15448.766
1.0,0.3949345,80.69467
1.0,0.99981874,229.27618
1.0,0.25424284,72.68872
1.0,0.54744697,68.58433
1.0,0.9977323,253.16978
1.0,0.5302114,71.33035
1.0,0.8316495,160.99057
1.0,0.1002878,75.94065
1.0,0.4504412,97.41036
1.0,0.95839775,96.74571
1.0,0.20847231,97.43108
1.0,0.37508944,76.77419
1.0,0.7293228,737271.8
1.0,0.99999905,6905.532
1.0,0.9263179,367.0568
1.0,0.67936665,118.74563
1.0,0.65711194,69.66084
1.0,0.7027126,68.726234
1.0,0.4229263,125.80201
1.0,0.82394814,97.8328
1.0,0.99859065,76.06399
1.0,0.98796684,106.736725
1.0,0.9453134,346.9398
1.0,0.99999964,5156.6484
1.0,0.8382626,102.320366
1.0,0.14611001,157.26598
1.0,0.99998856,11893.424
1.0,0.7822697,66.27655
1.0,0.39573503,67.289986
1.0,0.9990314,425.91998
1.0,0.58844084,77.4314
1.0,0.415766,70.125595
1.0,0.5500714,73.94249
1.0,0.221709,137.82393
1.0,0.36210355,121.16259
1.0,0.99999833,5003.2437
1.0,0.41154313,135.10101
1.0,0.43761232,82.45434
1.0,0.4277059,130.51765
1.0,0.5233134,68.18663
1.0,0.51379025,77.22048
1.0,0.99964917,374.9171
1.0,0.7962074,79.925064
1.0,0.5200791,94.71635
1.0,0.46348575,104.94978
1.0,0.9999995,182.4956
1.0,0.33334842,93.17184
1.0,0.7707765,102.252304
1.0,0.9977343,3130.238
1.0,0.33577973,93.874886
1.0,0.6033141,73.0689
1.0,0.4313426,75.445786
1.0,0.99877065,254.86339
1.0,0.4014654,354.62213
1.0,0.56579834,91.77604
1.0,1.0,13483.517
1.0,0.5121915,85.15018
1.0,0.56960326,78.49412
1.0,0.3524874,84.1432
1.0,0.99918765,188.5256
1.0,0.9648559,71.311104
1.0,0.4428471,168.58467
1.0,0.54018474,88.81988
1.0,0.26155138,87.35706
1.0,0.67213,94.56895
1.0,0.34704766,85.45583
1.0,0.04915472,113.91772
1.0,0.9804694,71.48932
1.0,0.66796947,131.5053
1.0,0.1987599,136.91972
1.0,0.38503772,146.03447
1.0,0.9202266,160.3319
1.0,0.3634024,215.77936
1.0,0.6059836,79.23176
1.0,0.5916931,86.07266
1.0,0.54608536,83.73442
1.0,0.99941504,532.281
1.0,0.5610928,365.80255
1.0,0.4109249,76.77223
1.0,0.8679333,1664.0326
1.0,0.5065279,135.09863
1.0,0.1547288,1.5218843e+12
1.0,0.94786584,259.88693
1.0,0.48461208,83.21375
1.0,0.4715262,88.51079
1.0,0.4390959,161.5345
1.0,0.4814246,79.823555
1.0,0.999987,185.47006
1.0,0.5827265,86.98611
1.0,0.41622388,96.79084
1.0,0.9999951,95.78763
1.0,1.0,3292.0962
1.0,1.0,101.67615
1.0,0.9698435,126.35524
1.0,0.3437965,116.15852
1.0,0.9999999,99.06047
1.0,0.9999994,931.71967
1.0,0.49721017,67.870476
1.0,0.18563034,115.98832
1.0,0.6100592,285.33978
1.0,0.9953301,958.5222
1.0,0.7716883,91.15699
1.0,0.99999905,32937.25
1.0,0.7800287,267.1393
1.0,0.83347416,7.322547e+07
1.0,0.25324056,636.93835
1.0,0.059825156,69.18756
1.0,0.47769657,84.599945
1.0,0.36299303,142.4525
1.0,0.9998715,498.71274
1.0,0.47438774,93.238304
1.0,0.17548275,178.39761
1.0,0.52551377,66.03547
1.0,0.9999975,1160.9484
1.0,1.0,4692.104
1.0,0.9931278,79043.43
1.0,0.60351175,80.09549
1.0,0.3949816,224.06732
1.0,0.37474164,189.44452
1.0,0.6862147,70.28043
1.0,0.9999994,25752.197
1.0,0.55870867,77.83181
1.0,0.72075444,106.96315
1.0,0.9721658,1837.6051
1.0,0.999374,90.757324
1.0,0.45764214,282.19348
1.0,0.5039832,98.9597
1.0,1.0,313.64938
1.0,0.42146295,88.23886
1.0,0.4541239,86.69823
1.0,0.99999964,401.72693
1.0,0.49822557,387.618
1.0,0.93284297,300.1516
1.0,0.5351504,74.818436
1.0,0.3313043,74.94583
1.0,0.6830074,65.33799
1.0,0.27230257,117.94334
1.0,0.37439403,91.251724
1.0,0.528256,72.03538
1.0,0.9999999,4950.893
1.0,0.31371054,75.60058
1.0,1.0,422.7567
1.0,0.6779451,94.41843
1.0,0.97706157,131549.19
1.0,0.5386427,122.894615
1.0,0.5083886,80.89009
1.0,0.12817162,422.1002
1.0,0.44820756,260.62473
1.0,0.99993455,232.18262
1.0,0.7899901,160.25903
1.0,0.99164224,3856.7095
1.0,0.5420041,97.0042
1.0,0.3939587,70.02877
1.0,0.54966617,121.00239
1.0,0.97201896,347.58835
1.0,0.9693626,65.401115
1.0,0.6915252,144.07524
1.0,0.61945575,65.52107
1.0,0.9819933,422.37534
1.0,0.6639714,340.7373
1.0,0.86449194,170.81128
1.0,0.24097468,107.81089
1.0,0.6045151,90.79537
1.0,0.6028339,120.668655
1.0,0.3027793,73.21256
1.0,0.5950534,124.220215
1.0,0.47134987,67.10499
1.0,0.6351592,71.34834
1.0,0.14352126,69.66271
1.0,0.47665957,135.30067
1.0,1.0,10006.523
1.0,0.9891885,267.8293
1.0,0.37232986,78.66845
1.0,0.0519463,85.81326
1.0,0.1147621,90.95971
1.0,0.28192276,80.82022
1.0,0.622626,264.52487
1.0,0.9999839,158.68095
1.0,0.6007533,265.86163
1.0,0.46910065,66.869514
1.0,0.4018644,76.66271
1.0,0.083500125,179.53
1.0,0.9415441,72.80266
1.0,0.7146028,68.906265
1.0,0.2977859,312.85162
1.0,0.15339395,94.04844
1.0,0.5668048,73.47065
1.0,0.99999714,80.95539
1.0,0.54749066,386.22714
1.0,0.66782635,65.6027
1.0,0.59554666,91.87543
1.0,0.41123167,89.61049
1.0,0.5215732,93.78531
1.0,0.6015047,66.97946
1.0,0.67893517,123.47491
1.0,0.23898117,95.178635
1.0,0.91326845,69.37031
1.0,0.7980365,66.44778
1.0,0.9999999,858.3338
1.0,0.3970455,115.98354
1.0,0.49131063,69.61393
1.0,0.99999964,369.10455
1.0,0.99978656,146.76512
1.0,0.17533372,69.36494
1.0,0.6661599,81.937065
1.0,0.2324879,163.47205
1.0,0.11563853,151.18964
1.0,0.56180173,125.53178
1.0,0.62756175,72.29209
1.0,0.48379228,65.56079
1.0,0.21451204,85.24036
1.0,0.3916317,141.30885
1.0,0.5954287,84.68538
1.0,0.5562064,85.87849
1.0,0.15194075,117.2944
1.0,0.5503798,101.72109
1.0,0.5875844,481.06818
1.0,0.42559212,254.74406
1.0,0.5564389,76.49854
1.0,0.13808289,119.88515
1.0,0.99910235,93.924736
1.0,0.5921046,76.9979
1.0,0.5572455,83.2456
1.0,0.12278679,89.17221
1.0,0.9999999,855.28156
1.0,0.3787305,66.91513
1.0,0.47301406,242.26195
1.0,0.9999999,104.16204
1.0,0.51060635,123.668655
1.0,0.32768118,101.74544
1.0,0.3468832,133.05664
1.0,0.2913144,74.4381
1.0,0.43312368,197.22684
1.0,0.5752817,87.61262
1.0,0.32066616,200.52802
1.0,0.046205137,299.2567
1.0,0.63709706,76.11599
1.0,0.99710315,2900.115
1.0,0.5808073,83.74969
1.0,0.6829444,83.785324
1.0,0.61854297,70.00849
1.0,0.17944911,74.22996
1.0,0.68942773,69.71117
1.0,0.67084754,499.11316
1.0,0.9957592,321.46835
1.0,0.6651655,82.552414
1.0,0.998166,65.12506
1.0,0.74355674,80.81942
1.0,0.5832568,99.1103
1.0,0.12203205,125.37661
1.0,0.83085865,471.02914
1.0,0.6588872,80.42092
1.0,1.0,152.53487
1.0,0.39018422,81.76301
1.0,0.72338074,108.69393
1.0,0.8061664,88.2509
1.0,0.24653313,81.52584
1.0,1.0,94.46416
1.0,0.62544703,158.16713
1.0,0.5893263,402.24884
1.0,0.56436217,193.71628
1.0,0.5118382,2264.105
1.0,0.58953923,211.19107
1.0,0.13575114,9197.363
1.0,0.99506193,333.0514
1.0,0.95998913,602.63495
1.0,0.45358768,202.96703
1.0,0.24384247,90.473076
1.0,0.013087926,180.85992
1.0,0.6530058,74.440285
1.0,0.4368767,71.8721
1.0,0.08122171,209.13017
1.0,0.9999615,1795.1454
1.0,0.21066272,67.94919
1.0,0.4121662,466.74307
1.0,0.55506766,66.099594
1.0,0.43295166,128.4314
1.0,0.541564,404.83795
1.0,0.47775626,148.58391
1.0,0.7966568,86.80676
1.0,0.8220899,65.65553
1.0,0.1873218,137.09882
1.0,0.4021358,92.61709
1.0,0.40213576,92.61709
1.0,0.44025257,74.64084
1.0,0.99999976,120.68508
1.0,0.19374175,93.239685
1.0,0.6008051,74.77834
1.0,0.6157361,235.04652
1.0,0.46198514,71.916504
1.0,0.9605952,1175.536
1.0,0.62501496,73.32986
1.0,0.99999976,92.10599
1.0,0.48279524,116.92409
1.0,0.99972636,742.8271
1.0,0.9999654,7936.371
1.0,0.5024553,581.8149
1.0,0.7963763,101.04475
1.0,0.7202107,80.35148
1.0,0.23917054,213.81424
1.0,0.49676487,90.68561
1.0,0.10930491,89.075264
1.0,0.2180755,707.7389
1.0,0.38831022,74.1993
1.0,0.5539625,81.86932
1.0,0.36108914,68.41606
1.0,0.73692995,66.62894
1.0,0.56478196,69.45399
1.0,0.9997429,66.57922
1.0,0.76048905,117.61183
1.0,0.2677207,72.36957
1.0,0.05695739,80.1793
1.0,0.44122794,91.29201
1.0,0.22020766,133.45064
1.0,0.9981609,119.80712
1.0,0.99698085,267.26443
1.0,0.9994604,170.73393
1.0,0.4263654,102.01155
1.0,0.3357233,118.28063
1.0,0.17197949,448.33463
1.0,0.43046117,105.80649
1.0,0.8469974,82.223236
1.0,0.52797616,94.26127
1.0,0.40710664,197.85342
1.0,0.9329947,124.4212
1.0,0.418547,81.35403
1.0,1.0,6086.4326
1.0,0.9999999,569.9268
1.0,0.48460826,110.043335
1.0,0.8250492,98.16097
1.0,0.45785785,204.13129
1.0,0.37399775,94.38391
1.0,0.6173972,79.308914
1.0,1.0,80.72648
1.0,0.65698284,112.757515
1.0,0.48089847,109.2816
1.0,0.9999782,2156.1296
1.0,0.47357717,67.96113
1.0,0.6356468,66.362724
1.0,0.57432485,94.9672
1.0,0.99999547,466.1971
1.0,0.49009287,71.731995
1.0,0.6736816,288.80148
1.0,0.71158385,115.25836
1.0,0.99492234,103.66722
1.0,0.4328349,278.97754
1.0,0.31863865,178.32632
1.0,0.9998222,2.7862845e+06
1.0,0.5980655,1316.3182
1.0,0.64987123,67.56778
1.0,0.55213463,79.32194
1.0,0.35564083,100.004395
1.0,0.99970454,112.687645
1.0,0.19429325,257.4875
1.0,0.605987,65.428474
1.0,0.15541859,271.67285
1.0,0.45675972,70.87257
1.0,0.39941394,79.46945
1.0,1.0,1952.2468
1.0,0.99608177,99.40133
1.0,0.916417,74.04998
1.0,0.23800181,195.3349
1.0,0.33786702,162.29787
1.0,0.6317225,203.58269
1.0,0.70596343,67.19641
1.0,0.4997261,117.47987
1.0,0.69849306,69.951195
1.0,0.15780455,343.65057
1.0,0.9976901,104.10048
1.0,0.6499834,102.41742
1.0,1.0,1059.0668
1.0,0.402604,76.28709
1.0,0.44974607,71.93723
1.0,0.4925755,151.27216
1.0,0.5848663,89.02151
1.0,0.7143807,7066.4795
1.0,0.99982256,2115.0017
1.0,0.8849241,73.890656
1.0,0.17551287,210.61484
1.0,0.45181602,85.58652
1.0,0.736776,69.51697
1.0,0.46472695,240.10074
1.0,0.6549717,121.35531
1.0,0.45946354,105.68371
1.0,0.03956742,253.85925
1.0,0.56376123,369.48325
1.0,0.36148894,76.12882
1.0,1.0,215.38643
1.0,0.999956,1.1222013e+07
1.0,0.77952665,105.13691
1.0,0.8187888,82.82799
1.0,0.5935356,77.260254
1.0,0.4595292,71.797905
1.0,0.9755068,107.20576
1.0,0.3926879,71.213806
1.0,0.20382205,90.66119
1.0,0.3530896,90.28285
1.0,0.43013322,211.1767
1.0,0.9992101,75.7414
1.0,0.34425953,95.19303
1.0,0.6483272,114.959656
1.0,0.60221255,77.166405
1.0,0.8938283,7.332733e+07
1.0,0.55203253,75.13678
1.0,0.9921072,573.9284
1.0,0.747859,83.871864
1.0,0.517144,365.2465
1.0,0.78116673,108.5134
1.0,0.3496641,156.49911
1.0,0.727113,489.8765
1.0,0.42581654,71.384094
1.0,0.35611942,131.24031
1.0,0.6799819,71.611595
1.0,0.9991062,103.0828
1.0,0.18939455,69.53231
1.0,0.24813072,71.03061
1.0,0.35034645,75.22661
1.0,0.99997246,387.21265
1.0,0.9999951,986.10614
1.0,0.29323077,196.47813
1.0,0.8326332,111.29591
1.0,0.40314537,123.66221
1.0,0.56987876,95.740685
1.0,1.0,111.977356
1.0,0.53136694,75.74652
1.0,0.97649515,350.9588
1.0,0.4146808,89.560844
1.0,0.72063994,84.04759
1.0,0.66113204,71.98679
1.0,0.20927504,70.341034
1.0,0.14598764,67.14055
1.0,0.2807155,115.909515
1.0,0.48057765,106.47068
1.0,0.39259306,402.9391
1.0,0.9103659,97.203545
1.0,0.6603428,74.52715
1.0,0.4588194,78.2299
1.0,0.17731337,72.89479
1.0,0.14613336,120.17495
1.0,0.9996619,1411.0885
1.0,0.9989994,81.32002
1.0,0.45716,66.293106
1.0,0.32306442,84.88722
1.0,0.9976853,110.30402
1.0,0.5274733,89.62709
1.0,0.38599458,72.39607
1.0,0.34492886,86.9304
1.0,0.93091464,236.9829
1.0,0.9960156,164.8176
1.0,0.8903349,295.90677
1.0,0.5620013,70.359146
1.0,0.0484235,106.00568
1.0,0.57221335,67.269875
1.0,0.5289342,78.24502
1.0,0.49563825,143.30472
1.0,0.29783595,77.95557
1.0,0.28264835,74.8721
1.0,1.0,275.68173
1.0,0.856728,65.645065
1.0,0.58587044,89.680595
1.0,0.7497914,421.30753
1.0,0.22281785,92.95406
1.0,0.9783729,89.4332
1.0,0.44535723,77.28622
1.0,0.31222248,67.55843
1.0,0.5660669,71.91617
1.0,0.945585,117.201584
1.0,0.45435768,90.77172
1.0,0.60951644,69.40461
1.0,0.8293164,308.73907
1.0,0.90466535,68.26213
1.0,0.8608274,385.99716
1.0,1.0,3659.8635
1.0,0.13555416,68.38388
1.0,0.52088875,101.74616
1.0,0.99999094,2066.4443
1.0,0.26131848,71.17119
1.0,0.5032538,164.26839
1.0,0.14219117,69.69944
1.0,0.99987924,734.07635
1.0,0.1653506,97.99056
1.0,0.6171061,107.213646
1.0,0.24245076,65.7341
1.0,0.44348344,152.08752
1.0,0.2476921,69.568146
1.0,0.22081997,69.43971
1.0,0.29861113,206.8284
1.0,0.27562767,97.860306
1.0,0.6275489,79.8959
1.0,0.81232977,113.070114
1.0,0.2700931,660.98535
1.0,0.32996613,102.73829
1.0,0.21376441,95.94899
1.0,0.9967192,478.61624
1.0,0.1781582,92.95266
1.0,0.7522167,81.66585
1.0,0.9998105,76.2586
1.0,0.4995469,108.04392
1.0,0.59403574,644.29944
1.0,0.99974316,513.65094
1.0,0.6948577,359.8222
1.0,1.0,16198.136
1.0,0.87153536,137.2058
1.0,0.44428232,78.6377
1.0,0.31127924,88.933266
1.0,0.9812134,1435.488
1.0,0.42961627,66.373695
1.0,0.50499064,80.50396
1.0,0.9952525,65.60936
1.0,0.21380325,81.82547
1.0,0.54068404,550.33124
1.0,0.33643514,73.49134
1.0,0.9998287,88.074066
1.0,0.46617767,104.58267
1.0,0.9487847,88.02631
1.0,0.5220514,65.27107
1.0,1.0,230.85356
1.0,0.5232574,117.261185
1.0,0.9064839,203.7116
1.0,0.7861438,200.5912
1.0,0.72498864,94.27369
1.0,0.32669804,66.605896
1.0,0.37128788,89.320366
1.0,0.90344656,69.706406
1.0,1.0,114.462975
1.0,0.691832,73.10212
1.0,0.4721544,65.29159
1.0,0.4400405,183.41512
1.0,0.46154216,100.39412
1.0,0.7633102,287.2579
1.0,0.47542965,134.06944
1.0,0.9856065,420.90088
1.0,0.56662357,88.497574
1.0,0.41661942,65.75984
1.0,0.46992198,70.194565
1.0,0.63074094,150.71579
1.0,0.27320832,77.28516
1.0,0.9999821,1204.7867
1.0,0.69431293,93.59146
1.0,0.68383557,69.77
1.0,0.44911388,138.44774
1.0,0.6685616,68.97276
1.0,0.46154216,633.47144
1.0,0.45846844,815.3692
1.0,0.5573881,72.25343
1.0,0.7547098,93.85896
1.0,0.3833431,435.14282
1.0,0.5077524,93.57143
1.0,0.23607825,9518.197
1.0,0.4077672,112.559296
1.0,0.21983647,70.18441
1.0,0.5620437,74.472374
1.0,0.4135711,85.211205
1.0,0.9984823,86.885315
1.0,0.89070565,115.89189
1.0,0.9999974,6936.3574
1.0,0.47309414,90.16987
1.0,0.7368681,270.45886
1.0,0.122203425,231.01279
1.0,0.9999987,20908.412
1.0,0.17683753,122.39906
1.0,0.44366413,117.63082
1.0,0.4285495,146.05821
1.0,0.53495884,203.11751
1.0,0.5211642,68.806755
1.0,0.99296075,509.19977
1.0,0.41706946,75.57931
1.0,0.9977083,75.29521
1.0,0.98049325,807.1319
1.0,0.9999976,72.401375
1.0,0.17929453,97.14103
1.0,0.37817487,82.08237
1.0,0.37548047,89.069786
1.0,0.01715259,297.4095
1.0,0.56109977,89.22245
1.0,0.22894153,140.78804
1.0,0.41944924,65.63026
1.0,0.4237953,161.86366
1.0,0.5828121,72.28769
1.0,0.9999999,171.45934
1.0,0.48744687,83.64798
1.0,0.82943666,73.14166
1.0,0.47946805,76.661705
1.0,0.5187898,103.40559
1.0,0.99872357,559.0318
1.0,1.0,68.90025
1.0,0.57253784,81.79484
1.0,0.48370174,83.0289
1.0,0.43335515,79.466034
1.0,0.625637,73.959076
1.0,0.6031437,85.85186
1.0,0.463662,297.1699
1.0,0.6896258,106.39501
1.0,0.49420407,93.454636
1.0,0.1619787,165.30556
1.0,0.1619787,165.30556
1.0,0.79241556,101.67492
1.0,1.0,493.4672
1.0,0.99997175,843.04333
1.0,0.46154216,176.26836
1.0,0.5277979,123.9446
1.0,0.51120824,95.39149
1.0,0.50717556,85.254654
1.0,0.41277665,183.4547
1.0,0.5534279,253.64389
1.0,0.63360405,104.11648
1.0,0.6755081,67.49506
1.0,0.53830206,75.274345
1.0,0.43645924,67.87444
1.0,0.5899063,110.9228
1.0,0.09412188,65.18612
1.0,0.38050088,103.68185
1.0,0.9976981,76.80497
1.0,0.086763985,70.19934
1.0,0.7773382,136.9646
1.0,0.3228142,78.98912
1.0,0.47081855,123.657455
1.0,0.3901376,105.91185
1.0,0.9923963,128.14708
1.0,0.13459107,213.92625
1.0,0.907523,140.90851
1.0,0.97872466,260.7959
1.0,0.10407041,66.35478
1.0,0.6502673,73.946045
1.0,0.71834576,65.48191
1.0,0.9999999,90.58597
1.0,0.7524194,331.78616
1.0,0.99998987,72.47003
1.0,0.9954378,148.4802
1.0,0.6441768,69.900345
1.0,0.52678806,70.78745
1.0,0.5762854,65.14919
1.0,0.99989164,10759.077
1.0,0.55695146,109.51534
1.0,0.9951238,328.8886
1.0,0.5137249,117.65491
1.0,0.5137249,117.65491
1.0,0.54835445,172.0667
1.0,0.98995894,875.99915
1.0,0.1992613,98.47397
1.0,0.893586,80.38543
1.0,0.47407192,67.9992
1.0,0.52802384,65.21575
1.0,0.23895258,106.0073
1.0,0.24681637,103.03194
1.0,0.50055456,95.237885
1.0,0.58075297,77.52567
1.0,0.27408144,71.933304
1.0,0.49063647,93.33732
1.0,0.9852925,126.0904
1.0,0.5335208,89.08578
1.0,0.32979554,105.69618
1.0,1.0,242.07025
1.0,0.7223542,377039.97
1.0,0.45336425,263.90842
1.0,0.9992912,301.1687
1.0,0.9861156,117.41082
1.0,0.615714,71.94539
1.0,1.0,94.17334
1.0,0.609006,95.26944
1.0,0.25892505,75.34202
1.0,0.47899637,117.95771
1.0,0.72126776,86.61831
1.0,0.9999112,127.736465
1.0,0.8116333,113.40711
1.0,0.9999925,3428.4558
1.0,1.0,36780.695
1.0,0.8962827,212.78555
1.0,1.0,35746.195
1.0,0.85104203,147.82773
1.0,0.6108047,74.44294
1.0,0.9999995,762.1133
1.0,0.5485853,192.75307
1.0,0.5893392,88.34367
1.0,0.5754451,305.9124
1.0,0.46274254,91.366714
1.0,0.82115716,75.30088
1.0,0.5065132,143.338
1.0,0.72172356,431.7098
1.0,0.6495324,190.17622
1.0,0.9992574,841.75586
1.0,0.8050581,202.08492
1.0,0.4870527,172.71478
1.0,0.7123502,65.19968
1.0,0.53304625,81.341835
1.0,0.26050857,104.729866
1.0,0.92358404,403.1205
1.0,0.4555888,65.63847
1.0,0.61888313,85.0873
1.0,0.37838277,127.00443
1.0,0.38543326,84.710045
1.0,0.73033875,395.0725
1.0,0.9178137,76.13279
1.0,0.52393603,107.36213
1.0,0.99238056,81.8095
1.0,0.48175964,65.56169
1.0,0.99655175,81.06698
1.0,0.9999511,113.81614
1.0,0.11938105,144.56805
1.0,0.92699414,98.06986
1.0,0.1786523,171.46884
1.0,0.5882715,67.56222
1.0,0.7962534,114.60684
1.0,0.9999907,1298.1058
1.0,0.748164,189.54303
1.0,0.6416047,85.43724
1.0,0.625121,83.253235
1.0,0.99933964,92.39694
1.0,0.942961,241.1091
1.0,0.110792555,65.28184
1.0,0.48814064,79.75881
1.0,0.9999962,114.30975
1.0,0.63437027,119.62776
1.0,0.9272524,316.559
1.0,0.8059777,106.81627
1.0,0.2039127,101.57053
1.0,0.84064955,78.07352
1.0,0.6436755,65.11898
1.0,0.45380515,71.63703
1.0,0.628289,78.52766
1.0,0.70441717,169.74077
1.0,0.49187797,67.27086
1.0,0.59511596,79.362206
1.0,0.99808145,98.8948
1.0,0.7928676,233.53152
1.0,0.84777087,77.49142
1.0,0.5175977,104.81269
1.0,0.54527813,103.29098
1.0,0.31561428,4060.938
1.0,0.112787314,184.40971
1.0,0.84361655,121.16452
1.0,0.047466733,264.74338
1.0,1.0,12189.507
1.0,0.6350998,281.8874
1.0,0.6259454,70.93477
1.0,0.41577446,97.082115
1.0,0.16654353,71.40302
1.0,0.5124256,94.80926
1.0,0.9980872,347.6036
1.0,0.4580596,68.40003
1.0,0.6434842,69.46375
1.0,0.4320904,74.71199
1.0,0.96171397,68.59817
1.0,0.6394927,105.410095
1.0,0.7045208,67.98232
1.0,0.4086686,132.1713
1.0,0.4035315,69.97297
1.0,0.5040967,152.24207
1.0,0.4693217,228.19942
1.0,0.8472138,134.3939
1.0,0.13955657,228.73158
1.0,0.99801755,71.625824
1.0,0.574352,76.90195
1.0,0.39598542,92.257805
1.0,0.94920945,86.39586
1.0,0.49875203,103.982414
1.0,0.3279019,98.93387
1.0,0.5933532,570.6832
1.0,0.64877164,107.65044
1.0,0.57811266,107.0746
1.0,0.99988616,556.8265
1.0,0.7778735,119.61667
1.0,0.63684714,94.409645
1.0,0.9996711,2854.783
1.0,0.49902713,77.63913
1.0,0.2844901,94.18988
1.0,0.7714121,33356.062
1.0,0.60393745,276.55606
1.0,0.99940586,979.712
1.0,0.5373943,71.953766
1.0,0.5795925,121.75048
1.0,0.28102803,67.090805
1.0,0.53421265,89.0825
1.0,0.50769824,87.22044
1.0,0.20180446,103.21854
1.0,0.5641155,291.68176
1.0,0.9783384,99.13549
1.0,0.71983546,101.04186
1.0,0.5143178,69.22164
1.0,0.08735251,70.23089
1.0,0.6383812,71.3743
1.0,1.0,3582.1826
1.0,0.31896245,88.98929
1.0,0.28031653,178.39624
1.0,0.10158066,117.12929
1.0,0.30701232,135.33983
1.0,0.6906038,93.86012
1.0,0.5542927,113.00744
1.0,1.0,1232.2104
1.0,0.5504327,153.27911
1.0,0.69505,93.29283
1.0,0.88409454,507.0435
1.0,0.5387488,129.99493
1.0,0.8550863,67.198105
1.0,0.44312012,1.5706908e+12
1.0,0.99862206,78.62255
1.0,0.5704023,67.05421
1.0,0.55534035,112.025314
1.0,0.98935366,2448.8262
1.0,0.7616186,83.95707
1.0,0.20722367,162.26732
1.0,0.53725535,86.60473
1.0,0.4702707,98.18638
1.0,0.99999774,4423.519
1.0,0.44487503,66.94946
1.0,0.3003651,145.30254
1.0,0.18716356,72.12667
1.0,0.35986978,158.28682
1.0,0.42011893,328.07928
1.0,0.54178005,76.69824
1.0,0.75135636,84.95202
1.0,0.9757933,74.736496
1.0,0.37805402,86.27363
1.0,0.9999101,71.575195
1.0,0.44926697,185.55826
1.0,0.77044964,71.0934
1.0,0.3611333,120.32811
1.0,0.60087085,65.29872
1.0,0.70470244,65.17152
1.0,0.13955322,134.887
1.0,0.40627035,80.728874
1.0,0.27568412,115.8641
1.0,1.0,286.29504
1.0,0.60117793,122.99039
1.0,0.9788046,70.31204
1.0,0.8914138,83.52367
1.0,0.5919557,136.81363
1.0,0.48193195,66.64853
1.0,0.8789252,71.96022
1.0,0.31510186,116.65494
1.0,0.58119303,135.93895
1.0,0.99230003,68.940094
1.0,0.31968194,117.86094
1.0,0.65053004,66.03924
1.0,0.017052013,125.541084
1.0,0.4973606,325.77374
1.0,0.28125447,846.3943
1.0,0.4604711,115.19524
1.0,0.5816917,137.7765
1.0,0.78520733,67.46817
1.0,0.42032763,810.58215
1.0,0.9986217,84.4983
1.0,0.5452167,98.5129
1.0,0.43062025,108.914696
1.0,0.7692994,65.351295
1.0,0.99789387,150.13286
1.0,0.8166889,74.823616
1.0,0.57289445,119.4633
1.0,0.34141308,69.78612
1.0,0.32250243,104.23212
1.0,0.06971093,77.020515
1.0,0.9540366,1042.1855
1.0,0.21693957,69.08031
1.0,0.5689728,142.40121
1.0,0.9237011,553.64667
1.0,0.6181039,65.917625
1.0,0.20565648,190.50664
1.0,0.6955176,110.24741
1.0,0.41348132,105.14366
1.0,0.34572747,200.9086
1.0,0.5453407,109.92976
1.0,0.5280866,65.31009
1.0,0.7530083,386.46384
1.0,0.54969156,467.293
1.0,0.35054874,65.65916
1.0,0.538965,179.80183
1.0,0.08459579,5090.438
1.0,0.62802655,189.52191
1.0,0.999754,831.811
1.0,0.9482816,103.396675
1.0,0.46406943,146.37938
1.0,0.9660471,296.073
1.0,0.4012731,83.356224
1.0,0.627688,70.20269
1.0,0.6168626,132.99297
1.0,0.6483548,67.557045
1.0,0.5675569,250.48846
1.0,0.35301217,96.449486
1.0,0.516486,274.1223
1.0,0.61178124,125.26756
1.0,0.7514717,77.042404
1.0,0.6255821,68.36906
1.0,0.44455278,132.4159
1.0,0.051708795,77.37621
1.0,0.585124,155.6137
1.0,0.62383646,326.47342
1.0,0.36175907,85.30809
1.0,0.65200573,97.13036
1.0,0.99993145,658.58716
1.0,1.0,506.87067
1.0,0.9999995,2049.959
1.0,0.3608122,202.88649
1.0,1.0,1811.7554
1.0,0.22535656,89.92902
1.0,0.98437554,141.63162
1.0,0.31647098,81.391685
1.0,1.0,292.2105
1.0,0.99998,90.01348
1.0,0.7759143,68.28871
1.0,0.99109894,999734.3
1.0,0.5763602,105.67059
1.0,0.39340457,254.93321
1.0,0.9999995,53103.996
1.0,0.9999567,100.9542
1.0,0.64429486,89.743484
1.0,0.3443297,77.73217
1.0,0.8210502,134.19006
1.0,0.8461054,83.58931
1.0,0.6597978,68.60683
1.0,0.42430395,104.953354
1.0,0.6341962,232.2229
1.0,0.55744106,85.7985
1.0,0.8007192,74.74372
1.0,0.4796108,69.278175
1.0,0.6651437,116.48535
1.0,0.7904155,81.66351
1.0,0.99997497,7923.92
1.0,0.23319271,66.629944
1.0,0.57392913,107.35912
1.0,0.8123863,109.618744
1.0,0.50300467,77.00942
1.0,0.43699917,156.76534
1.0,0.99774253,1854.8381
1.0,0.47509456,105.41253
1.0,0.5605064,96.141815
1.0,0.34488434,69.66841
1.0,0.41923013,125.287025
1.0,0.38835555,66.30933
1.0,0.5497072,110.51107
1.0,0.58134764,91.130775
1.0,0.9973163,220.31995
1.0,0.45892614,65.11601
1.0,0.99844736,144.81708
1.0,0.6896394,75.71764
1.0,0.9999887,77.88396
1.0,0.5736655,108.931564
1.0,0.2671207,88.19774
1.0,0.99994564,92.80887
1.0,0.8126661,813.4181
1.0,0.8462115,70.883896
1.0,0.9999479,87.062386
1.0,0.43146157,98.29271
1.0,0.9130982,113.87289
1.0,0.27012423,110.924446
1.0,0.61995304,69.20954
1.0,0.30725878,352.99466
1.0,0.99999714,348.74704
1.0,0.5292549,66.74284
1.0,0.32275376,160.6572
1.0,0.08409108,116.89508
1.0,0.93807155,131.3532
1.0,0.92087805,119.82488
1.0,0.9999938,999.6449
1.0,0.42074594,199.77687
1.0,0.99270344,793.38794
1.0,0.9957552,78.266754
1.0,0.8187154,72.84725
1.0,0.2535715,156.04442
1.0,0.9954698,316.37482
1.0,0.5499773,122.12756
1.0,0.2377537,116.32508
1.0,0.6549182,104.84526
1.0,0.98549265,95.994194
1.0,0.68184966,320.46295
1.0,0.7615107,85.988075
1.0,0.12341947,226.57176
1.0,0.5550941,108.81973
1.0,1.0,717.32385
1.0,0.47251353,71.599724
1.0,0.9521582,325.93472
1.0,0.39299577,90.60141
1.0,0.25891867,75.43982
1.0,0.4664986,91.05714
1.0,0.21389803,111.382225
1.0,0.39298308,68.114365
1.0,0.3272549,93.82056
1.0,0.60564655,67.36761
1.0,0.8413248,72.0456
1.0,0.48759285,77.40919
1.0,0.99997866,135.90388
1.0,0.7278391,113.76617
1.0,0.57179844,68.45071
1.0,0.35889164,68.82703
1.0,0.3848998,122.225555
1.0,0.14353435,72.28686
1.0,0.26768577,433.80093
1.0,0.48742333,74.484764
1.0,0.5578676,70.544525
1.0,0.5917025,77.61361
1.0,0.26507634,6120.381
1.0,0.7893809,68.18453
1.0,0.354235,107.626564
1.0,0.42065206,74.94456
1.0,0.9999491,5637.267
1.0,0.9931526,317.0141
1.0,0.54982436,160.81232
1.0,0.33940205,89.428406
1.0,0.36195168,71.66827
1.0,0.59063005,77.179245
1.0,0.44520015,151.08742
1.0,0.9399496,67.07198
1.0,0.15362938,89.55826
1.0,0.50576514,78.561005
1.0,0.3623088,100.74338
1.0,1.0,101.15542
1.0,0.1642743,89.13714
1.0,0.51041967,66.48959
1.0,0.561129,91.568275
1.0,0.4536102,72.492355
1.0,0.103337556,81.87454
1.0,0.34253255,86.81187
1.0,0.37863964,90.21552
1.0,0.46872446,104.813034
1.0,0.38104102,135.59326
1.0,0.3331037,67.402534
1.0,0.50350356,115.46121
1.0,0.117862396,91.40008
1.0,0.2625211,128.48006
1.0,0.6562949,68.767166
1.0,0.728825,231.06682
1.0,0.38062438,98.41582
1.0,0.57134503,76.337616
1.0,0.46154216,67.342316
1.0,1.0,1003.04816
1.0,0.20463382,138.25877
1.0,0.6000137,88.7207
1.0,0.9097515,515.77216
1.0,0.6179643,338.6037
1.0,0.6201119,67.434364
1.0,0.99970573,458.67493
1.0,0.57216555,70.85117
1.0,0.555911,126.5633
1.0,0.52731717,152.55598
1.0,0.22025155,70.22071
1.0,0.6670208,248.94171
1.0,0.2501547,65.16032
1.0,0.43397713,70.38422
1.0,0.46771726,74.25653
1.0,0.53006715,82.02453
1.0,0.15596771,67.314
1.0,1.0,8473.795
1.0,0.5495325,123.002335
1.0,0.23726013,93.039505
1.0,0.9944312,701.2154
1.0,0.45423734,108.2333
1.0,0.40243775,115.89902
1.0,0.7532559,110.02093
1.0,0.49642795,143.63875
1.0,0.47026217,97.71756
1.0,0.39706922,157.19977
1.0,0.44676986,334.30545
1.0,0.66602194,92.229065
1.0,0.66320413,72.339294
1.0,0.2329157,91.13998
1.0,0.46154216,75.119576
1.0,0.4042981,77.23061
1.0,0.32524958,105.05124
1.0,0.78392386,286.16037
1.0,0.20584844,67.85426
1.0,1.0,401.6449
1.0,0.76662874,66.12367
1.0,1.0,9029.787
1.0,0.5687074,200.02774
1.0,0.99970716,438.06653
1.0,0.99999917,1087.849
1.0,0.88752437,74.93995
1.0,0.38559547,120.84446
1.0,0.7917292,70.4687
1.0,0.22649881,66.68306
1.0,0.76409507,81.12009
1.0,0.5613097,71.97178
1.0,0.46953693,109.05458
1.0,0.9999968,1235.902
1.0,0.6591925,68.77334
1.0,0.56473434,102.23255
1.0,0.4067345,67.03972
1.0,0.49497813,67.91209
1.0,0.54394525,102.097664
1.0,0.45413926,192.12553
1.0,0.5242136,94.71651
1.0,0.44794467,99.380104
1.0,0.5224634,122.731255
1.0,0.57627964,170.74574
1.0,0.47392774,136.64864
1.0,0.7783441,224.29709
1.0,0.44052494,126.83234
1.0,0.044051208,186.44234
1.0,0.9999994,101.02644
1.0,0.6156631,231.8218
1.0,0.2617766,84.21668
1.0,1.0,573.9227
1.0,0.9504209,79.97231
1.0,0.34807277,90.23486
1.0,0.6554817,112.40597
1.0,0.61271745,114.72021
1.0,0.632473,77.59294
1.0,0.9999486,2266.7153
1.0,0.20390803,72.586655
1.0,0.46059275,81.59549
1.0,0.22568363,154.87386
1.0,0.42554358,66.3014
1.0,0.3871091,173.3891
1.0,0.57418305,88.94772
1.0,0.8395684,76.580055
1.0,0.29247648,65.68205
1.0,0.9999894,244.09772
1.0,0.10692095,66.224594
1.0,0.23725769,98.58515
1.0,0.13204725,80.72041
1.0,0.0686152,116.368515
1.0,0.49967727,475.42767
1.0,0.5136838,108.51459
1.0,0.35324156,82.33528
1.0,0.5039483,79.24385
1.0,0.8311913,65.15563
1.0,0.5201375,93.74866
1.0,0.21812238,89.75687
1.0,0.57616043,74.60946
1.0,0.7452664,1.7478575e+06
1.0,0.9999287,900.38043
1.0,0.4990022,82.652565
1.0,0.46154216,165.4936
1.0,0.46708512,161.77509
1.0,0.7303993,143.3417
1.0,0.8292094,70.62654
1.0,0.9968599,5381.291
1.0,0.5581373,86.14698
1.0,0.8763156,105.74621
1.0,0.9800812,384.84167
1.0,0.83284414,116.68228
1.0,0.46840405,21270.672
1.0,0.54142135,99.2008
1.0,0.7051894,67.77899
1.0,0.68135905,69.235985
1.0,0.5404863,190.42926
1.0,0.37878934,784.0842
1.0,0.8146704,73.442604
1.0,0.3715116,89.24173
1.0,0.20947292,71.23576
1.0,0.5168537,315.89514
1.0,0.3980244,88.16966
1.0,0.53015465,203.95721
1.0,0.349257,252.09811
1.0,0.99999976,144.93597
1.0,0.5697533,72.33211
1.0,0.5831012,91.358315
1.0,0.5484366,69.90894
1.0,0.48619816,272.2982
1.0,0.8382265,82.30898
1.0,0.99379236,481.21133
1.0,0.27943957,159.78053
1.0,0.09807558,80.37981
1.0,0.9994055,133.6356
1.0,0.6393584,136.50229
1.0,0.9999994,2403.761
1.0,0.9901799,322.67776
1.0,0.8724902,648.65936
1.0,0.25937122,79.476456
1.0,0.99835026,81.758835
1.0,0.8573595,343.99695
1.0,0.9977156,6197.7554
1.0,1.0,166.48642
1.0,0.34421727,78.18233
1.0,0.99827564,423.19186
1.0,0.62920713,157.72595
1.0,0.47406667,71.54
1.0,0.4422434,97.08718
1.0,0.39893168,108.31295
1.0,0.9988004,69.260185
1.0,0.99945563,2086.0054
1.0,0.4145412,75.10492
1.0,1.0,1908.1132
1.0,0.9999192,181.15286
1.0,0.6954788,97.83941
1.0,0.97369474,69.747284
1.0,0.992665,93.531006
1.0,0.59521484,108.35363
1.0,0.69245857,133.54643
1.0,0.22281742,68.33611
1.0,0.10412831,100.89669
1.0,0.54248416,66.41262
1.0,0.515335,99.62236
1.0,0.6062444,72.563385
1.0,0.2613966,66.5596
1.0,0.4518031,108.36778
1.0,0.59356314,72.353455
1.0,0.50005853,90.73755
1.0,0.29880726,87.9119
1.0,0.14090243,150.32559
1.0,0.44987488,201.42511
1.0,0.48052567,87.22504
1.0,0.63247937,70.424644
1.0,0.49450687,112.861496
1.0,0.3873749,107.79574
1.0,0.5250224,81.43198
1.0,0.46312314,138.99515
1.0,0.520359,111.439224
1.0,0.53055835,101.15442
1.0,0.5618785,127.057365
1.0,0.55522525,130.17854
1.0,0.39962694,106.1797
1.0,0.53511786,205.15126
1.0,0.43981227,315.447
1.0,0.2411767,70.888176
1.0,0.93647856,110.38986
1.0,0.56670225,185.36552
1.0,0.27992523,153.59245
1.0,0.40294248,96.52396
1.0,0.57948357,94.21724
1.0,0.52687395,71.75834
1.0,0.4841916,91.821625
1.0,0.9423684,110.310074
1.0,0.786347,198.0087
1.0,0.21752523,77.311295
1.0,0.45086402,95.1685
1.0,0.9999831,1223.4109
1.0,0.9812758,72.06022
1.0,0.9313327,74.648094
1.0,0.70725614,104.51575
1.0,0.6667435,83.71898
1.0,0.13228936,128.3216
1.0,0.5342792,73.93157
1.0,0.48087728,103.33023
1.0,0.3927323,324.8638
1.0,0.26686004,80.47697
1.0,0.49816415,73.144066
1.0,0.59904605,247.84889
1.0,0.21288562,65.29116
1.0,0.21288562,65.29116
1.0,0.8048215,66.25785
1.0,0.50811434,93.227936
1.0,0.054894082,189.32661
1.0,0.78856564,85.5616
1.0,0.64621145,68.0337
1.0,0.6294921,108.16089
1.0,0.99999034,319.9205
1.0,0.51770926,107.42474
1.0,0.989174,75.86862
1.0,0.8832767,407.54236
1.0,0.71531624,79.33319
1.0,0.5962198,107.616165
1.0,0.31383175,118.123215
1.0,0.6418319,171.18283
1.0,0.99999607,153.63293
1.0,0.13024727,94.3641
1.0,0.23071365,668.59393
1.0,0.36077902,239.77118
1.0,0.25500262,86.63854
1.0,0.7708507,101.16553
1.0,0.96616226,107.87027
1.0,0.28266412,4171.937
1.0,0.6004872,91.62701
1.0,0.2029443,996.88446
1.0,0.17119981,88.758415
1.0,0.560236,106.2481
1.0,0.54935277,135.7274
1.0,0.02791074,68.83646
1.0,0.37905532,169.39522
1.0,0.5268824,65.31923
1.0,0.52116686,66.24554
1.0,0.98938096,268.4131
1.0,0.25647038,102.809494
1.0,0.32984868,73.9744
1.0,0.9284089,104.22903
1.0,0.21351586,163.51038
1.0,0.09029835,129.16711
1.0,0.9117443,155.93225
1.0,1.0,74.51867
1.0,0.5338882,80.15382
1.0,0.44415715,105.602104
1.0,0.22520788,123.30455
1.0,0.79025507,74.93762
1.0,0.99425125,184.24193
1.0,0.35328695,72.02909
1.0,0.60566235,77.456116
1.0,0.4485565,69.95707
1.0,0.34310627,82.990845
1.0,0.68897164,65.66183
1.0,0.4207348,83.27458
1.0,0.41896927,70.277985
1.0,0.30895945,70.25091
1.0,0.17168628,495.7475
1.0,0.48369777,89.818306
1.0,0.96571535,547.9343
1.0,0.33945653,111.116615
1.0,0.58707464,75.09397
1.0,0.76860374,127.60701
1.0,0.4607407,96.57203
1.0,0.83716774,77.31019
1.0,0.9999918,2721.8433
1.0,0.37365597,92.02025
1.0,0.5276473,178.7999
1.0,0.48752886,75.61041
1.0,0.9999999,6725.9487
1.0,0.81785357,140.67525
1.0,0.39419928,78.522354
1.0,0.74469113,180.47757
1.0,0.72315276,71.268135
1.0,0.5667271,67.06889
1.0,0.2478384,75.96384
1.0,0.9999881,3192.9832
1.0,0.3377135,123.11637
1.0,0.9999999,361.50003
1.0,0.7715914,85.94938
1.0,0.47423106,72.06341
1.0,0.51189107,84.08539
1.0,0.41716427,83.100494
1.0,1.0,11959.998
1.0,0.8221224,90.40898
1.0,0.5705965,71.78348
1.0,0.9759689,1061.8973
1.0,0.49743095,67.35907
1.0,0.7536942,82.18671
1.0,0.43746316,93.840675
1.0,0.14223558,90.39325
1.0,0.07259932,112.616585
1.0,0.5019285,168.23871
1.0,0.860151,303.49164
1.0,1.0,25304.584
1.0,0.5982977,111.765045
1.0,0.9910657,106.47694
1.0,0.9999298,78.80352
1.0,0.2113095,69.33903
1.0,0.515933,90.099754
1.0,0.31473267,75.240234
1.0,0.530303,153.20508
1.0,0.46523306,94.27685
1.0,0.5737855,274.61032
1.0,0.9999558,4126.9814
1.0,0.9999995,520.76855
1.0,0.99999917,3740.6064
1.0,0.4419725,107.206406
1.0,0.6395957,170.98099
1.0,0.6655979,79.66722
1.0,0.9453564,278.5515
1.0,0.49863437,87.01651
1.0,0.4838664,98.566315
1.0,0.9999702,813.595
1.0,0.635461,120.69867
1.0,0.6032595,84.8855
1.0,0.38245317,67.51741
1.0,0.24607448,80.67044
1.0,0.6106861,73.75958
1.0,0.6821302,97.73784
1.0,0.50756055,146.45107
1.0,0.50125825,73.56614
1.0,0.45115343,245.37704
1.0,0.2340852,119.44776
1.0,0.6014881,78.25773
1.0,0.5928679,304.70413
1.0,0.5449261,154.06232
1.0,0.5829329,101.280556
1.0,0.41352934,91.62771
1.0,0.5916638,349.43982
1.0,0.2264639,318.64832
1.0,0.48816398,83.01787
1.0,0.9361721,3.552006e+06
1.0,0.9103912,3.7247196e+11
1.0,0.5586905,127.779884
1.0,0.9839188,83.1972
1.0,0.4577125,71.33779
1.0,0.17064936,65.87584
1.0,0.6250346,265.07657
1.0,0.9999716,3993.96
1.0,0.6173853,82.51044
1.0,0.51564544,435.607
1.0,0.39306766,137.33142
1.0,0.9999974,68.37041
1.0,0.21335317,65.524345
1.0,0.7201592,99.89643
1.0,0.23472916,78.14742
1.0,0.4505463,87.590614
1.0,0.8589689,631.85504
1.0,0.2950502,131.12062
1.0,0.4757792,115.167984
1.0,0.9999888,74.93294
1.0,0.92354923,82.44101
1.0,0.5679194,135.05296
1.0,0.27700186,66.493935
1.0,0.9998629,128.76532
1.0,0.66864336,92.58778
1.0,0.5374984,126.1156
1.0,0.99999976,413.2956
1.0,0.37899882,69.43855
1.0,0.027834963,65.27903
1.0,0.99242765,69.794014
1.0,0.39263833,87.94014
1.0,0.26816112,101.74276
1.0,0.600497,89.07174
1.0,0.6783448,176.04912
1.0,0.41079482,153.81015
1.0,0.6140363,66.71519
1.0,0.41171104,344.62393
1.0,0.7258773,80.66473
1.0,0.9821149,123.579414
1.0,0.9999467,1382.1158
1.0,0.45577064,97.344635
1.0,0.17318362,80.36734
1.0,0.45696026,74.23485
1.0,0.3613398,137.29803
1.0,0.67634386,76.15804
1.0,0.9937249,439.18115
1.0,0.4993531,66.85436
1.0,0.80269414,81.44505
1.0,0.32196712,71.87694
1.0,0.2773603,77.11313
1.0,0.46154216,226.41086
1.0,0.20482469,122.11811
1.0,0.99997115,213.35321
1.0,0.9779806,97.88526
1.0,0.109875,110.6165
1.0,0.62012285,82.93091
1.0,0.8031849,70.48859
1.0,0.4094177,110.73328
1.0,0.5881871,81.712395
1.0,0.98024565,530.66113
1.0,0.91742855,89.94477
1.0,0.90422887,533.4921
1.0,0.37834546,149.33911
1.0,0.048882626,436.60535
1.0,0.9586459,187.49893
1.0,0.24850817,102.79335
1.0,0.9995177,1062.7523
1.0,0.7109826,80.14372
1.0,0.08129724,67.938896
1.0,0.854104,89.09184
1.0,0.9948072,6371.5557
1.0,0.6417565,75.72694
1.0,0.9996985,84.46363
1.0,0.4899969,83.58534
1.0,0.96869653,174.6459
1.0,0.40631962,77.794174
1.0,0.4813375,71.88633
1.0,0.6111948,76.64727
1.0,0.53720033,164.27939
1.0,0.37655643,142.57674
1.0,0.6666758,275.0906
1.0,0.05406674,294.53195
1.0,0.9999999,108.21352
1.0,0.4985418,70.474075
1.0,0.46154216,100.49784
1.0,0.14863583,691.2906
1.0,0.60407174,404.0788
1.0,0.35358244,274.656
1.0,0.99999964,4935.3003
1.0,0.46154216,70.65378
1.0,0.13460803,65.38761
1.0,0.4435792,109.85025
1.0,0.13650863,116.95426
1.0,0.34522107,87.21649
1.0,0.582742,65.03171
1.0,0.43106785,165.71625
1.0,0.9874702,99.8458
1.0,0.6120813,65.25726
1.0,0.5832178,477.87848
1.0,0.6770637,66.43566
1.0,0.11015832,103.2131
1.0,0.28662735,144.51727
1.0,0.7890082,68.887505
1.0,0.5155264,76.350815
1.0,0.50599,110.64128
1.0,0.9999863,103.297615
1.0,0.5408725,110.32903
1.0,0.9903548,169.041
1.0,0.48751584,67.016075
1.0,0.94327897,686.47144
1.0,0.9320165,519.47797
1.0,0.46301442,78.01777
1.0,0.4603658,175.74716
1.0,0.32684004,87.4609
1.0,0.54829526,234.09282
1.0,0.43068373,214.4587
1.0,0.9999906,75.88905
1.0,0.6436895,928.49615
1.0,0.50257957,205.98026
1.0,0.24924862,72.96728
1.0,0.3488062,81.92613
1.0,0.46638554,163.94226
1.0,0.49436298,77.47325
1.0,0.9908857,71.119225
1.0,1.0,119.003075
1.0,0.60070324,74.56131
1.0,0.40521857,190.10817
1.0,0.12636988,99.612404
1.0,0.36021662,181.60153
1.0,0.4396016,96.39028
1.0,0.8849388,69.2603
1.0,0.99968874,1552.8268
1.0,0.24988121,492.13235
1.0,0.10436805,644.2354
1.0,0.7477921,169.07599
1.0,1.0,333.2685
1.0,0.18230791,141.04024
1.0,0.4987095,70.26589
1.0,0.46559158,125.62623
1.0,0.79431546,106.853745
1.0,0.37400392,94.72508
1.0,0.887717,65.158745
1.0,0.5720434,72.35763
1.0,0.97807777,219.26103
1.0,0.6472296,98.010895
1.0,0.99999976,87.75955
1.0,0.7896454,71.45581
1.0,0.39666942,87.438095
1.0,0.12527114,369.16696
1.0,0.37435892,166.59613
1.0,0.25527582,80.65589
1.0,0.58278,72.27533
1.0,0.58581567,144.78934
1.0,0.2377187,80.61497
1.0,0.055025566,136.68443
1.0,0.31302822,376.28958
1.0,0.45763525,137.28853
1.0,0.6109029,66.97955
1.0,0.54773754,67.05087
1.0,0.4667017,121.36829
1.0,0.4276372,111.91461
1.0,0.9202899,347.68417
1.0,0.9999995,2481.7456
1.0,0.9324944,82.531685
1.0,0.6340798,443.22702
1.0,0.9999999,209.87108
1.0,0.41052315,65.29064
1.0,0.58083105,68.692154
1.0,0.8801279,127.832924
1.0,0.7739833,65.96278
1.0,0.48473608,70.27368
1.0,1.0,698.9827
1.0,0.42441845,77.2209
1.0,0.5658293,281.42938
1.0,0.9972621,18430.527
1.0,0.4994456,150.79987
1.0,0.49839228,66.13589
1.0,0.55700827,117.24644
1.0,0.65738994,69.710724
1.0,0.9987142,75.573586
1.0,0.5666435,68.31721
1.0,0.42355052,107.373505
1.0,0.22003315,78.505844
1.0,0.5153489,82.66409
1.0,0.5762959,70.22937
1.0,0.35080817,89.65446
1.0,0.55687857,112.846565
1.0,0.048287366,197.89177
1.0,0.43369472,67.94194
1.0,0.47644496,114.19623
1.0,0.06518337,112.20017
1.0,0.26431957,119.86205
1.0,0.06476511,110.72659
1.0,0.6753822,68.88872
1.0,0.6178789,87.5752
1.0,0.6399192,602.6419
1.0,0.9718578,235.46265
1.0,0.97262096,1078.3805
1.0,1.0,365.8582
1.0,0.7082117,84.51996
1.0,0.48613986,125.969185
1.0,0.6186336,207.06482
1.0,0.2834944,87.48717
1.0,0.63368857,97.23007
1.0,0.99935657,80.997406
1.0,0.2029481,66.172935
1.0,0.9999982,10432.371
1.0,0.5307662,2347.3315
1.0,0.99998605,965.8491
1.0,0.1479843,255.3945
1.0,0.46986696,66.35515
1.0,0.80347687,80.01366
1.0,0.97618926,81.37325
1.0,0.73071456,82.02296
1.0,0.112649836,206.44485
1.0,0.20736161,138.36128
1.0,0.38939533,80.89817
1.0,0.18902622,67.87563
1.0,0.38306707,216.61777
1.0,0.8800365,776.20514
1.0,0.21484955,75.74538
1.0,0.97670835,89.48825
1.0,0.9999999,102.47484
1.0,0.99714285,281.99478
1.0,0.52613723,70.24433
1.0,0.50918245,112.472565
1.0,0.28777304,74.39851
1.0,0.16555715,124.70486
1.0,0.16555719,124.70486
1.0,0.38300627,193.154
1.0,0.5781096,281.14386
1.0,0.07937885,158.14307
1.0,0.8614773,69.392975
1.0,0.5323089,153.9209
1.0,0.38384277,79.15883
1.0,0.84990495,154.36278
1.0,0.65512705,87.71113
1.0,0.4570132,75.333916
1.0,0.7596359,138.2807
1.0,0.36631373,249.73506
1.0,1.0,129.86589
1.0,0.16028674,105.88144
1.0,1.0,659.86835
1.0,0.3508013,76.51858
1.0,0.5866514,121.84717
1.0,0.47001344,70.422
1.0,0.9902885,852.35205
1.0,0.16337936,320.19144
1.0,0.5052622,242.67992
1.0,0.22893623,97.28731
1.0,0.83999497,308.36252
1.0,0.9999974,3535.961
1.0,0.21416946,79.59793
1.0,0.82919526,71.0476
1.0,0.8329459,77.3498
1.0,0.40915576,199.39021
1.0,0.9787895,296.00018
1.0,0.62105834,65.01328
1.0,0.13405888,84.69962
1.0,0.8774846,118.4583
1.0,0.7341143,102.84545
1.0,0.82264423,93.183525
1.0,0.491774,67.53105
1.0,0.9999758,159.95114
1.0,0.19159107,682.38007
1.0,0.3228735,66.96621
1.0,0.45038766,104.793015
1.0,0.6145856,67.02903
1.0,0.9946827,164.005
1.0,0.75619686,75.27893
1.0,0.96752787,196.99905
1.0,0.37567756,101.71886
1.0,0.57842815,71.4859
1.0,0.5144869,116.64866
1.0,0.99999976,14557.216
1.0,0.8078999,84.645355
1.0,0.92434824,101.12088
1.0,0.7610413,85.103165
1.0,0.6061457,87.60908
1.0,0.27283013,67.191925
1.0,0.5297562,103.10278
1.0,0.37608325,87.68154
1.0,0.90413034,135.50092
1.0,0.50605816,116.89226
1.0,0.5264765,70.96176
1.0,0.9999833,29718.785
1.0,0.45321426,78.94141
1.0,0.25676286,69.08211
1.0,0.7133681,974.29535
1.0,0.6714571,107.21854
1.0,0.6546376,100.75162
1.0,0.99997306,76.511055
1.0,0.53246886,218.24028
1.0,0.58966696,159.71608
1.0,0.6435616,87.59912
1.0,0.6972894,70.76546
1.0,0.5904863,69.781944
1.0,0.46622944,453.5765
1.0,0.50244594,310.46454
1.0,0.9628633,137.6792
1.0,0.6039142,77.72602
1.0,0.2818487,78.916214
1.0,0.44020545,417.1758
1.0,0.7481816,68.42681
1.0,0.2761562,104.82823
1.0,0.86491704,103.74584
1.0,0.60068774,126.97885
1.0,0.75781804,84.56941
1.0,0.12210921,66.38298
1.0,0.14364086,88.35175
1.0,0.64995426,229.797
1.0,0.56273514,84.161476
1.0,0.43415484,67.92158
1.0,0.14175902,92.02747
1.0,0.08166826,134.4105
1.0,0.6417011,100.251915
1.0,0.9980719,3048.4321
1.0,0.36168063,71.52457
1.0,0.7575043,183.89604
1.0,1.0,4090.185
1.0,0.48095414,89.83709
1.0,0.42639908,140.34557
1.0,0.33905524,70.01941
1.0,0.5598463,255.29315
1.0,0.27010044,77.155815
1.0,0.19571564,66.4881
1.0,0.16923185,149.4532
1.0,0.9999665,761.81714
1.0,0.42416942,273.26904
1.0,0.39059687,86.50426
1.0,0.29171556,80.941795
1.0,0.9763085,120.21844
1.0,0.41027585,69.11272
1.0,0.31387207,104.96592
1.0,0.999943,725.63745
1.0,0.5046578,65.7073
1.0,0.58534646,238.43755
1.0,0.99988854,80.271126
1.0,0.9986551,318.9602
1.0,0.44058362,118.109726
1.0,0.08373578,600.22864
1.0,0.6260176,100.38458
1.0,0.9992418,67.52384
1.0,0.68462104,74.54252
1.0,0.4245506,205.0103
1.0,0.29753,67.41204
1.0,0.6697775,77.812584
1.0,0.48936906,78.26254
1.0,0.46102297,96.08868
1.0,0.5546888,87.37234
1.0,0.41488877,588.86523
1.0,0.13430975,74.260445
1.0,0.77177113,139.59438
1.0,0.9634841,287.9033
1.0,0.5743208,65.39759
1.0,0.5326472,78.63272
1.0,0.90308803,105.70605
1.0,0.68570155,92.11678
1.0,0.20439065,67.329636
1.0,0.49410528,76.756744
1.0,0.52412266,89.17664
1.0,0.5698465,75.76937
1.0,0.7909861,124.5715
1.0,0.9948325,2242.6643
1.0,0.067963295,372.30838
1.0,0.99983084,71.123146
1.0,0.6340885,96.28126
1.0,0.50385135,85.49995
1.0,0.8456936,224.0057
1.0,0.9976756,91.46242
1.0,0.5986099,177.33679
1.0,0.9918426,234.23578
1.0,0.1175774,74.89076
1.0,0.16803356,80.280556
1.0,0.12652713,142.19896
1.0,0.07652837,291.1088
1.0,0.25987843,93.61613
1.0,0.51464087,150.04082
1.0,1.0,441.65237
1.0,0.391035,82.08179
1.0,0.53699565,92.59101
1.0,0.3591283,284.522
1.0,0.99996614,132.08751
1.0,0.5731452,119.97917
1.0,0.9423669,721.09686
1.0,0.15952514,278.67523
1.0,0.25555703,65.22782
1.0,0.3316008,669.86584
1.0,0.57195824,77.29712
1.0,0.34957182,306.32382
1.0,0.0901755,91.63347
1.0,0.02540737,77.576546
1.0,0.65764874,500.82147
1.0,0.5049894,86.86392
1.0,1.0,37554.6
1.0,0.6360786,100.82676
1.0,0.5261235,77.364494
1.0,0.4564551,148.18468
1.0,0.9033025,78.33543
1.0,0.1639057,148.73195
1.0,0.14109217,149.4715
1.0,0.38445556,82.45678
1.0,0.43943268,87.707756
1.0,0.80905557,66.455505
1.0,0.92056954,311.60654
1.0,0.6937453,74.53943
1.0,0.36323988,97.18071
1.0,0.6547097,333.88617
1.0,0.32053977,249.89896
1.0,0.55932313,76.43903
1.0,0.99990714,554.63385
1.0,0.20037891,68.19664
1.0,0.48151767,70.32742
1.0,0.4978952,90.938065
1.0,0.09985079,72.71817
1.0,0.43812773,86.83053
1.0,0.31789255,155.9682
1.0,0.43844166,128.25673
1.0,0.7138033,80.93186
1.0,0.28543964,173.91905
1.0,0.8351317,98.37638
1.0,0.40161622,165.36438
1.0,0.7052043,75.93644
1.0,0.46372578,66.926735
1.0,0.549916,80.285446
1.0,0.4222944,121.06612
1.0,0.123678036,78.7464
1.0,0.21233194,165.90805
1.0,0.99874985,82.15923
1.0,0.9999217,158.00519
1.0,0.7114858,76.928185
1.0,0.20970261,67.05907
1.0,0.99998546,90.45441
1.0,0.99852294,89.729294
1.0,0.39180216,88.03868
1.0,0.26392657,114.53545
1.0,0.99987376,1271.7802
1.0,0.16975114,75.58582
1.0,0.5711464,95.65791
1.0,0.5108129,148.75539
1.0,0.9681922,121.6327
1.0,0.96931064,642.6511
1.0,0.62967145,86.64227
1.0,0.47955987,70.98793
1.0,0.999012,174.87578
1.0,0.56520665,100.98874
1.0,0.9923649,155.68462
1.0,0.64508075,110.86783
1.0,0.5519453,66.27625
1.0,0.99989724,145.61876
1.0,0.28931156,72.983665
1.0,0.42092374,67.408936
1.0,0.17101434,95.68929
1.0,1.0,26227.648
1.0,0.2649236,71.63845
1.0,0.78312266,68.33943
1.0,0.9979121,72.070465
1.0,0.7508567,76.705734
1.0,0.49318737,75.6172
1.0,0.8567696,102.4857
1.0,0.59886366,71.84167
1.0,0.34800765,97.43751
1.0,0.69137514,109.264084
1.0,0.50980383,78.23501
1.0,0.53620803,141.43288
1.0,0.53558946,72.92459
1.0,0.6176116,71.50462
1.0,1.0,1499.2383
1.0,0.53866607,105.60755
1.0,0.9949049,325.46915
1.0,0.7481522,288.2547
1.0,0.51806164,70.406746
1.0,0.62016517,69.43353
1.0,0.88732904,67.3594
1.0,0.9999865,6559.326
1.0,0.32176402,69.90208
1.0,0.67506254,72.108734
1.0,0.941815,513.8709
1.0,0.18563634,83.14912
1.0,0.48299405,85.38695
1.0,0.24999434,223.39314
1.0,0.48564544,73.3723
1.0,0.999962,65.759155
1.0,0.35897055,73.359215
1.0,0.6756227,76.73783
1.0,0.47278357,69.68293
1.0,1.0,3845.27
1.0,0.63539237,87.602806
1.0,0.971273,535.3763
1.0,1.0,162.12724
1.0,0.39526954,3.5906173e+08
1.0,0.52410173,94.73751
1.0,0.66159,95.554436
1.0,0.50095844,96.83051
1.0,0.35158285,229.26021
1.0,0.5725622,177.73035
1.0,0.3617014,329.38586
1.0,0.20322835,66.709526
1.0,0.39975327,154.75894
1.0,0.99957377,126.653244
1.0,0.45942354,216.23734
1.0,0.99999976,68.772316
1.0,0.5376543,125.76086
1.0,0.17412777,263.2197
1.0,0.52187806,69.37956
1.0,0.4428698,120.85077
1.0,0.36187696,216.59792
1.0,0.62856686,76.699165
1.0,0.47473675,72.576294
1.0,0.5382816,66.25505
1.0,0.5604263,76.92185
1.0,0.9830084,94.89781
1.0,0.99070716,386.04102
1.0,0.66007924,66.25287
1.0,0.68024164,142.02748
1.0,0.49374408,76.02228
1.0,0.31740054,91.092155
1.0,0.5763107,78.99497
1.0,0.5174198,70.94357
1.0,0.41049862,4.5072692e+07
1.0,0.4962372,174.60526
1.0,0.354745,70.32366
1.0,0.16004293,76.176125
1.0,0.46035084,146.52144
1.0,0.45276758,65.25855
1.0,0.25317463,180.33218
1.0,0.7254159,71.405106
1.0,0.47299683,87.19172
1.0,0.99999964,68.81199
1.0,0.9390492,76.10826
1.0,0.21981154,81.84816
1.0,0.3462513,143.90845
1.0,0.63872373,385.1162
1.0,0.9999988,71.213806
1.0,0.11389978,105.18674
1.0,0.9999838,1403.7561
1.0,0.5977628,75.011154
1.0,0.85063773,70.69995
1.0,1.0,116.812904
1.0,0.35141107,201.1726
1.0,0.9907787,97.353615
1.0,0.60002714,201.05138
1.0,0.17472067,72.5415
1.0,0.5935343,127.582146
1.0,0.594159,225.52501
1.0,1.0,201.81982
1.0,0.48026916,115.06314
1.0,0.19441783,66.69728
1.0,0.8411853,70.474266
1.0,0.6925528,129.45738
1.0,0.2614617,258.99133
1.0,0.20238768,86.291534
1.0,0.59440905,587.32654
1.0,0.58468086,258.978
1.0,0.104055785,271.1835
1.0,0.9999995,70.775795
1.0,0.6101618,72.73947
1.0,0.96384966,82.84963
1.0,0.19274929,163.29965
1.0,0.39399928,74.032906
1.0,0.9773062,375.0993
1.0,0.082082376,430.46878
1.0,0.65150017,111.33179
1.0,0.977482,86.555374
1.0,0.6806065,227.60362
1.0,0.46154216,67.22613
1.0,0.99999475,3457.0496
1.0,0.6150997,83.172424
1.0,0.44231597,143.80681
1.0,0.4205576,223.47177
1.0,0.07973277,115.58691
1.0,0.48002458,70.98257
1.0,0.9664464,228.98662
1.0,0.62988704,93.13655
1.0,0.80153126,77.97604
1.0,0.38266346,132307.62
1.0,0.14776573,181.34859
1.0,0.50536907,127.76459
1.0,0.5462033,74.61995
1.0,0.5655401,174.84497
1.0,0.9991744,738.0238
1.0,0.045406412,257.4708
1.0,0.5514943,87.87236
1.0,0.38050327,96.5886
1.0,0.9991259,88.634346
1.0,0.89054936,653.9483
1.0,0.81497777,83.36469
1.0,0.88878614,113.00948
1.0,0.31748787,167.16028
1.0,0.6090683,93.82491
1.0,0.23571159,90.182045
1.0,0.52559507,96.27285
1.0,0.110384494,89.32716
1.0,0.5825818,191.41554
1.0,0.4829742,87.32383
1.0,0.9910863,13630.564
1.0,0.36093128,81.12844
1.0,0.5718159,99.376884
1.0,0.3679226,243.22636
1.0,0.22887471,159.18997
1.0,1.0,136.92009
1.0,0.29800716,91.05841
1.0,0.9999995,77.43841
1.0,1.0,74.01299
1.0,0.4697463,390.34558
1.0,0.79226124,107.91866
1.0,0.50265986,85.09714
1.0,0.99997866,140.96268
1.0,0.5295398,78.428345
1.0,0.12996261,76.16697
1.0,0.445379,99.2747
1.0,0.80388796,296.711
1.0,0.5845497,89.14842
1.0,0.9642972,217.99217
1.0,0.4697351,299.91705
1.0,0.5492242,82.807304
1.0,0.31388074,101.92473
1.0,0.19860968,73.717804
1.0,0.47377822,78.087875
1.0,0.99945813,93.15432
1.0,0.41125768,82.05387
1.0,0.9959318,2387.3027
1.0,0.65463114,464.36923
1.0,0.5435708,79.52813
1.0,0.6222011,92.13998
1.0,0.4867621,79.05304
1.0,0.83417803,605.7641
1.0,1.0,12673.128
1.0,0.85816354,201.00768
1.0,0.8170623,115.32052
1.0,0.3972221,153.2092
1.0,0.51180387,135.26064
1.0,0.63332224,65.85843
1.0,0.47708264,70.473145
1.0,0.99737346,288.00543
1.0,0.65878433,246.55328
1.0,0.30142292,121.609
1.0,0.47506353,172.74986
1.0,0.5557128,88.08664
1.0,0.6928929,70.21249
1.0,0.06047635,2.3806661e+11
1.0,0.29057539,77.400154
1.0,0.9999926,74.21855
1.0,0.18012893,424.71655
1.0,0.23941234,94.63017
1.0,0.28578144,69.34347
1.0,0.96432364,441.81
1.0,0.7207991,76.774826
1.0,0.48234576,145.44139
1.0,0.14488184,88.66257
1.0,0.80288726,86.36703
1.0,0.4565898,257.73993
1.0,0.61408997,71.11735
1.0,0.57053465,98.65372
1.0,0.43580213,139.78854
1.0,0.6038942,66.82192
1.0,0.62278724,76.81853
1.0,0.5750095,118.41656
1.0,1.0,963.6623
1.0,0.7828222,65.25963
1.0,0.74087816,104.1326
1.0,0.7017403,121.35317
1.0,0.999997,151.10152
1.0,0.5553795,129.4753
1.0,0.44928956,120.17773
1.0,0.89662915,139.94188
1.0,0.8479216,248.37956
1.0,0.97923446,800.3101
1.0,0.9999999,205.83162
1.0,0.29256576,94.36767
1.0,0.6142841,81.18939
1.0,0.99998474,609.4697
1.0,0.80178374,82.78044
1.0,1.0,19286.969
1.0,0.52677584,147.50444
1.0,0.24784264,73.924515
1.0,1.0,53093.445
1.0,0.6146064,72.40291
1.0,0.09817197,104.65331
1.0,0.998086,75.19242
1.0,0.4910809,175.04128
1.0,0.76423657,96.55061
1.0,0.47122827,191.92313
1.0,0.9999882,157.96086
1.0,0.56190944,100.13003
1.0,0.9907086,724.17017
1.0,0.58176184,73.819435
1.0,0.8221219,147.49246
1.0,0.42490017,346.655
1.0,0.996548,224.853
1.0,0.98397243,1345.9098
1.0,0.56849617,489.08218
1.0,0.5754228,70.910904
1.0,0.68395585,86.17193
1.0,0.9999927,684.807
1.0,0.51194566,77.51778
1.0,0.9896773,430.65125
1.0,0.67992526,70.85059
1.0,0.73675483,175.26907
1.0,0.31286982,116.13914
1.0,0.6598131,71.858116
1.0,0.9916672,459.0427
1.0,0.26490173,69.174385
1.0,0.9999521,323.03915
1.0,0.27785617,189.45627
1.0,0.99136776,329.4318
1.0,0.9791877,67.51222
1.0,0.6358428,132.24373
1.0,0.4688152,66.98319
1.0,0.6097637,83.88306
1.0,0.91374063,91.11732
1.0,1.0,3461.1077
1.0,0.52239525,81.31627
1.0,0.576163,73.43476
1.0,0.6059525,75.4845
1.0,0.47243994,111.30716
1.0,0.99998164,1105.5444
1.0,0.18999346,78.14585
1.0,0.07791354,75.06154
1.0,0.47385994,219.94894
1.0,0.8387282,228.86082
1.0,0.602448,72.67214
1.0,0.5238214,235.84972
1.0,0.2750475,96.19635
1.0,0.40303072,122.7541
1.0,0.4900533,73.57705
1.0,0.9078576,277.33463
1.0,0.9560763,371.49744
1.0,0.23104882,102.435135
1.0,0.99556017,78.43274
1.0,0.99999976,6157.902
1.0,0.99764293,6665.6284
1.0,0.7894635,74.56552
1.0,0.5507964,121.845764
1.0,0.48672375,207.25008
1.0,0.90086335,257.01126
1.0,0.9996045,510.07715
1.0,0.559582,84.734924
1.0,0.50821745,214.10072
1.0,0.40755546,79.464874
1.0,0.58083415,83.240395
1.0,0.50615966,93.03659
1.0,0.6161968,72.08807
1.0,0.33281898,129.56439
1.0,1.0,110.79116
1.0,0.9995172,125.40132
1.0,0.50900817,71.84727
1.0,0.99992263,8444.089
1.0,0.9915768,371.6235
1.0,0.5888424,120.99462
1.0,0.82456595,219.45564
1.0,0.99913883,3982.6753
1.0,0.99973315,1054.6283
1.0,0.9937349,944.95044
1.0,0.89694726,82.08868
1.0,0.540897,113.06465
1.0,0.7599306,97.85713
1.0,0.6732237,103.49975
1.0,0.67162734,76.18704
1.0,1.0,24236.984
1.0,0.13227527,733.9132
1.0,0.7438701,86.22746
1.0,0.9024105,352.64774
1.0,0.29006118,101.46838
1.0,0.5202574,175.37581
1.0,0.99996066,624.5994
1.0,0.99996185,199.59314
1.0,0.53773344,84.94214
1.0,0.31807423,120.51791
1.0,0.6311499,68.01751
1.0,0.28533795,213.20732
1.0,0.6331927,69.74721
1.0,0.50027037,69.437256
1.0,0.23914921,70.572876
1.0,0.99190664,541.0923
1.0,0.38881052,79.818474
1.0,0.19536728,85.66034
1.0,0.47231328,88.0281
1.0,0.62561655,98.80846
1.0,0.49259886,132.01443
1.0,0.9168122,296.5397
1.0,0.90985084,137.2703
1.0,0.99044853,448.92227
1.0,0.14934374,394.12134
1.0,0.9253374,74.4765
1.0,0.5244393,152.46153
1.0,0.99999964,406.62094
1.0,0.7763077,98.927025
1.0,0.9999963,521.2943
1.0,0.81571966,360.96024
1.0,0.35628542,91.60706
1.0,0.5815889,70.19863
1.0,1.0,6236.8633
1.0,0.3260203,71.33309
1.0,0.43135598,67.63962
1.0,0.3988285,400.58615
1.0,0.15461121,84.37756
1.0,0.99987686,527.15533
1.0,0.8199588,97.723885
1.0,0.8159277,117.05363
1.0,0.94742006,82.917046
1.0,0.19450821,285.93643
1.0,0.62886775,122.81813
1.0,0.54320395,219220.11
1.0,0.9608112,1820.6552
1.0,0.9431162,99.70035
1.0,0.57543534,72.542816
1.0,0.50732887,68.101746
1.0,0.37531573,168.9308
1.0,0.9682625,120.2762
1.0,0.66014683,93.05023
1.0,0.5336414,325.9494
1.0,0.5796884,70.57154
1.0,0.99951875,585.0048
1.0,3.1027143e-05,166.28474
1.0,0.5867679,120.358765
1.0,1.0,3654.7737
1.0,0.21207552,110.99901
1.0,0.6716343,583.9941
1.0,0.6731459,364.8499
1.0,0.117926456,69.7505
1.0,0.13892211,68.89541
1.0,0.67683446,81.41553
1.0,0.45043355,110.8828
1.0,0.6526916,79.66202
1.0,0.46668175,116.77379
1.0,0.9999933,181.84375
1.0,1.0,68.74231
1.0,0.2705709,73.669525
1.0,0.36707157,223.77893
1.0,0.5752331,121.550995
1.0,0.6175151,116.48401
1.0,0.81967795,70.44588
1.0,0.65072256,69.262085
1.0,0.11094692,132.94748
1.0,0.21069904,74.29625
1.0,0.41559792,74.641396
1.0,0.5489423,66.67956
1.0,0.5938113,192.36256
1.0,0.4932086,143.73792
1.0,0.6534929,88.66919
1.0,0.48870274,101.80248
1.0,0.8169222,91.144905
1.0,0.84666145,1190.9542
1.0,0.2920195,96.50653
1.0,0.6042282,118.13372
1.0,0.17869027,101.97711
1.0,0.48691472,226.86176
1.0,0.24544543,505.9249
1.0,0.53199434,77.64263
1.0,0.14891666,114.098976
1.0,0.99999416,114.81478
1.0,0.040402073,306.28583
1.0,0.59856087,80.69427
1.0,0.40360397,102.963745
1.0,0.6964118,82.25342
1.0,0.5781451,89.93426
1.0,0.47166815,70.299416
1.0,0.5420811,106.99674
1.0,0.99652076,308.41956
1.0,0.47463468,94.00841
1.0,0.5911342,69.468216
1.0,1.0,138.39348
1.0,0.558196,75.46921
1.0,0.57413465,68.686005
1.0,0.9689729,175.57262
1.0,0.6534512,118.769684
1.0,0.52228636,122.3746
1.0,0.5862547,637.9234
1.0,0.8921979,1045.8313
1.0,0.29751295,73.811714
1.0,0.55839217,75.562614
1.0,0.6713577,83.27275
1.0,0.98689926,97.1053
1.0,0.3786366,89.17424
1.0,0.6654991,78.782455
1.0,0.46079388,167.77911
1.0,0.98555285,245.98856
1.0,0.466184,72.1299
1.0,1.0,3927.0603
1.0,0.30870077,93.14123
1.0,0.42374146,84.37201
1.0,0.532195,70.103546
1.0,0.4405068,80.45037
1.0,0.18446812,70.88705
1.0,0.35548532,213.2738
1.0,0.35319996,66.317894
1.0,0.70976794,117.75106
1.0,0.6257095,97.574165
1.0,0.06439947,89.118645
1.0,0.66697305,75.873184
1.0,0.60709983,100.40619
1.0,0.9039427,143.40932
1.0,0.99841106,751.59924
1.0,0.58642125,112.44071
1.0,0.13831572,125.651886
1.0,0.36717787,78.84684
1.0,0.36451,133.87762
1.0,0.061930563,1.06432404e+12
1.0,1.0,173.33524
1.0,0.53111917,566.179
1.0,0.524455,67.82587
1.0,0.61414707,91.25858
1.0,0.55395794,117.87291
1.0,0.9999968,111.190575
1.0,0.6742379,110.36017
1.0,0.38795778,185.46294
1.0,0.40572223,173.43327
1.0,0.25505736,259.0596
1.0,0.99802667,520.0235
1.0,0.18444376,127.80984
1.0,0.9999608,6438.9917
1.0,0.8122678,66.71381
1.0,0.59768987,66.240685
1.0,0.20468718,91.08316
1.0,0.5465629,124.11612
1.0,0.14280719,97.70882
1.0,0.99999976,72.77842
1.0,0.91691905,81.81995
1.0,0.40078193,78.22496
1.0,1.0,203.55643
1.0,0.48134106,79.67383
1.0,0.99999905,7628.877
1.0,0.23914948,67.78356
1.0,0.29754135,158.94983
1.0,0.27876663,99.00643
1.0,0.7325104,65.54075
1.0,0.691647,80.24121
1.0,0.42621082,334.184
1.0,0.9989008,478.04852
1.0,0.9999516,488.22348
1.0,1.0,2217.4717
1.0,0.70469874,410.02008
1.0,0.74918556,67.9698
1.0,0.6195189,95.57369
1.0,0.6144385,80.1002
1.0,0.4660729,130.91794
1.0,0.48417595,71.1192
1.0,0.22171842,87.048164
1.0,0.5254998,82.42499
1.0,0.5012516,67.406456
1.0,0.186926,72.37181
1.0,0.15734261,89.723015
1.0,0.79210865,278.98383
1.0,0.8728694,458.53064
1.0,0.39778638,90.823166
1.0,0.96810114,235.75548
1.0,0.44704387,225.539
1.0,0.999977,102587.414
1.0,0.001318575,111.49283
1.0,0.49547648,121.00279
1.0,0.42239892,74.36101
1.0,0.6693411,142.1075
1.0,0.49921516,89.754944
1.0,0.48437625,77.72513
1.0,0.65359586,106.091896
1.0,0.6182303,370.99973
1.0,0.65434647,89.04969
1.0,0.72107446,128.24046
1.0,0.1675827,154.03314
1.0,0.5111981,86.42622
1.0,0.64044005,70.60326
1.0,0.5635784,189.67148
1.0,0.90207785,83.9161
1.0,0.9989899,69.176735
1.0,0.55821484,106.9558
1.0,0.4622112,69.20374
1.0,0.79036474,71.35984
1.0,0.6250102,68.81448
1.0,0.9999949,127.07641
1.0,0.14028679,68.67628
1.0,0.24637386,95.51122
1.0,0.7492333,103.733086
1.0,0.031767063,119.611084
1.0,0.3694321,304.84186
1.0,0.99978846,139.46759
1.0,0.3309853,73.279076
1.0,0.5468157,131.58017
1.0,0.69265884,317.00784
1.0,0.30984882,72.10609
1.0,0.6125388,105.23213
1.0,0.9918181,106.26834
1.0,1.0,697.1857
1.0,0.92714626,82.74945
1.0,0.40888995,363.08917
1.0,0.8286278,96.94801
1.0,0.661589,237.58784
1.0,0.3257666,302.3588
1.0,0.4318231,204.91849
1.0,0.4774171,151.04826
1.0,0.45776272,82.86646
1.0,0.6110699,79.107025
1.0,0.99958366,576.7452
1.0,0.36932224,68.8474
1.0,0.9999665,80.81268
1.0,0.99996006,120.59925
1.0,0.46273428,65.13314
1.0,0.9998696,113.88083
1.0,0.5316504,77.513115
1.0,0.32180503,65.7135
1.0,0.58576506,67.59166
1.0,0.30806598,141.34927
1.0,0.3307024,84.18262
1.0,0.37257794,70.17233
1.0,0.9990689,77.123886
1.0,0.5412073,82.45717
1.0,0.31648415,88.2516
1.0,0.1940918,65.22363
1.0,0.9997843,92.05026
1.0,0.039317857,126.30503
1.0,0.34284753,128.28947
1.0,0.39276525,89.106125
1.0,0.9880483,219.57338
1.0,0.49661076,112.84359
1.0,0.9999509,251.31532
1.0,0.9999995,12530.822
1.0,0.57801163,188.36732
1.0,1.0,195.98442
1.0,1.0,3081.735
1.0,0.68771267,84.18812
1.0,0.86324143,1492.7019
1.0,0.5567561,160.835
1.0,0.3599657,96.25102
1.0,0.50542927,104.813385
1.0,0.99375725,68.15993
1.0,0.771428,173.31374
1.0,0.26109922,86.34252
1.0,1.0,123.99184
1.0,0.6719761,136.32787
1.0,0.5303649,75.73382
1.0,0.4904547,96.356155
1.0,0.38334328,74.152695
1.0,0.37562862,87.409874
1.0,0.9094878,782.90265
1.0,0.5635574,79.86412
1.0,0.48690706,334.99017
1.0,0.9999993,100.42615
1.0,0.50266725,131.4744
1.0,0.09381761,173.36235
1.0,0.47578603,139.37253
1.0,0.99960405,77.78495
1.0,0.804777,66.172806
1.0,1.0,3132.3093
1.0,0.42927554,279.19254
1.0,0.13268352,75.3474
1.0,0.98785293,87.1587
1.0,0.9916528,88.98953
1.0,0.69033664,70.24992
1.0,0.790457,676.4259
1.0,0.21298021,108.997246
1.0,0.48477295,72.813225
1.0,0.47130972,107.45571
1.0,1.0,2513.9617
1.0,0.93286234,352.82764
1.0,0.1580733,74.997505
1.0,0.59669816,80.546906
1.0,0.54831475,88.85865
1.0,0.11776603,618.75903
1.0,0.893635,183.61923
1.0,0.4244608,72.686104
1.0,0.7072857,1599.8812
1.0,0.62214917,81.03018
1.0,0.9918052,543.658
1.0,0.22147286,118.791985
1.0,0.7611599,768.0181
1.0,0.84826046,87.24939
1.0,0.51777416,66.208725
1.0,0.9471169,121.530846
1.0,0.81302017,400.63785
1.0,0.6414853,85.60341
1.0,0.49856225,103.75752
1.0,0.47447526,104.84204
1.0,0.84001446,297.18375
1.0,0.5240491,67.34498
1.0,0.5803153,65.4682
1.0,0.7855796,132.46577
1.0,0.61439806,70.60911
1.0,0.3382335,167.49889
1.0,0.97202075,317.3965
1.0,0.3732805,70.26178
1.0,0.442246,96.94583
1.0,0.02476558,214.63713
1.0,0.34106576,89.177376
1.0,1.0,180.05351
1.0,0.8722327,270.73474
1.0,0.91433764,138.25285
1.0,0.95546997,122.14399
1.0,1.0,195.83836
1.0,0.4287565,71.056725
1.0,0.5092044,76.93982
1.0,0.99997246,72.76957
1.0,0.47024003,110.34254
1.0,0.5046702,107.80059
1.0,0.14401968,81.1314
1.0,0.41742593,156.98166
1.0,0.92313695,106.91876
1.0,0.23184246,136.84645
1.0,0.2689638,73.250755
1.0,0.5216928,83.30645
1.0,0.047223896,220.47627
1.0,0.51819825,83.47331
1.0,0.8958193,195.98917
1.0,0.99218494,743.8032
1.0,0.37205723,67.96091
1.0,0.567108,77.61544
1.0,0.50636333,87.73347
1.0,0.9726355,71.65381
1.0,0.29098186,243.07086
1.0,0.57384247,67.645294
1.0,0.5561528,65.83923
1.0,0.4057739,126.85838
1.0,0.6209941,72.053696
1.0,0.17952895,72.11529
1.0,0.5424585,86.1923
1.0,0.13522016,83.903435
1.0,0.46274623,108.8278
1.0,0.074528314,68.59297
1.0,0.64805037,67.505844
1.0,0.5544429,74.898125
1.0,0.43376812,93.388016
1.0,0.22186863,66.899666
1.0,0.46394098,78.594376
1.0,0.7318053,365.23065
1.0,0.40686148,73.5134
1.0,0.605816,289.29135
1.0,0.58074754,234.95622
1.0,0.027394297,80.74202
1.0,0.5937584,69.6383
1.0,0.32726973,127.55126
1.0,0.165801,92.70094
1.0,0.9971687,423.9958
1.0,0.43243453,108.34185
1.0,1.0,180.2615
1.0,0.15602729,76.658
1.0,0.6797605,66.84023
1.0,0.6202498,319.454
1.0,0.6726062,85.77165
1.0,0.4678269,99.31618
1.0,0.5007135,141.31995
1.0,1.0,11616.937
1.0,0.42970586,118.18483
1.0,0.41776052,87.72538
1.0,0.41776052,87.72538
1.0,0.18557946,68.4613
1.0,0.9999796,208.9188
1.0,0.5995805,127.44501
1.0,0.9510277,99.06673
1.0,0.9830155,338.31906
1.0,0.6251857,140.30072
1.0,0.16778067,66.04651
1.0,0.23048154,68.515816
1.0,0.15752652,66.06291
1.0,0.9999982,888.1598
1.0,0.7811641,95.42244
1.0,0.99998474,940.0072
1.0,0.99621576,6311.34
1.0,0.39013457,72.80767
1.0,0.43897107,123.25467
1.0,0.5272153,637.18494
1.0,0.99024606,516.63873
1.0,0.4924929,88.111595
1.0,0.63511604,87.1849
1.0,0.46503344,67.601845
1.0,0.74147594,97.97319
1.0,0.45590013,91.70903
1.0,0.9999999,68.877525
1.0,0.4101005,173.19284
1.0,1.0,10625.937
1.0,0.4493291,86.98976
1.0,0.55216503,109.34953
1.0,0.7032699,373.85657
1.0,0.99998057,71.74284
1.0,0.9999999,88.2735
1.0,0.4432859,77.255
1.0,0.30093202,192.82535
1.0,1.0,4659.2437
1.0,0.3626578,117.14575
1.0,0.80491,117.36384
1.0,0.31804067,66.21705
1.0,0.5535861,102.97206
1.0,0.63054293,79.805504
1.0,0.63112926,101.618
1.0,0.39209208,107.830246
1.0,0.52042246,197.56786
1.0,0.5029365,100.20201
1.0,0.9062788,85.14397
1.0,0.51137596,80.03167
1.0,0.74790335,81.656876
1.0,0.595944,70.58721
1.0,0.99980766,65.10761
1.0,0.16412738,73.78204
1.0,0.86953604,78.27062
1.0,1.0,174.19864
1.0,0.7968209,70.67108
1.0,0.5495344,124.78334
1.0,0.36169663,94.42416
1.0,0.39206696,259.26788
1.0,0.9058158,667.59375
1.0,0.7912562,112.52883
1.0,0.63728887,101.92792
1.0,0.36381936,255.42493
1.0,0.5940949,74.59005
1.0,0.4963557,69.129814
1.0,0.013311086,131.7206
1.0,0.49942166,79.06921
1.0,0.3268452,82.13096
1.0,0.6790576,104.68279
1.0,0.607106,78.8056
1.0,0.9653347,388.06494
1.0,0.45749852,73.061356
1.0,0.36294913,123.7685
1.0,0.06161765,93.75272
1.0,0.66011137,124.82822
1.0,0.9975204,160.40259
1.0,0.58238506,192.07007
1.0,0.9999317,1392.6859
1.0,0.9999999,5927.883
1.0,0.9998952,121.98631
1.0,0.46792743,96.66066
1.0,0.9951126,928.459
1.0,0.7583544,106.99004
1.0,0.43057567,80.57435
1.0,0.38387772,69.53487
1.0,0.44867525,75.44945
1.0,0.79652923,81.030136
1.0,0.10644616,199.18092
1.0,0.45551533,88.37251
1.0,0.40064433,71.64461
1.0,0.454964,119.5022
1.0,0.99997437,500.46582
1.0,0.4507849,115.96591
1.0,0.0906737,142.6823
1.0,0.35619485,161.82314
1.0,0.5061668,347.42047
1.0,0.3352527,161.97379
1.0,0.944873,174.75198
1.0,0.6837903,85.23918
1.0,0.5510563,87.42049
1.0,0.09674347,94.32051
1.0,0.44010255,95.454765
1.0,0.96211416,468.43137
1.0,0.96080965,80.830894
1.0,0.8067069,441698.94
1.0,0.50179297,76.36503
1.0,0.6239291,1.657148e+09
1.0,0.797538,307.49243
1.0,0.99991095,215.57843
1.0,0.9935913,109.13879
1.0,0.56100965,108.99353
1.0,0.40541503,123.47254
1.0,0.9750088,548.2981
1.0,0.88254833,76.30313
1.0,0.17921613,76.254684
1.0,0.5667575,543.22095
1.0,0.9960388,69.48639
1.0,0.46450678,251.80557
1.0,0.6188709,83.836624
1.0,0.98495436,957.67175
1.0,0.46052256,277.2357
1.0,4.62382e-05,80.51192
1.0,0.3755967,132.42688
1.0,0.388615,88.592606
1.0,0.97788996,857.8401
1.0,0.9656302,77.073135
1.0,0.079951644,87.18741
1.0,0.35881448,77.43465
1.0,0.9374478,103.04936
1.0,0.18842201,97.77771
1.0,0.9999988,12883.561
1.0,0.38943768,70.33113
1.0,0.47543666,75.560936
1.0,0.72920215,65.88328
1.0,0.61009353,91.45044
1.0,0.9658067,117.53922
1.0,0.24847719,69.65872
1.0,0.9885324,97.987015
1.0,0.64667344,71.648735
1.0,0.5930957,69.600746
1.0,0.36176214,87.15748
1.0,0.5658744,65.91963
1.0,0.57535076,87.11865
1.0,0.9989164,194.8308
1.0,0.70220673,77.89046
1.0,0.5723634,299.2513
1.0,0.6199308,162.57002
1.0,0.3969185,66.42788
1.0,0.6105268,378.8555
1.0,0.18851829,80.16248
1.0,0.9997676,87.232605
1.0,0.33302692,80.46709
1.0,0.46154216,147.23584
1.0,0.973928,152.67897
1.0,1.0,4220.694
1.0,0.99996877,1020.9111
1.0,0.16567366,94.6679
1.0,0.28706443,112.14881
1.0,0.3399127,111.52619
1.0,0.32411602,115.85665
1.0,0.3206493,105.0126
1.0,0.7675951,95.180626
1.0,0.10026985,123.727264
1.0,0.7192729,144.65395
1.0,0.7622152,138.41962
1.0,0.9999994,14871.073
1.0,0.99987936,70.314896
1.0,0.63505614,67.57502
1.0,1.0,80.12082
1.0,0.9748284,118.64508
1.0,0.11197462,631.51135
1.0,0.68527126,167.9119
1.0,0.49726194,66.661995
1.0,0.77025497,89.3277
1.0,0.9945952,739.4757
1.0,0.23649345,71.98535
1.0,0.9801624,759.7973
1.0,0.32780957,90.176056
1.0,0.9492551,157.9149
1.0,0.81483936,568.6283
1.0,0.99711573,99.19216
1.0,1.0,75.925224
1.0,0.12569253,70.88409
1.0,0.6859078,75.62235
1.0,0.14021648,83.47643
1.0,0.5090326,254.78099
1.0,0.92833126,315.32648
1.0,0.42026606,75.31295
1.0,0.65966713,74.402695
1.0,0.38387653,216.32555
1.0,0.46154216,141.56656
1.0,0.29503715,210.5909
1.0,0.8365402,98.63314
1.0,0.452326,87.01678
1.0,0.5818405,85.92291
1.0,0.7428358,89.22287
1.0,0.26993826,125.71212
1.0,1.0,2998.6438
1.0,0.9998523,534.4915
1.0,1.0,824.1922
1.0,0.5870081,87.02673
1.0,0.6314903,79.16432
1.0,0.2865864,182.75467
1.0,0.38488463,181.49498
1.0,1.0,209.55643
1.0,0.99819237,245.20374
1.0,0.5228746,99.03706
1.0,0.99999726,840.5123
1.0,0.99843746,571.46985
1.0,0.9931304,95.15847
1.0,0.99399513,85.482414
1.0,0.8346417,119.97482
1.0,0.8912693,439.12015
1.0,0.33206603,98.46505
1.0,0.31487936,85.07341
1.0,0.20746212,234.18692
1.0,0.4015641,66.303
1.0,0.97631806,113.67289
1.0,0.50212216,75.57466
1.0,0.51316756,105.46706
1.0,0.2384338,105.54073
1.0,0.6639469,70.94563
1.0,0.84580505,76.01335
1.0,0.3433798,68.90638
1.0,0.9892785,298.6485
1.0,0.5870575,80.697945
1.0,0.030801646,119.24452
1.0,0.7307989,78.99688
1.0,1.0,2512.4385
1.0,0.5213507,114.89631
1.0,0.46505055,112.43929
1.0,0.86741793,117.8678
1.0,0.7216733,72.8179
1.0,0.18668811,101.98759
1.0,0.7439663,68.82982
1.0,1.0,915.02094
1.0,0.9436444,141.13496
1.0,0.46035665,84.79528
1.0,0.18033403,115.58158
1.0,0.5723369,77.23103
1.0,0.3263667,102.16477
1.0,0.57350236,68.622574
1.0,0.98958874,161.26505
1.0,0.99999964,16360.466
1.0,0.9835556,665.0839
1.0,0.46130815,216.7466
1.0,0.059242506,82.14595
1.0,0.6181674,71.74601
1.0,0.7539996,149.40594
1.0,0.2795533,76.844215
1.0,0.16521637,67.095276
1.0,0.6859435,67.26362
1.0,0.11752342,106.347534
1.0,0.9780346,98.396904
1.0,0.11393507,68.928246
1.0,0.9999993,1759.7712
1.0,0.99985015,71.52457
1.0,0.50058573,74.01878
1.0,0.9978517,174.61926
1.0,0.4845009,134.09874
1.0,0.49915814,75.952515
1.0,0.53538364,74.27461
1.0,1.0,93.40444
1.0,0.31248683,106.065285
1.0,0.44076326,172.55688
1.0,0.83746827,107.45571
1.0,0.31424236,104.212494
1.0,0.9991252,4121.231
1.0,0.14433575,77.409355
1.0,0.8120014,159.07344
1.0,1.0,43706.625
1.0,0.6879173,116.0359
1.0,0.34455338,134.6444
1.0,0.98363966,184.49538
1.0,0.58103585,82.9111
1.0,0.78468937,74.0136
1.0,0.44146603,79.57792
1.0,0.3247917,119.25899
1.0,0.99996686,328.67435
1.0,0.49087754,89.9343
1.0,0.6345871,67.32132
1.0,0.38821158,113.36603
1.0,0.9755789,97.62089
1.0,0.5700051,90.889854
1.0,0.51259786,71.046776
1.0,0.9999682,111.47533
1.0,0.83807886,116.5314
1.0,0.52692324,67.715034
1.0,0.63783896,80.69737
1.0,0.99784255,585.373
1.0,0.48306683,76.130615
1.0,0.35288176,75.86527
1.0,0.47958976,125.20761
1.0,0.9996232,702.9421
1.0,0.8485466,138.03065
1.0,0.060365234,118.329735
1.0,0.35638115,107.90261
1.0,0.44626427,81.68079
1.0,0.99999917,140.77939
1.0,0.3471526,115.4017
1.0,0.40361872,179.98167
1.0,0.9994393,81.64083
1.0,0.78529304,92.64851
1.0,0.40761098,123.59339
1.0,0.5616497,73.433105
1.0,0.7401106,70.28028
1.0,0.8093615,373.29218
1.0,1.0,1399.1583
1.0,0.52604824,87.51823
1.0,0.9999962,216.7673
1.0,0.4445052,122.79696
1.0,1.0,13192.178
1.0,0.031587336,510.86295
1.0,0.34867406,141.16533
1.0,0.8915754,404.62885
1.0,0.6931382,160.71391
1.0,0.53326637,70.6121
1.0,0.20869854,68.614586
1.0,0.7940028,110.28495
1.0,0.38042125,85.50215
1.0,0.81570405,72.63018
1.0,0.18337224,82.24457
1.0,0.67895937,147.1199
1.0,0.9999993,119.41019
1.0,0.43697676,71.95139
1.0,0.99999833,92.531555
1.0,0.9307566,79.55447
1.0,1.0,31675.805
1.0,0.7962104,91.172905
1.0,0.30521712,104.694855
1.0,0.43725625,68.01409
1.0,0.98974013,70.197815
1.0,0.28232136,66.94937
1.0,0.5398087,93.78902
1.0,0.54776543,66.61312
1.0,0.58616555,66.00535
1.0,0.5296536,79.635254
1.0,0.39804655,104.40226
1.0,0.4368525,83.90891
1.0,1.0,13342.039
1.0,0.44702536,298.35074
1.0,0.51332176,85.17902
1.0,1.0,135855.17
1.0,0.5072833,67.7387
1.0,0.71649307,69.63234
1.0,1.0,330.26257
1.0,1.0,124.85391
1.0,0.9869016,1019.2965
1.0,0.5820769,78.30917
1.0,0.52501446,67.93174
1.0,0.90883523,239.34271
1.0,0.72277784,446.16534
1.0,0.98547655,151.5527
1.0,0.347701,88.092255
1.0,0.9653127,108.62676
1.0,0.70820934,102.15816
1.0,1.0,30198.822
1.0,0.5112514,112.860374
1.0,0.9997943,4260.577
1.0,0.42188555,66.41145
1.0,0.9997298,106.01888
1.0,0.7219476,76.11357
1.0,0.7563125,193.19482
1.0,1.0,65.576775
1.0,0.43482435,78.16765
1.0,0.35943323,213.05124
1.0,0.99810106,70.557014
1.0,0.094717644,202.96814
1.0,0.46722946,161.91635
1.0,0.62197393,72.8243
1.0,0.706624,65.23528
1.0,0.5977822,69.33764
1.0,0.5179151,80.18753
1.0,0.48454982,86.94937
1.0,0.6484557,134.1106
1.0,0.75250256,107.70317
1.0,0.99907446,152.72943
1.0,0.67888385,91.58021
1.0,0.69309694,76.39058
1.0,0.62560344,99.47382
1.0,0.9882089,76.22819
1.0,0.99510926,114.431435
1.0,0.47619417,91.01068
1.0,0.9921812,2595.9858
1.0,0.89658326,247.41862
1.0,0.14596917,94.61924
1.0,0.4852827,66.6116
1.0,0.3960423,93.173035
1.0,0.3975009,77.68765
1.0,0.27703065,73.51459
1.0,0.99999845,299.7324
1.0,0.6110366,84.7406
1.0,0.9576932,101.592064
1.0,0.9998375,89.23332
1.0,0.059087202,125.2741
1.0,0.78484386,86.873795
1.0,0.5859733,74.35309
1.0,0.4550194,68.32737
1.0,0.23899405,66.38747
1.0,0.7016713,70.2365
1.0,0.6256552,143.70888
1.0,0.29507002,99.516426
1.0,0.10031225,251.12141
1.0,0.011942796,574.8902
1.0,0.94023454,66.07349
1.0,0.3786466,171.72008
1.0,0.7634912,145.83884
1.0,0.26077485,74.58755
1.0,0.47698888,92.806274
1.0,0.9286004,85.55751
1.0,0.6956918,97.95205
1.0,0.8820172,164.87923
1.0,0.3991489,71.20747
1.0,0.63827163,68.47994
1.0,0.10245309,73.99989
1.0,0.20806421,265.7592
1.0,0.9847829,260.88812
1.0,0.99999845,302.6745
1.0,0.53600675,65.24496
1.0,0.8431119,117.91498
1.0,0.33974728,87.726105
1.0,0.4417592,85.91857
1.0,0.5282563,127.97897
1.0,0.67397547,212.66818
1.0,0.99092406,127.25883
1.0,0.4680884,81.15837
1.0,0.060179926,122.55997
1.0,0.596304,108.10408
1.0,0.22231857,93.23602
1.0,0.4957389,79.57237
1.0,0.37094903,83.0905
1.0,0.520193,87.51852
1.0,0.6995293,76.07476
1.0,0.22969137,98.768654
1.0,0.4212024,70.84433
1.0,0.6962587,79.315445
1.0,0.9936552,798.041
1.0,1.0,776.0002
1.0,0.14332524,71.11221
1.0,0.31791404,86.22261
1.0,0.3119021,80.09338
1.0,0.99999964,196.75694
1.0,0.5634341,88.77664
1.0,0.41941568,82.86367
1.0,0.9999993,2806.624
1.0,0.8879326,104.313286
1.0,0.99994564,133.15309
1.0,0.68754303,70.39832
1.0,0.4511415,68.59045
1.0,0.5471579,92.51823
1.0,0.36537874,570.8631
1.0,1.0,1124.2152
1.0,0.40158108,213.48209
1.0,0.3540945,107.260155
1.0,0.3309211,86.44098
1.0,0.4821613,66.35506
1.0,0.33496156,85.90994
1.0,0.6110195,90.12865
1.0,0.5267751,288.24362
1.0,0.99633455,655.6817
1.0,0.5263203,65.427864
1.0,0.9994325,104.78916
1.0,0.9966191,180.21025
1.0,0.66317934,78.626114
1.0,0.27457488,95.37664
1.0,0.43457633,82.370026
1.0,0.5359091,73.23857
1.0,0.9999976,217.29178
1.0,0.6680169,65.1345
1.0,0.29535544,542.97943
1.0,0.9962042,202.76746
1.0,0.41221398,103.384186
1.0,0.9999981,261.53085
1.0,0.98549116,692.41144
1.0,0.9319978,72.2263
1.0,0.8060896,834.6355
1.0,0.6797887,137.08601
1.0,0.47027713,146.64078
1.0,0.999977,94.720924
1.0,0.51000863,173.61273
1.0,0.80733013,552.1157
1.0,0.45201787,120.25085
1.0,0.21956734,74.849785
1.0,0.79258686,109.66623
1.0,0.9993494,86.58075
1.0,0.97520965,3731.5984
1.0,1.0,7591.4517
1.0,0.9984452,102.820045
1.0,0.47872406,77.38713
1.0,0.51557237,110.103226
1.0,0.29383874,70.93691
1.0,0.9999995,203.82727
1.0,0.35613355,94.83735
1.0,0.999869,99.59447
1.0,0.6176581,92.349045
1.0,0.9215476,4033.286
1.0,0.945058,68.7066
1.0,0.6162461,141.46642
1.0,0.6414272,75.03995
1.0,0.6205449,4.2795697e+09
1.0,0.9874993,158.26231
1.0,0.40524465,66.50768
1.0,0.6918774,73.7413
1.0,0.5747187,84.26871
1.0,0.7363417,852.0236
1.0,0.5948285,92.43294
1.0,0.9577454,172.91049
1.0,0.40564817,266.90622
1.0,0.22446516,339.59705
1.0,0.6000562,86.937416
1.0,0.9999902,277.30936
1.0,0.70566034,82.25613
1.0,0.43289512,98.190994
1.0,0.9999924,2375.1494
1.0,0.40195662,102.39606
1.0,0.44878268,72.32725
1.0,0.47644126,121.00851
1.0,0.9600853,87.45058
1.0,0.5065797,66.013245
1.0,0.987323,90.323204
1.0,0.44012463,178.31085
1.0,0.9996531,1250.0432
1.0,0.30758324,124.5834
1.0,0.5870799,92.24947
1.0,0.9999999,1376.6001
1.0,1.0,400.79953
1.0,0.9975483,246.88878
1.0,0.9992387,4516.6895
1.0,0.54780895,78.27545
1.0,1.0,103398.89
1.0,0.016583743,170.48555
1.0,0.84542346,426.1934
1.0,0.28545627,291.53867
1.0,0.50191224,136.7242
1.0,0.21271288,79.14868
1.0,0.5678121,86.1544
1.0,0.99639577,6148.7373
1.0,0.62689245,104.22038
1.0,0.6307471,83.16023
1.0,0.2817503,102.799675
1.0,0.6240386,89.28588
1.0,0.48237225,137.1195
1.0,0.99605703,496.44687
1.0,0.3200995,97.19384
1.0,1.0,178.13318
1.0,0.13556969,73.827034
1.0,0.9828992,243.46643
1.0,0.51055574,99.12404
1.0,0.64104384,102.77129
1.0,0.9971853,93.61222
1.0,0.51800853,89.99155
1.0,0.5797984,96.304596
1.0,0.1276048,71.360664
1.0,0.46154216,88.14849
1.0,0.99863213,124.44054
1.0,0.48241165,164.75471
1.0,0.5519266,119.73098
1.0,0.46154216,102.10428
1.0,0.702716,108.958
1.0,0.69292855,434.6448
1.0,0.51937336,67.123886
1.0,0.44892168,118.78338
1.0,0.34785923,162.34135
1.0,0.6516152,103.82504
1.0,0.30656192,79.42569
1.0,0.4798944,95.13988
1.0,0.3697246,66.39395
1.0,0.5985522,78.09958
1.0,0.5983477,77.78094
1.0,0.28662613,66.91094
1.0,0.99939597,28782.682
1.0,0.46154216,111.06691
1.0,0.43784967,905.4095
1.0,0.4246794,144.73648
1.0,0.9660987,389.18863
1.0,0.34570324,104.28237
1.0,0.58194345,77.81344
1.0,0.16669922,80.665344
1.0,0.6579192,79.26595
1.0,0.67316717,69.09574
1.0,0.9998254,278.32602
1.0,0.13681343,135.9226
1.0,0.45179093,69.002
1.0,0.99953425,118.04367
1.0,1.0,297.8006
1.0,0.6717195,139.15984
1.0,0.50771016,81.6703
1.0,0.5162284,206.06825
1.0,0.9997545,932.714
1.0,0.6438468,118.61135
1.0,0.63462365,91.09751
1.0,0.99999285,3478.5466
1.0,0.59415734,118.49387
1.0,0.99997604,634.7772
1.0,0.4466859,91.84043
1.0,0.3385023,85.13721
1.0,0.86460966,183.89018
1.0,0.9718893,65.96496
1.0,0.35057846,190.28714
1.0,0.6924706,71.67283
1.0,0.32008055,85.835365
1.0,0.40415534,77.89811
1.0,0.07444741,251.25407
1.0,0.352229,97.32347
1.0,0.99999976,67.605576
1.0,0.59291315,258.83868
1.0,0.7463837,118.72894
1.0,1.0,1390.362
1.0,0.4666144,100.4342
1.0,0.20315652,145.7516
1.0,0.54697096,68.73482
1.0,0.14866854,80.510414
1.0,0.24494793,72.48754
1.0,0.49383387,65.208305
1.0,0.9831498,67.85063
1.0,0.5890238,91.784836
1.0,1.0,6026.4688
1.0,0.98752844,837.5437
1.0,0.11673674,77.15224
1.0,0.9999988,258.21832
1.0,0.16360368,89.98883
1.0,0.021630393,313.9824
1.0,0.6064694,68.27577
1.0,0.59308213,76.676476
1.0,1.0,207.02515
1.0,0.90516585,152.24634
1.0,0.60249966,77.94857
1.0,0.6523792,85.43093
1.0,0.46302044,253.14073
1.0,0.79165894,91.09596
1.0,0.9214238,159.8838
1.0,0.72916406,189.83752
1.0,0.55387926,75.86514
1.0,0.99999404,11593.466
1.0,0.99999976,887.4346
1.0,0.16604319,109.998886
1.0,0.79205585,69.44846
1.0,0.47301155,390.64615
1.0,0.17596433,75.1459
1.0,0.62564343,70.99564
1.0,0.2549083,174.07933
1.0,0.48394042,71.88858
1.0,0.9585661,86.06902
1.0,0.99936956,926.85834
1.0,0.61696774,69.6936
1.0,0.5158941,176.07791
1.0,1.0,7940.084
1.0,0.63877237,91.88335
1.0,0.82395077,54224.934
1.0,0.15997113,81.266045
1.0,1.0,124.51878
1.0,0.30111706,104.03329
1.0,0.5681114,144.04883
1.0,0.98142576,582.5247
1.0,0.44543853,71.90419
1.0,0.344431,150.08704
1.0,0.6181801,132.23618
1.0,0.24113798,95.619606
1.0,0.8565097,431.17548
1.0,0.47880206,65.55295
1.0,0.22206983,93.15504
1.0,0.9999999,388.76987
1.0,0.38790476,82.98715
1.0,0.7106694,86.74805
1.0,0.7051531,69.22276
1.0,0.72493404,88.00041
1.0,0.413115,2941.7192
1.0,0.6657511,85.21855
1.0,0.56422174,68.66829
1.0,0.2490613,153.01596
1.0,0.93153864,82.09291
1.0,0.69714534,97.38678
1.0,0.6414117,112.41411
1.0,0.99993265,2550.5193
1.0,0.29199448,136.81918
1.0,0.59242135,101.922264
1.0,0.19887942,153.7114
1.0,0.98223513,70.973564
1.0,0.297241,85.82255
1.0,0.55898434,65.54398
1.0,0.9618279,243.72586
1.0,0.477627,75.19316
1.0,0.3856478,89.66912
1.0,0.5626086,135.9282
1.0,0.5723326,151.22815
1.0,0.66261685,73.36871
1.0,0.6111939,68.09154
1.0,0.40614846,79.457
1.0,0.04399213,71.71223
1.0,1.0,28349.86
1.0,0.36909038,82.06714
1.0,0.41151866,70.8446
1.0,0.4794346,197.79858
1.0,0.9999832,72.42875
1.0,0.25640246,197.07607
1.0,0.99985075,7517.1357
1.0,0.9475418,111.40699
1.0,0.9660896,74.79889
1.0,0.5136035,136.82977
1.0,0.502789,122.094246
1.0,0.11597596,66.77658
1.0,0.3817267,115.36807
1.0,0.21538456,70.916275
1.0,0.26328504,306.0416
1.0,0.56711704,85.42272
1.0,0.7077515,289.6702
1.0,1.0,282.82828
1.0,0.23339987,82.63609
1.0,0.48286694,72.509865
1.0,0.44422203,98.779366
1.0,0.9862422,86.67596
1.0,0.7004828,65.4267
1.0,1.0,2182.1462
1.0,0.9943581,83.31331
1.0,0.5538711,82.30898
1.0,0.37208995,115.001884
1.0,0.45676133,101.28433
1.0,0.52759147,90.06162
1.0,0.50080395,467.0245
1.0,0.78073704,77.40646
1.0,1.0,851.37976
1.0,0.56069434,85.45142
1.0,0.1097133,121.21275
1.0,0.19861284,123.08732
1.0,0.01776837,74.40372
1.0,0.5188479,67.39941
1.0,0.42576882,135.72314
1.0,0.8272151,82.027954
1.0,0.3377853,83.75999
1.0,0.48547572,86.47686
1.0,0.052891575,104.80613
1.0,1.0,6143.798
1.0,0.36715326,213.80157
1.0,0.65322876,103.200066
1.0,0.015596167,86.11322
1.0,0.36567685,182.95775
1.0,0.09771713,72.04365
1.0,0.80295074,73.2112
1.0,0.67312694,75.60989
1.0,0.86250126,524.7306
1.0,0.5325765,206.70116
1.0,0.12097253,413.64264
1.0,0.123865575,133.2238
1.0,0.48263168,101.38903
1.0,0.36606973,84.60023
1.0,0.52040637,71.60898
1.0,0.32631585,106.98006
1.0,0.9797829,187.3736
1.0,0.37653998,102.74382
1.0,0.17228971,77.66079
1.0,0.3473403,147.96243
1.0,0.19933364,72.90986
1.0,0.33328944,316.38177
1.0,1.0,10266.223
1.0,1.0,8913.254
1.0,0.3134344,337.33908
1.0,0.8706458,206.48975
1.0,0.3145227,82.94711
1.0,0.33858466,90.584404
1.0,0.3797308,265.3194
1.0,0.3436775,67.01027
1.0,0.4528221,122.774445
1.0,0.26808828,147.59402
1.0,0.38250288,89.49798
1.0,0.045565967,218.46504
1.0,0.49130982,143.39388
1.0,0.26257116,124.50354
1.0,0.96858424,276.0543
1.0,0.9612613,260.07974
1.0,0.64711004,86.11927
1.0,0.3676122,662.54425
1.0,0.5442618,73.53174
1.0,0.5164793,74.97752
1.0,0.061239842,99.0229
1.0,0.9999995,1308.0773
1.0,0.64276886,113.65885
1.0,0.9775929,128.62424
1.0,0.35001546,68.461655
1.0,0.2743734,96.34676
1.0,0.99999917,92.7586
1.0,1.0,109.7223
1.0,0.98999876,860.0932
1.0,0.09421418,66.92916
1.0,0.4273061,114.42176
1.0,0.54010826,68.95031
1.0,0.87679285,69.20652
1.0,0.20642422,71.912025
1.0,0.3458853,84.013596
1.0,0.9178413,78.34387
1.0,0.47192514,107.7603
1.0,0.10397331,86.805145
1.0,0.091973335,70.57931
1.0,0.40921038,157.07623
1.0,0.14171323,80.29387
1.0,0.93640184,117.02106
1.0,0.52907914,75.06623
1.0,0.66373813,71.32706
1.0,0.17197806,106.90743
1.0,0.22636764,233.38797
1.0,0.9953831,246.7209
1.0,0.45101744,65.15159
1.0,0.7137824,167.75885
1.0,0.5661091,124.143585
1.0,0.7803514,140.4601
1.0,0.6079908,65.944756
1.0,0.65782017,71.05376
1.0,0.5204257,114.22877
1.0,0.45301113,79.40027
1.0,0.76331913,103.94309
1.0,0.14918792,96.11321
1.0,0.994743,294.4133
1.0,0.5611778,290.79956
1.0,0.57778054,179.88419
1.0,0.70725733,88.08122
1.0,0.9654839,122.26656
1.0,0.1606591,153.38214
1.0,0.34580228,66.147255
1.0,0.55118316,127.87349
1.0,0.6463002,74.051094
1.0,0.7772835,93.869835
1.0,0.60455525,97.80541
1.0,0.83740044,260.3952
1.0,0.6412865,79.82237
1.0,0.76145655,102.446266
1.0,0.4914572,75.87977
1.0,0.99384415,88.7314
1.0,0.91234726,66.453285
1.0,0.6017787,129.38747
1.0,0.4434859,95.1488
1.0,1.0,237.00034
1.0,0.4473071,124.892166
1.0,0.114149876,117.60841
1.0,0.9360233,203.35338
1.0,0.5048668,139.62488
1.0,0.56171894,77.980606
1.0,0.7953817,96.554726
1.0,0.999962,7751.312
1.0,0.37454447,75.938896
1.0,0.9491082,143.20226
1.0,0.58475065,161.77171
1.0,0.6159118,101.53636
1.0,0.55009407,111.37464
1.0,0.9999852,66.517815
1.0,0.33202597,85.218506
1.0,0.7498575,127.717606
1.0,0.49661958,100.50667
1.0,0.4134086,66.3166
1.0,0.19313037,77.02902
1.0,0.99853086,105.775475
1.0,0.1575307,67.63215
1.0,0.5470406,149.03346
1.0,0.6750394,366.25708
1.0,0.49423203,79.51041
1.0,0.7370676,84.89987
1.0,0.99742496,114.7696
1.0,0.63816065,76.887764
1.0,0.7012863,108.16291
1.0,0.45002848,94.96345
1.0,0.8491126,965.6975
1.0,0.2637154,88.505005
1.0,0.9932522,260.2827
1.0,0.6941557,117.82982
1.0,0.06425461,306.2431
1.0,0.051363718,1.5651269e+08
1.0,0.9991511,1352.7499
1.0,0.9978574,110.370285
1.0,0.5611158,223.38713
1.0,0.7394141,78.239174
1.0,0.9208333,390.98297
1.0,0.524123,249.46759
1.0,0.6279659,302.71188
1.0,0.96009684,67.30015
1.0,0.57812405,168.28601
1.0,0.518333,68.63461
1.0,0.5239938,228.62148
1.0,0.7913871,7284.7373
1.0,0.5070966,97.08012
1.0,0.629925,68.23475
1.0,0.665596,96.82913
1.0,0.41579518,570.134
1.0,0.21165556,77.010925
1.0,0.42645246,65.940155
1.0,0.08838702,87.27337
1.0,0.3043192,256.98334
1.0,0.5311126,122.993965
1.0,0.5223061,104.862305
1.0,0.56083953,71.85035
1.0,0.6075394,91.80544
1.0,0.52691835,290.843
1.0,0.35521826,132.59572
1.0,0.41222358,73.33793
1.0,0.99995744,433.76782
1.0,0.004145165,294.0121
1.0,0.12564336,75.857605
1.0,0.4541782,73.20278
1.0,0.4430472,71.89246
1.0,0.998432,74.42358
1.0,0.7677022,87.77403
1.0,0.36163688,72.46114
1.0,0.545638,78.479256
1.0,2.121607e-16,79.57324
1.0,0.44970262,79.35604
1.0,0.99999964,6578.562
1.0,0.7467495,83.9127
1.0,0.64827555,86.174416
1.0,0.99830353,122.94968
1.0,0.8934126,178.6793
1.0,0.5237158,69.95436
1.0,0.20638208,136.56404
1.0,0.47590867,104.642624
1.0,0.24790092,177.09212
1.0,1.0,1750.0726
1.0,0.994194,713.5377
1.0,0.96866816,70.124
1.0,0.48214325,98.67722
1.0,0.5138875,67.68033
1.0,0.109285645,67.61318
1.0,0.68277526,129.51353
1.0,0.25400925,98.69513
1.0,0.5714812,141.86664
1.0,1.0,20665.01
1.0,0.7946849,71.474014
1.0,0.7264103,84.6708
1.0,0.6809805,147.27579
1.0,0.5322097,68.48427
1.0,0.8325402,143.00797
1.0,0.6286943,68.682106
1.0,0.5227385,73.8871
1.0,0.63304096,117.605316
1.0,0.24983941,762.4736
1.0,0.51419044,118.31142
1.0,0.46097282,67.3894
1.0,0.4999832,67.727234
1.0,0.5976617,101.04419
1.0,0.99993336,1867.4667
1.0,0.4592814,80.232574
1.0,1.0,2366.945
1.0,0.32682246,304.89456
1.0,0.51763994,452.4785
1.0,0.27432865,218.34969
1.0,0.23620981,364.11975
1.0,0.9732267,146.06703
1.0,0.9999802,454.04486
1.0,0.51815414,85.0485
1.0,0.997707,625.1686
1.0,0.33649912,125.842415
1.0,0.9999138,13249.836
1.0,0.8185755,215.47833
1.0,0.53690326,644.70526
1.0,0.67262036,75.15959
1.0,0.099895656,92.105865
1.0,0.45831844,75.849884
1.0,0.5747853,75.68156
1.0,0.5429707,148.1388
1.0,0.013028274,312.88083
1.0,0.48695374,88.92787
1.0,0.6612356,84.155304
1.0,0.33879235,202.69467
1.0,0.7766897,115.30387
1.0,0.26888973,165.55077
1.0,0.32033813,218.9245
1.0,0.53520757,82.18513
1.0,0.37252882,168.78415
1.0,0.47596106,217.46219
1.0,0.54756504,116.384544
1.0,0.47093046,73.15648
1.0,0.91926146,105.474815
1.0,0.63766116,301.29883
1.0,0.6004969,75.04695
1.0,0.38971972,81.72074
1.0,0.9946896,81.088165
1.0,0.17932521,137.5405
1.0,0.4061874,104.28569
1.0,0.105710246,131.70694
1.0,0.40879697,112.659134
1.0,0.7713643,75.85777
1.0,0.98793864,457.2233
1.0,0.9994585,145.62427
1.0,0.6222943,74.58008
1.0,0.80418706,4.821252e+07
1.0,0.9999758,185.19067
1.0,0.5321458,198.03653
1.0,0.7312155,69.92272
1.0,0.50570613,278.1473
1.0,0.62666416,76.4237
1.0,0.02490446,399.78143
1.0,0.4568266,91.99762
1.0,1.0,823.18384
1.0,0.6511197,286.78897
1.0,0.99736303,687.79517
1.0,0.46099532,324.01794
1.0,0.9976864,164.00662
1.0,0.6567272,88.29568
1.0,0.99998784,304.01425
1.0,0.27859798,279.71075
1.0,0.3198628,104.11453
1.0,0.99936897,78.77143
1.0,0.5991652,282.8848
1.0,0.45144343,99.0029
1.0,0.8738783,97.96189
1.0,0.9640293,76.6858
1.0,1.0,82.000534
1.0,0.45048058,136.29254
1.0,0.7216358,167.21077
1.0,0.31911302,69.34748
1.0,0.8132218,111.03277
1.0,0.73792535,114.89467
1.0,0.6776618,91.43561
1.0,0.98248106,372.06503
1.0,0.7669944,86.85157
1.0,0.5529055,73.707954
1.0,0.46205008,88.940445
1.0,1.0,3817.833
1.0,0.98774976,97.10776
1.0,0.9999716,121.90765
1.0,0.6395764,533.8894
1.0,0.47203544,74.474884
1.0,0.5573132,127.951996
1.0,0.9946009,173.61922
1.0,0.66034657,86.45094
1.0,0.5176413,66.356895
1.0,0.45936397,89.40617
1.0,0.57798004,122.04848
1.0,0.9830156,66.38984
1.0,0.30704123,216.06218
1.0,0.093432225,78.64437
1.0,0.30313057,94.7994
1.0,0.23111828,82.23665
1.0,0.440575,284.12695
1.0,0.96984136,77.88314
1.0,0.17852281,71.32788
1.0,0.38990828,151.48257
1.0,0.9880657,480.06567
1.0,0.3069117,75.674095
1.0,0.25503606,285.89297
1.0,0.9992895,89.264755
1.0,0.6442027,84.452156
1.0,0.58153594,124.552765
1.0,0.8813623,89.124664
1.0,0.1581069,171.35875
1.0,0.6121061,66.65811
1.0,1.0,292.8939
1.0,0.6853929,278.0629
1.0,0.5485709,138.93259
1.0,0.4812465,66.51003
1.0,0.6081365,1.9941681e+06
1.0,0.37093922,112.836525
1.0,0.22241473,969.2555
1.0,0.95123255,83.95665
1.0,0.93542206,151.50504
1.0,0.6597615,247.12581
1.0,0.5871466,70.123344
1.0,0.47251368,91.22943
1.0,0.1661146,73.96592
1.0,0.6426812,109.591545
1.0,0.6263795,67.11317
1.0,0.46646485,71.10761
1.0,0.5937951,925.4906
1.0,0.51292145,106.770424
1.0,0.12623675,69.93113
1.0,1.0,26538.758
1.0,0.33287448,76.21768
1.0,0.9985619,297.58487
1.0,0.70166785,106.924576
1.0,0.9957749,75.17919
1.0,0.59753186,84.208755
1.0,0.7719237,155.20819
1.0,0.9999832,449448.5
1.0,1.0,2029.2959
1.0,1.0,22407.371
1.0,0.1685698,108.07791
1.0,0.59937793,690.27356
1.0,0.71762395,85.588425
1.0,0.24471594,83.69568
1.0,0.87809956,77.62829
1.0,0.16220628,226.01682
1.0,0.7475013,1343.6005
1.0,0.9983835,1359.771
1.0,0.99999976,2801.5671
1.0,0.8215202,292.9442
1.0,0.43879363,270.43155
1.0,0.61710554,73.470795
1.0,0.56351846,463.20212
1.0,0.5112924,118.74269
1.0,0.6657243,145.6078
1.0,0.13574632,6.6683515e+10
1.0,0.28980842,72.22081
1.0,0.45559388,151.33205
1.0,0.5641025,75.72637
1.0,0.9999987,118.14617
1.0,0.8281056,88.687546
1.0,0.41938344,119.85909
1.0,0.34201747,129.82063
1.0,0.99999905,2276.8772
1.0,0.4896432,89.53127
1.0,1.0,11475.838
1.0,0.5732694,104.153755
1.0,0.6753902,91.97732
1.0,0.54878527,77.24799
1.0,0.13202801,89.128746
1.0,0.5560599,67.2105
1.0,0.9980749,92.11734
1.0,0.9987042,822.1306
1.0,0.9999373,463.9129
1.0,0.8137792,152.40665
1.0,0.9999485,1363.9076
1.0,0.60291225,80.33388
1.0,0.48983273,67.4621
1.0,0.25652045,117.64503
1.0,0.6874057,101.84474
1.0,1.0,21999.58
1.0,0.942664,115.103195
1.0,1.0,3336.258
1.0,0.43912154,134.7912
1.0,0.17201996,104.95491
1.0,0.3564681,125.64023
1.0,0.5354707,90.356285
1.0,0.36691192,71.51738
1.0,0.5475876,96.171135
1.0,0.100722976,175.17894
1.0,0.6245151,86.94916
1.0,0.6457251,77.97328
1.0,0.81778514,66.734474
1.0,0.5818238,108.02975
1.0,0.14582162,4.9925485e+10
1.0,0.5343804,73.74596
1.0,0.6725966,106.59057
1.0,0.5391138,147.58617
1.0,0.5762641,370.0685
1.0,0.5860101,247.79501
1.0,0.456365,76.60703
1.0,0.99773115,425.28073
1.0,0.72810405,82.87515
1.0,0.9999988,281.93164
1.0,0.94569564,173.5769
1.0,0.23673911,70.348175
1.0,1.0,122.2428
1.0,0.9994295,10567.981
1.0,0.9791779,91.64763
1.0,0.52991873,107.0582
1.0,0.81041133,75.20813
1.0,0.7090625,95.62139
1.0,0.3141392,72.895096
1.0,0.7519827,87.16841
1.0,0.9998932,101.9751
1.0,0.99992216,83.94978
1.0,0.9852728,115.855446
1.0,0.49049118,90.63997
1.0,0.7251097,89.31064
1.0,1.0,66.84232
1.0,0.5551139,104.60564
1.0,0.84787714,327.56546
1.0,0.3405493,79.32651
1.0,0.75255495,91.68721
1.0,0.73353004,97.47533
1.0,0.49509615,68.045616
1.0,0.99877363,3206.657
1.0,0.16969638,98.59032
1.0,0.4288643,79.89537
1.0,0.3711137,109.91975
1.0,0.5886007,124.54271
1.0,0.43439707,92.0661
1.0,0.06413005,190.78021
1.0,0.9998061,496.7544
1.0,0.99575305,175.28139
1.0,1.0,696.6777
1.0,0.51428705,94.75975
1.0,0.6366229,68.28886
1.0,0.71473724,73.29251
1.0,0.61945057,94.530014
1.0,0.7121654,66.71061
1.0,1.0,20098.848
1.0,0.48240831,83.810905
1.0,0.7337014,733.9281
1.0,0.61630315,85.616806
1.0,0.449589,201.5905
1.0,0.32909805,65.59827
1.0,0.9999857,248.10619
1.0,0.9999999,10393.2705
1.0,0.5486131,76.69281
1.0,0.6486115,66.6677
1.0,0.3059616,66.20987
1.0,0.52977055,102.715454
1.0,0.44785485,80.70313
1.0,0.23228115,354.20654
1.0,0.42528322,87.847115
1.0,0.57745,196.156
1.0,0.2720673,74.58825
1.0,0.49645177,69.266785
1.0,0.23283218,125.84539
1.0,0.806705,97.837555
1.0,0.3464689,151.42894
1.0,0.96966803,87.41569
1.0,0.99584097,658.47906
1.0,0.22764987,92.06315
1.0,0.4500499,71.16996
1.0,0.41775537,67.62369
1.0,0.2778738,246.65862
1.0,0.19939877,121.69822
1.0,0.42006966,65.134964
1.0,0.2946807,380.40417
1.0,0.6436302,90.26556
1.0,0.9294387,72.1027
1.0,0.97565913,104.20969
1.0,0.65030456,111.64847
1.0,0.84624743,198810.16
1.0,0.93099195,526.2318
1.0,0.5857588,68.31417
1.0,0.85765654,103.095985
1.0,0.47644266,131.75409
1.0,0.256698,141.79811
1.0,0.5119402,126.425804
1.0,0.15006043,109.31556
1.0,0.60023016,143.0989
1.0,0.2702156,75.04992
1.0,0.44794622,69.14826
1.0,0.35364702,124.95499
1.0,0.4761328,85.42204
1.0,0.9999994,98.57609
1.0,0.21376593,80.170364
1.0,0.32225594,116.05679
1.0,0.93272245,433.72235
1.0,0.6293656,177.4631
1.0,0.49034613,73.46343
1.0,0.5685346,68.33484
1.0,0.2637132,66.46912
1.0,0.9255167,340.23825
1.0,0.606582,106.614975
1.0,0.5734995,96.935394
1.0,0.4614274,286.03
1.0,0.6238657,682.4543
1.0,0.9999999,2096.0117
1.0,0.44246733,88.005005
1.0,0.9999225,94.97161
1.0,0.5550808,69.31043
1.0,0.40158492,74.03149
1.0,0.28940797,100.32299
1.0,0.7512142,646.7439
1.0,0.97895503,327.5678
1.0,0.102081716,69.07016
1.0,0.52600586,95.32646
1.0,0.7686604,106407.63
1.0,0.90338683,478.69403
1.0,0.9999168,82.923874
1.0,0.2621303,94.6719
1.0,0.8836344,80.93633
1.0,0.13260536,122.52391
1.0,0.504291,83.82935
1.0,0.6189389,95.09533
1.0,0.94948447,266.891
1.0,0.53391075,242.58469
1.0,1.0,1611.0781
1.0,0.4292672,90.06479
1.0,0.99987614,89.63765
1.0,0.94429076,740.673
1.0,0.38427123,76.042
1.0,0.5947828,186.85034
1.0,0.62343603,75.50787
1.0,1.0,112.164696
1.0,0.43392128,1048.6218
1.0,0.5549791,88.713936
1.0,0.97566265,120.085655
1.0,0.8289894,152.92635
1.0,0.4797709,264.77737
1.0,0.6778907,262.87555
1.0,0.096338406,96.25911
1.0,0.37261313,93.46356
1.0,0.5468121,94.72371
1.0,0.9252503,76.20112
1.0,0.5321079,125.061424
1.0,0.2572224,201.78337
1.0,0.9444842,218.4955
1.0,0.9936941,65.4464
1.0,0.53173697,124.6833
1.0,0.9914335,449.59088
1.0,0.99981624,89.39569
1.0,0.5804743,108.55117
1.0,0.600683,76.40738
1.0,0.99943346,1011.382
1.0,0.36277407,214.78813
1.0,0.4845308,108.16558
1.0,0.8002026,420.9263
1.0,0.65674466,167.46762
1.0,0.23341909,304.4311
1.0,0.293163,70.3639
1.0,0.6517431,73.1081
1.0,0.77921945,86.642654
1.0,0.7112649,145.11353
1.0,0.12056212,97.31754
1.0,0.9997162,328.35028
1.0,0.9963731,72.37346
1.0,0.99392116,68.79431
1.0,0.4866194,198.44856
1.0,0.5329864,76.30229
1.0,0.036075212,677.82733
1.0,0.39203724,154.77425
1.0,0.16182257,121.45281
1.0,1.0,163.73781
1.0,0.32683188,85.41958
1.0,0.9493194,540.60535
1.0,0.5334097,67.40838
1.0,0.7716476,68.2952
1.0,0.5812633,94.93671
1.0,0.79073006,112.852325
1.0,0.9999995,67.37993
1.0,0.39263463,72.641785
1.0,0.5083704,240.8736
1.0,0.3922891,90.31084
1.0,0.8996055,88.91423
1.0,0.4736827,100.524216
1.0,0.1744709,133.86792
1.0,0.7069679,193.77202
1.0,0.4524107,82.33533
1.0,0.99989784,116.032715
1.0,0.55152094,133.0852
1.0,1.0,33506.26
1.0,0.99991107,88.60297
1.0,0.64547485,116.128876
1.0,0.99999964,357.37875
1.0,0.99999976,375.23834
1.0,0.62482405,74.70221
1.0,0.8826585,514.7804
1.0,0.88843364,181.57083
1.0,0.28067496,86.84614
1.0,0.64478207,68.57174
1.0,0.57286596,117.876015
1.0,1.0,68.40136
1.0,0.4564889,67.2196
1.0,0.70578974,120.81196
1.0,0.9436824,67.966446
1.0,0.6342501,72.64621
1.0,0.9786199,806.8351
1.0,0.32198504,136.8059
1.0,0.23214538,89.431526
1.0,0.4051352,89.64525
1.0,0.49118456,68.76371
1.0,1.0,5574.7524
1.0,1.0,813.28906
1.0,0.68332535,96.86119
1.0,0.5498945,95.65369
1.0,0.9312123,163.55634
1.0,0.33024588,351.30133
1.0,0.4269829,271.2313
1.0,0.711783,72.3998
1.0,0.16915785,183.28546
1.0,0.05225504,215.16838
1.0,0.38776734,87.96675
1.0,0.49966922,65.0627
1.0,0.4419501,69.151886
1.0,0.5471314,74.96429
1.0,0.4986875,130.35396
1.0,0.26049444,109.07691
1.0,0.58496314,80.48925
1.0,0.56085825,177.37866
1.0,0.5018063,86.06066
1.0,0.495956,138.22098
1.0,0.6458151,100.40636
1.0,0.8387008,72.522804
1.0,0.6819708,66.741066
1.0,0.32314035,89.23301
1.0,0.66567475,66.67919
1.0,0.9976768,302.60672
1.0,0.14477813,65.60365
1.0,0.46519658,141.82661
1.0,0.81257373,277.81647
1.0,0.68170696,69.69886
1.0,0.19081566,96.66284
1.0,0.30912068,80.422905
1.0,1.0,16213.954
1.0,0.9050016,438.7356
1.0,0.5226974,122.61892
1.0,0.8422788,141.71991
1.0,0.25221774,90.23524
1.0,0.52805996,95.74699
1.0,0.71110547,146.37865
1.0,0.99086446,481.57022
1.0,0.44014248,184.39796
1.0,0.34680638,67.431046
1.0,0.60255396,67.52829
1.0,0.41186517,90.31054
1.0,0.13439444,161.05908
1.0,0.99950826,612.71747
1.0,0.37720162,380.51947
1.0,0.30076808,92.097824
1.0,0.5208706,105.86116
1.0,0.6832869,5.925319e+07
1.0,0.9566974,77.61808
1.0,0.9942253,237.51637
1.0,0.9999999,71.09625
1.0,0.1285446,79.248055
1.0,0.9156647,200.10056
1.0,0.5670389,67.27056
1.0,0.92338437,84359.336
1.0,0.95743597,260.72305
1.0,0.005666495,195.64247
1.0,0.9999964,185.69572
1.0,0.39364693,95.552025
1.0,0.99994266,1623.3566
1.0,0.93723494,70.5163
1.0,1.0,181.37337
1.0,0.5591519,130.55835
1.0,0.13779266,224.37222
1.0,1.0,237.48209
1.0,0.6533715,189.09145
1.0,0.58937234,83.95181
1.0,0.2521731,125.68921
1.0,0.46222386,66.24541
1.0,0.38702354,68.18327
1.0,0.7173876,301.1186
1.0,0.58630973,114.86478
1.0,0.6412234,75.45568
1.0,0.99746907,1.4964285e+06
1.0,0.5097308,69.04707
1.0,0.5717635,131.60133
1.0,0.5728619,75.13884
1.0,0.63883424,402.67526
1.0,0.48824826,65.96845
1.0,0.3131744,103.90806
1.0,0.99930954,1853.6838
1.0,0.46154216,73.958466
1.0,0.4829218,68.83458
1.0,0.31669402,69.16601
1.0,0.99953175,766.24133
1.0,0.6099597,70.09421
1.0,0.314034,78.04652
1.0,0.6350075,185.72438
1.0,0.4850302,69.04175
1.0,0.5764229,81.98149
1.0,0.3464917,94.71609
1.0,0.6882076,100.25461
1.0,0.9944425,86.26998
1.0,0.9999999,79.061874
1.0,0.4883096,85.92758
1.0,1.0,67796.73
1.0,0.55837804,85.36199
1.0,0.9325869,113.71646
1.0,0.9588087,412.4155
1.0,0.9093892,70.24697
1.0,0.47418717,70.56157
1.0,0.32116196,68.502014
1.0,0.07522943,184.9712
1.0,0.6786074,161.75137
1.0,0.99930227,7.632144e+07
1.0,0.9999474,207.49757
1.0,0.4185401,149.87354
1.0,0.24081111,144.34125
1.0,0.44443303,83.89894
1.0,0.313534,86.27147
1.0,0.9338536,77.4224
1.0,1.0,68.10679
1.0,0.9999081,442.03076
1.0,0.99999976,7680.535
1.0,0.41014722,69.07648
1.0,0.99941456,186.19868
1.0,0.5077747,67.08193
1.0,0.49485478,216.69295
1.0,0.18494834,106.61679
1.0,0.10152661,164.31267
1.0,0.99999344,211.77599
1.0,0.65948164,128.5561
1.0,0.49466524,667.5963
1.0,0.083951205,88.52124
1.0,0.54868746,73.433556
1.0,0.5248559,71.329254
1.0,0.3654381,99.04258
1.0,0.5861606,94.788864
1.0,0.40396807,115.97343
1.0,0.5760829,103.28792
1.0,0.49486786,112.25735
1.0,0.6121533,79.702896
1.0,0.9039151,112.103874
1.0,0.36192444,94.2828
1.0,0.9999423,135.37163
1.0,0.69901985,121.82055
1.0,0.27470067,116.67479
1.0,0.09329959,68.893745
1.0,0.6418086,86.54299
1.0,0.9877059,334.18674
1.0,0.5818979,268.9119
1.0,0.423127,483.2429
1.0,0.48887807,68.18505
1.0,0.411616,127.40332
1.0,0.51116216,90.34535
1.0,0.09380622,83.74086
1.0,0.3774541,150.53313
1.0,0.8223002,86.44413
1.0,0.99767894,1133.4624
1.0,0.4877548,66.84689
1.0,0.06816073,654.6167
1.0,0.52235574,84.349846
1.0,0.5665709,93.96316
1.0,0.47592434,112.22025
1.0,0.13085069,94.69329
1.0,0.5534572,110.73127
1.0,0.99999785,84.13101
1.0,0.5337733,136.42917
1.0,0.9146994,80.70198
1.0,0.5669474,82.613235
1.0,0.7279255,77.74034
1.0,0.13449459,98.96279
1.0,0.9559226,127.70989
1.0,0.0049477955,6545.589
1.0,0.37130767,331.27402
1.0,0.12213274,80.00153
1.0,0.118128285,70.616325
1.0,0.5662781,78.40459
1.0,0.55545956,69.51834
1.0,0.9817801,327.23602
1.0,0.34903604,119.52188
1.0,0.5827063,86.89559
1.0,0.9999808,88.37746
1.0,0.13478431,523.03174
1.0,0.4897267,78.73911
1.0,0.43341926,71.5475
1.0,0.8694118,88.34326
1.0,0.012454813,639.8511
1.0,0.4535662,101.47986
1.0,0.9443517,65.903534
1.0,0.30616796,137.9708
1.0,0.9999186,345.90295
1.0,0.13365766,207.34715
1.0,0.16731139,76.57119
1.0,0.68968457,332.26648
1.0,0.44467336,185.44319
1.0,0.8042868,96.546326
1.0,0.6475008,123.80438
1.0,0.08260862,334.59924
1.0,0.32784426,74.78017
1.0,0.4434582,164.60411
1.0,0.5611462,76.54278
1.0,0.8803671,98.43402
1.0,0.41212693,65.86986
1.0,0.3274807,193.93825
1.0,0.9999584,229.0818
1.0,0.7047414,68.38407
1.0,0.71570605,257.1973
1.0,0.60881984,131.32867
1.0,0.99989796,68.0722
1.0,0.09109185,228.89287
1.0,0.6320559,466.57962
1.0,0.7128707,76.99
1.0,0.63405746,271.50528
1.0,0.69784063,74.14177
1.0,0.9998609,2718.6907
1.0,0.5827117,106.974304
1.0,0.66229534,1.1820508e+07
1.0,0.35308352,352.61676
1.0,0.28226116,70.80323
1.0,0.46154216,122.74675
1.0,0.47892615,86.56535
1.0,0.82012326,190.95184
1.0,0.41487098,139.29665
1.0,0.25326014,166.78033
1.0,0.41602615,68.18161
1.0,0.9996216,154.1289
1.0,0.99126196,809.14294
1.0,0.62095076,79.125786
1.0,0.791134,174.41806
1.0,0.5075584,84.89361
1.0,1.0,28110.697
1.0,0.43862933,90.33917
1.0,0.35393482,97.43298
1.0,0.4704851,209.47281
1.0,0.99999094,5819.5283
1.0,0.4438727,125.60065
1.0,0.88967985,97.26915
1.0,0.5043428,94.67284
1.0,0.08208965,871.80853
1.0,0.54174954,81.512215
1.0,0.42933372,2685.4324
1.0,0.1813472,486.3597
1.0,0.41136268,187.161
1.0,0.9999999,268.13736
1.0,0.999686,24950.129
1.0,0.765952,103.06894
1.0,0.8468073,481.9929
1.0,0.62207353,163.80038
1.0,0.6899052,103.48964
1.0,0.6521759,99.3567
1.0,0.46176553,111.31132
1.0,0.92041844,191.5686
1.0,0.42645368,75.457344
1.0,0.394038,75.672806
1.0,0.99925596,579.493
1.0,0.89388204,1790.0261
1.0,0.46907777,218.79222
1.0,0.4836561,118.62828
1.0,0.5867979,324.8952
1.0,0.21184845,363.2742
1.0,0.1905129,241.99252
1.0,0.43873033,170.62018
1.0,0.82057655,352.42847
1.0,0.44575766,629.8142
1.0,0.30116987,100.45504
1.0,0.18102401,86.713486
1.0,0.7236842,103.313385
1.0,0.27498087,73.45871
1.0,0.5999258,98.534805
1.0,0.5308565,76.91398
1.0,0.4881849,183.06052
1.0,0.6231137,90.79824
1.0,0.4882822,226.90248
1.0,0.91642797,493.23834
1.0,0.4810445,314.01276
1.0,1.0,306.6408
1.0,0.9018082,79.69373
1.0,0.9999956,97.752754
1.0,1.0,6686.468
1.0,0.77661395,252.30801
1.0,0.9355804,73.69513
1.0,0.49464995,81.39345
1.0,0.55684584,77.741196
1.0,0.46154216,72.482025
1.0,1.0,96.615486
1.0,0.17376283,72.407814
1.0,0.5692105,83.25849
1.0,0.5063518,67.202644
1.0,0.9454473,73.89282
1.0,0.74802047,91.43711
1.0,0.6996294,119.904236
1.0,0.25125635,123.26644
1.0,0.98433787,312.89252
1.0,0.9999858,79.806114
1.0,0.55978066,70.35795
1.0,0.12240069,99.22596
1.0,0.42354438,137.68297
1.0,0.6626976,65.19592
1.0,0.46154216,102.288574
1.0,0.9991928,981.96704
1.0,0.9999995,34612.062
1.0,0.9129382,120.244644
1.0,0.9991818,170.987
1.0,0.45596644,80.94971
1.0,0.6529346,125.49933
1.0,0.9999958,144.88658
1.0,0.6100237,88.204765
1.0,0.46121237,70.63423
1.0,1.0,368.08936
1.0,0.4575088,67.5632
1.0,0.14775418,92.79168
1.0,0.9999993,851.8356
1.0,1.0,716.4317
1.0,0.9870237,1664.2592
1.0,0.56663406,69.71486
1.0,0.7336074,69.96976
1.0,0.9996082,408.65582
1.0,0.206609,72.75888
1.0,0.44684753,76.95032
1.0,1.0,6955.7476
1.0,0.51930887,73.05141
1.0,0.7153527,131.09593
1.0,0.30491647,92.77487
1.0,0.578843,126.265305
1.0,0.24806319,81.02671
1.0,0.7008076,292.17682
1.0,0.5243445,76.29274
1.0,0.4746898,99.0095
1.0,0.8094587,234.25095
1.0,0.31051704,192.1596
1.0,0.2691972,215.86987
1.0,0.4937511,65.80363
1.0,0.19096261,168.25682
1.0,0.99891746,226.41223
1.0,0.99999714,264896.16
1.0,0.29010117,107.85073
1.0,0.50481796,77.13561
1.0,0.99598145,222.01662
1.0,0.32666737,80.22864
1.0,1.0,2029.4697
1.0,0.999998,1647.844
1.0,0.4377275,81.0
1.0,0.39530927,72.601616
1.0,0.9999912,21843.205
1.0,0.9999422,529.1455
1.0,0.9998559,360.3164
1.0,0.99847406,69.9596
1.0,0.50070393,101.54299
1.0,0.3997824,353.3419
1.0,0.9932986,2032.777
1.0,0.23773514,133.39526
1.0,0.4508392,128.83624
1.0,0.32366365,73.907715
1.0,0.418864,216.62206
1.0,0.07432777,117.264595
1.0,0.7578297,675.1397
1.0,0.9999931,4660.876
1.0,0.9999877,672.72156
1.0,0.30218247,165.70834
1.0,0.5939971,160.39018
1.0,0.3586276,117.79677
1.0,0.19286186,65.12763
1.0,0.4123406,149.51688
1.0,0.58875215,75.19019
1.0,0.80227566,70.22339
1.0,0.6211584,101.01674
1.0,0.61677396,93.791824
1.0,0.99993825,77.48065
1.0,0.6721869,96.686325
1.0,0.7029365,89.73915
1.0,0.26712278,197.10355
1.0,0.6400799,75.52987
1.0,0.9967097,146.84749
1.0,0.39663836,281.54883
1.0,0.16410305,95.183914
1.0,0.40405217,338.10367
1.0,0.595185,71.70093
1.0,0.30034873,65.78609
1.0,0.24516928,169.05548
1.0,0.66841215,84.51532
1.0,0.6227942,100.308784
1.0,0.99779874,67.386734
1.0,0.64598405,123.66791
1.0,0.99998903,217.32208
1.0,0.5203079,245.37085
1.0,0.30252105,168.2705
1.0,0.25504276,109.11926
1.0,0.757527,107.595665
1.0,0.41796744,79.07739
1.0,0.37320355,81.461174
1.0,0.16550538,113.11078
1.0,0.35113177,75.89855
1.0,0.26645228,71.163574
1.0,0.7248568,102.53533
1.0,0.4456187,75.480644
1.0,0.8434434,713.8613
1.0,0.36283696,125.962616
1.0,0.07409867,89.18868
1.0,0.4644857,87.06525
1.0,0.9804339,650.2349
1.0,0.8176184,140.18777
1.0,0.99999475,134.12584
1.0,0.5827307,77.35371
1.0,0.95575714,235.01105
1.0,0.59144914,67.3579
1.0,0.9886889,302890.75
1.0,0.54271734,225.54755
1.0,1.0,960356.25
1.0,0.6666828,68.16069
1.0,0.9997638,114.38779
1.0,0.008475035,144.1751
1.0,0.3634808,95.18903
1.0,0.7013307,240.29749
1.0,0.99652714,349.73056
1.0,0.99999774,751.7094
1.0,0.77744097,68.171036
1.0,0.550604,190.09137
1.0,0.46104375,351.36093
1.0,0.99248946,86.0515
1.0,0.9989429,61574.996
1.0,0.47158098,84.6851
1.0,0.58383167,71.84678
1.0,0.73675174,78.76051
1.0,0.5050724,118.91002
1.0,0.9999994,278.83316
1.0,0.43702388,101.75371
1.0,0.5249817,1.4397957e+07
1.0,0.99999964,401.85068
1.0,0.9928262,177.80763
1.0,0.4371472,194.22998
1.0,0.5898448,75.7857
1.0,0.6359265,326.01007
1.0,0.45789146,67.95203
1.0,0.4368673,84.55932
1.0,0.4368673,84.55932
1.0,0.48078373,208.95596
1.0,0.44087464,67.06845
1.0,0.51471555,112.63749
1.0,0.5448537,85.51314
1.0,0.99999666,935.0149
1.0,0.28346717,97.06656
1.0,0.47226468,106.30294
1.0,0.19658044,101.888535
1.0,0.45320103,122.11349
1.0,0.33539188,72.107704
1.0,0.2669504,110.08292
1.0,0.31370243,82.12985
1.0,0.55455166,81.850044
1.0,0.047615424,335.16638
1.0,0.9961998,1326.6721
1.0,0.4366214,91.205246
1.0,0.5438416,69.46841
1.0,0.7170753,103.91348
1.0,0.10033717,103.96997
1.0,0.68901986,73.75568
1.0,0.40385345,15942.856
1.0,0.56108224,120.745255
1.0,0.45631328,92.7169
1.0,0.19413452,280.56522
1.0,0.69515246,96.28921
1.0,0.11102797,97.10605
1.0,0.76566625,116.24305
1.0,0.24371293,65.21317
1.0,0.46153077,68.68507
1.0,0.9999999,1534.5568
1.0,0.9999993,2052.0588
1.0,0.7043244,76.23455
1.0,0.37588474,88.11895
1.0,0.56590295,118.85461
1.0,0.4348581,148.65219
1.0,0.65062356,232.43169
1.0,0.32788897,66.14861
1.0,1.0,132874.22
1.0,0.51096106,453.4749
1.0,0.44921604,599.84686
1.0,0.5340474,71.908356
1.0,0.4708693,105.64803
1.0,0.999997,9241.573
1.0,0.46224877,251.88701
1.0,0.31307647,95.9708
1.0,0.64086473,78.38483
1.0,0.6348841,65.75868
1.0,0.6782157,71.71685
1.0,0.048219383,67.625244
1.0,0.99985373,1882.0712
1.0,0.46701717,73.470184
1.0,0.9911193,291.40475
1.0,0.21110728,96.55918
1.0,0.63317686,107.254265
1.0,0.22242491,278.961
1.0,0.5299154,257.76538
1.0,0.5298948,83.95412
1.0,0.31969127,84.39876
1.0,0.6286821,83.55763
1.0,0.4646382,91.265396
1.0,0.024181757,73.945335
1.0,0.097117364,93.10174
1.0,0.34770435,123.94365
1.0,0.51482636,68.02335
1.0,0.55210584,108.667145
1.0,0.75164163,173.69653
1.0,0.38074246,109.512215
1.0,0.3487875,128.93764
1.0,0.76577723,67.31227
1.0,0.83714116,85.61493
1.0,0.989776,76.28089
1.0,0.80482525,77.073875
1.0,0.4948194,101.17991
1.0,0.87831205,87.057915
1.0,0.5006017,199.17523
1.0,0.86755186,5791.517
1.0,0.9999578,5076.713
1.0,0.5241243,102.64341
1.0,0.99999905,3774.2559
1.0,0.99999094,109.380516
1.0,0.5784996,81.03536
1.0,0.8835733,132.31184
1.0,0.6562762,65.31511
1.0,0.43468615,97.24646
1.0,0.9999813,3961.7107
1.0,0.2027191,80.42348
1.0,0.72180253,73.01729
1.0,0.97289914,388.7242
1.0,0.31694603,71.04185
1.0,0.49971122,209.56241
1.0,0.6501447,69.13661
1.0,0.99784553,154.03061
1.0,0.29970235,188.98352
1.0,0.65076184,88.64303
1.0,1.0,9117.701
1.0,0.23306839,72.787605
1.0,0.2804378,105.54444
1.0,0.6741612,81.64747
1.0,0.3080844,65.63132
1.0,0.48601,138.25877
1.0,0.024108335,78.702034
1.0,0.88271517,95.85922
1.0,0.22158268,179.80391
1.0,0.23094608,65.47113
1.0,0.9613039,77.00674
1.0,0.07712662,78.173485
1.0,0.11572708,78.421455
1.0,0.99989986,366.4578
1.0,1.0,179.09923
1.0,0.46763402,77.74805
1.0,0.28295484,118.097275
1.0,0.9701114,4.0792154e+09
1.0,0.9775848,370.18756
1.0,0.33853546,68.35052
1.0,0.50661904,87.69844
1.0,0.89557546,141.53773
1.0,0.36052215,72.407555
1.0,0.9999999,1136.0177
1.0,0.64989185,99.01496
1.0,0.52008563,67.974976
1.0,0.1356543,540.7137
1.0,0.99995303,391.3562
1.0,0.48803687,203.1717
1.0,0.52942896,69.01306
1.0,0.09332577,73.79889
1.0,0.31667507,66.01771
1.0,0.32166597,92.26553
1.0,1.0,5828.6826
1.0,0.2881585,117.02607
1.0,0.87530035,103.91788
1.0,0.6696561,78.9496
1.0,0.23562889,129.42435
1.0,0.9997571,2561.3938
1.0,0.4821941,69.555756
1.0,0.9919891,117.77963
1.0,0.52815276,102.99801
1.0,0.9998066,1725.819
1.0,0.47402006,67.08944
1.0,0.2659409,686.36334
1.0,0.49294752,66.21796
1.0,0.3373609,71.798965
1.0,0.7745692,85.718155
1.0,0.46802318,74.04616
1.0,1.0,88.00198
1.0,0.5454453,67.67013
1.0,0.99912494,372.98123
1.0,0.34493208,118.93241
1.0,0.465837,117.16543
1.0,0.97508335,93.96269
1.0,0.63082844,70.184586
1.0,0.5814989,76.11457
1.0,0.958783,657.4103
1.0,0.6235275,386.5572
1.0,0.5414373,79.970535
1.0,0.59045506,66.70226
1.0,0.72214377,100.40299
1.0,0.3548056,154.81827
1.0,0.999964,2215.233
1.0,0.60264117,72.540085
1.0,0.5497062,79.09443
1.0,0.36077452,136.20555
1.0,0.9870811,940.40155
1.0,0.50799084,101.59786
1.0,0.24990176,120.44317
1.0,0.36674178,84.5253
1.0,0.99732435,657.53485
1.0,0.38351122,77.32677
1.0,0.2637664,84.58137
1.0,0.44898185,81.29743
1.0,0.08970006,181.77548
1.0,0.4070965,254.45308
1.0,0.04899809,83.469284
1.0,0.6941784,92.346054
1.0,0.68049896,80.54839
1.0,0.10726907,129.91588
1.0,0.6575366,942.71515
1.0,0.61846983,69.04683
1.0,1.0,28330.068
1.0,0.6949898,112.14469
1.0,0.22173858,137.54593
1.0,0.9393164,113.224846
1.0,0.5051104,68.53002
1.0,0.52936023,68.689926
1.0,0.5308831,115.912895
1.0,0.64034677,65.052734
1.0,0.5925649,94.179184
1.0,0.026190007,328.04434
1.0,0.7130629,130.88545
1.0,0.590917,82.195145
1.0,0.52735883,206.15266
1.0,0.12729575,70.554474
1.0,0.99999654,1953.0444
1.0,0.5640111,76.37492
1.0,0.8181172,106.70532
1.0,0.04291317,67.280014
1.0,0.5256794,129.33861
1.0,0.2830025,79.79904
1.0,0.9053862,202.29204
1.0,0.25672913,179.55504
1.0,0.12665659,125.13072
1.0,0.3258917,104.03255
1.0,0.7425606,202.62602
1.0,0.3313797,96.155594
1.0,0.4310471,94.13948
1.0,0.38899562,85.54845
1.0,0.55034524,79.08388
1.0,1.0,118.75104
1.0,0.9999949,118.206245
1.0,0.63722533,66.40653
1.0,0.99593794,100.84541
1.0,0.92407584,94.987434
1.0,0.12705764,103.96746
1.0,0.5079964,342.39624
1.0,0.3746657,107.30775
1.0,0.7842734,297.48132
1.0,0.42834494,260.0726
1.0,0.6012617,169.01521
1.0,0.4530376,88.92907
1.0,0.9942116,3010.7068
1.0,0.07497821,132.8611
1.0,0.63471574,65.0702
1.0,0.7762524,80.06001
1.0,0.45202458,99.48829
1.0,0.69234014,130.75949
1.0,0.55314016,75.48587
1.0,0.96531326,192.66907
1.0,0.8891529,102.36087
1.0,0.99934465,83.20302
1.0,0.6966631,119.10203
1.0,0.18679981,115.18157
1.0,0.64339614,86.56651
1.0,0.15321706,160.52795
1.0,0.054477,102.33705
1.0,0.6575248,108.24637
1.0,0.55940276,66.22625
1.0,0.5006467,77.99788
1.0,0.9840097,214.51614
1.0,0.5956615,67.149445
1.0,0.3880628,1240.2164
1.0,0.57810336,102.946846
1.0,0.7016348,70.16274
1.0,0.52423316,70.61954
1.0,0.28368255,95.64072
1.0,0.7530805,70.44845
1.0,0.11169319,72.454834
1.0,0.29092595,119.3592
1.0,0.5825443,81.398544
1.0,0.96521354,436.59286
1.0,0.9417616,245.7259
1.0,0.35073444,85.78877
1.0,0.52805084,231.31914
1.0,0.10586151,69.28447
1.0,0.44705948,79.66762
1.0,0.29520142,86.91236
1.0,0.12009306,69.11228
1.0,0.7052856,77.86156
1.0,0.9934644,73.38227
1.0,0.56123877,66.246735
1.0,0.95562553,197.33449
1.0,0.5820882,97.59374
1.0,0.56012666,70.00576
1.0,0.78689104,98.81426
1.0,0.4757533,85.93513
1.0,0.45950693,66.905266
1.0,0.33690915,76.69209
1.0,0.5481346,187.92123
1.0,0.36026168,86.610886
1.0,0.49674028,176.8974
1.0,0.48301265,74.12461
1.0,0.9861519,71.26721
1.0,0.70484674,74.669304
1.0,0.61498135,145.33644
1.0,0.5477416,147.68895
1.0,0.58396286,77.85933
1.0,0.16653928,147.37672
1.0,0.94037896,97.763916
1.0,0.505522,106.00858
1.0,0.174228,118.2113
1.0,0.05688948,149.07037
1.0,0.14757958,77.43091
1.0,0.008574254,311.76566
1.0,1.0,1832.5035
1.0,0.5802918,366.99554
1.0,0.18579501,795.6726
1.0,0.60831475,71.80597
1.0,0.1564839,594.9939
1.0,0.08806998,159.6179
1.0,0.4504625,101.05806
1.0,0.5358368,102.90373
1.0,0.99933606,3923.1062
1.0,0.99933606,3923.1062
1.0,0.47281328,125.00748
1.0,0.08844532,67.045845
1.0,0.9999994,16362.011
1.0,0.64263856,117.20429
1.0,0.36374432,69.119774
1.0,0.6556353,76.12527
1.0,0.573852,455.01254
1.0,0.9967642,499.3327
1.0,0.99999845,113.84638
1.0,0.39858663,73.446594
1.0,0.32306582,4845.621
1.0,0.5714702,66.5801
1.0,0.999912,112.504616
1.0,0.4974352,77.67494
1.0,0.9169251,101.966255
1.0,0.4527054,102.44672
1.0,0.8465429,72.28642
1.0,0.9999938,1127.6296
1.0,0.99999976,75.53331
1.0,0.44570166,122.56649
1.0,0.74791896,71.86605
1.0,0.86217755,172.21922
1.0,0.44164133,99.04783
1.0,0.12920079,131.66306
1.0,0.6327241,83.04825
1.0,1.0,109.134056
1.0,0.6069728,68.85459
1.0,0.5855791,132.09984
1.0,0.99996746,94.32116
1.0,0.4787398,65.78721
1.0,0.99619555,2561.8408
1.0,0.2664318,130.65744
1.0,1.0,3310.7222
1.0,0.11747608,102.21471
1.0,0.56003195,79.17497
1.0,0.36629972,76.34495
1.0,0.47894278,79.25808
1.0,0.9078897,467.05936
1.0,0.8182162,286.90567
1.0,0.99999666,3732.3235
1.0,0.24461365,183.08946
1.0,0.48354644,70.10666
1.0,0.58244836,261.92426
1.0,0.50314254,193.14201
1.0,0.342763,110.87392
1.0,0.30490497,81.437805
1.0,0.5821855,86.954865
1.0,0.9354977,129.18263
1.0,0.05421594,176.41472
1.0,0.5024877,143.66794
1.0,1.0,159.19452
1.0,0.64250576,170.83669
1.0,0.47741053,71.84688
1.0,0.4992217,226.85814
1.0,0.99984956,5695.5117
1.0,0.9999999,370.3628
1.0,0.99950695,151.69637
1.0,0.17952403,80.88149
1.0,0.55764353,169.2217
1.0,0.97432977,76.10939
1.0,0.6831705,128.48824
1.0,0.46380544,74.76449
1.0,0.9327607,4951.6675
1.0,0.93471694,4982.9375
1.0,0.990334,663.6986
1.0,0.8101214,192.34505
1.0,0.3220776,94.737434
1.0,0.52029705,102.45931
1.0,0.64000916,115.34413
1.0,0.652185,257.1123
1.0,0.37386954,171.98236
1.0,0.3962343,69.92491
1.0,0.16394508,68.62415
1.0,0.99999964,234.45963
1.0,0.14693911,84.98621
1.0,0.8256886,245.05652
1.0,0.9838991,538.0806
1.0,0.9872218,77.78173
1.0,0.07252596,126.342476
1.0,0.60879576,67.656975
1.0,0.51832443,72.75832
1.0,0.5119196,77.85916
1.0,0.15998472,112.86422
1.0,0.61229694,101.20818
1.0,0.7405997,77.90902
1.0,0.33400646,140.9229
1.0,0.80654305,139.84772
1.0,0.95900977,118.97054
1.0,1.0,1089.4985
1.0,0.36701155,169.28813
1.0,0.24608807,69.72481
1.0,0.45472822,93.87901
1.0,0.57462925,107.30286
1.0,0.9695855,85.14569
1.0,0.42792234,86.76827
1.0,0.22013617,73.63459
1.0,0.99999976,11466.972
1.0,0.3346288,81.88164
1.0,1.0,26457.557
1.0,0.6518269,99.943085
1.0,0.99995697,73.51763
1.0,0.8576781,173.97539
1.0,0.9829289,283.37814
1.0,0.87926036,78.45272
1.0,0.48221976,74.06978
1.0,0.47432786,101.27288
1.0,0.5153891,74.18731
1.0,0.9961074,438.98856
1.0,0.78182745,101.56111
1.0,0.40263936,94.873924
1.0,0.5473879,97.100296
1.0,0.99416745,289.2172
1.0,0.15807647,73.71981
1.0,0.5124154,146.81331
1.0,0.4005237,75.88539
1.0,0.9903137,109.592926
1.0,0.93856376,224.9772
1.0,0.06502204,143.3019
1.0,0.3997752,108.25493
1.0,0.2227384,118.4005
1.0,0.7199146,67.98486
1.0,0.6495287,100.80794
1.0,0.9667254,271.21655
1.0,0.23781273,130.26476
1.0,0.53236955,331.51508
1.0,0.4826788,103.90407
1.0,0.31929275,166.93854
1.0,0.49897513,85.928055
1.0,0.9725686,109.40766
1.0,0.08804092,70.91945
1.0,0.7545193,69.05521
1.0,1.0,268.7615
1.0,0.5225928,139.87068
1.0,0.3018821,224.59096
1.0,0.99647933,302.47617
1.0,0.4754566,118.5771
1.0,0.077760406,86.79171
1.0,0.62636703,71.89761
1.0,0.9738563,83.36467
1.0,0.39836738,71.80041
1.0,0.0009954263,66.76087
1.0,0.56299865,76.05129
1.0,0.34107685,128.36415
1.0,0.4838266,182.56393
1.0,0.6495229,623.789
1.0,0.24327622,71.2239
1.0,0.86587596,74.879745
1.0,0.99951017,4655.664
1.0,0.941649,71.38723
1.0,0.5351866,141.45158
1.0,0.683872,393.5026
1.0,0.9892218,79.32768
1.0,0.9901716,145.21632
1.0,0.6562835,112.54736
1.0,0.5242422,81.343864
1.0,0.8542944,344.00922
1.0,0.4836538,377.87234
1.0,0.12333356,79.71556
1.0,0.61431634,316.05594
1.0,0.5315802,97.268326
1.0,0.99999523,158.42313
1.0,0.3718114,390.40387
1.0,0.94984895,72.19497
1.0,0.99999905,4291.255
1.0,0.85357845,75.82446
1.0,0.5304714,148.43317
1.0,0.022707019,78.54861
1.0,0.520729,68.26688
1.0,1.0,391.2561
1.0,0.99976367,282.1128
1.0,0.0057174815,256.33084
1.0,0.48972955,91.25155
1.0,0.47880796,82.06198
1.0,0.3071652,94.47473
1.0,0.74903595,152.95885
1.0,0.5446194,66.92865
1.0,0.618111,107.89994
1.0,0.10878856,90.09639
1.0,0.047038484,86.61001
1.0,0.030204138,86.668205
1.0,0.5848697,65.70705
1.0,0.48870113,95.58502
1.0,0.73070025,399.05103
1.0,0.9750338,181.08981
1.0,0.83830255,165.03815
1.0,0.31404474,97.499306
1.0,0.24545392,111.54695
1.0,0.5241744,102.73716
1.0,0.87283105,143.89313
1.0,0.73984724,167.7665
1.0,0.60526913,81.65051
1.0,0.19980916,87.75623
1.0,1.0,263.601
1.0,0.3830796,80.65587
1.0,0.47615778,72.818306
1.0,0.41909888,96.91015
1.0,0.556394,464.4934
1.0,0.55513686,109.72242
1.0,0.9999988,130.19147
1.0,0.57434505,89.61947
1.0,0.62196255,67.33261
1.0,0.69834566,84.37458
1.0,0.77131826,139.5228
1.0,0.4679679,149.74048
1.0,0.56193143,65.99942
1.0,0.57250464,294.77313
1.0,0.99834204,94.28285
1.0,0.4339764,66.79783
1.0,0.68579227,76.4472
1.0,0.42107376,117.88973
1.0,0.9807342,74692.86
1.0,0.28698248,122.380585
1.0,0.42011216,79.89887
1.0,1.0,114.5691
1.0,0.37119943,101.6411
1.0,0.27344027,183.81418
1.0,0.53206235,90.10495
1.0,0.7075486,67.90336
1.0,0.5723152,78.31259
1.0,0.27172998,68.66683
1.0,0.44004455,171.53673
1.0,0.4932108,86.29961
1.0,0.5337014,120.498924
1.0,0.9995055,81.77473
1.0,0.8351218,73.61757
1.0,0.44568744,258.49518
1.0,0.16647957,118.24324
1.0,0.8676522,119.11197
1.0,0.27123952,69.220955
1.0,0.6556272,124.18537
1.0,0.37819827,103.453285
1.0,0.42677703,150.58545
1.0,0.105042286,114.94703
1.0,0.1884098,68.39984
1.0,0.299329,70.437546
1.0,0.9755003,447.20853
1.0,0.9950943,1191.4767
1.0,0.64896107,131.51265
1.0,0.66940635,120.413155
1.0,0.55299294,70.82391
1.0,0.4066879,91.84544
1.0,0.99346936,180.24954
1.0,0.26921678,101.36093
1.0,0.9999505,115.58996
1.0,0.8743129,120.23091
1.0,0.30971378,128.50833
1.0,0.99990964,414.1132
1.0,0.05939983,76.97398
1.0,0.06077481,73.13881
1.0,0.15291391,80.61287
1.0,0.48781085,66.12155
1.0,0.46154216,118.98962
1.0,0.99999964,1368.3662
1.0,0.007909342,145.10683
1.0,1.0,94.33232
1.0,0.41686642,281.3296
1.0,0.99999464,445.7132
1.0,0.5375511,403.93884
1.0,0.4013754,106.51178
1.0,0.52984685,79.768425
1.0,0.76039845,117.86644
1.0,0.33608508,114.60791
1.0,0.21340492,79.27392
1.0,1.0,216.89777
1.0,0.46154216,77.667564
1.0,0.579523,85.11195
1.0,0.96570724,104.57297
1.0,0.725858,80.69828
1.0,0.9732544,73.96596
1.0,0.57380915,67.79843
1.0,0.5474654,90.25981
1.0,0.45365995,117.700516
1.0,0.9935868,68.82956
1.0,0.4626121,94.90529
1.0,0.9999832,155.95912
1.0,0.53066635,460.11826
1.0,0.18921529,82.09796
1.0,0.5590365,297.68503
1.0,0.0012228971,99.95264
1.0,0.8558538,287.39954
1.0,0.99999297,11097.878
1.0,0.3700019,67.18752
1.0,0.40065318,99.80221
1.0,0.23694952,68.08982
1.0,0.7344876,97.24363
1.0,0.65086293,188.6978
1.0,0.40723732,78.702705
1.0,0.59546953,65.79797
1.0,0.55691797,116.372345
1.0,0.51608545,126.45065
1.0,0.3942572,94.95042
1.0,0.111040935,136.83646
1.0,0.07746324,82.41804
1.0,0.3849811,119.867516
1.0,0.50285935,304.0019
1.0,0.6164467,69.50453
1.0,0.56716824,272.2372
1.0,0.28975916,77.05674
1.0,0.8129404,102.33874
1.0,0.6392745,935.6095
1.0,0.9622328,553.15814
1.0,0.24596845,182.17778
1.0,0.5951655,70.39956
1.0,0.51619023,70.58386
1.0,0.99995565,22688.805
1.0,0.41436008,93.912544
1.0,0.25744307,70.7447
1.0,0.85233396,74.30759
1.0,0.42441168,307.5713
1.0,0.8523294,99.025345
1.0,0.513454,141.7287
1.0,0.49580523,67.58798
1.0,0.17283207,167.1234
1.0,0.77325904,340034.7
1.0,0.7041482,71.697014
1.0,0.99999905,974.8796
1.0,0.48765135,88.115685
1.0,0.3760345,103.02091
1.0,0.19929522,111.5701
1.0,0.15630499,113.698166
1.0,0.5691063,65.6153
1.0,0.47628492,184.97568
1.0,0.02422343,514.15735
1.0,0.95316035,104.64435
1.0,0.40174264,67.80439
1.0,0.6224419,117.36236
1.0,1.0,75.81635
1.0,0.58253145,69.63553
1.0,0.99799085,65.55108
1.0,0.71712965,484.66428
1.0,0.06201841,136.17288
1.0,0.2780229,117.269875
1.0,0.73823845,75.71927
1.0,0.09458092,159.08784
1.0,0.8085082,292.32684
1.0,0.44345877,73.3636
1.0,0.3500338,72.2636
1.0,0.8739309,131.3255
1.0,0.46257547,73.16708
1.0,0.6233153,81.14659
1.0,0.9782899,79.80046
1.0,0.23611674,89.94033
1.0,0.23611674,89.94033
1.0,0.23456813,108.30772
1.0,0.69299465,80.837
1.0,0.59640795,67.84728
1.0,0.40258172,168.8429
1.0,0.99551976,870.3175
1.0,0.47661948,72.27269
1.0,0.156939,85.9044
1.0,0.999819,720.6058
1.0,0.7785921,140.57535
1.0,0.85709864,237.11108
1.0,0.56367683,70.17449
1.0,0.3726133,175.4568
1.0,0.34076494,75.01604
1.0,0.5250064,132.63809
1.0,0.49523482,136.3543
1.0,0.18229799,92.527466
1.0,0.93889445,123.82817
1.0,0.5412947,980.4722
1.0,0.6903221,84.729485
1.0,0.5834874,92.40376
1.0,0.77509767,352.26135
1.0,0.99980146,218.15727
1.0,0.34201905,279.83594
1.0,0.4379272,132.29716
1.0,0.52678156,295.09485
1.0,0.5421771,104.10842
1.0,0.01336318,138.7246
1.0,0.707985,86.68693
1.0,0.47681585,253.0782
1.0,0.39934167,115.59415
1.0,0.32493886,121.09396
1.0,0.1938339,71.3252
1.0,0.8568284,70.221115
1.0,0.41638446,92.40731
1.0,0.9901191,134.61446
1.0,0.50171256,69.6748
1.0,0.61344653,71.68519
1.0,0.49231878,124.5925
1.0,0.50650847,73.60217
1.0,0.84602314,106.57588
1.0,0.47450936,268.1602
1.0,0.2638399,137.0675
1.0,0.4900213,70.36751
1.0,1.0,116.56595
1.0,0.46709263,79.051414
1.0,0.88270754,90.41397
1.0,0.9019727,131.49374
1.0,0.7732328,947.26746
1.0,0.9685981,115.724434
1.0,0.5505665,87.10211
1.0,0.4780113,179.33025
1.0,0.82005596,383.91742
1.0,0.9921267,415.31915
1.0,0.5505502,78.231705
1.0,0.9991142,258.88232
1.0,0.23621844,169.35031
1.0,0.99998975,996.4747
1.0,0.3825536,75.1853
1.0,0.9991748,190.28902
1.0,0.48033363,7.4007065e+06
1.0,0.19365747,83.66341
1.0,0.8939003,65.575264
1.0,0.74031496,99.47393
1.0,0.5951589,215.79582
1.0,0.4219816,97.09923
1.0,0.58011097,65.89114
1.0,0.20762475,103.509186
1.0,0.6714528,71.06129
1.0,0.92025787,94.948906
1.0,0.99999785,172.7529
1.0,0.47157872,73.533615
1.0,0.8986009,84.1797
1.0,0.9127667,184.62355
1.0,0.47852477,132.42986
1.0,0.9925626,257.60498
1.0,0.99959916,1972.1481
1.0,0.5996199,69.23806
1.0,0.98539424,1013.3639
1.0,0.3892599,71.45947
1.0,0.52722484,126.25019
1.0,0.25031668,163.63106
1.0,0.99899215,259.00073
1.0,0.47834837,66.19789
1.0,0.64986575,65.60843
1.0,1.0,135.36107
1.0,0.09378928,79.13456
1.0,0.99999917,2357.1536
1.0,0.6371516,78.54236
1.0,0.52070236,68.798355
1.0,0.8253494,121.18554
1.0,0.5213746,209.7088
1.0,0.99966586,2805.2854
1.0,0.104245275,86.41227
1.0,0.36190265,79.356476
1.0,0.50247914,237.20183
1.0,0.48025453,83.558205
1.0,0.5511136,67.11517
1.0,0.22364783,88.33698
1.0,0.71414894,89.95643
1.0,0.4759223,180.61772
1.0,0.99036694,85.396515
1.0,0.4781707,74.3134
1.0,0.464966,70.25154
1.0,0.16105428,111.17854
1.0,0.32538235,116.11446
1.0,0.9999962,328.66913
1.0,0.20311968,95.4893
1.0,1.0,74.21825
1.0,0.3072315,102.27022
1.0,0.107507445,543.2081
1.0,0.4495292,1450.4375
1.0,0.92440873,446.52188
1.0,0.4803331,111.76848
1.0,0.9999974,155.53546
1.0,0.61924297,124.03302
1.0,0.99998283,4430.504
1.0,0.6613643,74.40564
1.0,0.44479045,9.574105e+09
1.0,0.14501123,260.58423
1.0,0.6944511,103.68469
1.0,0.3075257,124.0
1.0,0.58124083,701.09644
1.0,0.99997306,615.358
1.0,0.9997286,760.43866
1.0,0.5210461,103.385155
1.0,0.14135556,72.66631
1.0,0.57767093,93.54916
1.0,0.40328234,66.37878
1.0,0.5081669,87.21685
1.0,0.99999964,8.364327e+09
1.0,0.19625267,99.14028
1.0,0.065979764,119.72296
1.0,0.5622455,90.17719
1.0,0.8625242,69.60453
1.0,0.75493747,76.56883
1.0,0.56625843,106.403656
1.0,0.7376627,598.8466
1.0,0.6406375,92.52973
1.0,0.3278776,156.87415
1.0,0.4321642,127.17656
1.0,0.43662345,84.534996
1.0,0.4743251,87.38421
1.0,0.5122141,99.27409
1.0,0.46475816,106.19498
1.0,0.4241388,150.19682
1.0,0.83432955,71.46148
1.0,0.22341064,367.42816
1.0,0.38325125,97.49776
1.0,0.99999046,1829.1226
1.0,0.08485319,69.625916
1.0,0.50532746,65.51091
1.0,0.5252155,68.51894
1.0,0.17871062,66.217705
1.0,0.523,104.152725
1.0,1.0,103.961296
1.0,0.98527086,249.96577
1.0,0.3434821,84.0991
1.0,0.411714,65.019066
1.0,0.8403558,108.275734
1.0,0.46608567,868.5439
1.0,1.0,6986.1255
1.0,0.7120523,82.22446
1.0,0.27599826,70.67586
1.0,0.20809944,114.20494
1.0,0.6091402,87.9555
1.0,0.46874407,190.69498
1.0,0.96707827,114.52438
1.0,0.15328455,496.0524
1.0,0.5551848,127.85033
1.0,0.99425936,247.31364
1.0,0.6506285,144.12177
1.0,1.0,457.9616
1.0,0.5616634,101.70143
1.0,0.41016936,68.47893
1.0,0.9911069,71.14525
1.0,0.2712246,212.33337
1.0,0.4539579,88.27423
1.0,0.5503514,92.42598
1.0,0.99299,1870.589
1.0,0.5588216,71.70667
1.0,0.5608474,83.83092
1.0,0.5911224,79.642296
1.0,0.5035977,126.26322
1.0,0.99998677,366.10773
1.0,0.5886037,107.749176
1.0,0.28919712,69.10959
1.0,0.42556787,68.850174
1.0,0.33373877,73.02613
1.0,0.15153849,121.69562
1.0,0.46154216,69.02604
1.0,0.6025438,93.565155
1.0,0.20598923,103.893005
1.0,0.5609626,70.693565
1.0,0.5739986,65.72703
1.0,0.34250256,123.42686
1.0,0.50508904,112.07902
1.0,0.61807764,74.05498
1.0,0.30405656,99.27222
1.0,0.23777999,68.33079
1.0,0.19151722,73.16081
1.0,0.074646,129.45647
1.0,0.6306399,108.25314
1.0,0.99882334,1154.1267
1.0,0.11002366,83.45709
1.0,0.5813719,106.128944
1.0,0.8649791,133.34937
1.0,0.56775767,77.84441
1.0,0.5759053,120.24174
1.0,0.94340265,94.31337
1.0,0.48845562,65.460754
1.0,0.4220149,83.46649
1.0,1.0,285.35812
1.0,0.008892805,139.08995
1.0,0.42020825,88.917305
1.0,0.96990144,138.4796
1.0,0.54775256,71.860405
1.0,0.6000123,109.520454
1.0,0.653967,77.71773
1.0,0.37442905,465.9809
1.0,0.4768357,178.02936
1.0,0.58082014,117.777695
1.0,0.9999666,4614.7363
1.0,0.31528273,82.04779
1.0,0.6286334,88.11789
1.0,0.22309546,101.566635
1.0,0.22309546,101.566635
1.0,0.9997372,117.332596
1.0,0.9999869,92.241425
1.0,0.7840517,91.81611
1.0,0.99968374,573.8109
1.0,0.41600278,110.77419
1.0,0.9135129,76.83917
1.0,0.21746852,69.27351
1.0,1.0,97.71257
1.0,0.3086668,132.47247
1.0,0.2534082,145.44994
1.0,0.6490661,162.16873
1.0,1.0,15250.675
1.0,0.51770127,193.82277
1.0,0.71843517,102.54586
1.0,0.34264213,71.23979
1.0,0.24570268,130.5226
1.0,0.08480871,83.182396
1.0,0.78179127,123.95978
1.0,0.9110627,438.04416
1.0,0.41582346,69.28874
1.0,0.55279326,65.9855
1.0,0.48232678,103.26614
1.0,0.12008363,67.66038
1.0,0.5286633,265.3526
1.0,0.32632852,88.038635
1.0,0.98880017,73.681656
1.0,0.4938626,171.34436
1.0,0.99947494,100.17286
1.0,0.9999238,536.77124
1.0,0.40067327,71.704865
1.0,0.27061966,109.405495
1.0,0.3065924,85.16177
1.0,0.98680705,196.15062
1.0,0.90692085,116.36877
1.0,0.99998784,1004.96625
1.0,0.078854404,95.260025
1.0,0.5782778,109.166115
1.0,0.3983607,81.962364
1.0,0.6010482,66.40239
1.0,0.6971643,85.11938
1.0,0.4236653,68.31085
1.0,0.3437624,465.39417
1.0,0.4640456,96.58065
1.0,0.3344708,80.377045
1.0,0.33447087,80.377045
1.0,0.8791313,79.83863
1.0,0.44182548,68.61969
1.0,0.22154312,69.77214
1.0,0.25845894,78.30346
1.0,0.5398358,76.82523
1.0,0.5637043,280.02386
1.0,0.5282685,66.59005
1.0,0.6041843,3258.0613
1.0,1.0,4563.3135
1.0,0.38695794,73.355705
1.0,0.12900063,92.88015
1.0,0.5498896,69.95396
1.0,0.33416462,208.01686
1.0,0.99258125,103.62961
1.0,0.48486552,85.20096
1.0,0.43817052,95.310295
1.0,0.5303365,88.18174
1.0,0.4076643,105.15007
1.0,1.0,6286.908
1.0,0.47247317,87.070816
1.0,0.19312531,73.55736
1.0,0.09334167,66.97084
1.0,0.9999738,926.67566
1.0,0.18562375,88.100235
1.0,0.5115635,71.89951
1.0,0.4858461,76.24932
1.0,0.99999774,211.79482
1.0,0.99999774,211.79482
1.0,0.5264478,72.39589
1.0,0.99997675,70.6601
1.0,0.5350374,68.18461
1.0,0.9989391,249.55266
1.0,0.106484964,209.68358
1.0,0.56850564,102.02684
1.0,1.0,70.234146
1.0,0.9999999,9995.828
1.0,0.99999774,2.8454358e+06
1.0,0.53892547,70.5605
1.0,0.3772645,98.50376
1.0,0.61646825,122.978165
1.0,0.2707117,82.29547
1.0,0.18898392,180.40685
1.0,0.9999752,381.21802
1.0,0.62534976,95.57537
1.0,0.5270961,67.74553
1.0,0.3923205,159.43924
1.0,0.17390999,95.5484
1.0,0.6609566,75.25459
1.0,0.8379113,112.42707
1.0,0.6117734,92.948685
1.0,0.12757023,109.21827
1.0,0.23378362,67.104065
1.0,0.45568904,114.89864
1.0,0.5595481,66.087654
1.0,0.47388715,101.03798
1.0,0.86827713,120.48788
1.0,0.7617863,168.70522
1.0,0.7894728,108.15596
1.0,0.26323712,200.49652
1.0,0.5249953,70.14283
1.0,0.9999114,3257.4944
1.0,0.09773727,94.71655
1.0,0.61159897,143.70682
1.0,0.45559588,98.1728
1.0,0.4851133,409.76694
1.0,1.0,113.59579
1.0,0.42272136,104.7063
1.0,0.59091806,100.0737
1.0,0.78921026,1758.9484
1.0,0.20679632,131.01614
1.0,0.398603,73.17351
1.0,0.438879,167.58073
1.0,0.9067595,386.5765
1.0,0.8606828,236.3547
1.0,0.14219445,103.3279
1.0,0.13193566,210.67577
1.0,0.99257797,628.0885
1.0,0.6068591,169.34084
1.0,0.27470583,89.711914
1.0,0.639729,729.5122
1.0,0.12409195,65.972855
1.0,0.8845364,136.84128
1.0,0.7475274,72.66663
1.0,0.63080245,75.719185
1.0,0.99862075,1091.0847
1.0,0.2706104,183.16788
1.0,0.64674664,84.892044
1.0,0.064718,377.1319
1.0,0.0347478,82.95613
1.0,0.34883004,152.04053
1.0,0.5904671,134.15706
1.0,0.6806603,77.04126
1.0,0.4269116,70.79715
1.0,0.49623626,2374.276
1.0,0.37772134,163.09448
1.0,0.57330865,84.88002
1.0,0.5594687,135.27505
1.0,0.52242994,102.30262
1.0,0.64811766,139.8845
1.0,0.99972314,739.755
1.0,0.99995446,78.13069
1.0,0.5483207,98.548325
1.0,0.5171636,93.880455
1.0,0.9996137,76.006004
1.0,0.2878151,74.669304
1.0,0.33903092,2516.0742
1.0,0.14856333,1.2474786e+08
1.0,0.4959966,120.676735
1.0,0.42006463,103.05077
1.0,0.99999917,956.0706
1.0,0.71507305,184.98187
1.0,0.5775297,190.83699
1.0,0.5297378,67.33117
1.0,0.99587506,373.44406
1.0,0.9691788,326.7657
1.0,0.6421456,65.03984
1.0,0.55865526,69.14754
1.0,0.34224206,74.59467
1.0,0.998944,173.27206
1.0,0.98926276,859.2932
1.0,0.864689,272.27725
1.0,0.99961144,6011.4604
1.0,0.98047125,108.33566
1.0,0.9999976,759.93994
1.0,0.4657179,75.23072
1.0,0.68936104,175.40103
1.0,0.20814595,88.21919
1.0,0.4855892,71.96846
1.0,0.39826378,81.479
1.0,0.56167686,139.63261
1.0,0.36577412,139.80083
1.0,0.96715194,372.90405
1.0,0.10309213,65.94456
1.0,0.998936,86.79614
1.0,0.37489232,69.875885
1.0,0.24186668,87.091156
1.0,0.5696439,94.0606
1.0,0.4284746,86.896545
1.0,0.9145505,285.30032
1.0,0.6437271,240.41466
1.0,0.9996929,1234.2537
1.0,0.9856226,90.26744
1.0,0.38851607,107.489105
1.0,0.45847026,72.805435
1.0,0.8521212,72.61848
1.0,0.9999999,148.36563
1.0,0.73088956,208.36443
1.0,0.53955466,114.34189
1.0,0.17438607,83.4047
1.0,0.5597983,92.192215
1.0,0.28464398,80.14326
1.0,0.3015344,98.27987
1.0,0.6491343,94.143
1.0,0.9421535,306.40488
1.0,0.5595828,128.1608
1.0,0.6045046,92.433846
1.0,0.99885416,886.1707
1.0,0.18537292,67.6042
1.0,0.09801395,78.52602
1.0,0.50586027,107.12993
1.0,0.5508199,92.40508
1.0,0.77184266,73.51569
1.0,0.03159995,154.91484
1.0,0.5011016,81.64697
1.0,0.55439574,87.37183
1.0,0.984925,80.31536
1.0,0.5452676,279.9919
1.0,0.4618636,75.55446
1.0,1.0,3286.0886
1.0,0.51071244,89.5082
1.0,0.43806243,149.41063
1.0,0.15788089,685.6417
1.0,0.011763439,85.37929
1.0,0.14228572,4072.7888
1.0,0.46692187,129.38591
1.0,0.16300179,1043.07
1.0,0.019216932,3387.7773
1.0,0.45193744,19101.684
1.0,0.5263463,9710.982
1.0,0.024351016,3028.6484
1.0,0.09794653,124.59195
1.0,0.9665164,165.5543
1.0,0.6262104,74.85794
1.0,0.1292887,199.00769
1.0,0.027332034,115.136185
1.0,0.83197325,84.19565
1.0,0.16020475,604.6103
1.0,0.99730384,325.48273
1.0,0.999998,67.25501
1.0,0.14186762,126.52203
1.0,0.18589781,321.23672
1.0,0.15271349,117.373245
1.0,0.40642622,1141.7172
1.0,0.00036797312,902.497
1.0,0.4257725,231.68134
1.0,0.009201646,308.1219
1.0,0.55052763,235.95424
1.0,0.45792305,122.40766
1.0,0.47006726,210.43777
1.0,0.43723422,28707.691
1.0,1.0,4433.8325
1.0,0.0135778515,674.8533
1.0,0.21894482,19417.986
1.0,0.1971106,1126.7373
1.0,0.25424305,201.50441
1.0,0.7913997,2579.8325
1.0,0.06429496,92.28777
1.0,0.03953603,39190.355
1.0,0.2789461,91.896286
1.0,0.104271874,111.91025
1.0,1.0,6111.427
1.0,1.0,788.6256
1.0,1.0,125.81706
1.0,0.0592458,331.5815
1.0,0.16948046,1330.5116
1.0,0.07048022,20066.5
1.0,0.011360231,18728.453
1.0,1.0,12162.583
1.0,0.33145365,458.66785
1.0,0.45113173,1424.1935
1.0,0.41938347,237.47244
1.0,0.99999976,1401.4746
1.0,0.9978162,2090.458
1.0,0.3989059,197.65627
1.0,0.9890463,3581.4512
1.0,0.25403714,136.32166
1.0,0.7762261,69.71019
1.0,0.9533717,11514.231
1.0,0.97498995,81.29712
1.0,0.12566869,980.0611
1.0,0.9999343,33702.066
1.0,0.0091191195,6493.2173
1.0,0.70337164,161.01134
1.0,0.6788496,1045.1213
1.0,0.84453976,8093.5576
1.0,0.95164067,69.15874
1.0,0.022351168,3404.8113
1.0,0.2566814,8869.99
1.0,0.028111568,204.92444
1.0,0.06309228,1611.6274
1.0,0.08360402,87.26623
1.0,0.15746824,1149.6016
1.0,0.67127275,1440.1428
1.0,0.03321736,14571.959
1.0,0.9999919,69.1906
1.0,0.16711208,718.3098
1.0,0.49774358,96.481766
1.0,1.0,168.62892
1.0,0.9999994,413.52866
1.0,0.14219965,91.793
1.0,0.99315566,34903.277
1.0,0.65271455,12821.667
1.0,0.15346752,577.3699
1.0,0.34984678,1403.0781
1.0,0.37843361,169.92033
1.0,0.8660355,6336.1265
1.0,0.17279495,2089.3772
1.0,0.92091125,6963.003
1.0,0.15773165,97.34421
1.0,0.2909998,485.26358
1.0,0.23999812,2167.6086
1.0,0.25952896,91.906
1.0,1.0,44832.723
1.0,0.20902416,549.1847
1.0,0.99982554,8224.087
1.0,0.51334965,142.75546
1.0,0.13783896,69.05869
1.0,0.999928,18555.664
1.0,0.26444176,15120.973
1.0,0.4372664,1317.2277
1.0,0.738094,2.1182366e+08
1.0,0.41689247,411.0498
1.0,0.004327013,611.4376
1.0,0.15692283,66.14831
1.0,0.7215221,86.5653
1.0,0.59935284,397.29578
1.0,1.0,2018.237
1.0,0.26642308,476.53925
1.0,0.048678715,14684.58
1.0,0.0107622985,13392.997
1.0,0.0128223,4242.582
1.0,0.11735495,113.44435
1.0,0.03369776,122.028915
1.0,1.0,35085.285
1.0,0.91953874,248.79333
1.0,0.0037529473,3582.7844
1.0,0.56231755,324.3675
1.0,0.6374639,94.43981
1.0,0.24662013,184.1942
1.0,0.80437595,3588.3018
1.0,0.12426475,90.42916
1.0,0.8436699,256.79843
1.0,0.12847617,115.7754
1.0,0.0010232043,176.51732
1.0,0.3342198,88.57665
1.0,0.3979742,1642.7894
1.0,0.3671493,301.63992
1.0,0.99998236,27684.18
1.0,0.25936833,122.19805
1.0,1.0,770.1139
1.0,0.39269936,90.42841
1.0,0.44975528,86.24209
1.0,0.12619679,212.77048
1.0,0.99999917,17404.387
1.0,0.4144049,329.249
1.0,0.22624914,296.2974
1.0,0.33122846,101.2163
1.0,0.8987156,78.70482
1.0,0.3456397,186.07729
1.0,0.9963883,1634.6981
1.0,0.07071194,283.72778
1.0,0.46740946,412.4164
1.0,0.44727343,8529.207
1.0,0.052624382,18405.674
1.0,1.0,1590.3232
1.0,0.1879586,323.7109
1.0,0.017800137,127.64022
1.0,0.6607711,287.56747
1.0,0.99998736,388.2303
1.0,0.4405304,97.224846
1.0,0.03649474,521.0305
1.0,0.86894387,255.39912
1.0,0.08395358,457.74344
1.0,0.9789034,1164.9321
1.0,0.9999937,6862.0244
1.0,0.44268855,112.42571
1.0,1.0,9270.456
1.0,0.16595127,986.20795
1.0,0.9859248,7767.115
1.0,0.10966801,310.35413
1.0,0.22226353,576.2666
1.0,0.5209933,914.45447
1.0,0.09266236,294.25656
1.0,0.02225485,136.67183
1.0,1.0,2497.352
1.0,0.26103368,81.23072
1.0,0.0046649366,1392.5896
1.0,0.7153189,571.83826
1.0,0.039890755,5033.4214
1.0,0.7100182,2237.1458
1.0,1.0,12566.12
1.0,0.99999833,332.70547
1.0,0.2310467,10116.241
1.0,0.843637,1705.932
1.0,0.11846381,145.21999
1.0,0.18754405,929.158
1.0,0.81793964,255.6651
1.0,0.69534045,75.852905
1.0,0.98279357,4918.342
1.0,0.30711645,1052.8541
1.0,0.29276943,116.58899
1.0,0.35572025,80.09901
1.0,0.64839745,200.25804
1.0,0.037149124,642.4455
1.0,0.2288934,175.22105
1.0,0.420752,40198.594
1.0,0.10947403,3063.6892
1.0,0.10771739,243.39253
1.0,0.07600069,281.6501
1.0,0.7138128,350.24203
1.0,0.26376063,2629.6113
1.0,0.11290998,117.28545
1.0,0.62986237,110.852066
1.0,0.030701784,511.86795
1.0,0.46553013,128.14032
1.0,0.7357289,43847.023
1.0,0.89151293,1.19976e+06
1.0,0.06998133,7538.559
1.0,0.38401628,277.08978
1.0,0.99999964,7.183445e+08
1.0,0.5156132,376.20673
1.0,0.23397124,615.76447
1.0,0.6937315,1916.78
1.0,1.0,120.88288
1.0,0.99996114,122.17189
1.0,1.0,5799.8438
1.0,0.7869957,627.8089
1.0,0.5670608,1890.8875
1.0,0.8811302,1651.0513
1.0,0.98198396,25596.705
1.0,0.9999945,5010.225
1.0,0.037777893,189.25543
1.0,0.08364528,144.46555
1.0,0.4355075,78.8768
1.0,0.9103596,465.43658
1.0,0.34625274,86.27675
1.0,1.0,156166.97
1.0,0.03653698,68.68186
1.0,0.638472,149.09673
1.0,0.06661465,93.24675
1.0,0.9527399,292.612
1.0,0.99998426,235.67577
1.0,0.15014374,1477.4523
1.0,0.98693943,19550.17
1.0,1.0,1257.429
1.0,0.48315564,2224.7195
1.0,0.18340452,71.93098
1.0,0.94980097,627.6418
1.0,0.9768744,2157.1123
1.0,0.07785576,17237.754
1.0,0.5265219,615.2347
1.0,0.006740684,895.01074
1.0,1.0,450657.66
1.0,0.19076242,591.3886
1.0,0.75548,125.86529
1.0,0.24282013,67.3933
1.0,0.5372899,79.18871
1.0,0.53689504,65.57893
1.0,0.7311997,165.64276
1.0,0.5180888,73.79391
1.0,0.075363874,222.69484
1.0,0.543087,208.50711
1.0,1.0,35498.305
1.0,0.12157809,129.32584
1.0,0.24402973,177.37817
1.0,0.027195787,2007.3342
1.0,0.99999976,2727.8208
1.0,0.0054800957,1925.9229
1.0,0.6057148,912.1546
1.0,0.039754476,8352.892
1.0,0.23146279,171.42763
1.0,0.6018592,196.79648
1.0,0.0380527,267.24255
1.0,0.0980747,81.20945
1.0,0.99977,70.45063
1.0,0.014564473,2603.3958
1.0,0.5359896,8718.43
1.0,1.0,1064.4135
1.0,0.1523261,14874.535
1.0,1.0,1251.209
1.0,0.29685548,86.17796
1.0,1.0,3696.1594
1.0,0.9551269,328.42184
1.0,0.1562902,77.20751
1.0,0.055767376,124.46793
1.0,0.72471726,955.5412
1.0,0.066878505,617.396
1.0,0.11677559,115.55043
1.0,0.30441052,132.30734
1.0,0.053205635,90.84293
1.0,0.5458476,1824.9851
1.0,0.30448297,72.50923
1.0,0.66573983,8544.758
1.0,0.0440224,68.66493
1.0,0.37322256,133.97865
1.0,0.30369297,787.6901
1.0,0.35876206,91.36584
1.0,0.62767535,79.52246
1.0,0.08680994,82.31822
1.0,0.077427,13801.944
1.0,0.15781194,1064.4625
1.0,1.0,3766.2542
1.0,0.04797846,5423.923
1.0,1.0,143772.47
1.0,0.31949627,80.23498
1.0,0.23057538,903.4091
1.0,0.012282406,442.43814
1.0,0.99872017,6571.466
1.0,0.04017573,5511.7607
1.0,0.99836856,87676.46
1.0,0.7193114,20940.807
1.0,0.037342355,137.37848
1.0,0.20370805,94.383
1.0,0.36062768,134.14424
1.0,0.9999654,68.15903
1.0,0.02913901,302.7621
1.0,0.5304344,269.57895
1.0,0.9541043,1594.0144
1.0,0.6977567,1774.6534
1.0,0.8975076,984.2565
1.0,1.0,12084.525
1.0,0.2969484,5549.924
1.0,0.33598658,77.355446
1.0,0.29761526,123.1996
1.0,0.07044002,117.067
1.0,0.20282918,189.63588
1.0,0.66676015,485.65454
1.0,0.9963206,470.72644
1.0,0.48064032,212.50175
1.0,0.462445,91.94804
1.0,0.14353338,1096.1675
1.0,0.46154216,96.19139
1.0,0.8432815,928.1216
1.0,1.0,69.961006
1.0,0.008162801,1319.2975
1.0,0.7898041,70.28354
1.0,0.42820543,135.62341
1.0,0.26118106,190.10243
1.0,0.10560883,100.2676
1.0,0.02567246,1099.1412
1.0,0.44928282,75.85323
1.0,0.8028673,1332.8635
1.0,0.81751066,74.04738
1.0,0.9990177,8246.584
1.0,0.6194238,1892.6322
1.0,0.44244328,67.03298
1.0,0.9979684,147.86717
1.0,0.4751947,87.747246
1.0,0.99999726,13338.143
1.0,0.03939489,2761.2417
1.0,0.53511864,503.0609
1.0,0.16695793,134.3866
1.0,1.0,4216.076
1.0,0.50528514,1588.2336
1.0,0.08745698,505.43134
1.0,0.22390313,72.71039
1.0,0.014192339,857.26904
1.0,0.9999614,1167.3359
1.0,0.236875,71.74759
1.0,0.59015423,2464.8506
1.0,0.5796446,1743.4243
1.0,0.8317781,3990.3877
1.0,0.039166436,161.56021
1.0,0.14079835,1297.2217
1.0,0.29673234,99.36477
1.0,0.23859112,5587.3726
1.0,0.72897696,140.94905
1.0,0.99831724,1286.7302
1.0,0.09215343,4696.6733
1.0,0.6453899,260.24072
1.0,0.20772181,149.40874
1.0,0.76951957,295.9162
1.0,0.9928248,2981.3267
1.0,0.01964736,30057.375
1.0,0.7624855,581.5734
1.0,0.99985397,1976.8307
1.0,0.54589266,67.076294
1.0,0.3421546,185.01407
1.0,1.0,9.065131e+06
1.0,0.34358454,251.72375
1.0,0.43925476,640.284
1.0,0.99865675,2.6974298e+08
1.0,0.054222334,17708.871
1.0,0.8747463,492.328
1.0,0.060516726,925.46014
1.0,0.22395909,147.3044
1.0,0.6403278,107.723274
1.0,0.9999728,1167.3866
1.0,0.111315764,1875.2457
1.0,0.04254307,2784.9111
1.0,0.539883,73.248024
1.0,0.4568035,305.93643
1.0,0.46154216,458.84213
1.0,0.99998975,844.05475
1.0,0.92039883,6646.7256
1.0,0.99886227,858.0342
1.0,0.802904,400.31445
1.0,0.046812244,140.90952
1.0,0.9999999,1175.3883
1.0,0.90488094,67.71336
1.0,0.12008464,1781.5685
1.0,1.0,136.0661
1.0,0.9999845,1051.2255
1.0,0.99999535,187.49626
1.0,0.22356907,74.11102
1.0,0.3218503,186.83742
1.0,0.10796763,18620.012
1.0,0.032043643,191.08199
1.0,0.99999845,3729.8186
1.0,0.121109225,2275.1094
1.0,0.25217608,115.48606
1.0,0.45201123,109.99979
1.0,0.23885259,90.06875
1.0,0.2921359,90.34815
1.0,0.16050349,23065.873
1.0,0.43525478,6908.7935
1.0,0.055426158,181.02998
1.0,0.00418196,1795.7535
1.0,0.10353389,415.7081
1.0,0.05521097,57313.12
1.0,0.9942772,3430.6284
1.0,0.59931934,2008.71
1.0,0.8299761,93.07307
1.0,0.18898699,159.02943
1.0,0.9999999,523.4163
1.0,0.09103118,65.10876
1.0,0.48124388,90.66895
1.0,0.23044927,71.92924
1.0,0.40560174,104.0751
1.0,0.34208554,36639.184
1.0,0.07807518,2802.7056
1.0,0.16812783,708.8607
1.0,0.060142152,514.24994
1.0,0.71078986,72.890015
1.0,0.11058811,238.13759
1.0,0.9999993,2487.4592
1.0,0.4239889,4019.2634
1.0,0.99999833,1921.4135
1.0,0.47186264,158.72617
1.0,0.999931,113.868324
1.0,0.0011878257,2190.4663
1.0,0.22903489,4962.6377
1.0,0.2983839,111.88838
1.0,0.54330236,78.65532
1.0,1.0,10949.852
1.0,0.51519907,105.94866
1.0,0.2119837,815.7103
1.0,0.7095563,9306.364
1.0,0.3951268,72.45814
1.0,0.8883134,405.92886
1.0,0.0068054167,240.80061
1.0,0.53052896,1583.9722
1.0,0.045875832,13684.323
1.0,0.9996263,7758.251
1.0,0.58871955,322.78104
1.0,0.025951076,2685.6343
1.0,0.19701743,730.705
1.0,0.87570053,2845.267
1.0,0.53539234,310.3042
1.0,0.9999989,134.0386
1.0,0.09671924,924.0945
1.0,1.0,1941.1635
1.0,0.99994326,4228.7324
1.0,0.38603312,137.4641
1.0,0.808006,1409.335
1.0,0.024608612,464.17044
1.0,0.74120516,1394.7518
1.0,0.9999982,886.81116
1.0,1.0,20458.867
1.0,0.48168054,233007.88
1.0,0.5728103,118.39368
1.0,0.60722536,106.23224
1.0,0.6712018,114.19905
1.0,0.6783418,139.13966
1.0,0.14459391,97.07002
1.0,1.0,2189.9373
1.0,0.37276515,121.71386
1.0,0.49151272,5026.9595
1.0,0.36002573,470.21738
1.0,0.35770336,399.99875
1.0,0.9999237,2509.4336
1.0,0.32189313,97.868576
1.0,0.23226319,2880.2217
1.0,0.70030767,290.73776
1.0,0.16318762,4088.8696
1.0,0.06615849,110.62178
1.0,0.99547935,88.91074
1.0,0.64724034,110.65051
1.0,0.015817389,23049.746
1.0,1.0,5.1271053e+08
1.0,0.07435914,134.50314
1.0,0.12806606,167.57144
1.0,0.7945249,73.25828
1.0,0.22862232,381.81287
1.0,0.9999949,40432.35
1.0,0.1399585,90.28243
1.0,0.2644457,88.55191
1.0,0.0393325,896.7026
1.0,0.15169714,5733.2505
1.0,0.9839235,118.56213
1.0,0.04395733,1541.1038
1.0,0.7634121,1554.4081
1.0,0.6654468,120.93512
1.0,0.50193506,72.867134
1.0,0.97947675,7388.666
1.0,0.5848015,1357.8688
1.0,1.0,2782.075
1.0,0.19222237,392.67587
1.0,0.99957925,15281.0625
1.0,0.044574656,856.54034
1.0,0.9817106,992.19885
1.0,0.48174298,823.2164
1.0,0.04357744,1957.3722
1.0,0.021560846,853.2795
1.0,0.038549107,49568.33
1.0,0.31851384,1625.9824
1.0,0.18580319,457.2647
1.0,0.18081759,92.275734
1.0,0.08525636,77.92403
1.0,0.788552,146.87015
1.0,0.43664813,161.82243
1.0,0.3715008,3314.592
1.0,0.22815213,501.44022
1.0,0.9999951,1435.1099
1.0,0.9999999,186.56714
1.0,0.7998496,113.7864
1.0,0.999607,8828.997
1.0,0.2094576,781.4007
1.0,0.99954045,976.5063
1.0,0.49991062,82.43017
1.0,0.13128318,111.388336
1.0,0.038185295,282.25873
1.0,0.99844164,2305.3845
1.0,0.45563418,120.448524
1.0,0.029117962,7323.158
1.0,0.38112646,70.73303
1.0,1.0,1713.6627
1.0,0.00026519666,79.70681
1.0,1.0,1988.9355
1.0,0.45422637,8835.902
1.0,0.66831404,100.69179
1.0,0.63392127,6906.901
1.0,0.35621688,154.33101
1.0,0.9998882,76375.586
1.0,0.03924866,119.399704
1.0,0.437536,585.87775
1.0,0.8460026,114.66304
1.0,0.13872685,315.83566
1.0,0.5942147,151.70503
1.0,0.00014686644,1768.6176
1.0,0.50059754,265.7077
1.0,0.9999999,730.73553
1.0,1.0,2818.6973
1.0,0.9897702,93.427345
1.0,0.6294393,939.21436
1.0,0.063174054,172.23085
1.0,0.9726793,420.31622
1.0,0.19842114,235.46626
1.0,0.9999894,32548.236
1.0,0.32139385,347.5935
1.0,0.004863795,8820.814
1.0,0.0950273,2009.9686
1.0,0.1958206,74.47041
1.0,1.0,7337.8066
1.0,0.04990538,190.04774
1.0,0.25948754,995.6626
1.0,0.78844905,451.97003
1.0,1.0,655.57513
1.0,0.97781074,4923.8477
1.0,0.6784586,694.19916
1.0,0.11697609,88.50287
1.0,0.021061568,21499.223
1.0,0.9070104,1235.8986
1.0,0.8102597,259.7668
1.0,0.09545411,175.89948
1.0,0.47858077,390.94177
1.0,1.0,13673.8545
1.0,0.007867757,530.5236
1.0,0.1838885,66.64022
1.0,0.114864945,121.035545
1.0,0.44561362,3802.797
1.0,0.08641904,2390.143
1.0,1.0,455.17044
1.0,0.18925877,827.76263
1.0,0.999997,23399.62
1.0,0.51646775,425.12457
1.0,0.8998865,1015.309
1.0,0.0074623805,3239.4185
1.0,0.037940785,37423.707
1.0,1.0,29391.559
1.0,1.0,1828.6345
1.0,0.9999993,272.92224
1.0,0.0020763236,75536.38
1.0,0.88449025,77.37645
1.0,0.21480377,78.31233
1.0,0.005824867,143.07141
1.0,0.07411314,311.06183
1.0,0.44370493,1062.3287
1.0,0.40139508,707.29803
1.0,1.0,1003.9671
1.0,0.24809295,242.84491
1.0,0.9998908,134.0094
1.0,0.76366836,3372.9592
1.0,1.0,1027.3564
1.0,1.0,548.4637
1.0,0.03562773,193.38434
1.0,0.3982518,1466.188
1.0,0.1527286,3474.716
1.0,0.24637178,21423.982
1.0,0.4339694,2036.53
1.0,0.5784166,2360.2275
1.0,0.2640332,3050.3254
1.0,0.05201351,115.07893
1.0,0.85658795,2440.6929
1.0,0.94354665,38205.312
1.0,0.70111465,67.54492
1.0,0.86028767,486.8689
1.0,0.95441604,541.9336
1.0,0.06458943,11497.619
1.0,0.3667876,1170.9135
1.0,0.02685413,29954.883
1.0,0.6586326,392.9603
1.0,0.062181156,70.73491
1.0,0.8978498,136.86757
1.0,0.9890476,147.90485
1.0,0.11883349,137.98564
1.0,0.9994373,73699.42
1.0,0.26847714,15162.369
1.0,0.9999926,5.266364e+09
1.0,0.20581733,6691.3735
1.0,0.99243903,7954.119
1.0,0.6927563,483.89066
1.0,0.8668493,84.090744
1.0,0.9776748,4755.456
1.0,0.46246198,120.34225
1.0,0.46154216,1085.2758
1.0,0.048762716,858.10956
1.0,0.9999927,16317.948
1.0,0.28994843,1159.4216
1.0,0.32842803,73.37927
1.0,1.0,4393.6055
1.0,0.5305247,155.44737
1.0,0.41053984,2621.187
1.0,0.14527899,16911.99
1.0,0.44998887,585.5398
1.0,0.116305456,521.4772
1.0,0.5007468,905.7411
1.0,0.38577983,72.44205
1.0,0.62476945,26597.975
1.0,0.9997614,426.23785
1.0,0.45144537,492.42395
1.0,0.37575847,27932.04
1.0,0.18973525,70.302505
1.0,0.4843462,2693.5723
1.0,0.12285533,158.77158
1.0,0.02000041,863.11145
1.0,1.0,47443.22
1.0,1.0,441.89734
1.0,0.3489867,11034.26
1.0,0.240691,94.76987
1.0,0.8359334,343.56796
1.0,0.2579088,105.752075
1.0,0.4800942,696.1352
1.0,0.9999999,28874.885
1.0,0.3366963,80.28428
1.0,0.24901026,90.2498
1.0,0.99983835,171.44344
1.0,0.08876078,580.49945
1.0,0.046678275,1404.5316
1.0,0.9061023,1323.3225
1.0,0.5281016,2144.926
1.0,0.6259859,79.94464
1.0,0.99811137,23051.037
1.0,0.07805208,377.88812
1.0,0.31052962,6680.9233
1.0,0.1868411,233.57704
1.0,0.091715164,135.62498
1.0,0.037361175,9373.307
1.0,0.9912145,390.35202
1.0,0.10857453,652.30145
1.0,0.23140405,72.21143
1.0,0.43129835,78.38511
1.0,0.4564566,427.70215
1.0,0.229788,1536.99
1.0,0.33312565,514.51117
1.0,0.9602836,112.94108
1.0,1.0,151.97269
1.0,0.067701556,304.4978
1.0,0.041569043,7029.3975
1.0,0.8193943,4206.02
1.0,1.0,410410.34
1.0,0.6291707,72.17981
1.0,0.03587482,2159.903
1.0,0.028699687,262.37613
1.0,0.53671235,648.6954
1.0,0.26205438,90.300896
1.0,0.54316795,500.9774
1.0,0.16955937,472.43744
1.0,0.9999949,1997.975
1.0,0.5407345,99.93744
1.0,0.25080028,70.305244
1.0,0.7284468,92.46755
1.0,0.9999963,12314.504
1.0,0.99994195,12867.0625
1.0,0.2847882,66.85084
1.0,0.0055745915,988.30865
1.0,0.24974792,168.1774
1.0,0.6522143,1646.0537
1.0,0.99969935,85.31493
1.0,0.46081743,163.52823
1.0,0.017816335,131.97423
1.0,0.010220375,4230.2466
1.0,0.9999871,716.09076
1.0,0.47925055,82.695816
1.0,0.022440052,4266.3677
1.0,0.61443037,105.598625
1.0,0.23173127,133.1441
1.0,0.102302544,199.65144
1.0,0.27044502,2343.8484
1.0,1.0,174787.67
1.0,0.07568203,194.03984
1.0,0.9999918,4827.979
1.0,0.033605903,1222.8676
1.0,0.9826132,94.83331
1.0,0.31083134,187.01003
1.0,0.2587839,1279.3823
1.0,0.24779125,65.685295
1.0,0.063623674,4567.89
1.0,0.065265544,2070.0764
1.0,0.26667556,68.26442
1.0,0.3547028,56586.797
1.0,0.07689491,238.80762
1.0,0.9999888,8454.015
1.0,0.0064372974,1403.4834
1.0,0.17768186,100.42162
1.0,0.3402825,261.81226
1.0,0.25180727,2418.8306
1.0,0.03296934,9317.232
1.0,0.9617464,433.79404
1.0,0.99999034,28566.861
1.0,0.50421077,10862.3545
1.0,0.8798897,1441.8752
1.0,0.55861163,401.40155
1.0,0.40613824,265.16678
1.0,0.8367874,2144.7705
1.0,0.02596265,4006.627
1.0,0.34781244,226.54366
1.0,0.11503983,15637.803
1.0,0.088550135,108.21333
1.0,0.35791242,119.990036
1.0,0.9619517,5467.2407
1.0,0.44206968,4516.518
1.0,0.112873614,197.82779
1.0,0.35686272,81.09796
1.0,0.30580583,183.274
1.0,0.7923899,1054.8182
1.0,0.99975985,1193.3777
1.0,0.6677686,162.15573
1.0,0.5534143,123.78677
1.0,0.54652464,69.100296
1.0,0.4352043,87.95579
1.0,0.72099036,1787.8694
1.0,1.0,805293.8
1.0,0.90274113,1571.6621
1.0,0.09655684,31621.873
1.0,0.9721168,130.98343
1.0,0.5380991,73.750496
1.0,0.11563636,344.53595
1.0,1.0,11468.066
1.0,0.1290238,97.88615
1.0,0.19272852,1436.9767
1.0,0.36936635,192.28381
1.0,0.11732295,189.49268
1.0,0.41502368,108.61043
1.0,0.07571894,99.63494
1.0,0.8585959,518.2949
1.0,0.5417492,74.43203
1.0,0.79013,108.44753
1.0,0.063223064,89.21503
1.0,0.17696151,924.59985
1.0,0.99987495,4252.263
1.0,0.04938521,78.85429
1.0,0.6361548,70.474266
1.0,0.45906284,118.5704
1.0,0.47460374,428.04907
1.0,0.07476628,2301.975
1.0,1.0,20457.723
1.0,0.1742875,102.75657
1.0,0.01187852,536.64307
1.0,0.9955029,16862.596
1.0,0.544623,213.9225
1.0,0.33338478,2925.402
1.0,0.32844383,1532.9325
1.0,0.39710507,309.31824
1.0,0.9999435,473.34476
1.0,0.40680665,120.03148
1.0,0.6214561,120.90472
1.0,0.47079065,131.15266
1.0,0.024316963,4495.3633
1.0,0.995577,1527.1184
1.0,0.99746287,437.65234
1.0,1.0,17421.633
1.0,0.06119451,8308.01
1.0,0.24983321,120.05771
1.0,0.9987134,895.15765
1.0,0.07856436,336.3769
1.0,0.10721841,450.745
1.0,0.9866087,155.90195
1.0,0.9993228,7054.119
1.0,0.45236292,2052.256
1.0,0.67832285,1099.6627
1.0,0.9518437,1039.2233
1.0,0.8616505,3387.197
1.0,0.47657466,77.98946
1.0,0.5616743,461.89462
1.0,0.59087044,883.5485
1.0,0.10791777,142.08331
1.0,0.11000254,87.35596
1.0,0.23261361,116.82053
1.0,0.5936592,73.68772
1.0,1.0,264.29538
1.0,0.020697681,1582.8544
1.0,0.009852429,311.2868
1.0,1.0,1.8145165e+06
1.0,0.53070784,150.06125
1.0,0.116887994,88.17426
1.0,0.32632345,2064.2515
1.0,0.99847215,5301.8066
1.0,0.20834692,2118.5833
1.0,0.7591543,388.86337
1.0,0.5378565,231.10284
1.0,0.596613,73.07347
1.0,0.52223057,440.0019
1.0,0.7021314,5567.2075
1.0,0.15279013,858.7137
1.0,1.0,15222.085
1.0,1.0,992.2054
1.0,0.06284895,984.0787
1.0,0.84718496,1227.9897
1.0,0.2834787,1133.0145
1.0,0.82464594,152.81892
1.0,0.99873024,25845.248
1.0,1.0,4748.113
1.0,0.041098952,8425.196
1.0,0.23103406,600.8369
1.0,0.21539155,86.042145
1.0,0.48969355,21164.186
1.0,1.0,68.58687
1.0,0.9974788,9308.95
1.0,0.47198,232.19193
1.0,0.4667084,110.13067
1.0,0.04109325,484.05963
1.0,0.11058634,138.95204
1.0,1.0,3511.5981
1.0,0.6078918,380.58902
1.0,0.97340053,96.76279
1.0,0.26049167,71.07883
1.0,0.52113885,107.998795
1.0,0.060018513,49519.26
1.0,0.31073114,22949.543
1.0,0.23825157,83.99898
1.0,1.0,22813.678
1.0,0.017550513,49863.582
1.0,0.85940564,2279.0095
1.0,0.30130365,520.29364
1.0,0.2551553,215.12256
1.0,0.1632704,115.65514
1.0,0.17346855,3476.8054
1.0,0.025941445,581.9433
1.0,0.35450837,232.47112
1.0,0.33771,34222.652
1.0,0.090587795,162.38245
1.0,0.76488847,71.161934
1.0,0.5153864,217.07144
1.0,0.31439883,664.16815
1.0,0.17980787,77.20283
1.0,0.10952923,294.45352
1.0,0.30154416,67.99867
1.0,0.040805124,759.7994
1.0,1.0,30778.191
1.0,0.99999094,316.27048
1.0,0.9999964,6226.125
1.0,0.14789684,133.30779
1.0,0.48411644,90.645065
1.0,0.5568054,2196.1182
1.0,0.11797147,10916.636
1.0,0.5725675,269.32452
1.0,0.5739368,198.71773
1.0,0.53642654,537.4618
1.0,0.065047026,140.78348
1.0,1.0,10604.386
1.0,0.99999213,937.78876
1.0,0.7402765,299.24078
1.0,0.1661817,9776.874
1.0,0.27877447,747.59686
1.0,1.0,421.45258
1.0,0.32316938,430.9606
1.0,0.06309646,95.20534
1.0,0.9396383,1244.98
1.0,0.0055325143,1576.497
1.0,0.22069249,29813.693
1.0,0.44473454,96.22548
1.0,0.4989655,162.5421
1.0,0.1455778,1096.3168
1.0,1.0,2663.7312
1.0,0.89930105,752.9617
1.0,0.7103427,276.02124
1.0,0.4458727,312.7292
1.0,0.22824748,23809.432
1.0,0.0062022945,6909.973
1.0,1.0,2653.9849
1.0,0.35486272,101.65856
1.0,0.8663116,2926.8928
1.0,0.0763842,3821.9536
1.0,0.05947193,80.53789
1.0,0.98071676,1097.8706
1.0,0.58573914,74.78279
1.0,0.343475,418.37576
1.0,0.03708178,2352.0425
1.0,0.0036022626,260.54993
1.0,0.5534582,419.52713
1.0,0.9999999,39729.312
1.0,0.14350162,129.941
1.0,0.13052315,65.20401
1.0,0.9999713,24139.941
1.0,0.29661602,76.50081
1.0,0.0724764,518.22125
1.0,0.5453598,211.09615
1.0,0.06724554,69.95655
1.0,0.41766873,210.19554
1.0,7.3211163e-06,172.24683
1.0,0.7182923,90.83493
1.0,0.09545528,431.29834
1.0,0.3752336,67.01395
1.0,1.0,97708.33
1.0,0.25970417,176.38577
1.0,0.85321337,1113.6693
1.0,0.4841326,10411.225
1.0,0.10665229,1160.2571
1.0,0.008551495,283.1965
1.0,0.4985719,118.4343
1.0,0.8559,11856.005
1.0,0.29917923,198.96562
1.0,0.014460187,3157.4727
1.0,0.04782152,12023.117
1.0,0.35736886,158.1713
1.0,0.047727812,8667.6045
1.0,0.5064867,1030.2764
1.0,0.91794515,1064.8021
1.0,0.21281706,666.1363
1.0,0.0030356522,3024.9265
1.0,0.32731807,150.81255
1.0,0.0012244467,5145.563
1.0,0.7850917,895.3764
1.0,0.011155312,68147.19
1.0,0.08659656,240.53902
1.0,0.10540363,1878.4944
1.0,0.99972814,219.56494
1.0,0.6819136,6114.588
1.0,0.42124102,15094.035
1.0,0.95379037,9291.703
1.0,0.15358315,488.8905
1.0,0.44590116,5738.7456
1.0,0.0632218,2075.2651
1.0,0.3908035,344.97165
1.0,0.5906695,286.70807
1.0,0.41089585,211.74553
1.0,0.21377853,349.6442
1.0,0.7792585,72.51807
1.0,0.8480057,3615.8042
1.0,0.48670954,419.40073
1.0,0.33562428,1264.0359
1.0,0.7985172,466.6242
1.0,0.16000265,1003.01514
1.0,0.71747214,613.0301
1.0,0.95919025,2199.726
1.0,0.975848,113.427536
1.0,0.53833103,1578.0027
1.0,0.06733832,221.67549
1.0,0.99999905,78.81586
1.0,1.0,617.0026
1.0,0.016214969,927.82306
1.0,0.022766888,671.95123
1.0,0.4446507,92.57818
1.0,0.55925477,1167.7001
1.0,0.99851876,69834.79
1.0,0.26661792,98.81909
1.0,0.89095265,143.76088
1.0,1.0,10753.195
1.0,0.08016773,1146.0125
1.0,0.39400095,143.0872
1.0,0.54345876,402.8767
1.0,0.649592,78.470726
1.0,0.07517843,140.3868
1.0,0.8287728,3144.404
1.0,0.051265553,1375.2804
1.0,0.9999888,5277.217
1.0,0.007657866,70.09962
1.0,0.40602413,87.32618
1.0,0.9999366,252.7658
1.0,0.80455476,960.0964
1.0,1.0,11738.008
1.0,0.04149448,171.06305
1.0,0.9989736,2300.396
1.0,0.99999905,14754.235
1.0,1.0,7321.9844
1.0,0.4584921,201.1482
1.0,0.9214166,1839.0028
1.0,0.9982192,628.6318
1.0,0.2132964,108.17817
1.0,0.54189235,540.23065
1.0,0.0929928,298.6444
1.0,0.10912526,641.50165
1.0,0.43611947,642.896
1.0,0.99444085,86.30698
1.0,0.55106044,9008.517
1.0,0.9466706,155.79123
1.0,1.0,29065.957
1.0,0.64550275,82.2821
1.0,1.0,2620.0679
1.0,0.97606725,1371.7192
1.0,0.09049087,16158.523
1.0,0.5210101,86.0579
1.0,1.0,7842.9727
1.0,0.27682886,106.72706
1.0,0.028894287,155.04433
1.0,0.99999964,954.8338
1.0,0.16749407,70.15141
1.0,0.9317759,13608.374
1.0,0.39279506,280.82193
1.0,0.52182996,950.8265
1.0,0.99994886,16385.688
1.0,0.36679718,228.57254
1.0,0.5662735,151.82909
1.0,0.08913725,5251.548
1.0,0.96976817,3042.019
1.0,0.33055496,79.4844
1.0,0.07343216,556.4971
1.0,0.47613364,394.60065
1.0,0.22374962,207.11507
1.0,0.5500515,403.77655
1.0,1.0,559.842
1.0,0.079224974,1201.2726
1.0,0.12993169,78.04206
1.0,0.69166404,5024.079
1.0,0.9458601,800.67926
1.0,0.99991715,109.126625
1.0,0.9726217,1298.3944
1.0,0.84239894,2571.3828
1.0,0.16069797,238.69267
1.0,0.114451624,75.78231
1.0,0.11557291,121.47315
1.0,0.09934228,780.8638
1.0,0.3032878,72.76058
1.0,0.89665073,24047.115
1.0,0.04206885,78.995575
1.0,0.043779247,910.24426
1.0,0.43047917,705.6594
1.0,0.65027,700.15027
1.0,0.51520616,145.09193
1.0,0.01862004,30523.773
1.0,0.91185945,3566.2185
1.0,0.6182388,9490.752
1.0,0.6364073,7706.083
1.0,0.55755544,413.8616
1.0,0.43979904,345.16486
1.0,1.0,7365.505
1.0,1.0,404.31955
1.0,0.10701438,2757.7969
1.0,0.124841,35566.344
1.0,0.37031135,434.78107
1.0,0.30141616,6012.134
1.0,0.06062644,11899.667
1.0,1.0,98.87938
1.0,0.27552915,76.07338
1.0,0.4553552,76.995346
1.0,0.17763339,568.65765
1.0,0.98196894,436.84125
1.0,1.0,764.11786
1.0,0.015079228,898.44147
1.0,1.0,10320.233
1.0,0.44798332,730.3862
1.0,0.35668337,167.5067
1.0,0.7522495,96.98085
1.0,0.25415632,74.45723
1.0,1.0,6720.604
1.0,0.7364784,75.80892
1.0,0.2772456,2010.7456
1.0,0.99999964,71.11304
1.0,0.6175355,73.87587
1.0,0.3885397,1382.4929
1.0,0.23712093,103.61465
1.0,0.5039308,746.94415
1.0,0.9999912,2182.7214
1.0,0.047095012,408.89594
1.0,0.6340711,84.82489
1.0,0.34402043,422.42172
1.0,0.7046053,800.00793
1.0,0.64224654,138.09848
1.0,0.11586866,84.35045
1.0,0.16765451,136.41689
1.0,0.5548027,2051.552
1.0,0.9999999,15035.7295
1.0,0.4495786,1032.5266
1.0,0.16370016,925.94293
1.0,0.22873726,95.67212
1.0,1.0,1992.2816
1.0,0.9981869,155.03284
1.0,0.9917429,83.21101
1.0,0.91015154,2565.513
1.0,0.5614809,16506.87
1.0,0.18863362,230.62617
1.0,0.1237904,104.27687
1.0,0.028599393,847.943
1.0,0.81195843,366.04944
1.0,0.21300673,85.712135
1.0,0.94025975,2257.6396
1.0,1.0,7462.6216
1.0,0.6912883,3534.7595
1.0,0.59789634,73.06212
1.0,0.9999993,11471.315
1.0,0.075702526,4334.938
1.0,0.22683243,477.64978
1.0,0.09261186,882.6817
1.0,0.441079,95.38418
1.0,0.2018402,225.07986
1.0,0.08922072,3794.541
1.0,0.3587824,165.72472
1.0,0.7974999,941.4491
1.0,0.68600774,10237.801
1.0,0.06706127,67.345535
1.0,0.53306526,6503.135
1.0,0.10837043,267.3877
1.0,0.064305596,7579.1675
1.0,0.41594824,153.80112
1.0,0.2541949,1123.7993
1.0,1.0,105593.64
1.0,0.670141,668.43134
1.0,0.9994881,1152.2546
1.0,0.28783104,1453.7969
1.0,0.11323875,1464.8428
1.0,0.11734171,48252.45
1.0,0.9985991,776.70215
1.0,1.0,694.1576
1.0,0.21197835,663.12103
1.0,0.55008256,471.66544
1.0,0.24333206,467.40588
1.0,0.0157719,3326.147
1.0,0.071771555,174.95049
1.0,0.5060814,277.80975
1.0,0.4646379,201.08923
1.0,0.99768746,489.75684
1.0,0.5390079,4382.416
1.0,0.11163383,221.87212
1.0,0.9938835,769.6232
1.0,0.9999865,813.4757
1.0,0.028806549,16003.345
1.0,0.5904336,147.94862
1.0,1.0,1.6669658e+06
1.0,0.9662419,213.26749
1.0,0.9801296,4989.455
1.0,0.42711705,314.55432
1.0,0.21349153,164.3686
1.0,0.4765105,143.02995
1.0,0.37310097,92.68619
1.0,0.1661813,221.02768
1.0,0.35965347,77.582405
1.0,0.2859157,105.32102
1.0,0.3883563,311.80914
1.0,0.40284312,9077.846
1.0,0.12054102,114.14709
1.0,0.7886913,773.7648
1.0,0.48950997,251.22469
1.0,0.99995995,494.3077
1.0,0.41921008,330.9214
1.0,0.7113928,88.12265
1.0,0.8166677,66.169556
1.0,0.22191493,142.3454
1.0,0.47819763,140.8134
1.0,0.17059189,242.05736
1.0,0.53155833,99.73498
1.0,0.27747247,253.22649
1.0,1.0,989.48834
1.0,0.0055525494,612.1856
1.0,0.99086154,28903.56
1.0,0.11482582,224.61476
1.0,0.012202821,769.88605
1.0,0.36993486,81.945854
1.0,0.92924315,1095.4203
1.0,0.6375068,170.63724
1.0,0.6637213,140.72267
1.0,0.0848231,82.67213
1.0,0.587547,1477.7273
1.0,0.37427428,183.12756
1.0,0.9693048,2015.6162
1.0,1.0,41034.094
1.0,0.07105721,121.23505
1.0,0.9999999,590.3156
1.0,0.08571051,4315.155
1.0,0.9888283,3663.9062
1.0,0.3604952,69.006165
1.0,0.99999726,113.70004
1.0,1.0,40547.63
1.0,0.24448577,178.3369
1.0,0.15036629,10826.491
1.0,0.50363797,894.6114
1.0,0.24903463,90.140915
1.0,0.67276543,85.7535
1.0,0.13242218,161.78815
1.0,0.34286177,20462.059
1.0,0.39793122,118.2694
1.0,0.579762,114.37579
1.0,0.1988935,119.28295
1.0,0.010208042,68845.84
1.0,0.9999993,416.7114
1.0,0.20206559,3139.6277
1.0,0.05557292,256.99066
1.0,0.37914413,2366.2214
1.0,0.07009672,105.415016
1.0,0.030213805,226.15236
1.0,0.22201787,478.82965
1.0,0.2832915,229.3108
1.0,0.09975745,427.14343
1.0,0.44990468,92.77632
1.0,1.0,2.031523e+06
1.0,0.5929386,84.76401
1.0,0.8626823,1912.6501
1.0,1.0,5745.876
1.0,0.9998839,3861.86
1.0,1.0,19011.963
1.0,0.12883797,191.3233
1.0,0.99997437,250.30385
1.0,0.55220944,5401.4795
1.0,0.45378432,129.4171
1.0,0.19120462,791.48816
1.0,0.13085774,286.94708
1.0,0.020190032,66.42819
1.0,0.46154216,81.3444
1.0,0.40729094,4224.472
1.0,0.65696913,82.70358
1.0,0.07456877,301.61493
1.0,0.6412002,5386.57
1.0,0.95178235,20315.05
1.0,0.5107936,675.00775
1.0,0.12989998,65.954
1.0,0.18782589,468.54813
1.0,0.5004359,50152.117
1.0,0.05585307,8268.506
1.0,0.33076257,111.28975
1.0,1.0,3567.1975
1.0,0.6195764,134.69733
1.0,0.014664992,1982.4081
1.0,0.9999981,90.77162
1.0,1.0,1781.6038
1.0,0.03887708,32581.846
1.0,1.0,3472.9539
1.0,0.34927398,1589.8842
1.0,0.9999757,108.54968
1.0,0.24222063,2372.5103
1.0,0.12689991,151.85568
1.0,0.9998851,70.08359
1.0,0.22971779,509.28812
1.0,0.101786025,68.84195
1.0,0.034239806,3020.4807
1.0,0.88951874,7807.137
1.0,0.14476274,136.19374
1.0,0.52190727,80.43794
1.0,0.2029065,7437.8115
1.0,0.016214643,2379.2026
1.0,1.0,1.0066659e+06
1.0,0.59469724,385.55792
1.0,0.2230229,144.64767
1.0,1.0,1.2384034e+06
1.0,0.19866355,1863.8973
1.0,0.13948934,96.16193
1.0,0.024318993,82.03104
1.0,0.12356431,189.61183
1.0,0.17637265,7652.2905
1.0,0.46139503,76.79993
1.0,0.012117732,9838.448
1.0,0.17247117,1137.5155
1.0,0.29874402,335.8973
1.0,0.9999932,142.13269
1.0,0.14464083,7894.1606
1.0,0.0034412995,3987.8845
1.0,0.24250804,111.42613
1.0,0.045589067,8150.832
1.0,0.44667003,14227.407
1.0,0.0760923,115.42553
1.0,0.09862993,69.30855
1.0,0.50266993,92.378
1.0,0.42018354,112.47152
1.0,0.5388311,773.7435
1.0,0.00013948503,7618.4014
1.0,0.20792048,4672.4478
1.0,0.999925,2618.5464
1.0,0.69229573,101.29067
1.0,0.5170837,92.56141
1.0,0.21357892,168.92245
1.0,0.017910138,10743.943
1.0,0.7916284,15320.677
1.0,0.0581888,8231.604
1.0,0.025744222,302.9094
1.0,0.06256526,748.9858
1.0,0.20145616,76.99904
1.0,0.27061626,142.78087
1.0,0.09492756,167.37737
1.0,0.25965312,6048.128
1.0,0.12977836,220.03276
1.0,0.3377627,1308.4163
1.0,0.9843642,110951.24
1.0,0.99859124,80488.27
1.0,0.9995691,1724.7733
1.0,1.0,37741.066
1.0,0.83426034,1830.5751
1.0,0.9999219,1199.7732
1.0,0.518298,168.39764
1.0,0.6168424,689.925
1.0,1.0,9112.843
1.0,0.052247453,7253.093
1.0,0.092714585,91.663055
1.0,0.46401563,5217.3774
1.0,1.0,935.4451
1.0,0.08481598,1305.2667
1.0,0.13170089,2673.8242
1.0,0.92438644,20712.19
1.0,0.9999987,63736.336
1.0,0.38098687,3309.8281
1.0,0.99999905,6522.8286
1.0,0.9997191,121.77602
1.0,0.08615514,196.88596
1.0,0.39269713,3174.5107
1.0,0.9993765,578.4778
1.0,0.6761746,7861.0513
1.0,0.14836642,319.81442
1.0,1.0,3690.2107
1.0,0.081665285,237.93935
1.0,0.3169553,93.35369
1.0,0.98789805,427.36017
1.0,0.49104843,80.10939
1.0,0.48764443,409.6745
1.0,0.0008812827,2957.056
1.0,0.021280283,865.0777
1.0,0.22103705,679.29767
1.0,0.246018,539.2256
1.0,0.4320522,610.1962
1.0,0.027178522,4698.1045
1.0,0.94177264,2404.231
1.0,0.0885859,91.08966
1.0,0.32859072,133.85873
1.0,0.09870122,118.97048
1.0,1.0,14458.996
1.0,0.12312131,9609.68
1.0,0.22482885,338.35138
1.0,0.9996203,148.93736
1.0,0.30268317,152.8759
1.0,0.8941804,122.13762
1.0,0.7838253,119.45858
1.0,0.42527184,117.001076
1.0,0.08695854,332.49805
1.0,0.05624305,855.1877
1.0,0.6079045,4941.167
1.0,0.760099,2276.311
1.0,0.9999968,58232.23
1.0,0.9532747,243.19365
1.0,0.70399964,69.90138
1.0,0.0008689616,2616.5046
1.0,0.64748526,87.74568
1.0,0.025341397,1081.3833
1.0,0.07058749,74.619415
1.0,1.0,7323.6323
1.0,0.3778303,482.404
1.0,0.027204847,2555.0808
1.0,0.03851059,6918.745
1.0,0.4463913,78.76676
1.0,0.9999423,1148.2279
1.0,0.34172422,2281.4805
1.0,1.0,76895.51
1.0,1.0,21865.906
1.0,0.21166882,767.27264
1.0,0.79545975,10754.412
1.0,0.53294635,27886.564
1.0,0.31337667,253.94482
1.0,0.15566674,65.139145
1.0,0.14614715,2832.2168
1.0,0.049815975,105.87993
1.0,0.35028297,722.83124
1.0,0.99738985,214.98938
1.0,0.09891585,518.12054
1.0,0.04763286,687.68567
1.0,0.26096877,1473.0927
1.0,0.24590655,679.0505
1.0,0.3641859,360.96936
1.0,0.12786216,351.1284
1.0,0.1944881,186.01733
1.0,0.25861806,3645.2817
1.0,0.9706553,120.19567
1.0,0.16003704,401.25482
1.0,0.19115557,246.73242
1.0,0.56699765,16633.715
1.0,0.09699009,773.8136
1.0,0.3832933,71.47566
1.0,0.24867587,373.33685
1.0,0.35614443,1735.2003
1.0,0.83245516,2188.3125
1.0,0.26760906,104.22147
1.0,0.8150299,4066.3323
1.0,1.0,7954.3765
1.0,0.56625754,169.69931
1.0,0.025403481,7514.817
1.0,0.41273725,3525.4246
1.0,0.54878664,269.88147
1.0,0.0673084,90.799385
1.0,0.8199416,184.37874
1.0,0.59638256,10694.513
1.0,0.596466,2750.2961
1.0,0.47498757,420.15936
1.0,0.4461003,208.7685
1.0,1.0,3381.393
1.0,0.06628726,81.75619
1.0,0.59884673,278.84174
1.0,0.9999157,2519.9253
1.0,0.64548546,2887.5012
1.0,0.2788042,469.02036
1.0,0.18930353,78283.984
1.0,0.45475855,3616.763
1.0,1.0,7845.8193
1.0,0.210513,190.61041
1.0,0.94267315,91.122696
1.0,0.0693905,1014.1085
1.0,0.004938103,146.9311
1.0,0.15039393,11207.767
1.0,0.18127483,182.74474
1.0,0.28875202,1692.4565
1.0,0.9997764,2112.908
1.0,0.99998987,3052.508
1.0,0.7060529,576.76385
1.0,0.062000573,404.03064
1.0,0.26057708,1652.4023
1.0,0.056156833,1264.0089
1.0,0.2818022,957.3621
1.0,0.99999785,11442.371
1.0,0.4408936,299.9088
1.0,0.18171914,442.95218
1.0,0.16714276,91.412346
1.0,0.4725206,80.65682
1.0,0.41331914,227.33888
1.0,0.9997929,2383.0144
1.0,0.40821046,111.10033
1.0,0.007094406,1892.3726
1.0,0.409159,1480.397
1.0,0.6363317,1382.6333
1.0,0.39464867,510.53156
1.0,0.0017744149,7642.6343
1.0,1.0,1.0391468e+06
1.0,1.0,2770.1482
1.0,0.041538276,13928.144
1.0,0.3567756,20966.873
1.0,0.99996984,13982.462
1.0,0.4883279,178.07901
1.0,0.4349104,81.980995
1.0,0.4448603,147.49384
1.0,0.019392462,553.2851
1.0,1.0,2936.5334
1.0,0.51433074,533.10187
1.0,0.040955085,377.5035
1.0,0.45159134,231.96718
1.0,0.29171166,91.39441
1.0,0.28920814,5071.2476
1.0,0.590951,2763.8716
1.0,0.99994576,93.49071
1.0,0.5618255,72.526146
1.0,0.27917942,1280.5853
1.0,0.7892255,11763.928
1.0,0.5210023,95.490456
1.0,0.010228616,369.2894
1.0,0.5480157,114.449905
1.0,1.0,1804.109
1.0,0.57095665,74.72386
1.0,0.99958307,10411.396
1.0,0.062141035,4083.033
1.0,0.13534525,4596.108
1.0,0.009606594,1095.869
1.0,0.18114443,2237.4294
1.0,0.9798758,121.44361
1.0,0.15442014,98.61002
1.0,0.07060567,375.98212
1.0,0.643059,1003.6926
1.0,0.06653909,143.35255
1.0,0.23306252,328.39642
1.0,0.3488118,65.62921
1.0,0.23807324,8474.488
1.0,0.25976327,125.817894
1.0,0.004949796,1011.62024
1.0,0.020401035,18327.713
1.0,0.9996855,22950.098
1.0,0.20904246,226.37122
1.0,0.16378173,318.07297
1.0,0.10099217,78.13813
1.0,0.1956011,144.30124
1.0,0.3648536,975.77374
1.0,0.11941502,1265.4954
1.0,1.0,4444.6553
1.0,0.24103403,193.71745
1.0,0.13595353,65.851524
1.0,0.9999558,106433.69
1.0,0.68109244,5728.245
1.0,0.13626735,72.58538
1.0,0.26078528,125.90965
1.0,0.15902242,121.28011
1.0,0.7658401,3066.122
1.0,0.33481088,100.958244
1.0,0.99989164,796.9903
1.0,0.29855087,463.4295
1.0,0.34310037,168.33313
1.0,0.30275995,1028.9097
1.0,0.9984792,65.230255
1.0,0.7300013,409.32178
1.0,0.50187874,70.55022
1.0,0.02200679,1709.3491
1.0,0.69423145,19973.629
1.0,0.20380898,94.09833
1.0,0.91033065,491.98
1.0,0.02414043,14370.509
1.0,0.053302854,91.33552
1.0,0.032961298,485.27664
1.0,0.9999999,5717.3213
1.0,0.90713894,1412.6449
1.0,0.06821404,160.3959
1.0,1.0,30038.8
1.0,1.0,11501.508
1.0,1.0,51940.664
1.0,0.21168749,141.3922
1.0,0.17746946,86.306694
1.0,0.8071777,91.66066
1.0,0.14857374,462.8112
1.0,0.4267845,75.57192
1.0,0.099318884,86.825165
1.0,1.0,4688.1387
1.0,0.14117523,162.59377
1.0,0.025529992,323.17023
1.0,0.24996823,1233.478
1.0,0.35605267,271.8792
1.0,0.5163125,688.69965
1.0,0.031717658,4588.2676
1.0,0.028438946,3909.0312
1.0,0.73727447,1534.9562
1.0,0.13027823,692.0941
1.0,1.0,2266.346
1.0,0.06879853,214.43173
1.0,0.16683261,213.3607
1.0,0.998708,955.6865
1.0,0.98861057,9906.259
1.0,0.6265752,728.1998
1.0,0.27869824,3326.2236
1.0,0.43281496,89.932625
1.0,1.0,1.8633715e+06
1.0,0.22788735,143.86153
1.0,0.74623245,450.63885
1.0,0.7896665,178.06396
1.0,0.005920129,51666.117
1.0,0.9735405,4440.953
1.0,0.24247201,530.9531
1.0,0.6505257,161.0444
1.0,0.99998593,1045.5363
1.0,0.059053145,20497.63
1.0,0.10587308,2068.3713
1.0,0.07524661,120.08618
1.0,0.0370549,203.72704
1.0,0.9999999,4800.7485
1.0,0.4170395,144.0456
1.0,0.035266455,561.9105
1.0,0.16213697,66.341415
1.0,0.91019756,1628.5248
1.0,0.10293889,1525.0374
1.0,0.9241768,827.3678
1.0,0.8919043,5676.751
1.0,1.0,924.67194
1.0,0.82734936,354.8231
1.0,0.70319605,1222.7018
1.0,0.22536814,76.69401
1.0,0.13901536,7267.6167
1.0,0.012736852,31099.883
1.0,0.06602334,245.9066
1.0,0.19365135,164.66321
1.0,0.02609079,471.36725
1.0,0.13367353,879.9723
1.0,0.6883504,620.48773
1.0,0.101201124,480.40366
1.0,0.99032545,689.3049
1.0,0.3485794,81.89189
1.0,0.008071068,20294.297
1.0,0.17005071,71.45841
1.0,0.07973613,23109.27
1.0,0.175548,374.80496
1.0,0.7784966,628.2923
1.0,0.9739855,123.25596
1.0,0.18317409,118.52465
1.0,0.42012718,859.4843
1.0,0.9998684,2793.3633
1.0,0.4017391,382.82407
1.0,0.64724314,8202.643
1.0,1.0,1230.9988
1.0,0.8293805,2748.4443
1.0,0.031896498,295.83823
1.0,0.45355296,3.6007e+10
1.0,0.045234513,304.15195
1.0,0.97767663,143.85458
1.0,0.111306876,95.793045
1.0,1.0,6149.9053
1.0,0.5114879,652.7406
1.0,0.51277655,7269.8633
1.0,1.0,1.1652155e+06
1.0,0.0015450815,425.6042
1.0,0.4720978,3814.8433
1.0,0.30239338,69.947945
1.0,0.023416564,395.25085
1.0,0.9737794,5282.866
1.0,0.7032011,3586.3936
1.0,0.34000495,124.84508
1.0,0.2230015,271.48978
1.0,0.5049992,400.14944
1.0,0.9999994,12352.339
1.0,0.034471367,828.3763
1.0,0.6206482,28021.64
1.0,0.48908934,10754.364
1.0,0.09992415,111.32769
1.0,0.9199553,2450.0122
1.0,0.99997246,262831.4
1.0,1.0,14650.311
1.0,0.21680488,10491.09
1.0,0.9999963,17495.625
1.0,0.0673398,746.7818
1.0,0.16777371,919.26636
1.0,0.74962676,101.366325
1.0,0.28422096,176.9478
1.0,0.25387865,76.637
1.0,0.17890657,542.4125
1.0,0.4361837,193.25624
1.0,0.6204606,222.30444
1.0,1.0,10804.547
1.0,0.11488102,424.2682
1.0,0.43570328,2368.9143
1.0,0.10661901,87.89482
1.0,0.4402165,157.16093
1.0,0.3258872,129.31262
1.0,0.4350444,287.81165
1.0,0.47794142,83.81166
1.0,0.9999964,1216.9841
1.0,0.067444995,2544.4302
1.0,0.045480356,241.47841
1.0,1.0,278.74057
1.0,0.17090587,70.04328
1.0,0.48233,286.20734
1.0,0.0988802,332.6936
1.0,0.23788261,71.18635
1.0,0.43380415,19188.371
1.0,0.6738869,1604.4504
1.0,0.99773896,913.23236
1.0,0.60997707,91.06076
1.0,0.076784685,4573.4053
1.0,0.16621855,149.25781
1.0,1.0,58466.645
1.0,0.24075961,106.2848
1.0,0.85839915,6484.4043
1.0,0.27031788,68.347176
1.0,0.0023065754,53659.152
1.0,0.7225937,1788.7815
1.0,0.25944558,239.23369
1.0,0.105709516,5659.003
1.0,0.0008541087,601.9475
1.0,0.38222042,21251.508
1.0,0.9999509,1602.3054
1.0,0.008816945,73.365776
1.0,1.0,27426.352
1.0,0.8554358,4959.669
1.0,0.3273273,193.76457
1.0,0.20601168,72.07824
1.0,0.5403579,5854.977
1.0,1.0,2106.959
1.0,1.0,623.97845
1.0,0.06450532,2272.488
1.0,0.49866906,104.123795
1.0,0.0126293255,1310.537
1.0,0.9992663,759.2498
1.0,1.0,11318.221
1.0,0.25805026,168.89203
1.0,0.53592235,217.85233
1.0,0.5244223,379.66458
1.0,0.36574522,705.02905
1.0,0.99980444,179.44153
1.0,0.006144708,1136.7614
1.0,0.6743679,71.52991
1.0,0.29636118,1156.575
1.0,0.38567618,68.15051
1.0,0.123866,105.13062
1.0,0.38306525,158.25902
1.0,0.17178689,194.24362
1.0,0.16514333,135.50658
1.0,0.04048426,284.7472
1.0,0.1741277,192.22554
1.0,0.069633946,23265.867
1.0,0.9999999,2910.006
1.0,0.41575304,828.05896
1.0,0.9998653,1703.843
1.0,0.41728264,199.82239
1.0,0.9936405,243.87898
1.0,0.13915262,2482.694
1.0,0.99999547,22417.979
1.0,0.9733636,110.14663
1.0,1.0,15615.961
1.0,0.9230398,2570.773
1.0,1.0,23168.744
1.0,0.32989672,85.91362
1.0,0.12240202,168.37694
1.0,0.9609203,20754.803
1.0,0.46914724,82.793686
1.0,0.45869136,223.14175
1.0,0.20680282,14896.354
1.0,0.009476072,1999.1643
1.0,0.028649418,2504.6138
1.0,0.61243546,401.36584
1.0,0.19337615,1952.9254
1.0,0.9999999,968.63525
1.0,0.29073423,187.03569
1.0,0.61231923,149.36905
1.0,0.48240778,282.7193
1.0,0.34351075,546.0521
1.0,0.9996886,1635.8661
1.0,0.5495979,3748.4365
1.0,0.24391614,5148.3267
1.0,0.91349,2297.0278
1.0,0.99999833,274.83112
1.0,0.4332885,104.84958
1.0,0.10777013,300.3382
1.0,0.33471844,391.37082
1.0,0.9999763,667.9647
1.0,0.9939719,690.5093
1.0,1.0,3417.0688
1.0,0.31173366,472.66806
1.0,0.48869923,102.913284
1.0,0.52535015,75.70152
1.0,0.40478918,774.33075
1.0,0.47852275,12300.666
1.0,0.9999995,7364.2393
1.0,0.049087014,15810.445
1.0,0.38743198,81.75919
1.0,0.47917587,92.24474
1.0,0.16811079,88.46954
1.0,0.11643835,4082.3
1.0,0.859843,5393.9854
1.0,0.7202593,66.62248
1.0,0.006452112,3703.624
1.0,0.9845883,110.671715
1.0,0.03044901,1844.3198
1.0,0.030483572,6992.4336
1.0,0.09577375,68.07377
1.0,0.9999033,96.308716
1.0,0.66188306,5662.6265
1.0,0.8288656,478.47675
1.0,0.5461916,76.93718
1.0,0.54416084,372.91388
1.0,0.47842532,152.60323
1.0,0.56974703,2677.107
1.0,0.37598476,96.85715
1.0,0.48576102,14248.699
1.0,0.32303113,147.70476
1.0,0.33622873,168.69244
1.0,0.46994886,67.29331
1.0,0.00997026,5293.945
1.0,0.25984213,299.9472
1.0,0.99170375,1244.3186
1.0,0.99789965,692.34265
1.0,0.3656319,77.89867
1.0,0.18654914,73.03557
1.0,0.5921758,75.55786
1.0,0.101789944,255.65837
1.0,0.095423646,82.67162
1.0,0.8910529,71.10297
1.0,0.3862264,230.41573
1.0,0.7478633,81.78923
1.0,0.775933,109.74531
1.0,0.971932,3136.7852
1.0,0.29312062,1660.3771
1.0,0.32414386,2068.651
1.0,0.0147768725,4044.9226
1.0,0.63864005,72.17171
1.0,0.55774117,173.58272
1.0,1.0,1.3194728e+06
1.0,0.9999994,25957.61
1.0,0.06901179,80.292015
1.0,0.3697716,76.73404
1.0,0.039228708,1826.9398
1.0,0.58618814,104.08819
1.0,0.99923253,2284.3818
1.0,0.1067719,67.13818
1.0,0.22667076,3825.3457
1.0,0.44308773,2830.577
1.0,0.36271456,18911.738
1.0,0.05095901,3710.9346
1.0,0.019466756,1102.4886
1.0,0.652236,815.71216
1.0,0.2232516,104.4006
1.0,0.5243423,276.78024
1.0,0.076195925,416.40222
1.0,0.076195925,416.40222
1.0,0.3955733,135.95857
1.0,0.5948726,289.37076
1.0,0.62326014,76.02032
1.0,0.020484297,5531.904
1.0,0.9992636,1160.5756
1.0,0.07610084,1230.151
1.0,0.4712842,1354.6523
1.0,0.45352092,73.07532
1.0,0.77768224,2543.8938
1.0,0.23529015,115.34609
1.0,1.0,7249.263
1.0,1.0,9099.999
1.0,1.0,131.44235
1.0,1.0,459.65118
1.0,0.23873222,16730.588
1.0,0.44891542,151.79059
1.0,0.17957361,1580.2427
1.0,0.24553974,869.9702
1.0,0.49998277,190.17456
1.0,0.5400692,6528.589
1.0,0.02885958,94.906586
1.0,0.47994685,273.85428
1.0,0.06597887,104.20946
1.0,0.9997696,926.26013
1.0,0.53248996,88.006256
1.0,0.84753025,1787.7703
1.0,0.5222404,92.36785
1.0,0.52169955,16161.486
1.0,0.144618,143.75954
1.0,0.99997497,407.75183
1.0,1.0,2.574643e+06
1.0,1.0,5876.4165
1.0,1.0,1504.4052
1.0,0.924607,59798.133
1.0,0.28854623,67.69835
1.0,0.45328686,83.59675
1.0,0.9999652,20722.652
1.0,0.47649357,230.374
1.0,0.74287945,56940.484
1.0,0.0018829539,1345.4214
1.0,0.6987495,5723.3447
1.0,0.10223112,173.10605
1.0,0.14145632,177.71414
1.0,0.5325213,503.02832
1.0,0.9999999,70398.86
1.0,0.01327628,658.7792
1.0,0.16941594,8624.733
1.0,0.7502071,82.841156
1.0,0.79164636,394.18625
1.0,0.5325747,268.59924
1.0,0.69796336,164.80855
1.0,0.46901473,321.5727
1.0,0.9999987,1731.7905
1.0,0.91791946,121.41634
1.0,0.49251255,236.74936
1.0,0.18083757,115.36794
1.0,0.07154972,81.64549
1.0,0.016987309,111.1024
1.0,0.5242408,115.969925
1.0,1.0,15657.904
1.0,0.6578899,1133.5084
1.0,0.33908767,86.74902
1.0,0.99999976,1003.0757
1.0,0.99945384,7523.093
1.0,0.018970076,188.602
1.0,0.25342032,104.25283
1.0,1.0,8120.836
1.0,0.52491134,986.9239
1.0,0.85472965,120.107544
1.0,0.0824659,464.5286
1.0,0.36756152,72.012764
1.0,0.965822,340.26627
1.0,1.0,172.67136
1.0,0.7379164,5969.2354
1.0,0.031819656,97.891525
1.0,0.0034031346,1245.7389
1.0,0.7654929,94.05931
1.0,0.67817783,298.78018
1.0,0.07129218,722.7404
1.0,1.0,3918.812
1.0,0.03611873,4468.9634
1.0,0.33047372,449.38385
1.0,0.9999678,7919.6147
1.0,0.99999857,3204.6208
1.0,0.9505032,160.561
1.0,0.8273126,1172.8944
1.0,0.012555534,2873.4592
1.0,0.34852484,1176.9573
1.0,0.9991128,6968.115
1.0,0.9998393,683.258
1.0,0.31555262,12164.038
1.0,0.045431983,1678.5898
1.0,0.0065634097,1613.4431
1.0,0.03934418,87.77878
1.0,0.44136316,733.9865
1.0,0.4420064,1148.9783
1.0,0.6161332,209.29521
1.0,0.43254682,68.592026
1.0,0.027780648,2697.3767
1.0,0.03808607,2270.7432
1.0,0.3149237,73.60557
1.0,0.05865093,11474.629
1.0,0.64163136,70971.695
1.0,0.024088535,688.6452
1.0,0.69767857,519.32227
1.0,0.00095764425,1837.8492
1.0,0.13858543,1633.2037
1.0,0.14887705,272.78326
1.0,0.019307157,1122.1766
1.0,0.67039627,1550.5618
1.0,0.00096641347,2144.7305
1.0,0.26721546,1370.3967
1.0,1.0,6711.814
1.0,0.16752581,3127.9463
1.0,0.25773197,867.939
1.0,0.50501114,74.30583
1.0,0.4964133,1756.7385
1.0,0.19677357,91.98146
1.0,0.28305286,159.05685
1.0,0.4891069,96.32165
1.0,0.8340095,1731.6593
1.0,0.8248526,523.2865
1.0,0.9999994,1871.796
1.0,0.5818355,80.501816
1.0,0.17780647,66.054245
1.0,0.9574714,577.3135
1.0,0.11745321,146.24861
1.0,0.9402011,128.93665
1.0,0.9959103,136.74281
1.0,0.73068917,76.552734
1.0,0.4647419,839.99756
1.0,0.9981791,14169.478
1.0,0.10408428,82.61287
1.0,0.18402167,71.616234
1.0,0.69733024,482.11646
1.0,0.22334924,92.32917
1.0,0.08948351,1521.3948
1.0,0.2207239,754.86224
1.0,0.99999964,613.67523
1.0,0.36673847,93.04055
1.0,0.4845646,162.1438
1.0,0.15687202,160.12079
1.0,0.09721951,109.914314
1.0,0.7627848,1926.6969
1.0,0.01751347,49617.496
1.0,0.5101595,277.80228
1.0,0.27479678,73.09002
1.0,0.9516944,501.3499
1.0,0.9160003,34703.996
1.0,0.9061747,1516.1129
1.0,1.0,13894.983
1.0,0.29341176,311.55862
1.0,0.9997563,237.92473
1.0,0.45243856,1331.694
1.0,0.026037388,128.12097
1.0,0.15231529,3868.5376
1.0,0.22494762,94.80957
1.0,0.00280753,1137.4574
1.0,0.9999951,9002.539
1.0,0.4292066,130.98322
1.0,0.9970278,1834.1945
1.0,0.98149806,256.27765
1.0,0.40987483,1237.2604
1.0,0.99999976,3821.2864
1.0,0.99994767,96.94056
1.0,0.29577047,193.11594
1.0,0.0061806766,1.3418136e+06
1.0,0.48976827,13544.218
1.0,0.13579527,368.63495
1.0,0.9608673,745.3704
1.0,0.18211813,5346.9756
1.0,0.2959812,937.59625
1.0,1.0,6230.1255
1.0,0.6348788,1677.8159
1.0,0.7026046,199.00179
1.0,0.3148483,68.75454
1.0,0.12478175,886.22327
1.0,0.543201,1224.8059
1.0,0.1336396,269.49817
1.0,0.46154216,221.77725
1.0,1.0,184.57733
1.0,0.0756728,973.87555
1.0,0.07567283,973.87555
1.0,0.99994946,83.76775
1.0,0.18934251,1057.5463
1.0,0.35109898,91.46954
1.0,0.24756444,673.2303
1.0,0.4076513,142.28853
1.0,0.99967885,2343.1138
1.0,0.61190724,86.603424
1.0,0.9655207,173.92316
1.0,1.0,268.36932
1.0,0.068027146,107.95505
1.0,0.98317564,4406.2603
1.0,0.4243093,108.68767
1.0,0.19370282,122.35244
1.0,0.47807473,3070.225
1.0,0.7121212,42215.79
1.0,0.3576541,365.88608
1.0,0.027749052,290.3277
1.0,0.004747042,6400.668
1.0,0.8125822,116.79322
1.0,0.9999995,26968.229
1.0,0.18168156,1963.3915
1.0,0.8311059,100.72695
1.0,0.42043903,94.07586
1.0,0.01565012,121.54079
1.0,0.4025824,669.0301
1.0,0.15978578,6350.9727
1.0,0.18116866,90.46893
1.0,0.09591478,356.9458
1.0,0.060200393,367.34244
1.0,1.0,2.9502002e+06
1.0,0.046864893,1404.0135
1.0,1.0,1.4340151e+06
1.0,0.46246254,96.119545
1.0,0.6532358,108.69178
1.0,0.9999907,953.16626
1.0,0.15176664,656.08673
1.0,1.0,200.52625
1.0,0.004644221,16388.98
1.0,1.0,3733.2847
1.0,0.121947095,904.53314
1.0,0.6326897,65.32665
1.0,0.081456654,1739.7673
1.0,0.290915,67.14029
1.0,0.07875066,11186.24
1.0,0.023702538,1551.5605
1.0,1.0,420.1522
1.0,0.6543367,1865.8066
1.0,0.23595527,121.84536
1.0,0.19986589,15976.08
1.0,1.0,2048.69
1.0,0.07276359,94.47832
1.0,0.3612454,10549.723
1.0,0.13350792,163.88583
1.0,0.36451492,137.45459
1.0,1.0,12760.631
1.0,0.93759614,3409.2947
1.0,0.12077127,378.11993
1.0,0.23785168,83.778244
1.0,0.8951537,7460.586
1.0,0.0443188,69.40528
1.0,0.1151024,244.21419
1.0,0.21555267,669.9762
1.0,0.51795727,240.43288
1.0,0.24388449,81.83765
1.0,0.40030894,2005.2999
1.0,0.9927856,160.33014
1.0,0.73859084,13373.277
1.0,0.07285927,348.4301
1.0,0.030756881,245.10199
1.0,0.34357488,134.20877
1.0,0.8767169,1384.1287
1.0,0.4983738,1986.6766
1.0,0.004827426,39244.566
1.0,0.61629003,1546.5526
1.0,0.5799142,16332.288
1.0,0.023062669,18317.572
1.0,0.036245633,327.74445
1.0,0.5831012,137.12733
1.0,0.43992853,113.67002
1.0,0.005935687,1002.10205
1.0,0.6337124,3091.8076
1.0,0.19339876,3904.208
1.0,0.1935986,682.9726
1.0,0.9999951,97.1686
1.0,0.092017084,85.14756
1.0,0.11045906,76.01268
1.0,0.5296844,535.0381
1.0,0.65948457,81.76234
1.0,0.9998636,5260.504
1.0,0.24066645,509.25653
1.0,0.5876477,117.1938
1.0,1.0,17648.193
1.0,0.5620554,46896.215
1.0,0.018750167,1404.1592
1.0,0.36713207,235.15959
1.0,0.3019203,227.81201
1.0,0.40632436,73.133385
1.0,0.08175735,1469.4733
1.0,1.0,61633.57
1.0,0.91414535,660.148
1.0,0.20492718,155.05574
1.0,0.52344686,3380.3647
1.0,0.22429663,227.44275
1.0,0.8707183,291.0829
1.0,0.6298655,487.59137
1.0,0.015055542,974.1622
1.0,0.16569887,98.56388
1.0,0.38642606,12009.054
1.0,0.42049956,79.7549
1.0,0.80867493,120.442116
1.0,0.02029506,675.9196
1.0,0.07424418,19468.066
1.0,0.037337855,19284.174
1.0,0.5938496,117.31559
1.0,0.42742667,165.34059
1.0,0.9999865,181.70305
1.0,0.4333392,74.62326
1.0,0.45919666,103.471855
1.0,0.26677337,274.98535
1.0,0.5542123,391.65088
1.0,0.64324117,509.2579
1.0,0.5442068,232.6763
1.0,1.0,581.9126
1.0,0.38610902,233.70915
1.0,0.3456179,602.88574
1.0,0.41721687,6424.561
1.0,0.96946317,5797.835
1.0,0.7550854,76.50942
1.0,0.48897862,75.785095
1.0,0.45536187,80.52973
1.0,0.99657685,3853.1416
1.0,0.37274307,1307.1204
1.0,0.5320354,734.31415
1.0,0.028062299,24488.451
1.0,0.2971173,133.66621
1.0,0.6668007,82.0839
1.0,0.0931275,71.71581
1.0,0.9999876,9007.765
1.0,0.49680653,2486.6716
1.0,0.99996185,4318.864
1.0,0.60586786,112.47597
1.0,0.099731915,74.72403
1.0,0.18022381,319.1581
1.0,0.1823444,135.79797
1.0,0.0054622185,283.43945
1.0,0.45559973,88.87739
1.0,0.99999714,110.33533
1.0,0.43172452,73.88858
1.0,0.84769875,2682.5415
1.0,0.91223615,86.24661
1.0,0.31182787,76.65436
1.0,0.535712,88.11668
1.0,0.42303082,251.37506
1.0,0.85766685,528.4395
1.0,1.0,723.69763
1.0,0.6223954,5740.504
1.0,0.8246495,2127.6792
1.0,0.99996686,42684.105
1.0,0.07757426,105.67262
1.0,0.53644305,70.83459
1.0,0.27690303,547.8101
1.0,0.41866332,655.3661
1.0,0.801041,527.58673
1.0,0.030364625,1884.1791
1.0,0.97453904,6320.2744
1.0,0.36866722,86.225876
1.0,0.090557605,101.81003
1.0,0.3662971,380.86868
1.0,0.118814394,172.85687
1.0,0.035718355,2.6281206e+08
1.0,0.43903434,674.2837
1.0,0.65832907,28559.68
1.0,0.36985013,119.70003
1.0,0.54923856,99.069336
1.0,0.04919773,130.53456
1.0,0.9207572,2615.6687
1.0,0.042356007,145.0409
1.0,0.99988484,95.06276
1.0,0.029065084,115.26956
1.0,9.613642e-05,1659.5697
1.0,0.53435636,5078.101
1.0,0.18167192,78.86137
1.0,0.16340679,4330.8086
1.0,0.5442816,72.407936
1.0,0.36232814,76.77717
1.0,0.0045311707,488.12003
1.0,0.41455978,70.800995
1.0,0.61336476,2933.1404
1.0,0.19935748,118.350525
1.0,0.53336793,427.20956
1.0,0.10532243,553.55005
1.0,0.5419805,78.36706
1.0,0.5839048,131.39314
1.0,0.6749883,10795.641
1.0,0.11638211,722.38855
1.0,0.0034490954,1163.422
1.0,0.9999968,138.22986
1.0,0.06143484,2989.4753
1.0,0.90291893,9182.294
1.0,0.2814384,489.8125
1.0,1.0,4355.1035
1.0,0.08542304,3985.0876
1.0,0.8637085,889.6902
1.0,0.017987961,1262.965
1.0,0.9104017,30323.684
1.0,0.08239776,803.0357
1.0,1.0,34546.227
1.0,0.867441,2040.4714
1.0,0.9999999,376.99216
1.0,0.34028706,90.57179
1.0,0.19945438,88.3893
1.0,0.6458395,128.72835
1.0,0.04555923,1935.172
1.0,0.9999999,6799.569
1.0,0.573775,794.741
1.0,0.060775485,141.19548
1.0,0.99427783,28040.322
1.0,0.01672719,4612.158
1.0,1.0,98.01854
1.0,0.0034532805,2260.7861
1.0,0.16319446,223.51643
1.0,0.21549189,274.48297
1.0,0.266898,3826.9253
1.0,0.9993957,71.20492
1.0,0.2097028,87.34603
1.0,0.097232044,102.175934
1.0,0.15387273,562.42377
1.0,0.123463474,90.88603
1.0,0.07834238,176.83398
1.0,0.15014856,77.75686
1.0,0.4713286,77.92322
1.0,0.024583982,710.8801
1.0,0.31349623,80.986374
1.0,0.31404835,2634.485
1.0,0.24310324,70.92519
1.0,0.54740626,84.65375
1.0,1.0,10294.543
1.0,0.99993014,165.80516
1.0,0.2962639,173.70293
1.0,0.34913445,940.4372
1.0,0.55348605,3259.6284
1.0,0.0027846594,3871.75
1.0,0.99998677,4357.4736
1.0,0.017881025,23085.0
1.0,0.40331885,248.06355
1.0,0.38316125,214.81854
1.0,0.058191467,3179.9526
1.0,0.46947655,541.8711
1.0,0.22799312,935.92645
1.0,0.36794975,3884.7097
1.0,0.547541,748.2468
1.0,0.13571072,67.07769
1.0,0.99964476,966.4055
1.0,0.78936934,395.7048
1.0,0.39396542,71.1525
1.0,0.36435127,1307.1053
1.0,0.6657005,69.103935
1.0,0.14405495,1299.5397
1.0,0.53718543,115.43643
1.0,0.99895966,451.56232
1.0,0.96474797,489.36578
1.0,0.44502258,91.7041
1.0,0.40381575,791.8649
1.0,0.4800447,3280.0508
1.0,0.033291034,1441.2793
1.0,0.30627868,1147.9285
1.0,0.7247681,205.67642
1.0,0.45190907,2604.0706
1.0,0.54959965,69.588295
1.0,0.12440889,179.68037
1.0,0.46391442,48635.414
1.0,0.5750789,669.5151
1.0,0.4090123,452.4626
1.0,0.9957243,93777.44
1.0,0.008921315,3895.582
1.0,0.30423734,579.18353
1.0,0.59872305,89.23751
1.0,0.013199393,1359.9241
1.0,0.680983,179.5717
1.0,1.0,2734.1655
1.0,0.47691473,401.01413
1.0,0.08386965,269.7797
1.0,0.40724972,84.4064
1.0,0.086721696,756.6093
1.0,0.73402363,187.44089
1.0,0.9270148,109.01179
1.0,0.97939223,98.53291
1.0,0.08153443,177.79973
1.0,0.3911384,98.27701
1.0,0.00024258412,2154.7808
1.0,0.2968507,1592.593
1.0,0.436841,286.2707
1.0,0.64776146,95.0749
1.0,0.5280344,122.53056
1.0,0.060708858,5499.7915
1.0,0.56078315,211.54662
1.0,0.4009364,637.45013
1.0,0.30069375,84.84788
1.0,0.52822727,73.05033
1.0,0.09561043,4177.5356
1.0,0.3166817,66.23021
1.0,0.42491177,210.38625
1.0,0.08695487,287.86172
1.0,0.99998546,827.3601
1.0,0.9943299,2705.6135
1.0,0.049962882,102.03239
1.0,0.937082,651755.94
1.0,1.0,205.05577
1.0,0.9449419,10541.085
1.0,0.3096261,692.7312
1.0,0.99977154,26956.594
1.0,0.9998814,25821.705
1.0,0.9352295,1710.5873
1.0,0.0924964,266.78333
1.0,0.20799215,230.91643
1.0,0.66893,179.30444
1.0,0.00540037,5928.791
1.0,0.99277276,496.38855
1.0,0.13365792,320.96014
1.0,0.13757995,70.673546
1.0,0.50305957,25029.04
1.0,1.0,1131.3823
1.0,0.02697402,888.4909
1.0,0.36601606,172.83467
1.0,0.99999404,844866.94
1.0,0.46313506,254.60733
1.0,0.99955755,9140.104
1.0,1.0,5201.291
1.0,0.44816265,139.83275
1.0,0.5357328,208.54214
1.0,1.0,1.4586542e+06
1.0,0.6192826,67.7339
1.0,0.9998933,2100.7314
1.0,0.6884066,15759.82
1.0,0.5643468,79.29437
1.0,0.9989675,627.7159
1.0,0.9999993,184.11989
1.0,0.965304,773.0608
1.0,0.38238096,221.96007
1.0,0.34567446,537.86176
1.0,0.7047437,410.86978
1.0,0.76177764,192.18303
1.0,0.7568194,986.431
1.0,0.039584763,502.7241
1.0,0.06416645,935.8062
1.0,0.5934747,9349.974
1.0,0.71086884,5225.323
1.0,0.06450592,11639.164
1.0,0.42310238,1512.9592
1.0,1.0,493.78018
1.0,0.0008592378,2830.3533
1.0,0.69097364,863.51855
1.0,1.0,173.93242
1.0,1.0,4083.3962
1.0,0.48603976,217.6381
1.0,0.00035463154,1626.0592
1.0,0.9999795,1995.4954
1.0,0.4573588,990.3829
1.0,0.5063655,330.9935
1.0,0.9578137,118.92863
1.0,0.99007004,4225.507
1.0,0.06927147,169.51643
1.0,0.3942035,909.70874
1.0,0.10387081,631.914
1.0,0.29584974,96.995926
1.0,0.005823765,1339.3813
1.0,0.20290223,79.35683
1.0,0.048257083,92.67515
1.0,0.03734387,183.24432
1.0,0.27439272,208.42975
1.0,0.5273697,677.1987
1.0,1.0,6831.1997
1.0,0.08500189,253.44511
1.0,0.008418047,309.41898
1.0,0.39725423,754.4218
1.0,0.99998105,11745.085
1.0,0.043700736,74.05197
1.0,0.8275581,349.525
1.0,0.07796967,90.0551
1.0,0.18042454,296.49313
1.0,0.120488055,1660.1356
1.0,0.25110552,248.75946
1.0,0.3547214,271.95206
1.0,1.0,10288.95
1.0,1.0,11970.784
1.0,0.41051403,90.86149
1.0,1.0,3178.307
1.0,0.18557763,377.8041
1.0,0.32535142,103.11444
1.0,0.5139979,542.7404
1.0,0.021596307,6494.4297
1.0,0.016057834,502.80524
1.0,0.28233632,308.1302
1.0,0.23674265,129.26422
1.0,0.99941933,2719.219
1.0,0.009050867,4406.212
1.0,0.21608584,212.36719
1.0,0.778121,214.25534
1.0,0.8895766,171.9379
1.0,0.10905941,1771.3451
1.0,0.69656336,593.416
1.0,0.7889058,425.60608
1.0,0.47145396,65.1066
1.0,0.9999182,73.70188
1.0,1.0,1619.401
1.0,0.97819394,4405.0557
1.0,0.06490137,134.86893
1.0,0.97105676,510.94794
1.0,0.88488406,225.45941
1.0,0.7979199,3807.161
1.0,0.566683,145.21027
1.0,0.0037179408,1367.4381
1.0,0.9999919,373.79214
1.0,0.5068585,68.90996
1.0,0.5394646,90.24806
1.0,0.26244175,77.68816
1.0,0.019794049,2060.1035
1.0,0.11635248,92.1224
1.0,0.7608763,4872.606
1.0,0.5439307,121.88216
1.0,0.03213425,122.966354
1.0,0.45589095,7091.3047
1.0,0.9170983,4836.378
1.0,0.32519466,1280.0216
1.0,0.26617065,136.63101
1.0,0.373464,111.42724
1.0,0.13539818,2984.5496
1.0,0.9960245,10313.199
1.0,0.53206956,2290.1982
1.0,0.44656017,8276.436
1.0,0.51750094,82.946846
1.0,0.06542012,1170.0858
1.0,0.116432376,163.55014
1.0,0.5183952,21471.387
1.0,0.005641574,1210.3009
1.0,0.3897754,174.8514
1.0,0.28037053,75.894554
1.0,0.32888022,125.425766
1.0,1.0,2100.2898
1.0,1.0,6.4786545e+06
1.0,0.5102465,208.5615
1.0,0.6398109,621.8183
1.0,0.54402536,1185.8439
1.0,0.14059275,276.4961
1.0,0.10111657,171.41783
1.0,0.99999595,136.77623
1.0,0.36356422,1829.1185
1.0,0.1551895,170.6673
1.0,0.1945676,97.37074
1.0,0.1535517,23048.658
1.0,0.06192849,390.7107
1.0,0.761762,1323.5623
1.0,0.08344376,128.56105
1.0,0.38611344,93.26978
1.0,0.32447925,776.24603
1.0,0.3220076,1953.8348
1.0,0.6127551,115.78741
1.0,0.19225623,305.99606
1.0,1.0,3849.262
1.0,0.19558953,87.65721
1.0,0.46344084,2429.7932
1.0,0.48656306,202.6999
1.0,0.19592898,8268.171
1.0,0.06842414,1405.7596
1.0,0.24182232,74.5309
1.0,0.9971559,33972.758
1.0,0.42157292,192.8082
1.0,1.0,3051.1191
1.0,0.34592903,112.760605
1.0,1.0,9877.934
1.0,0.42359528,14654.719
1.0,0.011628757,188.1822
1.0,1.0,183.59332
1.0,0.9710245,95317.305
1.0,1.0,2134.7998
1.0,0.8701039,1884.5784
1.0,0.9087272,104.67003
1.0,0.4377271,1072.7534
1.0,0.21417087,72.112144
1.0,0.06714331,258.01953
1.0,0.019234637,2604.814
1.0,0.9415749,1285.3593
1.0,0.7634123,812.5023
1.0,0.038239118,691.9034
1.0,0.338559,133.12225
1.0,0.11071645,504.34286
1.0,0.004308064,1564.1873
1.0,0.6521692,5594.1616
1.0,0.17413312,91.77476
1.0,0.27732876,66031.586
1.0,0.4662201,391.733
1.0,0.00076837646,28140.807
1.0,0.32503343,261.0649
1.0,0.5688462,110.066475
1.0,1.0,4527.0435
1.0,0.99999785,1450.4884
1.0,1.0,421.71548
1.0,0.3982385,2363.478
1.0,0.36394915,1084.1401
1.0,0.9999995,151.4563
1.0,0.9272827,847.3846
1.0,0.18322414,101.03576
1.0,0.076260425,1655.1024
1.0,0.41232228,116.9368
1.0,0.47852525,2438.7979
1.0,0.17999664,456.06137
1.0,0.35541198,1858.4882
1.0,0.39856732,233.91336
1.0,0.99988115,19027.771
1.0,0.16077521,7987.634
1.0,0.0020643196,1445.4988
1.0,0.39721602,1354.7445
1.0,0.43470517,434.85577
1.0,0.95451957,80.60152
1.0,0.66664505,133.72243
1.0,0.0062711653,12006.312
1.0,0.6848962,120.192635
1.0,0.99642134,5274.6333
1.0,0.4143138,725.0067
1.0,0.30930883,281.41208
1.0,0.80528873,938.6082
1.0,0.0037903558,934.017
1.0,0.48952535,95.71924
1.0,0.9120012,3524.1455
1.0,0.20871872,675.8209
1.0,0.99732333,167.20341
1.0,0.4791635,138.41795
1.0,0.18689965,393.48422
1.0,0.98872864,516.1718
1.0,1.0,18718.217
1.0,0.7298738,79.52525
1.0,0.36702192,6601.9736
1.0,0.6204931,231.54147
1.0,0.27249938,84.51249
1.0,0.15820996,242.85118
1.0,0.6068083,90.25664
1.0,0.111344,502.3914
1.0,0.012340202,24467.22
1.0,0.00092121237,995.75775
1.0,0.2718452,66.714714
1.0,1.0,4892.782
1.0,0.6177411,101.250534
1.0,0.5539654,131.98698
1.0,0.97379225,1407.8093
1.0,0.65018374,152.86449
1.0,0.08145155,91.36596
1.0,0.30365923,94.98459
1.0,0.10637142,85.76311
1.0,0.9410507,657.8078
1.0,0.99999917,366.07294
1.0,0.4048112,406.75467
1.0,0.9335335,560.8356
1.0,0.084584825,1091.6113
1.0,0.51716715,413.34482
1.0,0.82111543,132.72157
1.0,0.99999976,110.949905
1.0,0.35672852,130.26096
1.0,0.79232234,145.63794
1.0,0.83670735,85.27274
1.0,0.41390756,599.3995
1.0,1.0,2022.727
1.0,0.55726606,468.07944
1.0,0.06975571,66.10725
1.0,0.30366367,2148.813
1.0,0.11629027,1928.4514
1.0,0.9891205,117.77491
1.0,0.38549262,25136.445
1.0,0.26393422,93.58129
1.0,0.43262887,557.6206
1.0,0.056203734,121.19632
1.0,1.0,230.2267
1.0,0.73582244,78.841866
1.0,0.03269825,4997.761
1.0,0.3115638,97.184715
1.0,0.22758467,607.3468
1.0,0.9938262,443.61093
1.0,0.09887485,9484.866
1.0,0.29237503,162.52675
1.0,0.9992544,1254.9202
1.0,0.055865906,143.68048
1.0,0.1040168,1120.5441
1.0,0.4325045,432.91998
1.0,0.8818164,1042.814
1.0,1.0,2.4015055e+06
1.0,0.01787946,495.3476
1.0,0.01274541,466.4572
1.0,0.14036253,186.62276
1.0,0.33001187,78.13204
1.0,0.28293434,74.38738
1.0,0.9137907,1077.1925
1.0,0.99998546,2039.1255
1.0,0.4776375,109.655396
1.0,0.22753304,3019.4065
1.0,0.99984753,3913.8027
1.0,0.910765,195.50053
1.0,0.07768924,18022.975
1.0,0.3145179,511.46628
1.0,0.43615547,357.73227
1.0,0.5104085,469.41086
1.0,0.11898138,7186.794
1.0,0.057819273,4034.176
1.0,0.15586731,641.6454
1.0,0.21268265,1411.8433
1.0,0.01464315,2774.5999
1.0,0.76090276,93.138824
1.0,0.4007627,214.59566
1.0,0.99747425,450.59506
1.0,0.5794011,2106.1658
1.0,1.0,2801.026
1.0,0.999951,192.98346
1.0,0.4753616,549.9972
1.0,0.23546028,74.17529
1.0,0.99980944,495.15918
1.0,0.52338916,95.02353
1.0,0.8519165,174.75237
1.0,0.54098785,5139.578
1.0,0.004332333,50614.965
1.0,0.52360034,88.00563
1.0,0.05980049,112.67064
1.0,0.00037545757,1090.9679
1.0,0.3088107,388.44028
1.0,0.8746778,82.47007
1.0,0.046009924,106.464714
1.0,0.019200843,2532.6013
1.0,0.5228389,105.6844
1.0,1.0,118101.69
1.0,0.014354385,619.27997
1.0,1.0,1695.652
1.0,0.17061648,6323.304
1.0,0.41158873,3081.8264
1.0,0.61103344,105.67982
1.0,0.2179642,181.69208
1.0,0.43001133,720.59784
1.0,0.09423525,123.132324
1.0,0.99922276,182.16698
1.0,0.3547198,269.44492
1.0,0.00110926,4963.5396
1.0,0.9322623,246.28963
1.0,0.9958474,1883.0995
1.0,0.124756515,4883.4033
1.0,1.0,5250.32
1.0,0.4922382,905.1267
1.0,0.12449635,618.25037
1.0,0.5991901,2906.2288
1.0,0.5410719,920.682
1.0,0.044836294,148.75064
1.0,0.11938606,399.1209
1.0,0.11386075,472.80197
1.0,0.020221839,202.35556
1.0,0.7411014,1219.2424
1.0,1.0,2464.135
1.0,0.08329136,259.05307
1.0,0.34003618,257.2374
1.0,0.86587256,2407.0862
1.0,0.042617198,99.07744
1.0,1.0,16921.742
1.0,0.36434722,2378.2312
1.0,0.9027312,161.37177
1.0,0.40546185,67.801895
1.0,0.9999825,6.9342515e+06
1.0,0.4633748,712.9723
1.0,0.33974123,2831.9338
1.0,0.99847776,78.659424
1.0,1.0,85.607735
1.0,0.9998247,1071.0963
1.0,1.0,10685.111
1.0,1.0,907.1339
1.0,0.37069124,205.20961
1.0,0.99999225,1000.5453
1.0,0.70337117,2316.254
1.0,0.003938846,1399.607
1.0,0.3622621,104.28958
1.0,0.77631396,216.57782
1.0,0.98836833,2044.0446
1.0,0.44149017,227.02086
1.0,0.43726394,1121.8921
1.0,0.98839533,4337.823
1.0,0.009134342,818.7301
1.0,0.26784694,94.03034
1.0,0.57656056,151.86118
1.0,0.5607945,883.03894
1.0,0.106148675,69.6686
1.0,0.60216606,478.08185
1.0,0.5190965,664.0777
1.0,0.20436879,81.245636
1.0,0.8653552,315.9281
1.0,0.48451298,447.13684
1.0,0.077416204,141.99037
1.0,0.077416226,141.99037
1.0,0.96273685,1850.2565
1.0,0.48870626,109.31784
1.0,0.4709452,430.85297
1.0,0.24601328,100.145035
1.0,0.97191226,1217.1478
1.0,0.94841677,5453.4307
1.0,0.16825444,194.8493
1.0,0.41190085,719.0977
1.0,0.11972856,270.82495
1.0,0.41834354,189.43579
1.0,0.9999912,2007.1216
1.0,0.02394537,447.02298
1.0,0.54413986,1488.6976
1.0,0.36205322,65.51086
1.0,0.17223255,97.538925
1.0,0.5944806,81.13862
1.0,0.4777154,149.72823
1.0,0.5327934,162.67769
1.0,1.0,1377.5239
1.0,0.024081698,902.8122
1.0,0.32463354,915.6717
1.0,0.9999207,2998.5386
1.0,0.42176208,33285.93
1.0,0.22916628,9656.916
1.0,0.79011244,841.736
1.0,0.03473421,14022.649
1.0,0.21447465,4714.4536
1.0,0.5025008,5291.3735
1.0,0.76295257,1315.9006
1.0,0.41266835,67.80528
1.0,0.05148288,87.03653
1.0,0.94982916,2407.998
1.0,0.18208204,101.419205
1.0,0.028265122,2918.168
1.0,0.25644225,856.4346
1.0,0.40187043,679.3652
1.0,0.29122758,103.65464
1.0,0.46748313,98.965836
1.0,0.16345446,6179.518
1.0,0.010900975,28917.24
1.0,0.2699449,77.66921
1.0,0.06351842,93.80019
1.0,0.055755697,492.32343
1.0,0.11642731,123.01517
1.0,0.73709136,150.39609
1.0,0.8753738,430.5756
1.0,0.5713898,110.265335
1.0,0.15889664,4035.175
1.0,1.0,79.86169
1.0,0.9999982,578.0867
1.0,0.97441036,582.14014
1.0,0.18797253,325.57742
1.0,0.9997675,80.161385
1.0,0.4417649,804.6654
1.0,0.33105883,281.62057
1.0,0.16523318,2023.0159
1.0,0.27289397,298.2191
1.0,0.47965217,123.01497
1.0,0.9999889,449.59607
1.0,1.0,1652.1556
1.0,0.42893645,561.3549
1.0,0.9006198,724.0036
1.0,0.111551575,2609.6575
1.0,0.45294404,508.1347
1.0,0.08486292,75758.39
1.0,1.0,1073.207
1.0,0.5859665,1699.7397
1.0,0.0017348717,201.35492
1.0,0.0937964,847.6712
1.0,0.06577598,1758.9232
1.0,0.016030245,4616.168
1.0,0.22740099,298.2335
1.0,0.9995702,19143.95
1.0,0.9999999,941.2915
1.0,0.03466939,481.0983
1.0,0.9582718,4071.1033
1.0,0.38290027,9595.583
1.0,0.72134125,1204.7233
1.0,0.35155344,164.73718
1.0,0.18805034,84.19093
1.0,0.09127802,159.67978
1.0,0.2844346,150.41112
1.0,0.35741588,963.64325
1.0,0.5842708,1821.106
1.0,1.0,1297.7046
1.0,0.1102078,162.94763
1.0,0.6249468,88.84831
1.0,0.6415937,68.06233
1.0,0.9751312,44129.66
1.0,0.99999976,32787.906
1.0,0.023587685,7157.3154
1.0,0.9818163,363.857
1.0,0.99998593,96502.81
1.0,0.13876879,71.56655
1.0,0.32298663,513.1994
1.0,0.5211336,92.490395
1.0,1.0,22815.531
1.0,1.0,5667.733
1.0,0.29914463,92.97703
1.0,0.4521208,73953.3
1.0,0.58950275,93.66517
1.0,0.4501711,2216.1038
1.0,0.16342004,8186.753
1.0,0.5619298,119.34963
1.0,0.510402,92.301346
1.0,0.9999999,84216.81
1.0,0.50470877,2316.788
1.0,0.017628519,2696.888
1.0,0.124662675,701.0352
1.0,0.11293584,1496.8442
1.0,0.22147822,76.178444
1.0,0.38084823,1882.0164
1.0,0.99999917,1654.6427
1.0,0.1781305,40709.11
1.0,0.21786132,4219.7554
1.0,0.3000587,203.05809
1.0,0.0016957046,961.5844
1.0,0.6116544,691.16766
1.0,0.0488502,50678.305
1.0,0.69071776,1287.6221
1.0,0.34024712,67.77151
1.0,0.031768207,23504.238
1.0,0.322631,253.64137
1.0,0.5447603,205.94781
1.0,0.30026704,87.22533
1.0,0.10034727,126.94268
1.0,0.19230245,741.4183
1.0,0.07902222,6269.0317
1.0,0.5433737,284.2048
1.0,0.29714993,66.17853
1.0,0.088782154,443.97418
1.0,0.6860361,1139.6244
1.0,0.30490023,11124.998
1.0,0.6641417,1999.4354
1.0,1.0,15521.398
1.0,0.36175445,61590.48
1.0,0.21031903,143.9177
1.0,0.9999604,73692.38
1.0,1.0,11003.519
1.0,0.007159035,454.93985
1.0,1.0,6859.354
1.0,0.22600618,150.54039
1.0,0.5430444,76.9638
1.0,0.6620005,94.89078
1.0,0.9971769,411.78387
1.0,0.03177465,602.9596
1.0,1.0,1192.3712
1.0,0.99999964,2129.148
1.0,0.20830154,776.12463
1.0,0.4646617,107.20317
1.0,0.060879607,126.17314
1.0,0.9999933,305.5947
1.0,0.99999225,8885.962
1.0,0.15642238,338.642
1.0,0.5427841,75.32827
1.0,1.0,5307.1616
1.0,0.5582838,904.8346
1.0,0.3487996,82.626755
1.0,0.15010901,92.5892
1.0,0.7779646,14046.148
1.0,0.04968138,274.82538
1.0,0.032078754,564.50586
1.0,0.058723424,140.72406
1.0,0.99449414,161.82927
1.0,0.010881121,739.00287
1.0,0.45094272,2816.8628
1.0,0.9728363,109.194466
1.0,0.29162925,10872.103
1.0,0.43449527,82.66482
1.0,1.0,196.67995
1.0,0.042441882,160.56628
1.0,0.69021016,458.84668
1.0,0.6234611,110.895706
1.0,0.4466958,95.76481
1.0,0.77507335,103.959755
1.0,0.16862266,106.63587
1.0,0.07721415,138.78256
1.0,0.06745703,1054.1172
1.0,0.02940186,317.7602
1.0,0.00078979036,18800.11
1.0,0.51585037,16573.773
1.0,0.042772442,2375.5562
1.0,0.24349107,256.1637
1.0,0.20512797,3003.4282
1.0,0.75898814,232.81276
1.0,0.21516661,85.16061
1.0,0.19734094,122.95508
1.0,0.0053620343,90.42186
1.0,0.06044108,140.64807
1.0,0.32042974,98.52217
1.0,0.9985476,9426.406
1.0,0.5031973,189.08844
1.0,0.03028279,1216.2649
1.0,0.26210985,218.6066
1.0,0.5965252,71.14406
1.0,0.9737337,13176.573
1.0,0.43629903,1466.7048
1.0,0.6837466,7017.653
1.0,0.17765133,849.74316
1.0,1.0,2519.9973
1.0,0.050950434,901.33936
1.0,1.0,22346.613
1.0,0.7552163,188.40579
1.0,0.041171193,443.6657
1.0,0.776162,7216.493
1.0,0.3225312,450.92566
1.0,0.5056398,4782.254
1.0,0.42934066,193.05043
1.0,1.0,4141.73
1.0,1.0,2478.7637
1.0,0.9760016,82.12456
1.0,0.2805454,80.299515
1.0,0.24515706,137.71866
1.0,0.482742,103.0901
1.0,0.05296752,90.01675
1.0,0.15541475,578.0225
1.0,0.4494518,403.8355
1.0,0.01671942,89.40777
1.0,0.99997926,418.10782
1.0,0.74016225,5179.024
1.0,0.49823764,881.38306
1.0,0.1490911,114.86806
1.0,0.9336091,309.93085
1.0,0.6464552,81.219055
1.0,1.0,30300.652
1.0,0.9966485,1098.0563
1.0,0.27249795,161.53769
1.0,0.9999999,5649.247
1.0,0.07774546,613.43744
1.0,0.67643255,77.757416
1.0,0.12579888,2249.2312
1.0,0.878861,88.88061
1.0,0.4275095,96.36488
1.0,0.0055228393,3066.829
1.0,0.4222807,95.82539
1.0,0.9702224,944.47437
1.0,0.30282947,143.44853
1.0,0.30959266,598.9702
1.0,0.68090636,222.86618
1.0,0.41456503,797.4122
1.0,0.10379703,106.96784
1.0,0.46042195,270.28238
1.0,0.94498473,653.87897
1.0,0.09974952,99.52784
1.0,0.99401844,538.22534
1.0,0.45117274,101.85302
1.0,1.0,113.90515
1.0,0.9999999,284.06955
1.0,0.6860801,418.9338
1.0,0.9886624,3882.6118
1.0,0.2281956,82.85589
1.0,0.033058323,169.8145
1.0,0.88892686,156.7254
1.0,0.70319456,162.6318
1.0,0.031855788,2059.1492
1.0,0.016598314,1056.6254
1.0,0.29092723,132.5052
1.0,0.3397232,108.08135
1.0,0.066694506,381.9875
1.0,0.96222484,293.71524
1.0,0.14156851,796.0086
1.0,0.17398432,72.84953
1.0,0.3337736,929.2233
1.0,0.9888939,3335.758
1.0,0.41226628,78.38195
1.0,0.6047623,1352.1521
1.0,0.15295279,1395.7943
1.0,0.43648946,571.8998
1.0,0.89941305,220.31148
1.0,0.031331766,72.665375
1.0,1.0,1565.8257
1.0,0.56099606,99.95055
1.0,0.99763894,1158.9025
1.0,0.04525609,69.62444
1.0,1.0,1680.8629
1.0,0.009316546,7612.427
1.0,0.027451321,819.06866
1.0,0.04760767,247.40367
1.0,0.016246406,9304.01
1.0,0.05725626,9351.318
1.0,0.76473373,461.01736
1.0,0.097362615,14072.375
1.0,0.02477573,1594.3505
1.0,0.42715445,1321.5011
1.0,1.0,17337.12
1.0,0.09390204,4831.779
1.0,0.08661431,2416.1445
1.0,0.76000947,909.78564
1.0,0.16274409,3055.3481
1.0,0.4920365,171.32019
1.0,0.12811546,1129.6284
1.0,0.1478944,239.72537
1.0,0.39446774,6918.745
1.0,0.49314237,403.98874
1.0,0.49760476,82.81962
1.0,0.50441605,84.51374
1.0,0.14034495,304.48694
1.0,0.49162713,11357.297
1.0,0.08878882,76.98797
1.0,0.13763689,94.41703
1.0,0.014651065,461.29938
1.0,0.054717146,5434.28
1.0,0.29064474,741.4484
1.0,0.28198937,588.31885
1.0,0.46154216,25739.73
1.0,0.40853438,337.11026
1.0,0.45524544,9499.071
1.0,0.4893951,69.63052
1.0,0.47109,169.16086
1.0,0.99989295,4083.6562
1.0,0.20399664,85.712746
1.0,0.06369287,103.05988
1.0,0.36804217,94.45062
1.0,1.0,157.56212
1.0,0.8939633,777.49097
1.0,0.36617154,22898.398
1.0,0.98359895,6.210412e+06
1.0,0.78976715,93.17061
1.0,0.40204105,136.9047
1.0,0.5729657,454.8989
1.0,1.0,1.0585296e+06
1.0,0.015113685,4973.6836
1.0,0.02451523,637.05444
1.0,1.0,162.39609
1.0,0.49776214,85.72942
1.0,0.25400296,38547.367
1.0,0.23116796,2347.7466
1.0,0.16397612,115.031876
1.0,0.4491577,116.796295
1.0,0.33624995,1850.8407
1.0,0.46629375,74.27229
1.0,0.02962158,1545.6707
1.0,0.30044097,137.16129
1.0,0.004907252,884.8256
1.0,0.7866784,3238.892
1.0,0.08673146,85.477936
1.0,0.3905088,735.7378
1.0,0.97842693,1525.1185
1.0,0.7173375,5106.9805
1.0,0.16772808,174.38408
1.0,0.25767916,456.55612
1.0,0.6665801,1924.1305
1.0,0.01130016,369.61533
1.0,0.4242034,92.76382
1.0,0.46550694,387.43613
1.0,0.37834707,145.22884
1.0,0.020857107,9400.959
1.0,0.28096557,1948.4833
1.0,0.35317105,72.708176
1.0,0.99999976,25083.236
1.0,0.6465472,85.97307
1.0,0.24206881,90.211754
1.0,0.6480041,1103.7998
1.0,0.9999999,1437.3696
1.0,0.28456354,605.1502
1.0,0.030219883,775.65393
1.0,0.930069,9297.9795
1.0,0.22521639,373.04327
1.0,0.122118674,71.64472
1.0,0.09954465,1318.1637
1.0,0.9999999,441.99973
1.0,0.48576525,1165.7095
1.0,0.48576525,1165.7095
1.0,0.9999442,460.0147
1.0,0.6577664,72.09013
1.0,0.07128683,174.2238
1.0,0.2695487,263.134
1.0,0.16060455,65.23067
1.0,0.77637875,740.03406
1.0,0.50459677,91.19844
1.0,0.09400383,74.8031
1.0,0.049782913,66.303185
1.0,0.99964964,2709.6
1.0,0.30904493,416.24704
1.0,0.68064296,300.44406
1.0,0.95718277,618.507
1.0,0.0017537511,20509.066
1.0,0.517577,69.13562
1.0,0.5644263,2004.4656
1.0,0.44102913,706.8226
1.0,0.27623475,117.79353
1.0,0.14998305,1595.1279
1.0,0.007524207,2335.16
1.0,0.9999981,99.82821
1.0,0.03479273,107.49424
1.0,0.06197908,66.18191
1.0,0.11090006,603.4421
1.0,0.11090006,603.4421
1.0,0.9959204,1354.9565
1.0,0.99999976,379.70627
1.0,0.99867624,154.709
1.0,0.058359608,5994.7026
1.0,0.43061537,50145.125
1.0,0.15334767,111.59436
1.0,0.63351864,9302.263
1.0,0.9550508,2034.8984
1.0,0.4167249,1004.21844
1.0,0.60135925,98.289444
1.0,0.47729182,647.77795
1.0,0.88922244,16296.731
1.0,0.42427838,229.01265
1.0,0.50919884,72.14742
1.0,0.21364538,140.88167
1.0,0.21557365,232.35234
1.0,0.2421414,112.71574
1.0,0.6814156,1517.7218
1.0,0.4500313,1060.555
1.0,0.42756987,88.172516
1.0,0.10110319,216.76755
1.0,0.4412258,2838.9385
1.0,0.2405191,18210.85
1.0,0.11026418,2280.5815
1.0,0.22273727,66.9102
1.0,0.09393974,102.39544
1.0,0.32497537,87.790634
1.0,0.9838224,303.65863
1.0,0.4606729,119.563354
1.0,0.28511336,275.2007
1.0,0.042557385,203.24835
1.0,0.32222846,72.36025
1.0,0.0077988124,3528.8267
1.0,0.17013045,91.23665
1.0,0.18220414,70.10522
1.0,0.008828591,893.4006
1.0,0.27757344,1808.624
1.0,0.00394432,9404.655
1.0,5.0281917e-05,4471.42
1.0,0.46877953,752.4406
1.0,0.94560486,949.3634
1.0,0.43496555,75.24022
1.0,0.53033155,333.18216
1.0,0.09405799,540.59705
1.0,0.005201745,1035.9121
1.0,1.0,24862.785
1.0,0.83845246,562.51794
1.0,0.45466188,89.185455
1.0,0.0673297,277.51434
1.0,1.0,11297.735
1.0,0.5898366,1757.0607
1.0,1.0,2595.262
1.0,0.6709129,85.537506
1.0,0.13165903,1136.8588
1.0,0.26194108,122.849014
1.0,0.26414037,78.324844
1.0,0.015857456,172.37434
1.0,0.5765197,1303.1718
1.0,0.040352196,1988.7172
1.0,0.7484362,108.958
1.0,0.79259676,154.5383
1.0,0.16638815,37534.152
1.0,0.07481043,9770.13
1.0,0.35179493,1868.0583
1.0,0.72715473,1096.5479
1.0,0.57602847,201.67308
1.0,0.026667781,19405.006
1.0,0.45417586,130.39804
1.0,0.6918888,1518.426
1.0,0.4353098,102.04566
1.0,0.42071873,152.92526
1.0,0.48976043,75.68043
1.0,0.62314105,746.57605
1.0,0.95880455,189.74615
1.0,0.7142369,511.75613
1.0,0.40961885,305.2
1.0,0.3414233,273.74155
1.0,0.096082956,206.95549
1.0,0.8752082,99.063354
1.0,0.5601074,14053.877
1.0,0.54986954,27220.373
1.0,0.9984819,97465.65
1.0,0.9999304,132.16245
1.0,0.29365692,67.01704
1.0,0.18686421,1892.7954
1.0,0.11301098,102.93707
1.0,0.12639506,1444.922
1.0,0.15554892,176.08072
1.0,0.21864922,865.587
1.0,0.7755104,196.8664
1.0,0.84147525,35760.836
1.0,0.551328,1580.1525
1.0,0.20108461,9421.273
1.0,0.25293785,138.26279
1.0,0.94862294,93.27165
1.0,0.2991451,622.47644
1.0,0.9637015,4056.3638
1.0,0.2512998,473.6611
1.0,0.9991936,666.437
1.0,0.069763884,118.127884
1.0,0.00023357193,1994.6017
1.0,1.0,3129.4836
1.0,0.2591082,764.3931
1.0,1.0,89.4729
1.0,0.22312698,74.837234
1.0,0.5683658,156.43434
1.0,0.57096887,1337.4938
1.0,0.048315413,1411.2325
1.0,0.17792657,577.12994
1.0,1.0,146779.55
1.0,0.2354505,1813.4988
1.0,0.42000002,764.8948
1.0,0.055644467,13462.925
1.0,0.7371853,68.26195
1.0,0.73151153,4799.571
1.0,0.16241518,85.3911
1.0,1.0,10045.184
1.0,0.99999666,2242.9402
1.0,1.0,10404.025
1.0,0.001493204,10543.168
1.0,1.0,808.1339
1.0,0.18754654,4619.025
1.0,0.06908673,1912.731
1.0,0.2213326,103.85702
1.0,0.928465,15600.914
1.0,1.0,5353.287
1.0,0.20082885,2025.1515
1.0,0.18914592,660.9208
1.0,0.99465984,954.4617
1.0,0.47782013,66.469574
1.0,0.8549815,489.1485
1.0,0.49112555,34144.4
1.0,0.59799033,18640.713
1.0,0.17627689,1941.0931
1.0,0.9999994,8461.75
1.0,0.28931597,69.73034
1.0,0.4274226,1405.5991
1.0,0.12362289,81.7307
1.0,0.32361594,289.3547
1.0,0.4253455,132.12152
1.0,0.4121199,86.4313
1.0,0.10852218,2615.2336
1.0,0.050357,2382.1277
1.0,0.14064401,84.56684
1.0,0.6176499,91.087105
1.0,0.33798495,74.05829
1.0,1.0,38764.074
1.0,0.39162204,99.31171
1.0,0.36605662,309.80463
1.0,0.06376821,1434.7601
1.0,0.993049,81.35215
1.0,0.18214014,10136.666
1.0,0.10037163,289.3401
1.0,0.95276046,1862.991
1.0,0.5695064,230.87953
1.0,0.2128211,97.30515
1.0,0.19313751,4555.639
1.0,0.4834644,154.60533
1.0,0.92356116,80.56307
1.0,0.19799095,3504.0706
1.0,0.23551978,605.81
1.0,1.0,238.69582
1.0,0.03924068,4334.3574
1.0,0.6765628,467.42514
1.0,0.032206763,748.7987
1.0,0.033285193,50777.332
1.0,0.45695543,504.06635
1.0,0.32770735,84.597206
1.0,0.32602927,433.92313
1.0,0.67364115,427.6587
1.0,0.085226595,41926.164
1.0,0.70633686,208.59607
1.0,0.89880556,75.23885
1.0,0.5711187,410.3599
1.0,0.9976683,1267.9286
1.0,0.5825419,3708.5496
1.0,0.15829937,222.40259
1.0,0.6997464,219.8123
1.0,0.9999691,158.66736
1.0,0.2098802,4757.349
1.0,0.8960501,1155.1447
1.0,0.10142818,3993.3418
1.0,0.07462733,444.96924
1.0,0.2974664,99.97758
1.0,0.060585596,441.0786
1.0,0.31808802,87.438675
1.0,0.9999999,9400.784
1.0,0.7331925,69.83131
1.0,1.0,2345.4277
1.0,0.10926344,77.450035
1.0,0.35489416,181.439
1.0,0.6261331,1449.9861
1.0,1.0,3103.5686
1.0,0.6039426,68.39686
1.0,0.23082624,70.51762
1.0,1.0,4646.824
1.0,0.4361678,146.64182
1.0,0.82689494,905.9415
1.0,1.0,7308.0493
1.0,0.22758569,1513.2766
1.0,0.11224895,18524.355
1.0,0.046207923,16782.525
1.0,0.20061019,74.43393
1.0,0.46521026,10482.822
1.0,0.9605901,2448.337
1.0,0.7301855,2906.4043
1.0,0.21537718,199.28526
1.0,0.9999924,1108.4263
1.0,0.9946045,517.2313
1.0,0.20869954,109.68682
1.0,0.9999987,1925.8743
1.0,0.85810834,81.29864
1.0,0.3781751,557.82697
1.0,0.15429837,7745.4165
1.0,0.2149303,270.08112
1.0,0.4520393,164.7133
1.0,0.23496409,119.35153
1.0,0.15246257,104.648544
1.0,0.37710986,69.62842
1.0,1.0,4263.301
1.0,0.34194002,3497.9163
1.0,0.09646369,14883.8955
1.0,0.011213288,9490.294
1.0,0.14409137,188.12726
1.0,0.07011297,868.2793
1.0,0.0792758,3609.735
1.0,0.004107672,1054.9039
1.0,0.411442,82.63145
1.0,0.46206188,173.5386
1.0,1.0,5141.2373
1.0,0.0010166885,2631.652
1.0,0.74275184,80.10139
1.0,0.014435662,828.1899
1.0,0.108873576,111.2683
1.0,0.99999976,1172.2012
1.0,0.27040258,112.286934
1.0,0.99865544,67.74928
1.0,0.54613805,74.854385
1.0,1.0,3701.825
1.0,0.24597614,69.501854
1.0,0.43387008,74.66026
1.0,0.2560352,4009.0493
1.0,0.3141412,1595.0709
1.0,0.46347293,922.0548
1.0,0.99999976,492.54266
1.0,0.25872517,3546.636
1.0,1.0,890.037
1.0,0.9999926,7925.5034
1.0,1.0,231.75359
1.0,0.9998878,2135.23
1.0,1.0,11874.36
1.0,0.403909,799.6171
1.0,0.041241705,1045.7279
1.0,1.0,5626.5137
1.0,0.6225769,972.4726
1.0,0.45419908,110.31486
1.0,0.03683359,9801.3955
1.0,0.95558447,2011.768
1.0,0.17363769,99.17253
1.0,0.31961432,23315.527
1.0,0.95088774,1042.002
1.0,0.08697785,278.30832
1.0,0.4555271,5399.757
1.0,0.9999565,5451.473
1.0,1.0,6.1607795e+06
1.0,0.26954114,130.2649
1.0,0.16337222,1630.0239
1.0,0.09018892,233.65552
1.0,0.28099898,108.94939
1.0,0.2159044,1021.3528
1.0,0.35672787,170.18817
1.0,0.65046823,308.6716
1.0,0.072112925,1187.7163
1.0,0.1474589,108.83676
1.0,0.98133355,827.2733
1.0,0.1016993,176.26903
1.0,0.3176428,20621.242
1.0,0.50224787,15510.138
1.0,0.68983907,4558.581
1.0,0.42467076,114.40989
1.0,1.0,12699.621
1.0,0.46727642,183.56439
1.0,0.48036125,370.56638
1.0,0.012183419,1461.612
1.0,0.9998728,435.53
1.0,0.40150532,1225.9448
1.0,0.37484607,82.520584
1.0,0.07611378,105.58419
1.0,0.75046504,83.8564
1.0,0.009268653,16479.236
1.0,0.9989071,856.8136
1.0,0.99999046,6585.7236
1.0,0.720069,2482.4214
1.0,0.7025382,80.14264
1.0,0.43109757,71.2353
1.0,0.4730942,5398.411
1.0,0.2496889,82.63977
1.0,0.1290165,122.47878
1.0,1.0,325.28568
1.0,0.9738036,678.3697
1.0,0.67735106,414.22757
1.0,0.010086311,970.67084
1.0,1.0,910.9441
1.0,0.30506152,119.111115
1.0,0.14754473,792.41504
1.0,0.31137136,1280.8103
1.0,1.0,2.4694815e+09
1.0,0.00024217926,84544.69
1.0,0.8926594,322.84042
1.0,0.115292065,30698.645
1.0,0.067040846,1873.8945
1.0,0.10051034,907.33466
1.0,0.024047263,106.27966
1.0,1.0,11401.513
1.0,0.6012785,2671.792
1.0,0.09501342,822.2692
1.0,0.99995303,6843.609
1.0,0.20953518,865.7248
1.0,1.0,10378.059
1.0,0.6603897,73.34154
1.0,0.074446514,256.9049
1.0,0.53156394,379.66708
1.0,0.83851653,2076.3079
1.0,0.11080003,76715.46
1.0,1.0,1300.9695
1.0,0.04008767,73.188934
1.0,0.9999999,33610.02
1.0,0.3994993,804.29047
1.0,0.24140488,1129.3109
1.0,0.8032086,2283.1257
1.0,0.5835637,838.7529
1.0,0.9999919,8897.531
1.0,1.0,18154.473
1.0,0.58096987,408.4903
1.0,0.2898418,15972.222
1.0,0.08196321,1335.5436
1.0,0.0031315906,1549.5585
1.0,0.39930382,2465.231
1.0,0.9999335,114.055885
1.0,0.10917907,98.903595
1.0,1.0,2.904688e+07
1.0,0.9997454,482.13156
1.0,0.46433163,736.7236
1.0,1.0,91386.83
1.0,0.16739917,78.147545
1.0,0.008150202,346.631
1.0,0.43292007,69.70227
1.0,0.42138004,464.81097
1.0,0.2973231,93.41129
1.0,0.5537337,972.76306
1.0,0.5111273,306.1004
1.0,0.29880348,109.73609
1.0,0.1707883,13333.867
1.0,0.32564542,1279.053
1.0,0.07141902,658.8081
1.0,1.0,1.3357928e+06
1.0,0.14620413,109.820045
1.0,0.094250806,77.84741
1.0,0.0472964,3485.893
1.0,0.38173229,329.11545
1.0,0.09495036,66.12585
1.0,0.9720659,1910.8334
1.0,0.46126238,111.0001
1.0,0.14831212,136.35721
1.0,0.4044623,1058.1996
1.0,0.23873769,455.1522
1.0,0.10742639,32577.232
1.0,0.9529763,2265.0398
1.0,0.95274466,2375.984
1.0,0.99999344,165021.58
1.0,0.1376608,451.3157
0.0,0.53631365,363.10233
0.0,0.005186607,40874.69
0.0,0.4523202,187.59572
0.0,0.36843595,1436.7858
0.0,0.53956836,106.06575
0.0,0.43854564,131.81094
0.0,0.41349053,21959.979
0.0,0.011960732,51148.312
0.0,0.23599866,8196.229
0.0,0.8015571,3912.1787
0.0,0.35022935,9517.946
0.0,0.22829573,473.58936
0.0,0.49730125,104.06002
0.0,0.23991075,1377.4937
0.0,0.006320016,4719.296
0.0,0.2974725,567.03595
0.0,0.40650797,66.386116
0.0,0.27159625,4986.9546
0.0,0.13144991,131.186
0.0,0.088532165,534.063
0.0,0.30992916,1154.3763
0.0,0.07530368,1883.4944
0.0,0.6943371,1379.1265
0.0,0.4847986,110.000755
0.0,0.19357096,240.57454
0.0,0.23293774,139.61069
0.0,0.075070985,1020.76196
0.0,0.023370136,4005.967
0.0,0.1736339,761.8577
0.0,0.10218445,1108.004
0.0,0.04608429,166.10545
0.0,0.27387697,86.83098
0.0,0.43414578,114.04173
0.0,0.23752025,20175.125
0.0,0.36175486,146.39087
0.0,0.8904839,1113.1033
0.0,0.053931687,292.31177
0.0,0.8224182,1810.6398
0.0,0.02693223,2360.3286
0.0,0.14409724,2785.486
0.0,0.043677095,265.44934
0.0,0.11095739,73.63142
0.0,0.33942297,74.01816
0.0,0.34317005,646.1995
0.0,0.0050877067,5564.1035
0.0,1.0,15806.088
0.0,0.2179712,697.0717
0.0,0.5724675,2817.3855
0.0,0.27273804,1473.6572
0.0,0.26607823,70.131355
0.0,0.06795916,47690.3
0.0,0.17592195,71.986305
0.0,0.07250155,1178.4508
0.0,0.62700766,2455.1233
0.0,0.86507195,84.23629
0.0,0.6805005,2244.5266
0.0,0.3552502,64088.043
0.0,0.009053613,8224.322
0.0,0.02733973,9758.321
0.0,0.9618774,702.02924
0.0,0.43079197,78.35364
0.0,0.31267416,254.76686
0.0,0.38978067,70.35424
0.0,0.72462136,779.37683
0.0,0.00017411298,56861.64
0.0,0.022858033,11943.019
0.0,0.99998105,3644.8115
0.0,0.14835258,531.4903
0.0,0.13575946,20697.004
0.0,0.3515046,484.4153
0.0,0.18532525,6995.505
0.0,0.688422,456.88483
0.0,0.21444423,952.7854
0.0,0.5579409,331.45502
0.0,0.072794005,32540.518
0.0,0.011120152,581.0807
0.0,0.1967608,1127.9213
0.0,0.093530096,227.2508
0.0,0.20465954,70.25385
0.0,0.07183829,89.24442
0.0,0.106552444,116.90734
0.0,0.06287631,671.19543
0.0,0.53018874,79.10281
0.0,0.13769183,1858.4882
0.0,0.7882021,1858.5739
0.0,0.22214752,111.76872
0.0,0.9151034,157.66708
0.0,0.25517038,2002.3749
0.0,0.36912665,1826.668
0.0,0.04547885,6298.924
0.0,0.27227205,529.16614
0.0,0.19853309,68.95593
0.0,0.12738867,1582.9048
0.0,0.62297964,76.1381
0.0,0.94813937,249.95837
0.0,0.8195499,227.6896
0.0,0.23031412,992.14386
0.0,0.1306837,96.44117
0.0,0.080224715,152.39911
0.0,0.18358348,1739.5906
0.0,0.30391282,7280.2915
0.0,0.007326193,28811.232
0.0,0.05879898,574.72327
0.0,0.42769545,1602.2667
0.0,0.091558956,4063.2751
0.0,0.22663353,521.78845
0.0,0.17869574,93.37248
0.0,0.7538511,536.1607
0.0,0.6372793,72.600784
0.0,0.5099985,461.6325
0.0,0.09040475,19785.656
0.0,0.84789485,3101.7803
0.0,0.042906985,5845.1753
0.0,0.025351569,9943.014
0.0,0.1954558,90.73789
0.0,0.30148616,2119.1135
0.0,0.04124915,1307.9093
0.0,0.1535318,1096.5166
0.0,0.057452686,3476.4504
0.0,0.31747997,91.60286
0.0,0.51020014,103629.266
0.0,0.46952978,587.63873
0.0,0.96239555,1040.951
0.0,0.18851595,14640.421
0.0,0.34117144,291.0265
0.0,0.071831204,1981.6508
0.0,0.048941962,1261.5714
0.0,0.26007715,94.04459
0.0,0.0010451265,1251.1685
0.0,0.09750905,3476.4524
0.0,0.38270164,653.748
0.0,0.017957168,4286.12
0.0,1.0,392.22214
0.0,0.018453147,2821.5273
0.0,0.23828153,72.343925
0.0,0.22901899,23266.123
0.0,0.29580376,227.58626
0.0,0.12019645,3875.4438
0.0,0.5319884,83.78321
0.0,0.059538428,921.32513
0.0,0.17469737,115.51389
0.0,0.64982057,5080.4487
0.0,0.34850633,1481.5986
0.0,0.21578422,255.38315
0.0,0.050937798,11491.713
0.0,0.63185245,7604.787
0.0,0.02633138,757.6385
0.0,0.10210178,692.3674
0.0,0.36905447,957.1761
0.0,0.54058504,156.00964
0.0,0.69457424,442.36725
0.0,0.47103518,981.2465
0.0,0.53907025,2096.9014
0.0,0.5445458,110.295
0.0,0.59026045,5913.731
0.0,0.18464224,42400.855
0.0,0.07480368,105.369774
0.0,0.06488298,231.74965
0.0,0.40563858,65.14265
0.0,0.41769937,711.64197
0.0,0.63232565,76.736336
0.0,0.08394336,24970.244
0.0,0.5282337,3781.3945
0.0,0.45371825,177.17068
0.0,0.0033750657,73752.69
0.0,0.084943615,34802.023
0.0,0.9081282,743.7073
0.0,0.9081281,743.7073
0.0,0.1108227,1263.7501
0.0,0.08060162,355.39606
0.0,0.018607935,407.8156
0.0,0.2677601,2423.0225
0.0,0.024036186,682.3449
0.0,0.5551172,5665.6455
0.0,0.93532526,98.03732
0.0,0.5164981,90.10653
0.0,0.029285725,1110.913
0.0,0.3391337,531.56616
0.0,0.46113083,355.65485
0.0,0.099895485,103.48628
0.0,0.08132054,154.31017
0.0,0.018595064,1728.2308
0.0,0.016529292,862.7301
0.0,0.060103644,63065.15
0.0,0.43058592,89.05673
0.0,0.021237528,4000.921
0.0,0.14825661,11042.95
0.0,0.3753649,225.59312
0.0,0.33335704,3428.3843
0.0,0.036621857,8474.051
0.0,0.98624724,272.1749
0.0,0.036205627,5451.147
0.0,0.11631135,75.94503
0.0,0.0020908357,34602.45
0.0,0.48357064,309.81824
0.0,0.028089495,1281.5664
0.0,0.010622736,6254.202
0.0,0.005154557,347.63608
0.0,0.49264938,73.561844
0.0,0.16662198,790.06555
0.0,0.7475717,1651.5072
0.0,0.16616336,47100.87
0.0,0.21158603,668.05566
0.0,0.28325158,79.42523
0.0,0.14158432,1898.0325
0.0,0.08374311,201.78615
0.0,0.11866477,90.79559
0.0,0.33896014,855.1055
0.0,0.30251774,75.25647
0.0,0.0021475407,3967.3933
0.0,0.104133226,1895.7592
0.0,0.02378345,300.32516
0.0,0.10100054,23085.508
0.0,0.5167443,69.48278
0.0,0.5792228,862.1241
0.0,0.12296028,301.90533
0.0,0.11584037,105.41253
0.0,0.40890858,890.2691
0.0,0.060429957,123.95087
0.0,0.18545556,4872.183
0.0,0.062417876,67.86137
0.0,0.123692885,1862.7557
0.0,0.3970422,163120.36
0.0,0.35253066,216.6161
0.0,0.03425205,79.764984
0.0,0.004346513,1473.5504
0.0,0.402456,70.67709
0.0,0.048909854,111.88291
0.0,0.40300018,509.9601
0.0,0.028963646,427.48453
0.0,0.17701325,17688.232
0.0,0.17376657,565.52014
0.0,0.2720099,38418.41
0.0,0.14004995,16433.613
0.0,0.35975108,827.3242
0.0,0.15905906,125.314545
0.0,0.9992518,2779.5562
0.0,0.19696875,3501.8435
0.0,0.25665122,4340.9395
0.0,0.83073187,3074.624
0.0,0.19595934,70.953735
0.0,0.24021412,1026.5706
0.0,0.24511638,71.62111
0.0,0.03881535,895.94824
0.0,0.5450999,397.44235
0.0,0.3737588,847.8141
0.0,0.579946,149.21954
0.0,0.012674846,1708.0892
0.0,0.001713717,5826.491
0.0,0.010535253,1412.672
0.0,0.22625205,1005.5921
0.0,0.003309593,24789.625
0.0,0.12668982,2531.0195
0.0,0.6898411,203.33585
0.0,0.7075253,57913.297
0.0,0.08197365,1095.1702
0.0,0.17364588,505.96823
0.0,0.77940196,1790.8517
0.0,0.3710208,302.2594
0.0,0.097025245,335.74982
0.0,0.2896958,95.60546
0.0,0.049999956,1039.4155
0.0,0.14676023,8561.191
0.0,0.26209998,70.32288
0.0,0.898968,12384.659
0.0,0.15058066,73.11059
0.0,0.33892974,641.3872
0.0,0.61669976,8092.2246
0.0,0.0057107084,22420.39
0.0,0.025867563,6363.002
0.0,0.62070185,1866.5863
0.0,1.0,75.35067
0.0,0.7212844,137.32434
0.0,0.0027393794,39817.438
0.0,0.47411287,18234.52
0.0,0.03577895,274.84018
0.0,0.3389437,156.55049
0.0,0.005826248,43315.652
0.0,0.00081571104,96274.75
0.0,0.16584444,86.84261
0.0,0.9005271,80.43423
0.0,0.27135953,29254.566
0.0,0.43402958,1836.1761
0.0,0.023002775,4121.489
0.0,0.03619405,362.67
0.0,0.26271287,84.41878
0.0,0.2532771,214.17867
0.0,0.63230985,186.38553
0.0,0.026704498,9870.892
0.0,0.51368254,6719.7188
0.0,0.0043580225,6725.55
0.0,0.13292897,103.32274
0.0,0.012168279,1858.7188
0.0,0.4462762,93.72329
0.0,0.20840305,90.235756
0.0,0.2827663,117.43641
0.0,0.3345275,541.07715
0.0,0.13190182,872.4702
0.0,0.46641064,120.50686
0.0,0.33297315,74.09426
0.0,0.09358465,2331.832
0.0,0.99099004,628.3523
0.0,0.055324033,25318.285
0.0,0.00049407006,984.12354
0.0,0.017644862,2559.8474
0.0,0.059928026,2258.0054
0.0,0.08141082,144.56583
0.0,0.09981955,7589.0225
0.0,0.072146796,3869.9182
0.0,0.09602432,74.51122
0.0,0.3493323,82.9412
0.0,0.042299204,155.78029
0.0,0.62522167,74006.336
0.0,0.0066972678,10696.215
0.0,0.46928993,181.80542
0.0,0.08267036,96.93593
0.0,0.06145143,1132.4106
0.0,0.51367474,120.14606
0.0,0.4373823,6160.5767
0.0,0.53420866,1108.3977
0.0,0.13106304,61485.21
0.0,0.7936991,18317.975
0.0,0.5070083,157.97466
0.0,0.10616468,166.3283
0.0,0.27269614,785.7915
0.0,0.09648983,3521.519
0.0,0.6236797,818.03375
0.0,0.0101152165,17220.256
0.0,0.55750227,14346.577
0.0,0.019254494,1191.6952
0.0,0.2666255,115.87198
0.0,0.18705025,176.9209
0.0,0.5068139,154.19186
0.0,0.31864092,101.82982
0.0,0.0073997485,1628.6079
0.0,0.030310683,5157.118
0.0,0.5561075,82.80339
0.0,0.7745657,5279.176
0.0,0.5014474,358.77896
0.0,0.1360998,246.78255
0.0,0.194056,439.44235
0.0,0.29723057,425.0387
0.0,0.032645084,36399.285
0.0,0.10053151,735.96844
0.0,0.07172261,14068.652
0.0,0.06318202,23411.596
0.0,0.18733945,142.33556
0.0,0.19726206,1299.2401
0.0,0.42244208,160.94374
0.0,0.14933902,2102.2693
0.0,0.011939005,23979.803
0.0,0.051052418,1921.3702
0.0,0.017919982,1481.8289
0.0,0.3216227,1953.4808
0.0,0.3154728,1792.7866
0.0,0.06952533,118.16018
0.0,0.39570075,1327.5289
0.0,0.14701708,1239.3568
0.0,0.3177706,597.3907
0.0,0.17384817,67.090416
0.0,0.006322424,1013.1442
0.0,0.4921188,150.3695
0.0,0.4607752,66.31134
0.0,0.3314449,187.34943
0.0,0.12109068,139.95241
0.0,0.3216762,72.79343
0.0,0.08232143,212.00212
0.0,0.012466074,3798.276
0.0,0.14074166,78.077675
0.0,0.033618215,192.10149
0.0,0.44599295,3682.5347
0.0,0.17444412,74.35941
0.0,0.14997199,2782.0583
0.0,0.119075365,134.98758
0.0,0.8482247,2820.6555
0.0,0.047758378,1243.8146
0.0,0.49879104,384.2976
0.0,0.65106356,6965.5913
0.0,0.03953286,867.6798
0.0,0.11449121,416.94617
0.0,0.13995896,35002.867
0.0,0.34082636,365.09476
0.0,0.5231025,77.36394
0.0,0.09909953,605.0433
0.0,0.19517557,73.808655
0.0,0.00011791099,88906.32
0.0,0.06868052,531.228
0.0,0.33710808,810.2178
0.0,0.05220536,188.77852
0.0,0.16710575,1257.9365
0.0,0.8104614,275.5923
0.0,0.25425714,136.52448
0.0,0.76691914,982.92706
0.0,0.013561563,1129.1113
0.0,0.00043342318,31154.908
0.0,0.75230205,105.08117
0.0,0.770308,67.363174
0.0,0.9981944,2508.6897
0.0,0.021420293,1980.3588
0.0,0.27231652,1459.0145
0.0,0.07704023,221.72649
0.0,0.30357176,711.13464
0.0,0.3194672,1971.293
0.0,0.4059802,323.683
0.0,0.081825286,698.67584
0.0,0.22817948,4179.054
0.0,0.004895084,913.0128
0.0,0.1408677,66.662575
0.0,0.25975612,490.87607
0.0,0.638224,347.62766
0.0,0.20498945,1185.3518
0.0,0.24923286,115.93027
0.0,0.14899342,5119.3906
0.0,0.19213791,4357.99
0.0,0.48815626,69.165764
0.0,0.010210095,6963.8325
0.0,0.49675152,186.47047
0.0,0.06356327,1724.4031
0.0,0.45858705,507.39743
0.0,0.01199125,36829.676
0.0,0.3528612,4836.4683
0.0,0.048600063,1206.5977
0.0,0.4227252,169.58066
0.0,0.2465879,105.05631
0.0,0.3078133,127.457184
0.0,0.8710671,2047.923
0.0,0.006885697,1469.9114
0.0,0.023104858,2028.3336
0.0,0.42043397,1180.2844
0.0,0.32212028,115.0128
0.0,0.10854105,2500.0364
0.0,0.06628438,69.616875
0.0,0.09305028,239.11026
0.0,0.22893393,283.44257
0.0,0.0030442711,3972.7527
0.0,0.33258444,691.2595
0.0,0.35941204,28950.28
0.0,0.04897409,5306.4653
0.0,0.016273974,2410.629
0.0,0.0996743,256.66724
0.0,0.4899522,267.96167
0.0,0.045222733,1259.1407
0.0,0.059332833,26801.832
0.0,0.39901167,91.18031
0.0,0.16929899,637.81555
0.0,0.19212574,584.1627
0.0,0.10736799,90.10952
0.0,0.05083615,92.489204
0.0,0.033793088,3072.8743
0.0,0.089301765,97.25791
0.0,0.008140148,74022.51
0.0,0.008593249,396.794
0.0,0.0029907038,41354.41
0.0,0.46031427,9341.108
0.0,0.4507612,292.98297
0.0,0.068915315,108.16891
0.0,0.18002959,9801.067
0.0,0.0049331635,30779.611
0.0,0.17278455,18374.498
0.0,0.06872128,613.4849
0.0,0.20128419,3792.9375
0.0,0.24949925,10083.794
0.0,0.26482844,302.72852
0.0,0.0012263971,36295.883
0.0,0.014807707,697.8509
0.0,0.87977165,1757.6201
0.0,0.20101652,138.8998
0.0,0.20515144,96.0708
0.0,0.019168532,1814.4489
0.0,0.28996256,273.9457
0.0,0.6502828,1584.4784
0.0,0.103989474,3953.409
0.0,0.50562733,9913.511
0.0,0.84515935,117.6697
0.0,0.21473458,156.00793
0.0,0.21534583,238.1083
0.0,0.0030083163,769.47876
0.0,0.0048332848,3366.83
0.0,0.2940223,1028.8035
0.0,0.03946529,7864.9795
0.0,0.020590624,2051.105
0.0,0.045075145,1654.8125
0.0,0.00028155558,1221.6068
0.0,0.0591017,2680.775
0.0,0.100583784,745.5464
0.0,0.22348757,317.65903
0.0,0.8489199,78.03456
0.0,0.27649778,74.38742
0.0,0.38417727,93.096344
0.0,0.10581435,1220.9994
0.0,0.006997958,13963.606
0.0,0.09921044,2400.6672
0.0,0.15591876,1156.8944
0.0,0.20158224,68.53
0.0,0.44024044,1670.2837
0.0,0.26100448,69.91296
0.0,0.013534879,2515.055
0.0,0.7440255,994.9889
0.0,0.105031535,704.28784
0.0,0.11963556,21610.596
0.0,0.44349423,112.763084
0.0,0.27584165,82.94634
0.0,0.44573045,68.55982
0.0,0.0068184696,38463.023
0.0,0.481542,18041.428
0.0,0.025590695,14389.345
0.0,0.30573255,2856.4634
0.0,0.2779579,454.50824
0.0,0.2779579,454.50824
0.0,0.17976655,229.83409
0.0,0.0039148754,2307.489
0.0,0.6518643,747.1304
0.0,0.16920152,1207.9777
0.0,0.35103035,221.67001
0.0,0.16104025,84.5544
0.0,0.015260826,95.10625
0.0,0.0043513486,733.142
0.0,0.38075852,34723.207
0.0,0.015317693,20821.816
0.0,0.04105101,20153.518
0.0,0.22096832,6655.7046
0.0,0.18944417,97.25935
0.0,0.0623598,165.60712
0.0,0.037202537,621.5159
0.0,0.70379144,8088.3384
0.0,0.32133713,533.9589
0.0,0.5800306,230.13887
0.0,0.76463467,5804.695
0.0,0.022798557,689.4036
0.0,0.54086,746.2872
0.0,0.9486329,298.00568
0.0,0.013890591,8979.849
0.0,0.091047086,33718.465
0.0,0.29896793,159.74246
0.0,0.99992466,152.08986
0.0,0.007541975,4879.5767
0.0,0.38960236,1548.0663
0.0,0.38883522,71.97546
0.0,0.46422926,152.25812
0.0,0.018976878,31686.865
0.0,0.43857306,2084.2803
0.0,0.0119088255,7007.005
0.0,0.1323054,68.346275
0.0,0.19890337,130.11923
0.0,0.0007097292,33117.438
0.0,0.0013912088,25060.69
0.0,0.47645056,1124.4226
0.0,0.7232416,5981.921
0.0,0.0064108544,3936.441
0.0,0.49345344,4887.85
0.0,0.65254587,68.59926
0.0,0.9800131,98.91739
0.0,0.5552529,2053.3896
0.0,0.1903233,72.53264
0.0,0.023476262,7730.8027
0.0,0.04510608,535.71735
0.0,0.6239412,904.64886
0.0,0.36564514,710.57855
0.0,0.12706675,314.61874
0.0,0.06478993,9839.646
0.0,0.6558003,69.64948
0.0,0.8174619,8284.363
0.0,0.14091222,10465.204
0.0,0.11577475,98.02973
0.0,0.3226169,199.62888
0.0,0.45115536,66.27822
0.0,0.19578446,186.62143
0.0,0.064603046,267.82123
0.0,0.064603046,267.82123
0.0,0.56296057,441.56873
0.0,0.9115949,1763.2769
0.0,0.04755119,105.77361
0.0,0.32733083,1407.151
0.0,0.37733567,1897.0553
0.0,0.0013418378,7729.954
0.0,0.49200225,94.33061
0.0,0.009429694,22625.443
0.0,0.47354922,31453.104
0.0,0.8200356,4210.037
0.0,0.61372805,233.4755
0.0,0.6618054,339.5926
0.0,0.07636926,526.711
0.0,0.5943103,190785.02
0.0,0.19812939,1487.718
0.0,0.38401732,1842.6945
0.0,0.00022280499,76568.54
0.0,0.581819,5683.964
0.0,0.27830786,447.1273
0.0,0.47965282,76.261505
0.0,0.59660715,143.2665
0.0,0.33956155,362.27005
0.0,0.33120605,173.0899
0.0,0.0017314348,4077.4556
0.0,0.35973626,4637.5806
0.0,0.9945274,3766.2976
0.0,0.17533278,1514.4159
0.0,0.5733975,782.0942
0.0,0.06758707,1254.4202
0.0,0.99995303,7960.8555
0.0,0.08172997,91.15714
0.0,0.5747146,79.184975
0.0,0.28054366,1487.6804
0.0,0.0013665674,1586.3567
0.0,0.27407426,129.4485
0.0,0.0018269323,5915.1562
0.0,0.90168905,200.11649
0.0,0.014103466,21272.05
0.0,0.30433676,922.9157
0.0,0.25592527,391.19254
0.0,0.11341013,11829.738
0.0,0.33919415,71.20179
0.0,0.6616226,5482.9663
0.0,0.8104976,2316.399
0.0,0.046789855,14768.725
0.0,0.09844515,2518.4165
0.0,0.33830947,77.99212
0.0,0.13292801,103.14796
0.0,0.16978936,2678.4507
0.0,0.039065294,314.92477
0.0,0.001861373,29654.865
0.0,0.001764699,8181.254
0.0,0.2852261,251.03664
0.0,0.20688239,84.85445
0.0,0.44599488,74.65965
0.0,0.60687065,95.93946
0.0,0.44533244,84.68286
0.0,0.9873618,42811.207
0.0,0.17947455,98.34674
0.0,0.046047997,112.082275
0.0,0.39590386,594.141
0.0,0.8810458,988.7059
0.0,0.069515556,67.31552
0.0,0.098921955,84.14473
0.0,0.23616321,564.083
0.0,0.31807172,114.52388
0.0,0.539164,150.54767
0.0,0.07697444,2890.1274
0.0,0.033230897,20153.473
0.0,0.0102247745,4688.0
0.0,0.13721429,125.016464
0.0,0.06653176,1486.3173
0.0,0.06653175,1486.3173
0.0,0.06733593,11282.711
0.0,0.2626737,1399.9252
0.0,0.09455904,1124.9456
0.0,0.48353952,502.2419
0.0,0.009745234,2895.365
0.0,0.4260806,69.26836
0.0,0.3812933,69.01035
0.0,1.0,225.90419
0.0,0.00042967557,1132.164
0.0,0.45772445,2832.7783
0.0,0.013142912,2531.3071
0.0,0.40706182,116.00615
0.0,0.43613198,1190.805
0.0,0.59847534,70.74899
0.0,0.0103645325,1500.4379
0.0,0.0051941387,5825.551
0.0,0.062749855,2393.941
0.0,0.5219969,160.22887
0.0,0.021361774,133.00691
0.0,1.0,96.37898
0.0,0.4298868,113.8122
0.0,0.3665756,536.1731
0.0,0.029487045,1008.5554
0.0,0.0387262,1789.1644
0.0,0.037028417,9207.492
0.0,0.16630057,13714.48
0.0,0.5332659,231.72064
0.0,0.56380653,2347.8833
0.0,0.14811036,3859.7893
0.0,0.58608145,141.66211
0.0,0.23529047,107.990074
0.0,0.19969614,833.0544
0.0,0.042131685,1442.9672
0.0,0.13051197,3619.3372
0.0,0.3552017,12835.837
0.0,0.082712404,437.63458
0.0,0.0020269395,4856.124
0.0,0.33163676,6867.722
0.0,0.13523215,3499.1743
0.0,0.116643414,261.3813
0.0,0.15043549,284.6495
0.0,0.013847131,63868.945
0.0,0.049386725,117.234726
0.0,0.15117262,89.66127
0.0,0.027193164,48290.715
0.0,1.0,114.12409
0.0,0.0027315577,25232.174
0.0,0.23666553,2545.7212
0.0,0.058487184,643.2964
0.0,0.45466256,8098.5225
0.0,0.4394915,83.241165
0.0,0.43729088,161.84998
0.0,0.032284435,2402.0435
0.0,0.4482949,65.72656
0.0,0.0084997015,1194.248
0.0,0.33553976,6119.121
0.0,0.18589397,2695.766
0.0,0.76769227,731.8954
0.0,0.33207548,490.60287
0.0,0.40471956,16749.19
0.0,0.34798193,79.54973
0.0,0.37022662,88.00952
0.0,0.8331141,2492.6018
0.0,0.42600146,3931.2837
0.0,0.21013589,120.69641
0.0,0.57716274,4134.7534
0.0,0.50605375,778.4472
0.0,0.10859384,1911.2216
0.0,0.0071350797,290.76553
0.0,0.6718773,5504.7603
0.0,0.19289486,97.268456
0.0,0.37783897,83.82851
0.0,0.11548222,565.2818
0.0,0.26069757,131.41609
0.0,0.38202834,233.40091
0.0,0.0061207353,4413.029
0.0,0.9935376,3723.734
0.0,0.026154477,463.64682
0.0,0.12808833,85.44976
0.0,0.12808828,85.44976
0.0,0.2045367,101.20852
0.0,0.000296845,35588.098
0.0,0.6960396,383.5372
0.0,0.004426043,24249.229
0.0,0.28998938,71.04315
0.0,0.025488978,10797.668
0.0,0.19213137,4855.7773
0.0,0.19344172,7103.6675
0.0,0.5224523,91.32943
0.0,0.2030994,11438.251
0.0,0.009642546,55842.574
0.0,0.0012379733,8082.293
0.0,0.0567811,1868.999
0.0,0.032089412,2859.6987
0.0,0.3482929,70.53157
0.0,0.14970854,139.64404
0.0,0.0030765543,576.94116
0.0,0.42936945,69.63266
0.0,0.10728834,5263.647
0.0,0.025392802,3210.5637
0.0,0.0612885,139.93866
0.0,0.27364084,318.0178
0.0,0.11206928,7239.6626
0.0,0.17954879,711.1706
0.0,0.118489966,346.9737
0.0,0.4557321,162.54272
0.0,0.7830015,516.5103
0.0,0.3770596,468.2393
0.0,0.5516429,514.3976
0.0,0.083920345,2364.0542
0.0,0.4762913,79.16854
0.0,0.11841351,512.09143
0.0,0.46154216,78.21128
0.0,0.03822102,2725.7698
0.0,0.062270697,13639.592
0.0,0.043799803,155.58055
0.0,0.037346683,7095.6934
0.0,0.0018937612,548.19727
0.0,0.11866289,94.0
0.0,0.36129537,4171.243
0.0,0.19537981,7832.2847
0.0,0.06700224,83.10024
0.0,0.53848916,122.31342
0.0,0.3995354,205.63657
0.0,0.70307076,10079.532
0.0,0.19594038,69292.21
0.0,0.11118898,85.21219
0.0,0.93417144,1563.4181
0.0,0.00041935375,4929.159
0.0,0.0019974464,4511.978
0.0,0.52418685,124.32657
0.0,0.19159749,149.20988
0.0,0.08248642,1308.57
0.0,0.4322131,83.308464
0.0,0.01504947,1087.1768
0.0,0.10603226,112.37943
0.0,0.32594162,578.28406
0.0,0.51204526,391.09763
0.0,0.120809406,92.47823
0.0,0.00028288504,1858.0597
0.0,0.6684819,74.04823
0.0,0.6331905,109.75874
0.0,0.15724106,1806.7236
0.0,0.24407932,115.91054
0.0,0.19230968,814.6994
0.0,0.19122534,75.567696
0.0,0.44665357,11602.469
0.0,0.11482622,774.3214
0.0,0.029525213,29577.346
0.0,0.02220105,2053.7087
0.0,0.29857108,818.45557
0.0,0.0058212234,12969.512
0.0,0.17508571,1611.9274
0.0,0.7123414,208.77228
0.0,0.14494173,1102.3833
0.0,0.47832787,1500.7262
0.0,0.2163756,11775.338
0.0,0.095096394,291.89835
0.0,0.88744015,20676.334
0.0,0.23556979,140.62892
0.0,0.020448668,358.90723
0.0,0.27522135,73.766815
0.0,0.015981182,56048.594
0.0,0.3041516,1557.1001
0.0,0.0066523333,10103.1875
0.0,0.15679085,85.851524
0.0,0.5106285,6407.9736
0.0,0.9999927,472.00815
0.0,0.109526984,813.1123
0.0,0.28337806,7135.1187
0.0,0.018948665,1330.4554
0.0,0.43942916,79.435455
0.0,0.5067755,129.3335
0.0,0.17929056,110.89656
0.0,0.07061313,6541.864
0.0,0.90572727,1537.362
0.0,0.004703617,65714.73
0.0,0.17158301,543.36084
0.0,0.49852225,511.9593
0.0,0.093150295,628.7388
0.0,0.50533235,20579.85
0.0,0.00027665807,88509.14
0.0,0.027243754,97188.02
0.0,0.37834078,2562.727
0.0,0.32638672,90.51157
0.0,0.44809744,877.1878
0.0,0.00933101,6434.751
0.0,0.07556895,328.16846
0.0,0.03941924,21253.49
0.0,0.00444083,5269.4585
0.0,0.55442345,12680.811
0.0,0.43773627,148.0397
0.0,0.18345107,20673.633
0.0,0.538731,130.23558
0.0,0.46135288,134.0392
0.0,0.10264828,28501.822
0.0,0.0008052219,29022.715
0.0,0.01025766,50306.312
0.0,0.01604521,22411.26
0.0,0.0053833546,50963.1
0.0,0.25820702,1430.9498
0.0,0.7131578,1662.1555
0.0,0.3653745,100.38227
0.0,0.51351887,24632.75
0.0,0.0027341517,400.05344
0.0,0.5277108,751.61035
0.0,0.28270316,8526.876
0.0,0.3528228,113.76666
0.0,0.3142469,1434.8704
0.0,0.2737969,2107.6428
0.0,0.39921373,100.46535
0.0,0.26554504,7616.933
0.0,0.16759203,1632.1567
0.0,0.27274045,78.63757
0.0,0.002074549,28094.621
0.0,0.43274,1177.0897
0.0,0.47196066,169.80536
0.0,0.023833908,43892.207
0.0,0.30128872,174.4332
0.0,0.33887056,1616.8711
0.0,0.75468856,2292.2622
0.0,0.2826459,987.5331
0.0,0.2052958,95.84223
0.0,0.029801983,9233.49
0.0,0.012830917,284.77063
0.0,0.33002663,2332.2644
0.0,0.15695927,509.4682
0.0,0.049661305,3084.775
0.0,0.41369668,290.97522
0.0,0.12912057,722.9511
0.0,1.0,9032.167
0.0,0.50823045,22874.703
0.0,0.2468042,74.434235
0.0,0.009201858,2103.0276
0.0,0.004018552,62702.395
0.0,0.26003018,114.79581
0.0,0.22416909,1083.4934
0.0,0.0047656572,962.45105
0.0,0.7396896,3147.3884
0.0,0.0052156677,1826.4955
0.0,0.9923833,1471.6143
0.0,0.018100722,20806.895
0.0,0.08633893,17274.682
0.0,0.5752288,197.72203
0.0,0.011091078,48273.113
0.0,0.03229105,2963.5337
0.0,0.0618716,239.60512
0.0,0.2743473,72.40271
0.0,0.15987575,62649.27
0.0,0.33303308,798.045
0.0,0.5806494,1699.5718
0.0,0.53132266,82.92558
0.0,0.49522778,1070.9458
0.0,0.48666456,2056.2234
0.0,0.37402576,6380.548
0.0,0.16571409,203.77199
0.0,0.092714526,75309.56
0.0,0.19157131,1107.34
0.0,0.31562373,87.22353
0.0,0.7328166,985.2052
0.0,0.0342825,366.70975
0.0,0.762158,1358.6145
0.0,0.6438147,15287.91
0.0,0.12703432,127.02222
0.0,0.8771534,1316.1796
0.0,0.005531856,176.37347
0.0,0.21996966,1982.3776
0.0,0.026996322,250.63826
0.0,0.0055567636,7376.313
0.0,0.0027927004,1689.4749
0.0,0.009829067,30170.62
0.0,0.16561475,74.58256
0.0,0.02119254,11322.957
0.0,0.32484105,711.2537
0.0,0.010060444,5921.999
0.0,0.018874312,3907.2056
0.0,0.64869124,639.7046
0.0,0.64869124,639.7046
0.0,0.035567567,23117.543
0.0,0.003984092,13945.772
0.0,0.07352583,2964.5393
0.0,0.12516704,972.8079
0.0,0.045450054,3041.889
0.0,0.0019534717,3384.799
0.0,0.20996699,113.97533
0.0,0.05945323,10144.771
0.0,0.29556838,70.19895
0.0,0.0038780703,621.8702
0.0,0.30730549,1091.8696
0.0,0.31422716,94.17277
0.0,0.21480627,104.823685
0.0,0.38870472,157.93701
0.0,0.015066556,1242.887
0.0,0.23641798,8766.317
0.0,0.0011608873,3665.9343
0.0,0.0005334101,3462.1262
0.0,0.08236926,7783.835
0.0,0.17496201,75.971405
0.0,0.066609345,80741.33
0.0,0.07080701,59934.395
0.0,0.0015813465,2860.2593
0.0,0.27683556,71.10277
0.0,0.20268029,656.0234
0.0,0.11857242,271.32498
0.0,0.9931732,3971.379
0.0,0.19385803,69.983665
0.0,0.0390098,5272.7314
0.0,0.5408913,241.00958
0.0,0.056867532,71097.49
0.0,0.44616267,87.75582
0.0,0.06972735,1032.2998
0.0,0.9679736,1438.759
0.0,0.28042883,143.75188
0.0,0.661569,11937.63
0.0,0.008486711,315.08994
0.0,0.0574886,9781.728
0.0,0.0065621664,4929.522
0.0,0.4847885,141.2454
0.0,0.3098356,435.10056
0.0,0.2154709,151.43892
0.0,0.002435363,13136.632
0.0,0.99999976,87.88247
0.0,0.11874299,96.6803
0.0,0.34974936,508.70187
0.0,0.39278156,94.93963
0.0,0.013018744,2413.6575
0.0,0.36604568,334.35263
0.0,0.18349959,192.90085
0.0,0.083306015,323.11453
0.0,0.035636835,57682.492
0.0,0.33939627,536.9761
0.0,0.16084385,131.25854
0.0,0.67112356,6316.7227
0.0,0.57779735,116.71041
0.0,0.1200248,7378.468
0.0,0.9996244,114.26878
0.0,0.3321585,355.7527
0.0,0.3799178,598.79535
0.0,0.3738086,147.6733
0.0,0.06690538,1113.2305
0.0,0.63113546,1992.7225
0.0,0.39076337,66.07338
0.0,0.078756236,308.30142
0.0,0.09159818,349.17
0.0,0.33589855,85.63377
0.0,0.033750597,8066.256
0.0,0.006475314,80305.46
0.0,0.19665399,70.04282
0.0,0.036093097,1762.4165
0.0,0.48299834,155.65462
0.0,0.72310597,2917.492
0.0,0.07801748,837.438
0.0,0.07801748,837.438
0.0,0.60385984,966.21985
0.0,0.17772613,180.69032
0.0,0.20102417,1916.3065
0.0,0.7036915,74.356804
0.0,0.034661453,5017.64
0.0,0.16900012,95.12567
0.0,0.37987196,766.54675
0.0,0.022062276,1382.1567
0.0,0.037641022,357.97488
0.0,0.48113495,25559.27
0.0,0.06858104,6496.1875
0.0,0.06469932,488.25726
0.0,0.08215436,2515.8174
0.0,0.24443112,9800.938
0.0,0.7185101,793.8737
0.0,0.55604315,14125.968
0.0,0.9924022,669.42175
0.0,0.4198341,7068.3267
0.0,0.020463573,6792.1074
0.0,0.5828853,1542.7358
0.0,0.6329115,73.751144
0.0,0.71691436,995.0211
0.0,0.10186605,117.549545
0.0,0.47915474,6924.1104
0.0,0.9387881,2875.8926
0.0,0.12644763,160.95187
0.0,0.28827587,189.0022
0.0,0.12000722,155.01965
0.0,0.0039777015,76499.72
0.0,0.59960693,6168.4956
0.0,0.041180942,1536.2535
0.0,0.38897878,109.62302
0.0,0.08178431,26670.643
0.0,0.20512584,557.7875
0.0,0.05868018,8928.769
0.0,0.97562045,1725.4021
0.0,0.62143564,8608.149
0.0,0.074623786,4018.7517
0.0,0.1404786,290.20007
0.0,0.0067140344,1757.213
0.0,0.37054408,305.25583
0.0,0.029585008,7946.2935
0.0,0.024514858,1609.5055
0.0,0.43875584,68.56583
0.0,0.024106791,252.44754
0.0,0.07855945,3344.703
0.0,0.23160794,1782.3071
0.0,0.21848466,123.36278
0.0,0.57368875,471.63437
0.0,0.25618264,357.9918
0.0,0.047968216,1685.5043
0.0,0.07593086,2389.5671
0.0,0.18290968,480.3939
0.0,0.041485094,3496.6953
0.0,0.3373573,12374.887
0.0,0.09795888,507.62616
0.0,0.37458956,135.05875
0.0,0.8020378,2957.8918
0.0,0.9279601,1953.779
0.0,0.31395617,407.84204
0.0,0.25539753,154.76506
0.0,0.020786949,6797.6357
0.0,0.4409976,246.32721
0.0,0.45877114,197.20842
0.0,0.4978036,328.17404
0.0,0.011119784,348.19205
0.0,0.05952505,2768.9348
0.0,0.092640586,1161.3767
0.0,0.023607178,63631.94
0.0,0.0066635413,152.96036
0.0,0.6506706,259.8082
0.0,0.08859787,250.74615
0.0,0.23877122,2004.8959
0.0,0.50176394,181.01657
0.0,0.35452965,47048.047
0.0,0.13438597,204.88597
0.0,0.03813977,72.83958
0.0,0.11141542,78.19164
0.0,0.17389509,525.98315
0.0,0.77015483,9128.785
0.0,0.03662677,3563.1658
0.0,0.7014055,569.569
0.0,0.40955105,237.73997
0.0,0.29596058,71.28482
0.0,0.085933894,111.50146
0.0,0.24022883,8712.42
0.0,0.1863002,2861.5142
0.0,0.10783939,6797.9194
0.0,0.20636328,742.8532
0.0,0.56499255,97.722336
0.0,0.11694389,4531.4395
0.0,0.03317853,4524.395
0.0,0.023081914,3226.356
0.0,0.054178827,29907.033
0.0,1.0,146.79356
0.0,0.050373156,476.17
0.0,0.16413288,66.10264
0.0,0.03924266,1148.4498
0.0,0.29992008,192.67816
0.0,0.0035329827,36870.215
0.0,0.16577758,957.2927
0.0,0.41115525,2996.3071
0.0,0.048388828,4065.3145
0.0,0.35962024,868.2545
0.0,0.00886495,13378.08
0.0,0.9702439,790.907
0.0,0.09019586,395.5721
0.0,0.10188397,8903.923
0.0,0.50150955,1318.6573
0.0,0.27149174,95.262825
0.0,0.28032964,67.87101
0.0,0.21954939,173.16745
0.0,0.0013424066,68851.81
0.0,0.14791259,137.64209
0.0,0.013652443,57531.707
0.0,0.32136816,257.97192
0.0,0.5923037,5787.63
0.0,0.31226087,67.15022
0.0,0.44871575,80.75811
0.0,0.17282522,4190.0767
0.0,0.1400679,67810.34
0.0,0.5875291,91.26861
0.0,0.0067876237,5732.105
0.0,0.33541107,1688.1527
0.0,0.9776144,556.2472
0.0,0.13569215,200.9653
0.0,0.38979283,1091.5178
0.0,0.2128228,139.90324
0.0,0.62358326,359.44867
0.0,0.26914394,174.86061
0.0,0.17925288,77.89353
0.0,0.02068097,8972.093
0.0,0.07151466,452.63477
0.0,0.41195568,122.48181
0.0,0.13665561,289.45004
0.0,0.21747154,148.18475
0.0,0.027341893,1208.2972
0.0,0.62637496,339.6112
0.0,0.0514075,86.69121
0.0,0.3782286,155.44908
0.0,0.02617162,1715.452
0.0,0.00602363,1381.7046
0.0,0.36409435,175.74745
0.0,0.09221292,4296.9834
0.0,0.5065634,3308.6326
0.0,0.67870736,88.44492
0.0,0.50518745,81.50742
0.0,0.32312867,380.55017
0.0,0.4056589,97.396965
0.0,0.38940257,147.6493
0.0,0.17840227,1037.5587
0.0,0.5624488,10914.143
0.0,0.058498643,90.42809
0.0,0.007654139,1239.9102
0.0,0.124835186,70192.32
0.0,0.4951589,18002.762
0.0,0.31550744,278.51083
0.0,0.3992198,81678.266
0.0,0.0011181355,2922.4583
0.0,0.14859207,199.8134
0.0,0.053325333,2316.147
0.0,0.18119366,278.40182
0.0,0.42789477,13539.46
0.0,0.07040059,1336.9755
0.0,0.30296,342.57993
0.0,0.11754178,9762.65
0.0,0.0650975,4395.2627
0.0,0.18314771,1768.7263
0.0,0.33312005,4763.5405
0.0,0.009157807,4247.4644
0.0,0.6028775,12182.176
0.0,0.026042247,468.14804
0.0,0.23427369,3740.3662
0.0,0.05031589,489.6504
0.0,0.0013842302,9870.496
0.0,0.4205757,196.84003
0.0,0.012787569,7277.2544
0.0,0.16079675,1592.6621
0.0,0.29111654,2653.6658
0.0,1.0,120.75202
0.0,0.51517487,311.40338
0.0,0.0047230516,15112.077
0.0,0.25207886,69.25273
0.0,0.6949713,99.149864
0.0,0.32333001,1484.3301
0.0,0.30789185,145.52693
0.0,0.27143487,75.31341
0.0,0.3223006,82.94532
0.0,0.58178985,4709.6216
0.0,0.052309353,56187.477
0.0,0.03257262,65.50594
0.0,0.3124175,139.15884
0.0,0.27925348,110.55373
0.0,0.0021306977,924.7405
0.0,0.41626137,74.31803
0.0,0.0027650674,1053.7024
0.0,0.5060254,1202.5177
0.0,0.45223975,79.54726
0.0,0.00815648,3535.0505
0.0,0.16443694,1622.4336
0.0,0.033072717,4798.28
0.0,0.551647,82.5977
0.0,0.29920876,1835.8859
0.0,0.14033145,33081.35
0.0,0.27042285,131.66219
0.0,0.027988268,922.30994
0.0,0.23936455,9107.016
0.0,0.006746788,1255.4852
0.0,0.42386633,841.02374
0.0,0.4382322,3077.1892
0.0,0.42139935,1783.1908
0.0,0.24263342,303.8302
0.0,0.48516065,770.8723
0.0,0.7377825,460.2011
0.0,0.059254516,6568.829
0.0,0.6441942,555.74725
0.0,0.13062988,180.99957
0.0,0.4863446,795.3643
0.0,0.2614458,12567.403
0.0,0.0069276853,4392.701
0.0,0.89943826,566.5008
0.0,0.20615922,303.88275
0.0,0.42080414,826.80975
0.0,0.018644655,777.3646
0.0,0.07684634,186.74924
0.0,0.1040828,1998.9667
0.0,0.8975918,115.86734
0.0,0.2720298,105.31928
0.0,0.4692517,329.18558
0.0,0.620194,145.5239
0.0,0.22495939,25185.646
0.0,0.24274486,1644.4551
0.0,0.12506087,416.80267
0.0,0.009710054,1583.9583
0.0,0.56897146,153.81041
0.0,1.0,268.04095
0.0,0.61889434,76.89625
0.0,0.01296391,6388.5005
0.0,0.01167431,2853.0845
0.0,0.61151713,70.45233
0.0,0.107450716,203.77245
0.0,0.71095866,1264.9626
0.0,0.51333344,190.40407
0.0,0.24404854,83.62537
0.0,0.36865106,16631.395
0.0,0.04790303,1504.098
0.0,0.0054290076,1633.5659
0.0,0.002204794,42624.49
0.0,0.5477121,141.01546
0.0,0.38827762,148.30814
0.0,0.5066939,6011.9854
0.0,0.4411649,85.216255
0.0,0.15927236,121.967026
0.0,0.5358705,86.07342
0.0,0.59812504,137.31966
0.0,0.118355475,47400.21
0.0,0.59391403,594.1488
0.0,0.1286042,4094.919
0.0,0.016678462,207.53915
0.0,0.27432826,70.39556
0.0,0.4914003,959.24817
0.0,0.73478353,14132.468
0.0,0.999577,529.61804
0.0,0.31651536,232.5652
0.0,0.041621312,1739.2029
0.0,0.8205187,9098.471
0.0,0.0735976,11844.932
0.0,0.22052999,81.44856
0.0,0.6011144,91.737206
0.0,0.17687455,432.21066
0.0,0.90818393,8531.287
0.0,0.9432763,29815.79
0.0,0.21928534,24294.586
0.0,0.016878271,651.9674
0.0,0.30134055,2180.9846
0.0,0.28784087,450.575
0.0,0.12094693,9643.105
0.0,0.018878566,2741.2205
0.0,0.40528905,1017.83203
0.0,0.25095332,77.08917
0.0,1.0,92.21221
0.0,0.038584158,27364.84
0.0,0.47756386,69.930244
0.0,0.030204415,15517.02
0.0,0.45096633,116.564415
0.0,0.10472683,223.76247
0.0,0.08619152,8309.962
0.0,0.13354458,92838.71
0.0,0.19570698,212.62393
0.0,0.1156876,2713.0325
0.0,0.17820933,397.39697
0.0,0.9249277,961.25507
0.0,0.16528933,66.53684
0.0,0.1435641,16785.088
0.0,0.43603316,1021.17896
0.0,0.20329428,467.33176
0.0,0.28518152,1099.891
0.0,0.32147965,126.620705
0.0,0.0077236593,15361.624
0.0,0.97379094,3122.1204
0.0,0.43628398,121.99261
0.0,0.6581924,426.41595
0.0,0.006647413,6892.829
0.0,0.31044698,116.62311
0.0,0.42829522,406.59818
0.0,0.35530213,23557.46
0.0,0.5387877,78.40661
0.0,0.04949,1299.0189
0.0,0.47981662,5487.857
0.0,0.046092473,3497.9873
0.0,0.6884055,5392.0757
0.0,0.10751304,130.06339
0.0,0.16388582,5356.5913
0.0,0.36614075,2747.3882
0.0,0.04113028,2002.3286
0.0,0.7941112,3071.3884
0.0,0.63566846,274.86884
0.0,0.16706811,25040.695
0.0,0.083645515,2221.8523
0.0,0.07204762,3623.4922
0.0,0.25968385,10321.094
0.0,0.62727845,938.01587
0.0,0.5047559,125.67803
0.0,0.04810521,89.92821
0.0,0.093593895,198.4138
0.0,0.3111403,980.13745
0.0,0.10318538,1349.2025
0.0,0.2799037,385.05194
0.0,0.57650423,191.0397
0.0,0.070738755,341.60242
0.0,0.027268842,2663.6172
0.0,0.6780158,10632.366
0.0,0.13864252,578.832
0.0,0.3501667,396.56143
0.0,0.086582534,1566.1394
0.0,0.5392154,143.34714
0.0,0.1361007,758.6494
0.0,0.13610072,758.6494
0.0,0.22588791,67.804535
0.0,0.07323757,1994.3707
0.0,0.029285392,422.6291
0.0,0.8896952,74.27388
0.0,0.20560007,78.13854
0.0,0.12607163,102.48238
0.0,0.038359456,16443.16
0.0,0.5060395,83.66986
0.0,0.033012792,3213.378
0.0,0.20051423,95.09434
0.0,0.57935166,11466.254
0.0,0.17142214,159.4044
0.0,0.24980804,164.21474
0.0,0.11627067,142.64955
0.0,0.41449624,1697.0452
0.0,0.09225824,699.2802
0.0,0.14169754,71.068504
0.0,0.04982838,96968.02
0.0,0.19736001,129.47878
0.0,0.0031186757,41825.934
0.0,0.32774544,194.68324
0.0,0.5600467,68.74176
0.0,0.03119267,36059.7
0.0,0.034254506,108.7784
0.0,0.19737665,7168.027
0.0,0.07971811,112.37024
0.0,0.433742,86.0601
0.0,0.9228828,1907.0209
0.0,0.31092924,87.98926
0.0,0.33813164,72.17301
0.0,0.5849742,12459.045
0.0,0.047026575,1598.508
0.0,0.0039902497,17293.697
0.0,0.7371381,425.13528
0.0,0.3416244,1189.8778
0.0,0.018580511,1029.9608
0.0,0.049917307,2186.941
0.0,0.4248423,32999.473
0.0,0.19744766,1417.9796
0.0,0.45973116,9688.41
0.0,0.1736048,30610.664
0.0,0.5256657,91.57222
0.0,0.50916743,10728.796
0.0,0.50916743,10728.796
0.0,0.006645254,18397.39
0.0,0.38887385,3026.2285
0.0,0.17715847,3693.0217
0.0,0.2174338,1567.4357
0.0,0.26040274,79.558266
0.0,0.024380034,2901.1262
0.0,0.74953794,180.69736
0.0,0.22246404,218.32344
0.0,0.56254435,77.52226
0.0,0.21099204,196.28247
0.0,0.005226285,1270.2019
0.0,0.5293032,85.11639
0.0,0.06771311,104.86104
0.0,0.58924,82.45228
0.0,0.43544006,80.41593
0.0,0.6836029,86.04096
0.0,0.15775663,139.5303
0.0,0.13311619,360.263
0.0,0.38496885,131.00888
0.0,0.27823257,103.74995
0.0,0.39682782,75.19019
0.0,0.49018446,101.12293
0.0,0.6390244,79.95815
0.0,0.025095077,111.89477
0.0,0.45782948,187.55226
0.0,0.37504375,93.68183
0.0,0.9104969,459.39108
0.0,0.5959485,175.09932
0.0,0.28314033,69.359
0.0,0.85834086,767.59955
0.0,0.6083802,77.77061
0.0,0.12700681,66.76205
0.0,0.102555275,326.06253
0.0,0.5303117,152.15851
0.0,0.41630164,187.42484
0.0,0.19199462,100.734474
0.0,0.23097742,74.66267
0.0,0.49725103,124.74334
0.0,0.42597315,100.579414
0.0,0.52065516,123.63091
0.0,0.30353627,584.617
0.0,0.4953918,100.92732
0.0,0.5535955,83.01967
0.0,0.33357212,79.15503
0.0,0.42165348,72.56044
0.0,0.1590746,145.83595
0.0,0.6261327,82.17069
0.0,0.36809558,111.63051
0.0,0.46154216,104.28019
0.0,0.26182145,70.401955
0.0,0.18451215,97.4787
0.0,0.25448084,71.27923
0.0,0.20502815,65.4468
0.0,0.5006392,161.3638
0.0,0.14317495,91.12652
0.0,0.48709875,83.50648
0.0,0.20792529,68.64477
0.0,0.18985805,99.13152
0.0,0.31121722,90.53764
0.0,0.08572148,71.932396
0.0,0.30507344,134.2779
0.0,0.82964575,70.43551
0.0,0.49029016,67.7353
0.0,0.9790268,345.30417
0.0,0.45397273,80.70915
0.0,0.14348923,72.59036
0.0,0.933768,682.46704
0.0,0.4464576,71.03131
0.0,0.43426192,100.87188
0.0,0.5680048,98.92298
0.0,0.31983757,67.64277
0.0,0.13504359,307.45193
0.0,0.44992375,108.06011
0.0,0.14483652,91.35056
0.0,0.079650864,143.51414
0.0,0.43603763,74.82784
0.0,0.22790647,482.38412
0.0,0.6393538,96.567154
0.0,0.45588377,159.07135
0.0,0.07948147,136.71445
0.0,0.34722197,75.51664
0.0,0.26289684,137.36618
0.0,0.525775,99.80404
0.0,0.6710831,71.192116
0.0,0.20978189,67.252174
0.0,0.17968997,102.06807
0.0,0.06906052,173.97702
0.0,0.5707742,329.11908
0.0,0.4355262,91.46954
0.0,0.32011747,109.42243
0.0,0.6975073,93.655914
0.0,0.66735065,152.74059
0.0,0.010537425,594.1772
0.0,0.32263172,73.806854
0.0,0.3516999,78.11527
0.0,0.21884237,763.346
0.0,0.57366383,257.48438
0.0,0.6705621,230.68518
0.0,0.60670495,180.25844
0.0,0.31752357,271.72028
0.0,0.49915528,135.07054
0.0,0.2056643,780.0955
0.0,0.40058225,88.86258
0.0,0.55729496,107.0947
0.0,0.10309618,89.38203
0.0,0.20628151,177.3847
0.0,0.49880683,77.22307
0.0,0.65923953,69.03895
0.0,0.18609089,75.5599
0.0,0.47776303,106.38993
0.0,0.42930928,79.31242
0.0,0.22720583,112.84743
0.0,0.3643353,178.69696
0.0,0.24543636,66.88268
0.0,0.06264743,68.84048
0.0,0.41543993,180.68398
0.0,0.24394193,80.18491
0.0,0.6957723,95.847145
0.0,0.07330505,206.6501
0.0,0.8013931,895.4413
0.0,0.10144575,70.68998
0.0,0.6560906,501.612
0.0,0.67775303,90.958664
0.0,0.6190726,70.29072
0.0,0.16699737,129.34514
0.0,0.2272588,83.394485
0.0,0.4192812,506.0652
0.0,0.90088356,569.83075
0.0,0.4569944,121.723816
0.0,0.32555535,151.25563
0.0,0.77653086,83.484886
0.0,0.011216022,702.0104
0.0,0.46490416,67.359566
0.0,0.4948303,158.72163
0.0,0.617677,78.83022
0.0,0.4094933,67.62194
0.0,0.48970264,83.24021
0.0,0.52186435,98.64078
0.0,0.42138258,124.5328
0.0,0.4237944,92.550026
0.0,0.40585762,78.1326
0.0,0.5518937,80.84428
0.0,0.55626976,73.26978
0.0,0.30603376,84.60243
0.0,0.30279148,201.48119
0.0,0.24612911,76.3387
0.0,0.6318104,70.982216
0.0,0.25831768,5048.875
0.0,0.2861169,906.9193
0.0,0.005882803,11212.21
0.0,0.04216296,893.5502
0.0,0.061154254,6794.233
0.0,0.40358594,198.28477
0.0,0.003795714,908.07715
0.0,0.39867488,1122.5808
0.0,0.49963894,159.41246
0.0,0.060104907,464.71454
0.0,0.06929958,17518.113
0.0,0.0018475394,6270.5977
0.0,0.25376186,307.00296
0.0,0.97089,87.13659
0.0,0.048763715,8133.3906
0.0,0.0812264,355.80228
0.0,0.5460339,301.5901
0.0,0.1916416,8152.26
0.0,0.18682438,68.21471
0.0,0.9823485,3.3984096e+08
0.0,0.9823485,3.3984096e+08
0.0,0.34581363,3404.8188
0.0,0.82254046,162.2951
0.0,0.07032271,2864.293
0.0,0.08698179,70.1955
0.0,0.5023568,463.85355
0.0,0.020939142,15306.653
0.0,0.42107698,1193.2139
0.0,0.28405407,31615.07
0.0,0.25242895,749.68304
0.0,0.13703696,87.47785
0.0,0.65829176,116.342834
0.0,0.11181273,717.1672
0.0,0.4613742,186.74954
0.0,0.12655084,10927.1045
0.0,0.087002166,10731.765
0.0,0.36113176,775.9278
0.0,0.0334039,17782.93
0.0,0.27685726,43894.613
0.0,0.54027826,13375.833
0.0,0.16829513,778.0439
0.0,0.00878257,8750.465
0.0,0.28480402,94.300476
0.0,0.037099767,123.552345
0.0,0.40186027,6188.2495
0.0,0.06375542,147.90956
0.0,0.012085261,62463.89
0.0,0.09262055,762.10913
0.0,0.14028709,106.44748
0.0,0.12188124,182.49931
0.0,0.059763886,12038.691
0.0,0.082491525,68.62043
0.0,0.21043923,27020.51
0.0,0.17040186,7327.658
0.0,0.048800297,1070.3228
0.0,0.4946749,1724.6028
0.0,0.28017792,333.27875
0.0,0.21321581,47341.285
0.0,0.020221805,1562.9066
0.0,0.24066332,68.69185
0.0,0.026308767,1063.204
0.0,0.9998362,9381.203
0.0,0.179204,66.175514
0.0,0.56788725,3590.7473
0.0,0.053783514,2674.1047
0.0,0.088782154,79.23933
0.0,0.39386865,375.7378
0.0,0.039359123,113.451385
0.0,0.4024066,260.02792
0.0,0.12764752,1234.6263
0.0,0.062238377,94.44655
0.0,0.20613904,96.32154
0.0,0.5748439,74.82998
0.0,0.043829516,2820.6912
0.0,0.7371113,1745.6108
0.0,0.26427624,65.03613
0.0,0.6534627,311.8492
0.0,0.011849753,40640.69
0.0,0.7762402,239.31657
0.0,0.29348224,647.6048
0.0,0.24269834,82.44603
0.0,0.09396536,673.50275
0.0,0.5066161,1354.1884
0.0,0.37020138,68.79639
0.0,0.10634207,728.8969
0.0,0.48009226,196.45226
0.0,0.059120722,727.1133
0.0,0.28923336,76.41795
0.0,0.0930102,334.09155
0.0,0.1386412,54798.49
0.0,0.479383,3028.2163
0.0,0.009732823,41408.387
0.0,0.6652865,15306.317
0.0,0.11662766,12959.817
0.0,0.018154373,83999.43
0.0,0.021669844,306.64655
0.0,0.17471835,400.27377
0.0,0.8091871,128.66357
0.0,0.04700494,2186.905
0.0,0.14174502,22912.18
0.0,0.1627993,1144.3263
0.0,0.12898852,2020.5851
0.0,0.33056843,592.30194
0.0,0.047179822,266.90594
0.0,0.50886124,472.92944
0.0,0.74869674,1274.8881
0.0,0.16943641,293.7257
0.0,0.015610693,35448.88
0.0,0.124315485,173.54042
0.0,0.2873196,475.95047
0.0,0.10554271,547.46045
0.0,0.041852474,443.66742
0.0,0.1275732,1738.9318
0.0,0.50738907,137.74844
0.0,0.18461226,74.54899
0.0,0.0010624672,5287.442
0.0,0.13727783,473.9964
0.0,0.6429807,3023.2993
0.0,0.0019969027,1211.0958
0.0,0.6510369,349.27603
0.0,0.20470254,5112.7847
0.0,0.25612628,72.98487
0.0,0.09590051,83.15795
0.0,0.38440877,434.03247
0.0,0.51710516,6032.198
0.0,0.043920234,3128.6711
0.0,0.58426327,71.44994
0.0,0.15193325,352.22617
0.0,0.048780233,1255.83
0.0,0.82845795,3356.5764
0.0,0.7254192,3876.5398
0.0,0.09588786,340.41852
0.0,0.31018057,134.0169
0.0,0.1095183,74.82008
0.0,0.032956544,129.7219
0.0,0.00044836878,64393.453
0.0,0.534372,127.3011
0.0,0.49174285,120.13142
0.0,0.16323385,74.56618
0.0,0.38710254,81.01295
0.0,0.05275437,440.10626
0.0,0.78414905,39694.824
0.0,0.5122115,272.0373
0.0,0.11334001,273.6993
0.0,0.12960418,4516.5107
0.0,0.052494153,76798.9
0.0,0.48633096,83.5552
0.0,0.13477282,114.41341
0.0,0.00035271744,10144.86
0.0,0.07811137,149.04958
0.0,0.62622356,94.2393
0.0,0.042725332,8987.621
0.0,0.24794658,186.02408
0.0,0.10165451,3577.1165
0.0,0.49807116,10022.853
0.0,1.0,219.52408
0.0,0.3769911,78.54904
0.0,1.0,2033.2301
0.0,0.6935972,1367.2864
0.0,0.029287752,1901.5879
0.0,0.0015291556,12007.551
0.0,0.20013702,82.737236
0.0,0.4933629,211.35066
0.0,0.20912726,826.1247
0.0,0.4004062,107.73705
0.0,0.22388351,270.13864
0.0,0.21095571,11977.029
0.0,0.021385642,3557.0522
0.0,0.27762964,303.8212
0.0,0.047068078,364.8403
0.0,0.14133576,88.3501
0.0,0.76873356,1321.4517
0.0,0.21018632,16638.555
0.0,0.4297277,175.04175
0.0,0.6544929,700.45435
0.0,0.28489915,101.76577
0.0,0.0009180269,1104.3713
0.0,0.034890648,3524.068
0.0,0.21558893,377.19296
0.0,0.0813703,3084.018
0.0,0.17465429,85.182816
0.0,0.19241594,318.4203
0.0,0.17496051,13856.439
0.0,0.078520685,537.86383
0.0,0.7038693,852.1195
0.0,0.060894124,186.52403
0.0,0.51762265,109.636314
0.0,0.18180475,71.97395
0.0,0.23406425,253.83026
0.0,0.0831067,2356.5764
0.0,0.3019192,5675.5044
0.0,0.0048578302,7348.8364
0.0,0.017117105,2799.939
0.0,0.0011216962,1626.1573
0.0,0.31422022,83.740166
0.0,0.44477275,206.56071
0.0,0.016367465,7329.9717
0.0,0.46154216,26369.625
0.0,0.76232433,72.30448
0.0,0.52780896,108.288155
0.0,0.45833653,17473.22
0.0,0.262409,88.7493
0.0,0.5854047,5914.594
0.0,0.061524097,393.41293
0.0,0.4057219,1892.0027
0.0,0.14559646,450.10034
0.0,0.027551074,12771.9
0.0,0.83739877,1251.586
0.0,0.33856907,153.97278
0.0,0.39265692,361.76984
0.0,0.002203655,11954.918
0.0,0.56570125,31113.988
0.0,0.03449413,526.96295
0.0,0.3560626,107.40959
0.0,0.8740053,663.37665
0.0,0.4466668,312.87808
0.0,0.13372763,2505.766
0.0,0.025032742,7181.0083
0.0,0.1400487,938.28107
0.0,0.42609745,69.7875
0.0,0.02949454,14269.616
0.0,0.2057683,423.10617
0.0,0.63356733,90.916275
0.0,0.38678673,853.59155
0.0,0.16184509,88.39258
0.0,0.12049441,1437.5148
0.0,0.104092084,357.59286
0.0,0.07468089,1436.8536
0.0,0.06170388,86331.57
0.0,0.0071435464,1071.8492
0.0,0.02633725,703.7143
0.0,0.101846606,384.34003
0.0,0.38854042,149.75601
0.0,0.45478868,242.43718
0.0,0.3882624,199.88493
0.0,0.53408444,330.07697
0.0,0.9559296,1031.0815
0.0,0.0042403624,5122.885
0.0,0.018336542,4848.553
0.0,0.0346018,541.72925
0.0,0.057809632,1153.7776
0.0,0.14724337,150.15082
0.0,0.005392587,40217.53
0.0,0.40031946,101.70501
0.0,0.9627377,564.2676
0.0,0.005236116,1203.9021
0.0,0.040360544,16499.893
0.0,0.07017941,13343.885
0.0,0.012469103,17845.422
0.0,0.064242244,95.040535
0.0,0.085268594,347.8581
0.0,0.9999999,8072.684
0.0,0.47103736,267.09882
0.0,0.13590483,778.38995
0.0,0.4596362,121.80276
0.0,0.005911584,1006.6692
0.0,0.30990797,382.256
0.0,0.77611434,4646.3647
0.0,0.23026772,1237.3317
0.0,0.20470624,255.04927
0.0,0.73788977,6319.747
0.0,0.5341075,91.63867
0.0,0.51072,1724.5422
0.0,1.0,87.1165
0.0,0.011290245,7396.7017
0.0,0.0014330674,3792.9958
0.0,0.0073473463,1760.2302
0.0,0.61996204,89.167046
0.0,0.029145628,308.6867
0.0,0.2729633,337.05307
0.0,0.21080506,10727.265
0.0,0.15441829,301.63263
0.0,9.8631805e-05,97278.234
0.0,0.0040726513,64441.05
0.0,0.0025950465,2878.385
0.0,0.56329066,771.7594
0.0,0.15682642,157.16629
0.0,0.20421997,2204.281
0.0,0.13210322,261.53574
0.0,0.00044381074,3570.252
0.0,0.08622248,108.10942
0.0,0.09774475,117.33575
0.0,0.48244873,58220.723
0.0,0.063717835,122.05263
0.0,0.07950022,18196.7
0.0,0.18794762,88.55813
0.0,0.14973576,1999.3136
0.0,0.015172924,813.1864
0.0,0.17855206,547.5001
0.0,0.085070096,1277.4901
0.0,0.4381034,3091.8704
0.0,0.023279734,2180.8853
0.0,0.15943442,438.54462
0.0,0.16378106,278.08807
0.0,0.18337266,69723.55
0.0,0.3885871,171.6021
0.0,0.1938632,120.80838
0.0,0.41338328,296.3434
0.0,0.030787151,1404.1908
0.0,0.46755922,236.13551
0.0,0.580779,10800.965
0.0,0.3099232,76.93891
0.0,0.24941006,76532.48
0.0,0.048787937,1136.1936
0.0,0.85107744,914.7467
0.0,0.86772424,6822.8755
0.0,0.5960105,146.89546
0.0,0.1399652,898.698
0.0,0.45056996,92.1002
0.0,0.46844533,78.68918
0.0,0.4612373,136.07745
0.0,0.004470272,80758.0
0.0,0.00019734378,33748.652
0.0,0.010090353,873.4929
0.0,0.25142434,905.9947
0.0,0.33954325,87.33083
0.0,0.19799945,72.17622
0.0,0.122393906,126.06112
0.0,0.37666127,2715.7417
0.0,0.23586239,81.57945
0.0,0.07969775,419.15097
0.0,0.2933584,2741.4822
0.0,1.0,104.140945
0.0,0.047245722,2685.9795
0.0,0.14727107,1266.8975
0.0,0.599777,81.26549
0.0,0.5033339,71.06136
0.0,0.192102,3133.804
0.0,0.54417,12422.179
0.0,0.33490455,8041.505
0.0,0.6141952,84.08622
0.0,0.4736105,16537.98
0.0,0.33257282,22062.133
0.0,0.098102525,825.917
0.0,0.27137902,176.11978
0.0,0.06665081,977.403
0.0,0.51693076,208.45035
0.0,0.0058889994,3399.2158
0.0,0.0042883586,11022.999
0.0,0.321516,301.98093
0.0,0.0044165435,23305.213
0.0,0.037490454,28368.604
0.0,0.048666153,2945.8564
0.0,0.6418926,3982.7146
0.0,0.102123775,406.1063
0.0,0.100191735,110.69978
0.0,0.07900044,975.6773
0.0,0.06964644,9219.748
0.0,0.015167367,2056.1985
0.0,0.19721438,1353.2623
0.0,0.5811279,96.015724
0.0,0.15240122,9161.67
0.0,0.75287634,429.575
0.0,0.0347544,83572.766
0.0,0.23520645,114.70743
0.0,0.3222906,132.98537
0.0,0.026107583,19562.904
0.0,0.8051301,2814.6523
0.0,0.3373275,1136.5155
0.0,0.12822723,3326.8135
0.0,0.2099194,83.16242
0.0,0.45971647,2409.1777
0.0,0.6212227,1397.1335
0.0,0.31022137,1084.8826
0.0,0.21226618,97.21673
0.0,0.38205853,16495.42
0.0,0.48828253,92.51472
0.0,0.26053026,106.69548
0.0,0.010642731,1230.8853
0.0,0.15211216,134.57169
0.0,0.024933603,15327.508
0.0,0.99071807,1431.099
0.0,0.5736105,68943.05
0.0,0.18324074,82.573105
0.0,0.5515432,153.87595
0.0,0.03072954,696.6826
0.0,0.15045501,81.24979
0.0,0.07311976,134.69852
0.0,0.4444628,8046.053
0.0,0.044699274,203.46191
0.0,0.115402125,246.5415
0.0,0.06182362,19940.629
0.0,0.19866769,164.3862
0.0,0.09958009,4152.7017
0.0,0.017295783,27501.164
0.0,0.38129044,158.57854
0.0,0.27219737,72.58793
0.0,0.23952724,1155.2157
0.0,0.25620574,185.35779
0.0,0.027259363,25868.555
0.0,0.044936597,1659.4658
0.0,0.499507,140.92252
0.0,0.19787064,94.6349
0.0,0.59875894,1015.3096
0.0,0.49948353,11338.172
0.0,0.14947806,67.52842
0.0,0.77777827,2571.5408
0.0,0.23782799,1327.9692
0.0,0.19030134,73.71829
0.0,0.49397218,111.41622
0.0,0.6123538,178.45422
0.0,0.22495754,555.32544
0.0,0.44250575,304.8887
0.0,0.3503606,250.64734
0.0,0.23927358,124.89512
0.0,0.15133399,87.736145
0.0,0.0012011536,3607.1558
0.0,0.1816762,75.812294
0.0,0.10618024,26793.857
0.0,0.27233902,23299.227
0.0,0.36077166,290.8952
0.0,0.2912535,21333.072
0.0,0.12875067,100.328606
0.0,0.48310083,80.133224
0.0,0.1623746,19986.133
0.0,0.50204533,4880.0347
0.0,0.35344848,74860.92
0.0,0.07397909,327.85764
0.0,0.16989924,436.62164
0.0,0.9990922,897.291
0.0,0.007963336,18242.309
0.0,0.0037274023,39284.617
0.0,0.5861448,922.94104
0.0,0.3604892,222.55624
0.0,0.5962067,130.07367
0.0,0.0011712104,983.60394
0.0,0.7453999,149.1429
0.0,0.025355192,19460.395
0.0,0.23376228,583.75977
0.0,0.06651863,1643.4226
0.0,0.024524257,4000.8813
0.0,0.8947854,1419.3441
0.0,0.10508132,270.34903
0.0,0.026230771,307.86673
0.0,0.17759092,143.84203
0.0,0.0056324545,21792.254
0.0,0.5626092,7192.454
0.0,0.2170362,102.36211
0.0,0.09883908,668.096
0.0,0.8731792,285.33148
0.0,0.54339844,101.838875
0.0,0.25747913,1341.5736
0.0,0.44989243,167.87152
0.0,0.51548696,84.46198
0.0,1.0,113.917656
0.0,0.013629154,689.5191
0.0,0.5347116,526.4257
0.0,0.10611152,7898.4824
0.0,0.41752505,8621.591
0.0,0.00040612512,12512.056
0.0,0.07145682,133.83846
0.0,0.12759838,161.55888
0.0,0.008550424,343.4171
0.0,0.46585053,8336.995
0.0,0.51470786,66.63788
0.0,0.00094333483,5845.7334
0.0,0.13595863,77.74615
0.0,0.37522912,90.75396
0.0,0.010670648,3044.1875
0.0,0.41058654,73.74331
0.0,0.451424,2558.2178
0.0,0.080987,4423.9927
0.0,0.012565967,36752.76
0.0,0.51301265,116.73002
0.0,0.57611287,287.62936
0.0,0.0004512887,19086.357
0.0,0.18730831,2171.3865
0.0,0.022422837,10649.436
0.0,0.011573325,16117.77
0.0,0.78756785,1363.8424
0.0,0.03191334,27419.367
0.0,0.22549908,2576.9507
0.0,0.5274808,109.84995
0.0,0.42315376,231.61012
0.0,0.47514117,114.89757
0.0,0.9536375,755.1565
0.0,0.08541684,9139.526
0.0,0.003139266,4611.5557
0.0,0.040582128,255.23303
0.0,0.5428329,2773.837
0.0,0.07094873,4446.3687
0.0,0.3168252,32465.576
0.0,0.03616435,979.79694
0.0,0.30789202,330.2651
0.0,0.9545666,100.51081
0.0,0.012512179,62247.406
0.0,0.006090076,40392.906
0.0,0.0070365765,10005.81
0.0,0.24201126,33623.23
0.0,0.843993,4641.3477
0.0,0.5323112,94440.28
0.0,0.4766376,15124.311
0.0,0.20029986,190.56102
0.0,0.108281516,70.47351
0.0,1.0,5125.2085
0.0,0.9518101,137.50327
0.0,0.2909244,1421.3386
0.0,0.20757182,5852.7915
0.0,0.0057659075,1464.8846
0.0,0.0026369984,1666.4607
0.0,0.45725763,124.56445
0.0,0.79100883,2194.754
0.0,0.5519637,2431.0193
0.0,0.06799739,2764.1462
0.0,0.0039260704,1524.9026
0.0,0.0057371105,8925.559
0.0,0.6752216,163.89043
0.0,0.5591647,67.25435
0.0,0.90093106,67.04872
0.0,0.09990712,286.71988
0.0,0.3869093,1285.2568
0.0,0.02765822,3694.6926
0.0,0.0035055496,738.9887
0.0,0.58005315,630.9406
0.0,0.2406989,1269.5376
0.0,0.016391443,9387.561
0.0,0.06543644,715.1283
0.0,0.24187012,3582.6094
0.0,0.32705614,71.11327
0.0,0.4911967,81.121025
0.0,0.011157478,18753.783
0.0,0.16667618,9729.959
0.0,0.034933403,4758.9087
0.0,0.029961184,5602.995
0.0,0.5348862,105.93883
0.0,0.47135627,73.7359
0.0,0.034663774,815.8729
0.0,0.35443136,196.04501
0.0,0.2908005,600.3222
0.0,0.51046747,326.06717
0.0,0.29401067,144.35075
0.0,0.7517281,1486.0985
0.0,0.0014987655,11319.526
0.0,0.12286955,116.2204
0.0,0.00023714027,90441.25
0.0,0.24138871,72.24653
0.0,0.28217816,494.30365
0.0,0.2732094,193.09494
0.0,0.8047463,9208.767
0.0,0.43543264,15979.694
0.0,0.09661376,983.68005
0.0,0.02291364,4816.572
0.0,0.0028287286,22090.225
0.0,0.36207667,18198.637
0.0,0.7742921,411.3279
0.0,0.20371422,101.649635
0.0,0.03261041,4049.5752
0.0,0.05066032,134.302
0.0,0.007942731,4705.1895
0.0,0.072903685,1761.7123
0.0,0.13599627,2093.4324
0.0,0.14471516,2523.8933
0.0,0.23384272,8217.281
0.0,0.0012654159,523.3836
0.0,0.037908953,301.42078
0.0,0.054852955,1148.2279
0.0,0.005653525,6525.2676
0.0,0.15649384,801.053
0.0,0.21912816,94.11163
0.0,0.31344274,523.59766
0.0,0.5786896,85.781944
0.0,0.058975693,63625.934
0.0,0.516733,1979.9565
0.0,0.23109795,72.125244
0.0,0.3808632,34797.78
0.0,0.4845393,42619.574
0.0,0.025234725,25815.299
0.0,0.37569642,7004.359
0.0,0.103924915,70.588745
0.0,0.067920595,194.26816
0.0,0.8964563,3282.472
0.0,0.027419334,25988.236
0.0,0.0033306868,5717.312
0.0,0.061975706,1229.2255
0.0,0.052298147,195.47554
0.0,0.3340779,127.03505
0.0,0.009564918,3187.428
0.0,0.22331585,833.20624
0.0,0.08515093,69.358505
0.0,0.0148444185,346.91238
0.0,0.50385046,122.29724
0.0,0.013137329,1088.6735
0.0,0.50777376,4316.61
0.0,0.5467496,75.698944
0.0,0.14336316,87.51578
0.0,0.10119981,217.33246
0.0,0.21049634,669.5309
0.0,0.05482169,4001.1406
0.0,0.33131048,457.78842
0.0,0.11611821,66.82922
0.0,0.27702385,1445.8036
0.0,0.5687103,974.8229
0.0,0.27423102,2925.0938
0.0,0.43833297,255.19675
0.0,0.030700339,363.57266
0.0,0.004363084,43498.855
0.0,0.6936516,3847.9624
0.0,0.482455,781.04297
0.0,0.25248134,104.118706
0.0,0.047005195,9584.254
0.0,0.27587426,389.16534
0.0,0.018359564,2510.0935
0.0,0.36442447,652.5629
0.0,0.04862098,85.059425
0.0,0.114136115,109.501755
0.0,0.014472316,14462.426
0.0,0.21745765,3115.9373
0.0,0.21001613,10615.417
0.0,0.93595815,3714.016
0.0,0.82291687,1627.9108
0.0,0.5313393,35476.406
0.0,0.17544095,404.01425
0.0,0.9139524,2980.8914
0.0,0.0507466,21254.773
0.0,0.29627725,1140.0887
0.0,0.15147182,106.41359
0.0,0.49436328,71.4593
0.0,0.22216572,74.886795
0.0,0.12904847,2082.2275
0.0,0.109081045,991.5498
0.0,0.61865866,18565.895
0.0,0.33651018,172.36923
0.0,0.45762748,1010.7981
0.0,0.46162027,80.567604
0.0,0.52799034,120.71676
0.0,0.0771409,163.96521
0.0,0.22528788,97.45307
0.0,0.008615596,820.86475
0.0,0.029816223,58367.355
0.0,0.17445277,9232.542
0.0,0.02362559,823.90857
0.0,0.5519155,1381.0911
0.0,0.0110915005,2402.732
0.0,0.4571923,144.9129
0.0,0.14040127,582.0657
0.0,0.2267358,1027.7214
0.0,0.29698667,210.89795
0.0,0.23099756,1673.3638
0.0,0.4340049,377.54703
0.0,0.56688786,20414.664
0.0,0.4509982,147.82433
0.0,0.24895345,5735.032
0.0,0.09265871,147.50444
0.0,0.0018040473,33481.07
0.0,0.19747068,112.51437
0.0,0.046699584,26456.045
0.0,0.23883219,74.18598
0.0,0.11361992,3021.1292
0.0,0.2911088,1602.4004
0.0,0.025549646,1889.829
0.0,0.7497197,354.28256
0.0,0.27684122,210.45325
0.0,0.040781256,918.9954
0.0,0.25764486,186.89467
0.0,0.33524066,26988.873
0.0,0.0027019766,12913.967
0.0,0.083170146,5326.757
0.0,0.4006375,331.71112
0.0,0.48424014,4064.8682
0.0,0.0012092603,16049.711
0.0,0.027235573,11407.937
0.0,0.2552173,76.54689
0.0,0.33096486,374.46664
0.0,0.19741952,1627.0735
0.0,0.19394828,145.76503
0.0,0.17752473,71.91506
0.0,0.15742956,120.054016
0.0,0.0007858816,4857.6543
0.0,0.1250349,1533.4098
0.0,0.0002843547,2892.2544
0.0,0.5906702,91.50154
0.0,0.11654219,2797.4592
0.0,0.59106946,128.58858
0.0,0.38277245,83.8738
0.0,0.014241666,24770.525
0.0,0.021089436,5690.9175
0.0,1.0,96097.64
0.0,0.050136644,107.609726
0.0,0.012666966,1468.3419
0.0,0.10381162,288.6991
0.0,0.00061498047,1849.506
0.0,0.13154885,1594.8187
0.0,0.16008027,101.13565
0.0,0.0069152475,1765.24
0.0,0.22722606,4815.559
0.0,0.2709832,3574.9236
0.0,0.6007489,95.51497
0.0,0.21244447,139.20064
0.0,0.72946435,246.66931
0.0,0.027675664,3180.2373
0.0,0.33297098,1865.0192
0.0,0.64458233,916.9454
0.0,0.10125482,71.12049
0.0,0.78867936,464.3649
0.0,0.015547413,1225.9785
0.0,0.31421137,223.54771
0.0,0.013356737,1040.6688
0.0,0.32040858,683.6253
0.0,0.021407321,69.67455
0.0,0.41329804,75071.305
0.0,0.6798085,800.93164
0.0,0.5176643,117.92579
0.0,0.6000083,225.55795
0.0,0.36873972,3303.9897
0.0,0.1227112,3092.018
0.0,0.22895873,4027.5154
0.0,0.6021618,70.06855
0.0,0.5163812,78.940605
0.0,0.059270352,453.71497
0.0,0.17590944,1062.9985
0.0,0.11764273,1481.4458
0.0,0.2772114,706.75275
0.0,0.40049118,17117.125
0.0,0.44352752,151.11288
0.0,0.5996057,7146.189
0.0,0.016974222,9220.026
0.0,0.10817469,957.30853
0.0,0.4014464,1072.4708
0.0,0.06824868,1023.2958
0.0,0.6071522,208.7144
0.0,0.21446024,2328.8179
0.0,0.4073824,73.64718
0.0,0.47994086,128.38692
0.0,0.029239638,701.57153
0.0,0.49531895,288.9071
0.0,0.15869689,160.78645
0.0,0.1596782,1889.5613
0.0,0.24372742,528.5492
0.0,0.5936571,69.47504
0.0,0.3686334,2649.8284
0.0,0.28436068,167.64377
0.0,0.010210424,13802.702
0.0,0.5028609,235.39737
0.0,0.11545732,183.50656
0.0,0.053720713,4393.533
0.0,0.7044995,2776.75
0.0,0.22106224,101.1788
0.0,0.020715686,82511.84
0.0,0.23951378,129.44168
0.0,0.35531908,832.75354
0.0,0.23195675,204.06921
0.0,0.29774898,122.571335
0.0,0.54065204,67.253204
0.0,0.31455463,302.20877
0.0,0.46194598,125.92334
0.0,0.3322846,204.3524
0.0,0.18597078,363.81305
0.0,0.35393432,58651.17
0.0,0.15135095,1271.9233
0.0,0.07078533,1085.998
0.0,0.14554754,20498.307
0.0,0.15205826,3220.421
0.0,0.8385461,83.65942
0.0,0.69424,11912.975
0.0,0.62690985,76.60895
0.0,0.07060703,1121.1649
0.0,0.7241059,6756.365
0.0,0.022959964,74177.49
0.0,0.08117548,686.15576
0.0,0.028115442,5953.3994
0.0,0.028599408,17772.584
0.0,0.54136693,357.1332
0.0,0.36540207,193.8198
0.0,0.061100814,106.2904
0.0,0.6249393,8282.008
0.0,0.46985552,1837.6707
0.0,0.124290556,652.4139
0.0,0.48081037,217.48427
0.0,0.063131794,112.4709
0.0,0.8042519,814.60236
0.0,0.67570895,2104.4111
0.0,0.5225767,8881.617
0.0,0.015527853,58972.875
0.0,0.46182725,68.53905
0.0,0.071658604,7851.5713
0.0,0.0049670176,3444.9075
0.0,0.016211912,718.0894
0.0,0.07766712,200.74136
0.0,0.0776671,200.74136
0.0,0.012019892,18623.385
0.0,0.3877725,3895.6633
0.0,0.46154216,824.32117
0.0,0.5076228,88.225876
0.0,0.1915229,2877.6282
0.0,0.03003929,1156.5514
0.0,0.714542,686.9265
0.0,0.44378787,932.8625
0.0,0.3212282,7622.4966
0.0,0.4127103,65.061165
0.0,0.14447308,92.35589
0.0,0.013923574,223.47545
0.0,0.18754359,137.99944
0.0,0.09336492,840.97345
0.0,0.9719149,1568.7278
0.0,0.06728928,1937.0841
0.0,0.012278947,7272.1147
0.0,0.5030506,69.141426
0.0,0.53964275,83.218575
0.0,0.07614566,2857.4705
0.0,0.17489737,2453.773
0.0,0.5896594,13260.911
0.0,0.3253618,1036.0913
0.0,0.2610358,70.1456
0.0,0.61814547,1139.0239
0.0,0.00017119275,83824.75
0.0,0.12009031,7350.3936
0.0,0.11337445,2603.7117
0.0,0.12482108,217.07335
0.0,0.19135769,73.62497
0.0,0.33984005,2325.8486
0.0,0.45720017,2936.2754
0.0,0.42269862,7379.3345
0.0,0.38659754,174.6416
0.0,0.3144023,67.876785
0.0,0.574626,1272.4933
0.0,0.43426874,90.849396
0.0,0.029090725,275.81116
0.0,0.18723203,409.11035
0.0,0.49794167,399.88196
0.0,0.73349804,209.94402
0.0,0.6791444,80.58364
0.0,0.04138514,27089.01
0.0,0.9342732,2085.2842
0.0,0.40403035,1004.6099
0.0,0.010818025,25245.807
0.0,0.7825756,730.0022
0.0,0.7061245,18250.121
0.0,0.04092723,3781.5813
0.0,0.6446204,2491.5361
0.0,0.21244013,6701.0894
0.0,0.23816247,3136.2515
0.0,0.2561495,7065.0366
0.0,0.3400333,1019.3737
0.0,0.3981486,79.007484
0.0,0.46639228,157.84601
0.0,0.31975055,13957.583
0.0,0.811128,8255.951
0.0,0.3312141,325.06485
0.0,0.058418773,1004.3061
0.0,0.02213613,422.98935
0.0,0.27714902,105.47916
0.0,0.21255752,78.79137
0.0,0.19716945,284.98175
0.0,0.19156405,104.26829
0.0,0.009418865,71212.81
0.0,0.2702715,82.49898
0.0,0.32011682,2177.9204
0.0,0.092309445,69.119095
0.0,0.25143853,66.152756
0.0,0.2707401,1329.7238
0.0,0.16886342,5319.6846
0.0,0.26418567,66.08187
0.0,0.13651419,2552.7927
0.0,0.25375983,1446.241
0.0,0.30960286,336.93134
0.0,0.050441444,411.8985
0.0,0.6412108,4293.76
0.0,0.054210175,2267.6863
0.0,0.35536397,398.4136
0.0,0.00021107456,13293.376
0.0,0.005991435,3888.6208
0.0,0.41279945,3690.229
0.0,0.31796256,10600.369
0.0,0.36133924,103.32365
0.0,0.3258462,98.86956
0.0,0.73132694,898.512
0.0,0.12280265,474.51062
0.0,0.054804143,1250.7838
0.0,0.18071787,606.9635
0.0,0.18242468,116.79245
0.0,0.27286935,102.55166
0.0,0.08598209,93.55332
0.0,0.020215161,17514.863
0.0,0.47150168,3982.332
0.0,0.40822995,1140.919
0.0,0.14266719,111.15926
0.0,0.62028277,1457.1943
0.0,0.02938663,5177.9067
0.0,0.0025544479,1129.8157
0.0,0.65622914,8549.149
0.0,0.08947608,1733.32
0.0,0.60920846,243.3511
0.0,0.45009375,138.2911
0.0,0.45102617,106.49576
0.0,0.031217784,7346.198
0.0,0.0018018744,1619.3672
0.0,0.025102505,131.39127
0.0,0.15016793,89.36586
0.0,0.5490458,118.50057
0.0,0.0010642548,2053.816
0.0,0.03946557,216.14178
0.0,0.16279988,91.83993
0.0,0.36037916,151.43369
0.0,0.0037325695,2440.0847
0.0,0.50387865,533.6749
0.0,0.4627345,265.5002
0.0,0.44730255,1879.8685
0.0,0.57112163,126.18942
0.0,0.59626055,60205.332
0.0,0.4563259,367.7694
0.0,0.1703413,255.47612
0.0,0.046403266,573.89185
0.0,0.52411145,78.759995
0.0,0.12130234,417.71252
0.0,0.21904679,70.313194
0.0,0.07704393,3346.2476
0.0,0.48836657,159.70363
0.0,0.009622503,1357.2323
0.0,0.06376909,19694.238
0.0,0.06853868,8233.076
0.0,0.083912015,15431.406
0.0,0.6097783,124.55529
0.0,0.45205882,106.71698
0.0,0.17732613,1878.8864
0.0,0.49968418,344.95157
0.0,0.29451057,807.39557
0.0,0.43283853,10078.979
0.0,0.17654002,435.73615
0.0,0.44534796,1083.6754
0.0,0.009135335,662.87933
0.0,0.12609366,713.38806
0.0,0.036827393,12082.854
0.0,0.75689435,1098.9169
0.0,0.13306594,108.89814
0.0,0.15683515,11597.361
0.0,0.9680632,5452.093
0.0,0.03727241,21269.645
0.0,0.07852433,12246.655
0.0,0.022096323,50219.12
0.0,0.008708918,1796.7258
0.0,0.5213048,68.834076
0.0,0.43926552,76.332794
0.0,1.0,1113.4126
0.0,0.40734282,29028.102
0.0,0.46154216,1987.9727
0.0,0.0042353827,9601.189
0.0,0.027511382,6410.085
0.0,0.029529735,1863.6139
0.0,0.8661803,74.433464
0.0,0.6121583,1864.713
0.0,0.003581199,9603.293
0.0,0.27306405,740.36523
0.0,0.4787794,20633.994
0.0,0.0011572802,86050.23
0.0,0.66621375,12738.975
0.0,0.8994483,176.52855
0.0,0.001487594,18738.244
0.0,0.0037870514,17217.893
0.0,0.6036024,2414.7017
0.0,0.8040385,123.88998
0.0,0.39040163,54556.434
0.0,0.5783518,691.3764
0.0,0.0772202,6479.6646
0.0,0.13837384,75.40314
0.0,0.33089614,168.13197
0.0,0.25984502,5755.0786
0.0,0.617491,256.61087
0.0,0.5460456,73.1236
0.0,0.32356185,198.61423
0.0,0.04875272,2762.0876
0.0,0.055368923,78780.64
0.0,0.058762893,2257.0337
0.0,0.104907714,676.6844
0.0,0.00672027,806.3812
0.0,0.00019176617,3223.4756
0.0,0.611685,125.810776
0.0,0.2162745,138.20679
0.0,0.047804285,198.09807
0.0,0.1648515,257.9667
0.0,0.031323012,20950.373
0.0,0.42617652,72.06768
0.0,0.00015079946,40448.69
0.0,0.08247343,952.81256
0.0,0.52730006,959.3951
0.0,0.15660776,129.46783
0.0,0.47902334,66.923836
0.0,0.5214322,111.6204
0.0,0.23148224,79.12774
0.0,0.11898994,68.64077
0.0,0.05181232,4834.18
0.0,0.35792732,978.5831
0.0,0.001783555,52982.63
0.0,0.5948278,402.1526
0.0,0.34951654,862.9944
0.0,0.13070053,1411.3085
0.0,0.63653874,9555.742
0.0,0.15023066,164.29237
0.0,0.036567494,413.01138
0.0,0.099029176,336.89343
0.0,0.4257268,814.1776
0.0,0.0025135165,78612.5
0.0,0.45220086,65.25581
0.0,0.19791959,2353.4348
0.0,0.1423462,1027.951
0.0,0.45310205,535.3057
0.0,0.0070507005,4789.4004
0.0,0.2644849,98.33559
0.0,0.2644849,98.33559
0.0,0.25791565,95.21162
0.0,0.23576298,81.10292
0.0,0.40195787,340.463
0.0,0.34321672,148.85202
0.0,0.55999863,99.175285
0.0,0.16062745,94.0684
0.0,0.63767797,98.20452
0.0,0.32700127,65.623055
0.0,0.38768962,257.12445
0.0,0.12116324,115.45031
0.0,0.7979671,71.98075
0.0,0.4451358,168.46025
0.0,0.3758062,73.72604
0.0,0.4225908,66.297615
0.0,0.059539117,67.2631
0.0,0.15189539,76.111984
0.0,0.7552033,89.48277
0.0,0.42011043,125.79524
0.0,0.34253895,121.66362
0.0,0.019200215,146.71687
0.0,0.35992327,1002.9843
0.0,0.34167093,71.957756
0.0,0.45967153,67.856964
0.0,0.42934984,121.96803
0.0,0.5071136,70.42144
0.0,0.38236228,82.7123
0.0,0.5332805,339.50385
0.0,0.25589758,239.9641
0.0,0.612803,72.9648
0.0,0.61048347,69.7122
0.0,0.5356785,142.49326
0.0,0.7707854,76.5466
0.0,0.4642935,65.565254
0.0,0.56498486,567.0098
0.0,0.5099493,70.80082
0.0,0.48959735,69.33201
0.0,0.41025585,153.10318
0.0,0.28838027,87.55722
0.0,0.67325246,88.87578
0.0,0.3371478,87.56958
0.0,0.119953424,81.45433
0.0,0.3062693,162.518
0.0,0.326662,112.81813
0.0,0.48916698,308.24792
0.0,0.798,312.09375
0.0,0.20970315,115.17449
0.0,0.24841085,113.70054
0.0,0.36719432,78.114845
0.0,0.09950211,95.53146
0.0,0.16017866,79.6125
0.0,0.28975767,153.31143
0.0,0.31213513,127.05109
0.0,0.47910964,74.88069
0.0,0.5729734,98.657295
0.0,0.34044957,159.21078
0.0,0.3424936,105.76798
0.0,0.1771865,68.122795
0.0,0.09259829,108.56977
0.0,0.41317728,134.44637
0.0,0.1191468,78.584015
0.0,0.30254284,111.92825
0.0,0.2932308,77.919624
0.0,0.14602788,83.6065
0.0,0.56238395,108.52317
0.0,0.4995537,71.775696
0.0,0.4722463,72.712006
0.0,0.99863654,99.81404
0.0,0.37990582,131.9672
0.0,0.3184613,205.9511
0.0,0.5423465,67.64233
0.0,0.31661266,68.15646
0.0,0.2379673,74.15334
0.0,0.008688289,912.47815
0.0,0.07325074,89.92902
0.0,0.84725815,69.70877
0.0,0.35509732,140.13292
0.0,0.088480465,244.87228
0.0,0.9999275,146.63481
0.0,0.40330815,101.752754
0.0,0.16646829,153.9804
0.0,0.14283712,70.400665
0.0,0.3341077,227.81488
0.0,0.377601,109.50121
0.0,0.48756292,219.99362
0.0,0.23591939,231.49953
0.0,0.42174765,244.45872
0.0,0.5634893,83.15881
0.0,0.26925912,100.678246
0.0,0.04783064,341.34317
0.0,0.1988197,87.06927
0.0,0.4213637,69.13661
0.0,0.40586203,419.9864
0.0,0.10019696,598.63293
0.0,0.46450767,262.4287
0.0,0.31383651,80.03883
0.0,0.51025665,120.21949
0.0,0.86648834,71.104836
0.0,0.32159272,125.630226
0.0,0.84578425,141.89233
0.0,0.43311313,319.67435
0.0,0.51519156,238.87476
0.0,0.39651057,164.44695
0.0,0.018527038,269.16074
0.0,0.6169971,65.437584
0.0,0.4103232,112.90431
0.0,0.14446941,92.16509
0.0,0.35343343,72.542274
0.0,0.4667152,81.67367
0.0,0.24979441,65.90748
0.0,0.35645166,108.175026
0.0,0.22979103,101.8211
0.0,0.4918883,67.52178
0.0,0.47116232,68.739494
0.0,0.49967584,150.53717
0.0,0.15262635,86.34342
0.0,0.37372538,87.10689
0.0,0.22489613,101.4593
0.0,0.22204064,92.42494
0.0,0.6109438,117.23743
0.0,0.08779735,70.37637
0.0,0.13373977,183.33699
0.0,0.7055855,66.34331
0.0,0.34719917,71.85875
0.0,0.44263417,79.2677
0.0,0.018660834,384.56735
0.0,0.42271677,122.695076
0.0,0.19785537,228.16158
0.0,0.12558569,127.65767
0.0,0.15725036,83.98412
0.0,0.39009592,135.16362
0.0,0.29974195,242.22818
0.0,0.20048232,96.836044
0.0,0.1825866,120.358696
0.0,0.48422575,93.42324
0.0,0.5824359,70.10029
0.0,0.41474256,137.30617
0.0,0.74391884,190.52211
0.0,0.16063008,87.4477
0.0,0.16033922,77.51584
0.0,0.28819343,75.85028
0.0,0.25460663,196.45064
0.0,0.27807614,104.48357
0.0,0.57310355,154.33948
0.0,0.57310355,154.33948
0.0,0.43773544,154.14566
0.0,0.31427574,94.5975
0.0,0.60901785,72.03587
0.0,0.38874677,69.80551
0.0,0.015962934,130.5332
0.0,0.37303552,67.627174
0.0,0.64127666,82.86505
0.0,0.23340616,207.89209
0.0,0.02221871,234.94719
0.0,0.4216147,94.84419
0.0,0.47049898,147.51448
0.0,0.24803425,219.53722
0.0,0.11334403,76.24124
0.0,0.75304097,113.940544
0.0,0.53120345,91.282585
0.0,0.17964077,93.60302
0.0,0.050407402,98.18873
0.0,0.21318832,96.63769
0.0,0.14637232,66.90593
0.0,0.52940845,110.92859
0.0,0.12836447,128.83829
0.0,0.33486524,85.17561
0.0,0.74123293,72.58562
0.0,0.29549035,71.21797
0.0,0.2013486,340.38696
0.0,0.4171666,67.52675
0.0,0.4765872,77.56181
0.0,0.45675695,97.1281
0.0,0.19415015,204.80421
0.0,0.4561009,85.003944
0.0,0.3931307,83.12474
0.0,0.3108519,84.6596
0.0,0.57401437,80.37835
0.0,0.2999825,100.23953
0.0,0.47673804,115.66772
0.0,0.40646783,78.36719
0.0,0.27983412,82.571884
0.0,0.3816822,279.1505
0.0,0.21888494,211.64116
0.0,0.48305592,267.53027
0.0,0.7685562,74.69261
0.0,0.27323613,65.5875
0.0,0.68713075,67.723755
0.0,0.48177952,76.887825
0.0,0.32869112,87.25183
0.0,0.032354385,224.03264
0.0,0.03706716,84.71913
0.0,0.34734437,77.06984
0.0,0.104473814,90.06696
0.0,0.3664906,65.496506
0.0,0.414471,68.39241
0.0,0.27153194,83.80874
0.0,0.3647949,101.01901
0.0,0.34160063,73.44464
0.0,0.32301825,106.92364
0.0,0.7526549,92.537346
0.0,0.48136145,66.94247
0.0,0.7875186,67.96947
0.0,0.5132524,81.768036
0.0,0.5365041,84.31947
0.0,0.6241644,86.5601
0.0,0.12991337,138.0712
0.0,0.35859555,84.45723
0.0,0.3164999,144.43367
0.0,0.32660854,347.7084
0.0,0.58820045,77.71988
0.0,0.59998,110.11882
0.0,0.14673541,73.496025
0.0,0.53641176,67.61637
0.0,0.41752037,90.23518
0.0,0.35481185,200.11891
0.0,0.41772774,69.42807
0.0,0.29959142,495.60355
0.0,0.097598754,72.002075
0.0,0.6030897,142.88821
0.0,0.35232064,275.5844
0.0,0.48200065,147.51773
0.0,0.70641685,503.07666
0.0,0.62852013,152.07484
0.0,0.49420652,68.592575
0.0,0.5057562,67.254814
0.0,0.52055943,76.82055
0.0,0.4629438,69.243454
0.0,0.48573947,117.56994
0.0,0.5673386,89.53333
0.0,0.17672102,78.80222
0.0,0.23714168,119.5209
0.0,0.3935116,74.62134
0.0,0.1729216,278.0148
0.0,0.15889515,73.08157
0.0,0.49586824,74.27437
0.0,0.055024855,113.93029
0.0,0.39781946,181.0266
0.0,0.58633095,121.46128
0.0,0.963888,65.65141
0.0,0.4624292,76.61672
0.0,0.58580714,130.12994
0.0,0.36064932,98.40307
0.0,0.2880634,87.60966
0.0,0.34388015,83.175964
0.0,0.45685208,224.65657
0.0,0.092877306,103.06475
0.0,0.080026075,115.93008
0.0,0.5450173,65.91305
0.0,0.028948195,218.25513
0.0,0.21996622,179.7444
0.0,0.07942648,100.59455
0.0,0.49319172,85.10639
0.0,0.1041669,4.0435683e+11
0.0,0.27627692,86.61612
0.0,0.09497298,90.57485
0.0,0.087490626,388.6892
0.0,0.35625917,75.27978
0.0,0.5501297,121.65019
0.0,0.4624043,116.42436
0.0,0.09601409,65.297615
0.0,0.03797938,97.61419
0.0,0.35992968,77.73496
0.0,0.6267958,91.57315
0.0,0.31398165,125.91809
0.0,0.4183584,96.331795
0.0,0.20981146,322.21414
0.0,0.60662526,70.157196
0.0,0.79130346,212.98001
0.0,0.91872007,106.13966
0.0,0.04898655,100.904
0.0,0.24281968,148.31326
0.0,0.2105401,494.286
0.0,0.3144177,90.64663
0.0,0.09032248,165.55748
0.0,0.5521149,73.2237
0.0,0.20886424,67.20659
0.0,0.55061835,73.807945
0.0,0.18865623,653.9113
0.0,0.02865425,156.63423
0.0,0.036723923,180.73328
0.0,0.6901149,378.98132
0.0,0.4460819,126.50863
0.0,0.46154216,82.309654
0.0,0.24439819,69.386536
0.0,0.21650079,89.44812
0.0,0.55591017,65.091064
0.0,0.31981635,100.09095
0.0,0.46471316,168.60985
0.0,0.6238743,84.65751
0.0,0.20854211,133.41914
0.0,0.061471965,114.10279
0.0,0.17568825,106.587875
0.0,0.15081702,103.87612
0.0,0.12245885,104.8105
0.0,0.46863648,143.35524
0.0,0.4747374,87.20086
0.0,0.3796794,95.57164
0.0,0.2551474,115.519035
0.0,0.16497898,163.91328
0.0,0.2901168,343.27988
0.0,0.07729257,423.4403
0.0,0.5322254,181.90726
0.0,0.55111456,84.91542
0.0,0.23895448,100.66836
0.0,0.6332253,128.17346
0.0,0.37111875,79.26582
0.0,0.0916499,84.28979
0.0,0.061964314,88.3534
0.0,0.11910899,118.48782
0.0,0.208579,102.91345
0.0,0.7944545,112.23461
0.0,0.30226424,114.45035
0.0,0.19607055,71.97925
0.0,0.23814197,169.30904
0.0,0.5476129,85.52494
0.0,0.4847893,86.06175
0.0,0.06974026,94.672264
0.0,0.18361074,84.66011
0.0,0.77177,92.9411
0.0,0.39854133,100.85222
0.0,0.15005438,194.7166
0.0,0.20405993,236.14148
0.0,0.29258922,71.03997
0.0,0.12575842,90.903625
0.0,0.13821816,81.14218
0.0,0.16634096,82.5156
0.0,0.3054804,67.98671
0.0,0.30298582,109.30428
0.0,0.32478216,146.29912
0.0,0.59899294,106.79458
0.0,0.6036922,77.19049
0.0,0.5890547,71.49744
0.0,0.20033014,96.20892
0.0,0.664072,102.28341
0.0,0.47350916,66.10714
0.0,0.56919366,121.49742
0.0,0.82276845,80.513374
0.0,0.073879324,200.15111
0.0,0.18603595,67.42137
0.0,0.57940656,68.11906
0.0,0.11618594,238.7987
0.0,0.50262713,117.13842
0.0,0.5141808,112.66531
0.0,0.42377245,71.6103
0.0,0.4885032,66.039635
0.0,0.04457777,300.34314
0.0,0.23560591,97.96517
0.0,0.34440693,70.990944
0.0,0.14025308,101.938774
0.0,0.11448704,78.237175
0.0,0.3794753,105.17328
0.0,0.17026547,84.317856
0.0,0.17489523,93.498024
0.0,0.27434248,144.09131
0.0,0.5629144,211.92404
0.0,0.587193,88.378456
0.0,0.4832321,264.76328
0.0,0.5639581,667.00836
0.0,0.5025429,124.3091
0.0,0.17163877,174.586
0.0,0.93613577,465.41052
0.0,0.42256963,102.58775
0.0,0.49049637,94.755356
0.0,0.48201427,68.54306
0.0,0.5209776,97.83022
0.0,0.18483967,88.1003
0.0,0.07482206,128.39748
0.0,0.5730102,76.9515
0.0,0.51834124,93.349106
0.0,0.30793518,100.49139
0.0,0.2296255,72.55203
0.0,0.3751128,516.95734
0.0,0.13778052,985.6667
0.0,0.36227047,67.889084
0.0,0.33355153,455.33362
0.0,0.29779822,180.28299
0.0,0.29779822,180.28299
0.0,0.13132069,209.61545
0.0,0.30530158,73.536385
0.0,0.47892302,85.28187
0.0,0.5549918,67.698906
0.0,0.46154216,693.2665
0.0,0.079780295,114.57954
0.0,0.5468855,73.74871
0.0,0.46154216,67.297485
0.0,0.7775773,152.42673
0.0,0.39500317,117.11347
0.0,0.2530885,84.6257
0.0,0.25726974,136.06693
0.0,0.21170416,80.87091
0.0,0.50324607,109.76893
0.0,0.08473448,129.67903
0.0,0.21500579,341.66357
0.0,0.23106475,120.84234
0.0,0.8924334,65.62103
0.0,0.26084065,374.5164
0.0,0.23695964,97.806595
0.0,0.26588434,76.089584
0.0,0.19674516,92.572945
0.0,0.37497905,525.1876
0.0,0.15213649,239.83134
0.0,0.09926694,98.3881
0.0,0.28002346,84.85598
0.0,0.6009094,67.66925
0.0,0.08181866,76.93805
0.0,0.6467265,185.47302
0.0,0.3987523,67.06665
0.0,0.49264747,76.77931
0.0,0.32629734,166.58131
0.0,0.18513128,79.55123
0.0,0.071538605,65.671844
0.0,0.3649496,437.9838
0.0,0.5485708,82.08336
0.0,0.3129388,158.2069
0.0,0.9277271,225.72246
0.0,0.36404267,65.78515
0.0,0.08761758,82.845795
0.0,0.6017855,71.77426
0.0,0.9978369,79.602
0.0,0.73007053,66.742004
0.0,0.56542265,307.98083
0.0,0.4582242,144.85564
0.0,0.46539494,128.6229
0.0,0.18203369,119.94572
0.0,0.50818783,134.57973
0.0,0.40872157,583.12744
0.0,0.36106125,73.95382
0.0,0.11810092,147.88991
0.0,0.36355567,69.584854
0.0,0.5861631,92.982185
0.0,0.31339902,85.22674
0.0,0.52769166,142.40848
0.0,0.08177533,129.69917
0.0,0.30055666,142.27751
0.0,0.4554783,145.27629
0.0,0.4446682,70.95331
0.0,0.51699126,257.30066
0.0,0.1706814,69.61628
0.0,0.25334603,100.14613
0.0,0.4663734,96.598335
0.0,0.5439887,96.86101
0.0,0.6419507,83.57158
0.0,0.06893446,303.79684
0.0,0.35292876,906.34045
0.0,0.092690505,68.60444
0.0,0.3211288,108.08515
0.0,0.45313698,174.37622
0.0,0.27363205,70.97902
0.0,0.25757456,81.90781
0.0,0.4106321,80.25857
0.0,0.14134055,78.14021
0.0,0.04772157,359.78824
0.0,0.42368385,74.88069
0.0,0.23120767,88.15548
0.0,0.4402303,83.544876
0.0,0.16212697,201.56682
0.0,0.59383875,94.516
0.0,0.46128044,82.867645
0.0,0.527488,97.970604
0.0,0.31970766,78.24871
0.0,0.27569336,83.37592
0.0,0.25302735,123.024284
0.0,0.30978873,92.40777
0.0,0.046846032,72.67717
0.0,0.5477098,77.393425
0.0,0.2805469,123.421646
0.0,0.17852844,71.486336
0.0,0.32010373,70.55641
0.0,0.27850845,71.35322
0.0,0.26798803,78.027306
0.0,0.5904312,167.15038
0.0,0.087595634,67.685265
0.0,0.24586532,107.643585
0.0,0.54806644,110.62148
0.0,0.19341524,72.22521
0.0,0.36605752,85.59763
0.0,0.23026587,153.21483
0.0,0.49180552,138.63803
0.0,0.29824328,69.66493
0.0,0.5054991,198.24994
0.0,0.30070212,96.71725
0.0,0.19200125,207.38255
0.0,0.026560744,163.79678
0.0,0.32708818,294.28207
0.0,0.33898598,65.01878
0.0,0.29379138,104.816376
0.0,0.31012538,69.58826
0.0,0.40272266,115.285255
0.0,0.12890795,82.86367
0.0,0.5087625,65.87098
0.0,0.20396845,153.9825
0.0,0.16568233,82.971664
0.0,0.41827455,90.83907
0.0,0.5333914,69.009315
0.0,0.5543614,148.42583
0.0,0.53556013,71.3982
0.0,0.79569256,498.23358
0.0,0.15132165,187.69348
0.0,0.06572118,127.44984
0.0,0.02976397,97.06901
0.0,0.39756662,127.422905
0.0,0.25479963,106.72835
0.0,0.4646657,69.19702
0.0,0.1799964,113.578575
0.0,0.37505797,68.11842
0.0,0.46729028,76.45049
0.0,0.28294533,74.76913
0.0,0.4135226,79.570366
0.0,0.093906805,80.6182
0.0,0.33136764,224.48767
0.0,0.55886203,71.40271
0.0,0.21178913,162.92732
0.0,0.12083664,105.81096
0.0,0.22441342,159.76141
0.0,0.04775339,68.18125
0.0,0.018802157,128.32257
0.0,0.089684024,92.50101
0.0,0.48914877,129.9651
0.0,0.16017146,74.86203
0.0,0.37522164,86.50979
0.0,0.2047876,104.403465
0.0,0.8590989,71.836464
0.0,0.035583533,255.00363
0.0,0.42084107,123.62094
0.0,0.18649542,66.21621
0.0,0.146689,85.517975
0.0,0.5074782,79.71338
0.0,0.24324405,70.34377
0.0,0.19015478,92.05231
0.0,0.50332355,185.34222
0.0,0.51501596,82.09621
0.0,0.24582912,828.8553
0.0,0.116592355,96.00226
0.0,0.088485934,117.813065
0.0,0.19970977,74.90384
0.0,0.61345506,65.05945
0.0,0.47033942,72.877815
0.0,0.45283642,81.21491
0.0,0.36924982,105.99549
0.0,0.52864194,73.84087
0.0,0.17779167,209.05074
0.0,0.28164256,127.985794
0.0,0.41309384,93.88236
0.0,0.49544248,320.40875
0.0,0.43536168,157.37073
0.0,0.5175497,81.22256
0.0,0.33838508,83.55914
0.0,0.094691105,79.69029
0.0,0.23410015,269.13623
0.0,0.20849979,218.20206
0.0,0.8300806,73.08659
0.0,0.10055098,100.41369
0.0,0.29048327,71.614975
0.0,0.45072177,199.4847
0.0,0.4952183,71.50124
0.0,0.6607716,75.55467
0.0,0.25208455,93.077484
0.0,0.50733674,106.39869
0.0,0.256798,83.67974
0.0,0.092537366,366.1431
0.0,0.2112882,88.119316
0.0,0.5505041,114.08087
0.0,0.08038987,73.8246
0.0,0.5636341,502.79337
0.0,0.17167844,109.95155
0.0,0.2122906,68.424706
0.0,0.5149432,65.57667
0.0,0.5154615,130.69109
0.0,0.7613752,88.09975
0.0,0.07110333,86.55019
0.0,0.07563204,294.18353
0.0,0.47549793,134.79779
0.0,0.45600402,90.58194
0.0,0.36519063,76.18585
0.0,0.35479212,111.46492
0.0,0.15108179,71.0881
0.0,0.2176682,100.49067
0.0,0.16087025,81.9643
0.0,0.4876999,67.86386
0.0,3.9187206e-10,101.81193
0.0,0.3589597,70.97676
0.0,0.71796185,102.630005
0.0,0.45274746,356.33496
0.0,0.28646427,134.64166
0.0,0.4713593,73.54839
0.0,0.24811026,90.8287
0.0,0.27587426,96.281044
0.0,0.17114767,77.58153
0.0,0.23412144,82.313095
0.0,0.20637847,88.296814
0.0,0.2506791,76.28862
0.0,0.30963314,66.45042
0.0,0.11341786,99.49121
0.0,0.678661,147.80736
0.0,0.51277524,91.05316
0.0,0.47599855,76.46928
0.0,0.9965842,71.00359
0.0,0.42629868,71.43404
0.0,0.1017113,76.64138
0.0,0.13269043,66.93232
0.0,0.13269046,66.93232
0.0,0.49172914,76.61938
0.0,0.40610272,134.3742
0.0,0.06832532,299.89435
0.0,0.09812261,65.83837
0.0,0.37837246,86.601715
0.0,0.4081552,343.57455
0.0,0.43011144,73.23033
0.0,0.46902573,78.96844
0.0,0.14074947,207.43687
0.0,0.6212591,88.04743
0.0,0.52003014,128.75826
0.0,0.7950139,84.24239
0.0,0.45586994,97.96679
0.0,0.18552977,101.15125
0.0,0.45029777,72.83326
0.0,0.13760656,68.442474
0.0,0.2154764,68.39042
0.0,0.22229572,108.50077
0.0,0.14200306,573.85626
0.0,0.44431987,66.65566
0.0,0.38331726,71.62968
0.0,0.40567034,120.029434
0.0,0.5331945,122.54254
0.0,0.32343242,67.79464
0.0,0.54091156,85.990395
0.0,0.6647534,70.82384
0.0,0.2949473,80.63438
0.0,0.58677596,130.26689
0.0,0.12084175,98.04082
0.0,0.41338706,284.46924
0.0,0.17086513,125.998436
0.0,0.25982615,70.55504
0.0,0.22458136,99.81237
0.0,0.2440533,79.33622
0.0,0.35113096,193.83543
0.0,0.20130056,79.202385
0.0,0.8080865,66.02318
0.0,0.27336702,927.31537
0.0,0.45504352,204.0262
0.0,0.49922538,65.42639
0.0,0.49780527,89.08018
0.0,0.48897794,86.294655
0.0,0.23591556,96.07734
0.0,0.49811825,75.16952
0.0,0.3062768,104.28203
0.0,0.032167993,76.796265
0.0,0.64659727,79.231346
0.0,0.4481336,67.36787
0.0,0.39347494,82.17777
0.0,0.13108017,67.55623
0.0,0.45515808,112.49387
0.0,0.2503002,118.98811
0.0,0.4340348,720.5152
0.0,0.11392045,167.25887
0.0,0.09069077,94.52753
0.0,0.015952285,221.85579
0.0,0.12491884,88.307014
0.0,0.07647329,435.82993
0.0,0.6456947,66.623764
0.0,0.7139377,70.63393
0.0,0.49663252,69.06243
0.0,0.13442905,72.538414
0.0,0.4900694,89.122955
0.0,0.041752346,287.36768
0.0,0.17622684,286.9504
0.0,0.62504315,66.00594
0.0,0.4854286,66.08437
0.0,0.12242932,188.29454
0.0,0.5214395,77.882034
0.0,0.35602033,82.03998
0.0,0.4584424,77.29394
0.0,0.17263326,71.12057
0.0,0.59021395,95.23804
0.0,0.56155604,77.940994
0.0,0.7934804,120.88812
0.0,0.15250322,140.86636
0.0,0.22954278,413.52594
0.0,0.3218516,160.81726
0.0,0.41001946,72.29225
0.0,0.9296342,126.763565
0.0,0.38669798,131.82722
0.0,0.23913418,244.65742
0.0,0.22033821,157.69997
0.0,0.6542139,185.45683
0.0,0.34334308,113.92554
0.0,0.5916852,86.40506
0.0,0.2764304,428.34833
0.0,0.25466806,88.155045
0.0,0.35751125,93.879265
0.0,0.5922806,68.47758
0.0,0.55346537,70.77513
0.0,0.08252487,97.06389
0.0,0.5336851,74.90567
0.0,0.117499754,399.97284
0.0,0.34416145,100.96695
0.0,0.37713802,126.54635
0.0,0.3394911,299.33347
0.0,0.13363715,82.583855
0.0,0.019363267,92.58189
0.0,0.09197462,406.8802
0.0,0.11552498,96.3979
0.0,0.020259801,349.8431
0.0,0.7481798,465.8062
0.0,0.14185975,158.38062
0.0,0.47837695,104.36072
0.0,0.90767294,116.38998
0.0,0.49204698,68.483536
0.0,0.1638564,117.236145
0.0,0.560437,83.83723
0.0,0.32319608,370.38477
0.0,0.21755995,97.213234
0.0,0.07289818,94.05575
0.0,0.2973242,147.7797
0.0,0.19299954,133.7736
0.0,0.33704332,79.66162
0.0,0.51661366,126.500786
0.0,0.3857001,77.33596
0.0,0.18065272,204.28409
0.0,0.57152456,73.137566
0.0,0.20799945,75.68864
0.0,0.35100117,66.45544
0.0,0.6782347,322.59592
0.0,0.3821064,290.09128
0.0,0.2233415,70.30922
0.0,0.32642546,113.66653
0.0,0.55219245,126.21755
0.0,0.22300823,248.69106
0.0,0.32097352,79.8048
0.0,0.24807885,83.786156
0.0,0.50189006,153.9634
0.0,0.18766673,401.55893
0.0,0.47033003,67.8016
0.0,0.3170449,104.22388
0.0,0.17726009,74.387505
0.0,0.462758,81.200066
0.0,0.031891067,76.13685
0.0,0.20887677,169.1654
0.0,0.15938468,68.76799
0.0,0.21311334,76.469734
0.0,0.44038257,199.68346
0.0,0.85671246,94.08611
0.0,0.40369844,107.32836
0.0,0.29626632,104.76368
0.0,0.10303452,747.8091
0.0,0.29952276,69.17191
0.0,0.7586707,75.488625
0.0,0.5439691,194.81305
0.0,0.9473606,81.195786
0.0,0.41926503,65.94258
0.0,0.32584745,785.002
0.0,0.449444,163.16927
0.0,0.34267768,290.46304
0.0,0.39058816,74.12734
0.0,0.4643085,136.46826
0.0,0.21228914,84.94391
0.0,0.41428375,614.63275
0.0,0.3210063,914.3656
0.0,0.28871265,152.3772
0.0,0.41407704,78.24839
0.0,0.60772353,278.38608
0.0,0.31247202,78.28197
0.0,0.08300155,73.83589
0.0,0.15483935,108.8416
0.0,0.44903144,175.46536
0.0,0.67152,226.9127
0.0,0.50508827,108.07797
0.0,0.4761734,70.40957
0.0,0.1362964,382.46277
0.0,0.020380264,249.5558
0.0,0.48544303,80.09299
0.0,0.56916946,65.04967
0.0,0.54259235,261.30466
0.0,0.099028245,90.36919
0.0,0.45167318,69.69703
0.0,0.33097795,78.841644
0.0,0.24408643,200.8367
0.0,0.50105035,203.8839
0.0,0.31324804,167.66751
0.0,0.01447486,401.8319
0.0,0.34063894,193.32362
0.0,0.5095749,85.36801
0.0,0.6092909,101.754486
0.0,0.32276627,125.02127
0.0,0.30453008,227.2438
0.0,0.27462575,70.23754
0.0,0.25652733,100.2687
0.0,0.4821796,134.70036
0.0,0.4835835,107.644
0.0,0.29258776,141.05588
0.0,0.46795103,81.931915
0.0,0.0963124,69.22276
0.0,0.2724592,80.63413
0.0,0.3324347,70.27715
0.0,0.20775293,80.65587
0.0,0.54285914,91.88405
0.0,0.100004025,535.0055
0.0,0.48521453,89.3224
0.0,0.3326569,88.761925
0.0,0.44887277,98.07102
0.0,0.81741726,155.24602
0.0,0.16451438,131.95786
0.0,0.8692287,79.18588
0.0,0.46572158,104.81712
0.0,0.5392847,194.36513
0.0,0.4624088,128.68765
0.0,0.7095403,101.693504
0.0,0.58119386,176.74615
0.0,0.25868574,71.2545
0.0,0.41544133,66.07202
0.0,0.052844334,340.27988
0.0,0.28264213,74.91757
0.0,0.24912566,252.85573
0.0,0.20263286,164.04768
0.0,0.7676745,67.85902
0.0,0.24600676,73.96316
0.0,0.22308704,127.87392
0.0,0.06342097,534.0149
0.0,0.17563829,83.56082
0.0,0.549967,443.0373
0.0,0.12835307,90.57669
0.0,0.36870116,105.18263
0.0,0.27663302,485.2303
0.0,0.35157743,71.32494
0.0,0.051418,90.63798
0.0,0.5513755,72.92171
0.0,0.2842918,103.854515
0.0,0.09225786,254.39706
0.0,0.34484798,100.011696
0.0,0.25437543,880.30566
0.0,0.5389368,100.046234
0.0,0.44898164,71.87441
0.0,0.12407837,67.891655
0.0,0.19452256,71.05169
0.0,0.27336174,94.5501
0.0,0.03608166,196.61075
0.0,0.42008215,107.79959
0.0,0.490802,65.10479
0.0,0.63098675,83.04162
0.0,0.27697262,88.965645
0.0,0.6050646,85.127
0.0,0.36747998,75.61538
0.0,0.21498376,71.192566
0.0,0.111833185,90.5929
0.0,0.1393667,69.832535
0.0,0.041263677,173.47707
0.0,0.13282844,108.54593
0.0,0.5828968,666.16046
0.0,0.3623488,94.00415
0.0,0.09437679,101.43168
0.0,0.38944298,136.24452
0.0,0.3393621,125.607956
0.0,0.2336302,103.54181
0.0,0.322688,497.0542
0.0,0.05322329,127.783455
0.0,0.083614156,88.33691
0.0,0.4202152,66.35615
0.0,0.13869157,69.36003
0.0,0.31053886,153.93365
0.0,0.48825288,79.11015
0.0,0.45756146,168.19115
0.0,0.42473307,365.61423
0.0,0.71238434,70.97834
0.0,0.077603936,90.92167
0.0,0.5194099,68.36395
0.0,0.38016373,88.30689
0.0,0.16935006,299.61737
0.0,0.22651657,249.89703
0.0,0.16310683,81.33246
0.0,0.18602291,85.9465
0.0,0.28756037,65.45945
0.0,0.45894307,110.93705
0.0,0.35747826,68.2582
0.0,0.33301467,68.93014
0.0,0.42857754,169.74841
0.0,0.3758386,93.15693
0.0,0.6218238,70.10149
0.0,0.5361977,147.01332
0.0,0.12390248,155.3172
0.0,0.18905427,380.86786
0.0,0.23573144,126.515366
0.0,0.6783013,70.49234
0.0,0.14588583,271.75757
0.0,0.15037157,67.965324
0.0,0.16320273,71.830315
0.0,0.10023557,229.05313
0.0,0.42259693,75.0714
0.0,0.07682965,74.492676
0.0,0.47008824,120.78424
0.0,0.6501277,82.67598
0.0,0.36440358,93.874886
0.0,0.5781164,67.34572
0.0,0.28708628,130.31783
0.0,0.20476852,81.19931
0.0,0.6959487,90.01857
0.0,0.46154216,65.04138
0.0,0.4438679,127.15701
0.0,0.54033256,145.46455
0.0,0.23123209,76.76655
0.0,0.41959044,171.82033
0.0,0.07371176,81.33895
0.0,0.12206916,286.4859
0.0,0.28573737,68.4788
0.0,0.7016599,657.1606
0.0,0.24397634,67.66543
0.0,0.100701615,180.89279
0.0,0.68561673,75.006874
0.0,0.47319308,240.88895
0.0,0.16813599,87.76158
0.0,0.12757407,76.42173
0.0,0.5775069,173.99153
0.0,0.336215,105.49908
0.0,0.138891,67.13446
0.0,0.45290938,148.04579
0.0,0.22767572,135.64561
0.0,0.30764705,77.56449
0.0,0.16297056,209.96072
0.0,0.44392982,134.16884
0.0,0.07628083,160.73766
0.0,0.10899115,131.67953
0.0,0.51404995,66.27031
0.0,0.28871423,77.942726
0.0,0.42746946,87.24304
0.0,0.5134677,83.39144
0.0,0.7575324,77.40488
0.0,0.5273711,96.7009
0.0,0.36845252,104.88867
0.0,0.305333,93.83153
0.0,0.32671437,112.246994
0.0,0.5400205,111.12088
0.0,0.62927884,159.6831
0.0,0.87297535,83.931816
0.0,0.28907326,694.8168
0.0,0.05799356,214.0348
0.0,0.30840653,290.62207
0.0,0.26549214,84.79537
0.0,0.5094642,137.12794
0.0,0.5063605,73.41469
0.0,0.1253909,79.11098
0.0,0.3151944,96.36552
0.0,0.22958414,72.15436
0.0,0.5951071,93.16677
0.0,0.31333813,469.94745
0.0,0.3486385,70.987595
0.0,0.78688604,79.76827
0.0,0.135672,76.87953
0.0,0.71721286,152.6799
0.0,0.48396438,69.42376
0.0,0.48748282,177.11954
0.0,0.26622164,84.98395
0.0,0.13046432,90.28162
0.0,0.4576135,113.53812
0.0,0.4737253,123.31741
0.0,0.5942726,322.9175
0.0,0.09048293,246.02193
0.0,0.28158438,219.86612
0.0,0.6601229,65.21038
0.0,0.36048988,109.07613
0.0,0.35879424,78.89501
0.0,0.33657327,330.86072
0.0,0.33924845,93.99427
0.0,0.2555696,145.02647
0.0,0.5405573,65.61725
0.0,0.24356447,79.93529
0.0,0.21364477,108.930305
0.0,0.14924838,73.93433
0.0,0.58406705,169.25858
0.0,0.4227909,72.63784
0.0,0.42453045,90.79104
0.0,0.28042927,92.95312
0.0,0.5715718,71.8133
0.0,0.08602634,73.289734
0.0,0.31198242,271.5224
0.0,0.33364293,229.66672
0.0,0.33307898,71.859024
0.0,0.46749318,67.484726
0.0,0.55818063,158.74002
0.0,0.20894694,142.6945
0.0,0.54407257,81.357796
0.0,0.57502323,70.15644
0.0,0.15791926,83.58268
0.0,0.10100264,306.00833
0.0,0.56493235,84.65114
0.0,0.23061262,78.30896
0.0,0.35489407,69.9653
0.0,0.33730686,165.59157
0.0,0.2673015,157.71521
0.0,0.5266642,72.201706
0.0,0.6993056,109.94859
0.0,0.17748307,65.50337
0.0,0.47624078,85.96821
0.0,0.10665026,219.96681
0.0,0.43005913,144.66594
0.0,0.6282579,85.777
0.0,0.2961022,352.72693
0.0,0.0009811705,70.10356
0.0,0.5242983,368.09076
0.0,0.82735854,714.1384
0.0,0.2785516,101.0696
0.0,0.38873878,70.70449
0.0,0.49580523,111.69733
0.0,0.29984376,67.334816
0.0,0.057453576,123.561844
0.0,0.55222404,241.12048
0.0,0.14702037,109.806114
0.0,0.38772038,72.904015
0.0,0.24974932,92.29762
0.0,0.14195193,114.812325
0.0,0.43372744,74.05683
0.0,0.5310465,83.61079
0.0,0.44554964,894.4984
0.0,0.5481434,68.55683
0.0,0.3256032,66.56532
0.0,0.078473024,98.54827
0.0,0.2260414,79.55219
0.0,0.37925875,103.38924
0.0,0.23744038,77.71028
0.0,0.1916939,67.420166
0.0,0.1404673,95.23644
0.0,0.44031262,67.676796
0.0,0.51330787,169.51682
0.0,0.32889414,152.41467
0.0,0.034077864,874.5562
0.0,0.52453125,88.19188
0.0,0.25465453,91.10321
0.0,0.26813847,241.81882
0.0,0.3353843,174.35077
0.0,0.29366103,79.02781
0.0,0.38691247,103.51685
0.0,0.08349336,246.9468
0.0,0.4005766,194.36427
0.0,0.29906082,81.644485
0.0,0.5656511,74.95102
0.0,0.20224422,283.15952
0.0,0.5334217,140.22234
0.0,0.03290226,144.19156
0.0,0.35154295,78.97073
0.0,0.2771911,109.87751
0.0,0.1351804,206.26485
0.0,0.20601037,68.29437
0.0,0.19830647,66.75505
0.0,0.32787278,66.29547
0.0,0.20971166,69.58268
0.0,0.07732655,130.27147
0.0,0.24893229,140.33154
0.0,0.65121865,134.45789
0.0,0.17586528,206.50697
0.0,0.12684506,99.14382
0.0,0.27189714,85.673325
0.0,0.29066968,77.60717
0.0,0.5744641,85.82054
0.0,0.29425794,72.26881
0.0,0.44744924,67.077324
0.0,0.29723796,67.32474
0.0,0.021686248,156.58823
0.0,0.3745442,75.8462
0.0,0.2633481,66.65731
0.0,0.21411954,85.7684
0.0,0.045555353,234.57524
0.0,0.21976276,69.781235
0.0,0.077477634,130.9894
0.0,0.5097119,150.19064
0.0,0.67192125,71.875656
0.0,0.64164823,80.08705
0.0,0.15105534,462.54956
0.0,0.44043377,101.80695
0.0,0.0021058654,401.02182
0.0,0.54098207,76.127525
0.0,0.71498317,75.987526
0.0,0.35648584,80.33798
0.0,0.08832637,84.31367
0.0,0.100294866,71.36525
0.0,0.4456119,464.97125
0.0,0.4985322,74.12705
0.0,0.45916966,102.17128
0.0,0.16206118,148.20624
0.0,0.18727183,262.35855
0.0,0.17148909,191.7901
0.0,0.28368002,89.53562
0.0,0.24718726,109.933624
0.0,0.34984446,80.076324
0.0,0.089674406,146.62717
0.0,0.5827053,72.57606
0.0,0.23420598,161.76399
0.0,0.9594541,98.232185
0.0,0.49115828,98.580414
0.0,0.58118135,94.15173
0.0,0.43821326,119.41589
0.0,0.10665181,74.90653
0.0,0.14271757,68.317245
0.0,0.55344814,174.6273
0.0,0.07414183,97.25228
0.0,0.17255563,82.43216
0.0,0.29301775,106.21859
0.0,0.55469424,72.502464
0.0,0.4908016,76.99752
0.0,0.6177413,67.934105
0.0,0.35570306,72.14287
0.0,0.15283875,209.19447
0.0,0.69010687,80.74627
0.0,0.14370021,99.55022
0.0,0.33943737,78.91931
0.0,0.3741908,120.92888
0.0,0.7408538,73.025024
0.0,0.9712612,488.31247
0.0,0.5943145,77.136246
0.0,0.5780573,72.66615
0.0,0.3671794,137.24165
0.0,0.4327439,132.58131
0.0,0.40051618,70.64036
0.0,0.5794954,83.38581
0.0,0.08709821,77.823395
0.0,0.331384,70.366486
0.0,0.21242295,125.453384
0.0,0.43325868,112.70064
0.0,0.2023485,99.56369
0.0,0.5809016,67.47995
0.0,0.57085234,99.58654
0.0,0.40183702,101.376785
0.0,0.45448014,72.89441
0.0,0.06397899,110.04751
0.0,0.112162374,387.7834
0.0,0.1689548,83.825325
0.0,0.53111124,83.017006
0.0,0.6840417,104.17691
0.0,0.08619689,109.28736
0.0,0.5154171,108.18714
0.0,0.15303306,81.63966
0.0,0.6458239,68.77124
0.0,0.3922624,187.82738
0.0,0.4047681,108.05543
0.0,0.30161485,492.15778
0.0,0.45613247,67.80085
0.0,0.6295507,71.55145
0.0,0.37153712,69.826096
0.0,0.489012,111.93691
0.0,0.21653081,161.47643
0.0,0.49557126,85.19095
0.0,0.6081114,83.89441
0.0,0.4590558,98.63744
0.0,0.14134149,90.77461
0.0,0.105258234,68.05951
0.0,0.14096837,106.31071
0.0,0.18871614,69.555565
0.0,0.9068641,199.30824
0.0,0.8152566,86.110664
0.0,0.0006944623,168.58449
0.0,0.4417799,83.91329
0.0,0.3942461,117.268326
0.0,0.5819383,76.11468
0.0,0.3622454,136.18889
0.0,0.3606309,289.9674
0.0,0.2315951,152.01291
0.0,0.20711587,84.47923
0.0,0.48661613,79.27501
0.0,0.52358925,205.4585
0.0,0.3361178,77.441574
0.0,0.65751,184.56477
0.0,0.44326937,74.324356
0.0,0.4581358,71.65658
0.0,0.26539817,465.22046
0.0,0.43131697,691.73364
0.0,0.4409232,280.80252
0.0,0.639108,66.91722
0.0,0.24560985,504.5439
0.0,0.021503124,296.46222
0.0,0.47208458,84.91696
0.0,0.30002305,120.90093
0.0,0.20383626,515.2432
0.0,0.26793376,88.020515
0.0,0.48354772,84.815605
0.0,0.26366696,65.822395
0.0,0.35812163,77.776886
0.0,0.5364968,81.90169
0.0,0.103258505,331.26273
0.0,0.54220515,300.36407
0.0,0.46836022,68.8632
0.0,0.4981749,72.156494
0.0,0.6021333,110.878845
0.0,0.27267987,776.51715
0.0,0.23568992,72.14853
0.0,0.93121123,209.26213
0.0,0.12546203,101.47267
0.0,0.54134595,286.0201
0.0,0.20439112,70.59758
0.0,0.12746708,78.89696
0.0,0.74455774,65.12799
0.0,0.10288441,97.90636
0.0,0.28750646,78.344604
0.0,0.46253762,67.69075
0.0,0.09532393,132.3635
0.0,0.05783798,155.25992
0.0,0.68327457,74.23316
0.0,0.19033006,141.07323
0.0,0.53391284,245.03351
0.0,0.1485253,96.811646
0.0,0.52050865,257.47702
0.0,0.0698179,70.14838
0.0,0.42474878,72.269356
0.0,0.61744595,132.8638
0.0,0.66756773,100.849785
0.0,0.45253468,370.3372
0.0,0.049591586,175.2503
0.0,0.477328,74.8966
0.0,0.29752442,107.53762
0.0,0.18326639,82.548454
0.0,0.43854848,105.65047
0.0,0.17372178,139.0059
0.0,0.04689699,147.90193
0.0,0.44223273,96.300446
0.0,0.5844812,109.15766
0.0,0.36233264,270.36386
0.0,0.4770304,79.554115
0.0,0.21762708,67.61426
0.0,0.43224776,98.771255
0.0,0.3435219,74.979866
0.0,0.2612694,125.83164
0.0,0.32395777,77.552315
0.0,0.34301946,76.917274
0.0,0.662905,119.10157
0.0,0.5665967,109.16072
0.0,0.11871765,90.79141
0.0,0.10309593,108.84877
0.0,0.55929947,102.18194
0.0,0.23032516,66.88442
0.0,0.30072218,87.947044
0.0,0.5110443,79.1751
0.0,0.0834547,69.44522
0.0,0.51313895,73.23894
0.0,0.23508467,91.35031
0.0,0.33352375,71.0553
0.0,0.31683043,218.64993
0.0,0.17287208,110.56477
0.0,0.21511091,92.540474
0.0,0.14232461,974.3488
0.0,0.2864682,89.03556
0.0,0.27424455,93.27048
0.0,0.52720004,94.19521
0.0,0.71498084,129.72318
0.0,0.15212514,73.435104
0.0,0.44217247,210.5835
0.0,0.47791255,76.0955
0.0,0.08345361,121.861885
0.0,0.2742341,65.01328
0.0,0.26510438,66.98779
0.0,0.11853911,201.77718
0.0,0.51669616,80.00782
0.0,0.4345622,99.98383
0.0,0.027622247,335.39905
0.0,0.3669838,519.3117
0.0,0.5059287,134.3619
0.0,0.58369005,68.10649
0.0,0.0438674,329.33902
0.0,0.3865887,195.15376
0.0,0.08119223,181.45963
0.0,0.55261177,68.90279
0.0,0.4252082,172.94714
0.0,0.57830524,95.54169
0.0,0.28469723,208.50871
0.0,0.34269223,233.12854
0.0,0.62647724,77.82451
0.0,0.51668197,70.794235
0.0,0.12483034,67.19541
0.0,0.5364218,296.3958
0.0,0.46188453,83.93218
0.0,0.664195,66.98121
0.0,0.44555834,283.06345
0.0,0.37937123,74.83006
0.0,0.6304532,65.08528
0.0,0.3675155,126.196976
0.0,0.6768642,453.42166
0.0,0.0037984666,573.3565
0.0,0.5234804,94.133125
0.0,0.675674,624.9846
0.0,0.35092473,85.93975
0.0,0.18975073,252.61417
0.0,0.4794825,688.6993
0.0,0.45070717,100.14982
0.0,0.059888322,111.56312
0.0,0.7245354,72.80503
0.0,0.6963166,97.05454
0.0,0.09042793,110.74428
0.0,0.08800712,84.45094
0.0,0.02785102,89.21332
0.0,0.27224237,89.17853
0.0,0.12965283,125.2741
0.0,0.0065829298,526.7619
0.0,0.57083946,113.00496
0.0,0.06118911,182.39404
0.0,0.19359122,91.39375
0.0,0.48473895,180.90074
0.0,0.2991213,168.81427
0.0,0.3706859,122.0054
0.0,0.14096464,71.971664
0.0,0.38789076,101.51591
0.0,0.11476318,103.04269
0.0,0.39186507,78.49994
0.0,0.19356999,82.92175
0.0,0.25606248,152.25761
0.0,0.35745677,72.3339
0.0,0.14604986,121.11657
0.0,0.30347106,98.23407
0.0,0.5211322,83.87829
0.0,0.13496135,811.71185
0.0,0.12398033,153.87291
0.0,0.37854135,107.23177
0.0,0.113205045,212.33803
0.0,0.53264076,218.8148
0.0,0.41740042,77.11584
0.0,0.45180947,144.57726
0.0,0.5993664,79.888
0.0,0.06341936,182.2413
0.0,0.2735142,471.22958
0.0,0.5378359,87.61617
0.0,0.1726475,283.0535
0.0,0.20809983,371.90146
0.0,0.39749104,160.92952
0.0,0.48502836,645.1641
0.0,0.48502836,645.1641
0.0,0.6637654,68.68521
0.0,0.2635406,89.80514
0.0,0.6783824,90.24425
0.0,0.31321347,70.15575
0.0,0.18570676,65.47986
0.0,0.30445862,65.08206
0.0,0.5384333,140.75087
0.0,0.019305388,89.24692
0.0,0.5220986,127.48504
0.0,0.41224748,120.59938
0.0,0.10663475,508.1852
0.0,0.55760854,68.88116
0.0,0.22457665,80.7588
0.0,0.41921744,134.18939
0.0,0.2208669,96.85784
0.0,0.1452299,71.5038
0.0,0.2036357,195.46931
0.0,0.18702208,72.30281
0.0,0.4520548,70.578514
0.0,0.3437937,177.04185
0.0,0.3731795,82.803894
0.0,0.17130706,81.466515
0.0,0.4973636,65.87865
0.0,0.19362853,67.12507
0.0,0.46260566,72.976715
0.0,0.54575336,77.641136
0.0,0.18517105,93.25435
0.0,0.33523327,110.637634
0.0,0.5139974,236.34264
0.0,0.5644579,112.434296
0.0,0.33868334,231.96413
0.0,0.25908044,86.784515
0.0,0.43435824,123.55587
0.0,0.18105432,489.97144
0.0,0.2413358,107.608246
0.0,0.54118514,70.69409
0.0,0.58412755,108.12853
0.0,0.43077847,390.40625
0.0,0.52536505,162.23427
0.0,0.07183136,70.35579
0.0,0.43708652,72.47325
0.0,0.33295617,90.346466
0.0,0.66311437,74.42756
0.0,0.40421814,66.592735
0.0,0.31858322,70.532715
0.0,0.68889886,76.161674
0.0,0.044544883,171.33673
0.0,0.6104402,71.40142
0.0,0.64074373,83.35824
0.0,0.5527371,102.652596
0.0,0.5655367,616.76184
0.0,0.010236439,135.76704
0.0,0.43972534,105.11314
0.0,0.07987897,68.488815
0.0,0.5458114,101.71539
0.0,0.1475764,96.16061
0.0,0.23867676,120.02008
0.0,0.251776,69.90787
0.0,0.1491603,73.02643
0.0,0.41635156,130.8022
0.0,0.57067305,66.82703
0.0,0.3418647,303.75616
0.0,0.7289935,73.29066
0.0,0.45193422,67.97272
0.0,0.46154216,90.51811
0.0,0.69915295,65.20111
0.0,0.36324158,134.99751
0.0,0.47307408,66.84056
0.0,0.19547431,107.52156
0.0,0.6475149,231.62717
0.0,0.24464291,81.22057
0.0,0.71155435,81.226036
0.0,0.44744927,137.3156
0.0,0.46287107,72.22454
0.0,0.5505506,73.29428
0.0,0.481888,90.33255
0.0,0.54605615,83.84257
0.0,0.23240814,95.03839
0.0,0.01068468,149.76982
0.0,0.07252607,174.44525
0.0,0.98723465,107.81273
0.0,0.41887924,440.80386
0.0,0.2136318,156.57938
0.0,0.54782254,111.58278
0.0,0.5796142,84.08562
0.0,0.069335125,115.51174
0.0,0.46154216,66.40693
0.0,0.2909869,67.07589
0.0,0.5309461,71.73374
0.0,0.10158016,73.76989
0.0,0.22000904,80.633156
0.0,0.67031467,151.11644
0.0,0.60325235,65.932045
0.0,0.51735353,81.36595
0.0,0.45051873,161.13293
0.0,0.41729233,68.31548
0.0,0.7422687,87.88855
0.0,0.2307985,65.94912
0.0,0.43036687,71.995964
0.0,0.6352179,82.83488
0.0,0.37139603,68.27222
0.0,0.16480625,78.34278
0.0,0.5651364,262.0505
0.0,0.23933059,76.03142
0.0,0.77085143,115.849846
0.0,0.54711294,69.55634
0.0,0.82766455,556.7281
0.0,0.558226,181.27144
0.0,0.27464062,74.61855
0.0,0.5491435,80.18927
0.0,0.18479067,169.28961
0.0,0.51156723,74.46596
0.0,0.40054667,76.090485
0.0,0.8541053,106.14549
0.0,0.17479575,72.45742
0.0,0.3849398,201.11519
0.0,0.099066235,73.224144
0.0,0.10396261,225.99895
0.0,0.5384644,149.35977
0.0,0.13808309,89.068565
0.0,0.25022173,90.43236
0.0,0.3940618,65.031136
0.0,0.20789103,82.78128
0.0,0.55777144,85.462074
0.0,0.33685932,71.88311
0.0,0.4976658,79.96465
0.0,0.78202075,75.621765
0.0,0.18595558,94.94526
0.0,0.49724153,70.40797
0.0,0.1254512,103.43159
0.0,0.5310489,104.81292
0.0,0.24323109,84.13974
0.0,0.07679957,641.2619
0.0,0.36016995,92.08988
0.0,0.36350963,145.6258
0.0,0.32046154,95.61331
0.0,0.5886355,203.45923
0.0,0.1939045,75.48622
0.0,0.5872553,70.1286
0.0,0.25776055,82.97278
0.0,0.5498376,112.6514
0.0,0.5999061,67.20508
0.0,0.08896415,163.47339
0.0,0.5224182,80.17604
0.0,0.114452325,80.332886
0.0,0.5710579,81.71854
0.0,0.478953,73.558304
0.0,0.4851708,192.15117
0.0,0.05128143,156.05814
0.0,0.2928115,315.9789
0.0,0.42858857,76.42257
0.0,0.47696453,122.02837
0.0,0.046051953,142.39629
0.0,0.5628875,88.66771
0.0,0.98316526,100.2638
0.0,0.16990098,92.98321
0.0,0.2032746,85.46034
0.0,0.60491616,67.7729
0.0,0.4877625,443.6623
0.0,0.47576794,97.589325
0.0,0.4476689,94.56284
0.0,0.5190195,87.66226
0.0,0.4189303,118.423836
0.0,0.5543647,88.29904
0.0,0.45276108,90.109375
0.0,0.42989314,95.817505
0.0,0.42488483,84.28458
0.0,0.32139885,104.73539
0.0,0.25307643,455.4019
0.0,0.4345896,84.597855
0.0,0.48069465,82.46266
0.0,0.24710925,89.5397
0.0,0.22355229,187.81696
0.0,0.9969043,217.85663
0.0,0.24435632,148.58464
0.0,0.18431471,148.9313
0.0,0.46127608,91.47783
0.0,0.23615226,488.1755
0.0,0.18353862,138.13913
0.0,0.14181642,78.88992
0.0,0.8656582,217.98056
0.0,0.14861917,239.35034
0.0,0.060985543,279.51428
0.0,0.3425253,120.449715
0.0,0.49550903,137.93611
0.0,0.15876938,172.7657
0.0,0.5643732,87.22442
0.0,0.18462212,102.99614
0.0,0.27230716,80.14808
0.0,0.19842486,173.18504
0.0,0.3361778,88.792946
0.0,0.6044141,384.08206
0.0,0.51938653,99.99882
0.0,0.13549183,127.48308
0.0,0.49798092,70.37483
0.0,0.50723267,71.52712
0.0,0.3633861,287.96085
0.0,0.2398415,77.83677
0.0,0.46957678,231.882
0.0,0.47456938,430.2989
0.0,0.16213939,81.09916
0.0,0.42572093,362.34982
0.0,0.51186377,72.01391
0.0,0.43841088,65.51078
0.0,0.8320597,111.737686
0.0,0.62484676,72.23073
0.0,0.48088896,70.33957
0.0,0.09912235,88.087105
0.0,0.13360511,65.51956
0.0,0.124830626,133.40999
0.0,0.3681243,93.078125
0.0,0.5570203,69.04402
0.0,0.7752275,67.43891
0.0,0.24795915,72.24849
0.0,0.59186995,85.79621
0.0,0.16274266,66.25394
0.0,0.2513512,83.07641
0.0,0.28546482,96.50472
0.0,0.14588676,92.1046
0.0,0.07763045,119.35101
0.0,0.75133026,71.24548
0.0,0.51866883,139.65147
0.0,0.42714125,91.77486
0.0,0.41002557,168.2269
0.0,0.3083945,111.50917
0.0,0.28202695,217.51663
0.0,0.5132546,136.09435
0.0,0.42000926,98.26881
0.0,0.36063007,102.40826
0.0,0.256887,66.96165
0.0,0.40894955,81.88863
0.0,0.06042451,175.09605
0.0,0.022601927,452.8147
0.0,0.15352684,335.46606
0.0,0.2573062,129.07956
0.0,0.058975693,110.22805
0.0,0.46154216,108.868904
0.0,0.5651375,80.18912
0.0,0.106923394,132.81099
0.0,0.43188858,66.38429
0.0,0.5892498,96.936676
0.0,0.53118753,83.636246
0.0,0.6552366,86.546104
0.0,0.42660183,286.1957
0.0,0.12721309,576.1505
0.0,0.96970123,145.91827
0.0,0.6176112,93.01246
0.0,0.3323386,78.635284
0.0,0.12895459,207.62086
0.0,0.08307569,260.91132
0.0,0.30656806,117.260155
0.0,0.18876398,117.494896
0.0,0.42296323,245.5533
0.0,0.08118594,105.45785
0.0,0.2778851,106.42854
0.0,0.28713784,117.94437
0.0,0.53361505,89.179825
0.0,0.26873,73.33988
0.0,0.29572377,251.33215
0.0,0.22368717,72.5289
0.0,0.08945033,68.41043
0.0,0.36464548,85.84092
0.0,0.12474028,76.94031
0.0,0.12804922,219.92178
0.0,0.39338753,105.973785
0.0,0.86427265,72.25817
0.0,0.7289514,203.63646
0.0,0.26532722,146.48283
0.0,0.103457704,102.0646
0.0,0.31781125,229.77087
0.0,0.07051292,75.17895
0.0,0.43199417,66.78221
0.0,0.26855385,77.688545
0.0,0.41943637,94.41928
0.0,0.3946884,126.09878
0.0,0.39506963,96.59521
0.0,0.6931756,179.50005
0.0,0.14914131,110.84537
0.0,0.14914133,110.84537
0.0,0.32255402,159.82124
0.0,0.4400784,87.336395
0.0,0.32263798,143.16302
0.0,0.41886306,196.60405
0.0,0.1654996,69.80831
0.0,0.37564123,78.592514
0.0,0.68342704,171.323
0.0,0.36665413,88.09317
0.0,0.16765584,232.15343
0.0,0.40924296,287.3699
0.0,0.25994775,101.442924
0.0,0.22512718,66.71447
0.0,0.32978153,270.55392
0.0,0.42878985,133.54944
0.0,0.47292107,78.36394
0.0,0.22609136,65.004486
0.0,0.36036223,97.32898
0.0,0.19857539,66.82378
0.0,0.14556609,104.66055
0.0,0.42586353,73.08932
0.0,0.71761554,521.8664
0.0,0.18874733,228.95218
0.0,0.38798887,69.3193
0.0,0.41859323,99.54883
0.0,0.49581602,97.94324
0.0,0.20828995,87.137215
0.0,0.23811658,90.722206
0.0,0.2045991,107.17622
0.0,0.40724483,83.57004
0.0,0.34195057,152.96724
0.0,0.12894799,559.5083
0.0,0.29587573,103.19264
0.0,0.42066175,76.78359
0.0,0.99636734,715.5225
0.0,0.15708794,76.00271
0.0,0.48995295,73.76977
0.0,0.4878359,130.86526
0.0,0.53491867,77.23375
0.0,0.7175772,72.58056
0.0,0.42856956,105.42509
0.0,0.34093398,66.536934
0.0,0.2839557,86.59938
0.0,0.5938053,251.471
0.0,0.16043355,66.11745
0.0,0.7468688,168.24518
0.0,0.68919426,68.48878
0.0,0.5058399,91.49009
0.0,0.12381573,86.79309
0.0,0.04986594,323.8332
0.0,0.18988335,95.49295
0.0,0.6497173,93.62142
0.0,0.17027327,99.951645
0.0,0.5408841,70.91476
0.0,0.54575294,96.81571
0.0,0.10452134,66.9447
0.0,0.24044172,715.96063
0.0,0.30567414,99.8452
0.0,0.470649,77.886734
0.0,0.11089788,79.45152
0.0,0.44736508,189.45575
0.0,0.4131769,92.78042
0.0,0.19364458,82.72715
0.0,0.5730363,95.905655
0.0,0.017414737,389.43954
0.0,0.09514762,66.25781
0.0,0.2423993,149.73225
0.0,0.024549183,81.81707
0.0,0.24038297,113.3786
0.0,0.0767747,70.474
0.0,0.21714476,179.74973
0.0,0.48756486,160.22595
0.0,0.04707792,184.90298
0.0,0.105169915,689.8807
0.0,0.13441667,369.98196
0.0,0.4757863,90.606186
0.0,0.29504925,183.66772
0.0,0.08746889,132.7935
0.0,0.6297513,72.77017
0.0,0.017112132,87.2579
0.0,0.19083972,155.82306
0.0,0.07210356,75.84503
0.0,0.2917704,330.69693
0.0,0.44801262,71.226105
0.0,0.44317922,73.3043
0.0,0.6461214,72.38856
0.0,0.4529803,126.76196
0.0,0.14105177,97.51986
0.0,0.3125938,680.3591
0.0,0.27807346,116.50505
0.0,0.36237597,89.05385
0.0,0.035325557,65.3916
0.0,0.31278628,127.87083
0.0,0.16212805,123.32824
0.0,0.42780703,76.09991
0.0,0.5632352,101.462975
0.0,0.2805682,311.28015
0.0,0.7797986,161.19902
0.0,0.16095428,81.03937
0.0,0.18479063,85.53875
0.0,0.5455568,90.33808
0.0,0.09347472,108.503395
0.0,0.3039994,792.6152
0.0,0.22787486,269.56918
0.0,0.83407557,111.77854
0.0,0.21716253,83.51572
0.0,0.12969694,185.52078
0.0,0.35305375,190.30469
0.0,0.43025732,166.80324
0.0,0.2558016,75.25736
0.0,0.43395665,93.76981
0.0,0.0721226,267.22144
0.0,0.09612897,92.22522
0.0,0.18576701,70.09223
0.0,0.39732942,116.425896
0.0,0.30272737,179.48251
0.0,0.40751094,86.524345
0.0,0.2653103,97.47522
0.0,0.36496216,142.88162
0.0,0.17758124,67.1748
0.0,0.22808376,81.34659
0.0,0.6053813,111.223236
0.0,0.51651776,473.81924
0.0,0.49951744,86.95777
0.0,0.2384465,67.366554
0.0,0.098749585,116.37183
0.0,0.26847717,140.73859
0.0,0.13097227,176.68378
0.0,0.47315773,81.294624
0.0,0.7052699,82.373665
0.0,0.33763763,67.286514
0.0,0.5615962,72.94161
0.0,0.6915901,126.33429
0.0,0.33441308,69.6202
0.0,0.49891856,75.50106
0.0,0.36737427,76.936295
0.0,0.5949477,107.091354
0.0,0.6474401,66.52953
0.0,0.5086741,76.1004
0.0,0.15705064,563.455
0.0,0.016159315,168.46838
0.0,0.20746274,101.4309
0.0,0.1434192,187.91731
0.0,0.56788915,2.1451826e+07
0.0,0.2942053,91.42321
0.0,0.6334137,127.887115
0.0,0.9985696,121.2063
0.0,0.45910347,89.80667
0.0,0.31951845,174.81108
0.0,0.7079673,112.99968
0.0,0.15889065,77.80849
0.0,0.2553389,76.0945
0.0,0.46814433,342.72253
0.0,0.2778813,65.10145
0.0,0.63571155,121.061325
0.0,0.7294427,81.4478
0.0,0.13355534,72.70618
0.0,0.1599743,156.14966
0.0,0.25638863,263.47226
0.0,0.70330334,70.90557
0.0,0.004404399,559.6917
0.0,0.3241172,209.87695
0.0,0.56621623,67.99147
0.0,0.5443086,359.9364
0.0,0.5443086,359.9364
0.0,0.21210301,73.54502
0.0,0.2277084,232.49728
0.0,0.2277084,232.49728
0.0,0.24691176,109.2239
0.0,0.2201561,70.61932
0.0,0.71319515,81.72769
0.0,0.37194538,147.47221
0.0,0.052800473,437.54712
0.0,0.05134364,76.71429
0.0,0.42733264,125.79262
0.0,0.1135981,120.62547
0.0,0.26635984,113.423676
0.0,0.28759098,115.48118
0.0,0.5433211,295.3561
0.0,0.27314407,97.49219
0.0,0.14494075,186.51634
0.0,0.34924418,540.5374
0.0,0.21072716,97.327
0.0,0.67730206,66.89849
0.0,0.06700866,121.678314
0.0,0.067008674,121.678314
0.0,0.27537563,74.12907
0.0,0.09487624,110.76514
0.0,0.30148122,119.197525
0.0,0.48147196,95.234406
0.0,0.64387953,81.417694
0.0,0.546962,189.59871
0.0,0.3955589,198.8894
0.0,0.59986037,423.29248
0.0,0.13950619,117.95609
0.0,0.013676979,1090.9697
0.0,0.5082113,125.13168
0.0,0.5266004,73.85247
0.0,0.071134694,228.55083
0.0,0.43986818,85.76485
0.0,0.61696434,294.83722
0.0,0.46950835,65.454124
0.0,0.20206922,176.91302
0.0,0.13619615,238.71613
0.0,0.1535637,260.99802
0.0,0.34583494,97.142784
0.0,0.014958505,197.00208
0.0,0.34451324,181.77847
0.0,0.0307889,581.80304
0.0,0.13207017,90.07643
0.0,0.09060916,722.5781
0.0,0.25669074,151.80234
0.0,0.68068224,77.8184
0.0,0.017446792,285.8261
0.0,0.017446792,285.8261
0.0,0.06114357,148.04222
0.0,0.3045781,88.12628
0.0,0.47780567,69.00909
0.0,0.33545387,173.87007
0.0,0.18517962,346.21738
0.0,0.47489795,204.23677
0.0,0.55258113,65.59339
0.0,0.20444714,69.1183
0.0,0.17558816,75.228195
0.0,0.6794395,100.07123
0.0,0.4404279,104.549545
0.0,0.103708,75.889496
0.0,0.5762171,94.170105
0.0,0.27651942,99.37803
0.0,0.17941196,96.32109
0.0,0.16911016,77.81438
0.0,0.48755035,97.157295
0.0,0.18519746,76.65674
0.0,0.54080665,82.20137
0.0,0.46648315,83.469696
0.0,0.50923073,138.54643
0.0,0.20273393,65.068756
0.0,0.4130952,89.73233
0.0,0.21284673,70.28979
0.0,0.660281,281.83646
0.0,0.22165167,81.29576
0.0,0.5261544,68.0381
0.0,0.16411386,409.3393
0.0,0.47750667,80.067924
0.0,0.44143087,110.1782
0.0,0.46741045,140.09738
0.0,0.13666826,74.13242
0.0,0.2233961,67.63313
0.0,0.018431243,758.7861
0.0,0.07614452,93.66722
0.0,0.5109631,72.32921
0.0,0.31369406,126.01338
0.0,0.22577775,92.0398
0.0,0.28622353,108.00757
0.0,0.50775486,114.57847
0.0,0.18705897,108.10147
0.0,0.03308549,120.033
0.0,0.36847654,90.48053
0.0,0.12747474,68.95781
0.0,0.4085682,71.47668
0.0,0.41603342,81.96318
0.0,0.53735274,87.97375
0.0,0.53743964,104.573715
0.0,0.19922012,84.681496
0.0,0.20186771,84.12076
0.0,0.46154216,92.73141
0.0,0.047321547,190.55496
0.0,0.07566046,720.3985
0.0,0.30903688,93.25435
0.0,0.6404519,74.58333
0.0,0.50799173,82.05101
0.0,0.7283858,73.85494
0.0,0.36279005,94.002884
0.0,0.26845267,85.9566
0.0,0.42174137,66.70204
0.0,0.08138982,82.44046
0.0,0.02231938,487.3644
0.0,0.5945671,85.69736
0.0,0.21111286,366.2044
0.0,0.55660266,86.297646
0.0,0.39498985,255.22939
0.0,0.5484296,94.02707
0.0,0.107968986,170.24434
0.0,0.27902472,99.74017
0.0,0.25243014,76.41237
0.0,0.66670185,97.63418
0.0,0.030938126,470.51614
0.0,0.24730575,71.72278
0.0,0.18201643,205.04823
0.0,0.29824725,68.21078
0.0,0.63945186,87.9203
0.0,0.46381813,116.04539
0.0,0.5270926,95.84044
0.0,0.08899874,68.34936
0.0,0.33599505,96.16219
0.0,0.1212744,96.92641
0.0,0.24176358,89.85682
0.0,0.21575408,77.61292
0.0,0.15619273,70.81369
0.0,0.08281451,103.53374
0.0,0.62138695,73.71734
0.0,0.22874507,67.927444
0.0,0.39003646,787.3568
0.0,0.12708893,67.12956
0.0,0.14170943,67.2103
0.0,0.48728958,70.68265
0.0,0.42117828,182.83725
0.0,0.46198982,261.45016
0.0,0.5085453,417.33386
0.0,0.5852698,68.68878
0.0,0.4342907,180.1978
0.0,0.5465168,80.233765
0.0,0.21673337,143.23079
0.0,0.46550316,72.725296
0.0,0.44323665,72.53081
0.0,0.4220113,71.0147
0.0,0.308056,138.55183
0.0,0.3298054,142.71135
0.0,0.076547645,144.25783
0.0,0.2266725,218.81589
0.0,0.3140337,184.29494
0.0,0.44244748,79.30184
0.0,0.21620783,99.29895
0.0,0.41001713,97.55193
0.0,0.27608368,106.07087
0.0,0.5194751,74.36029
0.0,0.34526184,217.50887
0.0,0.6401072,96.92992
0.0,0.51163346,70.22777
0.0,0.44173416,112.257164
0.0,0.23212604,67.708046
0.0,0.07211689,68.79752
0.0,0.99999964,3004.4458
0.0,0.46980628,85.54535
0.0,0.13807468,119.155266
0.0,0.5315862,169.74199
0.0,0.23136052,97.52023
0.0,0.23199703,79.52058
0.0,0.13465275,94.5529
0.0,0.11573854,112.0346
0.0,0.12464206,68.045746
0.0,0.654529,214.18643
0.0,0.53246194,527.9002
0.0,0.12864327,66.535194
0.0,0.069078416,78.33557
0.0,0.14619035,94.79284
0.0,0.5927444,83.307045
0.0,0.4656652,105.40368
0.0,0.8463914,206.08432
0.0,0.65172124,94.01321
0.0,0.512428,70.65981
0.0,0.2848059,184.59659
0.0,0.22800417,71.17711
0.0,0.34295097,159.7351
0.0,0.34978148,142.89873
0.0,0.45856106,76.63847
0.0,0.07011204,109.86991
0.0,0.58730364,72.79085
0.0,0.1260592,146.72968
0.0,0.39768967,100.72889
0.0,0.39768943,100.72889
0.0,0.5278503,85.285286
0.0,0.39160398,73.96815
0.0,0.43556088,97.25928
0.0,0.41924983,106.53985
0.0,0.05359877,148.73244
0.0,0.6938575,212.3385
0.0,0.09709456,91.573
0.0,0.2988152,80.36796
0.0,0.13207294,83.36657
0.0,0.27663434,65.68295
0.0,0.4136472,85.82632
0.0,0.27399486,68.37052
0.0,0.7512451,152.34808
0.0,0.110003635,166.07683
0.0,0.3612304,81.43244
0.0,0.26967838,139.91646
0.0,0.5460773,84.36823
0.0,0.18546578,77.832924
0.0,0.32502693,79.17002
0.0,0.20558491,66.53206
0.0,0.48326814,140.78983
0.0,0.54821634,184.1115
0.0,0.15857932,66.411125
0.0,0.51333034,90.45679
0.0,0.37883064,77.361305
0.0,0.37772202,135.56119
0.0,0.4401153,91.891975
0.0,0.5417665,78.63699
0.0,0.10794648,134.3804
0.0,0.4602717,140.94008
0.0,0.32987148,146.27734
0.0,0.4857503,224.80942
0.0,0.24550022,120.54802
0.0,0.5580417,77.97418
0.0,0.55921364,138.7924
0.0,0.18512265,68.46014
0.0,0.50599843,104.501
0.0,0.46797228,67.36546
0.0,0.44987613,129.75131
0.0,0.46267235,74.68283
0.0,0.48782435,154.5142
0.0,0.2995348,65.14029
0.0,0.169359,70.95888
0.0,0.19302678,74.207146
0.0,0.61085916,113.580444
0.0,0.2964395,83.15589
0.0,0.13102467,132.77492
0.0,0.053824987,241.53423
0.0,0.17942673,93.519585
0.0,0.5404533,95.37523
0.0,0.3643366,159.18997
0.0,0.37561896,77.997986
0.0,0.28441772,87.29991
0.0,0.05720095,105.0581
0.0,0.11166123,390.3801
0.0,0.37272358,109.482285
0.0,0.42397305,78.30075
0.0,0.25495508,98.90061
0.0,0.34743786,66.855644
0.0,0.046032574,388.20343
0.0,0.47589436,92.2636
0.0,0.46464625,98.54708
0.0,0.4456136,89.91428
0.0,0.6045421,72.030594
0.0,0.18548027,446.06985
0.0,0.45893526,68.010956
0.0,0.110212296,290.3505
0.0,0.31174776,92.793205
0.0,0.13596137,223.80743
0.0,0.5879253,109.95282
0.0,0.29553092,492.1837
0.0,0.16780584,219.98239
0.0,0.4169721,433.441
0.0,0.19151512,69.03212
0.0,0.2840657,140.62375
0.0,0.3626286,161.39374
0.0,0.31771892,72.85761
0.0,0.053820573,103.36994
0.0,0.33546957,86.58655
0.0,0.28466868,65.32407
0.0,0.47695705,313.28027
0.0,0.47980163,76.81542
0.0,0.25470424,68.950424
0.0,0.1204846,202.72728
0.0,0.19339779,66.704056
0.0,0.37908706,320.83173
0.0,0.13381125,89.70851
0.0,0.105310075,79.76179
0.0,0.38231546,79.49863
0.0,0.35042405,284.068
0.0,0.1893809,96.24719
0.0,0.12981088,86.352615
0.0,0.2903163,155.53905
0.0,0.57537675,89.34501
0.0,0.5542221,76.631004
0.0,0.3129799,78.121315
0.0,0.3610108,486.07785
0.0,0.45284453,68.73665
0.0,0.06868397,84.55758
0.0,0.764043,360.578
0.0,0.38000235,78.904434
0.0,0.1440366,284.15567
0.0,0.41344872,94.12894
0.0,0.60881454,75.02508
0.0,0.64894253,65.30973
0.0,0.008023188,1288.2202
0.0,0.12845072,101.77963
0.0,0.24741863,97.36692
0.0,0.6189787,101.65896
0.0,0.21027845,65.67762
0.0,0.20287189,68.98586
0.0,0.3118616,109.21029
0.0,0.22055419,68.34294
0.0,0.14238165,131.98654
0.0,0.6515163,83.28057
0.0,0.14670259,904.1191
0.0,0.12180964,152.019
0.0,0.055817064,76.47858
0.0,0.08500525,71.511765
0.0,0.10745051,105.09756
0.0,0.07754582,172.76419
0.0,0.71100885,84.848595
0.0,0.72119796,333.1666
0.0,0.3635818,128.5379
0.0,0.33830237,142.73541
0.0,0.06775335,190.10806
0.0,0.564779,85.8586
0.0,0.044442892,163.5892
0.0,0.4268587,98.40009
0.0,0.45922974,127.358
0.0,0.38104054,213.45572
0.0,0.89567375,141.92725
0.0,0.011453195,563.8344
0.0,0.097605154,123.05752
0.0,0.16673717,83.125496
0.0,0.48806527,218.48027
0.0,0.5359267,67.55093
0.0,0.17261115,94.89453
0.0,0.334508,66.18787
0.0,0.29119313,134.42534
0.0,0.4519018,71.98867
0.0,0.023503805,290.01868
0.0,0.45745862,92.464226
0.0,0.11876452,132.41618
0.0,0.1102866,70.684975
0.0,0.04333042,69.83441
0.0,0.11825752,112.74575
0.0,0.010788296,297.74405
0.0,0.69324356,4.8413136e+07
0.0,0.49896276,76.693375
0.0,0.120070316,522.4282
0.0,0.52161443,68.49639
0.0,0.61191106,77.36173
0.0,0.32448462,72.839096
0.0,0.36347297,90.71728
0.0,0.50228643,78.50282
0.0,0.0067272186,258.0099
0.0,0.16184121,73.65816
0.0,0.34321177,104.58548
0.0,0.4061254,69.07995
0.0,0.33849278,66.50703
0.0,0.52614343,99.783226
0.0,0.18330485,151.30447
0.0,0.074061334,133.84412
0.0,0.08333879,99.9514
0.0,0.55404484,79.23211
0.0,0.1339923,653.0897
0.0,0.6312544,171.62065
0.0,0.010163712,293.4941
0.0,0.5118133,304.9056
0.0,0.28846624,81.56481
0.0,0.60002726,85.8515
0.0,0.39266738,98.97572
0.0,0.47337446,96.68975
0.0,0.15095584,66.4106
0.0,0.2935453,65.65851
0.0,0.11494375,157.56506
0.0,0.10516127,84.359085
0.0,0.5653508,80.10231
0.0,0.17833982,75.95403
0.0,0.15714481,74.247406
0.0,0.37737328,103.80823
0.0,0.90572816,176.8142
0.0,0.12349329,98.58393
0.0,0.36677724,97.15799
0.0,0.43109807,84.5201
0.0,0.034100182,161.11258
0.0,0.43285736,423.11102
0.0,0.23022285,101.177185
0.0,0.49483407,81.180405
0.0,0.24745858,98.15251
0.0,0.32425198,65.39537
0.0,0.2049683,74.36789
0.0,0.04867518,93.54256
0.0,0.08670699,86.58847
0.0,0.23419666,71.78226
0.0,0.15711296,137.70558
0.0,0.010707241,255.20067
0.0,0.33153746,87.96081
0.0,0.6469137,183.33206
0.0,0.6575422,172.50081
0.0,0.16910507,70.00342
0.0,0.037677802,237.88228
0.0,0.22045869,90.828
0.0,0.54230404,69.51811
0.0,0.53536826,77.78098
0.0,0.30876774,85.570526
0.0,0.19313224,86.54881
0.0,0.119115435,226.4264
0.0,0.110177,104.60661
0.0,0.23942,73.83816
0.0,0.21347564,82.89531
0.0,0.040463895,96.38602
0.0,0.30864316,72.93953
0.0,0.054684132,164.76865
0.0,0.12543908,67.00059
0.0,0.058248684,695.41284
0.0,0.17351784,67.39863
0.0,0.4359069,123.63417
0.0,0.70543754,69.88484
0.0,0.10312963,84.37833
0.0,0.13144317,122.66073
0.0,0.5485512,78.0354
0.0,0.059488922,514.19855
0.0,0.43905795,74.457985
0.0,0.6508993,74.010864
0.0,0.25389776,96.05608
0.0,0.09055539,96.952934
0.0,0.1637005,152.22151
0.0,0.35186714,212.74303
0.0,0.17753515,114.73734
0.0,0.46154216,77.96333
0.0,0.24460919,124.389656
0.0,0.3541877,65.675385
0.0,0.37436783,83.59971
0.0,0.40099266,90.7423
0.0,0.11670482,79.30796
0.0,0.6490085,131.05406
0.0,0.5222529,111.645035
0.0,0.38686666,76.50402
0.0,0.3379517,85.55427
0.0,0.5620736,110.702156
0.0,0.6083629,104.309166
0.0,0.6225167,69.650116
0.0,0.3907195,194.59563
0.0,0.027588904,205.69527
0.0,0.36243376,84.06162
0.0,0.3607706,119.20028
0.0,0.075541675,1021.34155
0.0,0.15890798,80.02104
0.0,0.35331804,385.7188
0.0,0.2669372,138.9216
0.0,0.59346986,127.97413
0.0,0.3946506,262.46042
0.0,0.549101,68.31164
0.0,0.34393376,160.00093
0.0,0.48199305,128.53113
0.0,0.1144378,104.412636
0.0,0.43221915,71.836975
0.0,0.36381304,95.45864
0.0,0.408914,77.49499
0.0,0.39646006,157.78908
0.0,0.25108898,67.1265
0.0,0.07327227,100.257256
0.0,0.49293858,75.31388
0.0,0.91696835,149.7806
0.0,0.6373004,71.49126
0.0,0.719468,539.35944
0.0,0.096914515,66.62361
0.0,0.4438492,89.831474
0.0,0.35512784,106.748856
0.0,0.34794372,170.18575
0.0,0.5191842,73.08984
0.0,0.18346176,159.54518
0.0,0.46952438,152.78462
0.0,0.29408076,70.70713
0.0,0.6540316,79.66652
0.0,0.016652199,578.439
0.0,0.26055083,134.08446
0.0,0.51023173,536.7335
0.0,0.15487657,158.06566
0.0,0.2966592,320.91928
0.0,0.29430276,75.955956
0.0,0.09724988,97.78985
0.0,0.46072915,176.15459
0.0,0.15732893,71.743904
0.0,0.36872444,220.8283
0.0,0.34049964,66.95018
0.0,0.39863664,150.66367
0.0,0.50854594,651.70013
0.0,0.058812972,154.68309
0.0,0.46154216,103.24432
0.0,0.37121624,65.42993
0.0,0.51639813,67.90456
0.0,0.56247944,82.74296
0.0,0.28513506,84.1184
0.0,0.4968526,67.57507
0.0,0.055366263,77.19725
0.0,0.26915666,94.563286
0.0,0.35105956,67.46624
0.0,0.58333945,125.893135
0.0,0.18198965,126.057526
0.0,0.661787,80.096214
0.0,0.54660165,74.1979
0.0,0.57095975,140.96043
0.0,0.46565577,85.43445
0.0,0.58976966,91.907486
0.0,0.47349986,116.14029
0.0,0.61889446,136.2704
0.0,0.027383335,401.79333
0.0,0.3153252,71.2075
0.0,0.36748767,88.886215
0.0,0.67935646,81.16575
0.0,0.4895337,95.99251
0.0,0.0924527,245.93375
0.0,0.3349486,124.131386
0.0,0.18718033,76.27243
0.0,0.5147225,80.49658
0.0,0.17012304,109.55461
0.0,0.26630858,77.27582
0.0,0.4212522,71.036446
0.0,0.39451423,75.42634
0.0,0.44879928,134.87825
0.0,0.13520105,106.52324
0.0,0.15328828,69.28498
0.0,0.291233,184.28897
0.0,0.32008803,94.735535
0.0,0.46154216,84.36448
0.0,0.08373382,72.737595
0.0,0.15273078,87.097946
0.0,0.48492703,173.642
0.0,0.28262916,77.33736
0.0,0.008344872,237.90147
0.0,0.5294901,84.90932
0.0,0.5344324,225.03786
0.0,0.37101495,147.00905
0.0,0.8587406,334.77618
0.0,0.33545592,575.5237
0.0,0.31239027,91.414825
0.0,0.40338326,84.87604
0.0,0.37193885,119.59251
0.0,0.6056455,75.62754
0.0,0.2730861,73.075874
0.0,0.21176577,82.12023
0.0,0.6040189,118.19891
0.0,0.52785033,693.233
0.0,0.43135676,71.479385
0.0,0.28080463,72.025375
0.0,0.022393769,619.7684
0.0,0.98454267,129.21385
0.0,0.4903322,68.73708
0.0,0.43850505,209.64124
0.0,0.020120414,113.645935
0.0,0.05508061,672.75366
0.0,0.36999357,70.547485
0.0,0.31882343,599.78625
0.0,0.21052684,189.91217
0.0,0.23276705,73.014206
0.0,0.13445428,70.524
0.0,0.25431606,88.2578
0.0,0.49085686,65.02485
0.0,0.5437632,164.0538
0.0,0.42590857,66.43891
0.0,0.34005034,90.72993
0.0,0.5626505,84.03267
0.0,0.2581909,125.13395
0.0,0.12726937,105.799286
0.0,0.15850654,74.32705
0.0,0.054531135,540.75226
0.0,0.044137694,86.8743
0.0,0.36123174,328.83734
0.0,0.15746397,399.8084
0.0,0.2420187,73.19404
0.0,0.39377362,78.673065
0.0,0.4315886,115.79383
0.0,0.105488434,220.82126
0.0,0.44996217,68.72757
0.0,0.45833278,102.12216
0.0,0.31258914,70.14928
0.0,0.40344828,190.19731
0.0,0.29851136,176.51587
0.0,0.54875225,84.581276
0.0,0.46699116,121.722275
0.0,0.24744923,611.9739
0.0,0.16366096,91.18392
0.0,0.28221208,186.4586
0.0,0.29252708,88.84616
0.0,0.061194222,151.6415
0.0,0.29528648,68.30972
0.0,0.147828,465.76144
0.0,0.49058524,87.54829
0.0,0.4628838,65.94121
0.0,0.53522384,99.126816
0.0,0.42806765,134.55247
0.0,0.5423408,76.73039
0.0,0.17229797,125.94567
0.0,0.49979517,202.22708
0.0,0.091903806,204.72272
0.0,0.18634172,66.11585
0.0,0.46846417,87.43709
0.0,0.55829614,98.93683
0.0,0.5473565,88.797745
0.0,0.4920306,341.59042
0.0,0.21351586,180.65332
0.0,0.4546389,66.39758
0.0,0.47486123,66.77521
0.0,0.517994,189.90028
0.0,0.20297165,85.524635
0.0,0.40926388,169.69559
0.0,0.39682615,86.926414
0.0,0.09006676,82.797844
0.0,0.20797922,437.2496
0.0,0.16042967,386.19724
0.0,0.81832176,117.340256
0.0,0.15612322,70.411194
0.0,0.09516004,75.443794
0.0,0.474323,169.23824
0.0,0.21400335,65.235374
0.0,0.57371044,358.7904
0.0,0.1373091,86.45987
0.0,0.4492866,65.43846
0.0,0.35040858,74.25248
0.0,0.1388735,86.91678
0.0,0.16124389,194.58932
0.0,0.11947923,132.43903
0.0,0.50168866,86.007904
0.0,0.3880309,186.75856
0.0,0.4585041,66.426254
0.0,0.71292514,76.89479
0.0,0.26708943,68.37951
0.0,0.10055743,365.62186
0.0,0.6777884,81.52129
0.0,0.44670886,87.618866
0.0,0.1307165,163.41292
0.0,0.47271067,75.000656
0.0,0.36315477,115.78303
0.0,0.42422217,89.79412
0.0,0.30446023,88.74735
0.0,0.3351247,72.64091
0.0,0.4567288,68.29144
0.0,0.5025029,98.77234
0.0,0.09077293,130.9469
0.0,0.20345,132.28903
0.0,0.24188219,88.7934
0.0,0.45459056,75.9866
0.0,0.35620633,78.264244
0.0,0.09203055,79.52713
0.0,0.4370311,69.85874
0.0,0.42885306,97.97286
0.0,0.14471155,1015.6284
0.0,0.39932388,115.73536
0.0,0.042736687,108.37207
0.0,0.44239467,125.90654
0.0,0.45211154,128.09903
0.0,0.7715029,79.90234
0.0,0.254565,138.8113
0.0,0.22816712,65.962166
0.0,0.47743568,174.4489
0.0,0.39797175,68.30097
0.0,0.50303733,399.84222
0.0,0.13443877,188.79727
0.0,0.53731847,658.1954
0.0,0.50364923,72.561516
0.0,0.23019412,103.67678
0.0,0.4605845,67.265945
0.0,0.16311884,82.599724
0.0,0.55510134,88.70278
0.0,0.40972576,84.58209
0.0,0.3710698,136.94649
0.0,0.21104911,77.32728
0.0,0.14629826,214.23747
0.0,0.6229491,72.432724
0.0,0.69607437,69.336235
0.0,0.29836506,160.25429
0.0,0.48789734,93.784485
0.0,0.47924465,65.73995
0.0,0.08453529,233.20265
0.0,0.23897602,118.13767
0.0,0.21963683,80.04125
0.0,0.06838897,171.5779
0.0,0.3559335,93.146545
0.0,0.5197654,97.23023
0.0,0.22855304,69.54924
0.0,0.54416865,74.89434
0.0,0.7391366,81.784065
0.0,0.64217675,189.3211
0.0,0.32702106,98.46605
0.0,0.5696518,124.17051
0.0,0.5295942,77.92099
0.0,0.4247622,68.38907
0.0,0.18824011,68.50337
0.0,0.41746935,71.20656
0.0,0.99510276,98.46532
0.0,0.2082249,244.5626
0.0,0.7030234,71.473656
0.0,0.5150124,87.25119
0.0,0.076570965,543.6658
0.0,0.23446363,89.67707
0.0,0.09043725,73.56848
0.0,0.53491664,267.2625
0.0,0.4490005,72.77942
0.0,0.34377536,80.254425
0.0,0.5600029,98.29055
0.0,0.62381124,91.77652
0.0,0.7908652,90.30377
0.0,0.47059295,815.99835
0.0,0.208703,81.75318
0.0,0.26112917,98.57987
0.0,0.39504403,68.20989
0.0,0.21636447,146.7138
0.0,0.05121893,82.91609
0.0,0.37905356,79.58159
0.0,0.099619895,98.735695
0.0,0.113056116,163.68515
0.0,0.07905245,229.00687
0.0,0.88253784,167.5525
0.0,0.15442035,138.843
0.0,0.42997792,85.88434
0.0,0.76472944,69.337074
0.0,0.42271566,149.12848
0.0,0.18657313,74.89085
0.0,0.14643402,98.7574
0.0,0.7365108,374.2455
0.0,0.14984335,107.954216
0.0,0.4145281,75.814354
0.0,0.31916675,75.36862
0.0,0.06777994,84.000496
0.0,0.3084616,120.36266
0.0,0.4545085,153.02922
0.0,0.46154216,74.56012
0.0,0.080850735,86.72491
0.0,0.10872142,110.84287
0.0,0.38236582,260.50113
0.0,0.07401685,120.18452
0.0,0.40396515,70.43795
0.0,0.020338807,81.49087
0.0,0.4844877,270.5646
0.0,0.6699257,633.43286
0.0,0.43488923,80.29162
0.0,0.22354797,68.532524
0.0,0.28858972,141.76146
0.0,0.50407726,94.00211
0.0,0.36298457,78.62752
0.0,0.35149792,65.27677
0.0,0.2201758,473.20108
0.0,0.09427169,922.6609
0.0,0.3407217,288.78485
0.0,0.14021076,7.397392e+12
0.0,0.20355834,120.52003
0.0,0.37474263,66.16712
0.0,0.12601599,106.64974
0.0,0.5191742,145.52325
0.0,0.4007453,69.01579
0.0,0.18631586,65.67598
0.0,0.20089294,100.68897
0.0,0.4852362,74.56458
0.0,0.019089041,316.62155
0.0,0.3649142,112.06942
0.0,0.34043053,86.09705
0.0,0.14057145,91.77052
0.0,0.6606583,83.52947
0.0,0.053304106,134.29044
0.0,0.4105341,74.98081
0.0,0.42872205,66.9274
0.0,0.28872356,651.12866
0.0,0.37669376,110.45412
0.0,0.6204402,443.25867
0.0,0.3346036,81.70674
0.0,0.27248552,73.60432
0.0,0.2595208,84.18976
0.0,0.30949658,330.65552
0.0,0.7212868,97.22127
0.0,0.266267,86.00342
0.0,0.55098933,109.906105
0.0,0.33857936,81.28039
0.0,0.51075774,77.2547
0.0,0.31918722,116.411705
0.0,0.7853928,72.46371
0.0,0.4656004,284.71375
0.0,0.058951825,67.22973
0.0,0.52953595,91.43884
0.0,0.35383826,101.91303
0.0,0.5278475,77.19113
0.0,0.3578141,116.34526
0.0,0.98398167,122.25327
0.0,0.20352755,114.9536
0.0,0.10550529,67.809265
0.0,0.36051968,91.74129
0.0,0.50728756,268.30478
0.0,0.50991774,72.52284
0.0,0.6474074,67.97415
0.0,0.22104943,405.9966
0.0,0.13186301,71.50953
0.0,0.49982846,81.217606
0.0,0.12480842,89.50795
0.0,0.18917151,199.44331
0.0,0.08473516,107.97312
0.0,0.62143636,76.61496
0.0,0.33084914,727.22186
0.0,0.3575991,98.49375
0.0,0.18513866,143.07738
0.0,0.002794681,250.05788
0.0,0.084265836,466.864
0.0,0.104796685,68.60421
0.0,0.38942564,160.84816
0.0,0.32012984,106.28602
0.0,0.199271,91.761
0.0,0.07934973,454.65048
0.0,0.7282918,467.62534
0.0,0.48248917,66.503845
0.0,0.43530813,84.99263
0.0,0.21991333,109.583244
0.0,0.24142708,98.36412
0.0,0.4331177,468.99435
0.0,0.44173473,70.555756
0.0,0.4616163,66.92808
0.0,0.112421885,72.2088
0.0,0.45062083,80.74629
0.0,0.366099,66.857956
0.0,0.38951755,107.38211
0.0,0.46154216,78.43222
0.0,0.17947489,89.29215
0.0,0.2281084,103.16857
0.0,0.62269187,339.60022
0.0,0.843979,99.73974
0.0,0.34084728,80.05909
0.0,0.49144194,66.827614
0.0,0.6508631,107.56826
0.0,0.14990506,79.69841
0.0,0.23806217,125.32046
0.0,0.6991178,658.3092
0.0,0.77357835,183.10817
0.0,0.30283874,96.354965
0.0,0.08754316,91.13147
0.0,0.1597589,72.43853
0.0,0.65837675,92.478714
0.0,0.5001127,67.0512
0.0,0.40769672,100.234856
0.0,0.5349083,585.7542
0.0,0.312187,74.316826
0.0,0.09949946,108.43134
0.0,0.6379181,100.24036
0.0,0.943925,139.22731
0.0,0.20529191,102.26578
0.0,0.06691324,78.35321
0.0,0.45675984,478.97607
0.0,0.50254154,67.11839
0.0,0.25099328,91.88168
0.0,0.45053256,65.72023
0.0,0.38514927,111.11973
0.0,0.20569228,241.19832
0.0,0.45556736,77.48546
0.0,0.10336988,258.7685
0.0,0.3804608,72.60092
0.0,0.08016221,248.0445
0.0,0.6646703,75.28995
0.0,0.3387189,98.91847
0.0,0.6795233,72.84393
0.0,0.55772334,136.60783
0.0,0.03215171,133.63957
0.0,0.73357284,120.58336
0.0,0.15830985,88.832436
0.0,0.5103043,192.91757
0.0,0.062470555,68.30106
0.0,0.3996661,219.07912
0.0,0.42042407,100.03794
0.0,0.16429633,93.67468
0.0,0.42222953,76.949814
0.0,0.12940319,598.2551
0.0,0.024811149,333.8039
0.0,0.37989676,86.47244
0.0,0.44877586,163.03943
0.0,0.13451728,114.30574
0.0,0.6262183,85.89282
0.0,0.2304505,66.22588
0.0,0.2628692,100.18496
0.0,0.24882802,72.29535
0.0,0.1646708,77.21948
0.0,0.28561002,91.65261
0.0,0.4620661,120.33921
0.0,0.29747826,79.983795
0.0,0.1411972,68.10283
0.0,0.43696743,71.080696
0.0,0.30016342,97.93189
0.0,0.6868669,75.63626
0.0,0.43688664,68.49291
0.0,0.13976067,80.58138
0.0,0.6006321,123.35506
0.0,0.16942924,98.76789
0.0,0.48347086,104.62476
0.0,0.5149303,110.60739
0.0,0.5827448,83.858536
0.0,0.47898167,71.88128
0.0,0.6125059,73.253006
0.0,0.5239417,72.462814
0.0,0.15942392,113.270164
0.0,0.399521,400.78128
0.0,0.22081472,179.0426
0.0,0.44385347,71.47554
0.0,0.26428077,93.57887
0.0,0.4841925,74.04037
0.0,0.59831345,83.407585
0.0,0.24170384,409.99713
0.0,0.098825395,106.62966
0.0,0.19138716,87.95764
0.0,0.69845456,160.01236
0.0,0.072332405,187.25844
0.0,0.4651176,110.64158
0.0,0.585511,65.07102
0.0,0.27055043,127.10669
0.0,0.19839437,71.01833
0.0,0.21466173,150.27278
0.0,0.13651711,135.62892
0.0,0.7220111,73.98224
0.0,0.29504853,75.26963
0.0,0.50598174,143.30936
0.0,0.10639589,65.671524
0.0,0.5558498,190.22844
0.0,0.42519787,118.05708
0.0,0.5416138,73.95554
0.0,0.65124184,71.22732
0.0,0.88297254,449.3508
0.0,0.51904875,67.248924
0.0,0.25860602,570.0232
0.0,0.39229637,120.59799
0.0,0.4051795,66.4235
0.0,0.4734049,97.318344
0.0,0.40445504,97.43138
0.0,0.16454871,229.13362
0.0,0.13706048,186.80727
0.0,0.62822115,67.584145
0.0,0.7008561,71.86309
0.0,0.6389267,70.921555
0.0,0.30212355,235.85283
0.0,0.36377308,73.57438
0.0,0.47717842,84.95958
0.0,0.6064276,80.69684
0.0,0.8152837,239.52832
0.0,0.62693834,103.89734
0.0,0.65334034,69.326355
0.0,0.7182229,163.00713
0.0,0.08517503,98.19428
0.0,0.27323756,111.2305
0.0,0.8620078,176.38596
0.0,0.19518217,160.07289
0.0,0.1345716,76.13601
0.0,0.45423448,65.8887
0.0,0.13960882,97.32903
0.0,0.19574316,106.58472
0.0,0.49066,176.71027
0.0,0.245724,178.08713
0.0,0.5351637,124.00225
0.0,0.6342949,76.710175
0.0,0.5789239,94.71825
0.0,0.15819195,77.39758
0.0,0.6480288,69.21974
0.0,0.44013909,73.760254
0.0,0.5141068,111.41317
0.0,0.14206707,234.55772
0.0,0.18718034,68.00662
0.0,0.32382527,892.30316
0.0,0.33443832,65.20902
0.0,0.5669808,137.49814
0.0,0.9396134,202.1617
0.0,0.1586845,87.12927
0.0,0.46825737,99.463005
0.0,0.00243027,634.0737
0.0,0.12964156,95.32102
0.0,0.29088917,67.21213
0.0,0.28309193,65.97854
0.0,0.6149425,65.05649
0.0,0.31555068,383.7714
0.0,0.53023076,108.41729
0.0,0.061108846,170.18117
0.0,0.5268468,145.98718
0.0,0.54004216,376.18814
0.0,0.19957618,76.7519
0.0,0.6294955,552.6452
0.0,0.46282035,205.5773
0.0,0.615607,65.83551
0.0,0.03641646,172.46881
0.0,0.36362028,97.203545
0.0,0.35848874,67.495804
0.0,0.23382452,113.978775
0.0,0.19044624,70.76107
0.0,0.14950244,106.99216
0.0,0.45519957,92.130745
0.0,0.43760738,67.01958
0.0,0.19558127,73.91879
0.0,0.44631386,228.6988
0.0,0.49499074,70.117
0.0,0.46126214,114.69918
0.0,0.36630616,400.67105
0.0,0.17458497,79.47995
0.0,0.5108923,167.65767
0.0,0.5169557,191.14146
0.0,0.41944054,80.191536
0.0,0.50115556,99.95121
0.0,0.77807575,182.56123
0.0,0.08943006,96.73637
0.0,0.16323611,68.16177
0.0,0.4005356,87.770325
0.0,0.40124056,95.59111
0.0,0.08108418,123.986115
0.0,0.36057553,67.14969
0.0,0.3618342,94.09846
0.0,0.2849099,70.1159
0.0,0.21688938,89.92186
0.0,0.4080352,80.580986
0.0,0.35788962,163.5303
0.0,0.437138,79.33535
0.0,0.07348461,98.755806
0.0,0.57327616,107.91706
0.0,0.28179926,106.3984
0.0,0.13165212,68.390076
0.0,0.31042042,245.3237
0.0,0.28743416,128.303
0.0,0.4241591,321.05515
0.0,0.46359515,261.45532
0.0,0.48291326,109.03698
0.0,0.20983073,67.50466
0.0,0.25208098,69.4213
0.0,0.082042955,81.17648
0.0,0.20936821,117.52012
0.0,0.5036353,75.955826
0.0,0.6464326,70.33748
0.0,0.34083518,131.76616
0.0,0.6136932,67.06245
0.0,0.12019802,97.616974
0.0,0.3586405,69.81877
0.0,0.06698928,509.3334
0.0,0.3021514,231.80894
0.0,0.58203644,66.14424
0.0,0.11114212,118.47898
0.0,0.2518051,185.22505
0.0,0.5421744,83.00502
0.0,0.7100992,66.713486
0.0,0.7100113,105.47754
0.0,0.14801358,91.616394
0.0,0.30741835,92.10874
0.0,0.5360865,91.84946
0.0,0.37839162,227.42863
0.0,0.83582175,148.2662
0.0,0.13061821,182.13629
0.0,0.14332442,71.583565
0.0,0.43911308,173.54985
0.0,0.6364018,102.883
0.0,0.50399625,77.60377
0.0,0.71620214,69.958855
0.0,0.54580516,87.508255
0.0,0.2757607,131.80342
0.0,0.35933277,96.28715
0.0,0.12591532,78.142166
0.0,0.21274106,75.2441
0.0,0.28250682,82.60063
0.0,0.13379283,79.82572
0.0,0.09351639,72.476295
0.0,0.046356574,122.390396
0.0,0.36801407,368.07397
0.0,0.42554134,123.349846
0.0,0.6052286,84.60048
0.0,0.18862364,67.64441
0.0,0.3358789,75.79438
0.0,0.40726104,116.078964
0.0,0.18687196,114.23529
0.0,0.4577653,302.52084
0.0,0.5116286,71.58047
0.0,0.5122211,89.96791
0.0,0.22070596,66.499084
0.0,0.08092656,127.89821
0.0,0.3435095,84.54627
0.0,0.17662324,84.28477
0.0,0.025356472,118.194954
0.0,0.32004836,162.01746
0.0,0.14234026,713.4049
0.0,0.09009839,236.37572
0.0,0.023595793,214.68922
0.0,0.5065841,123.67599
0.0,0.52391833,76.57968
0.0,0.21584795,78.55163
0.0,0.16545643,81.55183
0.0,0.18418422,71.11478
0.0,0.058204845,106.20734
0.0,0.46900716,95.97544
0.0,0.4094298,87.29481
0.0,0.51591843,152.61261
0.0,0.5881422,68.45292
0.0,0.37818378,85.74122
0.0,0.24577622,105.887955
0.0,0.14722419,74.09963
0.0,0.35782984,76.474815
0.0,0.61596835,114.45425
0.0,0.48235074,309.00052
0.0,0.6689578,65.778145
0.0,0.2708753,84.50553
0.0,0.48162654,180.50284
0.0,0.27311486,88.804665
0.0,0.15421852,69.612595
0.0,0.10691509,80.77676
0.0,0.68884104,109.51841
0.0,0.25892624,104.86714
0.0,0.15134598,87.345146
0.0,0.43675944,84.30003
0.0,0.095177874,80.5769
0.0,0.10008144,246.79758
0.0,0.22396082,67.78619
0.0,0.38205552,202.30025
0.0,0.43447253,336.03046
0.0,0.18354066,76.83867
0.0,0.32486156,938.14307
0.0,0.25790808,72.0798
0.0,0.955321,113.912155
0.0,0.63573825,108.35648
0.0,0.65090936,65.222946
0.0,0.7942425,66.52859
0.0,0.22442375,83.420425
0.0,0.38281548,125.702805
0.0,0.12757736,190.70618
0.0,0.12650861,74.231995
0.0,0.5594964,142.37143
0.0,0.64358735,134.49095
0.0,0.13863175,185.57915
0.0,0.3673524,67.64229
0.0,0.050356075,660.7474
0.0,0.48539326,83.040726
0.0,0.862868,75.96329
0.0,0.51361173,70.87706
0.0,0.32960713,65.8614
0.0,0.76723903,184.8838
0.0,0.34626147,78.443504
0.0,0.60865974,226.14441
0.0,0.12826376,178.88934
0.0,0.52930415,138.31213
0.0,0.088144965,88.54967
0.0,0.5025719,184.98654
0.0,0.688418,135.34889
0.0,0.25291032,132.64981
0.0,0.13089015,71.46312
0.0,0.5623618,69.63721
0.0,0.29476795,109.575905
0.0,0.18250957,126.72849
0.0,0.38908166,87.26936
0.0,0.4126302,263.6806
0.0,0.65205806,106.054276
0.0,0.389639,81.28512
0.0,0.47608218,363.51917
0.0,0.2205479,100.591896
0.0,0.23013479,170.31697
0.0,0.39537686,127.53348
0.0,0.27134025,66.873375
0.0,0.69999474,81.197815
0.0,0.44229102,105.701866
0.0,0.47279325,116.27617
0.0,0.087608844,179.4972
0.0,0.48898306,157.65894
0.0,0.1591921,147.03989
0.0,0.45999718,123.37801
0.0,0.45837414,194.14214
0.0,0.47153386,73.81603
0.0,0.007825983,362.48093
0.0,0.4673891,75.60753
0.0,0.368775,545.6515
0.0,0.078620225,238.58865
0.0,0.09955183,155.26263
0.0,0.35797358,73.132866
0.0,0.28683248,103.41836
0.0,0.5115012,66.03422
0.0,0.5127791,82.66454
0.0,0.0130528975,833.1194
0.0,0.75816834,753.1961
0.0,0.29755756,135.51051
0.0,0.35171127,93.08602
0.0,0.647129,74.81162
0.0,0.47457433,243.90776
0.0,0.5127256,89.141594
0.0,0.35476306,155.86685
0.0,0.44458732,838.729
0.0,0.50066847,66.87925
0.0,0.11580631,214.03761
0.0,0.31970567,226.01372
0.0,0.14605434,91.21534
0.0,0.25928065,168.13235
0.0,0.43607557,175.69429
0.0,0.783809,148.32117
0.0,0.2938592,77.91943
0.0,0.1916098,170.14876
0.0,0.18809043,69.84354
0.0,0.16228087,97.2801
0.0,0.43924096,72.96644
0.0,0.020089954,67.624466
0.0,0.5747949,178.13065
0.0,0.52089435,79.45035
0.0,0.7183376,108.85289
0.0,0.50427973,66.073906
0.0,0.42029908,104.30384
0.0,0.01758543,547.4142
0.0,0.6739075,76.55744
0.0,0.5487605,407.58978
0.0,0.24034633,90.12558
0.0,0.029103769,385.54712
0.0,0.24560928,88.5312
0.0,0.19916414,65.015175
0.0,0.39479473,79.24834
0.0,0.6530705,86.71651
0.0,0.5737392,65.00883
0.0,0.19366972,101.018234
0.0,0.35431933,149.00688
0.0,0.5487824,245.91174
0.0,0.12662189,289.6845
0.0,0.13186592,144.42868
0.0,0.4117109,132.27785
0.0,0.6809178,81.44583
0.0,0.13679719,131.1855
0.0,0.93114394,81.34828
0.0,0.5041885,85.9419
0.0,0.8362931,66.79409
0.0,0.19730729,72.26737
0.0,0.11533873,277.51953
0.0,0.15725091,71.460594
0.0,0.18322928,98.48748
0.0,0.14124243,183.01732
0.0,0.43623823,93.714905
0.0,0.09714688,98.5354
0.0,0.99734205,157.48274
0.0,0.5414753,208.0878
0.0,0.56060266,532.31024
0.0,0.6146282,73.197655
0.0,0.081065334,234.42976
0.0,0.17483687,69.60816
0.0,0.2754604,70.34455
0.0,0.6277434,68.18674
0.0,0.274697,72.18573
0.0,0.6362182,66.92521
0.0,0.4607381,105.35375
0.0,0.14464644,689.9106
0.0,0.40543017,122.82056
0.0,0.5161227,82.722244
0.0,0.69158226,96.15797
0.0,0.252917,82.09765
0.0,0.7800173,370.4293
0.0,0.71691805,68.6937
0.0,0.17104863,65.35185
0.0,0.32413414,677.02997
0.0,0.20719828,77.775215
0.0,0.44066286,78.193634
0.0,0.026500748,89.61091
0.0,0.012616108,169.04407
0.0,0.6584082,145.18245
0.0,0.52807057,70.24371
0.0,0.36718136,111.056725
0.0,0.48130527,654.0948
0.0,0.5798634,123.35993
0.0,0.0056281965,350.75156
0.0,0.099076495,74.752975
0.0,0.3626044,224.85928
0.0,0.20420815,128.83984
0.0,0.043707,87.01938
0.0,0.48516467,66.77697
0.0,0.51267207,149.72214
0.0,0.21463034,75.113434
0.0,0.37460306,85.991005
0.0,0.46739328,699.6638
0.0,0.48964033,84.82918
0.0,0.4325254,105.80951
0.0,0.5119259,85.31722
0.0,0.1993896,68.62491
0.0,0.101322,65.51143
0.0,0.43412134,236.52473
0.0,0.5063808,68.4057
0.0,0.1539151,77.60234
0.0,0.31740752,151.66714
0.0,0.31737536,67.67664
0.0,0.4427336,118.58752
0.0,0.043785095,121.32373
0.0,0.54185605,115.99794
0.0,0.44899276,124.74272
0.0,0.27772433,70.32582
0.0,0.62081957,72.46741
0.0,0.54653656,84.91962
0.0,0.39735356,205.1677
0.0,0.44011018,93.19048
0.0,0.056930266,224.86559
0.0,0.39841256,67.14327
0.0,0.10019354,101.56256
0.0,0.5387774,81.86034
0.0,0.04878588,539.1321
0.0,0.37431484,201.87778
0.0,0.58041364,69.53401
0.0,0.15818204,133.56483
0.0,0.1621099,68.3028
0.0,0.07037812,83.25918
0.0,0.4462863,111.96236
0.0,0.08022313,406.07953
0.0,0.21735828,153.93103
0.0,0.007829974,397.1959
0.0,0.3517806,103.15764
0.0,0.32082248,208.53368
0.0,0.33425805,221.87358
0.0,0.59815514,100.62134
0.0,0.18923536,79.55577
0.0,0.7309415,125.54274
0.0,0.5121165,111.590805
0.0,0.1009568,109.15281
0.0,0.10257708,141.90044
0.0,0.46377036,65.91975
0.0,0.42047822,66.43158
0.0,0.24189408,72.251945
0.0,0.34044096,90.03239
0.0,0.3329803,71.8074
0.0,0.5452855,115.4872
0.0,0.6325377,87.1002
0.0,0.6708159,68.0284
0.0,0.6064142,66.54013
0.0,0.4921389,86.47874
0.0,0.11151298,255.69121
0.0,0.18799512,220.27194
0.0,0.16067192,111.17305
0.0,0.059570804,401.54218
0.0,0.1343565,107.38081
0.0,0.45536256,100.79887
0.0,0.08923414,65.014534
0.0,0.86153996,78.226974
0.0,0.14751996,66.929825
0.0,0.41981187,130.06017
0.0,0.1818496,103.42637
0.0,0.033397365,142.66005
0.0,0.26080075,67.06797
0.0,0.14264508,143.40877
0.0,0.5078389,77.028595
0.0,0.43178022,91.58426
0.0,0.36321318,159.93454
0.0,0.0124586085,76.61479
0.0,0.32283226,110.994804
0.0,0.45549494,100.19062
0.0,0.12895715,169.9208
0.0,0.04865925,339.97104
0.0,0.1275646,72.17693
0.0,0.39535168,426.1997
0.0,0.13137989,85.8381
0.0,0.17564197,81.62071
0.0,0.11986205,68.37679
0.0,0.4968708,73.676155
0.0,0.5876225,159.038
0.0,0.49663728,132.74371
0.0,0.32504597,89.54383
0.0,0.35227793,185.34619
0.0,0.79079074,66.048355
0.0,0.38471064,79.46147
0.0,0.24550456,468.40588
0.0,0.10214949,170.24013
0.0,0.5511072,76.54534
0.0,0.35347417,262.2373
0.0,0.14299288,110.375015
0.0,0.47724056,71.55003
0.0,0.26108328,68.32054
0.0,0.008825684,267.97668
0.0,0.632544,100.18517
0.0,0.18564004,68.32433
0.0,0.44622478,73.1028
0.0,0.008657185,276.26212
0.0,0.48815042,66.018
0.0,0.14375153,99.94226
0.0,0.60335183,89.3339
0.0,0.14070494,80.60488
0.0,0.34022284,87.076294
0.0,0.26744828,70.66018
0.0,0.081812195,377.12857
0.0,0.39342642,70.95506
0.0,0.08634098,99.949615
0.0,0.5906291,89.42237
0.0,0.1438921,695.7245
0.0,0.27610353,76.4775
0.0,0.26377097,380.07144
0.0,0.15390918,107.3395
0.0,0.10724706,71.02161
0.0,0.35174614,148.16939
0.0,0.56508774,219.69986
0.0,0.6046341,117.928185
0.0,0.44517717,162.92392
0.0,0.27473924,97.574326
0.0,0.31051698,155.61276
0.0,0.2423087,72.141426
0.0,0.37020388,79.39515
0.0,0.36681223,132.79306
0.0,0.24433309,68.75431
0.0,0.15459467,99.56763
0.0,0.20369247,181.9452
0.0,0.57898295,150.08168
0.0,0.18863054,161.77571
0.0,0.3385799,76.78577
0.0,0.15196544,77.98536
0.0,0.28398496,339.71118
0.0,0.40010402,78.46493
0.0,0.40010402,78.46493
0.0,0.6341594,77.387794
0.0,0.31477445,86.515915
0.0,0.16252698,119.32978
0.0,0.28025585,225.09717
0.0,0.3372384,65.9445
0.0,0.09090133,101.31681
0.0,0.590821,82.29127
0.0,0.47213045,93.92664
0.0,0.6112923,84.055504
0.0,0.8056542,107.826515
0.0,0.14072645,831.7415
0.0,0.12828937,81.250946
0.0,0.013627545,279.29248
0.0,0.65432096,154.14922
0.0,0.24808314,81.67503
0.0,0.103787385,101.41286
0.0,0.17395215,149.38184
0.0,0.34379068,93.08572
0.0,0.4497101,202.82957
0.0,0.62477064,83.05885
0.0,0.29913634,74.25841
0.0,0.20549051,81.15403
0.0,0.89282024,97.294464
0.0,0.4950947,117.85382
0.0,0.55757445,96.65504
0.0,0.59508777,88.26834
0.0,0.50264126,342.53537
0.0,0.7235728,163.1148
0.0,0.5280852,77.569115
0.0,0.6767757,109.9731
0.0,0.7791855,84.16189
0.0,0.099783055,102.31863
0.0,0.46509475,83.73316
0.0,0.5419027,95.51541
0.0,0.5621393,468.89423
0.0,0.16627917,108.7913
0.0,0.45794824,66.36816
0.0,0.39880964,72.738914
0.0,0.2564356,90.171875
0.0,0.20710008,127.87223
0.0,0.46154216,126.79642
0.0,0.52437943,267.01746
0.0,0.28713104,67.53257
0.0,0.4214155,300.64438
0.0,0.49178344,76.626945
0.0,0.19166248,116.50307
0.0,0.4383295,211.8539
0.0,0.46627516,68.5057
0.0,0.54039145,142.68582
0.0,0.39733696,437.9559
0.0,0.38313073,65.57721
0.0,0.12468106,65.55279
0.0,0.10517828,98.37962
0.0,0.5946654,142.0253
0.0,0.44135833,91.90779
0.0,0.33735356,142.46313
0.0,0.19315329,101.14192
0.0,0.64401084,80.688774
0.0,0.39441746,189.92322
0.0,0.0070673856,261.83035
0.0,0.46315625,168.89825
0.0,0.56650746,73.31945
0.0,0.19231385,79.67534
0.0,0.52628386,68.70132
0.0,0.23279104,95.04131
0.0,0.15172485,83.83723
0.0,0.3988851,69.95017
0.0,0.37495148,171.08963
0.0,0.2550437,104.87059
0.0,0.2739446,82.20381
0.0,0.5746647,77.91808
0.0,0.06641686,75.74787
0.0,0.5731386,68.29403
0.0,0.14352284,482.11514
0.0,0.6192841,119.62087
0.0,0.19941495,98.96502
0.0,0.40510774,133.72118
0.0,0.18122628,80.25086
0.0,0.5049023,90.672516
0.0,0.25023484,112.92688
0.0,0.23426881,203.33652
0.0,0.89576477,72.06115
0.0,0.09687967,92.30082
0.0,0.07322773,264.31918
0.0,0.5152634,93.889656
0.0,0.45424217,138.99881
0.0,0.28409436,79.83837
0.0,0.90340465,746.4744
0.0,0.6388824,67.4147
0.0,0.5586138,602.2688
0.0,0.5855827,83.40543
0.0,0.35181785,109.32751
0.0,0.7087093,346.5096
0.0,0.4860055,197.33655
0.0,0.05044012,334.63376
0.0,0.48812035,392.02237
0.0,0.06379789,151.99771
0.0,0.51752454,177.32034
0.0,0.13276887,122.5889
0.0,0.30597445,479.43753
0.0,0.4958412,98.35192
0.0,0.90802574,2.5365502e+06
0.0,0.1732824,115.901886
0.0,0.25039166,72.379814
0.0,0.3353007,69.864975
0.0,0.4110977,82.48019
0.0,0.16275278,96.73519
0.0,0.20514274,87.14212
0.0,0.6035006,100.5011
0.0,0.25273338,246.70628
0.0,0.5711729,79.29586
0.0,0.45467365,395.2248
0.0,0.24119781,100.9945
0.0,0.5655808,71.957954
0.0,0.4150935,81.82635
0.0,0.2906254,166.0286
0.0,0.39845437,65.36263
0.0,0.62710446,437.0557
0.0,0.61269903,76.5061
0.0,0.42921978,209.81796
0.0,0.31101057,320.79614
0.0,0.09230658,74.16631
0.0,0.004852045,295.59763
0.0,0.38148874,92.72868
0.0,0.039089236,292.53748
0.0,0.5152776,95.29947
0.0,0.5308596,70.63203
0.0,0.37319782,90.270065
0.0,0.46154216,94.76521
0.0,0.44053054,316.19702
0.0,0.38836464,74.99393
0.0,0.25757703,297.94516
0.0,0.66651106,91.11597
0.0,0.49027562,142.84688
0.0,0.53482497,66.38883
0.0,0.25530213,71.4571
0.0,0.5006393,78.92666
0.0,0.51379997,92.69051
0.0,0.11291837,669.6949
0.0,0.21766871,78.792404
0.0,0.25117654,77.36084
0.0,0.9861734,170.75868
0.0,0.21024702,201.82736
0.0,0.1544159,78.079
0.0,0.57371485,426.23083
0.0,0.097447336,65.9901
0.0,0.123850934,82.775665
0.0,0.56028646,95.990875
0.0,0.35102373,172.14209
0.0,0.17341357,144.0297
0.0,0.17789762,190.3517
0.0,0.279747,495.34106
0.0,0.060033742,88.636635
0.0,0.48526028,304.16647
0.0,0.4068196,93.54908
0.0,0.07412543,428.4958
0.0,0.3834906,189.60121
0.0,0.08375306,131.42165
0.0,0.27520525,111.20968
0.0,0.5541146,66.87112
0.0,0.35247684,129.72061
0.0,0.08820181,66.54126
0.0,0.52001125,104.07442
0.0,0.49106637,65.29213
0.0,0.65294117,127.92377
0.0,0.5732413,418.6416
0.0,0.07791306,118.056305
0.0,0.20452476,86.811485
0.0,0.33845112,106.313736
0.0,0.14984752,109.84344
0.0,0.49599925,104.13397
0.0,0.12976462,126.12813
0.0,0.21690603,67.79806
0.0,0.12007469,96.47988
0.0,0.49553567,381.83527
0.0,0.33092323,517.8197
0.0,0.73100024,66.12253
0.0,0.1591348,339.23743
0.0,0.10158479,230.50632
0.0,0.93003225,124.97241
0.0,0.5802167,77.671234
0.0,0.26977527,103.262405
0.0,0.40138948,68.38583
0.0,0.4767601,91.637215
0.0,0.10399588,76.04699
0.0,0.23512085,70.96141
0.0,0.41486743,75.14214
0.0,0.14746428,70.11007
0.0,0.26455313,72.71145
0.0,0.13729943,431.50037
0.0,0.55313253,94.43178
0.0,0.44419274,67.44737
0.0,0.54064655,96.76151
0.0,0.11452332,83.01546
0.0,0.22985798,154.48639
0.0,0.18044695,77.8353
0.0,0.36306092,97.8711
0.0,0.40494287,108.23567
0.0,0.0517015,186.42114
0.0,0.42484155,106.55307
0.0,0.11867938,638.76483
0.0,0.8251166,76.93511
0.0,0.1053079,176.2606
0.0,0.25886834,411.24573
0.0,0.57069445,69.19975
0.0,0.19555089,80.88405
0.0,0.16943,349.77396
0.0,0.20987402,90.66948
0.0,0.048004456,660.51886
0.0,0.11805156,68.284775
0.0,0.6186924,92.18584
0.0,0.5971581,132.7701
0.0,0.3986251,277.98367
0.0,0.5557407,74.32701
0.0,0.29640782,68.337234
0.0,0.22481625,867.83417
0.0,0.3798333,71.84841
0.0,0.039560705,251.07799
0.0,0.45455116,109.6046
0.0,0.15752465,164.97755
0.0,0.05569312,84.07046
0.0,0.18611035,227.70422
0.0,0.16469577,98.14674
0.0,0.65091205,126.43483
0.0,0.46811774,70.92788
0.0,0.058109917,82.08638
0.0,0.41452718,103.237015
0.0,0.46886227,68.26022
0.0,0.435023,78.76531
0.0,0.4447572,198.80458
0.0,0.31507033,85.62811
0.0,0.63374275,66.1911
0.0,0.0643821,121.78684
0.0,0.40647173,87.95243
0.0,0.052875213,298.4112
0.0,0.021156313,69.30735
0.0,0.46154216,84.23899
0.0,0.053515058,86.333374
0.0,0.6388317,149.00574
0.0,0.3019787,65.600716
0.0,0.4143626,713.99146
0.0,0.15682289,176.26651
0.0,0.44513422,78.71951
0.0,0.30317852,100.45581
0.0,0.41151637,105.43649
0.0,0.6337101,189.77293
0.0,0.55973154,82.18079
0.0,0.28735885,73.277626
0.0,0.38416424,84.71748
0.0,0.18522492,75.34388
0.0,0.60281307,99.65042
0.0,0.46916303,74.1413
0.0,0.5990115,99.3234
0.0,0.30602112,68.9354
0.0,0.15332556,91.65321
0.0,0.16222656,96.98538
0.0,0.6176144,72.22797
0.0,0.46634057,80.01818
0.0,0.18916509,78.535545
0.0,0.09427102,125.156006
0.0,0.3060637,627.5915
0.0,0.2778186,176.62355
0.0,0.28559804,136.89897
0.0,0.6117366,81.1551
0.0,0.85061544,190.81111
0.0,0.6071593,74.85549
0.0,0.018294457,680.8728
0.0,0.3007878,103.58883
0.0,0.87865895,187.19882
0.0,0.33541918,218.43205
0.0,0.4535279,77.900696
0.0,0.21565783,72.369606
0.0,0.78832334,204.2583
0.0,0.46039945,96.14804
0.0,0.079519205,91.50028
0.0,0.46100888,125.08834
0.0,0.32200557,73.07676
0.0,0.2880274,102.80396
0.0,0.7042887,88.05004
0.0,0.70428854,88.05004
0.0,0.31758842,92.28878
0.0,0.034013618,70.18892
0.0,0.26544824,140.5397
0.0,0.49640054,86.98274
0.0,0.28209153,154.21388
0.0,0.5662544,75.74552
0.0,0.54654986,71.18252
0.0,0.4616466,77.61092
0.0,0.20152262,77.77635
0.0,0.2129061,143.23221
0.0,0.029680792,401.16098
0.0,0.44313493,74.84374
0.0,0.2247403,84.08915
0.0,0.47413796,75.888245
0.0,0.6075654,289.2645
0.0,0.14394753,78.01888
0.0,0.42988306,110.309715
0.0,0.6133807,462.04935
0.0,0.052572038,137.2348
0.0,0.27425903,69.21397
0.0,0.44576538,363.57565
0.0,0.35612282,71.905136
0.0,0.10921963,70.38163
0.0,0.36480585,675.4819
0.0,0.23460227,89.75038
0.0,0.633746,241.0281
0.0,0.45224833,88.67459
0.0,0.5402115,94.08399
0.0,0.29655087,97.67299
0.0,0.56680137,274.15753
0.0,0.56680137,274.15753
0.0,0.16757618,82.32597
0.0,0.23354538,93.46592
0.0,0.58109623,92.31665
0.0,0.39697286,254.99509
0.0,0.20444243,133.79549
0.0,0.2256984,103.653564
0.0,0.22803226,72.03451
0.0,0.2860567,74.41659
0.0,0.10505331,132.41373
0.0,0.32417136,347.54028
0.0,0.13655527,65.41842
0.0,0.26126906,69.14803
0.0,0.30095086,68.34821
0.0,0.052567516,393.55704
0.0,0.5302518,133.23184
0.0,0.8346825,660.84094
0.0,0.447289,66.02638
0.0,0.27160382,262.1124
0.0,0.5294912,87.33064
0.0,0.42477372,93.36523
0.0,0.052673034,179.08252
0.0,0.15509985,74.11588
0.0,0.3414038,102.51445
0.0,0.27865893,96.99699
0.0,0.4175929,67.38819
0.0,0.43886822,102.44964
0.0,0.13439679,431.0517
0.0,0.66465855,274.56693
0.0,0.021249555,112.34008
0.0,0.2583397,88.64432
0.0,0.54713297,136.07036
0.0,0.40111202,78.30969
0.0,0.26508394,189.75386
0.0,0.23794635,69.15593
0.0,0.4531838,89.67754
0.0,0.20797351,85.26834
0.0,0.4320685,126.64963
0.0,0.44947782,66.54718
0.0,0.605635,101.53508
0.0,0.55914515,101.78991
0.0,0.59923935,84.724434
0.0,0.70650893,108.39944
0.0,0.61815214,66.22628
0.0,0.11264937,80.98211
0.0,0.85050815,162.4569
0.0,0.26442403,70.53612
0.0,0.106762834,75.50197
0.0,0.6087584,127.68213
0.0,0.223839,111.39066
0.0,0.5560471,96.783005
0.0,0.040173605,82.388725
0.0,0.5694581,164.87271
0.0,0.112247266,119.71941
0.0,0.56946146,230.1419
0.0,0.049087703,121.43921
0.0,0.5443753,870.9819
0.0,0.66636854,118.42358
0.0,0.295459,93.34465
0.0,0.6045671,70.69669
0.0,0.15221865,100.739006
0.0,0.3840593,88.68107
0.0,0.1569641,84.12533
0.0,0.9041964,66.393265
0.0,0.15968959,143.48476
0.0,0.59376013,77.80697
0.0,0.41785967,163.96844
0.0,0.1031867,79.02503
0.0,0.47351608,69.31089
0.0,0.008031736,973.65314
0.0,0.2901026,108.44825
0.0,0.43391284,237.47035
0.0,0.293537,80.34272
0.0,0.05751416,77.9331
0.0,0.4475155,80.30154
0.0,0.23183343,88.0543
0.0,0.24605235,160.09952
0.0,0.5253655,82.78026
0.0,0.38331065,124.48304
0.0,0.35428816,305.01627
0.0,0.16187082,107.95665
0.0,0.4398346,119.63775
0.0,0.5817439,66.77163
0.0,0.1700851,117.59421
0.0,0.60972637,79.91015
0.0,0.38797286,70.95578
0.0,0.6777865,69.621574
0.0,0.2650916,75.09505
0.0,0.6747961,74.51476
0.0,0.026077138,543.8216
0.0,0.39553759,66.619446
0.0,0.3869027,788.6304
0.0,0.4243881,396.26328
0.0,0.14284298,74.546326
0.0,0.0525966,193.81691
0.0,0.17716579,959.70276
0.0,0.4455619,175.14441
0.0,0.37496376,103.906296
0.0,0.35256416,65.10286
0.0,0.10214992,803.9488
0.0,0.15943173,76.08909
0.0,0.50173515,67.90066
0.0,0.7103605,108.18987
0.0,0.06502978,66.919464
0.0,0.49087036,75.36022
0.0,0.0817863,102.42765
0.0,0.47551173,206.81058
0.0,0.21531107,160.69336
0.0,0.20904267,97.104614
0.0,0.34258327,187.0359
0.0,0.11006278,124.654205
0.0,0.3741168,65.57267
0.0,0.5146227,106.81076
0.0,0.47403336,113.95481
0.0,0.17623179,103.98161
0.0,0.33249888,253.68901
0.0,0.47257644,144.11606
0.0,0.13307571,461.26013
0.0,0.16705121,89.632996
0.0,0.046785016,947.3642
0.0,0.549359,77.28473
0.0,0.081074364,114.61653
0.0,0.39616993,136.86456
0.0,0.20520274,96.74507
0.0,0.59079075,101.94426
0.0,0.030259568,181.6151
0.0,0.6159859,128.5758
0.0,0.066864714,69.13141
0.0,0.5641806,75.18518
0.0,0.09956393,319.0721
0.0,0.47165793,70.94809
0.0,0.94122356,205.5966
0.0,0.4935034,102.094185
0.0,0.22380392,75.577446
0.0,0.28291962,122.74978
0.0,0.18055797,178.27005
0.0,0.41405016,68.00192
0.0,0.33934587,71.324905
0.0,0.10984697,127.19967
0.0,0.7781148,222.87793
0.0,0.31297046,67.02877
0.0,0.05157666,242.07556
0.0,0.0968786,65.455925
0.0,0.6772028,68.32165
0.0,0.3938433,321.96396
0.0,0.151463,66.066795
0.0,0.4568981,102.99976
0.0,0.1959358,107.821365
0.0,0.227807,99.463715
0.0,0.3415404,65.5105
0.0,0.56548494,71.49208
0.0,0.22067335,416.76517
0.0,0.60728496,197.3554
0.0,0.41491744,153.74945
0.0,0.5326008,141.59462
0.0,0.38904724,120.17053
0.0,0.6282782,196.61247
0.0,0.5981156,65.172844
0.0,0.5389035,172.09532
0.0,0.41150507,225.9486
0.0,0.43255574,69.43992
0.0,0.24508971,65.82184
0.0,0.43238416,75.09688
0.0,0.14923249,549.55414
0.0,0.48318893,182.74243
0.0,0.5784121,75.43622
0.0,0.23867345,188.2068
0.0,0.028111685,285.42688
0.0,0.36229947,86.487404
0.0,0.13507657,286.6094
0.0,0.16426653,141.98444
0.0,0.21285091,118.02475
0.0,0.13107026,110.21958
0.0,0.22039576,89.60975
0.0,0.36100093,81.41803
0.0,0.28897426,178.41808
0.0,0.7991143,403.00766
0.0,0.37245807,105.797775
0.0,0.22180715,75.53186
0.0,0.344522,92.11603
0.0,0.014267146,68.148476
0.0,0.52746737,78.00287
0.0,0.15445556,117.032814
0.0,0.26326963,106.08549
0.0,0.63517356,86.415665
0.0,0.18496019,118.123085
0.0,0.46154216,84.50395
0.0,0.6529916,76.723694
0.0,0.14253405,66.39151
0.0,0.4640231,119.135574
0.0,0.30452138,73.70051
0.0,0.5584375,92.13378
0.0,0.52405924,126.69413
0.0,0.5513364,125.4715
0.0,0.47583807,873.2321
0.0,0.30570883,531.3567
0.0,0.46154216,387.48505
0.0,0.32371584,92.604454
0.0,0.3991134,79.09445
0.0,0.5367194,91.71668
0.0,0.38910258,70.20975
0.0,0.5698512,66.02746
0.0,0.2983939,176.3483
0.0,0.51462084,96.5194
0.0,0.59259605,65.55741
0.0,0.50642246,96.36552
0.0,0.44814542,147.43434
0.0,0.1321735,66.69525
0.0,0.2925951,76.26586
0.0,0.55271953,391.01797
0.0,0.17064871,83.14366
0.0,0.65965116,402.5199
0.0,0.22810374,291.00906
0.0,0.4482331,94.90695
0.0,0.4734149,248.20877
0.0,0.2481614,90.6597
0.0,0.17565194,97.7329
0.0,0.4674192,178.8643
0.0,0.11489453,265.87958
0.0,0.5439584,84.26036
0.0,0.2538052,248.45593
0.0,0.36952996,68.456825
0.0,0.03942749,229.8833
0.0,0.4152807,167.99303
0.0,0.20819907,79.00447
0.0,0.28029224,81.30578
0.0,0.4858413,143.7877
0.0,0.24066852,73.21867
0.0,0.5163521,96.59415
0.0,0.19858398,836.6485
0.0,0.35767996,68.59169
0.0,0.33487552,115.8316
0.0,0.2734252,70.45999
0.0,0.16631456,132.26784
0.0,0.7184731,66.42077
0.0,0.33803388,314.7516
0.0,0.5122385,371.8147
0.0,0.16992621,309.96353
0.0,0.43850476,373.2311
0.0,0.5755807,97.827805
0.0,0.7420287,104.69733
0.0,0.5318966,235.89944
0.0,0.3469838,74.5566
0.0,0.24548548,169.77246
0.0,0.08018556,126.676605
0.0,0.5188823,105.89173
0.0,0.29130182,76.50539
0.0,0.36643392,65.39375
0.0,0.2734942,69.79938
0.0,0.44907612,78.96765
0.0,0.95866793,94.90623
0.0,0.30606744,294.19128
0.0,0.42274174,477.7518
0.0,0.020102927,648.118
0.0,0.4129482,170.86052
0.0,0.1895258,284.40738
0.0,0.54830307,195.78699
0.0,0.12539633,168.81277
0.0,0.52411073,85.09936
0.0,0.25639543,88.86514
0.0,0.6094968,82.13939
0.0,0.3338579,436.2692
0.0,0.113294184,168.5708
0.0,0.21208212,82.29965
0.0,0.10454766,75.46896
0.0,0.49957955,108.30837
0.0,0.66406316,183.4714
0.0,0.29048172,68.66615
0.0,0.59093875,78.36241
0.0,0.22595587,71.63475
0.0,0.44329605,80.15703
0.0,0.24142338,580.63715
0.0,0.43106943,172.17157
0.0,0.27381787,83.77247
0.0,0.45064119,65.07095
0.0,0.9561976,73.70203
0.0,0.39444456,114.15091
0.0,0.16273993,138.17181
0.0,0.28310603,83.19311
0.0,0.5725404,74.31328
0.0,0.74294734,80.02082
0.0,0.39373547,72.725716
0.0,0.1351236,214.62758
0.0,0.12349187,161.6453
0.0,0.14194718,330.3714
0.0,0.07649994,82.913475
0.0,0.12761512,88.31805
0.0,0.2917281,160.36922
0.0,0.43142483,144.24872
0.0,0.31497163,78.79682
0.0,0.5086651,88.373795
0.0,0.5683375,142.20442
0.0,0.47439665,65.473694
0.0,0.8853449,117.14273
0.0,0.35289612,92.846504
0.0,0.3487905,113.30369
0.0,0.12991959,67.33847
0.0,0.36250895,92.61236
0.0,0.37224996,73.05644
0.0,0.07668499,98.279976
0.0,0.5624211,73.82466
0.0,0.34852275,97.11709
0.0,0.24137913,249.26212
0.0,0.10563178,87.95139
0.0,0.22013849,577.13855
0.0,0.23046513,69.99383
0.0,0.3431075,68.16396
0.0,0.101345904,899.42847
0.0,0.558708,214.65115
0.0,0.43352643,79.8339
0.0,0.15530017,79.27387
0.0,0.6082552,88.32348
0.0,0.77243125,92.99783
0.0,0.19188891,183.09067
0.0,0.20660977,80.64008
0.0,0.41426513,80.74993
0.0,0.6485413,69.64358
0.0,0.36729243,74.41524
0.0,0.29965883,159.52023
0.0,0.2238697,170.09178
0.0,0.27371016,97.44291
0.0,0.58091277,72.54032
0.0,0.5511511,71.91664
0.0,0.4812944,137.8586
0.0,0.05836761,71.85506
0.0,0.25090885,77.91436
0.0,0.12983036,157.7269
0.0,0.1877977,75.3189
0.0,0.617296,84.311165
0.0,0.6138176,72.57711
0.0,0.67797697,91.133125
0.0,0.45297506,108.21524
0.0,0.6130137,67.370995
0.0,0.42201015,70.09791
0.0,0.5248743,99.80798
0.0,0.60672617,84.852974
0.0,0.39132476,73.38312
0.0,0.36599696,69.98947
0.0,0.46890673,67.27797
0.0,0.6549956,68.58153
0.0,0.568169,79.68148
0.0,0.06619114,70.861595
0.0,0.4444304,67.64985
0.0,0.5765804,94.602234
0.0,0.41407278,150.74309
0.0,0.39693093,85.796875
0.0,0.6483298,80.7484
0.0,0.3674467,74.809074
0.0,0.5422832,158.45375
0.0,0.00604321,618.635
0.0,0.515548,77.13536
0.0,0.53710365,82.58549
0.0,0.2993343,536.1366
0.0,0.0936829,70.6622
0.0,0.3269809,594.2872
0.0,0.22260024,69.92499
0.0,0.4740536,78.79059
0.0,0.39528146,65.71909
0.0,0.6938414,74.38908
0.0,0.41243663,67.73389
0.0,0.69032186,104.42003
0.0,0.79960734,77.12922
0.0,0.25001046,91.84817
0.0,0.43851313,70.56259
0.0,0.21972066,95.03104
0.0,0.67045844,71.208435
0.0,0.32827693,126.70749
0.0,0.17631786,121.91227
0.0,0.48672363,103.750114
0.0,0.6639448,89.45328
0.0,0.48157015,105.702156
0.0,0.17284837,82.417114
0.0,0.7184236,125.37751
0.0,0.101297274,109.29552
0.0,0.21413262,129.59975
0.0,0.6483894,137.0213
0.0,0.35434243,73.64017
0.0,0.2007446,80.90248
0.0,0.21873125,94.44469
0.0,0.48569673,92.11522
0.0,0.3246122,170.44344
0.0,0.17459308,69.8959
0.0,0.30606458,77.97915
0.0,0.31635085,137.03621
0.0,0.110627286,71.45942
0.0,0.44170725,84.8527
0.0,0.3342546,106.500084
0.0,0.118067406,80.616585
0.0,0.5746868,80.637405
0.0,0.2314597,303.69147
0.0,0.53175956,223.42172
0.0,0.4336274,69.74631
0.0,0.3959894,129.76376
0.0,0.41980907,256.35855
0.0,0.23362905,67.39332
0.0,0.18458705,188.38966
0.0,0.26432562,73.06208
0.0,0.21342343,115.22015
0.0,0.04803618,227.61263
0.0,0.25042778,79.3119
0.0,0.411635,91.686226
0.0,0.34557852,178.32251
0.0,0.48380846,82.96397
0.0,0.94703,414.4596
0.0,0.54468846,418.82114
0.0,0.51123786,75.63269
0.0,0.124052316,78.94869
0.0,0.53611887,67.01858
0.0,0.23457792,74.0013
0.0,0.07255433,255.77713
0.0,0.32720545,143.02979
0.0,0.116157934,524.7467
0.0,0.50622636,67.58398
0.0,0.12255616,402.88998
0.0,0.4986371,69.68811
0.0,0.12707771,229.79497
0.0,0.10640739,94.06114
0.0,0.23248346,83.554375
0.0,0.90858114,612.4905
0.0,0.15648809,71.724075
0.0,0.53170335,129.68208
0.0,0.32305998,177.79886
0.0,0.4215614,307.69388
0.0,0.5890128,65.473465
0.0,0.21726546,68.45882
0.0,0.15747453,70.036934
0.0,0.19549818,76.28183
0.0,0.68855155,140.03271
0.0,0.70416766,114.57639
0.0,0.6361065,75.73993
0.0,0.33863297,142.89041
0.0,0.60998243,107.77343
0.0,0.24276133,74.91122
0.0,0.23578689,125.98426
0.0,0.33348274,95.48773
0.0,0.36825222,252.79118
0.0,0.20172076,89.19691
0.0,0.22132689,107.849014
0.0,0.24535663,132.04735
0.0,0.028693587,126.887566
0.0,0.36491925,74.712234
0.0,0.39870685,77.29003
0.0,0.28018168,140.37291
0.0,0.4224842,103.69773
0.0,0.28242975,345.816
0.0,0.35616702,66.840836
0.0,0.027924394,125.41564
0.0,0.32869655,87.00273
0.0,0.14381927,74.399475
0.0,0.6632156,207.97713
0.0,0.13963187,73.43778
0.0,0.5532381,110.00486
0.0,0.3827167,81.92539
0.0,0.05409466,434.15402
0.0,0.47245815,112.8089
0.0,0.6247111,103.04353
0.0,0.6297379,108.54796
0.0,0.6751108,113.91603
0.0,0.19417311,135.55524
0.0,0.3853195,143.81984
0.0,0.5496676,118.902054
0.0,0.11281212,97.95587
0.0,0.46417603,91.833496
0.0,0.3544875,159.44589
0.0,0.22608748,448.26694
0.0,0.12605037,354.98422
0.0,0.12184399,74.850525
0.0,0.9128914,78.30694
0.0,0.042981543,88.71428
0.0,0.22426826,474.15726
0.0,0.5452553,160.33612
0.0,0.7546557,91.07396
0.0,0.17525151,556.80084
0.0,0.23313831,114.12359
0.0,0.27640837,76.34845
0.0,0.24273643,71.26133
0.0,0.2205589,361.05637
0.0,0.03864199,128.1826
0.0,0.18946362,1069.6783
0.0,0.2893405,81.02295
0.0,0.10555665,136.25903
0.0,0.29020533,65.45118
0.0,0.3836702,66.194115
0.0,0.5652518,122.98107
0.0,0.45785105,304.0236
0.0,0.19921866,357.60327
0.0,0.08709262,236.71153
0.0,0.28086975,79.05692
0.0,0.74207836,113.481285
0.0,0.39185017,123.700096
0.0,0.63400024,70.988106
0.0,0.7089987,300.54816
0.0,0.3808003,73.515434
0.0,0.40987626,89.346115
0.0,0.38950092,87.31983
0.0,0.38671607,86.35816
0.0,0.40415567,178.06816
0.0,0.02241651,104.208885
0.0,0.49317205,65.680466
0.0,0.5435075,78.8181
0.0,0.2075938,77.87558
0.0,0.3389903,128.46968
0.0,0.11956255,80.70468
0.0,0.8931388,1.4839919e+07
0.0,0.19960532,83.17733
0.0,0.31117973,89.48068
0.0,0.74697655,117.68863
0.0,0.30753472,378.92538
0.0,0.4485993,109.61525
0.0,0.13582781,144.39308
0.0,0.33588135,177.12294
0.0,0.6231732,79.860504
0.0,0.4736244,67.4898
0.0,0.2956865,86.65517
0.0,0.5911534,493.00497
0.0,0.19593695,65.11826
0.0,0.4482547,79.766655
0.0,0.40529338,99.43058
0.0,0.5511936,137.88902
0.0,0.3076693,96.08407
0.0,0.019368447,683.76196
0.0,0.3302776,180.83728
0.0,0.46154216,79.62743
0.0,0.02259606,684.2137
0.0,0.14281356,88.93607
0.0,0.5771496,95.880806
0.0,0.034905855,67.18822
0.0,0.22944258,67.870865
0.0,0.44525483,79.92055
0.0,0.653166,92.72879
0.0,0.47149897,67.2641
0.0,0.28769505,128.45015
0.0,0.3330299,96.72771
0.0,0.22485615,166.60025
0.0,0.66975874,72.27301
0.0,0.15951632,69.62608
0.0,0.2975443,104.46423
0.0,0.115286484,198.4064
0.0,0.23982836,67.078926
0.0,0.35679138,472.71243
0.0,0.21231379,77.716446
0.0,0.5520649,66.572334
0.0,0.419944,296.49475
0.0,0.046064444,824.0185
0.0,0.84099054,87.881165
0.0,0.5002914,108.44634
0.0,0.2691845,69.40276
0.0,0.78478575,207.25645
0.0,0.62840456,65.95055
0.0,0.03901558,135.88382
0.0,0.2597219,97.79806
0.0,0.10234463,123.47281
0.0,0.33698744,187.98045
0.0,0.3728007,86.50473
0.0,0.53735936,103.07227
0.0,0.15001431,74.297516
0.0,0.46891332,94.26919
0.0,0.27866423,65.8005
0.0,0.4972321,66.72112
0.0,0.28032348,124.3418
0.0,0.505664,409.2703
0.0,0.56700057,94.98034
0.0,0.20306022,86.726555
0.0,0.11814477,331.6401
0.0,0.20263775,78.39783
0.0,0.6236502,155.58713
0.0,0.29662877,174.63824
0.0,0.42507643,78.04789
0.0,0.03851669,461.85864
0.0,0.72586787,79.78268
0.0,0.41234612,123.97257
0.0,0.57209677,80.75981
0.0,0.28250563,105.1984
0.0,0.24339972,101.13465
0.0,0.16928174,104.0213
0.0,0.28827417,77.07081
0.0,0.12406733,315.62384
0.0,0.07183769,79.365974
0.0,0.5587063,103.036804
0.0,0.44418257,76.125206
0.0,0.18748611,66.24748
0.0,0.1852071,66.51244
0.0,0.28272358,118.14111
0.0,0.49922848,378.70328
0.0,0.5813749,93.42503
0.0,0.14086547,167.55516
0.0,0.3573563,95.34633
0.0,0.6706143,73.216644
0.0,0.32203844,70.0522
0.0,0.49561998,74.95849
0.0,0.20270948,110.99608
0.0,0.51941293,89.90794
0.0,0.14375637,97.084274
0.0,0.041893587,418.1411
0.0,0.44938332,104.92996
0.0,0.58631647,65.57989
0.0,0.5849421,586.5001
0.0,0.7787227,71.90301
0.0,0.38207805,68.9992
0.0,0.53175664,80.30171
0.0,0.31772682,72.14025
0.0,0.20908067,149.1194
0.0,0.12378205,126.51301
0.0,0.2507606,80.98273
0.0,0.2585015,379.2411
0.0,0.53150654,72.29289
0.0,0.9571072,73.71611
0.0,0.40487903,81.64114
0.0,0.3485583,77.65081
0.0,0.01869398,266.25543
0.0,0.2804545,719.44446
0.0,0.5821106,65.338295
0.0,0.6780189,89.84119
0.0,0.2141421,78.60397
0.0,0.44297308,128.3161
0.0,0.59179765,66.65006
0.0,0.77454865,72.26009
0.0,0.17318729,72.575775
0.0,0.5106915,326.82864
0.0,0.63705707,110.163445
0.0,0.41096514,79.45927
0.0,0.48984423,138.9628
0.0,0.5413857,71.257805
0.0,0.4547028,98.968254
0.0,0.6450693,150.12263
0.0,0.10649011,148.45451
0.0,0.29488572,65.768036
0.0,0.174653,85.010666
0.0,0.10486319,82.97428
0.0,0.49624753,114.252914
0.0,0.32270744,127.60225
0.0,0.42833567,212.80191
0.0,0.288771,72.86053
0.0,0.038464226,137.86813
0.0,0.26108626,82.29267
0.0,0.123762846,87.00318
0.0,0.45848402,112.03731
0.0,0.6228848,75.772865
0.0,0.46347108,81.937065
0.0,0.83313143,88.26531
0.0,0.25180286,101.7708
0.0,0.1178283,65.42686
0.0,0.3541551,117.9489
0.0,0.22162975,211.11678
0.0,0.1285576,107.918304
0.0,0.49005085,197.31737
0.0,0.47955465,390.4727
0.0,0.3284332,300.02115
0.0,0.41948593,392.3927
0.0,0.41978163,321.1454
0.0,0.4489062,78.917625
0.0,0.23304199,66.39942
0.0,0.31308326,75.15528
0.0,0.2983047,140.3794
0.0,0.60701776,71.10482
0.0,0.45080015,84.53472
0.0,0.5089278,70.34497
0.0,0.62008214,91.97123
0.0,0.5087422,85.886314
0.0,0.5235851,193.11975
0.0,0.52944255,65.14404
0.0,0.40699917,273.06808
0.0,0.45372322,66.80916
0.0,0.3018386,96.35486
0.0,0.042009592,222.91794
0.0,0.4814162,82.639885
0.0,0.6739508,67.33318
0.0,0.4235549,92.82874
0.0,0.31538656,96.36679
0.0,0.28648502,71.64305
0.0,0.3172314,219.64233
0.0,0.50615287,89.422935
0.0,0.19788724,221.39613
0.0,0.6643634,85.08761
0.0,0.12134535,85.96655
0.0,0.6700549,83.71507
0.0,0.33747742,73.753204
0.0,0.21558794,66.703575
0.0,0.20621674,93.92879
0.0,0.1248746,103.15656
0.0,0.26871002,68.01756
0.0,0.43977877,165.71652
0.0,0.504251,149.71252
0.0,0.13646679,85.13027
0.0,0.34695622,69.39716
0.0,0.51082015,123.24337
0.0,0.20891993,74.19496
0.0,0.33277407,80.1725
0.0,0.35957518,109.5513
0.0,0.25088254,83.30663
0.0,0.6247501,298.25052
0.0,0.16052589,493.0713
0.0,0.23449716,195.12976
0.0,0.059606414,244.8075
0.0,0.15489477,92.12556
0.0,0.12374067,259.18692
0.0,0.49671823,251.13464
0.0,0.29711938,65.224236
0.0,0.26900598,210.41814
0.0,0.7097832,409.4501
0.0,0.52275,77.76369
0.0,0.48333526,73.49621
0.0,0.338311,91.90007
0.0,0.46346158,2.8869402e+06
0.0,0.43880013,318.81735
0.0,0.06332308,69.667725
0.0,0.40668333,67.15431
0.0,0.6571421,67.663124
0.0,0.41463116,77.34536
0.0,0.42950028,113.78415
0.0,0.4083924,110.59622
0.0,0.21680261,93.112854
0.0,0.034834813,128.56076
0.0,0.8131527,107.76545
0.0,0.43655142,140.14284
0.0,0.20559315,90.51759
0.0,0.1585449,114.18789
0.0,0.080577455,422.29025
0.0,0.7161689,68.33341
0.0,0.37104535,120.03945
0.0,0.4718852,100.77297
0.0,0.13466692,74.883095
0.0,0.13918793,957.1982
0.0,0.593883,85.68786
0.0,0.11777653,383.19373
0.0,0.35513481,164.23492
0.0,0.40011093,89.44417
0.0,0.5941853,72.5418
0.0,0.17558312,106.41808
0.0,0.48329994,68.62401
0.0,0.6012166,96.911934
0.0,0.4832223,67.33086
0.0,0.4632805,87.936646
0.0,0.24216594,75.63858
0.0,0.33831608,95.13549
0.0,0.38434333,80.06707
0.0,0.43058053,118.87027
0.0,0.82087773,281.30118
0.0,0.33129516,79.3673
0.0,0.15619859,984.4461
0.0,0.086328946,159.96
0.0,0.42697284,256.25443
0.0,0.21652737,71.5432
0.0,0.4727201,177.79369
0.0,0.553673,82.243805
0.0,0.20007595,70.80636
0.0,0.1524118,110.8234
0.0,0.16290937,86.92625
0.0,0.40915954,72.31659
0.0,0.30735955,137.1701
0.0,0.6400203,83.50015
0.0,0.52450144,75.0266
0.0,0.469078,70.17576
0.0,0.53823596,110.066475
0.0,0.123142,71.582466
0.0,0.45996398,153.9328
0.0,0.48273313,103.26173
0.0,0.40940732,106.237656
0.0,0.14703776,98.25101
0.0,0.21509415,71.23256
0.0,0.28628784,69.64552
0.0,0.29757053,177.95705
0.0,0.12186695,317.6578
0.0,0.07643376,156.33098
0.0,0.46662417,65.4464
0.0,0.56426394,109.459206
0.0,0.45683822,134.01167
0.0,0.29834127,74.872795
0.0,0.14202216,97.84301
0.0,0.48059022,98.33011
0.0,0.25334787,99.03959
0.0,0.19761337,66.20724
0.0,0.047219906,70.11414
0.0,0.558523,89.80115
0.0,0.06178902,136.14395
0.0,0.053163532,383.02734
0.0,0.90406877,75.171394
0.0,0.3827557,178.91064
0.0,0.42602745,74.188545
0.0,0.4244517,367.26016
0.0,0.31099913,103.76589
0.0,0.2298728,68.94619
0.0,0.49961334,108.02583
0.0,0.19342211,262.4548
0.0,0.47007638,71.73247
0.0,0.7321003,66.14649
0.0,0.6626932,472.77628
0.0,0.50955653,68.75267
0.0,0.2790964,214.60391
0.0,0.46154216,73.16192
0.0,0.3000478,67.1207
0.0,0.4612983,95.03339
0.0,0.99477035,97.71066
0.0,0.2031302,94.84984
0.0,0.48041055,110.05814
0.0,0.08327861,136.4106
0.0,0.25613785,73.71392
0.0,0.43896547,222.34973
0.0,0.49406075,89.859955
0.0,0.18582825,117.899704
0.0,0.38313192,79.31628
0.0,0.27024263,117.48813
0.0,0.46241975,147.23851
0.0,0.028326415,85.9722
0.0,0.22326909,97.37908
0.0,0.48278412,78.39572
0.0,0.3100716,70.05149
0.0,0.45248136,126.100365
0.0,0.41796643,98.34301
0.0,0.5302128,76.91638
0.0,0.357157,381.82083
0.0,0.35810205,88.731544
0.0,0.25121042,77.238434
0.0,0.5450054,70.07932
0.0,0.39620394,78.047676
0.0,0.12732552,349.69025
0.0,0.18821843,102.18985
0.0,0.45936856,115.173416
0.0,0.29216415,213.90982
0.0,0.21198702,77.791916
0.0,0.47330046,68.267715
0.0,0.4840304,86.711555
0.0,0.051743187,117.56774
0.0,0.14370549,141.64943
0.0,0.31609365,68.11964
0.0,0.47541532,176.60077
0.0,0.19761725,140.66289
0.0,0.13363756,67.15802
0.0,0.4386971,109.98071
0.0,0.38439834,76.802055
0.0,0.45554814,144.36311
0.0,0.34494165,87.1507
0.0,0.28828323,65.91496
0.0,0.25039095,68.43015
0.0,0.5856084,72.80699
0.0,0.4035121,78.960915
0.0,0.03785352,110.49936
0.0,0.47347844,99.80007
0.0,0.17460145,137.64882
0.0,0.12946765,595.9275
0.0,0.6245703,100.94145
0.0,0.6804486,67.84475
0.0,0.5261458,86.35143
0.0,0.46267563,99.00426
0.0,0.58589745,374.86484
0.0,0.2105484,71.89521
0.0,0.20303902,107.86068
0.0,0.5881029,65.17298
0.0,0.8624894,74.93769
0.0,0.19551493,78.36585
0.0,0.80161655,66.98614
0.0,0.7487805,68.05235
0.0,0.69587606,102.20803
0.0,0.05252769,122.3785
0.0,0.32294208,69.00638
0.0,0.24388954,91.06186
0.0,0.083680764,352.29654
0.0,0.73105395,65.73071
0.0,0.20794195,84.575195
0.0,0.33430627,354.32343
0.0,0.25553346,66.831375
0.0,0.52929217,274.1783
0.0,0.17906652,65.75403
0.0,0.29903847,147.79803
0.0,0.04212052,522.9611
0.0,0.3628031,104.963326
0.0,0.6341189,250.72208
0.0,0.014715858,131.84778
0.0,0.6754431,67.10388
0.0,0.8007678,97.42863
0.0,0.6411962,106.58448
0.0,0.80114996,85.247795
0.0,0.07169587,580.48926
0.0,0.5490027,139.64864
0.0,0.45577756,247.75787
0.0,0.11357844,90.07577
0.0,0.37669966,90.88721
0.0,0.057123818,92.04682
0.0,0.21490502,118.25083
0.0,0.4500488,184.52414
0.0,0.67473483,85.96953
0.0,0.2880632,68.262375
0.0,0.367585,151.36403
0.0,0.47815096,128.23236
0.0,0.08398744,429.1036
0.0,0.0065108393,520.1971
0.0,0.47742677,94.39767
0.0,0.45250937,73.134796
0.0,0.5866403,101.55509
0.0,0.24715282,65.5135
0.0,0.23671924,149.93756
0.0,0.5476264,209.32072
0.0,0.2861258,96.19854
0.0,0.31021345,228.80907
0.0,0.29705724,73.830376
0.0,0.06764351,297.30597
0.0,0.14271562,87.61588
0.0,0.1175635,72.78689
0.0,0.020468729,284.9475
0.0,0.08456177,100.26969
0.0,0.53081274,70.53041
0.0,0.1421581,77.23053
0.0,0.10673916,90.68705
0.0,0.38556293,106.856155
0.0,0.29637733,144.158
0.0,0.2803347,86.47577
0.0,0.46154216,110.43544
0.0,0.7081777,81.09715
0.0,0.40379816,303.8851
0.0,0.25109434,141.40338
0.0,0.66483456,68.13232
0.0,0.4347824,767.3396
0.0,0.42185906,157.54984
0.0,0.29487962,69.11671
0.0,0.13253167,331.23618
0.0,0.15596463,77.12215
0.0,0.5308388,96.4677
0.0,0.23186283,141.79274
0.0,0.617487,101.89133
0.0,0.30848935,91.8724
0.0,0.10644831,71.77863
0.0,0.04231407,221.7988
0.0,0.5811694,70.751396
0.0,0.17778254,93.01162
0.0,0.46554476,98.48662
0.0,0.8576958,351.7788
0.0,0.14678593,132.19923
0.0,0.24301231,96.48269
0.0,0.041743904,115.40456
0.0,0.6934261,170.46046
0.0,0.18340214,66.06872
0.0,0.08300109,82.2701
0.0,0.621653,216.10951
0.0,0.7274152,154.0214
0.0,0.39755923,175.56027
0.0,0.48318624,106.16396
0.0,0.38958055,308.73264
0.0,0.73831874,95.04768
0.0,0.19262713,70.34607
0.0,0.52301484,65.49521
0.0,0.37446964,78.877884
0.0,0.47163704,168.83809
0.0,0.49899232,123.71945
0.0,0.12494778,72.35976
0.0,0.2474746,66.53595
0.0,0.21196026,95.122116
0.0,0.07785369,75.71615
0.0,0.8491012,69.04179
0.0,0.54945534,116.07986
0.0,0.4133026,146.55603
0.0,0.3405524,657.5081
0.0,0.17714557,279.15878
0.0,0.53180075,1.18137736e+08
0.0,0.64204973,211.27364
0.0,0.9214767,255.02756
0.0,0.30077606,269.91302
0.0,0.2834004,95.04095
0.0,0.4990852,65.84438
0.0,0.1950583,210.70284
0.0,0.3100004,69.26843
0.0,0.24831314,74.64158
0.0,0.02695051,75.25596
0.0,0.522806,139.31294
0.0,0.46665153,66.55061
0.0,0.35804698,84.069786
0.0,0.049446937,646.58417
0.0,0.16849709,108.31509
0.0,0.4235902,71.59996
0.0,0.27638936,879.965
0.0,0.06910164,160.79784
0.0,0.65104914,88.18927
0.0,0.31430843,77.951454
0.0,0.7543585,65.33727
0.0,0.34064832,206.73611
0.0,0.33790848,65.66633
0.0,0.3140007,313.2383
0.0,0.098808035,77.69332
0.0,0.99998474,104102.65
0.0,0.45469514,94.828415
0.0,0.53798985,201.37613
0.0,0.6187143,66.05769
0.0,0.19767253,119.36411
0.0,0.010042873,135.99867
0.0,0.47412595,367.98428
0.0,0.44131103,404.99487
0.0,0.6135129,69.444176
0.0,0.014798173,652.04364
0.0,0.23563924,73.1323
0.0,0.3077429,120.39564
0.0,0.3238118,263.6524
0.0,0.19752379,88.07811
0.0,0.10038301,245.8012
0.0,0.49181426,101.66297
0.0,0.025742173,349.05542
0.0,0.82314044,68.46829
0.0,0.50069183,67.612885
0.0,0.3664275,117.23138
0.0,0.37883195,114.90729
0.0,0.6181731,86.75898
0.0,0.6025135,72.43453
0.0,0.11548984,403.12317
0.0,0.78652,185.60829
0.0,0.20999411,83.08339
0.0,0.0040706634,264.09204
0.0,0.3074293,74.52556
0.0,0.39623982,76.15277
0.0,0.4237789,113.26177
0.0,0.51680046,67.04673
0.0,0.17014253,221.87444
0.0,0.37878016,70.41263
0.0,0.24395043,118.63284
0.0,0.19229148,247.53342
0.0,0.6403067,127.7695
0.0,0.08650719,87.954384
0.0,0.36625168,67.3817
0.0,0.23322767,88.66062
0.0,0.4174303,74.21419
0.0,0.02691186,321.8277
0.0,0.5526844,177.2421
0.0,0.21459949,97.69634
0.0,0.68176967,276.61847
0.0,0.51378673,87.15889
0.0,0.07365157,279.5649
0.0,0.22693355,692.4761
0.0,0.26651296,95.13821
0.0,0.4309278,199.26361
0.0,0.4981941,107.817345
0.0,0.3601567,73.81514
0.0,0.35049355,153.77975
0.0,0.44448546,68.32167
0.0,0.3160703,113.087616
0.0,0.49314183,99.7861
0.0,0.47342023,67.19895
0.0,0.67916244,67.25613
0.0,0.22805685,77.65516
0.0,0.95363086,71.63888
0.0,0.6845464,133.5982
0.0,0.24297442,107.82658
0.0,0.4279823,76.631615
0.0,0.8788013,379.1803
0.0,0.36523688,101.53815
0.0,0.15301996,74.709526
0.0,0.21856233,148.29071
0.0,0.09675256,97.8743
0.0,0.50388426,134.10757
0.0,0.35326132,98.602875
0.0,0.8590145,74.96871
0.0,0.2954779,168.14546
0.0,0.41948092,90.80926
0.0,0.4195545,65.59481
0.0,0.5472906,124.88819
0.0,0.44293538,79.41257
0.0,0.44273612,134.2255
0.0,0.36400843,137.39816
0.0,0.5040354,195.3616
0.0,0.503566,74.17401
0.0,0.44811755,303.23517
0.0,0.48446038,86.80024
0.0,0.1377139,71.70268
0.0,0.6089208,92.44339
0.0,0.4958358,102.98314
0.0,0.628605,140.19624
0.0,0.43571937,131.51453
0.0,0.39159,433.71094
0.0,0.5184516,231.07025
0.0,0.011141466,195.19415
0.0,0.07281524,85.88601
0.0,0.24014682,74.10917
0.0,0.035381597,88.6902
0.0,0.5834236,112.7616
0.0,0.14446242,73.61353
0.0,0.23135668,178.74327
0.0,0.4423273,87.797646
0.0,0.034324802,155.45291
0.0,0.72278714,297.6955
0.0,0.5317617,141.59276
0.0,0.16193792,74.67285
0.0,0.3470198,132.34991
0.0,0.49346575,121.951096
0.0,0.4916489,764.39606
0.0,0.3771865,87.17071
0.0,0.109431714,125.77494
0.0,0.0734055,102.8319
0.0,0.12855516,118.09611
0.0,0.6099689,85.61401
0.0,0.2600132,73.37339
0.0,0.06685083,103.85816
0.0,0.44121963,85.30852
0.0,0.19786665,246.74203
0.0,0.3778854,75.90612
0.0,0.49259534,130.19397
0.0,0.44485676,88.4307
0.0,0.48529813,71.59945
0.0,0.4771755,254.3461
0.0,0.63675946,88.33095
0.0,0.33084273,245.1215
0.0,0.3453616,119.09366
0.0,0.43364942,71.63172
0.0,0.55540025,250.73543
0.0,0.106343634,198.23329
0.0,0.4744018,201.56216
0.0,0.25105295,89.23247
0.0,0.55649096,111.210106
0.0,0.2405217,145.9343
0.0,0.015415417,94.632614
0.0,0.11100648,95.59866
0.0,0.46359444,173.75366
0.0,0.4143811,104.71055
0.0,0.7082787,76.40402
0.0,0.9150464,106.42188
0.0,0.082161166,87.40343
0.0,0.45907974,82.093185
0.0,0.9943573,628.96423
0.0,0.96622777,353.3894
0.0,0.2209965,66.71885
0.0,0.40322492,74.91539
0.0,0.3888692,140.11137
0.0,0.06642072,98.17687
0.0,0.6279379,65.83569
0.0,0.2995638,85.00063
0.0,0.48383883,71.42523
0.0,0.11516708,167.7886
0.0,0.52137774,70.933815
0.0,0.41938075,90.340614
0.0,0.002116805,70.21904
0.0,0.24399018,72.286736
0.0,0.3450649,77.7534
0.0,0.3228263,96.14171
0.0,0.5098354,94.53386
0.0,0.12142171,73.17017
0.0,0.043093756,1003.0328
0.0,0.18012954,182.85382
0.0,0.35686693,96.8973
0.0,0.49125525,75.91822
0.0,0.090331495,83.56928
0.0,0.6856034,75.430336
0.0,0.027715376,110.0353
0.0,0.23101667,85.2396
0.0,0.48819968,87.83916
0.0,0.0802205,97.02913
0.0,0.15287988,102.01093
0.0,0.3015725,96.2644
0.0,0.16007385,171.14844
0.0,0.30267784,270.47076
0.0,0.5417906,65.963295
0.0,0.4359591,556.7149
0.0,0.6330721,106.960976
0.0,0.54065895,78.91565
0.0,0.3258749,76.35103
0.0,0.45325774,139.64757
0.0,0.1300356,70.093155
0.0,0.31173125,110.35623
0.0,0.28307518,542.3321
0.0,0.16863772,114.175476
0.0,0.12123247,88.72139
0.0,0.27027687,177.57509
0.0,0.6030133,97.523285
0.0,0.26943192,78.50281
0.0,0.34220272,77.5636
0.0,0.50064677,67.68846
0.0,0.36511272,74.79741
0.0,0.583052,68.033066
0.0,0.5841076,127.58081
0.0,0.6871773,66.08464
0.0,0.10700235,875.8621
0.0,0.08801866,68.03579
0.0,0.30623987,78.64902
0.0,0.5741676,69.03121
0.0,0.16389482,77.66987
0.0,0.113724865,85.59232
0.0,0.5203089,66.82017
0.0,0.6544013,68.37142
0.0,0.51690507,139.69986
0.0,0.60172224,74.54669
0.0,0.5436478,67.422554
0.0,0.46608204,93.16416
0.0,0.05297833,138.70761
0.0,0.22655009,81.16129
0.0,0.091577284,72.53296
0.0,0.4285718,69.561386
0.0,0.44468194,77.13375
0.0,0.4118278,78.69076
0.0,0.44885835,166.03653
0.0,0.35581785,77.86902
0.0,0.25675872,75.20578
0.0,0.25024804,244.68791
0.0,0.075187735,161.0131
0.0,0.32752055,119.8087
0.0,0.12945332,147.02512
0.0,0.53856075,152.53127
0.0,0.60061187,75.95833
0.0,0.43805066,88.83997
0.0,0.048565205,75.359314
0.0,0.28539684,615.3711
0.0,0.4049615,134.0216
0.0,0.45650804,85.393326
0.0,0.29226404,83.511566
0.0,0.12747574,390.96365
0.0,0.47640273,209.51202
0.0,0.49189216,276.78403
0.0,0.037420467,106.31957
0.0,0.57145095,76.188736
0.0,0.07443581,84.78071
0.0,0.45471194,132.29005
0.0,0.70974696,88.03033
0.0,0.19709387,161.89458
0.0,0.650465,160.70174
0.0,0.30546364,67.42825
0.0,0.15251508,150.10252
0.0,0.7930767,278.90283
0.0,0.27046037,100.43193
0.0,0.94906443,516.8864
0.0,0.09946996,120.008026
0.0,0.4215246,104.30281
0.0,0.049269456,79.85423
0.0,0.7325235,70.009026
0.0,0.24793363,76.17276
0.0,0.10038027,71.411476
0.0,0.22491944,66.183266
0.0,0.5881247,149.29256
0.0,0.3931716,93.1216
0.0,0.47682503,118.0254
0.0,0.51303446,101.78063
0.0,0.20146795,247.8365
0.0,0.5453448,111.42503
0.0,0.11434758,124.75519
0.0,0.9595812,82.76681
0.0,0.753065,74.53098
0.0,0.23283724,245.31186
0.0,0.50759876,229.44252
0.0,0.5656886,89.22507
0.0,0.17177407,99.07766
0.0,0.39089614,101.84301
0.0,0.22899242,303.20853
0.0,0.65133,168.77544
0.0,0.20254894,87.90544
0.0,0.26596776,72.604744
0.0,0.09058632,109.69056
0.0,0.6246512,215.9398
0.0,0.34208974,66.1923
0.0,0.34590453,91.34916
0.0,0.45966467,112.720436
0.0,0.39219168,68.22314
0.0,0.16604407,87.86081
0.0,0.29249856,97.0706
0.0,0.6266136,76.06455
0.0,0.9999964,93.73122
0.0,0.496248,102.04303
0.0,0.65587807,679.9285
0.0,0.60063034,82.48005
0.0,0.21934791,430.25897
0.0,0.34064195,82.57062
0.0,0.14729181,65.5897
0.0,0.60499895,68.85348
0.0,0.27576855,296.79166
0.0,0.21702924,73.55217
0.0,0.37831068,71.23025
0.0,0.30473563,83.686264
0.0,0.12980689,655.0028
0.0,0.14729732,71.71802
0.0,0.09213059,111.56716
0.0,0.5762419,118.12425
0.0,0.12039266,82.80403
0.0,0.58851725,66.45212
0.0,0.240552,68.76133
0.0,0.4432371,320.84915
0.0,0.08034869,589.5591
0.0,0.028002443,350.05655
0.0,0.48918608,73.709045
0.0,0.048791237,112.44121
0.0,0.40835992,73.077446
0.0,0.77408963,162.01808
0.0,0.44899482,84.59957
0.0,0.43042898,185.81862
0.0,0.8251652,90.061134
0.0,0.28567463,92.128265
0.0,0.29896098,139.5061
0.0,0.45182255,80.42441
0.0,0.41693968,65.36615
0.0,0.12173199,165.91943
0.0,0.40433398,84.170555
0.0,0.15006113,66.948494
0.0,0.10915602,81.1526
0.0,0.28163818,94.34783
0.0,0.83487594,76.13597
0.0,0.41161916,96.1053
0.0,0.7094969,111.74155
0.0,0.48237193,69.997635
0.0,0.42860276,95.36677
0.0,0.26552173,84.1481
0.0,0.5030582,124122.39
0.0,0.14410454,91.66469
0.0,0.49914163,69.5333
0.0,0.3535941,80.37868
0.0,0.24298269,514.6965
0.0,0.50663733,105.920456
0.0,0.3213203,120.568665
0.0,0.18262298,96.76388
0.0,0.12472756,110.53947
0.0,0.40282595,111.47092
0.0,0.5104411,183.24684
0.0,0.5998451,123.63363
0.0,0.31071743,164.59552
0.0,0.11581441,93.02089
0.0,0.47288355,66.61685
0.0,0.43093684,197.98402
0.0,0.30187455,237.60728
0.0,0.4106754,167.03424
0.0,0.5089365,148.08408
0.0,0.5186422,241.54921
0.0,0.51484585,108.88792
0.0,0.69315577,81.27539
0.0,0.15444101,76.633255
0.0,0.091342926,77.6344
0.0,0.115375265,257.869
0.0,0.38168454,179.07358
0.0,0.5047667,66.319
0.0,0.08938755,108.32347
0.0,0.28713605,147.29204
0.0,0.6096774,115.07173
0.0,0.40105787,171.96092
0.0,0.16647875,83.8736
0.0,0.78347653,77.746445
0.0,0.42060935,227.2337
0.0,0.47549573,87.20565
0.0,0.19820854,109.64215
0.0,0.28513774,141.49376
0.0,0.6981647,67.24483
0.0,0.26681113,69.79377
0.0,0.5442267,68.85639
0.0,0.40415707,427.8832
0.0,0.47264493,121.8578
0.0,0.30484802,438.83868
0.0,0.4838058,122.68443
0.0,0.42127642,65.04122
0.0,0.62507993,82.02763
0.0,0.31265882,65.26532
0.0,0.20526168,79.23226
0.0,0.52673084,105.67924
0.0,0.7908163,87.11564
0.0,0.7317825,273.0808
0.0,0.582743,78.75392
0.0,0.27114436,138.95364
0.0,0.394597,99.85079
0.0,0.3044597,239.74011
0.0,0.6001777,108.90071
0.0,0.033649515,133.05292
0.0,0.9185122,151.08327
0.0,0.52576137,67.03144
0.0,0.09415531,68.19956
0.0,0.12728752,78.950836
0.0,0.233282,225.774
0.0,0.34434998,81.99216
0.0,0.53335285,447.8343
0.0,0.36413705,78.821526
0.0,0.558464,131.79466
0.0,0.81662303,292.2317
0.0,0.26168674,244.95657
0.0,0.36598894,74.108315
0.0,0.33087724,512.7702
0.0,0.1486121,84.12131
0.0,0.41293243,83.544304
0.0,0.61312366,67.335846
0.0,0.09047462,460.45078
0.0,0.15347365,65.9651
0.0,0.8246601,87.263016
0.0,0.46433792,145.782
0.0,0.9815181,278.35507
0.0,0.16457756,159.1892
0.0,0.47776937,372.97488
0.0,0.16285701,122.53514
0.0,0.42927444,84.33172
0.0,0.5455091,90.19519
0.0,0.25130522,211.3219
0.0,0.17618895,65.485
0.0,0.5503993,75.29336
0.0,0.27468282,85.9297
0.0,0.44383925,141.28055
0.0,0.7635757,415.24963
0.0,0.13582964,87.288506
0.0,0.910502,66.6623
0.0,0.5685211,85.07393
0.0,0.30794325,66.820786
0.0,0.3111391,183.68053
0.0,0.400501,89.59507
0.0,0.67904884,68.39083
0.0,0.29457545,72.885086
0.0,0.51656103,108.55559
0.0,0.16952807,115.10629
0.0,0.3758185,81.06506
0.0,0.35609263,67.52768
0.0,0.6005863,66.83663
0.0,0.1205546,72.01951
0.0,0.13678363,107.322
0.0,0.44782835,97.92028
0.0,0.5806426,89.99518
0.0,0.640276,66.98787
0.0,0.2949057,93.969475
0.0,0.5494238,120.16413
0.0,0.74233156,110.14687
0.0,0.54026544,85.071335
0.0,0.29179782,107.49831
0.0,0.73313725,521.79767
0.0,0.15900196,88.84619
0.0,0.6104828,65.656944
0.0,0.21351169,140.99548
0.0,0.40106982,120.08058
0.0,0.66559607,96.289185
0.0,0.19616266,95.79231
0.0,0.9621931,470.2491
0.0,0.3664683,132.84177
0.0,0.16935635,87.78704
0.0,0.3924495,66.66503
0.0,0.22021224,89.50152
0.0,0.5851883,86.05424
0.0,0.37749043,364.2363
0.0,0.11725263,80.85952
0.0,0.3390097,399.6469
0.0,0.2963192,306.37057
0.0,0.48592654,135.19101
0.0,0.35983992,70.97098
0.0,0.51143485,103.86489
0.0,0.50804293,79.10112
0.0,0.69040555,81.85912
0.0,0.5842685,68.13613
0.0,0.15159585,289.26212
0.0,0.532799,238.76175
0.0,0.5445292,537.18604
0.0,0.56003743,253.30115
0.0,0.24684323,68.734436
0.0,0.3282691,132.34991
0.0,0.36801225,456.38696
0.0,0.39266062,65.345665
0.0,0.55689657,88.11378
0.0,0.19595687,68.811195
0.0,0.39995325,89.1891
0.0,0.98643726,234.94899
0.0,0.64994395,86.701225
0.0,0.32699445,105.51646
0.0,0.06839821,88.50646
0.0,0.24000251,97.552765
0.0,0.45877945,109.698326
0.0,0.22253649,384.68094
0.0,0.44432053,77.20967
0.0,0.5263443,67.33838
0.0,0.6113531,66.30937
0.0,0.14145961,101.4348
0.0,0.3342917,77.352516
0.0,0.5600692,86.46395
0.0,0.44314307,187.78334
0.0,0.44314313,187.78334
0.0,0.31618375,133.75098
0.0,0.48364645,66.14023
0.0,0.349575,139.23204
0.0,0.46856025,80.49453
0.0,0.27709347,191.33853
0.0,0.12863663,179.04997
0.0,0.4399672,81.073654
0.0,0.41227755,76.14575
0.0,0.29437798,170.83116
0.0,0.1782638,545.0141
0.0,0.2711962,280.8045
0.0,0.2711962,280.8045
0.0,0.36937895,122.773636
0.0,0.4606689,80.6228
0.0,0.36947346,73.35708
0.0,0.6112206,178.86096
0.0,0.4709023,179.2823
0.0,0.08573336,328.77054
0.0,0.020074701,239.4539
0.0,0.30662447,95.7749
0.0,0.30662447,95.7749
0.0,0.363087,76.810196
0.0,0.64106405,571.85864
0.0,0.0502682,280.52084
0.0,0.13334392,84.655235
0.0,0.2805848,192.8894
0.0,0.42658475,100.87448
0.0,0.22398157,74.81416
0.0,0.16649787,68.821625
0.0,0.12806405,82.44872
0.0,0.12685564,73.74027
0.0,0.34913257,78.79279
0.0,0.51368755,65.59244
0.0,0.44364658,72.7644
0.0,0.9033981,90.90176
0.0,0.030169949,79.26548
0.0,0.37542254,69.812485
0.0,0.55907387,90.23826
0.0,0.42644742,82.40397
0.0,0.5044181,369.8518
0.0,0.08783223,98.3962
0.0,0.26223662,84.35638
0.0,0.19451989,140.05232
0.0,0.37049368,146.32425
0.0,0.42862588,141.15216
0.0,0.509595,91.28048
0.0,0.49995732,97.7137
0.0,0.22683392,71.20554
0.0,0.46154216,86.36887
0.0,0.24190778,91.184845
0.0,0.32327166,129.53174
0.0,0.35150513,86.547104
0.0,0.2090467,275.9755
0.0,0.3905684,320.03433
0.0,0.39086217,79.74362
0.0,0.26953495,87.90983
0.0,0.05398082,98.79791
0.0,0.5289283,238.05852
0.0,0.71343327,124.2095
0.0,0.54154325,103.81632
0.0,0.22376524,131.06708
0.0,0.41375673,72.444176
0.0,0.24358027,84.231224
0.0,0.37220582,435.25534
0.0,0.28945568,173.27386
0.0,0.19611552,143.78178
0.0,0.05458398,75.86248
0.0,0.20947282,417.40308
0.0,0.31539077,161.27187
0.0,0.24323621,126.385414
0.0,0.18721518,78.578476
0.0,0.07861785,182.32516
0.0,0.495356,169.831
0.0,0.44603163,75.152534
0.0,0.035172913,106.90456
0.0,0.609052,79.44531
0.0,0.6119648,101.095795
0.0,0.11552925,131.21005
0.0,0.37831402,123.85625
0.0,0.2862493,113.85895
0.0,0.13099529,495.8422
0.0,0.2778164,75.56025
0.0,0.19685784,114.08056
0.0,0.5102906,106.42439
0.0,0.30989984,95.94309
0.0,0.52000064,91.25688
0.0,0.038817883,89.87429
0.0,0.24227385,141.11707
0.0,0.48743725,128.11226
0.0,0.22258155,74.30679
0.0,0.14545757,303.71265
0.0,0.5872103,301.92554
0.0,0.738661,126.196075
0.0,0.14016302,141.1868
0.0,0.44906843,67.2814
0.0,0.24375987,70.76567
0.0,0.4764035,196.9653
0.0,0.14097613,66.87616
0.0,0.408628,189.83493
0.0,0.12062614,103.66255
0.0,0.5223948,89.39167
0.0,0.30771837,160.0627
0.0,0.55323756,65.747185
0.0,0.1667411,105.93825
0.0,0.21496336,84.15627
0.0,0.36535054,68.04785
0.0,0.053995017,376.79498
0.0,0.7632992,77.63232
0.0,0.2588016,72.535904
0.0,0.5738734,81.76101
0.0,0.11175384,67.02042
0.0,0.10779324,84.4496
0.0,0.37203354,70.78574
0.0,0.12507848,127.64407
0.0,0.17715535,79.36262
0.0,0.108738214,79.85573
0.0,0.4758609,99.75721
0.0,0.107427195,185.87616
0.0,0.13137086,258.0375
0.0,0.49419504,88.55934
0.0,0.19929746,95.40154
0.0,0.39879325,214.89758
0.0,0.19671944,67.943504
0.0,0.6470983,71.93212
0.0,0.15837951,81.82614
0.0,0.17009324,174.18755
0.0,0.28895244,131.41342
0.0,0.34935382,84.92666
0.0,0.22401804,355.13196
0.0,0.43981007,147.10553
0.0,0.18250604,92.760864
0.0,0.19811434,67.94216
0.0,0.10468932,115.65241
0.0,0.19311793,102.58927
0.0,0.45535597,93.21473
0.0,0.4857918,148.04083
0.0,0.2656118,99.29023
0.0,0.48843434,135.42552
0.0,0.52164376,69.53884
0.0,0.56470287,136.21266
0.0,0.007326752,294.71292
0.0,0.29873893,77.39903
0.0,0.222045,200.02248
0.0,0.02924559,913.8131
0.0,0.08824025,230.9982
0.0,0.22601865,72.01346
0.0,0.10703955,136.56255
0.0,0.01116083,66.03887
0.0,0.8912076,443.875
0.0,0.11125509,106.567696
0.0,0.22679102,90.46506
0.0,0.036353715,102.36902
0.0,0.16505606,82.49305
0.0,0.70826936,85.33208
0.0,0.72419834,244.56517
0.0,0.106448084,148.42812
0.0,0.035059847,287.25128
0.0,0.38739908,148.8642
0.0,0.03443874,377.6712
0.0,0.49613002,175.18826
0.0,0.24993731,74.4163
0.0,0.3807654,90.883415
0.0,0.46849102,951.0708
0.0,0.23730558,106.52956
0.0,0.49587768,106.162506
0.0,0.17433894,72.29059
0.0,0.16888681,107.8682
0.0,0.5882921,85.15874
0.0,0.40234008,147.80396
0.0,0.11196424,84.5194
0.0,0.49705756,134.92995
0.0,0.50631595,74.21476
0.0,0.5174489,72.54998
0.0,0.6663826,67.76883
0.0,0.38367742,70.82945
0.0,0.29207978,89.763145
0.0,0.36268824,67.48565
0.0,0.18098073,70.36057
0.0,0.2830035,68.63177
0.0,0.5722541,552.3601
0.0,0.3918115,314.68732
0.0,0.2885241,76.0492
0.0,0.383382,88.098854
0.0,0.3907146,292.0941
0.0,0.18081422,137.80078
0.0,0.052680813,75.75638
0.0,0.57515115,75.36674
0.0,0.26562873,72.13455
0.0,0.3512079,101.88377
0.0,0.13016085,76.71789
0.0,0.6125637,73.30776
0.0,0.2402668,75.53348
0.0,0.08258531,563.254
0.0,0.5337591,140.01726
0.0,0.28202462,454.4753
0.0,0.6599049,80.2025
0.0,0.45118082,77.23244
0.0,0.5281274,76.961685
0.0,0.021572107,562.06635
0.0,0.5557047,96.15052
0.0,0.41882336,85.505646
0.0,0.2963443,128.985
0.0,0.049527954,96.49196
0.0,0.57315093,157.44937
0.0,0.64881164,66.93298
0.0,0.33254,68.265434
0.0,0.19171372,67.53372
0.0,0.34834573,438.44617
0.0,0.55536336,180.36208
0.0,0.11227416,95.49874
0.0,0.25338092,128.96114
0.0,0.48897552,66.25906
0.0,0.26139197,69.985054
0.0,0.18225153,97.04199
0.0,0.32707417,96.199524
0.0,0.47723198,97.24972
0.0,0.9991567,104.74424
0.0,0.118923016,122.73219
0.0,0.15614837,174.81445
0.0,0.28007585,83.141975
0.0,0.6937086,83.182465
0.0,0.10621111,893.7999
0.0,0.07333484,88.894806
0.0,0.24853235,65.50077
0.0,0.6775601,85.87061
0.0,0.29352,268.71237
0.0,0.08239891,311.92078
0.0,0.6219813,89.80435
0.0,0.27551097,73.220406
0.0,0.42891395,67.3435
0.0,0.1607283,86.894325
0.0,0.37052116,72.19651
0.0,0.06942228,255.04843
0.0,0.40041393,169.48601
0.0,0.29348508,106.66825
0.0,0.08799641,85.69981
0.0,0.42446476,112.72254
0.0,0.113000445,151.41457
0.0,0.5590847,196.9291
0.0,0.204707,72.21451
0.0,0.28849295,79.04572
0.0,0.44809523,179.3588
0.0,0.54706734,121.83827
0.0,0.3331856,108.33394
0.0,0.18043086,80.07157
0.0,0.30756053,70.86282
0.0,0.124119215,642.6543
0.0,0.47255513,65.277824
0.0,0.3683604,209.76498
0.0,0.41063952,286.2908
0.0,0.32293802,89.83098
0.0,0.050031424,428.78876
0.0,0.5056438,330.87924
0.0,0.30839515,69.60797
0.0,0.240585,69.25047
0.0,0.2078493,87.1574
0.0,0.23738246,97.645004
0.0,0.12142148,69.70858
0.0,0.46070495,81.82637
0.0,0.02686661,556.29974
0.0,0.68568116,78.34413
0.0,0.49118623,115.97425
0.0,0.33160335,89.10666
0.0,0.6428919,74.37168
0.0,0.5892298,91.6143
0.0,0.5951387,122.01605
0.0,0.32464382,247.37625
0.0,0.13189946,175.62689
0.0,0.5706466,76.81382
0.0,0.2893067,225.32205
0.0,0.13991138,76.74183
0.0,0.6081546,148.57126
0.0,0.36722347,85.54267
0.0,0.49206743,79.6778
0.0,0.23367222,67.44891
0.0,0.075202905,189.0381
0.0,0.4938838,95.5749
0.0,0.28359902,117.07812
0.0,0.55834526,105.6967
0.0,0.5859277,80.347374
0.0,0.6091562,96.61281
0.0,0.2072436,120.77781
0.0,0.40571904,141.06207
0.0,0.364938,344.3153
0.0,0.13412136,122.3953
0.0,0.9057143,106.553825
0.0,0.5186851,68.89175
0.0,0.0074679283,604.7238
0.0,0.6455218,104.38403
0.0,0.46821555,84.64933
0.0,0.22143088,205.77863
0.0,0.5864026,86.34385
0.0,0.48347786,101.48582
0.0,0.43569687,86.44183
0.0,0.5168582,84.51031
0.0,0.59203094,103.813866
0.0,0.118577,102.21807
0.0,0.012600887,349.68353
0.0,0.18728566,284.60107
0.0,0.54169774,131.85004
0.0,0.8950635,74.762024
0.0,0.37345725,287.45258
0.0,0.4599437,113.58431
0.0,0.34844613,101.7946
0.0,0.3997307,67.06381
0.0,0.6238564,245.42918
0.0,0.6850915,78.65204
0.0,0.5791089,67.03045
0.0,0.23378336,191.78958
0.0,0.93911475,81.986176
0.0,0.07607638,151.2999
0.0,0.5659991,81.32618
0.0,0.13938823,159.18666
0.0,0.3283387,98.524414
0.0,0.07376163,294.07034
0.0,0.46272847,72.55506
0.0,0.17223808,124.11388
0.0,0.10842171,125.19593
0.0,0.09432932,78.57837
0.0,0.22844867,149.51819
0.0,0.1297509,71.87082
0.0,0.37265313,170.43959
0.0,0.6006846,65.66421
0.0,0.06361082,95.346954
0.0,0.54453385,66.32277
0.0,0.4735751,73.55445
0.0,0.22813049,193.66556
0.0,0.32558745,73.28145
0.0,0.487834,69.54002
0.0,0.43982434,103.56608
0.0,0.487861,352.74283
0.0,0.8900548,69.25059
0.0,0.37417057,100.97887
0.0,0.18949677,104.25077
0.0,0.38291588,73.96027
0.0,0.15356565,71.551506
0.0,0.54930484,66.22199
0.0,0.12382101,76.80828
0.0,0.6990148,163.17975
0.0,0.46154216,76.94145
0.0,0.10991213,153.57196
0.0,0.2655852,357.93402
0.0,0.3789295,77.77825
0.0,0.5034356,67.13551
0.0,0.5541824,68.71044
0.0,0.5800598,83.11204
0.0,0.5828877,66.99361
0.0,0.5347603,475.4295
0.0,0.5240323,139.18849
0.0,0.46154216,102.68377
0.0,0.4471279,136.1835
0.0,0.097470395,93.901024
0.0,0.14888993,66.80474
0.0,0.30134392,69.17172
0.0,0.45412362,92.01499
0.0,0.17079459,71.96662
0.0,0.42926082,65.13868
0.0,0.072488256,86.13818
0.0,0.082421824,215.39708
0.0,0.53297216,68.85034
0.0,0.47774774,110.18322
0.0,0.45729566,70.98046
0.0,0.30132416,117.04046
0.0,0.28884578,71.28422
0.0,0.38371807,106.86519
0.0,0.48788825,98.2922
0.0,0.34360647,136.48296
0.0,0.20528896,82.25087
0.0,0.113002576,107.1181
0.0,0.25364405,148.12294
0.0,0.10396419,78.84591
0.0,0.108610064,71.81969
0.0,0.6361056,68.957466
0.0,0.33566752,92.09969
0.0,0.44644725,273.32724
0.0,0.52549785,74.49464
0.0,0.33917344,262.19714
0.0,0.34946325,136.93077
0.0,0.09875695,77.64084
0.0,0.32627383,113.38713
0.0,0.47981766,67.19536
0.0,0.5763856,74.85747
0.0,0.42159885,168.99702
0.0,0.14160438,116.45172
0.0,0.5589546,84.196754
0.0,0.38199016,73.798935
0.0,0.5830885,92.63445
0.0,0.28640506,71.33148
0.0,0.49028972,72.380295
0.0,0.43323803,154.02951
0.0,0.5736942,66.42695
0.0,0.77332634,668.1085
0.0,0.25555792,104.31764
0.0,0.02684883,124.83089
0.0,0.2060947,239.54936
0.0,0.4229834,70.14494
0.0,0.46154216,103.84237
0.0,0.56252533,77.35523
0.0,0.33430567,149.74121
0.0,0.19742323,70.15644
0.0,0.5144716,79.95717
0.0,0.32873377,108.752846
0.0,0.30160707,67.009254
0.0,0.3673717,70.91186
0.0,0.22767465,118.60262
0.0,0.46198004,110.02552
0.0,0.46154216,66.70186
0.0,0.5464844,109.004845
0.0,0.43556893,83.96674
0.0,0.32949612,99.45812
0.0,0.30407497,222.44142
0.0,0.19878632,92.34048
0.0,0.20080793,84.67917
0.0,0.5781247,132.27684
0.0,0.52742916,66.904366
0.0,0.56600046,101.92451
0.0,0.40195414,552.5005
0.0,0.532664,172.948
0.0,0.25529683,87.621994
0.0,0.14782211,84.61525
0.0,0.13801125,401.04803
0.0,0.0822479,261.01218
0.0,0.87788415,195.67116
0.0,0.25007248,69.78926
0.0,0.3678208,97.11927
0.0,0.4241115,99.14992
0.0,0.3858538,79.17993
0.0,0.16060868,68.5682
0.0,0.28219247,90.88603
0.0,0.23151287,74.1878
0.0,0.22985359,109.43349
0.0,0.14537627,78.96208
0.0,0.7213957,359.85855
0.0,0.17028318,163.1766
0.0,0.51106626,72.383255
0.0,0.52408546,73.616745
0.0,0.15444228,70.11188
0.0,0.33439252,77.30168
0.0,0.2937019,76.05447
0.0,0.46154216,76.425125
0.0,0.30913237,66.74832
0.0,0.11938608,250.33437
0.0,0.16862153,73.94651
0.0,0.2385273,94.065636
0.0,0.56705564,109.01914
0.0,0.13679126,411.87384
0.0,0.39180672,71.76378
0.0,0.47936553,69.96626
0.0,0.35028476,92.77899
0.0,0.43607077,123.90304
0.0,0.33900017,145.5748
0.0,0.024842499,441.6611
0.0,0.39831078,65.86736
0.0,0.21545483,213.93013
0.0,0.45958066,124.28945
0.0,0.31159443,66.95884
0.0,0.32304454,226.75555
0.0,0.6339785,90.4588
0.0,0.2597836,75.57606
0.0,0.5384632,79.73158
0.0,0.28678447,197.89699
0.0,0.5075996,86.625534
0.0,0.4128567,75.8685
0.0,0.28664687,493.25568
0.0,0.4715168,82.59093
0.0,0.7129557,208.3165
0.0,0.3631893,74.91147
0.0,0.52377826,253.10225
0.0,0.045186162,237.73424
0.0,0.7776443,72.916885
0.0,0.020227693,590.1465
0.0,0.5182469,66.623726
0.0,0.3801769,79.0125
0.0,0.097344756,107.63874
0.0,0.34586635,65.43178
0.0,0.53848076,133.80827
0.0,0.25364855,481.59402
0.0,0.07231184,67.433395
0.0,0.3500824,113.23299
0.0,0.46499106,73.21387
0.0,0.61546814,79.16293
0.0,0.3733278,73.22064
0.0,0.12979582,117.154755
0.0,0.4772601,115.0711
0.0,0.47540766,118.021835
0.0,0.1711726,78.156425
0.0,0.34237322,68.0565
0.0,0.08997204,80.12918
0.0,0.29901984,93.47921
0.0,0.17504294,136.54883
0.0,0.6333284,498.96716
0.0,0.34787306,113.23137
0.0,0.45969146,176.6702
0.0,0.15698738,242.99321
0.0,0.47379282,66.83634
0.0,0.11256174,717.8155
0.0,0.1998311,76.82918
0.0,0.57965416,120.05962
0.0,0.31819984,95.1497
0.0,0.37857282,267.90326
0.0,0.40674543,68.11696
0.0,0.3402291,203.01115
0.0,0.5512635,101.20691
0.0,0.10860497,71.14371
0.0,0.26785713,138.27919
0.0,0.925993,76.18439
0.0,0.99423474,133.34518
0.0,0.80732274,95.95668
0.0,0.5488082,246.37982
0.0,0.051993314,9.910176e+08
0.0,0.051993314,9.910176e+08
0.0,0.36448717,3.6282456e+07
0.0,0.69125706,280.31827
0.0,0.48629352,144.70781
0.0,0.58896863,2.3106504e+08
0.0,0.8183198,3.214599e+07
0.0,0.76544464,92.71896
0.0,0.76544464,92.71896
0.0,0.6252347,2413.1274
0.0,0.50684977,74.02769
0.0,0.82075083,815.8183
0.0,0.5867387,96.90868
0.0,0.7768929,226.81618
0.0,0.6855015,472855.44
0.0,0.85662323,5.440653e+09
0.0,0.5075518,1.1131523e+07
0.0,0.17393479,1675.7816
0.0,0.46946892,87.415085
0.0,0.91834843,576.62103
0.0,0.58091456,102.943855
0.0,0.64856803,566544.94
0.0,0.94781584,2005.8328
0.0,0.94781584,2005.8328
0.0,0.86605805,87.792656
0.0,0.12649634,8.706778e+06
0.0,0.6863594,371.21936
0.0,0.9546856,38715.246
0.0,0.7145141,508.83426
0.0,0.030599555,245.04105
0.0,0.7690688,66.64209
0.0,0.79742813,1901.7163
0.0,0.8991057,88.60092
0.0,0.7508503,1.7559286e+08
0.0,0.7887377,5.6063304e+07
0.0,0.35494733,1.5305746e+06
0.0,0.44678319,145.7592
0.0,0.44551197,57154.324
0.0,0.984894,22882.465
0.0,0.7599397,175.19595
0.0,0.75608003,757531.56
0.0,0.8345422,246.24635
0.0,0.9670311,98.589455
0.0,0.9805546,22511.73
0.0,0.91705644,87.8762
0.0,0.97983503,93381.66
0.0,0.8672151,171.23245
0.0,0.46408924,153.73334
0.0,0.9348649,182.5878
0.0,0.14167331,231.69101
0.0,0.98320466,1248.8168
0.0,0.7208333,1.7646258e+10
0.0,0.8479496,94.984436
0.0,0.4238048,68.924805
0.0,0.99060273,402.72546
0.0,0.96534026,308.01822
0.0,0.7057195,174.29784
0.0,0.40127823,80.375435
0.0,0.77437466,158.76425
0.0,0.53423566,85.05207
0.0,0.8533956,147.08574
0.0,0.7563192,460.8759
0.0,0.48362604,210.24701
0.0,0.9775955,140.99263
0.0,0.9290108,254.78029
0.0,0.43476608,4211.764
0.0,0.9607487,127.32277
0.0,0.46154216,889.89874
0.0,0.4515493,6949.801
0.0,0.9557501,141.63016
0.0,0.48207763,18983.053
0.0,0.3145922,1.104506e+11
0.0,0.35327107,125.92576
0.0,0.9133341,411.04712
0.0,0.2862211,30163.1
0.0,0.7405533,65.38474
0.0,0.7736694,88.01022
0.0,0.41230366,69.66887
0.0,0.76644284,393.47342
0.0,0.29488397,9.505102e+08
0.0,0.7727653,90.47964
0.0,0.89204466,50197.457
0.0,0.47560853,79.04798
0.0,0.6229101,3.0005212e+07
0.0,0.5850467,99.49878
0.0,0.037090946,27635.377
0.0,0.96721745,3.8726557e+08
0.0,0.91382277,2815.3013
0.0,0.75988,190.06047
0.0,0.48792592,6.1828976e+07
0.0,0.40627694,1271.1193
0.0,0.50587493,69.815285
0.0,0.7223615,151.00888
0.0,0.75945574,2243.806
0.0,0.74139667,163.8369
0.0,0.5015677,195.11252
0.0,0.568955,76.44128
0.0,0.32024097,1.1975373e+08
0.0,0.76553804,107.49884
0.0,0.9257224,148.02937
0.0,0.8203727,1.1571986e+09
0.0,0.84405565,3.7691415e+06
0.0,0.8451077,74.49819
0.0,0.44240063,278.8402
0.0,0.7072031,1522.6641
0.0,0.7126834,289.17685
0.0,0.7163459,8.490926e+06
0.0,0.9514318,116.960236
0.0,0.69321746,4.7628084e+07
0.0,0.39619806,21041.34
0.0,0.43542638,77.78914
0.0,0.4696341,70.90876
0.0,0.6887306,21182.736
0.0,0.6887306,21182.736
0.0,0.83464885,86.45493
0.0,0.666809,12366.072
0.0,0.53844357,818.98413
0.0,0.69451725,1.0804e+06
0.0,0.69451725,1.0804e+06
0.0,0.2546942,1.5361944e+08
0.0,0.62932116,182.28413
0.0,0.4224371,83.63117
0.0,0.44234437,72.355
0.0,0.47131,4757.169
0.0,0.9197022,150.32832
0.0,0.8140195,95.07477
0.0,0.91353714,96.37549
0.0,0.8231306,74.64707
0.0,0.00015944177,130.09203
0.0,0.8802389,74.773476
0.0,0.593566,135.11852
0.0,0.9903562,1604.1202
0.0,0.48462462,143.21758
0.0,0.8492611,981.84894
0.0,0.5497626,140.29341
0.0,0.85161036,115.97667
0.0,0.74960876,1.3567078e+10
0.0,0.8502668,130.30188
0.0,0.553038,239.04753
0.0,0.7375219,210.52132
0.0,0.4127162,108.51244
0.0,0.3996355,4.5892854e+08
0.0,0.46397215,99.589935
0.0,0.9734021,75.310036
0.0,0.9452513,1197.9382
0.0,0.9766644,67.77439
0.0,0.18182048,67.58292
0.0,0.73538,176.98842
0.0,0.9029598,65.332535
0.0,0.4579846,514.54987
0.0,0.5910676,91.87765
0.0,0.42935288,28267.615
0.0,0.8893348,246.9323
0.0,0.86753106,74.962685
0.0,0.81177026,107.05267
0.0,0.77151334,8.2928085e+06
0.0,0.998331,61612.055
0.0,0.9998596,102.72064
0.0,0.9998596,102.72064
0.0,0.43472084,65.052895
0.0,0.3123381,79.63924
0.0,0.9422746,1083.3232
0.0,0.6652628,99.82854
0.0,0.7398061,132.53859
0.0,0.4902652,73.00928
0.0,0.612293,24843.22
0.0,0.99524397,71.561584
0.0,0.70303935,126.74965
0.0,0.87655854,105.05643
0.0,0.11102804,2.6240378e+12
0.0,0.60317445,3.7256356e+10
0.0,0.6179833,1773.4186
0.0,0.08286393,68966.21
0.0,0.48008892,131.91425
0.0,0.6292958,67.36372
0.0,0.36481234,71.95487
0.0,0.7008005,93.25215
0.0,0.1082787,112.23239
0.0,0.47673547,73.762985
0.0,0.4948563,70.02686
0.0,0.23407358,172.37585
0.0,0.9437323,704.6545
0.0,0.4628936,454.11493
0.0,0.33781344,89.336525
0.0,0.20135863,131.89491
0.0,0.5540793,66.793175
0.0,0.05774414,81.7807
0.0,0.4630699,137.58006
0.0,0.18030308,128.29715
0.0,0.5023508,69.47359
0.0,0.5080997,82.21464
0.0,0.016124193,442.85175
0.0,0.3248758,113.63745
0.0,0.3402769,66.15368
0.0,0.50933826,98.46283
0.0,0.5469367,68.38385
0.0,0.13501336,113.09438
0.0,0.12553485,73.16684
0.0,0.7071523,108.952675
0.0,0.28908518,226.96204
0.0,0.7407634,79.84626
0.0,0.117262416,961.8753
0.0,0.5067503,99.70511
0.0,0.16198611,76.76174
0.0,0.48272267,625.42706
0.0,0.15858978,80.70679
0.0,0.3491135,82.6039
0.0,0.56993884,97.85158
0.0,0.13766466,82.72824
0.0,0.15257068,190.58739
0.0,0.10882537,84.54428
0.0,0.42258516,410.0892
0.0,0.47190064,386.7852
0.0,0.34694836,80.5705
0.0,0.087630115,85.98876
0.0,0.07974561,110.02352
0.0,0.33968142,85.5958
0.0,0.40356225,73.81635
0.0,0.24215904,84.4909
0.0,0.513096,290.20358
0.0,0.121408574,105.53482
0.0,0.7186369,79.573685
0.0,0.44429013,1257.0232
0.0,0.22511582,83.90173
0.0,0.5162892,141.5006
0.0,0.5379094,67.44702
0.0,0.61512196,77.41862
0.0,0.24173899,164.75336
0.0,0.13349488,180.95586
0.0,0.6814339,232.99509
0.0,0.16591187,195.80666
0.0,0.53075445,148.52527
0.0,0.22837442,67.18173
0.0,0.09200079,87.13468
0.0,0.056891236,76.62261
0.0,0.14695981,87.77863
0.0,0.50835484,70.20146
0.0,0.4845439,103.28202
0.0,0.54512024,115.04779
0.0,0.33614558,190.10847
0.0,0.058780696,136.23831
0.0,0.6253288,186.02469
0.0,0.19776608,96.26194
0.0,0.436774,79.0507
0.0,0.17993784,66.31946
0.0,0.023642134,334.9409
0.0,0.19276075,128.47229
0.0,0.51463467,102.919044
0.0,0.4013453,152.22034
0.0,0.43340665,98.877754
0.0,0.50160736,83.08544
0.0,0.18731795,162.67583
0.0,0.4494392,65.715706
0.0,0.44300547,132.67662
0.0,0.32147256,76.133545
0.0,0.5206117,70.71133
0.0,0.48871857,75.561806
0.0,0.51123506,599.5104
0.0,0.07303942,106.29011
0.0,0.35771656,106.28795
0.0,0.20150645,119.01092
0.0,0.47731,227784.88
0.0,0.47730997,227784.88
0.0,0.35933805,74.694824
0.0,0.14486957,113.57035
0.0,0.5557446,76.38029
0.0,0.18524615,68.00285
0.0,0.23324601,80.54857
0.0,0.26875982,199.55962
0.0,0.10464809,114.75574
0.0,0.35260576,73.03906
0.0,0.117845014,70.44508
0.0,0.092354506,130.66182
0.0,0.12902099,258.1605
0.0,0.376903,81.570854
0.0,0.15773112,71.69855
0.0,0.20807937,72.202614
0.0,0.26634625,251.11093
0.0,0.29560217,237.78592
0.0,0.54260814,247.60191
0.0,0.13608968,205.37268
0.0,0.54403824,69.798615
0.0,0.5069555,229.93985
0.0,0.2614669,74.43136
0.0,0.9109897,76.781654
0.0,0.37460542,97.72282
0.0,0.20791414,113.567604
0.0,0.5595314,93.686455
0.0,0.30673063,67.332115
0.0,0.07987546,65.33365
0.0,0.55294067,88.75198
0.0,0.6915474,77.74606
0.0,0.18588047,73.962975
0.0,0.3428719,79.716965
0.0,0.1608045,94.25496
0.0,0.07466827,80.2228
0.0,0.72803384,77.63108
0.0,0.50197047,177.00562
0.0,0.39168504,237.21654
0.0,0.45505077,72.14041
0.0,0.5076887,150.65457
0.0,0.41245106,91.87593
0.0,0.28025657,108.37956
0.0,0.13947001,112.284836
0.0,0.5455728,82.54333
0.0,0.56860626,76.694496
0.0,0.16792683,82.540794
0.0,0.5869459,65.71062
0.0,0.63095784,67.59682
0.0,0.28915307,115.25077
0.0,0.28301358,136.87448
0.0,0.38604224,592.1966
0.0,0.28831443,74.39998
0.0,0.35482287,169.10617
0.0,0.538383,114.4092
0.0,0.4708469,67.999344
0.0,0.98540395,4837.2593
0.0,0.6731825,70.328
0.0,0.29606065,748.95123
0.0,0.19410667,83.682495
0.0,0.47232473,148.25815
0.0,0.7365959,66.03137
0.0,0.080924086,67.0971
0.0,0.67398113,123.133675
0.0,0.6739811,123.133675
0.0,0.29882205,70.97513
0.0,0.5318365,297.71707
0.0,0.5336211,107.51224
0.0,0.22268665,72.902016
0.0,0.41602722,67.26956
0.0,0.484507,68.36938
0.0,0.1828897,67.96512
0.0,0.056447454,300.84216
0.0,0.124431245,82.790436
0.0,0.05385283,101.364655
0.0,0.6283509,80.517044
0.0,0.65465987,67.22054
0.0,0.5501173,73.21134
0.0,0.08945763,81.00834
0.0,0.17299561,87.6434
0.0,0.47423434,88.97844
0.0,0.53297365,74.82121
0.0,0.44252002,237.48366
0.0,0.19666758,124.82054
0.0,0.05206373,328.2881
0.0,0.6217533,89.947784
0.0,0.3734962,67.16432
0.0,0.49625635,106.46834
0.0,0.44746345,116.71169
0.0,0.16293171,469.4338
0.0,0.5012184,98.86983
0.0,0.6129193,67.972824
0.0,0.16085517,113.39665
0.0,0.24061045,149.58018
0.0,0.058178086,96.56843
0.0,0.08239145,76.04783
0.0,0.54783016,154.8492
0.0,0.5114146,85.84733
0.0,0.07942524,163.06207
0.0,0.47770083,77.44982
0.0,0.50911635,88.512924
0.0,0.077018,130.67007
0.0,0.63475865,377.40094
0.0,0.4735789,95.80367
0.0,0.4570491,311.95963
0.0,0.6532507,108.68904
0.0,0.46991745,86.60494
0.0,0.10217079,135.29205
0.0,0.29009292,85.644875
0.0,0.51193076,65.70856
0.0,0.5751145,212.77434
0.0,0.074416816,86.49068
0.0,0.06737952,377.07703
0.0,0.34528062,298.11664
0.0,0.703041,65.545105
0.0,0.6397751,150.46248
0.0,0.45869094,110.06769
0.0,0.41488764,70.95426
0.0,0.058179837,127.273224
0.0,0.47017762,180.53693
0.0,0.25231636,98.06294
0.0,0.46154216,189.92635
0.0,0.08589353,69.45149
0.0,0.45098308,73.56364
0.0,0.14865367,78.23969
0.0,0.14865367,78.23969
0.0,0.98998916,213.87001
0.0,0.032311082,434.65744
0.0,0.57139975,65.47149
0.0,0.69851,76.09331
0.0,0.21187243,82.16555
0.0,0.276949,96.450966
0.0,0.5561811,73.20218
0.0,0.2648506,69.71268
0.0,0.3196238,65.4172
0.0,0.10010183,68.64318
0.0,0.33761188,304.61316
0.0,0.19780183,65.07266
0.0,0.2963814,89.55838
0.0,0.43615004,76.85419
0.0,0.30617878,65.76312
0.0,0.45642114,209.62971
0.0,0.53917074,414.49667
0.0,0.33586368,74.578705
0.0,0.08973647,83.98579
0.0,0.30401438,77.94626
0.0,0.49251696,94.582184
0.0,0.44742087,270.89514
0.0,0.29740298,78.67743
0.0,0.4507613,116.79745
0.0,0.4450612,94.73398
0.0,0.27944118,68.40578
0.0,0.30448407,175.74426
0.0,0.3927732,180.98209
0.0,0.39022958,130.69849
0.0,0.2750328,80.335205
0.0,0.4474557,134.18431
0.0,0.13367732,81.95193
0.0,0.3010893,76.808784
0.0,0.25789556,139.15678
0.0,0.3826517,74.83606
0.0,0.52789897,86.802475
0.0,0.12479087,66.785835
0.0,0.32687208,100.954315
0.0,0.030834118,66.30573
0.0,0.05783442,88.41075
0.0,0.46696195,301.77344
0.0,0.34040448,296.12112
0.0,0.5253578,76.17788
0.0,0.25976694,103.387085
0.0,0.17942192,110.78186
0.0,0.37138674,90.04084
0.0,0.51919836,66.94379
0.0,0.92071825,291.59644
0.0,0.052617386,75.80849
0.0,0.5333127,220.09485
0.0,0.020648727,170.13661
0.0,0.36653087,114.35124
0.0,0.7388766,225.95193
0.0,0.11592775,228.60266
0.0,0.34583503,113.7154
0.0,0.33521587,68.84297
0.0,0.4903623,97.17281
0.0,0.4434932,93.75587
0.0,0.18814215,623.55554
0.0,0.7368475,83.49321
0.0,0.13052197,71.679596
0.0,0.49555686,143.62527
0.0,0.31886196,362.23465
0.0,0.18558212,74.72452
0.0,0.14298335,181.67542
0.0,0.08911317,91.147156
0.0,0.56340593,86.258705
0.0,0.5985316,83.241806
0.0,0.3951834,430.99634
0.0,0.09348828,102.781105
0.0,0.7766316,200.42532
0.0,0.3311251,68.04976
0.0,0.121882305,70.13582
0.0,0.24245675,253.11447
0.0,0.4310715,172.0561
0.0,0.13094565,70.94552
0.0,0.19650424,101.18197
0.0,0.7371013,1227.1057
0.0,0.40636313,162.59868
0.0,0.6072931,77.19967
0.0,0.52146316,120.9087
0.0,0.013803497,583.605
0.0,0.12467072,77.12253
0.0,0.0078016426,215.07863
0.0,0.42843196,68.359634
0.0,0.2555067,170.5505
0.0,0.89543384,80.27421
0.0,0.1947201,187.97302
0.0,0.4977032,130.79904
0.0,0.44848344,109.412346
0.0,0.4493021,94.4254
0.0,0.3355474,108.948845
0.0,0.43426013,235.60631
0.0,0.12113122,95.42754
0.0,0.30850405,88.13259
0.0,0.24053103,192.81636
0.0,0.2168009,364.49716
0.0,0.28108448,160.05199
0.0,0.17603189,81.04709
0.0,0.010746892,213.73515
0.0,0.25571954,71.194756
0.0,0.7164816,82.64023
0.0,0.5329131,72.06841
0.0,0.229397,85.69068
0.0,0.33116204,218.91753
0.0,0.34416923,76.75966
0.0,0.5967538,158.50604
0.0,0.8617224,86.421646
0.0,0.12317419,71.61824
0.0,0.10746089,68.53865
0.0,0.4664938,74.127785
0.0,0.45818758,95.33473
0.0,0.29867622,153.87518
0.0,0.24011694,105.598976
0.0,0.18911506,220.42606
0.0,0.93822694,141.13348
0.0,0.26514292,199.01959
0.0,0.4568061,80.610054
0.0,0.256777,92.850914
0.0,0.37403184,69.02655
0.0,0.32821184,187.87357
0.0,0.6377516,117.31991
0.0,0.3758504,260.7488
0.0,0.10613649,201.64418
0.0,0.50526905,285.261
0.0,0.045987654,84.42288
0.0,0.37088522,448.23914
0.0,0.04123437,190.13907
0.0,0.5922153,65.70791
0.0,0.59502697,111.2167
0.0,0.6413362,93.48932
0.0,0.6522235,90.543434
0.0,0.4845082,234.99904
0.0,0.48940304,331.0582
0.0,0.1971402,263.59232
0.0,0.14866537,66.998314
0.0,0.54630774,93.04193
0.0,0.14687829,162.57646
0.0,0.43295604,87.016365
0.0,0.46337566,195.28151
0.0,0.5471219,678.9058
0.0,0.6047166,103.93345
0.0,0.2585968,87.278206
0.0,0.5348368,91.00139
0.0,0.024876092,70.36869
0.0,0.683974,355.51138
0.0,0.4449136,92.30006
0.0,0.040163852,436.0051
0.0,0.5589135,84.4809
0.0,0.7596768,579.57794
0.0,0.34237376,115.712555
0.0,0.59117746,70.021484
0.0,0.2077637,84.48818
0.0,0.47883025,95.372
0.0,0.5888107,66.06143
0.0,0.5095434,66.929085
0.0,0.7907877,171.80429
0.0,0.10964486,87.27193
0.0,0.44228438,92.49743
0.0,0.4249409,108.39361
0.0,0.21441899,77.272385
0.0,0.4116793,83.55199
0.0,0.58448386,84.19125
0.0,0.5740732,86.88271
0.0,0.633337,91.6338
0.0,0.70002687,96.751656
0.0,0.24255356,77.66369
0.0,0.45286745,95.88033
0.0,0.34868348,71.3962
0.0,0.14571598,77.20264
0.0,0.13769592,71.491196
0.0,0.90712553,97.531906
0.0,0.1251633,392.0766
0.0,0.38098386,95.049194
0.0,0.33155566,606.9042
0.0,0.610918,140.61302
0.0,0.30393273,83.059875
0.0,0.17173941,88.37916
0.0,0.31898156,177.48756
0.0,0.3572734,222.302
0.0,0.24760577,337.48578
0.0,0.5190615,76.142365
0.0,0.74029654,69.5669
0.0,0.646927,192.02927
0.0,0.18266748,367.50964
0.0,0.55594,285.6219
0.0,0.4381777,66.814644
0.0,0.08273103,277.82425
0.0,0.5104287,70.03659
0.0,0.51627,73.86528
0.0,0.5488173,104.97082
0.0,0.08720802,151.93065
0.0,0.08557332,107.90137
0.0,0.4316674,114.245575
0.0,0.14558852,65.85608
0.0,0.08919492,198.85916
0.0,0.5167628,95.29345
0.0,0.40523636,105.51298
0.0,0.39885408,136.736
0.0,0.33140364,217.7905
0.0,0.2671592,636.0358
0.0,0.11757442,94.235344
0.0,0.074907385,103.467995
0.0,0.17560843,110.330666
0.0,0.46282026,65.37042
0.0,0.12871984,83.069725
0.0,0.4416718,68.23856
0.0,0.44307595,72.38184
0.0,0.22347514,72.587036
0.0,0.21978796,71.04073
0.0,0.4833387,124.054405
0.0,0.44285828,96.34444
0.0,0.223813,326.34726
0.0,0.36223498,73.01853
0.0,0.5078847,76.93626
0.0,0.48801517,74.02685
0.0,0.16000484,66.121056
0.0,0.56860006,130.5461
0.0,0.46154216,311.56464
0.0,0.1149772,137.9814
0.0,0.2650938,65.71433
0.0,0.5065545,240.96036
0.0,0.3840468,326.85574
0.0,0.04707991,99.67342
0.0,0.5672886,106.49699
0.0,0.22109982,103.60634
0.0,0.078718044,809.9078
0.0,0.12957628,91.65654
0.0,0.2362699,84.420235
0.0,0.4307928,69.944046
0.0,0.46422073,116.788216
0.0,0.49975765,181.3012
0.0,0.3991706,296.04294
0.0,0.3529182,78.520515
0.0,0.39292532,88.73249
0.0,0.35529965,72.02775
0.0,0.06417442,66.50872
0.0,0.26436737,105.889465
0.0,0.36915016,358.87314
0.0,0.15595521,276.46603
0.0,0.50760794,94.53158
0.0,0.42358437,75.47667
0.0,0.38675907,75.018364
0.0,0.18024951,394.6858
0.0,0.52894276,66.44788
0.0,0.16049156,95.79157
0.0,0.53612506,79.32681
0.0,0.114055865,66.284294
0.0,0.5209977,77.01386
0.0,0.60795647,79.21178
0.0,0.16597094,117.59337
0.0,0.19302945,284.68982
0.0,0.53124565,134.6059
0.0,0.32448396,77.18831
0.0,0.21358971,132.45094
0.0,0.33814043,117.55619
0.0,0.29839486,71.3336
0.0,0.15976027,99.062675
0.0,0.41481343,121.39395
0.0,0.5709284,99.96243
0.0,0.46153036,76.45278
0.0,0.94757867,460.96725
0.0,0.5519713,80.536804
0.0,0.388732,103.28208
0.0,0.033006456,91.55714
0.0,0.3153085,98.63471
0.0,0.6872357,68.92538
0.0,0.5255186,253.6989
0.0,0.094840854,72.09793
0.0,0.46326593,247.53084
0.0,0.12878612,138.45793
0.0,0.48281863,74.63256
0.0,0.50416577,77.25262
0.0,0.24408133,83.70229
0.0,0.51164734,108.04594
0.0,0.09547261,75.64648
0.0,0.103124805,222.46829
0.0,0.28013006,75.07252
0.0,0.4163902,181.95529
0.0,0.0015562471,86.87661
0.0,0.099948615,203.45744
0.0,0.2864125,96.66263
0.0,0.29298618,341.8711
0.0,0.17131376,455.0003
0.0,0.4712744,131.77159
0.0,0.22208202,107.599976
0.0,0.1631824,225.98257
0.0,0.36699593,221.65054
0.0,0.09097669,117.249596
0.0,0.16107741,130.04839
0.0,0.47172397,68.28972
0.0,0.36554605,80.78487
0.0,0.48093772,72.166916
0.0,0.11765464,95.10841
0.0,0.5797575,388.85696
0.0,0.095153,230.5815
0.0,0.18038821,83.03975
0.0,0.7385417,76.85465
0.0,0.51123875,99.45845
0.0,0.6365681,77.57934
0.0,0.17185359,72.25714
0.0,0.6470973,78.63952
0.0,0.49583805,72.19794
0.0,0.331075,128.12604
0.0,0.56525606,70.526054
0.0,0.14077194,122.44698
0.0,0.4171324,343.80984
0.0,0.11290604,65.36238
0.0,0.06806168,156.34007
0.0,0.46472013,74.31452
0.0,0.40993905,111.903244
0.0,0.632645,79.22104
0.0,0.46154216,82.8995
0.0,0.29132396,152.92207
0.0,0.18908699,70.371506
0.0,0.31034023,91.58898
0.0,0.42544207,124.84912
0.0,0.4074827,113.76029
0.0,0.6339429,65.26833
0.0,0.28763568,71.11702
0.0,0.038523305,193.39984
0.0,0.46713868,129.25911
0.0,0.58302665,108.3754
0.0,0.54568106,68.089355
0.0,0.11416284,67.11103
0.0,0.14741984,271.40915
0.0,0.2154423,114.86528
0.0,0.79867756,178.95859
0.0,0.31482762,80.95908
0.0,0.4951035,104.068474
0.0,0.5841307,67.81895
0.0,0.25390574,159.8889
0.0,0.13827385,76.43834
0.0,0.333267,113.10482
0.0,0.43103915,321.6682
0.0,0.20007798,92.01942
0.0,0.25649664,65.00472
0.0,0.39246076,66.490814
0.0,0.33786848,68.793274
0.0,0.4176716,124.960266
0.0,0.4155151,81.83201
0.0,0.16776755,128.58618
0.0,0.14912032,271.89548
0.0,0.45743293,128.57616
0.0,0.40113795,96.56679
0.0,0.4092734,68.46566
0.0,0.21485041,74.14557
0.0,0.2535667,68.739136
0.0,0.2649513,208.97925
0.0,0.41916776,88.68516
0.0,0.3524841,95.26627
0.0,0.15078965,122.90804
0.0,0.29488167,258.3214
0.0,0.52898157,82.162254
0.0,0.16791072,91.90282
0.0,0.40893787,95.754295
0.0,0.34023836,71.58345
0.0,0.528159,81.76741
0.0,0.29874113,80.09536
0.0,0.07099167,76.72692
0.0,0.3926093,80.1672
0.0,0.12567002,67.60752
0.0,0.69347525,81.1522
0.0,0.20229283,91.52932
0.0,0.42483094,97.11218
0.0,0.19796541,140.49757
0.0,0.16289294,79.4847
0.0,0.16744448,68.4306
0.0,0.49187526,67.8204
0.0,0.30237988,66.036285
0.0,0.06906981,181.00027
0.0,0.12839906,87.38632
0.0,0.46154216,83.96988
0.0,0.07486641,153.69283
0.0,0.5413759,100.69969
0.0,0.22690473,88.51308
0.0,0.86971605,667.9937
0.0,0.18227534,86.96333
0.0,0.28816587,92.366684
0.0,0.4968706,78.56758
0.0,0.16220203,152.023
0.0,0.6296322,253.05417
0.0,0.20993824,69.82111
0.0,0.50956655,71.58628
0.0,0.69999915,98.43197
0.0,0.42959422,84.32505
0.0,0.55597454,90.88995
0.0,0.50373083,75.922516
0.0,0.22999163,165.12552
0.0,0.38816193,138.1571
0.0,0.30730107,85.6808
0.0,0.0855087,78.7408
0.0,0.2299124,71.73703
0.0,0.5036907,68.399956
0.0,0.17923334,185.64049
0.0,0.71710265,118.31402
0.0,0.16010775,263.3502
0.0,0.73882884,107.79545
0.0,0.26982436,132.3409
0.0,0.05260653,106.241974
0.0,0.15796055,96.03099
0.0,0.23717462,65.271286
0.0,0.36318445,107.26245
0.0,0.3348776,69.43863
0.0,0.4323875,236.53006
0.0,0.22204052,117.50206
0.0,0.24692665,76.56913
0.0,0.84074354,79.45303
0.0,0.46937945,145.97107
0.0,0.17410825,67.71076
0.0,0.68205065,167.812
0.0,0.44692704,157.16249
0.0,0.24750747,122.38166
0.0,0.06935131,96.09164
0.0,0.69240487,85.77123
0.0,0.347986,65.48288
0.0,0.5139495,141.42798
0.0,0.21496138,65.727486
0.0,0.6902041,338.1523
0.0,0.4178769,80.12438
0.0,0.23114857,74.207
0.0,0.6116216,227.24231
0.0,0.048133157,112.909584
0.0,0.36742756,336.10388
0.0,0.28809938,74.62068
0.0,0.19947568,177.68059
0.0,0.28639847,100.63299
0.0,0.30242023,132.61429
0.0,0.2880002,100.02169
0.0,0.5774235,109.37547
0.0,0.5558686,90.9161
0.0,0.078399286,67.5737
0.0,0.23652092,84.96345
0.0,0.23107025,182.2413
0.0,0.13402478,86.6359
0.0,0.2571258,84.737976
0.0,0.30066532,76.56591
0.0,0.5376248,143.10158
0.0,0.4051514,178.1995
0.0,0.11948004,109.278
0.0,0.089593634,114.46348
0.0,0.019522365,101.26037
0.0,0.16395566,103.14468
0.0,0.5724705,947.1988
0.0,0.16106571,96.71778
0.0,0.5261,70.302734
0.0,0.06815547,148.42493
0.0,0.0074801454,561.5784
0.0,0.6129908,95.09384
0.0,0.12907133,120.496605
0.0,0.029108591,68.181366
0.0,0.55177975,69.21564
0.0,0.061885964,92.24016
0.0,0.28936765,70.096016
0.0,0.017138314,719.4654
0.0,0.41689792,67.388214
0.0,0.47604787,82.72847
0.0,0.07499884,114.532814
0.0,0.20445694,84.09439
0.0,0.4491836,68.61607
0.0,0.36978844,68.83849
0.0,0.2644722,126.12391
0.0,0.5720139,114.32796
0.0,0.3687573,80.63249
0.0,0.54704493,87.15561
0.0,0.19709738,312.01154
0.0,0.5422543,90.237686
0.0,0.17907812,67.604866
0.0,0.10971523,123.30333
0.0,0.12520307,105.310616
0.0,0.21244572,65.75239
0.0,0.6248047,172.70416
0.0,0.19063117,76.241325
0.0,0.19063117,76.241325
0.0,0.5819707,73.95938
0.0,0.31653124,83.837685
0.0,0.10794926,105.85883
0.0,0.14221749,154.74713
0.0,0.54674417,70.2346
0.0,0.39627525,70.15781
0.0,0.59455127,462.1706
0.0,0.1529703,88.50161
0.0,0.010472594,183.63869
0.0,0.48253587,81.23533
0.0,0.39046615,84.939476
0.0,0.17780755,101.66571
0.0,0.34847665,110.90386
0.0,0.5507476,100.37251
0.0,0.42772785,151.42986
0.0,0.2117084,182.2358
0.0,0.6366865,241.5012
0.0,0.5520529,71.732506
0.0,0.57169765,77.37983
0.0,0.5465665,70.18383
0.0,0.17841774,91.82984
0.0,0.47714132,87.89434
0.0,0.15439534,160.23775
0.0,0.35631084,290.9685
0.0,0.24133112,90.486984
0.0,0.33131206,119.980354
0.0,0.11835696,203.60571
0.0,0.15005435,85.816444
0.0,0.63445294,79.93952
0.0,0.3443374,116.27254
0.0,0.13285273,70.738075
0.0,0.39799955,68.114136
0.0,0.11353582,304.81238
0.0,0.29617688,104.73004
0.0,0.048602853,78.25017
0.0,0.19204634,146.81024
0.0,0.42567596,76.76547
0.0,0.06682668,71.13084
0.0,0.28811237,747.98645
0.0,0.14133431,119.705154
0.0,0.12593922,142.22261
0.0,0.44061244,145.98149
0.0,0.60440844,110.31892
0.0,0.38547003,90.52966
0.0,0.2007119,515.76025
0.0,0.28012052,134.65807
0.0,0.60208577,68.16621
0.0,0.6947349,783.1829
0.0,0.10526237,66.44223
0.0,0.4794862,72.753494
0.0,0.6600976,1562.8525
0.0,0.41631186,66.68102
0.0,0.65673286,134.05943
0.0,0.3385963,73.95816
0.0,0.17425774,101.670616
0.0,0.39088938,68.66774
0.0,0.35276204,68.0132
0.0,0.50301605,120.172646
0.0,0.28944802,85.12557
0.0,0.61961454,84.436806
0.0,0.044156425,76.865074
0.0,0.21230423,97.22767
0.0,0.44828734,359.41315
0.0,0.12092249,102.497574
0.0,0.3139233,96.16673
0.0,0.4470169,75.22339
0.0,0.049676646,103.97049
0.0,0.33626494,103.25832
0.0,0.5159547,163.427
0.0,0.52765924,250.19643
0.0,0.4961795,75.79182
0.0,0.23368867,277.2415
0.0,0.46317455,69.235245
0.0,0.19748189,84.00624
0.0,0.4011397,184.9103
0.0,0.14325103,358.44174
0.0,0.37848738,345.25034
0.0,0.36077335,929.704
0.0,0.60825235,145.15176
0.0,0.57271016,225.60042
0.0,0.34747374,87.4374
0.0,0.97334474,81.75805
0.0,0.17737906,76.196304
0.0,0.4455255,256.26062
0.0,0.6191746,68.19395
0.0,0.598537,66.52881
0.0,0.26842555,112.587845
0.0,0.16105673,73.9069
0.0,0.12170557,478.5939
0.0,0.2472161,76.15043
0.0,0.10060967,99.9207
0.0,0.11051761,249.66173
0.0,0.09941685,297.9471
0.0,0.43593797,70.078514
0.0,0.43582392,85.15551
0.0,0.49711588,89.123146
0.0,0.29985803,76.33185
0.0,0.5005192,97.833984
0.0,0.36785644,110.07379
0.0,0.19110279,247.72795
0.0,0.30759338,87.52111
0.0,0.6176425,66.537865
0.0,0.42553115,115.64968
0.0,0.49385417,69.52063
0.0,0.5461447,68.48694
0.0,0.24657048,104.55684
0.0,0.8211552,78.34555
0.0,0.5178015,171.51555
0.0,0.7290823,104.847336
0.0,0.60820925,77.573586
0.0,0.6171512,119.522934
0.0,0.2131827,91.03162
0.0,0.7134353,81.833755
0.0,0.10150796,82.76017
0.0,0.3107511,96.16641
0.0,0.031047303,143.59192
0.0,0.20242268,68.704185
0.0,0.18983068,186.86993
0.0,0.082682766,89.41273
0.0,0.09922097,81.41807
0.0,0.15698057,78.58221
0.0,0.43097883,126.10833
0.0,0.29558417,66.47058
0.0,0.38041705,172.87965
0.0,0.6201781,147.8068
0.0,0.15137284,74.25449
0.0,0.24614905,89.349625
0.0,0.14551207,106.16117
0.0,0.08315049,149.04843
0.0,0.5245623,105.52671
0.0,0.14482039,68.705956
0.0,0.19815466,435.83374
0.0,0.648332,175.46893
0.0,0.5153382,75.42011
0.0,0.093124755,157.67296
0.0,0.45855275,77.51392
0.0,0.6934389,74.39998
0.0,0.10380963,398.28503
0.0,0.39579427,87.86351
0.0,0.47858733,100.02767
0.0,0.09653715,65.34706
0.0,0.55467594,83.326805
0.0,0.32770082,109.76248
0.0,0.09493356,138.28937
0.0,0.25276068,100.308395
0.0,0.44623834,79.14586
0.0,0.64569545,192.24243
0.0,0.6597492,75.21273
0.0,0.37622428,103.7627
0.0,0.12822127,95.17926
0.0,0.36695427,78.520195
0.0,0.5798567,68.94778
0.0,0.20806284,87.12004
0.0,0.53709674,66.078186
0.0,0.026761953,155.76413
0.0,0.18643951,68.49615
0.0,0.9471911,156.45874
0.0,0.44825536,183.64977
0.0,0.5163298,93.28676
0.0,0.045676198,135.4157
0.0,0.22527376,67.562126
0.0,0.5348777,92.17876
0.0,0.58504736,80.042015
0.0,0.52595365,96.61933
0.0,0.2906888,78.32975
0.0,0.16330035,71.01975
0.0,0.21609822,130.08195
0.0,0.3303689,165.3031
0.0,0.5101691,81.28092
0.0,0.85035676,81.84182
0.0,0.1853211,102.56388
0.0,0.1512173,755.7214
0.0,0.27202764,108.70205
0.0,0.29617497,208.98384
0.0,0.19670348,78.51662
0.0,0.6298051,113.27881
0.0,0.42285672,155.42842
0.0,0.27825424,65.3709
0.0,0.5116872,78.825935
0.0,0.11316044,70.033745
0.0,0.37116268,118.20904
0.0,0.121340044,111.94619
0.0,0.33885783,88.590706
0.0,0.040155157,114.37158
0.0,0.14659613,68.99189
0.0,0.51683664,102.51164
0.0,0.2350854,83.084755
0.0,0.5984549,70.22922
0.0,0.17713751,509.176
0.0,0.37021342,282.8129
0.0,0.47005358,71.70723
0.0,0.11618022,91.11354
0.0,0.26006588,116.028824
0.0,0.6982343,92.464554
0.0,0.044759635,88.225296
0.0,0.3275556,104.12682
0.0,0.26751012,66.00542
0.0,0.58224094,75.108116
0.0,0.47819534,150.33797
0.0,0.7377084,91.59499
0.0,0.45113966,154.78894
0.0,0.6382589,85.63982
0.0,0.43724835,148.20795
0.0,0.5975658,82.68452
0.0,0.73817414,548.18823
0.0,0.62802845,98.11334
0.0,0.2371426,80.3811
0.0,0.47154707,71.02389
0.0,0.14384913,65.10949
0.0,0.11704464,395.18988
0.0,0.09500523,68.31357
0.0,0.07288008,77.36301
0.0,0.5552378,89.961365
0.0,0.29358724,332.64575
0.0,0.29879525,83.37251
0.0,0.5654036,65.97387
0.0,0.047257464,123.05191
0.0,0.551118,574.2789
0.0,0.35287714,80.293274
0.0,0.2933085,76.69592
0.0,0.19162041,305.50778
0.0,0.3007339,144.22624
0.0,0.5126012,256.98447
0.0,0.53796977,94.569984
0.0,0.5373574,86.937126
0.0,0.32142717,91.067635
0.0,0.41055438,83.668434
0.0,0.37171796,398.03235
0.0,0.28788513,81.3093
0.0,0.33976313,72.69959
0.0,0.8218953,65.74854
0.0,0.41226685,102.39993
0.0,0.5498847,191.87625
0.0,0.62341577,72.60993
0.0,0.28874588,87.30044
0.0,0.4028581,113.12053
0.0,0.46154216,90.14247
0.0,0.65541416,65.61826
0.0,0.24927713,75.91337
0.0,0.33482367,88.18607
0.0,0.47484607,107.226364
0.0,0.4223519,96.26603
0.0,0.9949418,92.33396
0.0,0.5146706,87.5815
0.0,0.62469316,78.60035
0.0,0.036105998,402.10535
0.0,0.5383039,84.803474
0.0,0.029013254,71.69624
0.0,0.7126178,68.19363
0.0,0.38652763,124.196754
0.0,0.21626979,101.10134
0.0,0.086726174,143.73601
0.0,0.5171456,178.2497
0.0,0.010281733,565.8046
0.0,0.8727707,73.32156
0.0,0.44297394,81.216385
0.0,0.0676572,98.0904
0.0,0.50611395,68.35085
0.0,0.41802403,297.5736
0.0,0.4274233,385.04306
0.0,0.7110636,136.01277
0.0,0.28354698,89.71312
0.0,0.3437785,86.27744
0.0,0.1652076,77.25198
0.0,0.41651174,94.36016
0.0,0.4020192,83.062775
0.0,0.50937325,65.93534
0.0,0.2873043,68.90396
0.0,0.35785404,85.26497
0.0,0.15119718,78.49132
0.0,0.41340438,125.559555
0.0,0.59023,67.35324
0.0,0.52919966,68.90778
0.0,0.89157736,127.92285
0.0,0.3911852,67.55532
0.0,0.012870712,214.25981
0.0,0.53502727,96.489204
0.0,0.53502727,96.489204
0.0,0.21265602,103.76834
0.0,0.087738976,209.36623
0.0,0.57004476,65.6964
0.0,0.08449593,111.24717
0.0,0.35242584,118.33409
0.0,0.0741005,80.771385
0.0,0.35130438,81.36836
0.0,0.4639062,72.583206
0.0,0.53138906,102.62324
0.0,0.072201334,86.88603
0.0,0.41569144,222.9079
0.0,0.23351422,146.2181
0.0,0.43920973,72.03447
0.0,0.62067,86.404205
0.0,0.3092529,545.9025
0.0,0.25265208,115.49069
0.0,0.6592219,185.67076
0.0,0.0844255,69.041145
0.0,0.18307316,203.65501
0.0,0.28278407,82.76613
0.0,0.15454286,114.48101
0.0,0.3649153,93.38904
0.0,0.23265617,368.673
0.0,0.47112104,71.80555
0.0,0.30779988,226.21097
0.0,0.18394439,71.56771
0.0,0.46294597,71.50777
0.0,0.36281645,319.0658
0.0,0.3372058,128.08841
0.0,0.20904203,83.39618
0.0,0.30343044,65.00354
0.0,0.34506223,108.95387
0.0,0.27346957,312.68524
0.0,0.47095215,129.66998
0.0,0.42412332,118.90943
0.0,0.12958649,127.50939
0.0,0.16364053,691.2022
0.0,0.53312176,81.14672
0.0,0.46476167,201.6755
0.0,0.4275229,102.17661
0.0,0.1316557,108.44384
0.0,0.30710524,266.51733
0.0,0.36515772,446.0779
0.0,0.3757246,68.708015
0.0,0.23290041,74.49157
0.0,0.49754205,70.313644
0.0,0.3272467,67.18285
0.0,0.14821705,217.24884
0.0,0.55396134,92.96565
0.0,0.21695185,66.76725
0.0,0.92244774,69.13873
0.0,0.30911502,65.84726
0.0,0.56120956,180.60097
0.0,0.2834771,75.59759
0.0,0.15111257,93.92855
0.0,0.19690932,142.23206
0.0,0.60409474,98.89398
0.0,0.32709053,77.95419
0.0,0.20821944,70.119576
0.0,0.5611052,144.32936
0.0,0.1904773,69.50823
0.0,0.16511437,122.11556
0.0,0.3681397,103.21661
0.0,0.29394087,147.13153
0.0,0.11802542,115.56794
0.0,0.58168375,138.48483
0.0,0.05408362,93.86979
0.0,0.6213129,78.57175
0.0,0.14022559,89.94052
0.0,0.20680155,96.353325
0.0,0.1105592,80.40189
0.0,0.2080141,85.78863
0.0,0.3919054,440.62048
0.0,0.5572717,110.51307
0.0,0.5196861,108.90304
0.0,0.49521095,92.52534
0.0,0.57712203,69.62752
0.0,0.2032161,104.295425
0.0,0.17389649,67.645
0.0,0.51819706,94.36715
0.0,0.41949868,89.98784
0.0,0.6107132,286.26642
0.0,0.15774465,68.798935
0.0,0.47356215,77.87267
0.0,0.25191882,85.48164
0.0,0.20163096,730.0984
0.0,0.6822105,229.59108
0.0,0.4642912,105.844536
0.0,0.54608744,95.80501
0.0,0.63260794,76.23222
0.0,0.34804395,87.96402
0.0,0.25240752,212.48065
0.0,0.077192254,170.23573
0.0,0.14484581,386.68222
0.0,0.1046932,90.53302
0.0,0.36779237,71.14207
0.0,0.051212873,322.3431
0.0,0.47942728,89.88053
0.0,0.40296084,66.683
0.0,0.14899692,162.89021
0.0,0.4010471,92.56311
0.0,0.056578457,90.85463
0.0,0.66905034,98.39537
0.0,0.34634972,202.67609
0.0,0.084508725,84.51857
0.0,0.70791644,92.88566
0.0,0.4933678,157.52225
0.0,0.32435542,776.34576
0.0,0.46154216,95.23336
0.0,0.38011193,69.5438
0.0,0.19797519,78.4723
0.0,0.3123451,130.1436
0.0,0.037745513,73.01158
0.0,0.2035012,77.902214
0.0,0.12978597,91.08833
0.0,0.48651728,66.50025
0.0,0.20937274,138.77983
0.0,0.098984465,99.621155
0.0,0.18257733,764.1418
0.0,0.42827496,78.887146
0.0,0.11125475,90.072556
0.0,0.6140733,69.20405
0.0,0.45769787,128.62134
0.0,0.5708733,69.91811
0.0,0.40604547,132.64902
0.0,0.6222156,110.99815
0.0,0.5485628,152.71997
0.0,0.7286519,362.82974
0.0,0.14064015,198.66307
0.0,0.4273996,279.5379
0.0,0.51810026,115.39265
0.0,0.10945091,105.42509
0.0,0.31072706,74.36531
0.0,0.26608875,69.94138
0.0,0.23173314,74.68369
0.0,0.45882893,265.87872
0.0,0.22575898,221.92961
0.0,0.8983872,135.8724
0.0,0.12790433,98.79555
0.0,0.5134968,72.09464
0.0,0.10993582,107.174866
0.0,0.51538604,77.9741
0.0,0.37258583,80.730446
0.0,0.16536301,152.43367
0.0,0.2661821,240.10153
0.0,0.110884435,84.11588
0.0,0.5187272,92.237526
0.0,0.1172759,378.6143
0.0,0.27791703,128.18492
0.0,0.2638887,325.86334
0.0,0.19473064,78.45563
0.0,0.56241274,98.2469
0.0,0.55756384,77.622765
0.0,0.17812423,76.97039
0.0,0.4549378,81.7924
0.0,0.47290802,107.09088
0.0,0.19989702,67.307724
0.0,0.18368456,69.25241
0.0,0.20985837,132.60583
0.0,0.41971156,84.392296
0.0,0.46154216,72.43169
0.0,0.5903152,97.898834
0.0,0.45650107,106.506805
0.0,0.4769679,67.9097
0.0,0.053458896,357.95975
0.0,0.19172533,92.18802
0.0,0.43974817,78.411644
0.0,0.22507133,108.8762
0.0,0.5424184,76.54828
0.0,0.21004136,136.68698
0.0,0.2819225,69.66826
0.0,0.54611933,156.55325
0.0,0.21666779,69.88383
0.0,0.44058523,80.116554
0.0,0.3322524,70.2473
0.0,0.30152526,165.63284
0.0,0.8435617,67.20305
0.0,0.32500046,98.33397
0.0,0.38037756,91.41671
0.0,0.15900527,229.33838
0.0,0.40494072,65.29019
0.0,0.9855474,278.85123
0.0,0.4941866,71.88542
0.0,0.75532174,66.80903
0.0,0.5429663,66.26181
0.0,0.421824,110.3689
0.0,0.2854155,293.91943
0.0,0.8654075,494.83606
0.0,0.08585561,80.33659
0.0,0.086558975,155.02135
0.0,0.13584277,599.94464
0.0,0.38045126,164.54031
0.0,0.2792416,102.40392
0.0,0.64408123,610.5893
0.0,0.35043842,87.80681
0.0,0.506432,181.04568
0.0,0.6241992,74.27828
0.0,0.5481313,168.918
0.0,0.31129777,66.14449
0.0,0.36838907,106.21509
0.0,0.26212886,152.66364
0.0,0.041265026,149.92201
0.0,0.486744,482.57748
0.0,0.24403675,156.27007
0.0,0.3623036,80.805336
0.0,0.040128473,74.74581
0.0,0.6967067,116.51963
0.0,0.70549417,111.766884
0.0,0.48490006,92.71794
0.0,0.5210035,74.84798
0.0,0.18811159,80.50038
0.0,0.17908478,93.27176
0.0,0.17789723,74.6747
0.0,0.0711988,80.19775
0.0,0.33004463,155.96837
0.0,0.042421017,88.75613
0.0,0.3719682,215.61014
0.0,0.12914056,172.88715
0.0,0.5299322,77.35243
0.0,0.3779987,141.11752
0.0,0.3487013,284.56418
0.0,0.15902717,68.1405
0.0,0.6979485,239.39528
0.0,0.291362,113.79796
0.0,0.7037623,66.764946
0.0,0.39075685,80.12306
0.0,0.2849601,70.095
0.0,0.08635964,246.15837
0.0,0.5340104,902.4088
0.0,0.09727726,99.74532
0.0,0.3025663,66.14257
0.0,0.6399344,135.61278
0.0,0.4636256,72.837074
0.0,0.26990777,102.815475
0.0,0.1815893,113.63246
0.0,0.44009188,82.83081
0.0,0.62600726,658.6899
0.0,0.38299614,70.50592
0.0,0.40759727,65.871506
0.0,0.5948071,68.629974
0.0,0.42274752,288.14777
0.0,0.9211079,150.1763
0.0,0.76282454,173.63676
0.0,0.34905863,67.69861
0.0,0.33299854,172.45253
0.0,0.5169164,67.330414
0.0,0.27035794,161.69492
0.0,0.48280564,84.98103
0.0,0.3873434,97.30694
0.0,0.5378628,609.64575
0.0,0.2878433,73.3856
0.0,0.5096664,67.81662
0.0,0.27589405,92.513756
0.0,0.82409555,251.87955
0.0,0.3957618,392.6834
0.0,0.297464,105.25773
0.0,0.41441736,557.70514
0.0,0.5040658,67.082184
0.0,0.09995743,93.49425
0.0,0.06506208,668.09894
0.0,0.27420998,288.43753
0.0,0.24648012,130.5572
0.0,0.24089894,130.43492
0.0,0.18769108,88.43599
0.0,0.18385151,360.24796
0.0,0.5909046,291.64944
0.0,0.023724822,559.3523
0.0,0.16265714,101.26549
0.0,0.26554686,100.90417
0.0,0.35218433,113.06906
0.0,0.4492551,554.0368
0.0,0.8275157,2.858374e+07
0.0,0.8180104,65.52289
0.0,0.057168934,66.54963
0.0,0.15961498,71.56129
0.0,0.65559787,70.04446
0.0,0.52580005,90.20517
0.0,0.27356872,68.673
0.0,0.42379782,68.77388
0.0,0.36124453,67.97406
0.0,0.19474208,238.86465
0.0,0.3509843,83.70827
0.0,0.07283531,75.49493
0.0,0.38339135,174.84698
0.0,0.58067876,97.97413
0.0,0.26270238,94.73762
0.0,0.34989238,84.83197
0.0,0.0047615953,227.63286
0.0,0.2430816,131.96466
0.0,0.0471648,370.9806
0.0,0.9187373,621.2386
0.0,0.24067092,91.70697
0.0,0.15379627,81.13341
0.0,0.09457336,182.2494
0.0,0.5999636,77.01291
0.0,0.03426707,122.33001
0.0,0.20173174,74.05526
0.0,0.38361144,77.95471
0.0,0.46239513,71.736404
0.0,0.37115905,69.55944
0.0,0.21057436,108.515724
0.0,0.5564335,100.80794
0.0,0.2893746,90.026085
0.0,0.77006173,203.6207
0.0,0.28716508,90.29887
0.0,0.9989735,322.19574
0.0,0.5953506,66.93126
0.0,0.2011078,209.02136
0.0,0.35416734,141.729
0.0,0.3204181,65.71536
0.0,0.55866665,69.0203
0.0,0.3796889,103.08575
0.0,0.49831867,468.5422
0.0,0.51829666,74.24194
0.0,0.43017682,106.25469
0.0,0.55433935,89.02999
0.0,0.117005095,116.678635
0.0,0.4897673,82.02575
0.0,0.07623329,95.81403
0.0,0.21073046,102.060394
0.0,0.42542747,97.58266
0.0,0.44504648,325.2105
0.0,0.33951464,77.7584
0.0,0.46444425,80.22293
0.0,0.06751509,103.521576
0.0,0.39311144,173.37015
0.0,0.17228267,73.47575
0.0,0.46815786,122.45155
0.0,0.1797158,67.60034
0.0,0.20258342,70.40524
0.0,0.15903892,111.28553
0.0,0.44725823,71.81939
0.0,0.2704235,111.10045
0.0,0.353108,75.70848
0.0,0.5367603,65.702286
0.0,0.32416558,145.77423
0.0,0.2108948,155.59686
0.0,0.052231684,112.82216
0.0,0.23409685,110.0228
0.0,0.495711,78.891136
0.0,0.12179237,67.33006
0.0,0.0422962,129.8711
0.0,0.14839198,74.6106
0.0,0.48271,81.16374
0.0,0.89065003,232.0831
0.0,0.5481135,73.01176
0.0,0.24894193,203.50592
0.0,0.636687,76.59351
0.0,0.6389628,66.15499
0.0,0.41449156,67.28788
0.0,0.23284298,126.65964
0.0,0.06493819,139.26698
0.0,0.17712906,118.4397
0.0,0.14682645,1165.9001
0.0,0.14957653,99.79928
0.0,0.36646113,82.006454
0.0,0.22829197,189.09384
0.0,0.5549677,68.38182
0.0,0.37285066,85.782555
0.0,0.24678849,220.73242
0.0,0.6273457,83.07096
0.0,0.46154216,508.06778
0.0,0.2623127,95.38284
0.0,0.381323,65.954636
0.0,0.06867658,145.92508
0.0,0.34020573,76.83917
0.0,0.1384224,69.39934
0.0,0.540675,338.58102
0.0,0.05850065,248.59264
0.0,0.42364693,142.63005
0.0,0.15508236,69.57336
0.0,0.044500552,66.20011
0.0,0.24325049,68.34932
0.0,0.24444644,73.43984
0.0,0.968666,370.51553
0.0,0.4993864,72.92157
0.0,0.28123164,101.45284
0.0,0.36896512,127.67687
0.0,0.660323,84.335075
0.0,0.61548126,104.04385
0.0,0.072595984,112.34378
0.0,0.26252323,78.50002
0.0,0.48422644,123.95434
0.0,0.40757406,116.24184
0.0,0.5528701,75.247696
0.0,0.18968707,147.05118
0.0,0.3259815,109.75971
0.0,0.4994963,158.82893
0.0,0.5917707,77.27141
0.0,0.069901384,80.24694
0.0,0.45151204,73.72426
0.0,0.10489808,8.194775e+10
0.0,0.027796704,71.04685
0.0,0.4351715,71.92166
0.0,0.12066742,70.135284
0.0,0.16046885,119.936104
0.0,0.6989941,354.5277
0.0,0.49010718,70.47574
0.0,0.41493285,68.53301
0.0,0.12401006,70.41641
0.0,0.42252395,169.29584
0.0,0.038489077,511.15134
0.0,0.44230986,109.91425
0.0,0.38801408,65.7578
0.0,0.17099941,79.47995
0.0,0.1029242,614.73096
0.0,0.097605094,71.74577
0.0,0.60095084,154.11562
0.0,0.41756546,79.690315
0.0,0.32909974,82.17204
0.0,0.1926852,82.1545
0.0,0.26949435,93.98322
0.0,0.45045558,69.36658
0.0,0.5372304,119.05705
0.0,0.18258405,157.5661
0.0,0.07715366,100.7087
0.0,0.15862903,205.6666
0.0,0.16482961,172.64624
0.0,0.47860727,69.22548
0.0,0.13584805,531.2006
0.0,0.20173064,129.38455
0.0,0.4372862,79.66906
0.0,0.58210766,68.739914
0.0,0.5616294,72.38087
0.0,0.5693312,68.59696
0.0,0.45603883,88.082146
0.0,0.46514937,66.329796
0.0,0.07845908,222.03441
0.0,0.5200338,114.51074
0.0,0.49031597,69.69349
0.0,0.30401537,69.72213
0.0,0.5545296,85.9465
0.0,0.34180158,82.676575
0.0,0.07001998,84.64947
0.0,0.2818573,75.596596
0.0,0.57849735,74.23624
0.0,0.4270554,329.6127
0.0,0.4410106,67.8772
0.0,0.10211625,72.16802
0.0,0.11895689,135.88657
0.0,0.42357594,75.564606
0.0,0.55712897,68.652756
0.0,0.6066145,68.94278
0.0,0.45513797,94.3282
0.0,0.5444319,147.61696
0.0,0.011099589,66.44741
0.0,0.4221422,110.40938
0.0,0.3815605,75.938255
0.0,0.5127378,82.01485
0.0,0.36569136,66.563515
0.0,0.5094904,77.95935
0.0,0.2114488,68.54151
0.0,0.47170335,92.17655
0.0,0.12653075,67.51971
0.0,0.93845993,373.34033
0.0,0.13855734,85.26038
0.0,0.5565758,78.14581
0.0,0.6466876,97.338165
0.0,0.3025612,89.10211
0.0,0.46154216,72.54749
0.0,0.14969528,591.7878
0.0,0.43606025,77.537506
0.0,0.34688157,156.77548
0.0,0.17634442,117.70569
0.0,0.037943684,222.46841
0.0,0.4198041,158.97052
0.0,0.059365217,140.58994
0.0,0.29933402,68.386475
0.0,0.17098838,77.003334
0.0,0.49639413,69.2246
0.0,0.41013727,837.06335
0.0,0.18797064,934.8809
0.0,0.44502452,86.50246
0.0,0.25115976,71.825424
0.0,0.61810136,78.83539
0.0,0.46002716,79.417755
0.0,0.22454762,85.574326
0.0,0.8275236,68.0825
0.0,0.76316094,152.64838
0.0,0.1160197,120.6888
0.0,0.28015727,96.95038
0.0,0.5141377,80.57607
0.0,0.46827275,180.46202
0.0,0.5116785,154.28839
0.0,0.5152789,72.93624
0.0,0.41656518,152.47174
0.0,0.17509457,173.01903
0.0,0.10114613,647.0266
0.0,0.4492976,141.77827
0.0,0.99794334,276.1205
0.0,0.12419389,72.43547
0.0,0.45032224,79.50569
0.0,0.09465167,83.26313
0.0,0.5827883,175.71455
0.0,0.08721208,101.419426
0.0,0.09217609,124.82287
0.0,0.24151511,98.573296
0.0,0.28472483,69.38735
0.0,0.031998925,671.65216
0.0,0.2664142,199.9487
0.0,0.30941087,158.56374
0.0,0.6398443,71.862755
0.0,0.39737973,72.06849
0.0,0.02827165,110.12178
0.0,0.29278708,89.97932
0.0,0.3901133,81.262314
0.0,0.15897189,457.86557
0.0,0.15221132,100.37191
0.0,0.086704895,86.04172
0.0,0.3403882,73.86346
0.0,0.22720209,88.02909
0.0,0.25022924,157.4472
0.0,0.34968,68.35142
0.0,0.47898006,110.98426
0.0,0.18608178,94.15659
0.0,0.53588635,671.77124
0.0,0.59192926,69.22905
0.0,0.4781561,138.43741
0.0,0.3115156,93.236176
0.0,0.11303235,221.51138
0.0,0.44055834,67.67893
0.0,0.47987965,86.189835
0.0,0.48349687,74.71944
0.0,0.28760606,72.68762
0.0,0.21764845,79.25708
0.0,0.45280218,272.36786
0.0,0.47063482,107.597496
0.0,0.34819645,103.97699
0.0,0.16467209,350.14554
0.0,0.41899106,93.9889
0.0,0.23499031,88.3117
0.0,0.3932001,138.80443
0.0,0.13890351,305.1342
0.0,0.18484968,79.28014
0.0,0.50587255,100.65896
0.0,0.8156147,239.37952
0.0,0.32589918,119.81922
0.0,0.75164664,67.914696
0.0,0.31882513,82.202774
0.0,0.19216421,101.09929
0.0,0.47620347,79.18006
0.0,0.43943352,72.813545
0.0,0.639049,78.529854
0.0,0.6957666,71.897064
0.0,0.118332006,77.12719
0.0,0.12746942,156.70561
0.0,0.14429034,153.87366
0.0,0.31463495,71.265495
0.0,0.09853648,84.46124
0.0,0.45461226,189.84598
0.0,0.41723067,65.912544
0.0,0.10359966,249.18892
0.0,0.18514869,166.62175
0.0,0.6186018,129.99821
0.0,0.53621525,76.237976
0.0,0.2054648,107.65741
0.0,0.44519046,104.82357
0.0,0.045773722,288.88425
0.0,0.13673608,74.090965
0.0,0.13114649,131.2334
0.0,0.27126646,298.78806
0.0,0.5692841,67.02614
0.0,0.5862543,69.39019
0.0,0.54045606,108.10954
0.0,0.6025723,69.42507
0.0,0.5843425,65.954926
0.0,0.073661506,93.55468
0.0,0.49569905,88.51042
0.0,0.29763392,108.06949
0.0,0.5326171,71.292336
0.0,0.34699422,70.23315
0.0,0.23149085,96.50409
0.0,0.5151371,70.37935
0.0,0.47229147,142.25533
0.0,0.51193243,95.25035
0.0,0.48464048,245.7421
0.0,0.1476591,287.09537
0.0,0.42037815,925.004
0.0,0.053119943,184.87294
0.0,0.41672772,173.87007
0.0,0.2123653,88.21406
0.0,0.26984468,101.431786
0.0,0.1998909,120.335045
0.0,0.28864872,94.5071
0.0,0.13504243,83.6362
0.0,0.2082344,65.30955
0.0,0.19339031,69.283646
0.0,0.09412477,91.02917
0.0,0.5350371,147.13638
0.0,0.588738,335.08435
0.0,0.2826921,75.153854
0.0,0.36267948,259.17368
0.0,0.51441956,107.1864
0.0,0.47395054,66.63755
0.0,0.3717505,76.055756
0.0,0.553135,96.026245
0.0,0.35850933,94.01808
0.0,0.39555898,122.700195
0.0,0.32844073,157.45248
0.0,0.4731191,215.69704
0.0,0.3182512,148.03296
0.0,0.42972103,156.19441
0.0,0.45623586,98.09845
0.0,0.25140932,66.388084
0.0,0.15908207,290.45398
0.0,0.41124445,72.67358
0.0,0.3951803,74.885376
0.0,0.10997393,88.25552
0.0,0.4160377,463.56998
0.0,0.30516624,118.27148
0.0,0.24909456,71.32514
0.0,0.5030487,97.69699
0.0,0.4149478,97.441246
0.0,0.49555182,89.84553
0.0,0.06253345,94.89031
0.0,0.23577218,178.49391
0.0,0.13684537,73.602295
0.0,0.48324686,71.45877
0.0,0.47114456,90.45445
0.0,0.5404717,90.63688
0.0,0.92026615,66.042175
0.0,0.36504072,139.06522
0.0,0.50033903,72.782776
0.0,0.18120803,87.3386
0.0,0.44538513,81.86744
0.0,0.29552117,241.4568
0.0,0.028870974,274.368
0.0,0.48127457,79.47083
0.0,0.39363465,82.88152
0.0,0.52672887,83.11724
0.0,0.18792784,221.77177
0.0,0.1737747,115.59516
0.0,0.5654896,99.08536
0.0,0.46145818,68.70011
0.0,0.32289264,88.20287
0.0,0.3966834,151.06825
0.0,0.5534938,428.32553
0.0,0.29741168,82.397865
0.0,0.54519796,130.617
0.0,0.28817493,78.6865
0.0,0.46154216,185.37662
0.0,0.628703,94.37909
0.0,0.53532064,203.40485
0.0,0.10251137,91.56782
0.0,0.12086565,71.00521
0.0,0.12972882,86.662445
0.0,0.36522174,107.867195
0.0,0.59625673,90.792305
0.0,0.4320296,124.000206
0.0,0.6666921,92.89343
0.0,0.31454262,65.39987
0.0,0.6610932,286.42
0.0,0.14918858,88.65186
0.0,0.50052106,330.5183
0.0,0.6332853,99.59105
0.0,0.13635522,115.49849
0.0,0.11959274,152.16528
0.0,0.35141712,88.41182
0.0,0.47656626,112.26462
0.0,0.07952476,113.68756
0.0,0.7066695,81.37812
0.0,0.12978774,77.01359
0.0,0.60284555,70.03453
0.0,0.42271957,98.647385
0.0,0.41340536,65.29295
0.0,0.29571116,92.044395
0.0,0.5527964,2.1659768e+06
0.0,0.28467098,67.793144
0.0,0.23372175,127.07181
0.0,0.19913737,191.59206
0.0,0.6771967,66.76443
0.0,0.27563468,88.076515
0.0,0.3445201,69.02445
0.0,0.48358947,80.58214
0.0,0.2180124,78.03487
0.0,0.14875387,354.0998
0.0,0.27900216,568.9974
0.0,0.3558601,65.33442
0.0,0.16292615,113.63122
0.0,0.25056276,86.03728
0.0,0.5470184,80.95348
0.0,0.47672805,121.48836
0.0,0.29501972,168.56932
0.0,0.56154317,69.84618
0.0,0.13895252,660.50073
0.0,0.29828617,79.39308
0.0,0.29423016,458.97818
0.0,0.29423016,458.97818
0.0,0.5502637,75.14408
0.0,0.26094672,173.10063
0.0,0.47616076,65.468575
0.0,0.10033276,103.6395
0.0,0.44141406,126.67035
0.0,0.16829967,111.48989
0.0,0.5527729,68.431274
0.0,0.5131529,75.35832
0.0,0.23388346,72.940285
0.0,0.2075371,85.25117
0.0,0.51365733,474.5854
0.0,0.45516485,113.55632
0.0,0.16102992,111.31388
0.0,0.4750668,67.942215
0.0,0.26158124,156.76775
0.0,0.7239622,96.74778
0.0,0.20420286,231.45073
0.0,0.0523514,104.298515
0.0,0.0768174,108.67508
0.0,0.15243545,125.925415
0.0,0.34869555,77.06607
0.0,0.09583701,139.76093
0.0,0.12447472,148.86044
0.0,0.22514062,70.14618
0.0,0.3322921,91.170555
0.0,0.545248,65.20961
0.0,0.070790604,128.6743
0.0,0.51908076,67.5223
0.0,0.55312437,80.078255
0.0,0.24987137,76.557106
0.0,0.3285878,360.30432
0.0,0.06564129,77.706375
0.0,0.047222108,245.8213
0.0,0.024219835,526.7515
0.0,0.60200083,186.37714
0.0,0.6993535,66.79143
0.0,0.14212562,429.92676
0.0,0.36198914,89.72285
0.0,0.26242086,98.88239
0.0,0.2431675,138.635
0.0,0.17843156,278.70248
0.0,0.21142034,70.97435
0.0,0.3480604,84.51931
0.0,0.1064821,135.60674
0.0,0.43535417,78.8485
0.0,0.4599763,75.99908
0.0,0.18984395,85.55934
0.0,0.668736,74.28475
0.0,0.24435884,261.94235
0.0,0.42183486,526.43463
0.0,0.09995192,147.89998
0.0,0.6028988,85.585884
0.0,0.16793218,175.29996
0.0,0.45183867,133.23448
0.0,0.6009341,181.43541
0.0,0.46154216,73.1917
0.0,0.0918787,152.52867
0.0,0.1176592,68.05394
0.0,0.3594002,89.90123
0.0,0.34636873,78.324585
0.0,0.16051863,420.84473
0.0,0.49741516,69.257065
0.0,0.87314427,333.28113
0.0,0.45258954,181.50525
0.0,0.2636732,86.7737
0.0,0.54339135,165.21411
0.0,0.28531158,96.65958
0.0,0.16122174,91.91488
0.0,0.4842766,98.33772
0.0,0.47433323,103.64696
0.0,0.28343448,68.41254
0.0,0.38569105,170.7704
0.0,0.11933116,80.43977
0.0,0.5279374,76.677025
0.0,0.26974365,174.64304
0.0,0.27112636,66.09438
0.0,0.50166756,70.49393
0.0,0.30119458,128.21625
0.0,0.5525908,86.71184
0.0,0.14898092,353.90118
0.0,0.12059293,71.12237
0.0,0.3714643,79.26071
0.0,0.4622339,72.88807
0.0,0.48066643,72.51606
0.0,0.23892061,73.40703
0.0,0.5091809,85.07077
0.0,0.11376919,66.28692
0.0,0.67155045,209.33795
0.0,0.49805093,101.67157
0.0,0.43521214,94.31841
0.0,0.15448934,85.36619
0.0,0.16554278,86.608604
0.0,0.17859872,102.67559
0.0,0.63518023,75.60396
0.0,0.20464973,107.55551
0.0,0.63854706,159.56726
0.0,0.1663056,70.771095
0.0,0.48089713,131.36595
0.0,0.13022746,203.60114
0.0,0.28294793,86.74441
0.0,0.5705951,86.213356
0.0,0.071916975,94.531105
0.0,0.19608693,132.21187
0.0,0.47167215,75.71769
0.0,0.10840295,383.14197
0.0,0.3421744,102.91944
0.0,0.3682662,69.99623
0.0,0.041592203,133.72697
0.0,0.2584235,136.52402
0.0,0.47227505,70.86948
0.0,0.22695518,84.24771
0.0,0.19913808,116.10733
0.0,0.9248017,188.66756
0.0,0.32286885,81.473625
0.0,0.21524124,74.67447
0.0,0.27261475,67.83862
0.0,0.57097226,77.608025
0.0,0.45483097,265.09344
0.0,0.6002629,102.63242
0.0,0.68553555,126.18818
0.0,0.36385143,79.15663
0.0,0.18278511,77.406845
0.0,0.34230244,81.92377
0.0,0.3795841,81.74115
0.0,0.4575952,67.156876
0.0,0.6262995,103.56886
0.0,0.29902503,72.38359
0.0,0.46154216,70.64424
0.0,0.51531,79.19273
0.0,0.085284926,80.20049
0.0,0.25904176,171.58975
0.0,0.17529242,68.240105
0.0,0.32882074,141.44623
0.0,0.51217633,70.36092
0.0,0.40613413,120.19686
0.0,0.34237656,106.951225
0.0,0.39804745,72.82194
0.0,0.35987824,334.28253
0.0,0.35987824,334.28253
0.0,0.4425406,612.3224
0.0,0.14942984,749.09845
0.0,0.4492706,106.044266
0.0,0.90018374,69.17843
0.0,0.50342095,210.08768
0.0,0.32134476,73.806145
0.0,0.70721835,101.33456
0.0,0.16107762,67.38592
0.0,0.55933493,66.887726
0.0,0.48939398,270.89188
0.0,0.3915602,103.98007
0.0,0.24852195,67.4898
0.0,0.8072306,66.30217
0.0,0.44229493,94.101814
0.0,0.57274437,74.90482
0.0,0.26831615,65.69729
0.0,0.5055422,209.3151
0.0,0.0817695,72.09318
0.0,0.03346181,108.21797
0.0,0.24748999,113.69337
0.0,0.03462012,110.376526
0.0,0.64719117,75.66433
0.0,0.0693659,208.68896
0.0,0.22978888,784.76544
0.0,0.03919937,126.93613
0.0,0.11572322,88.279366
0.0,0.54697704,91.20495
0.0,0.10471708,70.76612
0.0,0.09480002,236.71245
0.0,0.40381098,74.142624
0.0,0.7360412,70.74561
0.0,0.37788165,106.82436
0.0,0.23057474,88.9571
0.0,0.5433219,69.483986
0.0,0.48286718,125.75215
0.0,0.48092422,114.181435
0.0,0.23233002,69.99927
0.0,0.4089438,66.38042
0.0,0.22475365,83.10806
0.0,0.36889705,98.471375
0.0,0.52055603,177.03506
0.0,0.85149336,1020.92
0.0,0.3945097,68.21471
0.0,0.028703788,199.3552
0.0,0.35911837,78.7062
0.0,0.38010773,145.31729
0.0,0.502788,176.45212
0.0,0.06722906,110.678215
0.0,0.4649,100.63619
0.0,0.15720014,68.562874
0.0,0.5027546,68.74195
0.0,0.44156188,91.813614
0.0,0.45639402,132.86452
0.0,0.24143787,85.75355
0.0,0.49757767,69.888756
0.0,0.41833904,82.946686
0.0,0.16727297,68.54074
0.0,0.8623054,428.50897
0.0,0.56488836,78.231705
0.0,0.08531408,318.51608
0.0,0.25073448,131.28961
0.0,0.26539645,130.28256
0.0,0.50569427,107.01207
0.0,0.12692294,115.021774
0.0,0.106001325,150.03769
0.0,0.16234761,118.04024
0.0,0.22281979,528.83417
0.0,0.38345882,214.88283
0.0,0.35188776,123.890656
0.0,0.1978969,70.549576
0.0,0.5770015,119.62658
0.0,0.549078,85.3279
0.0,0.08306511,154.96426
0.0,0.31105503,102.41624
0.0,0.22917527,174.06041
0.0,0.45003763,72.210106
0.0,0.1248035,211.5825
0.0,0.46538112,70.198494
0.0,0.22145872,66.700134
0.0,0.36553586,103.20142
0.0,0.5795103,435.78543
0.0,0.8264631,110.7379
0.0,0.34293303,84.22126
0.0,0.55039316,69.8182
0.0,0.5105505,129.74382
0.0,0.21776827,298.11893
0.0,0.1347735,72.51988
0.0,0.12956512,95.94349
0.0,0.18424742,108.08865
0.0,0.31136578,140.73929
0.0,0.07136484,80.423965
