true_label,prob_tau,reco_energy_tev
1.0,0.49179545,106.125854
1.0,0.48412538,350.3455
1.0,0.49812698,1080.5258
1.0,0.5463414,295436.88
1.0,0.66731465,782257.4
1.0,0.8500033,359.82755
1.0,0.6154751,114.63591
1.0,0.9730251,977.4025
1.0,0.57484853,99.64806
1.0,0.666168,111.29079
1.0,0.48878545,110.70683
1.0,0.66032845,73.61491
1.0,0.5636287,126.70498
1.0,0.5479073,332.57034
1.0,0.6270298,433.03525
1.0,0.8651641,1448.5293
1.0,0.5352185,139.2763
1.0,0.56471944,80.23425
1.0,0.63216716,73.32567
1.0,0.5901636,864351.4
1.0,0.5061536,3.6944655e+09
1.0,0.4819319,167.58221
1.0,0.5211757,372182.1
1.0,0.6252947,79.0489
1.0,0.5226356,478344.12
1.0,0.5120544,2879.8564
1.0,0.5949425,72675.77
1.0,0.47830778,109.75236
1.0,0.50699306,9.366815e+06
1.0,0.47831348,111.434456
1.0,0.4726935,71.99798
1.0,0.6829122,72.818245
1.0,0.5283798,109.167435
1.0,0.8158942,154.86807
1.0,0.5830324,92.19834
1.0,0.4084416,1522.6532
1.0,0.5213826,96.48714
1.0,0.57427126,82.15892
1.0,0.64110726,1.7686895e+06
1.0,0.46677706,1669.2992
1.0,0.556882,1022.0584
1.0,0.49995792,83.81497
1.0,0.66156244,129.34436
1.0,0.85074735,54653.438
1.0,0.46874595,76.75807
1.0,0.7010149,211.49307
1.0,0.5256499,179.83412
1.0,0.46122575,1518.7369
1.0,0.93298954,1614.2139
1.0,0.57243985,123.16545
1.0,0.66966593,266.4164
1.0,0.5380081,139.78455
1.0,0.6716106,89.428116
1.0,0.53411955,45519.69
1.0,0.56380975,122.061745
1.0,0.46122575,894.2362
1.0,0.55729526,367.2374
1.0,0.5718474,73977.984
1.0,0.59997,193.82245
1.0,0.5733429,2799.9758
1.0,0.7378662,4170.661
1.0,0.68494916,181.84395
1.0,0.46122575,167.2385
1.0,0.51448596,18198.656
1.0,0.4945572,107.27058
1.0,0.6252664,87.56986
1.0,0.55536276,1.9607115e+08
1.0,0.58130044,8.050896e+06
1.0,0.507269,1.1269426e+09
1.0,0.6960737,170.47656
1.0,0.5588443,73.34892
1.0,0.56038785,70.62501
1.0,0.556286,85.6974
1.0,0.6172612,113.81295
1.0,0.5067192,87.51104
1.0,0.4647662,70.71266
1.0,0.5869341,235.53375
1.0,0.61865115,125.63416
1.0,0.47939906,5.347236e+06
1.0,0.48613003,3814.3489
1.0,0.52218056,636344.56
1.0,0.66830355,237.62567
1.0,0.63756824,88.8687
1.0,0.4931957,7.023319e+10
1.0,0.52093285,236.24054
1.0,0.5728126,363.09595
1.0,0.5623363,65560.87
1.0,0.52014464,165.64558
1.0,0.68481755,97.167694
1.0,0.56299585,2.5823776e+07
1.0,0.4826599,172.56125
1.0,0.69779515,582.8827
1.0,0.4724407,802.62933
1.0,0.459544,98.569374
1.0,0.4348508,85.95126
1.0,0.744078,1788.429
1.0,0.4683173,171.82439
1.0,0.4146391,117.927986
1.0,0.46122575,1.7281416e+08
1.0,0.522576,350.6374
1.0,0.46122575,123.415955
1.0,0.49019986,76.92297
1.0,0.711231,160.8487
1.0,0.9220585,215.67715
1.0,0.4356607,185.5165
1.0,0.6735878,72.58044
1.0,0.61279535,2179.1978
1.0,0.5808465,73.45601
1.0,0.59936184,214.11859
1.0,0.57532513,193.60019
1.0,0.5054262,66.83612
1.0,0.4612438,4421.147
1.0,0.56064844,101.38207
1.0,0.522414,4533.1016
1.0,0.57114255,95.75377
1.0,0.5871001,486.04877
1.0,0.46122575,333.17703
1.0,0.46122575,333.17703
1.0,0.54953295,214.48247
1.0,0.5072509,137.63249
1.0,0.28330812,449.04993
1.0,0.46122575,10461.712
1.0,0.5999114,107.92044
1.0,0.4088977,77.89666
1.0,0.57930785,133.41577
1.0,0.8042947,273.5874
1.0,0.5813244,168.57552
1.0,0.53916174,679375.56
1.0,0.4226338,173.09103
1.0,0.5878796,180.87244
1.0,0.5113636,170.24182
1.0,0.5538238,184.78436
1.0,0.52390444,8.2898505e+11
1.0,0.6003007,152.7073
1.0,0.5824959,1.9386926e+06
1.0,0.46878868,2.2587914e+10
1.0,0.52720517,225.87715
1.0,0.71369267,370.96735
1.0,0.5120953,97.36029
1.0,0.53317267,77.5129
1.0,0.47104093,434.64
1.0,0.46244463,4410.345
1.0,0.57800937,157.01683
1.0,0.54470617,149.27231
1.0,0.5139255,79.50257
1.0,0.54686695,129.91246
1.0,0.61607355,454.37152
1.0,0.4855792,76.681145
1.0,0.59113663,109.58439
1.0,0.48248434,260.48297
1.0,0.53329754,94.26588
1.0,0.56249964,107.17269
1.0,0.5395524,183.1323
1.0,0.5297852,104.71297
1.0,0.4868794,193.66418
1.0,0.46122575,726.5877
1.0,0.53317016,103.08161
1.0,0.46122575,4.1652797e+08
1.0,0.49342588,7426.412
1.0,0.4672961,180.22995
1.0,0.5877342,147.07928
1.0,0.587219,123.50013
1.0,0.6174492,249.2138
1.0,0.5799778,134.57361
1.0,0.4455414,80.234474
1.0,0.39866287,101.88786
1.0,0.55056876,119.788445
1.0,0.6094012,13887.205
1.0,0.49940905,120.10642
1.0,0.5220559,1.8060395e+08
1.0,0.56616855,80.90612
1.0,0.7056155,791.5998
1.0,0.63578945,121.638374
1.0,0.80685437,334.49234
1.0,0.6682612,221.62961
1.0,0.46122575,279.3403
1.0,0.4255112,70.6143
1.0,0.46122575,75.08256
1.0,0.43079752,112.77422
1.0,0.43079752,112.77422
1.0,0.4829417,89.85936
1.0,0.6947517,173.30013
1.0,0.6823033,222.33203
1.0,0.60404843,177.01018
1.0,0.58701193,90.74402
1.0,0.6115862,68.92437
1.0,0.6240717,63982.367
1.0,0.60133636,175.9465
1.0,0.5476082,80.861626
1.0,0.60346556,4685.3447
1.0,0.718205,213.0517
1.0,0.49465927,102.21605
1.0,0.5640177,88.555046
1.0,0.48165032,69.45014
1.0,0.58708864,1429.64
1.0,0.5643711,126.633286
1.0,0.7568365,265.7808
1.0,0.57975274,495.09802
1.0,0.52258176,101.10867
1.0,0.46885875,106.66105
1.0,0.68293315,96.0113
1.0,0.4908402,87.3066
1.0,0.52205414,163.374
1.0,0.5232332,183.51744
1.0,0.5587718,21872.797
1.0,0.68566364,1829.5804
1.0,0.66523105,157.22488
1.0,0.46122575,2000.0381
1.0,0.65569985,209.0006
1.0,0.5033881,107.82806
1.0,0.5271867,1.4858603e+08
1.0,0.54440385,130.0032
1.0,0.62875205,97.53011
1.0,0.6880999,138.12897
1.0,0.45899072,10183.462
1.0,0.56225705,5948.8384
1.0,0.5318434,297.52313
1.0,0.4632716,554.56476
1.0,0.51324344,163.1389
1.0,0.57173085,95.34295
1.0,0.57768875,2224.7073
1.0,0.8324677,278.5015
1.0,0.54690087,72.98948
1.0,0.6327722,158.2645
1.0,0.48325038,3280.9873
1.0,0.5890046,72.83742
1.0,0.5903182,137.15543
1.0,0.60569954,200860.1
1.0,0.4556177,351.5805
1.0,0.59724313,88.15756
1.0,0.623174,65.18116
1.0,0.57632446,1715.6696
1.0,0.5698475,3317.5593
1.0,0.5391243,7.579101e+06
1.0,0.56919444,25261.723
1.0,0.4339516,119.31838
1.0,0.5849888,489.28226
1.0,0.86581534,83.87401
1.0,0.51205605,115.23799
1.0,0.9664698,222.44533
1.0,0.4743383,94.8969
1.0,0.5654636,128.0773
1.0,0.5127786,9.194662e+07
1.0,0.86988056,307.74878
1.0,0.4963456,1041.2145
1.0,0.5299113,139.9899
1.0,0.55487055,117.337166
1.0,0.54096603,1.8767958e+07
1.0,0.60000527,295001.88
1.0,0.6026246,134.0983
1.0,0.73449546,28304.947
1.0,0.47234702,1.4846536e+09
1.0,0.6264114,83.737595
1.0,0.53695697,135022.58
1.0,0.53695697,135022.58
1.0,0.477615,71.35114
1.0,0.49915624,83.170044
1.0,0.46122575,1.8093818e+08
1.0,0.575381,299.43274
1.0,0.61763495,76.170334
1.0,0.54432636,131.93439
1.0,0.5122603,76.66414
1.0,0.7466026,128.25603
1.0,0.46310478,129.35068
1.0,0.40034452,183.66267
1.0,0.5418039,72.25234
1.0,0.57507986,98.56196
1.0,0.46500754,132.21753
1.0,0.49035707,81.360565
1.0,0.4832092,182.15588
1.0,0.9674425,403.6591
1.0,0.3842229,82.1997
1.0,0.5078599,89.92473
1.0,0.46434748,93.11617
1.0,0.62700945,139.57275
1.0,0.53643566,86.192245
1.0,0.4983942,71.53733
1.0,0.49661064,103.95862
1.0,0.4909206,69.55553
1.0,0.5223035,72.870674
1.0,0.44870162,132.55351
1.0,0.50211245,268.75177
1.0,0.9923154,34148.523
1.0,0.49525797,77.752655
1.0,0.5023581,66.814186
1.0,0.50556153,111.51542
1.0,0.99963295,91.410065
1.0,0.89130366,331.2331
1.0,0.44548324,70.65911
1.0,0.4030135,101.44326
1.0,0.6799506,137.60484
1.0,0.37970772,110.55379
1.0,0.4638866,83.371414
1.0,0.40058717,462.21298
1.0,0.9955448,6789.8335
1.0,0.4386714,78.99961
1.0,0.49667358,171.31389
1.0,0.3633934,92.978004
1.0,0.50892377,70.49429
1.0,0.43900526,122.05994
1.0,0.4973597,86.19649
1.0,0.4270183,79.9789
1.0,0.46472275,81.184555
1.0,0.54314226,99.81473
1.0,0.59811294,4.632601e+10
1.0,0.77384955,65.804146
1.0,0.50592554,140.50714
1.0,0.44295457,105.02708
1.0,0.4780571,154.94273
1.0,0.5101878,90.817085
1.0,0.46998927,78.222466
1.0,0.4350203,303.764
1.0,0.43180165,100.95342
1.0,0.377468,175.60973
1.0,0.49327424,65.28184
1.0,0.9999622,131.39005
1.0,0.4099519,78.107765
1.0,0.48718452,639.9575
1.0,0.5105792,77.4579
1.0,0.43865103,243.25948
1.0,0.43707386,69.11889
1.0,0.5222219,76.61525
1.0,0.49547163,207.0896
1.0,0.4619183,69.175064
1.0,0.4106712,380.9789
1.0,0.44457692,84.139786
1.0,0.46122575,169.61511
1.0,0.50039613,274.544
1.0,0.50587344,75.94036
1.0,0.5007454,100.81386
1.0,0.44933066,946.2207
1.0,0.51664263,66.412506
1.0,0.5202243,142.30829
1.0,0.5717845,102.642624
1.0,0.50466824,97.78689
1.0,0.5129688,87.19598
1.0,0.54568905,379.17633
1.0,0.4493657,79.21428
1.0,0.49061736,78.99683
1.0,0.5101661,80.3274
1.0,0.44900882,67.79328
1.0,0.4242826,101.71534
1.0,0.69260573,72.20947
1.0,0.95613366,684.5112
1.0,0.5263796,65.04634
1.0,0.52846634,76.013016
1.0,0.54036945,88.54265
1.0,0.43070993,170.58347
1.0,0.46399826,104.86276
1.0,0.4573752,65.19232
1.0,0.4624559,65.80512
1.0,0.47727916,86.38301
1.0,0.5941498,138.10266
1.0,0.64374185,104.57096
1.0,0.5134265,132.27205
1.0,0.8613581,314.35513
1.0,0.4937946,109.29072
1.0,0.73620486,697.2998
1.0,0.538119,66.54537
1.0,0.48813105,12626.946
1.0,0.42788428,71.821045
1.0,0.43200618,73.10519
1.0,0.46940935,82.508766
1.0,0.48743352,267.6331
1.0,0.3498298,85.776596
1.0,0.55133057,66.41027
1.0,0.53165436,101.96609
1.0,0.80764544,1727.8325
1.0,0.71301544,84.122
1.0,0.52302754,94.42499
1.0,0.7630327,70.767555
1.0,0.46033686,145.37259
1.0,0.99999404,121.361565
1.0,0.5908118,424.32016
1.0,0.9962047,170.0369
1.0,0.45622653,68.25339
1.0,0.4537328,142.64783
1.0,0.5139179,80.76115
1.0,0.4186951,68.36723
1.0,0.61758727,190.11693
1.0,0.53689176,97.16892
1.0,0.5412506,173.3278
1.0,0.47863212,76.405075
1.0,0.41312045,140.04955
1.0,0.43550906,368.05984
1.0,0.50474924,108.217255
1.0,0.96176,65.46976
1.0,0.9494414,78.253265
1.0,0.50310206,78.025826
1.0,0.52172005,82.9818
1.0,0.4847986,106.94676
1.0,0.48321345,71.5716
1.0,0.57234794,99.28364
1.0,0.51637965,114.16664
1.0,0.4435658,89.40941
1.0,0.6201801,211.94266
1.0,0.3958965,110.399796
1.0,0.4506266,105.69177
1.0,0.49776053,82.617455
1.0,0.5819335,681.7518
1.0,0.9906936,1574.2354
1.0,0.4853198,113.26898
1.0,0.46706453,350.46362
1.0,0.99881625,451.5313
1.0,0.46300828,83.3949
1.0,0.43388668,71.03839
1.0,0.4293074,523.8924
1.0,0.8047642,3049.386
1.0,0.40377158,79.35436
1.0,0.45708346,477.74313
1.0,0.48139608,166.13382
1.0,0.5250908,79.178276
1.0,0.44383314,127.961555
1.0,0.4956625,155.3514
1.0,0.45499128,111.95775
1.0,0.48790878,67.522285
1.0,0.99898916,15666.227
1.0,0.41795015,73.6373
1.0,0.7832248,82.635826
1.0,0.7348551,86.96403
1.0,0.53734493,74.77735
1.0,0.49620685,75.69154
1.0,0.500854,74.29368
1.0,0.57396525,72.80112
1.0,0.48358288,250.14397
1.0,0.8620568,224.18175
1.0,0.5189151,75.90993
1.0,0.8593288,101.03204
1.0,0.4720021,101.86404
1.0,0.6418309,93.2695
1.0,0.5070458,130.2044
1.0,0.9439129,1992.8286
1.0,0.49340168,109.612785
1.0,0.4807926,75.923515
1.0,0.9943546,71.6768
1.0,0.64751047,237.8324
1.0,0.4787874,80.9168
1.0,0.59186965,118.41597
1.0,0.4882829,225.4354
1.0,0.5499476,81.7833
1.0,0.4919393,81.41758
1.0,0.9976215,1523.1531
1.0,0.42092642,76.59557
1.0,0.4450865,378.9649
1.0,0.39836064,65.728874
1.0,0.51695246,111.286385
1.0,0.5000854,94.574554
1.0,0.4201574,156.1344
1.0,0.49238503,1.6614768e+06
1.0,0.49947134,86.39278
1.0,0.34347463,93.55314
1.0,0.42662266,98.73122
1.0,0.9999659,71804.65
1.0,0.6220528,464.58725
1.0,0.6655932,78.55596
1.0,0.53590024,99.07918
1.0,0.49007535,71.21692
1.0,0.5878266,72.29904
1.0,0.52292925,218.47235
1.0,0.5074839,66.61425
1.0,0.44349834,72.607834
1.0,0.952991,97.38678
1.0,0.5318757,89.32873
1.0,0.8632279,924.5953
1.0,0.4469503,117.158485
1.0,0.50336206,65.519646
1.0,0.5097167,78.43898
1.0,0.46979064,138.12943
1.0,0.49593607,310.2124
1.0,0.6004364,1117.8223
1.0,0.4765333,109.39288
1.0,0.47168913,109.992485
1.0,0.76502424,718.62695
1.0,0.53432804,67.562996
1.0,0.8898936,115.714966
1.0,0.4868937,68.88112
1.0,0.5260621,131.01888
1.0,0.6552224,65.77112
1.0,0.9986744,239.37411
1.0,0.4509595,117.30664
1.0,0.5129097,71.28997
1.0,0.5092365,78.85747
1.0,0.8295993,1619.7584
1.0,0.4241477,247.9986
1.0,0.38140085,72.3227
1.0,0.99994385,255.71815
1.0,0.9999783,354.37924
1.0,0.47798488,74.302895
1.0,0.5419917,98.23121
1.0,0.5064577,123.73792
1.0,0.49726158,69.5686
1.0,0.59737366,392.4373
1.0,0.41300407,69.363914
1.0,0.498747,97.32989
1.0,0.99986076,9711.09
1.0,0.4992873,74.49954
1.0,0.46049434,70.62035
1.0,0.469752,90.39767
1.0,0.50223297,118.09099
1.0,0.60625815,67.73597
1.0,0.47533718,106.291916
1.0,0.4897844,264.5982
1.0,0.46232307,78.20882
1.0,0.47242814,112.72248
1.0,0.472106,86.795235
1.0,0.40461212,98.502785
1.0,0.535029,90.780495
1.0,0.68328905,99.24811
1.0,0.49411708,101.52098
1.0,0.9796892,76.13375
1.0,0.7823178,261.8121
1.0,0.565322,105.31726
1.0,0.5693315,267.74875
1.0,0.51249474,91.58084
1.0,0.44761395,67.87394
1.0,0.46259862,72.630936
1.0,0.5242318,263.50638
1.0,0.4854305,75.629036
1.0,0.5597768,341.1255
1.0,0.4858126,100.09546
1.0,0.47324824,68.1412
1.0,0.39111587,74.0017
1.0,0.40473756,78.73224
1.0,0.4251279,128.92632
1.0,0.41151783,179.54459
1.0,0.4794278,87.794975
1.0,0.5438049,78.29697
1.0,0.42577168,92.180046
1.0,0.5332959,132.10397
1.0,0.6571735,201.3338
1.0,0.5242209,76.31172
1.0,0.5062121,65.744965
1.0,0.5085011,75.03401
1.0,0.5038548,191.47356
1.0,0.4323113,69.09187
1.0,0.44886675,65.05666
1.0,0.53816366,73.82608
1.0,0.50989085,144.4527
1.0,0.62742084,159.87099
1.0,0.45524687,237.989
1.0,0.42969945,70.82385
1.0,0.7903296,348.88412
1.0,0.52592325,86.4425
1.0,0.50554687,69.09468
1.0,0.864056,668.6655
1.0,0.4245172,73.43523
1.0,0.43108326,93.83001
1.0,0.55756813,168.9268
1.0,0.4832927,165.01976
1.0,0.9909218,2976.29
1.0,0.48401913,89.61051
1.0,0.96753937,147.07104
1.0,0.46186304,67.06882
1.0,0.4650455,132.29892
1.0,0.9212636,166.65578
1.0,0.47718668,71.63432
1.0,0.5417549,91.63616
1.0,0.9870402,5264.7134
1.0,0.9538435,476.9504
1.0,0.48159957,73.79999
1.0,0.5008266,72.72502
1.0,0.86005884,111.58094
1.0,0.4860307,69.464645
1.0,0.59241235,103.1445
1.0,0.91104895,2415.2585
1.0,0.637854,98.45402
1.0,0.35319823,88.31756
1.0,0.47909832,78.12998
1.0,0.5263485,67.8655
1.0,0.42074084,92.90555
1.0,0.48210523,118.411156
1.0,0.490385,65.48691
1.0,0.49222368,73.691444
1.0,0.685689,305.2436
1.0,0.3781343,67.474724
1.0,0.50080293,86.32219
1.0,0.4901731,77.64578
1.0,0.48299783,90.179596
1.0,0.7432368,218.5496
1.0,0.99231213,4052.9736
1.0,0.99231213,4052.9736
1.0,0.5112266,111.20968
1.0,0.48324257,112.178925
1.0,0.9621214,1456.8088
1.0,0.4733707,716.204
1.0,0.55638623,737.9784
1.0,0.65415114,1307.8044
1.0,0.5641381,65.885086
1.0,0.59017646,301.00357
1.0,0.4573055,80.482994
1.0,0.5385333,66.33942
1.0,0.47525197,133.46764
1.0,0.99993265,1964.4977
1.0,0.687818,1072.4731
1.0,0.4018886,118.49498
1.0,0.9989197,2170.4736
1.0,0.4968575,95.42155
1.0,0.4281162,118.9091
1.0,0.8942337,523.786
1.0,0.9366112,3449.2468
1.0,0.4917387,122.17786
1.0,0.32328987,132.3848
1.0,0.75035816,154.27365
1.0,0.6032452,110.75814
1.0,0.49735612,68.40767
1.0,0.43500966,79.048615
1.0,0.53202486,145.05864
1.0,0.5108804,98.92352
1.0,0.47528008,493.72083
1.0,0.9126632,82.59471
1.0,0.5102945,119.6057
1.0,0.47538933,128.81128
1.0,0.5502722,183.33981
1.0,0.7546269,76.088104
1.0,0.51440287,78.647484
1.0,0.5248357,127.185005
1.0,0.52465075,93.234
1.0,0.46323055,81.785255
1.0,0.52095616,78.83883
1.0,0.6052762,88.777
1.0,0.9351208,72.15713
1.0,0.7523767,97.50571
1.0,0.5433412,85.51384
1.0,0.58806753,84.934586
1.0,0.46122575,105.45362
1.0,0.5562587,113.35707
1.0,0.54163784,67.97294
1.0,0.43327832,138.25475
1.0,0.592767,96.27338
1.0,0.41299966,230.23706
1.0,0.5125731,71.88051
1.0,0.7211903,86.95782
1.0,0.56087005,79.26339
1.0,0.49734944,75.8462
1.0,0.4798227,65.00053
1.0,0.4798227,65.00053
1.0,0.6932476,1643.0645
1.0,0.46064273,87.64903
1.0,0.49123836,606.0359
1.0,0.4517918,68.07203
1.0,0.9561288,94.0431
1.0,0.5113924,127.04251
1.0,0.48215273,165.16151
1.0,0.44558197,81.99808
1.0,0.9503643,1460.0001
1.0,0.88155395,2706.0579
1.0,0.46017426,154.69618
1.0,0.6740753,291.2509
1.0,0.49334145,91.58612
1.0,0.9616195,16911.137
1.0,0.37672502,133.27274
1.0,0.43366176,85.303314
1.0,0.9858737,12659.749
1.0,0.46465263,225.33702
1.0,0.49122012,115.909706
1.0,0.521503,68.46245
1.0,0.5698081,209.60014
1.0,0.47951058,94.29217
1.0,0.9643488,1223.2335
1.0,0.4391854,73.35977
1.0,0.5032873,66.285934
1.0,0.58143604,67.75241
1.0,0.53666645,86.83164
1.0,0.9979272,236.50696
1.0,0.5042795,93.04701
1.0,0.52503794,72.477394
1.0,0.4894451,80.356575
1.0,0.49719757,66.31092
1.0,0.43802142,98.669426
1.0,0.7401718,107.598564
1.0,0.78654414,331.70712
1.0,0.47978044,181.03972
1.0,0.8738152,128.23335
1.0,0.97244817,534.49677
1.0,0.5226653,151.87393
1.0,0.5923644,3.9305456e+07
1.0,0.84587574,1962.456
1.0,0.84521955,84.613556
1.0,0.5028433,149.08167
1.0,0.46122575,93.334785
1.0,0.9883305,223.05614
1.0,0.47568122,148.73831
1.0,0.5635014,172.52478
1.0,0.6941889,18296.99
1.0,0.5857292,92.76662
1.0,0.52214485,131.08586
1.0,0.94232655,5663.1733
1.0,0.46514726,73.66329
1.0,0.51577127,103.45794
1.0,0.4692723,155.94456
1.0,0.5059473,102.233955
1.0,0.5337971,77.9902
1.0,0.5043279,88.770546
1.0,0.48789778,128.24948
1.0,0.48460403,102.69081
1.0,0.484172,135.36316
1.0,0.5567274,221.26782
1.0,0.50906426,106.87258
1.0,0.5408199,510.5422
1.0,0.5253533,93.77051
1.0,0.52844536,190.59712
1.0,0.43523496,80.26432
1.0,0.49151972,69.546036
1.0,0.43883628,75.65227
1.0,0.37797087,73.71641
1.0,0.9965932,389.96667
1.0,0.5896102,70.0101
1.0,0.9995233,12156.908
1.0,0.51542026,66.24439
1.0,0.68273455,373.3086
1.0,0.50401276,102.7863
1.0,0.48758963,67.16517
1.0,0.96344227,6467.34
1.0,0.4522723,205.50813
1.0,0.48215413,65.00454
1.0,0.5208616,86.900055
1.0,0.7134517,78.15411
1.0,0.49868977,91.641464
1.0,0.49594593,5321.1626
1.0,0.46062016,232.03392
1.0,0.996018,78.40738
1.0,0.49522498,84.39028
1.0,0.47233883,143.80539
1.0,0.98397183,5948.9395
1.0,0.65021425,783.6044
1.0,0.40357456,66.5733
1.0,0.46122575,79.31817
1.0,0.47684404,87.467674
1.0,0.47707173,68.94301
1.0,0.64043355,657.2815
1.0,0.41494238,74.86164
1.0,0.36913216,83.860886
1.0,0.5048862,79.13964
1.0,0.46122575,2388.447
1.0,0.49775493,72.026146
1.0,0.4783548,257.2672
1.0,0.49066088,185.19434
1.0,0.42274752,71.22145
1.0,0.5084229,93.5894
1.0,0.5073047,67.183464
1.0,0.46918303,165.49216
1.0,0.51237077,66.38222
1.0,0.9673458,22413.621
1.0,0.9649877,997.7736
1.0,0.4767518,120.46248
1.0,0.44533822,69.48095
1.0,0.8950505,7978.864
1.0,0.5094831,69.38436
1.0,0.44860306,70.13166
1.0,0.92458886,1578.3674
1.0,0.60452783,86.83853
1.0,0.5814545,155.27321
1.0,0.5571817,204.66373
1.0,0.99996924,11542.699
1.0,0.4437119,248.76315
1.0,0.4566233,98.13856
1.0,0.37200755,392.61725
1.0,0.51826704,67.05231
1.0,0.57563156,79.79306
1.0,0.5718881,89.746666
1.0,0.6322827,433.17078
1.0,0.4276374,67.21205
1.0,0.4738343,113.493065
1.0,0.61840934,40720.777
1.0,0.478787,83.32337
1.0,0.45621166,75.80907
1.0,0.5092924,133.17671
1.0,0.4455189,175.01523
1.0,0.4747718,103.04891
1.0,0.85826164,76.19103
1.0,0.99903345,2555.8062
1.0,0.49415854,75.603424
1.0,0.54048824,109.897964
1.0,0.4497861,138.68448
1.0,0.74639595,154.10175
1.0,0.50988936,131.39163
1.0,0.4538792,435.36407
1.0,0.46845558,105.98455
1.0,0.53804404,69.36719
1.0,0.5171876,105.927605
1.0,0.50928175,72.09417
1.0,0.50922567,215.68402
1.0,0.55704963,67.084984
1.0,0.49970776,141.71687
1.0,0.50048983,153.91159
1.0,0.9986418,107.00185
1.0,0.43511942,75.95474
1.0,0.48032236,171.68248
1.0,0.7897548,234.9855
1.0,0.46128267,91.86378
1.0,0.5177131,123.5324
1.0,0.3869839,72.12885
1.0,0.9998196,23149.09
1.0,0.48016348,70.205086
1.0,0.46241564,91.69733
1.0,0.46122575,82.19686
1.0,0.663106,90.701836
1.0,0.46473676,86.030716
1.0,0.48396206,71.27089
1.0,0.5978706,88.431915
1.0,0.45469263,83.201584
1.0,0.97290945,1219.6173
1.0,0.6106056,73.48025
1.0,0.46917695,103.474075
1.0,0.49342158,102.655136
1.0,0.46361342,358.33154
1.0,0.49625328,77.403984
1.0,0.50789684,88.68433
1.0,0.4815921,74.86499
1.0,0.44745877,68.81129
1.0,0.47068498,170.27621
1.0,0.47652218,91.238625
1.0,0.50370944,449.27505
1.0,0.53822595,225.579
1.0,0.41465753,71.164215
1.0,0.49915954,79.4916
1.0,0.46793813,67.848175
1.0,0.5172448,97.05526
1.0,0.5364102,82.06633
1.0,0.46338087,145.47997
1.0,0.521104,72.52289
1.0,0.45702052,163.23781
1.0,0.6083538,552.65216
1.0,0.49923056,120.49561
1.0,0.54742825,90.1398
1.0,0.63785034,2461.1147
1.0,0.48049575,265.15515
1.0,0.5221921,69.013176
1.0,0.50847185,228.61546
1.0,0.61941755,320.31256
1.0,0.42836103,252.4043
1.0,0.43731943,122.50703
1.0,0.5116584,92.74824
1.0,0.45761198,434.51932
1.0,0.43455192,120.43153
1.0,0.48740044,108.47242
1.0,0.47281277,81.58505
1.0,0.57551366,155.83879
1.0,0.4867502,325.6498
1.0,0.50936335,76.09627
1.0,0.53838056,162.32745
1.0,0.6450377,122.732735
1.0,0.6669357,105.89348
1.0,0.9217648,495.0347
1.0,0.52596563,93.311806
1.0,0.9128539,1541.4761
1.0,0.44389853,233.95511
1.0,0.48330596,92.16312
1.0,0.39819732,220.44336
1.0,0.38899294,70.840515
1.0,0.99781847,119.362015
1.0,0.42681533,93.89004
1.0,0.96620166,3311.242
1.0,0.5001873,110.883896
1.0,0.5270094,102.541756
1.0,0.46591616,123.59651
1.0,0.4831965,114.21134
1.0,0.33521008,157.36105
1.0,0.47050756,70.75334
1.0,0.9699392,1179.1471
1.0,0.4215067,181.77968
1.0,0.7240441,92.8276
1.0,0.4600827,87.96141
1.0,0.4867093,85.508675
1.0,0.9656175,193.75606
1.0,0.7706937,115.693375
1.0,0.89345986,375.5759
1.0,0.7055856,79.20441
1.0,0.722308,89.97914
1.0,0.49245554,66.05443
1.0,0.54182434,74.14093
1.0,0.49180248,271.19318
1.0,0.53604305,98.71326
1.0,0.4358723,70.828926
1.0,0.48606664,65.03813
1.0,0.46122575,71.4162
1.0,0.45652118,72.419685
1.0,0.5845418,143.04031
1.0,0.509362,70.289444
1.0,0.48782548,65.18567
1.0,0.49728534,67.63937
1.0,0.958032,801.9053
1.0,0.4981486,89.59276
1.0,0.48083594,106.236786
1.0,0.52746516,171.78816
1.0,0.4763783,74.39771
1.0,0.5069027,82.1051
1.0,0.52808034,110.599495
1.0,0.50257134,90.282875
1.0,0.5356413,66.242485
1.0,0.52306914,100.76943
1.0,0.42194408,66.31738
1.0,0.32392144,399.3526
1.0,0.46386638,65.8439
1.0,0.5541097,244.62384
1.0,0.53042734,223.5157
1.0,0.48148715,67.54421
1.0,0.44924057,1595.7515
1.0,0.5827598,150.33278
1.0,0.5115895,67.74986
1.0,0.49718955,66.108116
1.0,0.999846,363.97607
1.0,0.48646218,262.19528
1.0,0.48646218,262.19528
1.0,0.49385157,91.89868
1.0,0.9901624,22397.385
1.0,0.4781729,204.9762
1.0,0.5118284,75.39503
1.0,0.709683,253.76604
1.0,0.5148977,66.78008
1.0,0.47133222,727.31604
1.0,0.46627727,67.61966
1.0,0.677476,66.14478
1.0,0.44002512,851.7631
1.0,0.89704716,85.6745
1.0,0.49050575,84.748856
1.0,0.49821585,106.92481
1.0,0.7454081,97.613434
1.0,0.50451356,82.18581
1.0,0.86614424,247.41753
1.0,0.48426864,83.923195
1.0,0.48549932,161.91795
1.0,0.50644547,80.20879
1.0,0.5311536,72.71488
1.0,0.8847735,112.553734
1.0,0.48009974,69.64952
1.0,0.48823082,86.60302
1.0,0.48385513,65.2029
1.0,0.6340992,65.66943
1.0,0.72244394,181.58847
1.0,0.50573665,332.19244
1.0,0.6019376,85.84514
1.0,0.56112224,175.73027
1.0,0.61305827,73.349144
1.0,0.9895465,96.23785
1.0,0.99965644,18056.666
1.0,0.5286301,77.83942
1.0,0.4558546,70.36525
1.0,0.96116996,165.73946
1.0,0.45616958,97.912025
1.0,0.49128875,331.2411
1.0,0.6311236,5323.313
1.0,0.99615425,92.372925
1.0,0.5154339,71.730316
1.0,0.47282225,82.28689
1.0,0.5417621,89.24795
1.0,0.5113079,158.02817
1.0,0.66034395,257.51944
1.0,0.48005456,86.98652
1.0,0.42737886,97.35022
1.0,0.3821066,108.687904
1.0,0.45781058,203.59096
1.0,0.6335001,74.54031
1.0,0.9953746,151.88486
1.0,0.8819072,178.76956
1.0,0.5282635,83.890495
1.0,0.38171366,622.41974
1.0,0.99938285,184.22798
1.0,0.49716705,66.40839
1.0,0.8623714,922.11707
1.0,0.48955235,148.67448
1.0,0.46792188,319.8239
1.0,0.5505681,72.9499
1.0,0.43772075,79.731514
1.0,0.49378517,67.45037
1.0,0.45401663,155.8068
1.0,0.940146,519.21704
1.0,0.5578712,110.20905
1.0,0.53506285,104.038315
1.0,0.77788603,92.656784
1.0,0.40836906,94.0968
1.0,0.70990604,75.57284
1.0,0.47533652,120.031876
1.0,0.60611844,92.85751
1.0,0.5120414,387.11063
1.0,0.5065679,71.582565
1.0,0.51228476,71.7809
1.0,0.5935047,463.27255
1.0,0.5112993,107.57234
1.0,0.5134681,72.51484
1.0,0.7518458,144.5675
1.0,0.44196203,166.25543
1.0,0.9981077,4417.884
1.0,0.5120345,124.95478
1.0,0.79674,70.26977
1.0,0.7852952,1309.5812
1.0,0.4907502,123.04874
1.0,0.48985946,108.062965
1.0,0.76150864,268.27798
1.0,0.99976057,177.46019
1.0,0.5311125,65.27021
1.0,0.49831033,81.66705
1.0,0.52145183,69.11044
1.0,0.5510112,120.293365
1.0,0.56246674,256.59918
1.0,0.4783834,90.98398
1.0,0.99999547,399.22195
1.0,0.50663733,277.97055
1.0,0.4729936,88.17673
1.0,0.47894922,125.99816
1.0,0.33607036,69.4948
1.0,0.4833124,75.11554
1.0,0.46882182,298.42807
1.0,0.49575096,67.07188
1.0,0.508263,80.80201
1.0,0.47226387,99.68358
1.0,0.47351152,115.10193
1.0,0.4451007,65.062325
1.0,0.91963166,102.14974
1.0,0.47846052,99.061775
1.0,0.5025689,168.48763
1.0,0.6902603,669.7467
1.0,0.4120683,219.31377
1.0,0.50036854,244.94582
1.0,0.50548786,97.87559
1.0,0.501348,68.99098
1.0,0.46122575,117.792305
1.0,0.45923445,98.13142
1.0,0.5709198,168.83336
1.0,0.42689243,316.92294
1.0,0.75381386,464.58572
1.0,0.4505905,145.19736
1.0,0.47522146,102.58517
1.0,0.98678744,89.042915
1.0,0.42148066,134.02875
1.0,0.58706677,651.5227
1.0,0.569965,75.310844
1.0,0.46122575,724.4592
1.0,0.4968578,90.56673
1.0,0.9916431,163.18002
1.0,0.7191342,959.1518
1.0,0.5156473,65.75067
1.0,0.4493574,69.281136
1.0,0.9747399,1140.8795
1.0,0.47167227,66.08272
1.0,0.4371779,107.17728
1.0,0.461709,66.639565
1.0,0.47382113,67.71437
1.0,0.34791473,322.52206
1.0,0.43896607,94.31337
1.0,0.49322072,110.015495
1.0,0.7883615,1259.9642
1.0,0.4992432,244.03528
1.0,0.5197789,83.238884
1.0,0.47224808,94.16778
1.0,0.49770507,142.11241
1.0,0.48411024,82.570114
1.0,0.99844676,122.372185
1.0,0.7525617,68.54328
1.0,0.47677824,68.456474
1.0,0.45774084,86.17675
1.0,0.43437758,96.287125
1.0,0.9999397,3254.9077
1.0,0.9865976,248.6183
1.0,0.5087348,75.27922
1.0,0.45580718,66.5125
1.0,0.4665599,86.24767
1.0,0.9674884,1178.324
1.0,0.5173423,66.98691
1.0,0.5145634,79.71522
1.0,0.47802347,84.26251
1.0,0.45824215,99.82325
1.0,0.5352402,75.135956
1.0,0.44523922,66.32375
1.0,0.49876073,87.95695
1.0,0.99628687,108.00691
1.0,0.49923393,151.19586
1.0,0.6486156,367.2283
1.0,0.4719073,155.36624
1.0,0.54121673,75.15466
1.0,0.5270346,65.65523
1.0,0.7927163,93.17447
1.0,0.56817156,66.58255
1.0,0.9435918,1205.4615
1.0,0.49842733,742.0861
1.0,0.6168315,149923.4
1.0,0.6882127,154.90608
1.0,0.49120188,96.278824
1.0,0.5585197,4.3936705e+06
1.0,0.46498847,79.38092
1.0,0.41070908,76.17736
1.0,0.95329845,295.27814
1.0,0.51145756,87.796295
1.0,0.4715701,165.12589
1.0,0.99768984,375.0326
1.0,0.43818933,80.823814
1.0,0.4986003,126.28853
1.0,0.6296784,520.7383
1.0,0.3968429,104.94759
1.0,0.4852071,73.47769
1.0,0.77759624,144.60011
1.0,0.5216793,376.55078
1.0,0.8150232,570.65814
1.0,0.45128638,76.58809
1.0,0.52262694,548.39294
1.0,0.431796,85.15712
1.0,0.92083275,1095.0536
1.0,0.5851432,77.170006
1.0,0.62186474,344.81165
1.0,0.46122575,96.56729
1.0,0.44885018,212.24922
1.0,0.4839506,109.79979
1.0,0.7238556,511.58957
1.0,0.54113173,167.38342
1.0,0.47217286,130.5403
1.0,0.79947996,303.58694
1.0,0.95680916,364.16333
1.0,0.46122575,84.38152
1.0,0.5189185,67.90373
1.0,0.49107867,144.96121
1.0,0.49398255,144.9379
1.0,0.5245608,79.58399
1.0,0.69255966,114.16984
1.0,0.5442437,232.37772
1.0,0.61504316,68.5484
1.0,0.45789364,72.02601
1.0,0.48984984,96.53048
1.0,0.42473328,134.50159
1.0,0.4533602,179.94176
1.0,0.68601364,113.39634
1.0,0.749553,170.30818
1.0,0.6558809,69.600784
1.0,0.5545244,70.32385
1.0,0.46122575,101.24653
1.0,0.5251964,194.31467
1.0,0.9997408,102.38858
1.0,0.99950457,324.06546
1.0,0.47081178,71.946106
1.0,0.43866655,107.53189
1.0,0.95178634,187.26285
1.0,0.51569337,117.071686
1.0,0.5077364,89.53995
1.0,0.8299168,489.9373
1.0,0.40793106,119.09798
1.0,0.52362156,113.11078
1.0,0.44503707,350.21436
1.0,0.37099817,98.34288
1.0,0.48354176,203.4072
1.0,0.55921936,65.13418
1.0,0.9571766,959.93195
1.0,0.50621223,785.2951
1.0,0.52738225,79.95425
1.0,0.4056388,69.10443
1.0,0.5008429,70.50097
1.0,0.49404874,95.67905
1.0,0.44349515,66.29794
1.0,0.5148741,66.19048
1.0,0.725321,476.0814
1.0,0.95198464,112.63909
1.0,0.4658967,69.324776
1.0,0.51228935,427.27478
1.0,0.55512863,82.59963
1.0,0.97714126,6475.2944
1.0,0.99336606,117.819664
1.0,0.5810061,102.05255
1.0,0.49871904,169.23247
1.0,0.99790776,17594.562
1.0,0.47497502,87.44818
1.0,0.5499275,146.81775
1.0,0.39824098,77.47755
1.0,0.54217446,77.12749
1.0,0.49830648,65.23874
1.0,0.98987657,98.55885
1.0,0.48208153,91.64189
1.0,0.81017905,74.48934
1.0,0.43246236,69.42473
1.0,0.5487192,105.40084
1.0,0.48582026,99.13792
1.0,0.5713834,87.70896
1.0,0.46847993,114.053505
1.0,0.49778813,79.542496
1.0,0.44661304,538.2325
1.0,0.5076268,143.06844
1.0,0.5023706,72.6875
1.0,0.5318475,68.23935
1.0,0.4502879,246.72076
1.0,0.41817537,88.55577
1.0,0.9720542,207.06891
1.0,0.48907912,69.445885
1.0,0.911746,3087.767
1.0,0.5082739,83.22337
1.0,0.46736223,68.82623
1.0,0.4955058,67.3844
1.0,0.55155134,149.9732
1.0,0.50328195,107.680466
1.0,0.46839136,90.322266
1.0,0.43366647,172.86778
1.0,0.9992742,84.529564
1.0,0.9020022,67.67352
1.0,0.5104892,83.72757
1.0,0.51002324,74.22797
1.0,0.46917254,2058.2856
1.0,0.6354144,324.89038
1.0,0.48974717,142.64117
1.0,0.49946156,99.792755
1.0,0.47510996,180.86986
1.0,0.44061843,93.64195
1.0,0.4646095,568.7872
1.0,0.6345113,370.55194
1.0,0.44910568,120.145134
1.0,0.5411047,225.52489
1.0,0.41343608,75.72214
1.0,0.47854304,138.97325
1.0,0.86948204,81.37868
1.0,0.47157478,117.18222
1.0,0.54086196,68.716515
1.0,0.48479626,161.8945
1.0,0.42073214,167.03883
1.0,0.77526295,1040.0697
1.0,0.5069103,279.49585
1.0,0.4806551,68.26768
1.0,0.50818646,80.51276
1.0,0.40860975,160.30365
1.0,0.49868217,118.161934
1.0,0.4228696,254.714
1.0,0.7204819,67.969376
1.0,0.51770955,370.9478
1.0,0.643972,136.63708
1.0,0.5041717,78.9612
1.0,0.8102053,144.57964
1.0,0.46677783,123.206505
1.0,0.5123659,143.94472
1.0,0.5224354,92.122345
1.0,0.6570392,291.90875
1.0,0.4411884,106.65302
1.0,0.51403224,101.27905
1.0,0.43398324,111.796585
1.0,0.71866566,153.98242
1.0,0.46122575,90.48202
1.0,0.46191147,77.580635
1.0,0.4596138,95.90526
1.0,0.97517765,123.1399
1.0,0.34944856,145.01804
1.0,0.4898527,80.66911
1.0,0.54327804,90.46101
1.0,0.8467846,78.51108
1.0,0.54502535,72.42175
1.0,0.9991418,358.58502
1.0,0.99973863,85.41423
1.0,0.5117775,69.92591
1.0,0.9670553,317.7759
1.0,0.5202382,73.39256
1.0,0.98952395,129.94748
1.0,0.9209092,118.44828
1.0,0.525612,68.041374
1.0,0.41111606,117.03043
1.0,0.4275629,214.09227
1.0,0.5166242,73.92255
1.0,0.8572486,100.22864
1.0,0.57931626,15448.766
1.0,0.47880194,80.69467
1.0,0.8123754,229.27618
1.0,0.47716498,72.68872
1.0,0.47741193,68.58433
1.0,0.8024317,253.16978
1.0,0.5264203,71.33035
1.0,0.541395,160.99057
1.0,0.41343796,75.94065
1.0,0.49654844,97.41036
1.0,0.7554072,96.74571
1.0,0.4190634,97.43108
1.0,0.4919753,76.77419
1.0,0.6556523,737271.8
1.0,0.98495495,6905.532
1.0,0.69701004,367.0568
1.0,0.54182845,118.74563
1.0,0.5210103,69.66084
1.0,0.52934456,68.726234
1.0,0.5081242,125.80201
1.0,0.49211118,97.8328
1.0,0.98670805,76.06399
1.0,0.78367454,106.736725
1.0,0.69967437,346.9398
1.0,0.9703428,5156.6484
1.0,0.5024133,102.320366
1.0,0.41620812,157.26598
1.0,0.9332805,11893.424
1.0,0.5589176,66.27655
1.0,0.46843582,67.289986
1.0,0.7940713,425.91998
1.0,0.5253282,77.4314
1.0,0.47969824,70.125595
1.0,0.4869335,73.94249
1.0,0.46527877,137.82393
1.0,0.46122575,121.16259
1.0,0.9812476,5003.2437
1.0,0.44529524,135.10101
1.0,0.4939403,82.45434
1.0,0.48206025,130.51765
1.0,0.4633293,68.18663
1.0,0.51402783,77.22048
1.0,0.87219393,374.9171
1.0,0.5090005,79.925064
1.0,0.48591843,94.71635
1.0,0.42674124,104.94978
1.0,0.8149121,182.4956
1.0,0.44116214,93.17184
1.0,0.4052304,102.252304
1.0,0.8466504,3130.238
1.0,0.45971948,93.874886
1.0,0.5168887,73.0689
1.0,0.4578797,75.445786
1.0,0.6900785,254.86339
1.0,0.47679305,354.62213
1.0,0.49658936,91.77604
1.0,0.99998987,13483.517
1.0,0.5085734,85.15018
1.0,0.47493985,78.49412
1.0,0.49152958,84.1432
1.0,0.91058344,188.5256
1.0,0.7884172,71.311104
1.0,0.4868294,168.58467
1.0,0.5276382,88.81988
1.0,0.4256308,87.35706
1.0,0.536537,94.56895
1.0,0.51284707,85.45583
1.0,0.39141503,113.91772
1.0,0.5747849,71.48932
1.0,0.5740116,131.5053
1.0,0.46980357,136.91972
1.0,0.41990194,146.03447
1.0,0.5437158,160.3319
1.0,0.49101704,215.77936
1.0,0.47942233,79.23176
1.0,0.5099899,86.07266
1.0,0.51809293,83.73442
1.0,0.97402984,532.281
1.0,0.54044807,365.80255
1.0,0.4651616,76.77223
1.0,0.83128816,1664.0326
1.0,0.50690526,135.09863
1.0,0.47738585,1.5218843e+12
1.0,0.65539145,259.88693
1.0,0.47178814,83.21375
1.0,0.4614366,88.51079
1.0,0.47935647,161.5345
1.0,0.46122575,79.823555
1.0,0.9952565,185.47006
1.0,0.53751934,86.98611
1.0,0.4773671,96.79084
1.0,0.97039706,95.78763
1.0,0.9999752,3292.0962
1.0,0.99987173,101.67615
1.0,0.59180677,126.35524
1.0,0.48166692,116.15852
1.0,0.9928866,99.06047
1.0,0.9983083,931.71967
1.0,0.5088178,67.870476
1.0,0.40029785,115.98832
1.0,0.47266367,285.33978
1.0,0.8895583,958.5222
1.0,0.68546283,91.15699
1.0,0.99677414,32937.25
1.0,0.6081164,267.1393
1.0,0.52022177,7.322547e+07
1.0,0.45353132,636.93835
1.0,0.45567116,69.18756
1.0,0.557127,84.599945
1.0,0.46548483,142.4525
1.0,0.892436,498.71274
1.0,0.48973557,93.238304
1.0,0.40828466,178.39761
1.0,0.50984913,66.03547
1.0,0.9882826,1160.9484
1.0,0.9993973,4692.104
1.0,0.8184808,79043.43
1.0,0.49494174,80.09549
1.0,0.45890173,224.06732
1.0,0.44537157,189.44452
1.0,0.7037045,70.28043
1.0,0.9669563,25752.197
1.0,0.48576552,77.83181
1.0,0.5288715,106.96315
1.0,0.81442755,1837.6051
1.0,0.7064051,90.757324
1.0,0.45817626,282.19348
1.0,0.5298587,98.9597
1.0,0.9994055,313.64938
1.0,0.46891028,88.23886
1.0,0.4818023,86.69823
1.0,0.97206163,401.72693
1.0,0.5330052,387.618
1.0,0.6206182,300.1516
1.0,0.4886091,74.818436
1.0,0.46403944,74.94583
1.0,0.5488942,65.33799
1.0,0.40309623,117.94334
1.0,0.45372748,91.251724
1.0,0.49726206,72.03538
1.0,0.9800749,4950.893
1.0,0.51161397,75.60058
1.0,0.9988538,422.7567
1.0,0.47808862,94.41843
1.0,0.5780589,131549.19
1.0,0.5126727,122.894615
1.0,0.49548274,80.89009
1.0,0.37309393,422.1002
1.0,0.48072776,260.62473
1.0,0.9282249,232.18262
1.0,0.45330033,160.25903
1.0,0.9441249,3856.7095
1.0,0.56160575,97.0042
1.0,0.44612357,70.02877
1.0,0.5384927,121.00239
1.0,0.78566796,347.58835
1.0,0.69926023,65.401115
1.0,0.5764508,144.07524
1.0,0.5033572,65.52107
1.0,0.5501604,422.37534
1.0,0.6145638,340.7373
1.0,0.5384819,170.81128
1.0,0.416444,107.81089
1.0,0.51338243,90.79537
1.0,0.55658686,120.668655
1.0,0.48596853,73.21256
1.0,0.52178556,124.220215
1.0,0.52676904,67.10499
1.0,0.48835075,71.34834
1.0,0.40050784,69.66271
1.0,0.51156867,135.30067
1.0,0.99756277,10006.523
1.0,0.8745092,267.8293
1.0,0.42781106,78.66845
1.0,0.37969026,85.81326
1.0,0.42642653,90.95971
1.0,0.44061768,80.82022
1.0,0.48600265,264.52487
1.0,0.98485905,158.68095
1.0,0.48713467,265.86163
1.0,0.5105262,66.869514
1.0,0.4846464,76.66271
1.0,0.3580844,179.53
1.0,0.59037155,72.80266
1.0,0.5258906,68.906265
1.0,0.45566055,312.85162
1.0,0.49152642,94.04844
1.0,0.5053955,73.47065
1.0,0.4847572,80.95539
1.0,0.5085083,386.22714
1.0,0.53336376,65.6027
1.0,0.4999479,91.87543
1.0,0.47747347,89.61049
1.0,0.5174698,93.78531
1.0,0.4783222,66.97946
1.0,0.48162964,123.47491
1.0,0.3918067,95.178635
1.0,0.4756728,69.37031
1.0,0.60042775,66.44778
1.0,0.9989567,858.3338
1.0,0.46227247,115.98354
1.0,0.5082764,69.61393
1.0,0.92663866,369.10455
1.0,0.86567473,146.76512
1.0,0.45212248,69.36494
1.0,0.51242137,81.937065
1.0,0.47942415,163.47205
1.0,0.3755318,151.18964
1.0,0.49589247,125.53178
1.0,0.52019006,72.29209
1.0,0.58061826,65.56079
1.0,0.44584844,85.24036
1.0,0.4725642,141.30885
1.0,0.49452806,84.68538
1.0,0.4932938,85.87849
1.0,0.46839046,117.2944
1.0,0.4427192,101.72109
1.0,0.5166124,481.06818
1.0,0.48060584,254.74406
1.0,0.5064033,76.49854
1.0,0.4385103,119.88515
1.0,0.7873152,93.924736
1.0,0.45428273,76.9979
1.0,0.48292238,83.2456
1.0,0.40801394,89.17221
1.0,0.9896728,855.28156
1.0,0.46709573,66.91513
1.0,0.46737406,242.26195
1.0,0.99525684,104.16204
1.0,0.46875316,123.668655
1.0,0.45985502,101.74544
1.0,0.4777934,133.05664
1.0,0.42554834,74.4381
1.0,0.46522015,197.22684
1.0,0.5215451,87.61262
1.0,0.4121695,200.52802
1.0,0.3931186,299.2567
1.0,0.5173652,76.11599
1.0,0.8257503,2900.115
1.0,0.51495737,83.74969
1.0,0.53606886,83.785324
1.0,0.5000984,70.00849
1.0,0.41257927,74.22996
1.0,0.5456285,69.71117
1.0,0.4950259,499.11316
1.0,0.7532023,321.46835
1.0,0.50512195,82.552414
1.0,0.8211018,65.12506
1.0,0.50142056,80.81942
1.0,0.53711647,99.1103
1.0,0.39057598,125.37661
1.0,0.639616,471.02914
1.0,0.6864112,80.42092
1.0,0.9956792,152.53487
1.0,0.48745725,81.76301
1.0,0.47839633,108.69393
1.0,0.50960845,88.2509
1.0,0.38680196,81.52584
1.0,0.99692947,94.46416
1.0,0.4990624,158.16713
1.0,0.4812094,402.24884
1.0,0.49014968,193.71628
1.0,0.72238564,2264.105
1.0,0.48171666,211.19107
1.0,0.44334665,9197.363
1.0,0.6012621,333.0514
1.0,0.5565222,602.63495
1.0,0.43465334,202.96703
1.0,0.44858894,90.473076
1.0,0.37042826,180.85992
1.0,0.5420147,74.440285
1.0,0.42687094,71.8721
1.0,0.3975602,209.13017
1.0,0.93758756,1795.1454
1.0,0.40928927,67.94919
1.0,0.4925273,466.74307
1.0,0.50878906,66.099594
1.0,0.4560668,128.4314
1.0,0.6176088,404.83795
1.0,0.49849418,148.58391
1.0,0.5333085,86.80676
1.0,0.72612345,65.65553
1.0,0.4195069,137.09882
1.0,0.48280802,92.61709
1.0,0.48280802,92.61709
1.0,0.50025797,74.64084
1.0,0.98552436,120.68508
1.0,0.4181598,93.239685
1.0,0.5082555,74.77834
1.0,0.5222983,235.04652
1.0,0.47047326,71.916504
1.0,0.77412415,1175.536
1.0,0.52027017,73.32986
1.0,0.8761685,92.10599
1.0,0.48434097,116.92409
1.0,0.87591755,742.8271
1.0,0.98986536,7936.371
1.0,0.47898385,581.8149
1.0,0.8105891,101.04475
1.0,0.55210483,80.35148
1.0,0.42998993,213.81424
1.0,0.4739385,90.68561
1.0,0.3771558,89.075264
1.0,0.46122575,707.7389
1.0,0.4800326,74.1993
1.0,0.49728745,81.86932
1.0,0.46122575,68.41606
1.0,0.49849832,66.62894
1.0,0.5066981,69.45399
1.0,0.5670397,66.57922
1.0,0.5479267,117.61183
1.0,0.4330875,72.36957
1.0,0.3932146,80.1793
1.0,0.49555674,91.29201
1.0,0.4194632,133.45064
1.0,0.7263548,119.80712
1.0,0.8358012,267.26443
1.0,0.83540684,170.73393
1.0,0.42930606,102.01155
1.0,0.44410083,118.28063
1.0,0.3700119,448.33463
1.0,0.46099874,105.80649
1.0,0.5517157,82.223236
1.0,0.50345504,94.26127
1.0,0.47492135,197.85342
1.0,0.5219453,124.4212
1.0,0.47865212,81.35403
1.0,0.9981469,6086.4326
1.0,0.9995616,569.9268
1.0,0.47018024,110.043335
1.0,0.5218201,98.16097
1.0,0.51774687,204.13129
1.0,0.47052437,94.38391
1.0,0.50369585,79.308914
1.0,0.99722075,80.72648
1.0,0.5167168,112.757515
1.0,0.47195122,109.2816
1.0,0.9605766,2156.1296
1.0,0.43227682,67.96113
1.0,0.52773714,66.362724
1.0,0.532672,94.9672
1.0,0.93978274,466.1971
1.0,0.4787752,71.731995
1.0,0.46867287,288.80148
1.0,0.4969001,115.25836
1.0,0.86579025,103.66722
1.0,0.44327965,278.97754
1.0,0.42722785,178.32632
1.0,0.94331205,2.7862845e+06
1.0,0.63564885,1316.3182
1.0,0.60585564,67.56778
1.0,0.5073444,79.32194
1.0,0.47572142,100.004395
1.0,0.90692055,112.687645
1.0,0.46649665,257.4875
1.0,0.7187188,65.428474
1.0,0.3915306,271.67285
1.0,0.49134123,70.87257
1.0,0.47887105,79.46945
1.0,0.9983846,1952.2468
1.0,0.78769284,99.40133
1.0,0.5645465,74.04998
1.0,0.41733903,195.3349
1.0,0.5005389,162.29787
1.0,0.49674675,203.58269
1.0,0.5158848,67.19641
1.0,0.49392635,117.47987
1.0,0.4870415,69.951195
1.0,0.4058241,343.65057
1.0,0.94688165,104.10048
1.0,0.53917766,102.41742
1.0,0.80060405,1059.0668
1.0,0.4489809,76.28709
1.0,0.48049706,71.93723
1.0,0.56927323,151.27216
1.0,0.49163046,89.02151
1.0,0.623687,7066.4795
1.0,0.8809616,2115.0017
1.0,0.5397669,73.890656
1.0,0.40772244,210.61484
1.0,0.5771101,85.58652
1.0,0.6796016,69.51697
1.0,0.6299709,240.10074
1.0,0.45449486,121.35531
1.0,0.4648413,105.68371
1.0,0.36503685,253.85925
1.0,0.5340821,369.48325
1.0,0.43432954,76.12882
1.0,0.9999999,215.38643
1.0,0.708,1.1222013e+07
1.0,0.4867447,105.13691
1.0,0.5581116,82.82799
1.0,0.52421606,77.260254
1.0,0.47747058,71.797905
1.0,0.6514523,107.20576
1.0,0.4684949,71.213806
1.0,0.40458095,90.66119
1.0,0.42168143,90.28285
1.0,0.47632322,211.1767
1.0,0.95128876,75.7414
1.0,0.36659744,95.19303
1.0,0.5071699,114.959656
1.0,0.5155513,77.166405
1.0,0.7136515,7.332733e+07
1.0,0.48556033,75.13678
1.0,0.7998302,573.9284
1.0,0.46122575,83.871864
1.0,0.48910388,365.2465
1.0,0.55999863,108.5134
1.0,0.47970912,156.49911
1.0,0.6342877,489.8765
1.0,0.48244107,71.384094
1.0,0.4739333,131.24031
1.0,0.5099891,71.611595
1.0,0.9155541,103.0828
1.0,0.49612638,69.53231
1.0,0.4423928,71.03061
1.0,0.502118,75.22661
1.0,0.9907211,387.21265
1.0,0.8423011,986.10614
1.0,0.4452639,196.47813
1.0,0.68270576,111.29591
1.0,0.46979812,123.66221
1.0,0.52773994,95.740685
1.0,0.99856526,111.977356
1.0,0.52392834,75.74652
1.0,0.6648289,350.9588
1.0,0.49526393,89.560844
1.0,0.5067685,84.04759
1.0,0.6655068,71.98679
1.0,0.43234614,70.341034
1.0,0.4593905,67.14055
1.0,0.47316974,115.909515
1.0,0.48611706,106.47068
1.0,0.5802476,402.9391
1.0,0.5604852,97.203545
1.0,0.49700493,74.52715
1.0,0.4509595,78.2299
1.0,0.39502436,72.89479
1.0,0.40705377,120.17495
1.0,0.9544138,1411.0885
1.0,0.88612455,81.32002
1.0,0.54681253,66.293106
1.0,0.3855835,84.88722
1.0,0.6452384,110.30402
1.0,0.48747873,89.62709
1.0,0.4757792,72.39607
1.0,0.45187244,86.9304
1.0,0.55639493,236.9829
1.0,0.8942482,164.8176
1.0,0.6678348,295.90677
1.0,0.5016212,70.359146
1.0,0.3702582,106.00568
1.0,0.50551784,67.269875
1.0,0.53536314,78.24502
1.0,0.46908933,143.30472
1.0,0.44586447,77.95557
1.0,0.41284877,74.8721
1.0,0.99639326,275.68173
1.0,0.5739148,65.645065
1.0,0.5345751,89.680595
1.0,0.7376629,421.30753
1.0,0.44224676,92.95406
1.0,0.5947596,89.4332
1.0,0.46823102,77.28622
1.0,0.49437404,67.55843
1.0,0.52112687,71.91617
1.0,0.51329297,117.201584
1.0,0.4532048,90.77172
1.0,0.4905091,69.40461
1.0,0.76498187,308.73907
1.0,0.5779712,68.26213
1.0,0.4980132,385.99716
1.0,0.99996054,3659.8635
1.0,0.45132703,68.38388
1.0,0.491802,101.74616
1.0,0.89657295,2066.4443
1.0,0.41860124,71.17119
1.0,0.5028653,164.26839
1.0,0.44912237,69.69944
1.0,0.9430128,734.07635
1.0,0.5107086,97.99056
1.0,0.54433966,107.213646
1.0,0.4674777,65.7341
1.0,0.46158308,152.08752
1.0,0.48081702,69.568146
1.0,0.43696284,69.43971
1.0,0.4687712,206.8284
1.0,0.43623433,97.860306
1.0,0.5387237,79.8959
1.0,0.47582385,113.070114
1.0,0.44276014,660.98535
1.0,0.4583448,102.73829
1.0,0.39987072,95.94899
1.0,0.7620148,478.61624
1.0,0.42999744,92.95266
1.0,0.5043668,81.66585
1.0,0.890747,76.2586
1.0,0.50753105,108.04392
1.0,0.5984219,644.29944
1.0,0.9270927,513.65094
1.0,0.58062136,359.8222
1.0,0.99964297,16198.136
1.0,0.62875015,137.2058
1.0,0.47686774,78.6377
1.0,0.4945439,88.933266
1.0,0.8202904,1435.488
1.0,0.4709381,66.373695
1.0,0.52148765,80.50396
1.0,0.85299927,65.60936
1.0,0.443423,81.82547
1.0,0.6238948,550.33124
1.0,0.50682235,73.49134
1.0,0.99144053,88.074066
1.0,0.48159856,104.58267
1.0,0.59415996,88.02631
1.0,0.50522214,65.27107
1.0,0.995764,230.85356
1.0,0.5006887,117.261185
1.0,0.48886108,203.7116
1.0,0.5756232,200.5912
1.0,0.5440587,94.27369
1.0,0.43903607,66.605896
1.0,0.44414258,89.320366
1.0,0.839483,69.706406
1.0,0.99906725,114.462975
1.0,0.53572834,73.10212
1.0,0.5392332,65.29159
1.0,0.46616042,183.41512
1.0,0.46534294,100.39412
1.0,0.89159054,287.2579
1.0,0.48394746,134.06944
1.0,0.7662804,420.90088
1.0,0.50582916,88.497574
1.0,0.47441673,65.75984
1.0,0.46122575,70.194565
1.0,0.5676993,150.71579
1.0,0.4679123,77.28516
1.0,0.9511446,1204.7867
1.0,0.5611917,93.59146
1.0,0.5074514,69.77
1.0,0.47696137,138.44774
1.0,0.5248089,68.97276
1.0,0.4867006,633.47144
1.0,0.46401787,815.3692
1.0,0.5024264,72.25343
1.0,0.49439862,93.85896
1.0,0.46075583,435.14282
1.0,0.49579972,93.57143
1.0,0.6081055,9518.197
1.0,0.45281428,112.559296
1.0,0.4630496,70.18441
1.0,0.54173344,74.472374
1.0,0.4069274,85.211205
1.0,0.7991319,86.885315
1.0,0.627025,115.89189
1.0,0.9652835,6936.3574
1.0,0.5213934,90.16987
1.0,0.54102904,270.45886
1.0,0.40250623,231.01279
1.0,0.93005747,20908.412
1.0,0.4822482,122.39906
1.0,0.5032898,117.63082
1.0,0.4540378,146.05821
1.0,0.4996199,203.11751
1.0,0.5476377,68.806755
1.0,0.83972204,509.19977
1.0,0.47438082,75.57931
1.0,0.6417138,75.29521
1.0,0.82465583,807.1319
1.0,0.99278647,72.401375
1.0,0.4299397,97.14103
1.0,0.46122575,82.08237
1.0,0.48347464,89.069786
1.0,0.32100087,297.4095
1.0,0.50639796,89.22245
1.0,0.47260365,140.78804
1.0,0.47820932,65.63026
1.0,0.48771906,161.86366
1.0,0.5058493,72.28769
1.0,0.9952016,171.45934
1.0,0.47616443,83.64798
1.0,0.5483169,73.14166
1.0,0.49350438,76.661705
1.0,0.48820227,103.40559
1.0,0.96282476,559.0318
1.0,0.9817089,68.90025
1.0,0.55653167,81.79484
1.0,0.47388735,83.0289
1.0,0.49881488,79.466034
1.0,0.48315457,73.959076
1.0,0.5073056,85.85186
1.0,0.4378442,297.1699
1.0,0.5186507,106.39501
1.0,0.46208856,93.454636
1.0,0.41401893,165.30556
1.0,0.41401893,165.30556
1.0,0.5439776,101.67492
1.0,0.9815978,493.4672
1.0,0.8700081,843.04333
1.0,0.4969389,176.26836
1.0,0.5101474,123.9446
1.0,0.51726514,95.39149
1.0,0.48491883,85.254654
1.0,0.46849367,183.4547
1.0,0.63773286,253.64389
1.0,0.5051286,104.11648
1.0,0.5214041,67.49506
1.0,0.5115158,75.274345
1.0,0.4801977,67.87444
1.0,0.5384163,110.9228
1.0,0.4376688,65.18612
1.0,0.5223119,103.68185
1.0,0.7799717,76.80497
1.0,0.39817765,70.19934
1.0,0.615637,136.9646
1.0,0.43702212,78.98912
1.0,0.5083867,123.657455
1.0,0.47132435,105.91185
1.0,0.91127676,128.14708
1.0,0.40763977,213.92625
1.0,0.5649468,140.90851
1.0,0.7122431,260.7959
1.0,0.43009627,66.35478
1.0,0.50442547,73.946045
1.0,0.5606326,65.48191
1.0,0.9760425,90.58597
1.0,0.71906215,331.78616
1.0,0.97703993,72.47003
1.0,0.93666136,148.4802
1.0,0.4926616,69.900345
1.0,0.5280609,70.78745
1.0,0.51173925,65.14919
1.0,0.95928955,10759.077
1.0,0.5250596,109.51534
1.0,0.7440212,328.8886
1.0,0.48626456,117.65491
1.0,0.48626456,117.65491
1.0,0.5095999,172.0667
1.0,0.69793296,875.99915
1.0,0.44699135,98.47397
1.0,0.5765058,80.38543
1.0,0.46406376,67.9992
1.0,0.48754802,65.21575
1.0,0.4612386,106.0073
1.0,0.44903082,103.03194
1.0,0.46835786,95.237885
1.0,0.5051384,77.52567
1.0,0.46021736,71.933304
1.0,0.47508845,93.33732
1.0,0.562126,126.0904
1.0,0.50133187,89.08578
1.0,0.47663814,105.69618
1.0,0.9640027,242.07025
1.0,0.5121382,377039.97
1.0,0.43431956,263.90842
1.0,0.6216564,301.1687
1.0,0.6706119,117.41082
1.0,0.52586526,71.94539
1.0,0.99894446,94.17334
1.0,0.5215186,95.26944
1.0,0.4814035,75.34202
1.0,0.48417395,117.95771
1.0,0.51091814,86.61831
1.0,0.85894036,127.736465
1.0,0.5041169,113.40711
1.0,0.915149,3428.4558
1.0,0.99993384,36780.695
1.0,0.50130236,212.78555
1.0,0.9972372,35746.195
1.0,0.578632,147.82773
1.0,0.5317169,74.44294
1.0,0.99101275,762.1133
1.0,0.491134,192.75307
1.0,0.49766538,88.34367
1.0,0.5144328,305.9124
1.0,0.46110415,91.366714
1.0,0.5131278,75.30088
1.0,0.5344626,143.338
1.0,0.89731544,431.7098
1.0,0.5168548,190.17622
1.0,0.8590525,841.75586
1.0,0.6321398,202.08492
1.0,0.47704765,172.71478
1.0,0.5326013,65.19968
1.0,0.5047995,81.341835
1.0,0.41182214,104.729866
1.0,0.6907561,403.1205
1.0,0.497059,65.63847
1.0,0.47214898,85.0873
1.0,0.48126104,127.00443
1.0,0.47425178,84.710045
1.0,0.49730924,395.0725
1.0,0.5643935,76.13279
1.0,0.46300295,107.36213
1.0,0.91850954,81.8095
1.0,0.5024021,65.56169
1.0,0.7644721,81.06698
1.0,0.97190213,113.81614
1.0,0.33489487,144.56805
1.0,0.47817278,98.06986
1.0,0.42760792,171.46884
1.0,0.53955686,67.56222
1.0,0.51596004,114.60684
1.0,0.985726,1298.1058
1.0,0.56114405,189.54303
1.0,0.56979513,85.43724
1.0,0.5276856,83.253235
1.0,0.68412817,92.39694
1.0,0.6567905,241.1091
1.0,0.41979638,65.28184
1.0,0.49085006,79.75881
1.0,0.9842567,114.30975
1.0,0.53278095,119.62776
1.0,0.7382184,316.559
1.0,0.576102,106.81627
1.0,0.43920374,101.57053
1.0,0.54314744,78.07352
1.0,0.5099138,65.11898
1.0,0.45435852,71.63703
1.0,0.49078068,78.52766
1.0,0.67544603,169.74077
1.0,0.49692595,67.27086
1.0,0.53953576,79.362206
1.0,0.56485534,98.8948
1.0,0.56003016,233.53152
1.0,0.6392954,77.49142
1.0,0.48174387,104.81269
1.0,0.49958128,103.29098
1.0,0.85809314,4060.938
1.0,0.36855882,184.40971
1.0,0.6149776,121.16452
1.0,0.37734416,264.74338
1.0,0.98510474,12189.507
1.0,0.6064723,281.8874
1.0,0.47339058,70.93477
1.0,0.44064906,97.082115
1.0,0.43171057,71.40302
1.0,0.533042,94.80926
1.0,0.7692422,347.6036
1.0,0.48161498,68.40003
1.0,0.59586567,69.46375
1.0,0.45020443,74.71199
1.0,0.5857207,68.59817
1.0,0.53646815,105.410095
1.0,0.556789,67.98232
1.0,0.47407398,132.1713
1.0,0.49754494,69.97297
1.0,0.4693253,152.24207
1.0,0.56211466,228.19942
1.0,0.62765884,134.3939
1.0,0.42862904,228.73158
1.0,0.8464,71.625824
1.0,0.5386941,76.90195
1.0,0.4074925,92.257805
1.0,0.5069881,86.39586
1.0,0.4878332,103.982414
1.0,0.4472869,98.93387
1.0,0.5300721,570.6832
1.0,0.5278891,107.65044
1.0,0.5028388,107.0746
1.0,0.9777439,556.8265
1.0,0.5467445,119.61667
1.0,0.5308226,94.409645
1.0,0.88870704,2854.783
1.0,0.475207,77.63913
1.0,0.44184506,94.18988
1.0,0.6263861,33356.062
1.0,0.5255137,276.55606
1.0,0.9435806,979.712
1.0,0.50086534,71.953766
1.0,0.4991523,121.75048
1.0,0.46122575,67.090805
1.0,0.5220999,89.0825
1.0,0.48048,87.22044
1.0,0.47034106,103.21854
1.0,0.49493438,291.68176
1.0,0.5844159,99.13549
1.0,0.51541704,101.04186
1.0,0.46122575,69.22164
1.0,0.37217608,70.23089
1.0,0.5035894,71.3743
1.0,0.99866164,3582.1826
1.0,0.4812046,88.98929
1.0,0.39374176,178.39624
1.0,0.41121957,117.12929
1.0,0.42029822,135.33983
1.0,0.4966797,93.86012
1.0,0.45978913,113.00744
1.0,0.989181,1232.2104
1.0,0.46308157,153.27911
1.0,0.65140384,93.29283
1.0,0.6757277,507.0435
1.0,0.45232356,129.99493
1.0,0.6643392,67.198105
1.0,0.4982207,1.5706908e+12
1.0,0.59927374,78.62255
1.0,0.46566617,67.05421
1.0,0.5047414,112.025314
1.0,0.6397379,2448.8262
1.0,0.62111276,83.95707
1.0,0.37093413,162.26732
1.0,0.49748537,86.60473
1.0,0.47188112,98.18638
1.0,0.98196685,4423.519
1.0,0.5028807,66.94946
1.0,0.44245058,145.30254
1.0,0.41944996,72.12667
1.0,0.4595987,158.28682
1.0,0.5020044,328.07928
1.0,0.5155123,76.69824
1.0,0.522167,84.95202
1.0,0.7535033,74.736496
1.0,0.49388006,86.27363
1.0,0.819587,71.575195
1.0,0.49956694,185.55826
1.0,0.515263,71.0934
1.0,0.48153326,120.32811
1.0,0.48877952,65.29872
1.0,0.5467686,65.17152
1.0,0.42837435,134.887
1.0,0.4874372,80.728874
1.0,0.46492493,115.8641
1.0,0.9957045,286.29504
1.0,0.52596414,122.99039
1.0,0.69651526,70.31204
1.0,0.5293949,83.52367
1.0,0.51514935,136.81363
1.0,0.48270267,66.64853
1.0,0.57726794,71.96022
1.0,0.42596123,116.65494
1.0,0.4930743,135.93895
1.0,0.8582362,68.940094
1.0,0.45626017,117.86094
1.0,0.5279268,66.03924
1.0,0.32644275,125.541084
1.0,0.48285362,325.77374
1.0,0.48882616,846.3943
1.0,0.50443244,115.19524
1.0,0.52860457,137.7765
1.0,0.56423295,67.46817
1.0,0.43855664,810.58215
1.0,0.8242958,84.4983
1.0,0.47931984,98.5129
1.0,0.48360732,108.914696
1.0,0.52486646,65.351295
1.0,0.88931775,150.13286
1.0,0.6056492,74.823616
1.0,0.50048006,119.4633
1.0,0.45154655,69.78612
1.0,0.4626462,104.23212
1.0,0.37511566,77.020515
1.0,0.5256955,1042.1855
1.0,0.4490152,69.08031
1.0,0.47066402,142.40121
1.0,0.55546683,553.64667
1.0,0.52967405,65.917625
1.0,0.37434882,190.50664
1.0,0.5492253,110.24741
1.0,0.4883007,105.14366
1.0,0.47186434,200.9086
1.0,0.48917982,109.92976
1.0,0.48426765,65.31009
1.0,0.45965156,386.46384
1.0,0.48080182,467.293
1.0,0.4577591,65.65916
1.0,0.47918797,179.80183
1.0,0.4115151,5090.438
1.0,0.45239493,189.52191
1.0,0.9572174,831.811
1.0,0.58221793,103.396675
1.0,0.46880692,146.37938
1.0,0.68848985,296.073
1.0,0.50148827,83.356224
1.0,0.50925076,70.20269
1.0,0.5215202,132.99297
1.0,0.5618235,67.557045
1.0,0.5217874,250.48846
1.0,0.4316338,96.449486
1.0,0.5013994,274.1223
1.0,0.48978612,125.26756
1.0,0.41690364,77.042404
1.0,0.49497357,68.36906
1.0,0.4167204,132.4159
1.0,0.3550703,77.37621
1.0,0.49180293,155.6137
1.0,0.50134313,326.47342
1.0,0.4409692,85.30809
1.0,0.5497432,97.13036
1.0,0.9204262,658.58716
1.0,0.9962697,506.87067
1.0,0.95939827,2049.959
1.0,0.43310836,202.88649
1.0,0.9441626,1811.7554
1.0,0.4599182,89.92902
1.0,0.5827746,141.63162
1.0,0.43215558,81.391685
1.0,0.9324402,292.2105
1.0,0.5491947,90.01348
1.0,0.5288936,68.28871
1.0,0.78058136,999734.3
1.0,0.48696783,105.67059
1.0,0.4653805,254.93321
1.0,0.9961546,53103.996
1.0,0.9264525,100.9542
1.0,0.693287,89.743484
1.0,0.47534385,77.73217
1.0,0.59396327,134.19006
1.0,0.6717118,83.58931
1.0,0.5203759,68.60683
1.0,0.4086044,104.953354
1.0,0.4920312,232.2229
1.0,0.50974464,85.7985
1.0,0.53662086,74.74372
1.0,0.5009004,69.278175
1.0,0.5330147,116.48535
1.0,0.56873393,81.66351
1.0,0.90754145,7923.92
1.0,0.37963837,66.629944
1.0,0.5171949,107.35912
1.0,0.60055995,109.618744
1.0,0.49828795,77.00942
1.0,0.46369532,156.76534
1.0,0.75040877,1854.8381
1.0,0.4733773,105.41253
1.0,0.48702306,96.141815
1.0,0.46381223,69.66841
1.0,0.44848037,125.287025
1.0,0.6124475,66.30933
1.0,0.5054018,110.51107
1.0,0.50306994,91.130775
1.0,0.7819513,220.31995
1.0,0.5859761,65.11601
1.0,0.722137,144.81708
1.0,0.5098802,75.71764
1.0,0.9098202,77.88396
1.0,0.5397161,108.931564
1.0,0.4291813,88.19774
1.0,0.6963027,92.80887
1.0,0.5285218,813.4181
1.0,0.5786481,70.883896
1.0,0.9669961,87.062386
1.0,0.51657563,98.29271
1.0,0.6972558,113.87289
1.0,0.4043571,110.924446
1.0,0.49292654,69.20954
1.0,0.44177657,352.99466
1.0,0.988436,348.74704
1.0,0.52532274,66.74284
1.0,0.44098616,160.6572
1.0,0.37656698,116.89508
1.0,0.5150678,131.3532
1.0,0.6528186,119.82488
1.0,0.97874844,999.6449
1.0,0.3776463,199.77687
1.0,0.8891843,793.38794
1.0,0.9553757,78.266754
1.0,0.56855273,72.84725
1.0,0.46355453,156.04442
1.0,0.8321531,316.37482
1.0,0.5079146,122.12756
1.0,0.44087398,116.32508
1.0,0.5783887,104.84526
1.0,0.5153002,95.994194
1.0,0.49884135,320.46295
1.0,0.5654897,85.988075
1.0,0.41664836,226.57176
1.0,0.50359887,108.81973
1.0,0.99914134,717.32385
1.0,0.461841,71.599724
1.0,0.62182385,325.93472
1.0,0.45230034,90.60141
1.0,0.41143748,75.43982
1.0,0.5027302,91.05714
1.0,0.46665868,111.382225
1.0,0.4961365,68.114365
1.0,0.4265994,93.82056
1.0,0.4886708,67.36761
1.0,0.5414089,72.0456
1.0,0.4852162,77.40919
1.0,0.94489235,135.90388
1.0,0.54424787,113.76617
1.0,0.5237847,68.45071
1.0,0.46137655,68.82703
1.0,0.6543172,122.225555
1.0,0.5800926,72.28686
1.0,0.3737241,433.80093
1.0,0.4952289,74.484764
1.0,0.49793833,70.544525
1.0,0.507173,77.61361
1.0,0.9647433,6120.381
1.0,0.52542585,68.18453
1.0,0.45337307,107.626564
1.0,0.49138936,74.94456
1.0,0.837281,5637.267
1.0,0.85598093,317.0141
1.0,0.47629225,160.81232
1.0,0.4805454,89.428406
1.0,0.42216834,71.66827
1.0,0.5181015,77.179245
1.0,0.5027592,151.08742
1.0,0.5831339,67.07198
1.0,0.47764355,89.55826
1.0,0.48697647,78.561005
1.0,0.5102117,100.74338
1.0,0.9813597,101.15542
1.0,0.4169697,89.13714
1.0,0.48903415,66.48959
1.0,0.50621116,91.568275
1.0,0.47646752,72.492355
1.0,0.38719022,81.87454
1.0,0.46927753,86.81187
1.0,0.43210232,90.21552
1.0,0.4724621,104.813034
1.0,0.4575461,135.59326
1.0,0.44686866,67.402534
1.0,0.4911234,115.46121
1.0,0.40290144,91.40008
1.0,0.4493471,128.48006
1.0,0.52838033,68.767166
1.0,0.52296084,231.06682
1.0,0.4836744,98.41582
1.0,0.48569122,76.337616
1.0,0.482913,67.342316
1.0,0.9841409,1003.04816
1.0,0.4135246,138.25877
1.0,0.5067763,88.7207
1.0,0.66027033,515.77216
1.0,0.49960715,338.6037
1.0,0.5353783,67.434364
1.0,0.68832415,458.67493
1.0,0.48755524,70.85117
1.0,0.49504507,126.5633
1.0,0.5000726,152.55598
1.0,0.41693872,70.22071
1.0,0.5333723,248.94171
1.0,0.42547297,65.16032
1.0,0.46482038,70.38422
1.0,0.51422524,74.25653
1.0,0.5258043,82.02453
1.0,0.42860165,67.314
1.0,0.99849224,8473.795
1.0,0.4872857,123.002335
1.0,0.41999924,93.039505
1.0,0.6830839,701.2154
1.0,0.47662914,108.2333
1.0,0.43114296,115.89902
1.0,0.485405,110.02093
1.0,0.48318958,143.63875
1.0,0.5054592,97.71756
1.0,0.43950823,157.19977
1.0,0.52906686,334.30545
1.0,0.48587373,92.229065
1.0,0.5969279,72.339294
1.0,0.42489955,91.13998
1.0,0.49174044,75.119576
1.0,0.42663854,77.23061
1.0,0.43429646,105.05124
1.0,0.6013302,286.16037
1.0,0.43760684,67.85426
1.0,0.99995923,401.6449
1.0,0.55808413,66.12367
1.0,0.9998666,9029.787
1.0,0.5116298,200.02774
1.0,0.9874335,438.06653
1.0,0.9567214,1087.849
1.0,0.48124287,74.93995
1.0,0.44458908,120.84446
1.0,0.65700734,70.4687
1.0,0.49061012,66.68306
1.0,0.5778843,81.12009
1.0,0.5071793,71.97178
1.0,0.50470006,109.05458
1.0,0.9706171,1235.902
1.0,0.5215246,68.77334
1.0,0.45949626,102.23255
1.0,0.5148636,67.03972
1.0,0.504478,67.91209
1.0,0.50865,102.097664
1.0,0.471018,192.12553
1.0,0.5043874,94.71651
1.0,0.4972716,99.380104
1.0,0.50977737,122.731255
1.0,0.4871087,170.74574
1.0,0.430286,136.64864
1.0,0.54868686,224.29709
1.0,0.43713966,126.83234
1.0,0.34990108,186.44234
1.0,0.97674906,101.02644
1.0,0.51958805,231.8218
1.0,0.41370857,84.21668
1.0,0.9999956,573.9227
1.0,0.4855821,79.97231
1.0,0.44556957,90.23486
1.0,0.48390615,112.40597
1.0,0.5154995,114.72021
1.0,0.52886575,77.59294
1.0,0.9897814,2266.7153
1.0,0.4567122,72.586655
1.0,0.4695115,81.59549
1.0,0.42886832,154.87386
1.0,0.49589926,66.3014
1.0,0.46766388,173.3891
1.0,0.48392758,88.94772
1.0,0.56452316,76.580055
1.0,0.44018528,65.68205
1.0,0.79251325,244.09772
1.0,0.42883518,66.224594
1.0,0.45299986,98.58515
1.0,0.39668962,80.72041
1.0,0.39122716,116.368515
1.0,0.4647281,475.42767
1.0,0.49925926,108.51459
1.0,0.52750415,82.33528
1.0,0.48459214,79.24385
1.0,0.47296003,65.15563
1.0,0.48395216,93.74866
1.0,0.41570985,89.75687
1.0,0.49775812,74.60946
1.0,0.50246376,1.7478575e+06
1.0,0.92046064,900.38043
1.0,0.48196086,82.652565
1.0,0.47507003,165.4936
1.0,0.46653962,161.77509
1.0,0.50220966,143.3417
1.0,0.51312387,70.62654
1.0,0.7047296,5381.291
1.0,0.54282933,86.14698
1.0,0.656835,105.74621
1.0,0.82886565,384.84167
1.0,0.680354,116.68228
1.0,0.46722043,21270.672
1.0,0.48636526,99.2008
1.0,0.5123382,67.77899
1.0,0.52107173,69.235985
1.0,0.7457433,190.42926
1.0,0.47078526,784.0842
1.0,0.7802885,73.442604
1.0,0.4361212,89.24173
1.0,0.41253832,71.23576
1.0,0.42762384,315.89514
1.0,0.43097156,88.16966
1.0,0.5095329,203.95721
1.0,0.46212253,252.09811
1.0,0.9993345,144.93597
1.0,0.48595548,72.33211
1.0,0.4874412,91.358315
1.0,0.49678016,69.90894
1.0,0.476339,272.2982
1.0,0.59113455,82.30898
1.0,0.5461057,481.21133
1.0,0.44407722,159.78053
1.0,0.42751765,80.37981
1.0,0.8458443,133.6356
1.0,0.4730975,136.50229
1.0,0.9984034,2403.761
1.0,0.96650255,322.67776
1.0,0.68071437,648.65936
1.0,0.46377683,79.476456
1.0,0.8537831,81.758835
1.0,0.6127337,343.99695
1.0,0.91098505,6197.7554
1.0,0.9980222,166.48642
1.0,0.48218688,78.18233
1.0,0.9162219,423.19186
1.0,0.5530185,157.72595
1.0,0.50939685,71.54
1.0,0.50265044,97.08718
1.0,0.49636316,108.31295
1.0,0.79226846,69.260185
1.0,0.96306133,2086.0054
1.0,0.4789914,75.10492
1.0,0.99376845,1908.1132
1.0,0.9934423,181.15286
1.0,0.52960765,97.83941
1.0,0.6714793,69.747284
1.0,0.72155327,93.531006
1.0,0.5062148,108.35363
1.0,0.5149493,133.54643
1.0,0.46580428,68.33611
1.0,0.4400718,100.89669
1.0,0.5317457,66.41262
1.0,0.50248015,99.62236
1.0,0.5208367,72.563385
1.0,0.4615709,66.5596
1.0,0.48542544,108.36778
1.0,0.5372051,72.353455
1.0,0.5197037,90.73755
1.0,0.45344058,87.9119
1.0,0.486589,150.32559
1.0,0.46122575,201.42511
1.0,0.50214267,87.22504
1.0,0.4814151,70.424644
1.0,0.46937278,112.861496
1.0,0.45347032,107.79574
1.0,0.4877799,81.43198
1.0,0.49392658,138.99515
1.0,0.505082,111.439224
1.0,0.5049111,101.15442
1.0,0.52865636,127.057365
1.0,0.47668213,130.17854
1.0,0.42810884,106.1797
1.0,0.5887213,205.15126
1.0,0.4031306,315.447
1.0,0.44691697,70.888176
1.0,0.5893696,110.38986
1.0,0.4802872,185.36552
1.0,0.46372288,153.59245
1.0,0.48524338,96.52396
1.0,0.55182713,94.21724
1.0,0.49734578,71.75834
1.0,0.5025349,91.821625
1.0,0.828654,110.310074
1.0,0.5767249,198.0087
1.0,0.4167609,77.311295
1.0,0.4862525,95.1685
1.0,0.84936136,1223.4109
1.0,0.45983586,72.06022
1.0,0.560549,74.648094
1.0,0.52232105,104.51575
1.0,0.46939737,83.71898
1.0,0.32987297,128.3216
1.0,0.5158116,73.93157
1.0,0.4891741,103.33023
1.0,0.42650345,324.8638
1.0,0.42895553,80.47697
1.0,0.5032465,73.144066
1.0,0.46734765,247.84889
1.0,0.4138877,65.29116
1.0,0.4138877,65.29116
1.0,0.561851,66.25785
1.0,0.44276276,93.227936
1.0,0.37469023,189.32661
1.0,0.5313562,85.5616
1.0,0.5330585,68.0337
1.0,0.5146934,108.16089
1.0,0.8448153,319.9205
1.0,0.48842,107.42474
1.0,0.61955726,75.86862
1.0,0.58615375,407.54236
1.0,0.50578505,79.33319
1.0,0.5071536,107.616165
1.0,0.4565214,118.123215
1.0,0.5652259,171.18283
1.0,0.9740878,153.63293
1.0,0.37722278,94.3641
1.0,0.39431915,668.59393
1.0,0.46007046,239.77118
1.0,0.4454138,86.63854
1.0,0.5864154,101.16553
1.0,0.7639238,107.87027
1.0,0.47188336,4171.937
1.0,0.51441646,91.62701
1.0,0.4541481,996.88446
1.0,0.4659437,88.758415
1.0,0.5322674,106.2481
1.0,0.51083755,135.7274
1.0,0.40083387,68.83646
1.0,0.46600416,169.39522
1.0,0.4671399,65.31923
1.0,0.48536825,66.24554
1.0,0.60472006,268.4131
1.0,0.42775023,102.809494
1.0,0.44205457,73.9744
1.0,0.54190665,104.22903
1.0,0.37550086,163.51038
1.0,0.3759986,129.16711
1.0,0.53159684,155.93225
1.0,0.9997261,74.51867
1.0,0.49793562,80.15382
1.0,0.48547703,105.602104
1.0,0.4427537,123.30455
1.0,0.55964756,74.93762
1.0,0.86406606,184.24193
1.0,0.43047535,72.02909
1.0,0.50254023,77.456116
1.0,0.5189128,69.95707
1.0,0.49763396,82.990845
1.0,0.5176045,65.66183
1.0,0.45745975,83.27458
1.0,0.47861,70.277985
1.0,0.43854308,70.25091
1.0,0.41620398,495.7475
1.0,0.45354006,89.818306
1.0,0.91764903,547.9343
1.0,0.4740589,111.116615
1.0,0.48370782,75.09397
1.0,0.53644407,127.60701
1.0,0.47085482,96.57203
1.0,0.57651097,77.31019
1.0,0.9473789,2721.8433
1.0,0.43373176,92.02025
1.0,0.5287365,178.7999
1.0,0.4792523,75.61041
1.0,0.9898707,6725.9487
1.0,0.50651526,140.67525
1.0,0.48348635,78.522354
1.0,0.50091547,180.47757
1.0,0.5042621,71.268135
1.0,0.51180893,67.06889
1.0,0.400879,75.96384
1.0,0.89481556,3192.9832
1.0,0.5746574,123.11637
1.0,0.9551016,361.50003
1.0,0.6682074,85.94938
1.0,0.48425278,72.06341
1.0,0.48819512,84.08539
1.0,0.46122575,83.100494
1.0,0.9705578,11959.998
1.0,0.43559644,90.40898
1.0,0.51657,71.78348
1.0,0.79143816,1061.8973
1.0,0.50592685,67.35907
1.0,0.55122465,82.18671
1.0,0.47964793,93.840675
1.0,0.3858999,90.39325
1.0,0.404842,112.616585
1.0,0.46234468,168.23871
1.0,0.5338013,303.49164
1.0,0.9999771,25304.584
1.0,0.5267545,111.765045
1.0,0.7891334,106.47694
1.0,0.8634812,78.80352
1.0,0.41557294,69.33903
1.0,0.5125378,90.099754
1.0,0.4417124,75.240234
1.0,0.52183163,153.20508
1.0,0.46446735,94.27685
1.0,0.50501466,274.61032
1.0,0.99542314,4126.9814
1.0,0.9313131,520.76855
1.0,0.9673368,3740.6064
1.0,0.49260733,107.206406
1.0,0.48572508,170.98099
1.0,0.518913,79.66722
1.0,0.52182007,278.5515
1.0,0.48676285,87.01651
1.0,0.4786108,98.566315
1.0,0.9658113,813.595
1.0,0.50323033,120.69867
1.0,0.52339685,84.8855
1.0,0.57059765,67.51741
1.0,0.47605798,80.67044
1.0,0.5438989,73.75958
1.0,0.5757154,97.73784
1.0,0.48445076,146.45107
1.0,0.51925826,73.56614
1.0,0.5119565,245.37704
1.0,0.43360597,119.44776
1.0,0.51683056,78.25773
1.0,0.6055272,304.70413
1.0,0.5827236,154.06232
1.0,0.53237796,101.280556
1.0,0.46122575,91.62771
1.0,0.4997133,349.43982
1.0,0.43118587,318.64832
1.0,0.4877607,83.01787
1.0,0.5313653,3.552006e+06
1.0,0.6748025,3.7247196e+11
1.0,0.4974169,127.779884
1.0,0.69946396,83.1972
1.0,0.5076629,71.33779
1.0,0.4154363,65.87584
1.0,0.5027623,265.07657
1.0,0.9849502,3993.96
1.0,0.5476066,82.51044
1.0,0.70145404,435.607
1.0,0.46122575,137.33142
1.0,0.9740088,68.37041
1.0,0.4416312,65.524345
1.0,0.5193352,99.89643
1.0,0.4165507,78.14742
1.0,0.44887727,87.590614
1.0,0.48418117,631.85504
1.0,0.51509494,131.12062
1.0,0.47753397,115.167984
1.0,0.93761855,74.93294
1.0,0.51850975,82.44101
1.0,0.5151283,135.05296
1.0,0.46122575,66.493935
1.0,0.9472179,128.76532
1.0,0.49514565,92.58778
1.0,0.48463908,126.1156
1.0,0.9598906,413.2956
1.0,0.48649055,69.43855
1.0,0.38558462,65.27903
1.0,0.5817112,69.794014
1.0,0.43529716,87.94014
1.0,0.44400126,101.74276
1.0,0.5122906,89.07174
1.0,0.5344484,176.04912
1.0,0.47435609,153.81015
1.0,0.5352943,66.71519
1.0,0.47251618,344.62393
1.0,0.58974963,80.66473
1.0,0.68380004,123.579414
1.0,0.8853335,1382.1158
1.0,0.49880564,97.344635
1.0,0.42259666,80.36734
1.0,0.4688761,74.23485
1.0,0.4833827,137.29803
1.0,0.5819933,76.15804
1.0,0.80632484,439.18115
1.0,0.46395788,66.85436
1.0,0.510969,81.44505
1.0,0.48969606,71.87694
1.0,0.45410514,77.11313
1.0,0.46122575,226.41086
1.0,0.40192235,122.11811
1.0,0.99035877,213.35321
1.0,0.87344086,97.88526
1.0,0.3848658,110.6165
1.0,0.5070595,82.93091
1.0,0.4926819,70.48859
1.0,0.49865484,110.73328
1.0,0.50200385,81.712395
1.0,0.6885261,530.66113
1.0,0.52689064,89.94477
1.0,0.504407,533.4921
1.0,0.4781764,149.33911
1.0,0.42273045,436.60535
1.0,0.92899513,187.49893
1.0,0.41110486,102.79335
1.0,0.83802444,1062.7523
1.0,0.4828347,80.14372
1.0,0.37665063,67.938896
1.0,0.54175425,89.09184
1.0,0.9014166,6371.5557
1.0,0.5343157,75.72694
1.0,0.6663207,84.46363
1.0,0.48109934,83.58534
1.0,0.66135174,174.6459
1.0,0.55942714,77.794174
1.0,0.46122575,71.88633
1.0,0.49706262,76.64727
1.0,0.5411475,164.27939
1.0,0.46054843,142.57674
1.0,0.48606613,275.0906
1.0,0.3744178,294.53195
1.0,0.9972746,108.21352
1.0,0.49185207,70.474075
1.0,0.5030833,100.49784
1.0,0.66270965,691.2906
1.0,0.63846374,404.0788
1.0,0.49719015,274.656
1.0,0.95049274,4935.3003
1.0,0.48032725,70.65378
1.0,0.43208107,65.38761
1.0,0.49111745,109.85025
1.0,0.4001398,116.95426
1.0,0.39395475,87.21649
1.0,0.48542544,65.03171
1.0,0.47197777,165.71625
1.0,0.6446983,99.8458
1.0,0.48613018,65.25726
1.0,0.5848249,477.87848
1.0,0.49354762,66.43566
1.0,0.3997173,103.2131
1.0,0.43352032,144.51727
1.0,0.53605896,68.887505
1.0,0.5179097,76.350815
1.0,0.4679207,110.64128
1.0,0.9543366,103.297615
1.0,0.5030967,110.32903
1.0,0.79846853,169.041
1.0,0.5129519,67.016075
1.0,0.74768245,686.47144
1.0,0.8090943,519.47797
1.0,0.48063052,78.01777
1.0,0.4363822,175.74716
1.0,0.44377068,87.4609
1.0,0.49459177,234.09282
1.0,0.47562325,214.4587
1.0,0.9749316,75.88905
1.0,0.55142087,928.49615
1.0,0.48088598,205.98026
1.0,0.44070628,72.96728
1.0,0.4853466,81.92613
1.0,0.43670347,163.94226
1.0,0.49999523,77.47325
1.0,0.76652056,71.119225
1.0,0.9980076,119.003075
1.0,0.565304,74.56131
1.0,0.49867895,190.10817
1.0,0.36383525,99.612404
1.0,0.35488805,181.60153
1.0,0.57661176,96.39028
1.0,0.43488228,69.2603
1.0,0.80407774,1552.8268
1.0,0.415728,492.13235
1.0,0.4084266,644.2354
1.0,0.50047,169.07599
1.0,0.9960563,333.2685
1.0,0.45100328,141.04024
1.0,0.48386747,70.26589
1.0,0.48367536,125.62623
1.0,0.558348,106.853745
1.0,0.44466084,94.72508
1.0,0.6887831,65.158745
1.0,0.5244673,72.35763
1.0,0.61295563,219.26103
1.0,0.5367652,98.010895
1.0,0.99892956,87.75955
1.0,0.59374994,71.45581
1.0,0.50397533,87.438095
1.0,0.52825814,369.16696
1.0,0.47778103,166.59613
1.0,0.42840305,80.65589
1.0,0.5108927,72.27533
1.0,0.5559568,144.78934
1.0,0.41611198,80.61497
1.0,0.36934403,136.68443
1.0,0.42945376,376.28958
1.0,0.48034918,137.28853
1.0,0.48395273,66.97955
1.0,0.491311,67.05087
1.0,0.476779,121.36829
1.0,0.45317954,111.91461
1.0,0.47031933,347.68417
1.0,0.963469,2481.7456
1.0,0.52334714,82.531685
1.0,0.5116572,443.22702
1.0,0.8534567,209.87108
1.0,0.49348074,65.29064
1.0,0.5168879,68.692154
1.0,0.60301,127.832924
1.0,0.5402666,65.96278
1.0,0.46423265,70.27368
1.0,0.96151775,698.9827
1.0,0.4985479,77.2209
1.0,0.47669902,281.42938
1.0,0.85802233,18430.527
1.0,0.5084701,150.79987
1.0,0.48114285,66.13589
1.0,0.5358452,117.24644
1.0,0.4815743,69.710724
1.0,0.4886863,75.573586
1.0,0.5014488,68.31721
1.0,0.4998451,107.373505
1.0,0.46569496,78.505844
1.0,0.4806805,82.66409
1.0,0.48074478,70.22937
1.0,0.4826248,89.65446
1.0,0.46523565,112.846565
1.0,0.3449648,197.89177
1.0,0.50376683,67.94194
1.0,0.47554466,114.19623
1.0,0.3941523,112.20017
1.0,0.39830798,119.86205
1.0,0.42774028,110.72659
1.0,0.5032334,68.88872
1.0,0.5299489,87.5752
1.0,0.5392949,602.6419
1.0,0.7304546,235.46265
1.0,0.7869992,1078.3805
1.0,0.99274665,365.8582
1.0,0.5028992,84.51996
1.0,0.5012837,125.969185
1.0,0.46110058,207.06482
1.0,0.42059398,87.48717
1.0,0.50109804,97.23007
1.0,0.89297354,80.997406
1.0,0.4084814,66.172935
1.0,0.97471386,10432.371
1.0,0.63655245,2347.3315
1.0,0.90748316,965.8491
1.0,0.42198077,255.3945
1.0,0.4876916,66.35515
1.0,0.5156796,80.01366
1.0,0.58300084,81.37325
1.0,0.4893751,82.02296
1.0,0.4415795,206.44485
1.0,0.4427088,138.36128
1.0,0.41699174,80.89817
1.0,0.44191355,67.87563
1.0,0.4734335,216.61777
1.0,0.69553566,776.20514
1.0,0.42660555,75.74538
1.0,0.6640937,89.48825
1.0,0.98945475,102.47484
1.0,0.76135623,281.99478
1.0,0.5026981,70.24433
1.0,0.48144045,112.472565
1.0,0.45783168,74.39851
1.0,0.5172168,124.70486
1.0,0.5172168,124.70486
1.0,0.42462125,193.154
1.0,0.55728626,281.14386
1.0,0.3859484,158.14307
1.0,0.63571954,69.392975
1.0,0.48500523,153.9209
1.0,0.45017588,79.15883
1.0,0.6448633,154.36278
1.0,0.5164449,87.71113
1.0,0.51966786,75.333916
1.0,0.7508865,138.2807
1.0,0.4099393,249.73506
1.0,0.9996031,129.86589
1.0,0.45937836,105.88144
1.0,0.9989441,659.86835
1.0,0.48166254,76.51858
1.0,0.50766563,121.84717
1.0,0.4621791,70.422
1.0,0.9186749,852.35205
1.0,0.426999,320.19144
1.0,0.4986989,242.67992
1.0,0.4464584,97.28731
1.0,0.6795387,308.36252
1.0,0.99381304,3535.961
1.0,0.43237075,79.59793
1.0,0.58831364,71.0476
1.0,0.4746015,77.3498
1.0,0.47773805,199.39021
1.0,0.6839696,296.00018
1.0,0.48320267,65.01328
1.0,0.40358445,84.69962
1.0,0.5921395,118.4583
1.0,0.5726149,102.84545
1.0,0.57411826,93.183525
1.0,0.4917447,67.53105
1.0,0.99626833,159.95114
1.0,0.4168526,682.38007
1.0,0.4568272,66.96621
1.0,0.47159716,104.793015
1.0,0.53406274,67.02903
1.0,0.92621857,164.005
1.0,0.53025585,75.27893
1.0,0.80890906,196.99905
1.0,0.4285603,101.71886
1.0,0.49060032,71.4859
1.0,0.4950927,116.64866
1.0,0.99835545,14557.216
1.0,0.58188903,84.645355
1.0,0.5956119,101.12088
1.0,0.5499817,85.103165
1.0,0.5196753,87.60908
1.0,0.3861292,67.191925
1.0,0.4465589,103.10278
1.0,0.48188856,87.68154
1.0,0.50174505,135.50092
1.0,0.501001,116.89226
1.0,0.4986651,70.96176
1.0,0.98553896,29718.785
1.0,0.47603905,78.94141
1.0,0.43422684,69.08211
1.0,0.70289856,974.29535
1.0,0.5490076,107.21854
1.0,0.53027,100.75162
1.0,0.97548485,76.511055
1.0,0.4801592,218.24028
1.0,0.51265687,159.71608
1.0,0.5129842,87.59912
1.0,0.54002494,70.76546
1.0,0.5003072,69.781944
1.0,0.47604337,453.5765
1.0,0.47758028,310.46454
1.0,0.6913806,137.6792
1.0,0.4930728,77.72602
1.0,0.49233058,78.916214
1.0,0.4581145,417.1758
1.0,0.6339489,68.42681
1.0,0.46150574,104.82823
1.0,0.54198134,103.74584
1.0,0.5017052,126.97885
1.0,0.63312,84.56941
1.0,0.40866286,66.38298
1.0,0.40950102,88.35175
1.0,0.43426758,229.797
1.0,0.6155667,84.161476
1.0,0.41082454,67.92158
1.0,0.37736487,92.02747
1.0,0.37787032,134.4105
1.0,0.49026376,100.251915
1.0,0.7384169,3048.4321
1.0,0.46767345,71.52457
1.0,0.51345295,183.89604
1.0,0.9984486,4090.185
1.0,0.47528493,89.83709
1.0,0.45849785,140.34557
1.0,0.41202468,70.01941
1.0,0.53898895,255.29315
1.0,0.49876443,77.155815
1.0,0.4368296,66.4881
1.0,0.42893133,149.4532
1.0,0.96487826,761.81714
1.0,0.46551353,273.26904
1.0,0.4762396,86.50426
1.0,0.43544358,80.941795
1.0,0.62746656,120.21844
1.0,0.48085016,69.11272
1.0,0.44133306,104.96592
1.0,0.8688349,725.63745
1.0,0.46621624,65.7073
1.0,0.5121716,238.43755
1.0,0.69969326,80.271126
1.0,0.8242256,318.9602
1.0,0.43674394,118.109726
1.0,0.47595945,600.22864
1.0,0.51963484,100.38458
1.0,0.5464406,67.52384
1.0,0.5071407,74.54252
1.0,0.4695516,205.0103
1.0,0.46669534,67.41204
1.0,0.5236054,77.812584
1.0,0.48038533,78.26254
1.0,0.47111768,96.08868
1.0,0.48535737,87.37234
1.0,0.5328378,588.86523
1.0,0.41178212,74.260445
1.0,0.5080786,139.59438
1.0,0.4716861,287.9033
1.0,0.5713515,65.39759
1.0,0.5294503,78.63272
1.0,0.5075577,105.70605
1.0,0.539376,92.11678
1.0,0.4617386,67.329636
1.0,0.5162274,76.756744
1.0,0.4832514,89.17664
1.0,0.49913996,75.76937
1.0,0.6399279,124.5715
1.0,0.9857743,2242.6643
1.0,0.40657735,372.30838
1.0,0.9876309,71.123146
1.0,0.48880708,96.28126
1.0,0.47114524,85.49995
1.0,0.56414515,224.0057
1.0,0.8724122,91.46242
1.0,0.48088267,177.33679
1.0,0.63216555,234.23578
1.0,0.4182071,74.89076
1.0,0.48713008,80.280556
1.0,0.38166726,142.19896
1.0,0.3961467,291.1088
1.0,0.4685588,93.61613
1.0,0.4710384,150.04082
1.0,0.99982554,441.65237
1.0,0.47296652,82.08179
1.0,0.5142627,92.59101
1.0,0.48362473,284.522
1.0,0.9906034,132.08751
1.0,0.48848993,119.97917
1.0,0.8665299,721.09686
1.0,0.41726944,278.67523
1.0,0.40157187,65.22782
1.0,0.45255274,669.86584
1.0,0.46410763,77.29712
1.0,0.47386235,306.32382
1.0,0.35854286,91.63347
1.0,0.39228585,77.576546
1.0,0.5104288,500.82147
1.0,0.4989576,86.86392
1.0,0.9996698,37554.6
1.0,0.5231844,100.82676
1.0,0.4889883,77.364494
1.0,0.44693324,148.18468
1.0,0.52151114,78.33543
1.0,0.40378198,148.73195
1.0,0.38052604,149.4715
1.0,0.4924225,82.45678
1.0,0.4780752,87.707756
1.0,0.62401885,66.455505
1.0,0.5915971,311.60654
1.0,0.480844,74.53943
1.0,0.4254706,97.18071
1.0,0.44596848,333.88617
1.0,0.47084314,249.89896
1.0,0.46616638,76.43903
1.0,0.936106,554.63385
1.0,0.4494332,68.19664
1.0,0.43055233,70.32742
1.0,0.5215295,90.938065
1.0,0.38769183,72.71817
1.0,0.47880605,86.83053
1.0,0.45198974,155.9682
1.0,0.40348685,128.25673
1.0,0.49033833,80.93186
1.0,0.49556246,173.91905
1.0,0.59476066,98.37638
1.0,0.48215833,165.36438
1.0,0.51222956,75.93644
1.0,0.5178557,66.926735
1.0,0.4949841,80.285446
1.0,0.43491244,121.06612
1.0,0.4248231,78.7464
1.0,0.43843278,165.90805
1.0,0.56678724,82.15923
1.0,0.9625045,158.00519
1.0,0.5722026,76.928185
1.0,0.42057893,67.05907
1.0,0.789074,90.45441
1.0,0.75356156,89.729294
1.0,0.45495126,88.03868
1.0,0.4544477,114.53545
1.0,0.9497991,1271.7802
1.0,0.44655713,75.58582
1.0,0.5050672,95.65791
1.0,0.47147375,148.75539
1.0,0.68122286,121.6327
1.0,0.74666953,642.6511
1.0,0.48139238,86.64227
1.0,0.5450865,70.98793
1.0,0.9217138,174.87578
1.0,0.4941302,100.98874
1.0,0.77761436,155.68462
1.0,0.5076592,110.86783
1.0,0.5193622,66.27625
1.0,0.484806,145.61876
1.0,0.45822316,72.983665
1.0,0.45743954,67.408936
1.0,0.39795646,95.68929
1.0,0.96062624,26227.648
1.0,0.46122575,71.63845
1.0,0.5213138,68.33943
1.0,0.79209954,72.070465
1.0,0.62782425,76.705734
1.0,0.4622823,75.6172
1.0,0.5388123,102.4857
1.0,0.51847076,71.84167
1.0,0.46652138,97.43751
1.0,0.49451593,109.264084
1.0,0.4598003,78.23501
1.0,0.51047796,141.43288
1.0,0.49200508,72.92459
1.0,0.52182823,71.50462
1.0,0.99932635,1499.2383
1.0,0.43769908,105.60755
1.0,0.5188762,325.46915
1.0,0.59695446,288.2547
1.0,0.4960338,70.406746
1.0,0.4909205,69.43353
1.0,0.48464668,67.3594
1.0,0.9879175,6559.326
1.0,0.40494722,69.90208
1.0,0.4845611,72.108734
1.0,0.82539517,513.8709
1.0,0.45623645,83.14912
1.0,0.49480027,85.38695
1.0,0.41348433,223.39314
1.0,0.4723258,73.3723
1.0,0.9495432,65.759155
1.0,0.4549845,73.359215
1.0,0.52350765,76.73783
1.0,0.4895018,69.68293
1.0,0.9981047,3845.27
1.0,0.49290296,87.602806
1.0,0.55572754,535.3763
1.0,0.99805754,162.12724
1.0,0.65989214,3.5906173e+08
1.0,0.50080556,94.73751
1.0,0.5259291,95.554436
1.0,0.50685006,96.83051
1.0,0.44847816,229.26021
1.0,0.6265464,177.73035
1.0,0.45597944,329.38586
1.0,0.43657246,66.709526
1.0,0.46701044,154.75894
1.0,0.84366345,126.653244
1.0,0.4844989,216.23734
1.0,0.9947943,68.772316
1.0,0.5211604,125.76086
1.0,0.43357322,263.2197
1.0,0.52364475,69.37956
1.0,0.46122575,120.85077
1.0,0.45196885,216.59792
1.0,0.5124915,76.699165
1.0,0.48442754,72.576294
1.0,0.5128848,66.25505
1.0,0.5602033,76.92185
1.0,0.5527328,94.89781
1.0,0.6674857,386.04102
1.0,0.5190108,66.25287
1.0,0.54528075,142.02748
1.0,0.49249113,76.02228
1.0,0.4635511,91.092155
1.0,0.5131409,78.99497
1.0,0.5365358,70.94357
1.0,0.46122575,4.5072692e+07
1.0,0.4699586,174.60526
1.0,0.46917444,70.32366
1.0,0.40621737,76.176125
1.0,0.5018269,146.52144
1.0,0.46122575,65.25855
1.0,0.4494503,180.33218
1.0,0.49553847,71.405106
1.0,0.48142025,87.19172
1.0,0.98407227,68.81199
1.0,0.53375924,76.10826
1.0,0.4484222,81.84816
1.0,0.48730695,143.90845
1.0,0.68069625,385.1162
1.0,0.9881362,71.213806
1.0,0.4350077,105.18674
1.0,0.90029186,1403.7561
1.0,0.51745564,75.011154
1.0,0.6428375,70.69995
1.0,0.9555143,116.812904
1.0,0.41191858,201.1726
1.0,0.6943212,97.353615
1.0,0.49325278,201.05138
1.0,0.41742575,72.5415
1.0,0.5150206,127.582146
1.0,0.48727003,225.52501
1.0,0.9953778,201.81982
1.0,0.4849449,115.06314
1.0,0.42424268,66.69728
1.0,0.4849059,70.474266
1.0,0.63297844,129.45738
1.0,0.44538128,258.99133
1.0,0.43138182,86.291534
1.0,0.47943363,587.32654
1.0,0.49308166,258.978
1.0,0.5483012,271.1835
1.0,0.99161536,70.775795
1.0,0.5116706,72.73947
1.0,0.49312264,82.84963
1.0,0.499977,163.29965
1.0,0.43492025,74.032906
1.0,0.6158661,375.0993
1.0,0.36837223,430.46878
1.0,0.5306809,111.33179
1.0,0.55676794,86.555374
1.0,0.56759524,227.60362
1.0,0.47041655,67.22613
1.0,0.9861777,3457.0496
1.0,0.48248014,83.172424
1.0,0.42987165,143.80681
1.0,0.4638343,223.47177
1.0,0.45592234,115.58691
1.0,0.50265133,70.98257
1.0,0.6570828,228.98662
1.0,0.5046304,93.13655
1.0,0.5548431,77.97604
1.0,0.46122575,132307.62
1.0,0.51080203,181.34859
1.0,0.44670334,127.76459
1.0,0.48006177,74.61995
1.0,0.4916109,174.84497
1.0,0.91678864,738.0238
1.0,0.38336265,257.4708
1.0,0.50077456,87.87236
1.0,0.4417368,96.5886
1.0,0.92766714,88.634346
1.0,0.7652182,653.9483
1.0,0.5190788,83.36469
1.0,0.646394,113.00948
1.0,0.44427627,167.16028
1.0,0.5102115,93.82491
1.0,0.45188993,90.182045
1.0,0.4956797,96.27285
1.0,0.40350196,89.32716
1.0,0.5563393,191.41554
1.0,0.5160399,87.32383
1.0,0.61363715,13630.564
1.0,0.44288665,81.12844
1.0,0.49214035,99.376884
1.0,0.479422,243.22636
1.0,0.43125027,159.18997
1.0,0.99718285,136.92009
1.0,0.4375129,91.05841
1.0,0.94037545,77.43841
1.0,0.97561896,74.01299
1.0,0.5796329,390.34558
1.0,0.4807309,107.91866
1.0,0.47366196,85.09714
1.0,0.9418135,140.96268
1.0,0.5202516,78.428345
1.0,0.41629428,76.16697
1.0,0.44455165,99.2747
1.0,0.57020164,296.711
1.0,0.53776747,89.14842
1.0,0.5982326,217.99217
1.0,0.48622823,299.91705
1.0,0.5045661,82.807304
1.0,0.43576017,101.92473
1.0,0.42973545,73.717804
1.0,0.4620731,78.087875
1.0,0.8380201,93.15432
1.0,0.4687967,82.05387
1.0,0.7675765,2387.3027
1.0,0.55665606,464.36923
1.0,0.48644266,79.52813
1.0,0.49893013,92.13998
1.0,0.48161367,79.05304
1.0,0.53278375,605.7641
1.0,0.98503935,12673.128
1.0,0.69050723,201.00768
1.0,0.4808885,115.32052
1.0,0.44254833,153.2092
1.0,0.4863401,135.26064
1.0,0.504408,65.85843
1.0,0.46522862,70.473145
1.0,0.6430927,288.00543
1.0,0.46122575,246.55328
1.0,0.4661326,121.609
1.0,0.4729372,172.74986
1.0,0.49113423,88.08664
1.0,0.5809892,70.21249
1.0,0.43151963,2.3806661e+11
1.0,0.47238004,77.400154
1.0,0.9737949,74.21855
1.0,0.47182104,424.71655
1.0,0.39288512,94.63017
1.0,0.40260962,69.34347
1.0,0.7330047,441.81
1.0,0.6735263,76.774826
1.0,0.49130923,145.44139
1.0,0.39171067,88.66257
1.0,0.59195757,86.36703
1.0,0.5710644,257.73993
1.0,0.50766224,71.11735
1.0,0.48344922,98.65372
1.0,0.4926819,139.78854
1.0,0.48734504,66.82192
1.0,0.47575924,76.81853
1.0,0.4486173,118.41656
1.0,0.9546267,963.6623
1.0,0.45302686,65.25963
1.0,0.53144026,104.1326
1.0,0.5454732,121.35317
1.0,0.90691507,151.10152
1.0,0.48242795,129.4753
1.0,0.49027196,120.17773
1.0,0.50704855,139.94188
1.0,0.74223495,248.37956
1.0,0.5999514,800.3101
1.0,0.98093444,205.83162
1.0,0.47356567,94.36767
1.0,0.51692075,81.18939
1.0,0.9649362,609.4697
1.0,0.4720044,82.78044
1.0,0.998923,19286.969
1.0,0.4995697,147.50444
1.0,0.4383402,73.924515
1.0,0.9870624,53093.445
1.0,0.5313618,72.40291
1.0,0.36909896,104.65331
1.0,0.62735856,75.19242
1.0,0.46944472,175.04128
1.0,0.53384936,96.55061
1.0,0.4827028,191.92313
1.0,0.94879633,157.96086
1.0,0.46788263,100.13003
1.0,0.9680333,724.17017
1.0,0.521062,73.819435
1.0,0.60278636,147.49246
1.0,0.47017804,346.655
1.0,0.78515375,224.853
1.0,0.7460628,1345.9098
1.0,0.52932537,489.08218
1.0,0.49207598,70.910904
1.0,0.52453744,86.17193
1.0,0.96106756,684.807
1.0,0.5094067,77.51778
1.0,0.91096425,430.65125
1.0,0.5379517,70.85059
1.0,0.69901574,175.26907
1.0,0.4173588,116.13914
1.0,0.5570232,71.858116
1.0,0.6445269,459.0427
1.0,0.45463774,69.174385
1.0,0.9554075,323.03915
1.0,0.41537568,189.45627
1.0,0.6513497,329.4318
1.0,0.70327914,67.51222
1.0,0.46093503,132.24373
1.0,0.47399896,66.98319
1.0,0.49770993,83.88306
1.0,0.63143337,91.11732
1.0,0.99961424,3461.1077
1.0,0.48197094,81.31627
1.0,0.5127038,73.43476
1.0,0.47102708,75.4845
1.0,0.4685189,111.30716
1.0,0.96400017,1105.5444
1.0,0.4149326,78.14585
1.0,0.42217752,75.06154
1.0,0.5755432,219.94894
1.0,0.5614847,228.86082
1.0,0.5330517,72.67214
1.0,0.50572014,235.84972
1.0,0.4304834,96.19635
1.0,0.4950508,122.7541
1.0,0.4245008,73.57705
1.0,0.5082733,277.33463
1.0,0.71704,371.49744
1.0,0.49841857,102.435135
1.0,0.79744554,78.43274
1.0,0.9929241,6157.902
1.0,0.9437413,6665.6284
1.0,0.4539419,74.56552
1.0,0.48952568,121.845764
1.0,0.47677693,207.25008
1.0,0.62224543,257.01126
1.0,0.86596,510.07715
1.0,0.47120076,84.734924
1.0,0.5128594,214.10072
1.0,0.47501984,79.464874
1.0,0.513753,83.240395
1.0,0.4487142,93.03659
1.0,0.511452,72.08807
1.0,0.5023221,129.56439
1.0,0.86956084,110.79116
1.0,0.93650764,125.40132
1.0,0.49565768,71.84727
1.0,0.98195386,8444.089
1.0,0.6619742,371.6235
1.0,0.5230898,120.99462
1.0,0.51751083,219.45564
1.0,0.7895318,3982.6753
1.0,0.8578837,1054.6283
1.0,0.6317581,944.95044
1.0,0.73326296,82.08868
1.0,0.50663686,113.06465
1.0,0.5092839,97.85713
1.0,0.5129393,103.49975
1.0,0.5315123,76.18704
1.0,0.9986809,24236.984
1.0,0.3823838,733.9132
1.0,0.6509343,86.22746
1.0,0.7026405,352.64774
1.0,0.4612078,101.46838
1.0,0.4533672,175.37581
1.0,0.96657646,624.5994
1.0,0.98468554,199.59314
1.0,0.48097473,84.94214
1.0,0.5009952,120.51791
1.0,0.5049554,68.01751
1.0,0.5105789,213.20732
1.0,0.4832442,69.74721
1.0,0.5217247,69.437256
1.0,0.5019035,70.572876
1.0,0.75709087,541.0923
1.0,0.40577582,79.818474
1.0,0.42777655,85.66034
1.0,0.4967833,88.0281
1.0,0.5321219,98.80846
1.0,0.4677412,132.01443
1.0,0.6027824,296.5397
1.0,0.5173645,137.2703
1.0,0.82173073,448.92227
1.0,0.42447683,394.12134
1.0,0.57203954,74.4765
1.0,0.48983273,152.46153
1.0,0.98719794,406.62094
1.0,0.5479345,98.927025
1.0,0.9910745,521.2943
1.0,0.5242331,360.96024
1.0,0.46182042,91.60706
1.0,0.5057593,70.19863
1.0,0.99999523,6236.8633
1.0,0.45474878,71.33309
1.0,0.4851419,67.63962
1.0,0.4643304,400.58615
1.0,0.41484183,84.37756
1.0,0.759324,527.15533
1.0,0.5538981,97.723885
1.0,0.7574256,117.05363
1.0,0.50673676,82.917046
1.0,0.39093566,285.93643
1.0,0.46477836,122.81813
1.0,0.46122575,219220.11
1.0,0.83645284,1820.6552
1.0,0.64261216,99.70035
1.0,0.50529414,72.542816
1.0,0.48867124,68.101746
1.0,0.47345707,168.9308
1.0,0.80414027,120.2762
1.0,0.537095,93.05023
1.0,0.48011118,325.9494
1.0,0.5218072,70.57154
1.0,0.8178977,585.0048
1.0,0.4437721,166.28474
1.0,0.5153098,120.358765
1.0,0.9996903,3654.7737
1.0,0.41938338,110.99901
1.0,0.6433827,583.9941
1.0,0.48561844,364.8499
1.0,0.39419684,69.7505
1.0,0.36440155,68.89541
1.0,0.5657231,81.41553
1.0,0.4808966,110.8828
1.0,0.5226357,79.66202
1.0,0.4997462,116.77379
1.0,0.99522024,181.84375
1.0,0.96930087,68.74231
1.0,0.4589179,73.669525
1.0,0.4604136,223.77893
1.0,0.49745244,121.550995
1.0,0.67436916,116.48401
1.0,0.5851427,70.44588
1.0,0.48712793,69.262085
1.0,0.40188488,132.94748
1.0,0.41002008,74.29625
1.0,0.41706148,74.641396
1.0,0.49704036,66.67956
1.0,0.5522016,192.36256
1.0,0.4643596,143.73792
1.0,0.52884704,88.66919
1.0,0.46860826,101.80248
1.0,0.51844674,91.144905
1.0,0.65408885,1190.9542
1.0,0.4349663,96.50653
1.0,0.49871454,118.13372
1.0,0.43823084,101.97711
1.0,0.45861056,226.86176
1.0,0.4663286,505.9249
1.0,0.510972,77.64263
1.0,0.39268693,114.098976
1.0,0.9927666,114.81478
1.0,0.39399472,306.28583
1.0,0.5063459,80.69427
1.0,0.50764215,102.963745
1.0,0.47279942,82.25342
1.0,0.49990478,89.93426
1.0,0.49465775,70.299416
1.0,0.49487323,106.99674
1.0,0.63528985,308.41956
1.0,0.48567626,94.00841
1.0,0.51547444,69.468216
1.0,0.9912266,138.39348
1.0,0.52382636,75.46921
1.0,0.5172798,68.686005
1.0,0.8007439,175.57262
1.0,0.49500498,118.769684
1.0,0.50749165,122.3746
1.0,0.530129,637.9234
1.0,0.6687729,1045.8313
1.0,0.44941536,73.811714
1.0,0.498512,75.562614
1.0,0.53461474,83.27275
1.0,0.69275767,97.1053
1.0,0.46525225,89.17424
1.0,0.46604487,78.782455
1.0,0.4804888,167.77911
1.0,0.54297596,245.98856
1.0,0.47507837,72.1299
1.0,0.999759,3927.0603
1.0,0.48454803,93.14123
1.0,0.46879143,84.37201
1.0,0.47863698,70.103546
1.0,0.48883694,80.45037
1.0,0.42613512,70.88705
1.0,0.51735586,213.2738
1.0,0.46742463,66.317894
1.0,0.51982796,117.75106
1.0,0.5411914,97.574165
1.0,0.37883532,89.118645
1.0,0.5842938,75.873184
1.0,0.4854434,100.40619
1.0,0.5391559,143.40932
1.0,0.8355746,751.59924
1.0,0.5746887,112.44071
1.0,0.44136876,125.651886
1.0,0.4306925,78.84684
1.0,0.47901797,133.87762
1.0,0.46122575,1.06432404e+12
1.0,0.9995121,173.33524
1.0,0.44482344,566.179
1.0,0.4656386,67.82587
1.0,0.5326118,91.25858
1.0,0.49865928,117.87291
1.0,0.9728237,111.190575
1.0,0.522629,110.36017
1.0,0.4898927,185.46294
1.0,0.4731299,173.43327
1.0,0.48035353,259.0596
1.0,0.8706001,520.0235
1.0,0.42652896,127.80984
1.0,0.9910212,6438.9917
1.0,0.54333645,66.71381
1.0,0.47748318,66.240685
1.0,0.443276,91.08316
1.0,0.57118684,124.11612
1.0,0.44076455,97.70882
1.0,0.9980983,72.77842
1.0,0.61346686,81.81995
1.0,0.42347893,78.22496
1.0,0.9999931,203.55643
1.0,0.47479624,79.67383
1.0,0.94236183,7628.877
1.0,0.4180885,67.78356
1.0,0.4239959,158.94983
1.0,0.44975802,99.00643
1.0,0.53828394,65.54075
1.0,0.5090267,80.24121
1.0,0.44502136,334.184
1.0,0.96539336,478.04852
1.0,0.99163496,488.22348
1.0,0.9986142,2217.4717
1.0,0.50580066,410.02008
1.0,0.5872837,67.9698
1.0,0.5389528,95.57369
1.0,0.5271464,80.1002
1.0,0.5033086,130.91794
1.0,0.47836235,71.1192
1.0,0.44091347,87.048164
1.0,0.50642824,82.42499
1.0,0.47216594,67.406456
1.0,0.4951679,72.37181
1.0,0.4428873,89.723015
1.0,0.6084065,278.98383
1.0,0.69419533,458.53064
1.0,0.47190925,90.823166
1.0,0.7228126,235.75548
1.0,0.49318308,225.539
1.0,0.9775839,102587.414
1.0,0.3797677,111.49283
1.0,0.45764673,121.00279
1.0,0.48090166,74.36101
1.0,0.62216705,142.1075
1.0,0.47981715,89.754944
1.0,0.5112242,77.72513
1.0,0.4903147,106.091896
1.0,0.5024825,370.99973
1.0,0.54263514,89.04969
1.0,0.65040046,128.24046
1.0,0.44490203,154.03314
1.0,0.47646844,86.42622
1.0,0.5129126,70.60326
1.0,0.5155362,189.67148
1.0,0.915622,83.9161
1.0,0.8741454,69.176735
1.0,0.4846805,106.9558
1.0,0.5040262,69.20374
1.0,0.5019281,71.35984
1.0,0.4962689,68.81448
1.0,0.9471969,127.07641
1.0,0.4142868,68.67628
1.0,0.45183647,95.51122
1.0,0.51776236,103.733086
1.0,0.34857762,119.611084
1.0,0.43214202,304.84186
1.0,0.7779795,139.46759
1.0,0.4555266,73.279076
1.0,0.50907105,131.58017
1.0,0.5315324,317.00784
1.0,0.42663652,72.10609
1.0,0.5210503,105.23213
1.0,0.6728572,106.26834
1.0,0.99999964,697.1857
1.0,0.6311153,82.74945
1.0,0.47392806,363.08917
1.0,0.6002594,96.94801
1.0,0.509074,237.58784
1.0,0.4280095,302.3588
1.0,0.4528395,204.91849
1.0,0.46970427,151.04826
1.0,0.48275346,82.86646
1.0,0.57602507,79.107025
1.0,0.8996106,576.7452
1.0,0.48030117,68.8474
1.0,0.9882753,80.81268
1.0,0.8018425,120.59925
1.0,0.48898625,65.13314
1.0,0.88047993,113.88083
1.0,0.5205063,77.513115
1.0,0.4827557,65.7135
1.0,0.5319533,67.59166
1.0,0.4715662,141.34927
1.0,0.48654822,84.18262
1.0,0.5210428,70.17233
1.0,0.76403004,77.123886
1.0,0.5852034,82.45717
1.0,0.48589084,88.2516
1.0,0.4395339,65.22363
1.0,0.94458145,92.05026
1.0,0.39418966,126.30503
1.0,0.44819206,128.28947
1.0,0.47414893,89.106125
1.0,0.7091703,219.57338
1.0,0.5263385,112.84359
1.0,0.99760675,251.31532
1.0,0.9981078,12530.822
1.0,0.5164048,188.36732
1.0,0.99999523,195.98442
1.0,0.998771,3081.735
1.0,0.546672,84.18812
1.0,0.8945657,1492.7019
1.0,0.46122575,160.835
1.0,0.51795334,96.25102
1.0,0.5097441,104.813385
1.0,0.83352953,68.15993
1.0,0.50938666,173.31374
1.0,0.51281357,86.34252
1.0,0.99119157,123.99184
1.0,0.48635763,136.32787
1.0,0.5085064,75.73382
1.0,0.46950614,96.356155
1.0,0.45985064,74.152695
1.0,0.49103028,87.409874
1.0,0.6768898,782.90265
1.0,0.52603716,79.86412
1.0,0.50712615,334.99017
1.0,0.9998253,100.42615
1.0,0.5116997,131.4744
1.0,0.3777639,173.36235
1.0,0.47204202,139.37253
1.0,0.88217664,77.78495
1.0,0.5711322,66.172806
1.0,0.9964904,3132.3093
1.0,0.45206058,279.19254
1.0,0.43410516,75.3474
1.0,0.6734909,87.1587
1.0,0.5800736,88.98953
1.0,0.54134136,70.24992
1.0,0.6769284,676.4259
1.0,0.44097105,108.997246
1.0,0.4801879,72.813225
1.0,0.49709964,107.45571
1.0,0.9995455,2513.9617
1.0,0.65021306,352.82764
1.0,0.4281224,74.997505
1.0,0.5279062,80.546906
1.0,0.48976398,88.85865
1.0,0.41252685,618.75903
1.0,0.6712349,183.61923
1.0,0.42685694,72.686104
1.0,0.6631673,1599.8812
1.0,0.49063233,81.03018
1.0,0.790547,543.658
1.0,0.44145834,118.791985
1.0,0.60021704,768.0181
1.0,0.50249285,87.24939
1.0,0.49574053,66.208725
1.0,0.5898237,121.530846
1.0,0.5246327,400.63785
1.0,0.4954228,85.60341
1.0,0.45837408,103.75752
1.0,0.45519143,104.84204
1.0,0.5038321,297.18375
1.0,0.48563486,67.34498
1.0,0.54699063,65.4682
1.0,0.5284404,132.46577
1.0,0.424112,70.60911
1.0,0.5059695,167.49889
1.0,0.7198598,317.3965
1.0,0.4788134,70.26178
1.0,0.4164498,96.94583
1.0,0.33179674,214.63713
1.0,0.4739445,89.177376
1.0,0.9995449,180.05351
1.0,0.5081978,270.73474
1.0,0.46270978,138.25285
1.0,0.842345,122.14399
1.0,0.99933916,195.83836
1.0,0.4891215,71.056725
1.0,0.48600343,76.93982
1.0,0.6354722,72.76957
1.0,0.5128071,110.34254
1.0,0.4751831,107.80059
1.0,0.43638536,81.1314
1.0,0.49707595,156.98166
1.0,0.6743859,106.91876
1.0,0.4400074,136.84645
1.0,0.46491623,73.250755
1.0,0.48917845,83.30645
1.0,0.39910403,220.47627
1.0,0.49244145,83.47331
1.0,0.8205402,195.98917
1.0,0.8603315,743.8032
1.0,0.46122575,67.96091
1.0,0.5114357,77.61544
1.0,0.49601278,87.73347
1.0,0.83974296,71.65381
1.0,0.38000274,243.07086
1.0,0.5376096,67.645294
1.0,0.5038285,65.83923
1.0,0.47244534,126.85838
1.0,0.5026181,72.053696
1.0,0.4124897,72.11529
1.0,0.46122575,86.1923
1.0,0.41177952,83.903435
1.0,0.48619616,108.8278
1.0,0.36918387,68.59297
1.0,0.5189372,67.505844
1.0,0.4870793,74.898125
1.0,0.46583056,93.388016
1.0,0.45928344,66.899666
1.0,0.46122575,78.594376
1.0,0.5096343,365.23065
1.0,0.4700579,73.5134
1.0,0.55372834,289.29135
1.0,0.48414913,234.95622
1.0,0.44638613,80.74202
1.0,0.5482313,69.6383
1.0,0.45529702,127.55126
1.0,0.41301796,92.70094
1.0,0.83573973,423.9958
1.0,0.4441844,108.34185
1.0,0.9714793,180.2615
1.0,0.4111971,76.658
1.0,0.5630078,66.84023
1.0,0.4609354,319.454
1.0,0.4976544,85.77165
1.0,0.4723276,99.31618
1.0,0.53237456,141.31995
1.0,0.99817324,11616.937
1.0,0.45993546,118.18483
1.0,0.48529178,87.72538
1.0,0.48529178,87.72538
1.0,0.42300218,68.4613
1.0,0.88716257,208.9188
1.0,0.5049956,127.44501
1.0,0.61376524,99.06673
1.0,0.7481646,338.31906
1.0,0.522041,140.30072
1.0,0.3920394,66.04651
1.0,0.42264614,68.515816
1.0,0.47579983,66.06291
1.0,0.9855746,888.1598
1.0,0.55806434,95.42244
1.0,0.992968,940.0072
1.0,0.8453153,6311.34
1.0,0.46122575,72.80767
1.0,0.5249391,123.25467
1.0,0.44334778,637.18494
1.0,0.64007974,516.63873
1.0,0.48049322,88.111595
1.0,0.5062614,87.1849
1.0,0.5055265,67.601845
1.0,0.48782933,97.97319
1.0,0.44413394,91.70903
1.0,0.9146157,68.877525
1.0,0.47606355,173.19284
1.0,0.97563624,10625.937
1.0,0.47800118,86.98976
1.0,0.4922209,109.34953
1.0,0.48137775,373.85657
1.0,0.93047905,71.74284
1.0,0.9636467,88.2735
1.0,0.48281327,77.255
1.0,0.48154044,192.82535
1.0,0.99999166,4659.2437
1.0,0.47286478,117.14575
1.0,0.6311457,117.36384
1.0,0.4784441,66.21705
1.0,0.48023474,102.97206
1.0,0.5114726,79.805504
1.0,0.49224022,101.618
1.0,0.46939507,107.830246
1.0,0.48568976,197.56786
1.0,0.48812336,100.20201
1.0,0.5678987,85.14397
1.0,0.53118503,80.03167
1.0,0.5431245,81.656876
1.0,0.51956767,70.58721
1.0,0.685723,65.10761
1.0,0.4025134,73.78204
1.0,0.71974176,78.27062
1.0,0.9861078,174.19864
1.0,0.56367886,70.67108
1.0,0.4932456,124.78334
1.0,0.43101045,94.42416
1.0,0.49532685,259.26788
1.0,0.5260597,667.59375
1.0,0.5373575,112.52883
1.0,0.50490785,101.92792
1.0,0.50617963,255.42493
1.0,0.5320633,74.59005
1.0,0.4821452,69.129814
1.0,0.44918275,131.7206
1.0,0.46700037,79.06921
1.0,0.44730017,82.13096
1.0,0.49057695,104.68279
1.0,0.49586666,78.8056
1.0,0.58476496,388.06494
1.0,0.45761257,73.061356
1.0,0.4822606,123.7685
1.0,0.37799108,93.75272
1.0,0.5220894,124.82822
1.0,0.75972635,160.40259
1.0,0.4677357,192.07007
1.0,0.84058636,1392.6859
1.0,0.99638003,5927.883
1.0,0.7808697,121.98631
1.0,0.51937056,96.66066
1.0,0.78601414,928.459
1.0,0.5211784,106.99004
1.0,0.4793807,80.57435
1.0,0.4554526,69.53487
1.0,0.4648372,75.44945
1.0,0.5102403,81.030136
1.0,0.40661165,199.18092
1.0,0.47973293,88.37251
1.0,0.44425586,71.64461
1.0,0.4465033,119.5022
1.0,0.89973617,500.46582
1.0,0.47087985,115.96591
1.0,0.42334175,142.6823
1.0,0.5083251,161.82314
1.0,0.47918287,347.42047
1.0,0.42132932,161.97379
1.0,0.5939025,174.75198
1.0,0.5959614,85.23918
1.0,0.49673027,87.42049
1.0,0.3670004,94.32051
1.0,0.44099966,95.454765
1.0,0.59421355,468.43137
1.0,0.5837802,80.830894
1.0,0.5283619,441698.94
1.0,0.5036682,76.36503
1.0,0.61206615,1.657148e+09
1.0,0.5786415,307.49243
1.0,0.9702912,215.57843
1.0,0.76518565,109.13879
1.0,0.48710814,108.99353
1.0,0.4487192,123.47254
1.0,0.8979394,548.2981
1.0,0.62442064,76.30313
1.0,0.36948857,76.254684
1.0,0.7595546,543.22095
1.0,0.9460287,69.48639
1.0,0.48718384,251.80557
1.0,0.55955195,83.836624
1.0,0.91654974,957.67175
1.0,0.4973899,277.2357
1.0,0.3429276,80.51192
1.0,0.53774315,132.42688
1.0,0.42760658,88.592606
1.0,0.5424255,857.8401
1.0,0.60914356,77.073135
1.0,0.3822597,87.18741
1.0,0.4582987,77.43465
1.0,0.5599071,103.04936
1.0,0.48881966,97.77771
1.0,0.995074,12883.561
1.0,0.4523915,70.33113
1.0,0.48461857,75.560936
1.0,0.53990835,65.88328
1.0,0.5152296,91.45044
1.0,0.8045526,117.53922
1.0,0.45185116,69.65872
1.0,0.6356454,97.987015
1.0,0.54788214,71.648735
1.0,0.4985873,69.600746
1.0,0.46508148,87.15748
1.0,0.49934736,65.91963
1.0,0.4891759,87.11865
1.0,0.89972436,194.8308
1.0,0.5087093,77.89046
1.0,0.49132133,299.2513
1.0,0.50581694,162.57002
1.0,0.4762939,66.42788
1.0,0.61422175,378.8555
1.0,0.4174039,80.16248
1.0,0.72734755,87.232605
1.0,0.46313292,80.46709
1.0,0.47627884,147.23584
1.0,0.62656605,152.67897
1.0,0.9988431,4220.694
1.0,0.97897243,1020.9111
1.0,0.4179207,94.6679
1.0,0.44014457,112.14881
1.0,0.48760226,111.52619
1.0,0.4701403,115.85665
1.0,0.4610661,105.0126
1.0,0.5847011,95.180626
1.0,0.3652059,123.727264
1.0,0.49694425,144.65395
1.0,0.6168878,138.41962
1.0,0.9522652,14871.073
1.0,0.9838874,70.314896
1.0,0.55865437,67.57502
1.0,0.99640924,80.12082
1.0,0.79434735,118.64508
1.0,0.41894385,631.51135
1.0,0.4817691,167.9119
1.0,0.50037986,66.661995
1.0,0.61230105,89.3277
1.0,0.7646777,739.4757
1.0,0.42447528,71.98535
1.0,0.7544029,759.7973
1.0,0.45223737,90.176056
1.0,0.5368296,157.9149
1.0,0.79983705,568.6283
1.0,0.73513556,99.19216
1.0,0.99884474,75.925224
1.0,0.4253908,70.88409
1.0,0.51146084,75.62235
1.0,0.56600946,83.47643
1.0,0.43745413,254.78099
1.0,0.8639094,315.32648
1.0,0.48446196,75.31295
1.0,0.52121466,74.402695
1.0,0.452406,216.32555
1.0,0.47622606,141.56656
1.0,0.40701696,210.5909
1.0,0.67940414,98.63314
1.0,0.50114673,87.01678
1.0,0.49725887,85.92291
1.0,0.4681154,89.22287
1.0,0.4073691,125.71212
1.0,0.9960502,2998.6438
1.0,0.9691915,534.4915
1.0,0.9999144,824.1922
1.0,0.5093698,87.02673
1.0,0.5124422,79.16432
1.0,0.5126357,182.75467
1.0,0.51617455,181.49498
1.0,0.9976186,209.55643
1.0,0.5652593,245.20374
1.0,0.48184898,99.03706
1.0,0.9904931,840.5123
1.0,0.6960232,571.46985
1.0,0.70420784,95.15847
1.0,0.5877638,85.482414
1.0,0.5737637,119.97482
1.0,0.7382152,439.12015
1.0,0.4672249,98.46505
1.0,0.4455968,85.07341
1.0,0.69503075,234.18692
1.0,0.44260147,66.303
1.0,0.9903842,113.67289
1.0,0.52234286,75.57466
1.0,0.46834213,105.46706
1.0,0.44832045,105.54073
1.0,0.5428235,70.94563
1.0,0.54343873,76.01335
1.0,0.46152917,68.90638
1.0,0.89021903,298.6485
1.0,0.47819263,80.697945
1.0,0.43977353,119.24452
1.0,0.50693864,78.99688
1.0,0.9982432,2512.4385
1.0,0.45182383,114.89631
1.0,0.44982865,112.43929
1.0,0.6688202,117.8678
1.0,0.527614,72.8179
1.0,0.41655087,101.98759
1.0,0.58266985,68.82982
1.0,0.9984446,915.02094
1.0,0.5736824,141.13496
1.0,0.48126015,84.79528
1.0,0.48848662,115.58158
1.0,0.48085082,77.23103
1.0,0.4434921,102.16477
1.0,0.5303709,68.622574
1.0,0.74524957,161.26505
1.0,0.93654656,16360.466
1.0,0.8836811,665.0839
1.0,0.47289175,216.7466
1.0,0.38793978,82.14595
1.0,0.51624674,71.74601
1.0,0.4999575,149.40594
1.0,0.41782263,76.844215
1.0,0.44998452,67.095276
1.0,0.513523,67.26362
1.0,0.47675037,106.347534
1.0,0.7769526,98.396904
1.0,0.39737186,68.928246
1.0,0.9921904,1759.7712
1.0,0.7548264,71.52457
1.0,0.52294296,74.01878
1.0,0.9939839,174.61926
1.0,0.4848538,134.09874
1.0,0.5053019,75.952515
1.0,0.4907846,74.27461
1.0,0.9970246,93.40444
1.0,0.45818397,106.065285
1.0,0.4875312,172.55688
1.0,0.5035462,107.45571
1.0,0.4759955,104.212494
1.0,0.85781485,4121.231
1.0,0.41629246,77.409355
1.0,0.52900463,159.07344
1.0,0.9974753,43706.625
1.0,0.5557442,116.0359
1.0,0.48050916,134.6444
1.0,0.68389064,184.49538
1.0,0.4958751,82.9111
1.0,0.54974616,74.0136
1.0,0.4791959,79.57792
1.0,0.46942765,119.25899
1.0,0.84976757,328.67435
1.0,0.48933825,89.9343
1.0,0.50496876,67.32132
1.0,0.48252705,113.36603
1.0,0.5028499,97.62089
1.0,0.48199323,90.889854
1.0,0.4918793,71.046776
1.0,0.8741885,111.47533
1.0,0.5523302,116.5314
1.0,0.49912712,67.715034
1.0,0.5199178,80.69737
1.0,0.90389615,585.373
1.0,0.49513787,76.130615
1.0,0.4857247,75.86527
1.0,0.49659735,125.20761
1.0,0.7149787,702.9421
1.0,0.59469634,138.03065
1.0,0.3681681,118.329735
1.0,0.4548683,107.90261
1.0,0.46470112,81.68079
1.0,0.98321366,140.77939
1.0,0.4538461,115.4017
1.0,0.42655143,179.98167
1.0,0.7320774,81.64083
1.0,0.51393175,92.64851
1.0,0.48294222,123.59339
1.0,0.50426817,73.433105
1.0,0.5144771,70.28028
1.0,0.701666,373.29218
1.0,0.9828242,1399.1583
1.0,0.49288517,87.51823
1.0,0.985294,216.7673
1.0,0.49784353,122.79696
1.0,0.9920133,13192.178
1.0,0.35509944,510.86295
1.0,0.4313798,141.16533
1.0,0.41661984,404.62885
1.0,0.5275962,160.71391
1.0,0.4974922,70.6121
1.0,0.46122575,68.614586
1.0,0.50133187,110.28495
1.0,0.5034028,85.50215
1.0,0.6252327,72.63018
1.0,0.46943483,82.24457
1.0,0.51627594,147.1199
1.0,0.9246433,119.41019
1.0,0.54949355,71.95139
1.0,0.99646544,92.531555
1.0,0.73823994,79.55447
1.0,0.9999465,31675.805
1.0,0.53768986,91.172905
1.0,0.43068728,104.694855
1.0,0.4535864,68.01409
1.0,0.74850917,70.197815
1.0,0.4841365,66.94937
1.0,0.5287237,93.78902
1.0,0.5059469,66.61312
1.0,0.506367,66.00535
1.0,0.5181169,79.635254
1.0,0.436094,104.40226
1.0,0.45334163,83.90891
1.0,0.99975246,13342.039
1.0,0.42510843,298.35074
1.0,0.47950292,85.17902
1.0,0.98122174,135855.17
1.0,0.49851483,67.7387
1.0,0.53264296,69.63234
1.0,0.9999939,330.26257
1.0,0.9934837,124.85391
1.0,0.7370825,1019.2965
1.0,0.5183249,78.30917
1.0,0.51876324,67.93174
1.0,0.7415318,239.34271
1.0,0.54118115,446.16534
1.0,0.73930573,151.5527
1.0,0.46014848,88.092255
1.0,0.6895578,108.62676
1.0,0.52414626,102.15816
1.0,0.99936754,30198.822
1.0,0.4710838,112.860374
1.0,0.8887075,4260.577
1.0,0.4270107,66.41145
1.0,0.84576464,106.01888
1.0,0.54439574,76.11357
1.0,0.5244585,193.19482
1.0,0.9999671,65.576775
1.0,0.5201992,78.16765
1.0,0.49968916,213.05124
1.0,0.43451294,70.557014
1.0,0.3939444,202.96814
1.0,0.4901609,161.91635
1.0,0.5268939,72.8243
1.0,0.49967572,65.23528
1.0,0.47463194,69.33764
1.0,0.48179212,80.18753
1.0,0.4926439,86.94937
1.0,0.4864044,134.1106
1.0,0.52117836,107.70317
1.0,0.68677986,152.72943
1.0,0.50512606,91.58021
1.0,0.5366984,76.39058
1.0,0.5234607,99.47382
1.0,0.77769876,76.22819
1.0,0.9178514,114.431435
1.0,0.4347453,91.01068
1.0,0.8671762,2595.9858
1.0,0.5232477,247.41862
1.0,0.3759066,94.61924
1.0,0.48987365,66.6116
1.0,0.4792615,93.173035
1.0,0.44269854,77.68765
1.0,0.44698212,73.51459
1.0,0.9818987,299.7324
1.0,0.5860184,84.7406
1.0,0.79087347,101.592064
1.0,0.9334234,89.23332
1.0,0.40605858,125.2741
1.0,0.52796954,86.873795
1.0,0.49402514,74.35309
1.0,0.4633864,68.32737
1.0,0.46764445,66.38747
1.0,0.5385648,70.2365
1.0,0.4623616,143.70888
1.0,0.45621684,99.516426
1.0,0.41244507,251.12141
1.0,0.36579955,574.8902
1.0,0.5893417,66.07349
1.0,0.48029804,171.72008
1.0,0.7386369,145.83884
1.0,0.45912176,74.58755
1.0,0.44973382,92.806274
1.0,0.5602575,85.55751
1.0,0.49660313,97.95205
1.0,0.7140088,164.87923
1.0,0.44424984,71.20747
1.0,0.518405,68.47994
1.0,0.42657468,73.99989
1.0,0.48073146,265.7592
1.0,0.6592044,260.88812
1.0,0.99034774,302.6745
1.0,0.511666,65.24496
1.0,0.52107966,117.91498
1.0,0.46133655,87.726105
1.0,0.47451827,85.91857
1.0,0.5015071,127.97897
1.0,0.4911255,212.66818
1.0,0.7358126,127.25883
1.0,0.52735966,81.15837
1.0,0.4101643,122.55997
1.0,0.50276506,108.10408
1.0,0.45521554,93.23602
1.0,0.5014935,79.57237
1.0,0.4793395,83.0905
1.0,0.47528353,87.51852
1.0,0.57807195,76.07476
1.0,0.4291792,98.768654
1.0,0.49297023,70.84433
1.0,0.42363888,79.315445
1.0,0.761305,798.041
1.0,0.9995358,776.0002
1.0,0.41701123,71.11221
1.0,0.43391618,86.22261
1.0,0.41411534,80.09338
1.0,0.99956745,196.75694
1.0,0.5111477,88.77664
1.0,0.46460965,82.86367
1.0,0.9603439,2806.624
1.0,0.70161253,104.313286
1.0,0.88479537,133.15309
1.0,0.55190134,70.39832
1.0,0.44485572,68.59045
1.0,0.52549064,92.51823
1.0,0.45940185,570.8631
1.0,0.99908316,1124.2152
1.0,0.47126672,213.48209
1.0,0.44313905,107.260155
1.0,0.41999403,86.44098
1.0,0.5256314,66.35506
1.0,0.4175697,85.90994
1.0,0.5117657,90.12865
1.0,0.47537014,288.24362
1.0,0.89921033,655.6817
1.0,0.48087806,65.427864
1.0,0.9293318,104.78916
1.0,0.81081873,180.21025
1.0,0.49933118,78.626114
1.0,0.4115378,95.37664
1.0,0.49394357,82.370026
1.0,0.4831788,73.23857
1.0,0.9306354,217.29178
1.0,0.5253986,65.1345
1.0,0.48627892,542.97943
1.0,0.9326291,202.76746
1.0,0.4414725,103.384186
1.0,0.91843796,261.53085
1.0,0.62387663,692.41144
1.0,0.5926268,72.2263
1.0,0.47850576,834.6355
1.0,0.5231705,137.08601
1.0,0.4945864,146.64078
1.0,0.9735902,94.720924
1.0,0.50363123,173.61273
1.0,0.63122576,552.1157
1.0,0.46854863,120.25085
1.0,0.4252921,74.849785
1.0,0.51517135,109.66623
1.0,0.7969703,86.58075
1.0,0.71043545,3731.5984
1.0,0.9992762,7591.4517
1.0,0.80841726,102.820045
1.0,0.5002973,77.38713
1.0,0.49393845,110.103226
1.0,0.43557644,70.93691
1.0,0.9942257,203.82727
1.0,0.41470647,94.83735
1.0,0.8390884,99.59447
1.0,0.51785266,92.349045
1.0,0.80385244,4033.286
1.0,0.55690074,68.7066
1.0,0.4982374,141.46642
1.0,0.49611253,75.03995
1.0,0.64594185,4.2795697e+09
1.0,0.6379316,158.26231
1.0,0.5074109,66.50768
1.0,0.50948286,73.7413
1.0,0.47972682,84.26871
1.0,0.74991333,852.0236
1.0,0.49735504,92.43294
1.0,0.54129577,172.91049
1.0,0.44714728,266.90622
1.0,0.43116385,339.59705
1.0,0.55052096,86.937416
1.0,0.91224575,277.30936
1.0,0.4843665,82.25613
1.0,0.52706134,98.190994
1.0,0.9869126,2375.1494
1.0,0.4557449,102.39606
1.0,0.5108803,72.32725
1.0,0.47314063,121.00851
1.0,0.7926196,87.45058
1.0,0.5033015,66.013245
1.0,0.54071176,90.323204
1.0,0.47744703,178.31085
1.0,0.8600594,1250.0432
1.0,0.39482886,124.5834
1.0,0.50566834,92.24947
1.0,0.96620584,1376.6001
1.0,0.99929,400.79953
1.0,0.73026764,246.88878
1.0,0.91173375,4516.6895
1.0,0.50310934,78.27545
1.0,0.9835805,103398.89
1.0,0.40623936,170.48555
1.0,0.5768258,426.1934
1.0,0.4464808,291.53867
1.0,0.49271125,136.7242
1.0,0.44146878,79.14868
1.0,0.49626774,86.1544
1.0,0.9158577,6148.7373
1.0,0.49741656,104.22038
1.0,0.5065946,83.16023
1.0,0.44646046,102.799675
1.0,0.51095617,89.28588
1.0,0.52020884,137.1195
1.0,0.7759233,496.44687
1.0,0.48360777,97.19384
1.0,0.9998437,178.13318
1.0,0.42009953,73.827034
1.0,0.6497093,243.46643
1.0,0.51996535,99.12404
1.0,0.5259158,102.77129
1.0,0.8279932,93.61222
1.0,0.4871472,89.99155
1.0,0.53044915,96.304596
1.0,0.40206593,71.360664
1.0,0.47705883,88.14849
1.0,0.8717686,124.44054
1.0,0.45148528,164.75471
1.0,0.49235404,119.73098
1.0,0.47744298,102.10428
1.0,0.5726428,108.958
1.0,0.56280845,434.6448
1.0,0.50801337,67.123886
1.0,0.42213094,118.78338
1.0,0.42425838,162.34135
1.0,0.5603245,103.82504
1.0,0.4066133,79.42569
1.0,0.48797008,95.13988
1.0,0.4858413,66.39395
1.0,0.4977749,78.09958
1.0,0.52225065,77.78094
1.0,0.46919143,66.91094
1.0,0.8339346,28782.682
1.0,0.4760475,111.06691
1.0,0.46122575,905.4095
1.0,0.46588764,144.73648
1.0,0.6001945,389.18863
1.0,0.4755342,104.28237
1.0,0.47458732,77.81344
1.0,0.39730614,80.665344
1.0,0.510193,79.26595
1.0,0.54312557,69.09574
1.0,0.7893242,278.32602
1.0,0.48390788,135.9226
1.0,0.44011644,69.002
1.0,0.49473208,118.04367
1.0,0.99435884,297.8006
1.0,0.5295214,139.15984
1.0,0.48467705,81.6703
1.0,0.46713373,206.06825
1.0,0.96651655,932.714
1.0,0.5157351,118.61135
1.0,0.48721123,91.09751
1.0,0.9522558,3478.5466
1.0,0.5182103,118.49387
1.0,0.96906,634.7772
1.0,0.48100594,91.84043
1.0,0.4301025,85.13721
1.0,0.5241546,183.89018
1.0,0.579477,65.96496
1.0,0.44705167,190.28714
1.0,0.4855275,71.67283
1.0,0.48156124,85.835365
1.0,0.49754187,77.89811
1.0,0.4008593,251.25407
1.0,0.43147093,97.32347
1.0,0.9445329,67.605576
1.0,0.52628803,258.83868
1.0,0.60371184,118.72894
1.0,0.9925558,1390.362
1.0,0.48504898,100.4342
1.0,0.4273649,145.7516
1.0,0.47828838,68.73482
1.0,0.4285679,80.510414
1.0,0.4033599,72.48754
1.0,0.5066591,65.208305
1.0,0.59709185,67.85063
1.0,0.5779147,91.784836
1.0,0.9952383,6026.4688
1.0,0.6188249,837.5437
1.0,0.42304912,77.15224
1.0,0.9414326,258.21832
1.0,0.39396572,89.98883
1.0,0.3557371,313.9824
1.0,0.5102219,68.27577
1.0,0.55406433,76.676476
1.0,0.9992799,207.02515
1.0,0.6744281,152.24634
1.0,0.5021909,77.94857
1.0,0.48770908,85.43093
1.0,0.43268707,253.14073
1.0,0.5836685,91.09596
1.0,0.6487706,159.8838
1.0,0.53161156,189.83752
1.0,0.5132085,75.86514
1.0,0.9708417,11593.466
1.0,0.9857351,887.4346
1.0,0.44741267,109.998886
1.0,0.4605185,69.44846
1.0,0.5025394,390.64615
1.0,0.46122575,75.1459
1.0,0.5189689,70.99564
1.0,0.43651566,174.07933
1.0,0.4821295,71.88858
1.0,0.83637476,86.06902
1.0,0.86534727,926.85834
1.0,0.5347578,69.6936
1.0,0.45986727,176.07791
1.0,0.9989189,7940.084
1.0,0.50759345,91.88335
1.0,0.52760965,54224.934
1.0,0.3729853,81.266045
1.0,0.9997863,124.51878
1.0,0.447321,104.03329
1.0,0.53813756,144.04883
1.0,0.57437235,582.5247
1.0,0.57111573,71.90419
1.0,0.46057612,150.08704
1.0,0.5489527,132.23618
1.0,0.42490807,95.619606
1.0,0.6531807,431.17548
1.0,0.4905708,65.55295
1.0,0.43008605,93.15504
1.0,0.99983764,388.76987
1.0,0.4520443,82.98715
1.0,0.5134084,86.74805
1.0,0.51247567,69.22276
1.0,0.5328452,88.00041
1.0,0.5256678,2941.7192
1.0,0.5375298,85.21855
1.0,0.4949134,68.66829
1.0,0.47365114,153.01596
1.0,0.60155445,82.09291
1.0,0.5161103,97.38678
1.0,0.5148746,112.41411
1.0,0.8978016,2550.5193
1.0,0.4722195,136.81918
1.0,0.4960316,101.922264
1.0,0.4245704,153.7114
1.0,0.75339985,70.973564
1.0,0.44157007,85.82255
1.0,0.524831,65.54398
1.0,0.61449784,243.72586
1.0,0.47085524,75.19316
1.0,0.45061272,89.66912
1.0,0.49015084,135.9282
1.0,0.4982824,151.22815
1.0,0.5557783,73.36871
1.0,0.4968051,68.09154
1.0,0.43659446,79.457
1.0,0.32471678,71.71223
1.0,0.99959487,28349.86
1.0,0.44677833,82.06714
1.0,0.4831015,70.8446
1.0,0.5373206,197.79858
1.0,0.98111045,72.42875
1.0,0.45301083,197.07607
1.0,0.8538653,7517.1357
1.0,0.6318172,111.40699
1.0,0.56072044,74.79889
1.0,0.5276598,136.82977
1.0,0.49254888,122.094246
1.0,0.44274566,66.77658
1.0,0.50879973,115.36807
1.0,0.41835588,70.916275
1.0,0.39907122,306.0416
1.0,0.5162709,85.42272
1.0,0.8043477,289.6702
1.0,0.99912065,282.82828
1.0,0.4403185,82.63609
1.0,0.48165774,72.509865
1.0,0.4793526,98.779366
1.0,0.77987814,86.67596
1.0,0.50553566,65.4267
1.0,0.9782145,2182.1462
1.0,0.7460265,83.31331
1.0,0.5157539,82.30898
1.0,0.49882936,115.001884
1.0,0.47900158,101.28433
1.0,0.5092912,90.06162
1.0,0.6343535,467.0245
1.0,0.4650049,77.40646
1.0,0.9929777,851.37976
1.0,0.5145603,85.45142
1.0,0.49598452,121.21275
1.0,0.4780263,123.08732
1.0,0.35398012,74.40372
1.0,0.50449735,67.39941
1.0,0.45382428,135.72314
1.0,0.70898974,82.027954
1.0,0.43610823,83.75999
1.0,0.48954678,86.47686
1.0,0.41921416,104.80613
1.0,0.9988661,6143.798
1.0,0.5094644,213.80157
1.0,0.44389692,103.200066
1.0,0.45862496,86.11322
1.0,0.46395332,182.95775
1.0,0.3892916,72.04365
1.0,0.81410336,73.2112
1.0,0.50539297,75.60989
1.0,0.53709185,524.7306
1.0,0.4816233,206.70116
1.0,0.387464,413.64264
1.0,0.5314068,133.2238
1.0,0.50148916,101.38903
1.0,0.45382115,84.60023
1.0,0.5009385,71.60898
1.0,0.45011428,106.98006
1.0,0.66376203,187.3736
1.0,0.5109774,102.74382
1.0,0.38722277,77.66079
1.0,0.4522451,147.96243
1.0,0.46122575,72.90986
1.0,0.45087796,316.38177
1.0,0.9969126,10266.223
1.0,0.9957184,8913.254
1.0,0.4425471,337.33908
1.0,0.4925563,206.48975
1.0,0.46111533,82.94711
1.0,0.50357664,90.584404
1.0,0.45000857,265.3194
1.0,0.451053,67.01027
1.0,0.5352238,122.774445
1.0,0.4214648,147.59402
1.0,0.4594419,89.49798
1.0,0.36708856,218.46504
1.0,0.4912403,143.39388
1.0,0.4411949,124.50354
1.0,0.8548709,276.0543
1.0,0.6953623,260.07974
1.0,0.5005001,86.11927
1.0,0.45530847,662.54425
1.0,0.4450935,73.53174
1.0,0.5231679,74.97752
1.0,0.38559023,99.0229
1.0,0.99747795,1308.0773
1.0,0.59984165,113.65885
1.0,0.7065572,128.62424
1.0,0.45765942,68.461655
1.0,0.40542868,96.34676
1.0,0.8923548,92.7586
1.0,0.99981326,109.7223
1.0,0.86288124,860.0932
1.0,0.44041583,66.92916
1.0,0.49302492,114.42176
1.0,0.5452555,68.95031
1.0,0.46290678,69.20652
1.0,0.41962755,71.912025
1.0,0.4754266,84.013596
1.0,0.6335263,78.34387
1.0,0.4467088,107.7603
1.0,0.40428194,86.805145
1.0,0.38216734,70.57931
1.0,0.49505472,157.07623
1.0,0.37682274,80.29387
1.0,0.49701792,117.02106
1.0,0.4931179,75.06623
1.0,0.51162887,71.32706
1.0,0.3674286,106.90743
1.0,0.41573736,233.38797
1.0,0.89721245,246.7209
1.0,0.48458186,65.15159
1.0,0.6259981,167.75885
1.0,0.49455777,124.143585
1.0,0.47998372,140.4601
1.0,0.47885174,65.944756
1.0,0.56190974,71.05376
1.0,0.4162364,114.22877
1.0,0.47442305,79.40027
1.0,0.52659625,103.94309
1.0,0.5094249,96.11321
1.0,0.80125725,294.4133
1.0,0.4476174,290.79956
1.0,0.611757,179.88419
1.0,0.49588653,88.08122
1.0,0.82766414,122.26656
1.0,0.4068579,153.38214
1.0,0.45214468,66.147255
1.0,0.512311,127.87349
1.0,0.51526624,74.051094
1.0,0.5126195,93.869835
1.0,0.47281846,97.80541
1.0,0.63261926,260.3952
1.0,0.5002434,79.82237
1.0,0.54724926,102.446266
1.0,0.49599683,75.87977
1.0,0.55686224,88.7314
1.0,0.55853903,66.453285
1.0,0.504416,129.38747
1.0,0.46656972,95.1488
1.0,0.99888986,237.00034
1.0,0.4641116,124.892166
1.0,0.3839488,117.60841
1.0,0.56007004,203.35338
1.0,0.45642367,139.62488
1.0,0.6190581,77.980606
1.0,0.49341172,96.554726
1.0,0.98696846,7751.312
1.0,0.4758249,75.938896
1.0,0.8053681,143.20226
1.0,0.50453717,161.77171
1.0,0.5315669,101.53636
1.0,0.4475821,111.37464
1.0,0.9502106,66.517815
1.0,0.47558162,85.218506
1.0,0.50812453,127.717606
1.0,0.51242644,100.50667
1.0,0.47234318,66.3166
1.0,0.429409,77.02902
1.0,0.71173394,105.775475
1.0,0.4764535,67.63215
1.0,0.5346221,149.03346
1.0,0.7030414,366.25708
1.0,0.47840434,79.51041
1.0,0.52294004,84.89987
1.0,0.6285784,114.7696
1.0,0.51287913,76.887764
1.0,0.5754,108.16291
1.0,0.46558577,94.96345
1.0,0.6074727,965.6975
1.0,0.47073612,88.505005
1.0,0.8070807,260.2827
1.0,0.57028955,117.82982
1.0,0.39877573,306.2431
1.0,0.44815797,1.5651269e+08
1.0,0.9558846,1352.7499
1.0,0.89949244,110.370285
1.0,0.4886051,223.38713
1.0,0.5477721,78.239174
1.0,0.66330653,390.98297
1.0,0.5111706,249.46759
1.0,0.4948787,302.71188
1.0,0.5552179,67.30015
1.0,0.5152359,168.28601
1.0,0.46811125,68.63461
1.0,0.47728184,228.62148
1.0,0.6342897,7284.7373
1.0,0.48582083,97.08012
1.0,0.5285153,68.23475
1.0,0.5896556,96.82913
1.0,0.45249638,570.134
1.0,0.47351307,77.010925
1.0,0.48710546,65.940155
1.0,0.33043173,87.27337
1.0,0.4276147,256.98334
1.0,0.41789722,122.993965
1.0,0.49358052,104.862305
1.0,0.46001807,71.85035
1.0,0.54257566,91.80544
1.0,0.5326158,290.843
1.0,0.47973233,132.59572
1.0,0.445461,73.33793
1.0,0.9678728,433.76782
1.0,0.40137795,294.0121
1.0,0.39814207,75.857605
1.0,0.46904463,73.20278
1.0,0.46852565,71.89246
1.0,0.561202,74.42358
1.0,0.5138702,87.77403
1.0,0.47146422,72.46114
1.0,0.4815769,78.479256
1.0,0.13564247,79.57324
1.0,0.4882739,79.35604
1.0,0.9741832,6578.562
1.0,0.5349163,83.9127
1.0,0.4950787,86.174416
1.0,0.97637343,122.94968
1.0,0.5726659,178.6793
1.0,0.50039077,69.95436
1.0,0.42445153,136.56404
1.0,0.48866016,104.642624
1.0,0.3933417,177.09212
1.0,0.9874263,1750.0726
1.0,0.7093042,713.5377
1.0,0.59393835,70.124
1.0,0.48425612,98.67722
1.0,0.5043974,67.68033
1.0,0.41766047,67.61318
1.0,0.51167095,129.51353
1.0,0.48759115,98.69513
1.0,0.5003908,141.86664
1.0,0.9999714,20665.01
1.0,0.5820026,71.474014
1.0,0.54690087,84.6708
1.0,0.5254128,147.27579
1.0,0.5504313,68.48427
1.0,0.60875493,143.00797
1.0,0.54980075,68.682106
1.0,0.5044167,73.8871
1.0,0.5519589,117.605316
1.0,0.48261493,762.4736
1.0,0.49764213,118.31142
1.0,0.47439376,67.3894
1.0,0.4991768,67.727234
1.0,0.4641261,101.04419
1.0,0.8159002,1867.4667
1.0,0.47914216,80.232574
1.0,0.988669,2366.945
1.0,0.42334324,304.89456
1.0,0.5068584,452.4785
1.0,0.44262072,218.34969
1.0,0.4161517,364.11975
1.0,0.47589138,146.06703
1.0,0.98548156,454.04486
1.0,0.46995214,85.0485
1.0,0.8452849,625.1686
1.0,0.4047298,125.842415
1.0,0.94044536,13249.836
1.0,0.74561644,215.47833
1.0,0.4866552,644.70526
1.0,0.6901884,75.15959
1.0,0.40468085,92.105865
1.0,0.489072,75.849884
1.0,0.50737095,75.68156
1.0,0.48548254,148.1388
1.0,0.30726337,312.88083
1.0,0.47699013,88.92787
1.0,0.5034278,84.155304
1.0,0.49642795,202.69467
1.0,0.5170144,115.30387
1.0,0.38371968,165.55077
1.0,0.4528604,218.9245
1.0,0.4941097,82.18513
1.0,0.4222999,168.78415
1.0,0.49061403,217.46219
1.0,0.5070795,116.384544
1.0,0.48014173,73.15648
1.0,0.5999468,105.474815
1.0,0.49596786,301.29883
1.0,0.5037286,75.04695
1.0,0.477363,81.72074
1.0,0.8487529,81.088165
1.0,0.42155775,137.5405
1.0,0.46122575,104.28569
1.0,0.41459015,131.70694
1.0,0.4995467,112.659134
1.0,0.47990528,75.85777
1.0,0.66573054,457.2233
1.0,0.86267275,145.62427
1.0,0.55759597,74.58008
1.0,0.68010056,4.821252e+07
1.0,0.8639425,185.19067
1.0,0.43825284,198.03653
1.0,0.5690391,69.92272
1.0,0.47997162,278.1473
1.0,0.5305414,76.4237
1.0,0.3521728,399.78143
1.0,0.48415384,91.99762
1.0,0.99281937,823.18384
1.0,0.61420006,286.78897
1.0,0.915142,687.79517
1.0,0.48777413,324.01794
1.0,0.6763851,164.00662
1.0,0.5519878,88.29568
1.0,0.935536,304.01425
1.0,0.44763058,279.71075
1.0,0.4390121,104.11453
1.0,0.76829773,78.77143
1.0,0.48394737,282.8848
1.0,0.46184567,99.0029
1.0,0.5099907,97.96189
1.0,0.65391,76.6858
1.0,0.9965327,82.000534
1.0,0.5103978,136.29254
1.0,0.44406942,167.21077
1.0,0.41931677,69.34748
1.0,0.5518948,111.03277
1.0,0.53737646,114.89467
1.0,0.5497358,91.43561
1.0,0.6352384,372.06503
1.0,0.632504,86.85157
1.0,0.4621287,73.707954
1.0,0.47664887,88.940445
1.0,0.9974656,3817.833
1.0,0.56617385,97.10776
1.0,0.9824041,121.90765
1.0,0.485039,533.8894
1.0,0.5141095,74.474884
1.0,0.50428045,127.951996
1.0,0.8447608,173.61922
1.0,0.525619,86.45094
1.0,0.4900334,66.356895
1.0,0.4875559,89.40617
1.0,0.4929209,122.04848
1.0,0.64962,66.38984
1.0,0.44809183,216.06218
1.0,0.39150104,78.64437
1.0,0.42876405,94.7994
1.0,0.49868265,82.23665
1.0,0.46924824,284.12695
1.0,0.75938356,77.88314
1.0,0.42861387,71.32788
1.0,0.49493608,151.48257
1.0,0.9394493,480.06567
1.0,0.46439174,75.674095
1.0,0.43791634,285.89297
1.0,0.8924797,89.264755
1.0,0.54889,84.452156
1.0,0.5110714,124.552765
1.0,0.5404882,89.124664
1.0,0.37920418,171.35875
1.0,0.52982104,66.65811
1.0,0.9997061,292.8939
1.0,0.5325521,278.0629
1.0,0.50125414,138.93259
1.0,0.49354258,66.51003
1.0,0.5274489,1.9941681e+06
1.0,0.46516567,112.836525
1.0,0.3770439,969.2555
1.0,0.7083708,83.95665
1.0,0.6241728,151.50504
1.0,0.6230025,247.12581
1.0,0.5121352,70.123344
1.0,0.5014704,91.22943
1.0,0.39521354,73.96592
1.0,0.49707836,109.591545
1.0,0.5339189,67.11317
1.0,0.47556922,71.10761
1.0,0.54861796,925.4906
1.0,0.46297097,106.770424
1.0,0.4213483,69.93113
1.0,0.9981893,26538.758
1.0,0.44338906,76.21768
1.0,0.65690756,297.58487
1.0,0.5614243,106.924576
1.0,0.71069753,75.17919
1.0,0.492406,84.208755
1.0,0.45534006,155.20819
1.0,0.9198039,449448.5
1.0,0.99938035,2029.2959
1.0,0.99454725,22407.371
1.0,0.41452056,108.07791
1.0,0.4901097,690.27356
1.0,0.52569675,85.588425
1.0,0.4291928,83.69568
1.0,0.5924572,77.62829
1.0,0.38127384,226.01682
1.0,0.52005726,1343.6005
1.0,0.9577823,1359.771
1.0,0.9891304,2801.5671
1.0,0.5784208,292.9442
1.0,0.5171322,270.43155
1.0,0.5084939,73.470795
1.0,0.4994441,463.20212
1.0,0.5120483,118.74269
1.0,0.5407101,145.6078
1.0,0.50968397,6.6683515e+10
1.0,0.4692568,72.22081
1.0,0.4552187,151.33205
1.0,0.5020592,75.72637
1.0,0.9769975,118.14617
1.0,0.57839966,88.687546
1.0,0.42956007,119.85909
1.0,0.44082135,129.82063
1.0,0.9871274,2276.8772
1.0,0.4623222,89.53127
1.0,0.99098516,11475.838
1.0,0.4630688,104.153755
1.0,0.50844157,91.97732
1.0,0.51647,77.24799
1.0,0.36891282,89.128746
1.0,0.48912334,67.2105
1.0,0.8819495,92.11734
1.0,0.952592,822.1306
1.0,0.8382618,463.9129
1.0,0.54292524,152.40665
1.0,0.91431165,1363.9076
1.0,0.5016398,80.33388
1.0,0.5119437,67.4621
1.0,0.4659451,117.64503
1.0,0.53266215,101.84474
1.0,0.99987996,21999.58
1.0,0.64373106,115.103195
1.0,0.9820401,3336.258
1.0,0.50381523,134.7912
1.0,0.4124479,104.95491
1.0,0.4711005,125.64023
1.0,0.50883096,90.356285
1.0,0.44025022,71.51738
1.0,0.5305012,96.171135
1.0,0.40734598,175.17894
1.0,0.48333475,86.94916
1.0,0.5269873,77.97328
1.0,0.5694959,66.734474
1.0,0.526015,108.02975
1.0,0.46122575,4.9925485e+10
1.0,0.5265047,73.74596
1.0,0.5184416,106.59057
1.0,0.5052607,147.58617
1.0,0.49882123,370.0685
1.0,0.53098595,247.79501
1.0,0.5002057,76.60703
1.0,0.79030925,425.28073
1.0,0.58464587,82.87515
1.0,0.9986286,281.93164
1.0,0.6069523,173.5769
1.0,0.43159494,70.348175
1.0,0.938113,122.2428
1.0,0.9832516,10567.981
1.0,0.7443077,91.64763
1.0,0.522054,107.0582
1.0,0.50171727,75.20813
1.0,0.47083932,95.62139
1.0,0.46122575,72.895096
1.0,0.5286346,87.16841
1.0,0.9197612,101.9751
1.0,0.9737917,83.94978
1.0,0.8870976,115.855446
1.0,0.49032503,90.63997
1.0,0.5350915,89.31064
1.0,0.9989729,66.84232
1.0,0.4904866,104.60564
1.0,0.5019221,327.56546
1.0,0.46402466,79.32651
1.0,0.5978281,91.68721
1.0,0.5261152,97.47533
1.0,0.49997813,68.045616
1.0,0.9534997,3206.657
1.0,0.40820646,98.59032
1.0,0.46336254,79.89537
1.0,0.4669415,109.91975
1.0,0.53261614,124.54271
1.0,0.45192212,92.0661
1.0,0.45207107,190.78021
1.0,0.9123827,496.7544
1.0,0.67198336,175.28139
1.0,0.99599326,696.6777
1.0,0.4790513,94.75975
1.0,0.4830657,68.28886
1.0,0.57422173,73.29251
1.0,0.51238215,94.530014
1.0,0.49686137,66.71061
1.0,0.9951178,20098.848
1.0,0.5357198,83.810905
1.0,0.5142822,733.9281
1.0,0.49680787,85.616806
1.0,0.46976498,201.5905
1.0,0.48200506,65.59827
1.0,0.99925286,248.10619
1.0,0.98241895,10393.2705
1.0,0.47951025,76.69281
1.0,0.52194554,66.6677
1.0,0.48932168,66.20987
1.0,0.5498838,102.715454
1.0,0.47864106,80.70313
1.0,0.44034618,354.20654
1.0,0.47773707,87.847115
1.0,0.51638126,196.156
1.0,0.442298,74.58825
1.0,0.4929123,69.266785
1.0,0.4171163,125.84539
1.0,0.62006485,97.837555
1.0,0.46421868,151.42894
1.0,0.66939646,87.41569
1.0,0.7178885,658.47906
1.0,0.40652257,92.06315
1.0,0.48939455,71.16996
1.0,0.46359664,67.62369
1.0,0.46610674,246.65862
1.0,0.41898325,121.69822
1.0,0.47664896,65.134964
1.0,0.4068328,380.40417
1.0,0.50867295,90.26556
1.0,0.6296689,72.1027
1.0,0.81710434,104.20969
1.0,0.5303861,111.64847
1.0,0.5990771,198810.16
1.0,0.48508108,526.2318
1.0,0.50760853,68.31417
1.0,0.5696791,103.095985
1.0,0.46743256,131.75409
1.0,0.47925767,141.79811
1.0,0.5010975,126.425804
1.0,0.4368038,109.31556
1.0,0.45294973,143.0989
1.0,0.44338253,75.04992
1.0,0.47986168,69.14826
1.0,0.48420978,124.95499
1.0,0.4982806,85.42204
1.0,0.92513806,98.57609
1.0,0.4045371,80.170364
1.0,0.46273234,116.05679
1.0,0.6347907,433.72235
1.0,0.53398407,177.4631
1.0,0.48285267,73.46343
1.0,0.5392239,68.33484
1.0,0.43737954,66.46912
1.0,0.79582936,340.23825
1.0,0.4892864,106.614975
1.0,0.68084496,96.935394
1.0,0.4172211,286.03
1.0,0.76039916,682.4543
1.0,0.95642626,2096.0117
1.0,0.46111158,88.005005
1.0,0.8064996,94.97161
1.0,0.5348308,69.31043
1.0,0.4348485,74.03149
1.0,0.4577653,100.32299
1.0,0.64976966,646.7439
1.0,0.68835616,327.5678
1.0,0.44224173,69.07016
1.0,0.47281563,95.32646
1.0,0.6604005,106407.63
1.0,0.6351256,478.69403
1.0,0.6654206,82.923874
1.0,0.47806683,94.6719
1.0,0.97970814,80.93633
1.0,0.39627957,122.52391
1.0,0.46689552,83.82935
1.0,0.50575763,95.09533
1.0,0.8461317,266.891
1.0,0.50620955,242.58469
1.0,0.999972,1611.0781
1.0,0.47419038,90.06479
1.0,0.9560829,89.63765
1.0,0.66131353,740.673
1.0,0.48491305,76.042
1.0,0.49548796,186.85034
1.0,0.48925936,75.50787
1.0,0.9999794,112.164696
1.0,0.46122575,1048.6218
1.0,0.53048223,88.713936
1.0,0.54876596,120.085655
1.0,0.6040979,152.92635
1.0,0.5027402,264.77737
1.0,0.52396756,262.87555
1.0,0.42842063,96.25911
1.0,0.41760767,93.46356
1.0,0.47325876,94.72371
1.0,0.6356343,76.20112
1.0,0.503452,125.061424
1.0,0.41801584,201.78337
1.0,0.6869073,218.4955
1.0,0.682129,65.4464
1.0,0.49414444,124.6833
1.0,0.7976316,449.59088
1.0,0.953277,89.39569
1.0,0.48784965,108.55117
1.0,0.51482666,76.40738
1.0,0.9176356,1011.382
1.0,0.4854029,214.78813
1.0,0.5069915,108.16558
1.0,0.5396475,420.9263
1.0,0.46483418,167.46762
1.0,0.45657834,304.4311
1.0,0.47837391,70.3639
1.0,0.5295804,73.1081
1.0,0.6822291,86.642654
1.0,0.56530863,145.11353
1.0,0.38958696,97.31754
1.0,0.7254277,328.35028
1.0,0.5279159,72.37346
1.0,0.68008876,68.79431
1.0,0.47576147,198.44856
1.0,0.5140969,76.30229
1.0,0.4032872,677.82733
1.0,0.4604526,154.77425
1.0,0.43662837,121.45281
1.0,0.9984262,163.73781
1.0,0.4461714,85.41958
1.0,0.71995425,540.60535
1.0,0.5103972,67.40838
1.0,0.6204098,68.2952
1.0,0.51678246,94.93671
1.0,0.46271846,112.852325
1.0,0.82627106,67.37993
1.0,0.46122575,72.641785
1.0,0.55135846,240.8736
1.0,0.4627118,90.31084
1.0,0.50101835,88.91423
1.0,0.52314377,100.524216
1.0,0.4381362,133.86792
1.0,0.54340976,193.77202
1.0,0.46504235,82.33533
1.0,0.8391565,116.032715
1.0,0.49066952,133.0852
1.0,0.9941069,33506.26
1.0,0.9412378,88.60297
1.0,0.52650267,116.128876
1.0,0.9945866,357.37875
1.0,0.8740175,375.23834
1.0,0.5247039,74.70221
1.0,0.7479473,514.7804
1.0,0.50410277,181.57083
1.0,0.43919697,86.84614
1.0,0.52777314,68.57174
1.0,0.5066212,117.876015
1.0,0.99950325,68.40136
1.0,0.4833266,67.2196
1.0,0.50296515,120.81196
1.0,0.57365143,67.966446
1.0,0.5344369,72.64621
1.0,0.76591,806.8351
1.0,0.4981054,136.8059
1.0,0.45182344,89.431526
1.0,0.47201398,89.64525
1.0,0.5222311,68.76371
1.0,0.99875414,5574.7524
1.0,0.99719834,813.28906
1.0,0.51200724,96.86119
1.0,0.49410784,95.65369
1.0,0.6696884,163.55634
1.0,0.45566845,351.30133
1.0,0.41994703,271.2313
1.0,0.5005208,72.3998
1.0,0.42538968,183.28546
1.0,0.3557866,215.16838
1.0,0.46510723,87.96675
1.0,0.48105648,65.0627
1.0,0.49146906,69.151886
1.0,0.49041986,74.96429
1.0,0.5164137,130.35396
1.0,0.4894062,109.07691
1.0,0.49313262,80.48925
1.0,0.47160935,177.37866
1.0,0.51849306,86.06066
1.0,0.46477237,138.22098
1.0,0.5275124,100.40636
1.0,0.61802006,72.522804
1.0,0.5479932,66.741066
1.0,0.45010874,89.23301
1.0,0.49658924,66.67919
1.0,0.8384316,302.60672
1.0,0.39930496,65.60365
1.0,0.47791517,141.82661
1.0,0.52431685,277.81647
1.0,0.6091653,69.69886
1.0,0.4286071,96.66284
1.0,0.4747498,80.422905
1.0,0.9990382,16213.954
1.0,0.68010694,438.7356
1.0,0.49132743,122.61892
1.0,0.52070695,141.71991
1.0,0.42518666,90.23524
1.0,0.49348184,95.74699
1.0,0.49741185,146.37865
1.0,0.7520255,481.57022
1.0,0.46122575,184.39796
1.0,0.46796492,67.431046
1.0,0.47392762,67.52829
1.0,0.49944487,90.31054
1.0,0.42941928,161.05908
1.0,0.90845007,612.71747
1.0,0.45878297,380.51947
1.0,0.451379,92.097824
1.0,0.47521567,105.86116
1.0,0.80904317,5.925319e+07
1.0,0.80783564,77.61808
1.0,0.8636914,237.51637
1.0,0.9759915,71.09625
1.0,0.6061843,79.248055
1.0,0.6848024,200.10056
1.0,0.47883877,67.27056
1.0,0.6694459,84359.336
1.0,0.5157246,260.72305
1.0,0.46122575,195.64247
1.0,0.94335914,185.69572
1.0,0.46168125,95.552025
1.0,0.9667039,1623.3566
1.0,0.7180156,70.5163
1.0,0.9994312,181.37337
1.0,0.55878216,130.55835
1.0,0.4574564,224.37222
1.0,0.99580574,237.48209
1.0,0.5702985,189.09145
1.0,0.5185351,83.95181
1.0,0.43151754,125.68921
1.0,0.46871457,66.24541
1.0,0.44713944,68.18327
1.0,0.5703898,301.1186
1.0,0.5042331,114.86478
1.0,0.53628385,75.45568
1.0,0.70245445,1.4964285e+06
1.0,0.4967084,69.04707
1.0,0.5155486,131.60133
1.0,0.50906366,75.13884
1.0,0.57348764,402.67526
1.0,0.4712796,65.96845
1.0,0.42748493,103.90806
1.0,0.8027875,1853.6838
1.0,0.4713429,73.958466
1.0,0.51814085,68.83458
1.0,0.4577829,69.16601
1.0,0.60788107,766.24133
1.0,0.51123923,70.09421
1.0,0.42990527,78.04652
1.0,0.50696146,185.72438
1.0,0.42179897,69.04175
1.0,0.48333764,81.98149
1.0,0.47496778,94.71609
1.0,0.5171638,100.25461
1.0,0.8378654,86.26998
1.0,0.9496735,79.061874
1.0,0.47797662,85.92758
1.0,0.99581724,67796.73
1.0,0.5035049,85.36199
1.0,0.5593299,113.71646
1.0,0.5317227,412.4155
1.0,0.5330189,70.24697
1.0,0.48247147,70.56157
1.0,0.4498106,68.502014
1.0,0.39955854,184.9712
1.0,0.55272865,161.75137
1.0,0.6191248,7.632144e+07
1.0,0.9959473,207.49757
1.0,0.439415,149.87354
1.0,0.42703104,144.34125
1.0,0.4517502,83.89894
1.0,0.48613977,86.27147
1.0,0.50744617,77.4224
1.0,0.99841344,68.10679
1.0,0.9050593,442.03076
1.0,0.9383511,7680.535
1.0,0.42374942,69.07648
1.0,0.50202745,186.19868
1.0,0.48169905,67.08193
1.0,0.4487469,216.69295
1.0,0.41186923,106.61679
1.0,0.43276697,164.31267
1.0,0.9786824,211.77599
1.0,0.475368,128.5561
1.0,0.48361826,667.5963
1.0,0.3818129,88.52124
1.0,0.492772,73.433556
1.0,0.44345325,71.329254
1.0,0.44474238,99.04258
1.0,0.5005131,94.788864
1.0,0.4853478,115.97343
1.0,0.50613916,103.28792
1.0,0.50860035,112.25735
1.0,0.54805344,79.702896
1.0,0.5311022,112.103874
1.0,0.4761932,94.2828
1.0,0.89096725,135.37163
1.0,0.5257654,121.82055
1.0,0.46122575,116.67479
1.0,0.40094262,68.893745
1.0,0.5097549,86.54299
1.0,0.6385015,334.18674
1.0,0.61537033,268.9119
1.0,0.4760582,483.2429
1.0,0.6104138,68.18505
1.0,0.4959331,127.40332
1.0,0.49522883,90.34535
1.0,0.40832892,83.74086
1.0,0.4080337,150.53313
1.0,0.6832306,86.44413
1.0,0.8695593,1133.4624
1.0,0.50835514,66.84689
1.0,0.4076578,654.6167
1.0,0.51957893,84.349846
1.0,0.4422596,93.96316
1.0,0.5003126,112.22025
1.0,0.4144977,94.69329
1.0,0.48952362,110.73127
1.0,0.9921307,84.13101
1.0,0.4730138,136.42917
1.0,0.517709,80.70198
1.0,0.5116706,82.613235
1.0,0.5610867,77.74034
1.0,0.34885612,98.96279
1.0,0.55717045,127.70989
1.0,0.50917625,6545.589
1.0,0.4624086,331.27402
1.0,0.39483508,80.00153
1.0,0.40701878,70.616325
1.0,0.529315,78.40459
1.0,0.5213185,69.51834
1.0,0.7349333,327.23602
1.0,0.4756721,119.52188
1.0,0.46383372,86.89559
1.0,0.93857104,88.37746
1.0,0.42029217,523.03174
1.0,0.4911421,78.73911
1.0,0.46122575,71.5475
1.0,0.626717,88.34326
1.0,0.3660884,639.8511
1.0,0.4676884,101.47986
1.0,0.50333905,65.903534
1.0,0.4877627,137.9708
1.0,0.967743,345.90295
1.0,0.4206394,207.34715
1.0,0.3450959,76.57119
1.0,0.5494379,332.26648
1.0,0.42793187,185.44319
1.0,0.6631341,96.546326
1.0,0.5537035,123.80438
1.0,0.36081153,334.59924
1.0,0.44275415,74.78017
1.0,0.50675225,164.60411
1.0,0.605965,76.54278
1.0,0.5337655,98.43402
1.0,0.45770827,65.86986
1.0,0.46358985,193.93825
1.0,0.82936364,229.0818
1.0,0.49616745,68.38407
1.0,0.5741684,257.1973
1.0,0.51944697,131.32867
1.0,0.8625574,68.0722
1.0,0.40904102,228.89287
1.0,0.5643779,466.57962
1.0,0.58837724,76.99
1.0,0.48958683,271.50528
1.0,0.49517715,74.14177
1.0,0.9353312,2718.6907
1.0,0.54995084,106.974304
1.0,0.4619652,1.1820508e+07
1.0,0.47327322,352.61676
1.0,0.42829973,70.80323
1.0,0.45552877,122.74675
1.0,0.4947118,86.56535
1.0,0.59616214,190.95184
1.0,0.49093544,139.29665
1.0,0.55397004,166.78033
1.0,0.43975407,68.18161
1.0,0.5983465,154.1289
1.0,0.6964636,809.14294
1.0,0.52715576,79.125786
1.0,0.628239,174.41806
1.0,0.49943268,84.89361
1.0,0.9996371,28110.697
1.0,0.4649156,90.33917
1.0,0.4953594,97.43298
1.0,0.56456584,209.47281
1.0,0.9366533,5819.5283
1.0,0.4753806,125.60065
1.0,0.60864425,97.26915
1.0,0.470758,94.67284
1.0,0.49268097,871.80853
1.0,0.5296907,81.512215
1.0,0.57427,2685.4324
1.0,0.39172766,486.3597
1.0,0.48794723,187.161
1.0,0.987983,268.13736
1.0,0.94059575,24950.129
1.0,0.55221844,103.06894
1.0,0.7446123,481.9929
1.0,0.535376,163.80038
1.0,0.5438993,103.48964
1.0,0.51647586,99.3567
1.0,0.48229817,111.31132
1.0,0.6794522,191.5686
1.0,0.46455732,75.457344
1.0,0.44073677,75.672806
1.0,0.75860536,579.493
1.0,0.63576525,1790.0261
1.0,0.4925475,218.79222
1.0,0.49938932,118.62828
1.0,0.513369,324.8952
1.0,0.37434036,363.2742
1.0,0.41669977,241.99252
1.0,0.4597798,170.62018
1.0,0.57617104,352.42847
1.0,0.47093666,629.8142
1.0,0.49974537,100.45504
1.0,0.397334,86.713486
1.0,0.5818845,103.313385
1.0,0.46122575,73.45871
1.0,0.48153812,98.534805
1.0,0.45981422,76.91398
1.0,0.49022204,183.06052
1.0,0.487843,90.79824
1.0,0.473962,226.90248
1.0,0.5792761,493.23834
1.0,0.45586732,314.01276
1.0,0.98856294,306.6408
1.0,0.6691632,79.69373
1.0,0.9975141,97.752754
1.0,0.987956,6686.468
1.0,0.64728576,252.30801
1.0,0.5840224,73.69513
1.0,0.5105144,81.39345
1.0,0.490759,77.741196
1.0,0.49255675,72.482025
1.0,0.99994564,96.615486
1.0,0.41992533,72.407814
1.0,0.5202517,83.25849
1.0,0.54861027,67.202644
1.0,0.6184027,73.89282
1.0,0.52906555,91.43711
1.0,0.50121903,119.904236
1.0,0.41625306,123.26644
1.0,0.95440704,312.89252
1.0,0.9968646,79.806114
1.0,0.4897351,70.35795
1.0,0.4082154,99.22596
1.0,0.494995,137.68297
1.0,0.6018297,65.19592
1.0,0.45823523,102.288574
1.0,0.9550029,981.96704
1.0,0.99067724,34612.062
1.0,0.5742269,120.244644
1.0,0.69432706,170.987
1.0,0.48974267,80.94971
1.0,0.5510516,125.49933
1.0,0.92669046,144.88658
1.0,0.5125658,88.204765
1.0,0.48935673,70.63423
1.0,0.89811635,368.08936
1.0,0.47346872,67.5632
1.0,0.4293829,92.79168
1.0,0.96470857,851.8356
1.0,0.9986539,716.4317
1.0,0.87901664,1664.2592
1.0,0.46075436,69.71486
1.0,0.5350057,69.96976
1.0,0.947442,408.65582
1.0,0.5008941,72.75888
1.0,0.48507845,76.95032
1.0,0.99349666,6955.7476
1.0,0.4913563,73.05141
1.0,0.4882346,131.09593
1.0,0.47697082,92.77487
1.0,0.5009119,126.265305
1.0,0.4485875,81.02671
1.0,0.5498707,292.17682
1.0,0.5141778,76.29274
1.0,0.49816528,99.0095
1.0,0.690507,234.25095
1.0,0.45081583,192.1596
1.0,0.4654189,215.86987
1.0,0.49154714,65.80363
1.0,0.36803666,168.25682
1.0,0.7850383,226.41223
1.0,0.96113867,264896.16
1.0,0.4239228,107.85073
1.0,0.4675331,77.13561
1.0,0.74755234,222.01662
1.0,0.4867069,80.22864
1.0,0.99842846,2029.4697
1.0,0.943342,1647.844
1.0,0.4750485,81.0
1.0,0.4938475,72.601616
1.0,0.978581,21843.205
1.0,0.99179417,529.1455
1.0,0.8930849,360.3164
1.0,0.96235853,69.9596
1.0,0.47508085,101.54299
1.0,0.48835418,353.3419
1.0,0.8937599,2032.777
1.0,0.43218434,133.39526
1.0,0.4847525,128.83624
1.0,0.45729133,73.907715
1.0,0.459482,216.62206
1.0,0.33533743,117.264595
1.0,0.6709557,675.1397
1.0,0.93431824,4660.876
1.0,0.9659589,672.72156
1.0,0.59786296,165.70834
1.0,0.47810382,160.39018
1.0,0.43684378,117.79677
1.0,0.4218895,65.12763
1.0,0.45556223,149.51688
1.0,0.46443796,75.19019
1.0,0.5425631,70.22339
1.0,0.54531735,101.01674
1.0,0.5052711,93.791824
1.0,0.9246975,77.48065
1.0,0.53936607,96.686325
1.0,0.50464916,89.73915
1.0,0.43876278,197.10355
1.0,0.5930162,75.52987
1.0,0.9136847,146.84749
1.0,0.44747004,281.54883
1.0,0.39413652,95.183914
1.0,0.5081539,338.10367
1.0,0.6490305,71.70093
1.0,0.4487218,65.78609
1.0,0.3948217,169.05548
1.0,0.47239414,84.51532
1.0,0.5072219,100.308784
1.0,0.531522,67.386734
1.0,0.46828786,123.66791
1.0,0.9463015,217.32208
1.0,0.5184966,245.37085
1.0,0.45614943,168.2705
1.0,0.43862718,109.11926
1.0,0.5223945,107.595665
1.0,0.43537948,79.07739
1.0,0.5127803,81.461174
1.0,0.36027327,113.11078
1.0,0.47155517,75.89855
1.0,0.4741549,71.163574
1.0,0.5036191,102.53533
1.0,0.47958416,75.480644
1.0,0.6062028,713.8613
1.0,0.47316062,125.962616
1.0,0.4096681,89.18868
1.0,0.5169167,87.06525
1.0,0.94839424,650.2349
1.0,0.5136949,140.18777
1.0,0.8491455,134.12584
1.0,0.5373104,77.35371
1.0,0.64090663,235.01105
1.0,0.53442156,67.3579
1.0,0.7639689,302890.75
1.0,0.48736465,225.54755
1.0,0.9831645,960356.25
1.0,0.465597,68.16069
1.0,0.9978116,114.38779
1.0,0.32745984,144.1751
1.0,0.49151108,95.18903
1.0,0.5118995,240.29749
1.0,0.8870888,349.73056
1.0,0.978105,751.7094
1.0,0.52814263,68.171036
1.0,0.4711095,190.09137
1.0,0.8614063,351.36093
1.0,0.71615046,86.0515
1.0,0.72195697,61574.996
1.0,0.54292583,84.6851
1.0,0.5247125,71.84678
1.0,0.5843214,78.76051
1.0,0.48920274,118.91002
1.0,0.9665358,278.83316
1.0,0.45903695,101.75371
1.0,0.4903374,1.4397957e+07
1.0,0.96152097,401.85068
1.0,0.5982593,177.80763
1.0,0.47020987,194.22998
1.0,0.5376224,75.7857
1.0,0.5528253,326.01007
1.0,0.4754713,67.95203
1.0,0.47772154,84.55932
1.0,0.47772154,84.55932
1.0,0.5040511,208.95596
1.0,0.48475817,67.06845
1.0,0.49812084,112.63749
1.0,0.4951656,85.51314
1.0,0.94508654,935.0149
1.0,0.450417,97.06656
1.0,0.49112555,106.30294
1.0,0.4287471,101.888535
1.0,0.492779,122.11349
1.0,0.47195312,72.107704
1.0,0.47052664,110.08292
1.0,0.46801955,82.12985
1.0,0.50117975,81.850044
1.0,0.38622588,335.16638
1.0,0.9567258,1326.6721
1.0,0.46326423,91.205246
1.0,0.4950993,69.46841
1.0,0.51064616,103.91348
1.0,0.39491227,103.96997
1.0,0.46612626,73.75568
1.0,0.46122575,15942.856
1.0,0.4979971,120.745255
1.0,0.47947633,92.7169
1.0,0.5066142,280.56522
1.0,0.5483153,96.28921
1.0,0.42455807,97.10605
1.0,0.58228356,116.24305
1.0,0.4356005,65.21317
1.0,0.49945712,68.68507
1.0,0.99527174,1534.5568
1.0,0.9979412,2052.0588
1.0,0.54150397,76.23455
1.0,0.4573217,88.11895
1.0,0.46492895,118.85461
1.0,0.44541597,148.65219
1.0,0.6375967,232.43169
1.0,0.44216734,66.14861
1.0,0.9997619,132874.22
1.0,0.50960594,453.4749
1.0,0.5498894,599.84686
1.0,0.50823957,71.908356
1.0,0.5094959,105.64803
1.0,0.887258,9241.573
1.0,0.511925,251.88701
1.0,0.48705825,95.9708
1.0,0.51394534,78.38483
1.0,0.538212,65.75868
1.0,0.51563877,71.71685
1.0,0.3425214,67.625244
1.0,0.73150617,1882.0712
1.0,0.4811275,73.470184
1.0,0.66425586,291.40475
1.0,0.4543391,96.55918
1.0,0.5304588,107.254265
1.0,0.45733875,278.961
1.0,0.49899238,257.76538
1.0,0.47453406,83.95412
1.0,0.46826804,84.39876
1.0,0.50154364,83.55763
1.0,0.4731942,91.265396
1.0,0.3423056,73.945335
1.0,0.48123348,93.10174
1.0,0.5174745,123.94365
1.0,0.47978693,68.02335
1.0,0.5093726,108.667145
1.0,0.58404917,173.69653
1.0,0.45310852,109.512215
1.0,0.42879817,128.93764
1.0,0.5682212,67.31227
1.0,0.53813857,85.61493
1.0,0.7681647,76.28089
1.0,0.52524,77.073875
1.0,0.4857172,101.17991
1.0,0.63241404,87.057915
1.0,0.4757231,199.17523
1.0,0.5607277,5791.517
1.0,0.96806574,5076.713
1.0,0.49242064,102.64341
1.0,0.8904139,3774.2559
1.0,0.95976937,109.380516
1.0,0.4773657,81.03536
1.0,0.6483916,132.31184
1.0,0.52303666,65.31511
1.0,0.48056456,97.24646
1.0,0.9747897,3961.7107
1.0,0.4421431,80.42348
1.0,0.5216835,73.01729
1.0,0.58025837,388.7242
1.0,0.45908633,71.04185
1.0,0.47325984,209.56241
1.0,0.5169183,69.13661
1.0,0.7413081,154.03061
1.0,0.487424,188.98352
1.0,0.5063983,88.64303
1.0,0.99623054,9117.701
1.0,0.4137702,72.787605
1.0,0.49442008,105.54444
1.0,0.55553645,81.64747
1.0,0.48013887,65.63132
1.0,0.46445936,138.25877
1.0,0.39928624,78.702034
1.0,0.63051194,95.85922
1.0,0.47218806,179.80391
1.0,0.4020642,65.47113
1.0,0.5221478,77.00674
1.0,0.411773,78.173485
1.0,0.40617704,78.421455
1.0,0.80825734,366.4578
1.0,0.9998024,179.09923
1.0,0.4688917,77.74805
1.0,0.44108534,118.097275
1.0,0.6712302,4.0792154e+09
1.0,0.80051523,370.18756
1.0,0.47104767,68.35052
1.0,0.5037889,87.69844
1.0,0.62604606,141.53773
1.0,0.4426392,72.407555
1.0,0.992596,1136.0177
1.0,0.50475264,99.01496
1.0,0.51327795,67.974976
1.0,0.42367402,540.7137
1.0,0.9945199,391.3562
1.0,0.4263108,203.1717
1.0,0.48989162,69.01306
1.0,0.41648105,73.79889
1.0,0.43811524,66.01771
1.0,0.45604676,92.26553
1.0,0.9991677,5828.6826
1.0,0.45077738,117.02607
1.0,0.49019662,103.91788
1.0,0.5568529,78.9496
1.0,0.3907407,129.42435
1.0,0.8218273,2561.3938
1.0,0.46122575,69.555756
1.0,0.80964094,117.77963
1.0,0.47641334,102.99801
1.0,0.97094923,1725.819
1.0,0.47996283,67.08944
1.0,0.46310225,686.36334
1.0,0.45000482,66.21796
1.0,0.467589,71.798965
1.0,0.51866,85.718155
1.0,0.4398133,74.04616
1.0,0.75889593,88.00198
1.0,0.50055444,67.67013
1.0,0.7973941,372.98123
1.0,0.44158438,118.93241
1.0,0.473369,117.16543
1.0,0.47697586,93.96269
1.0,0.5141773,70.184586
1.0,0.5190072,76.11457
1.0,0.6687038,657.4103
1.0,0.80160713,386.5572
1.0,0.5200515,79.970535
1.0,0.5274142,66.70226
1.0,0.52307135,100.40299
1.0,0.44602102,154.81827
1.0,0.95237994,2215.233
1.0,0.46504983,72.540085
1.0,0.52636045,79.09443
1.0,0.42971236,136.20555
1.0,0.97359633,940.40155
1.0,0.51256955,101.59786
1.0,0.41666284,120.44317
1.0,0.482234,84.5253
1.0,0.74707127,657.53485
1.0,0.46122575,77.32677
1.0,0.45215073,84.58137
1.0,0.50074124,81.29743
1.0,0.42707244,181.77548
1.0,0.417428,254.45308
1.0,0.3927112,83.469284
1.0,0.49834633,92.346054
1.0,0.53854287,80.54839
1.0,0.4038287,129.91588
1.0,0.8331022,942.71515
1.0,0.5018586,69.04683
1.0,0.9997949,28330.068
1.0,0.5234743,112.14469
1.0,0.4159769,137.54593
1.0,0.62381464,113.224846
1.0,0.5172379,68.53002
1.0,0.50441194,68.689926
1.0,0.48627034,115.912895
1.0,0.5317754,65.052734
1.0,0.4830115,94.179184
1.0,0.3969162,328.04434
1.0,0.5334418,130.88545
1.0,0.5710935,82.195145
1.0,0.6956017,206.15266
1.0,0.4610828,70.554474
1.0,0.99114746,1953.0444
1.0,0.50667757,76.37492
1.0,0.57150155,106.70532
1.0,0.4288679,67.280014
1.0,0.4833798,129.33861
1.0,0.4701327,79.79904
1.0,0.54316807,202.29204
1.0,0.4263525,179.55504
1.0,0.409715,125.13072
1.0,0.47020417,104.03255
1.0,0.51147354,202.62602
1.0,0.4734096,96.155594
1.0,0.5023392,94.13948
1.0,0.45999405,85.54845
1.0,0.5113246,79.08388
1.0,0.99963546,118.75104
1.0,0.97026104,118.206245
1.0,0.51820123,66.40653
1.0,0.8229643,100.84541
1.0,0.6243445,94.987434
1.0,0.3917163,103.96746
1.0,0.6462885,342.39624
1.0,0.44932705,107.30775
1.0,0.78541446,297.48132
1.0,0.46922934,260.0726
1.0,0.54244024,169.01521
1.0,0.46057948,88.92907
1.0,0.893334,3010.7068
1.0,0.3415319,132.8611
1.0,0.54102796,65.0702
1.0,0.56422687,80.06001
1.0,0.49482653,99.48829
1.0,0.52646637,130.75949
1.0,0.5303253,75.48587
1.0,0.61709815,192.66907
1.0,0.8064024,102.36087
1.0,0.58588153,83.20302
1.0,0.6037194,119.10203
1.0,0.3979051,115.18157
1.0,0.50604296,86.56651
1.0,0.40667623,160.52795
1.0,0.3226768,102.33705
1.0,0.5130813,108.24637
1.0,0.49033397,66.22625
1.0,0.481391,77.99788
1.0,0.855696,214.51614
1.0,0.50984347,67.149445
1.0,0.46122575,1240.2164
1.0,0.52071583,102.946846
1.0,0.5449517,70.16274
1.0,0.4559577,70.61954
1.0,0.42531428,95.64072
1.0,0.5694949,70.44845
1.0,0.39054608,72.454834
1.0,0.4552894,119.3592
1.0,0.51110315,81.398544
1.0,0.8118647,436.59286
1.0,0.48095602,245.7259
1.0,0.46071094,85.78877
1.0,0.491853,231.31914
1.0,0.39158967,69.28447
1.0,0.48177868,79.66762
1.0,0.4539246,86.91236
1.0,0.37946352,69.11228
1.0,0.51552033,77.86156
1.0,0.73360103,73.38227
1.0,0.51720893,66.246735
1.0,0.7479887,197.33449
1.0,0.49864453,97.59374
1.0,0.4891782,70.00576
1.0,0.5967812,98.81426
1.0,0.49244145,85.93513
1.0,0.474664,66.905266
1.0,0.4601807,76.69209
1.0,0.51557255,187.92123
1.0,0.4515928,86.610886
1.0,0.49374983,176.8974
1.0,0.47198918,74.12461
1.0,0.7383549,71.26721
1.0,0.5915136,74.669304
1.0,0.5610299,145.33644
1.0,0.47211966,147.68895
1.0,0.53181875,77.85933
1.0,0.39974937,147.37672
1.0,0.49562052,97.763916
1.0,0.5075155,106.00858
1.0,0.42424837,118.2113
1.0,0.44514537,149.07037
1.0,0.45319265,77.43091
1.0,0.41536513,311.76566
1.0,0.9780287,1832.5035
1.0,0.48133245,366.99554
1.0,0.43529236,795.6726
1.0,0.547481,71.80597
1.0,0.43993428,594.9939
1.0,0.43151817,159.6179
1.0,0.4746166,101.05806
1.0,0.6969359,102.90373
1.0,0.672383,3923.1062
1.0,0.672383,3923.1062
1.0,0.47399494,125.00748
1.0,0.43524647,67.045845
1.0,0.9930025,16362.011
1.0,0.49748513,117.20429
1.0,0.45951942,69.119774
1.0,0.5212384,76.12527
1.0,0.5106766,455.01254
1.0,0.8419081,499.3327
1.0,0.8968737,113.84638
1.0,0.46300387,73.446594
1.0,0.7173486,4845.621
1.0,0.49502504,66.5801
1.0,0.9277846,112.504616
1.0,0.46122575,77.67494
1.0,0.7023109,101.966255
1.0,0.46321374,102.44672
1.0,0.55106544,72.28642
1.0,0.99044573,1127.6296
1.0,0.99795413,75.53331
1.0,0.5104935,122.56649
1.0,0.49243757,71.86605
1.0,0.5828007,172.21922
1.0,0.4839765,99.04783
1.0,0.39767525,131.66306
1.0,0.49937886,83.04825
1.0,0.94261545,109.134056
1.0,0.50621736,68.85459
1.0,0.48393473,132.09984
1.0,0.84160256,94.32116
1.0,0.40994453,65.78721
1.0,0.7706885,2561.8408
1.0,0.391884,130.65744
1.0,0.9981483,3310.7222
1.0,0.44383207,102.21471
1.0,0.49400046,79.17497
1.0,0.45000833,76.34495
1.0,0.48454133,79.25808
1.0,0.54182726,467.05936
1.0,0.61827326,286.90567
1.0,0.9870313,3732.3235
1.0,0.5194184,183.08946
1.0,0.5008335,70.10666
1.0,0.49561575,261.92426
1.0,0.49486792,193.14201
1.0,0.44953167,110.87392
1.0,0.4553115,81.437805
1.0,0.5025894,86.954865
1.0,0.7977253,129.18263
1.0,0.41272357,176.41472
1.0,0.56914246,143.66794
1.0,0.99989796,159.19452
1.0,0.4670065,170.83669
1.0,0.5211033,71.84688
1.0,0.48075172,226.85814
1.0,0.99410266,5695.5117
1.0,0.9939049,370.3628
1.0,0.98156583,151.69637
1.0,0.44047108,80.88149
1.0,0.5119085,169.2217
1.0,0.72363037,76.10939
1.0,0.5020511,128.48824
1.0,0.46299794,74.76449
1.0,0.8704998,4951.6675
1.0,0.61019117,4982.9375
1.0,0.83864236,663.6986
1.0,0.4666292,192.34505
1.0,0.4521756,94.737434
1.0,0.47013286,102.45931
1.0,0.50692,115.34413
1.0,0.47846514,257.1123
1.0,0.38721117,171.98236
1.0,0.45212224,69.92491
1.0,0.423579,68.62415
1.0,0.9943762,234.45963
1.0,0.4592447,84.98621
1.0,0.5589944,245.05652
1.0,0.8428517,538.0806
1.0,0.7417887,77.78173
1.0,0.3894589,126.342476
1.0,0.48087123,67.656975
1.0,0.43759674,72.75832
1.0,0.48811048,77.85916
1.0,0.3825959,112.86422
1.0,0.48565927,101.20818
1.0,0.5287074,77.90902
1.0,0.48724395,140.9229
1.0,0.5034946,139.84772
1.0,0.5439941,118.97054
1.0,0.99835557,1089.4985
1.0,0.48270035,169.28813
1.0,0.49980742,69.72481
1.0,0.5066915,93.87901
1.0,0.52236897,107.30286
1.0,0.61859244,85.14569
1.0,0.49073234,86.76827
1.0,0.44370928,73.63459
1.0,0.9511378,11466.972
1.0,0.46194464,81.88164
1.0,0.9934994,26457.557
1.0,0.5146308,99.943085
1.0,0.9493335,73.51763
1.0,0.7427554,173.97539
1.0,0.7287446,283.37814
1.0,0.60081404,78.45272
1.0,0.49658126,74.06978
1.0,0.46596792,101.27288
1.0,0.4876542,74.18731
1.0,0.6443322,438.98856
1.0,0.53273064,101.56111
1.0,0.43268684,94.873924
1.0,0.48671415,97.100296
1.0,0.7992894,289.2172
1.0,0.4479573,73.71981
1.0,0.5157414,146.81331
1.0,0.4379238,75.88539
1.0,0.5317768,109.592926
1.0,0.80993974,224.9772
1.0,0.41573316,143.3019
1.0,0.48660016,108.25493
1.0,0.42329004,118.4005
1.0,0.48768154,67.98486
1.0,0.5177209,100.80794
1.0,0.7918166,271.21655
1.0,0.48501876,130.26476
1.0,0.50638455,331.51508
1.0,0.4902433,103.90407
1.0,0.44087398,166.93854
1.0,0.4929048,85.928055
1.0,0.767636,109.40766
1.0,0.40209103,70.91945
1.0,0.50021523,69.05521
1.0,0.99978477,268.7615
1.0,0.48034754,139.87068
1.0,0.45658302,224.59096
1.0,0.86088544,302.47617
1.0,0.4590054,118.5771
1.0,0.33150807,86.79171
1.0,0.50719696,71.89761
1.0,0.89730763,83.36467
1.0,0.497882,71.80041
1.0,0.46122575,66.76087
1.0,0.5154216,76.05129
1.0,0.4639413,128.36415
1.0,0.5000465,182.56393
1.0,0.49799776,623.789
1.0,0.44372684,71.2239
1.0,0.6119085,74.879745
1.0,0.96518767,4655.664
1.0,0.8056871,71.38723
1.0,0.4682968,141.45158
1.0,0.5361146,393.5026
1.0,0.7141445,79.32768
1.0,0.96388155,145.21632
1.0,0.5039967,112.54736
1.0,0.48547724,81.343864
1.0,0.70006084,344.00922
1.0,0.43723086,377.87234
1.0,0.40785977,79.71556
1.0,0.5360101,316.05594
1.0,0.5036001,97.268326
1.0,0.97399163,158.42313
1.0,0.48495254,390.40387
1.0,0.5373065,72.19497
1.0,0.9903363,4291.255
1.0,0.5321896,75.82446
1.0,0.46579,148.43317
1.0,0.35393226,78.54861
1.0,0.51286185,68.26688
1.0,0.9999752,391.2561
1.0,0.901609,282.1128
1.0,0.29469308,256.33084
1.0,0.4863709,91.25155
1.0,0.44850913,82.06198
1.0,0.475378,94.47473
1.0,0.46380585,152.95885
1.0,0.49117714,66.92865
1.0,0.51847273,107.89994
1.0,0.41654375,90.09639
1.0,0.3961551,86.61001
1.0,0.4262576,86.668205
1.0,0.5181617,65.70705
1.0,0.5412826,95.58502
1.0,0.6857845,399.05103
1.0,0.6210728,181.08981
1.0,0.5302835,165.03815
1.0,0.4733488,97.499306
1.0,0.4731785,111.54695
1.0,0.48923138,102.73716
1.0,0.7567896,143.89313
1.0,0.53815717,167.7665
1.0,0.5159326,81.65051
1.0,0.45977783,87.75623
1.0,0.99752885,263.601
1.0,0.4666049,80.65587
1.0,0.4526717,72.818306
1.0,0.46704364,96.91015
1.0,0.606047,464.4934
1.0,0.4748587,109.72242
1.0,0.98324895,130.19147
1.0,0.4981905,89.61947
1.0,0.47260106,67.33261
1.0,0.5145897,84.37458
1.0,0.50123155,139.5228
1.0,0.47038874,149.74048
1.0,0.51145285,65.99942
1.0,0.4924425,294.77313
1.0,0.92685306,94.28285
1.0,0.48865503,66.79783
1.0,0.4943361,76.4472
1.0,0.43584833,117.88973
1.0,0.48536038,74692.86
1.0,0.42190087,122.380585
1.0,0.49954188,79.89887
1.0,0.98089844,114.5691
1.0,0.4797955,101.6411
1.0,0.44660088,183.81418
1.0,0.5346014,90.10495
1.0,0.5637973,67.90336
1.0,0.50150824,78.31259
1.0,0.43536186,68.66683
1.0,0.45218262,171.53673
1.0,0.49375993,86.29961
1.0,0.48976746,120.498924
1.0,0.62932426,81.77473
1.0,0.65539294,73.61757
1.0,0.46948555,258.49518
1.0,0.45890817,118.24324
1.0,0.6055679,119.11197
1.0,0.5114055,69.220955
1.0,0.49225998,124.18537
1.0,0.47545362,103.453285
1.0,0.49343115,150.58545
1.0,0.4059805,114.94703
1.0,0.44400793,68.39984
1.0,0.42575,70.437546
1.0,0.75038594,447.20853
1.0,0.96655285,1191.4767
1.0,0.55859095,131.51265
1.0,0.5636349,120.413155
1.0,0.48261586,70.82391
1.0,0.5133969,91.84544
1.0,0.77712584,180.24954
1.0,0.47789955,101.36093
1.0,0.89718676,115.58996
1.0,0.71652097,120.23091
1.0,0.45681167,128.50833
1.0,0.94241244,414.1132
1.0,0.44613042,76.97398
1.0,0.37191084,73.13881
1.0,0.4139145,80.61287
1.0,0.48894635,66.12155
1.0,0.46162984,118.98962
1.0,0.9964791,1368.3662
1.0,0.30185387,145.10683
1.0,0.99588287,94.33232
1.0,0.43445003,281.3296
1.0,0.9856446,445.7132
1.0,0.6809281,403.93884
1.0,0.48482752,106.51178
1.0,0.494186,79.768425
1.0,0.56886834,117.86644
1.0,0.45991698,114.60791
1.0,0.4069897,79.27392
1.0,0.99993825,216.89777
1.0,0.46259403,77.667564
1.0,0.46452057,85.11195
1.0,0.6443063,104.57297
1.0,0.5251097,80.69828
1.0,0.5108912,73.96596
1.0,0.4837905,67.79843
1.0,0.50808007,90.25981
1.0,0.4797441,117.700516
1.0,0.68027794,68.82956
1.0,0.46122575,94.90529
1.0,0.86811167,155.95912
1.0,0.49298105,460.11826
1.0,0.4950834,82.09796
1.0,0.56750053,297.68503
1.0,0.3715935,99.95264
1.0,0.5935239,287.39954
1.0,0.970447,11097.878
1.0,0.47319478,67.18752
1.0,0.46925643,99.80221
1.0,0.44767436,68.08982
1.0,0.5884803,97.24363
1.0,0.46996993,188.6978
1.0,0.46201986,78.702705
1.0,0.5218076,65.79797
1.0,0.48072362,116.372345
1.0,0.4966434,126.45065
1.0,0.49801555,94.95042
1.0,0.44991338,136.83646
1.0,0.3822562,82.41804
1.0,0.44774112,119.867516
1.0,0.4890143,304.0019
1.0,0.5205426,69.50453
1.0,0.48531428,272.2372
1.0,0.42717838,77.05674
1.0,0.532922,102.33874
1.0,0.5643019,935.6095
1.0,0.778027,553.15814
1.0,0.65625733,182.17778
1.0,0.47730082,70.39956
1.0,0.5021692,70.58386
1.0,0.93884593,22688.805
1.0,0.49266866,93.912544
1.0,0.43411765,70.7447
1.0,0.6741654,74.30759
1.0,0.47098097,307.5713
1.0,0.46299106,99.025345
1.0,0.45432118,141.7287
1.0,0.50693053,67.58798
1.0,0.45598677,167.1234
1.0,0.5181659,340034.7
1.0,0.53051865,71.697014
1.0,0.91990227,974.8796
1.0,0.47773096,88.115685
1.0,0.48006934,103.02091
1.0,0.41657746,111.5701
1.0,0.36628738,113.698166
1.0,0.49693832,65.6153
1.0,0.55759513,184.97568
1.0,0.3663106,514.15735
1.0,0.7143279,104.64435
1.0,0.46734026,67.80439
1.0,0.46952274,117.36236
1.0,0.99676657,75.81635
1.0,0.4849004,69.63553
1.0,0.98624367,65.55108
1.0,0.7059152,484.66428
1.0,0.48532113,136.17288
1.0,0.4331767,117.269875
1.0,0.6114525,75.71927
1.0,0.38752347,159.08784
1.0,0.51303583,292.32684
1.0,0.45669,73.3636
1.0,0.48570764,72.2636
1.0,0.56564456,131.3255
1.0,0.52297795,73.16708
1.0,0.51580364,81.14659
1.0,0.55696595,79.80046
1.0,0.4139345,89.94033
1.0,0.4139345,89.94033
1.0,0.4098218,108.30772
1.0,0.4965815,80.837
1.0,0.50234675,67.84728
1.0,0.45376647,168.8429
1.0,0.81303436,870.3175
1.0,0.48083517,72.27269
1.0,0.4021307,85.9044
1.0,0.9581673,720.6058
1.0,0.5323024,140.57535
1.0,0.588103,237.11108
1.0,0.50252134,70.17449
1.0,0.4806726,175.4568
1.0,0.47740754,75.01604
1.0,0.48396567,132.63809
1.0,0.46879476,136.3543
1.0,0.48131904,92.527466
1.0,0.60758436,123.82817
1.0,0.70615333,980.4722
1.0,0.5598478,84.729485
1.0,0.52771485,92.40376
1.0,0.5998881,352.26135
1.0,0.8231518,218.15727
1.0,0.43859646,279.83594
1.0,0.47653013,132.29716
1.0,0.50174546,295.09485
1.0,0.49255466,104.10842
1.0,0.30086187,138.7246
1.0,0.5316752,86.68693
1.0,0.54472965,253.0782
1.0,0.5191766,115.59415
1.0,0.48489872,121.09396
1.0,0.42539477,71.3252
1.0,0.5548098,70.221115
1.0,0.4932862,92.40731
1.0,0.65676135,134.61446
1.0,0.51113117,69.6748
1.0,0.48685297,71.68519
1.0,0.47708225,124.5925
1.0,0.4803502,73.60217
1.0,0.61225194,106.57588
1.0,0.52221656,268.1602
1.0,0.44073093,137.0675
1.0,0.48244828,70.36751
1.0,0.93094885,116.56595
1.0,0.4859898,79.051414
1.0,0.55480146,90.41397
1.0,0.490962,131.49374
1.0,0.87862885,947.26746
1.0,0.7061002,115.724434
1.0,0.5128896,87.10211
1.0,0.4563999,179.33025
1.0,0.5431924,383.91742
1.0,0.8015687,415.31915
1.0,0.5064045,78.231705
1.0,0.84658813,258.88232
1.0,0.44811514,169.35031
1.0,0.97703093,996.4747
1.0,0.48800042,75.1853
1.0,0.83572716,190.28902
1.0,0.5232393,7.4007065e+06
1.0,0.4543014,83.66341
1.0,0.6459033,65.575264
1.0,0.47200757,99.47393
1.0,0.52792996,215.79582
1.0,0.46281812,97.09923
1.0,0.4990214,65.89114
1.0,0.4530579,103.509186
1.0,0.51417863,71.06129
1.0,0.55435014,94.948906
1.0,0.93056583,172.7529
1.0,0.52635425,73.533615
1.0,0.57175225,84.1797
1.0,0.5331896,184.62355
1.0,0.49116212,132.42986
1.0,0.7392778,257.60498
1.0,0.8889928,1972.1481
1.0,0.41590345,69.23806
1.0,0.9373493,1013.3639
1.0,0.5027176,71.45947
1.0,0.47886,126.25019
1.0,0.41871265,163.63106
1.0,0.85445035,259.00073
1.0,0.49798316,66.19789
1.0,0.5336302,65.60843
1.0,0.9999821,135.36107
1.0,0.39412835,79.13456
1.0,0.99721056,2357.1536
1.0,0.5158224,78.54236
1.0,0.4787238,68.798355
1.0,0.516083,121.18554
1.0,0.5135264,209.7088
1.0,0.9220421,2805.2854
1.0,0.42352366,86.41227
1.0,0.47942978,79.356476
1.0,0.46541488,237.20183
1.0,0.4923314,83.558205
1.0,0.5404362,67.11517
1.0,0.39232853,88.33698
1.0,0.5068182,89.95643
1.0,0.45032918,180.61772
1.0,0.61584395,85.396515
1.0,0.47388354,74.3134
1.0,0.48500922,70.25154
1.0,0.42813805,111.17854
1.0,0.4711677,116.11446
1.0,0.98258096,328.66913
1.0,0.4360966,95.4893
1.0,0.98592013,74.21825
1.0,0.47285876,102.27022
1.0,0.36669156,543.2081
1.0,0.48017123,1450.4375
1.0,0.54937327,446.52188
1.0,0.49973515,111.76848
1.0,0.99039966,155.53546
1.0,0.43947273,124.03302
1.0,0.94608796,4430.504
1.0,0.47224942,74.40564
1.0,0.47380728,9.574105e+09
1.0,0.36939675,260.58423
1.0,0.5233074,103.68469
1.0,0.45404238,124.0
1.0,0.46122575,701.09644
1.0,0.8481517,615.358
1.0,0.99151987,760.43866
1.0,0.4917183,103.385155
1.0,0.40463406,72.66631
1.0,0.43047953,93.54916
1.0,0.44952965,66.37878
1.0,0.4542455,87.21685
1.0,0.88012004,8.364327e+09
1.0,0.39877743,99.14028
1.0,0.36515832,119.72296
1.0,0.4864263,90.17719
1.0,0.5727036,69.60453
1.0,0.5912196,76.56883
1.0,0.5283434,106.403656
1.0,0.626479,598.8466
1.0,0.50481623,92.52973
1.0,0.45899826,156.87415
1.0,0.5001523,127.17656
1.0,0.45947734,84.534996
1.0,0.48411405,87.38421
1.0,0.47060746,99.27409
1.0,0.53248054,106.19498
1.0,0.44728452,150.19682
1.0,0.46122575,71.46148
1.0,0.42422232,367.42816
1.0,0.44704324,97.49776
1.0,0.9970619,1829.1226
1.0,0.3985203,69.625916
1.0,0.51707745,65.51091
1.0,0.53811437,68.51894
1.0,0.46456507,66.217705
1.0,0.50492233,104.152725
1.0,0.9999169,103.961296
1.0,0.8480816,249.96577
1.0,0.47348604,84.0991
1.0,0.4669512,65.019066
1.0,0.5844595,108.275734
1.0,0.5662177,868.5439
1.0,0.9984762,6986.1255
1.0,0.52170086,82.22446
1.0,0.44138247,70.67586
1.0,0.46043894,114.20494
1.0,0.51085436,87.9555
1.0,0.41821986,190.69498
1.0,0.69086343,114.52438
1.0,0.4264411,496.0524
1.0,0.4912663,127.85033
1.0,0.74361813,247.31364
1.0,0.52487016,144.12177
1.0,0.9954921,457.9616
1.0,0.5198586,101.70143
1.0,0.49997795,68.47893
1.0,0.6205963,71.14525
1.0,0.4706384,212.33337
1.0,0.46783808,88.27423
1.0,0.47233206,92.42598
1.0,0.7505269,1870.589
1.0,0.588861,71.70667
1.0,0.5169851,83.83092
1.0,0.47705263,79.642296
1.0,0.51391774,126.26322
1.0,0.9968928,366.10773
1.0,0.50585544,107.749176
1.0,0.46818802,69.10959
1.0,0.46295798,68.850174
1.0,0.47909468,73.02613
1.0,0.41708612,121.69562
1.0,0.5006964,69.02604
1.0,0.5800164,93.565155
1.0,0.3979402,103.893005
1.0,0.5044093,70.693565
1.0,0.502501,65.72703
1.0,0.4445629,123.42686
1.0,0.47051835,112.07902
1.0,0.5330464,74.05498
1.0,0.43546513,99.27222
1.0,0.43629387,68.33079
1.0,0.49247643,73.16081
1.0,0.36122954,129.45647
1.0,0.5110963,108.25314
1.0,0.9704114,1154.1267
1.0,0.39370045,83.45709
1.0,0.49625206,106.128944
1.0,0.5183855,133.34937
1.0,0.5093054,77.84441
1.0,0.59778583,120.24174
1.0,0.6318423,94.31337
1.0,0.46301773,65.460754
1.0,0.48768356,83.46649
1.0,0.9154613,285.35812
1.0,0.3289142,139.08995
1.0,0.46130645,88.917305
1.0,0.5887356,138.4796
1.0,0.4842528,71.860405
1.0,0.5650617,109.520454
1.0,0.48660383,77.71773
1.0,0.4800326,465.9809
1.0,0.48601437,178.02936
1.0,0.5034265,117.777695
1.0,0.94474953,4614.7363
1.0,0.3957547,82.04779
1.0,0.5336321,88.11789
1.0,0.4309952,101.566635
1.0,0.4309952,101.566635
1.0,0.9628937,117.332596
1.0,0.99829143,92.241425
1.0,0.5318182,91.81611
1.0,0.98481846,573.8109
1.0,0.463767,110.77419
1.0,0.48282287,76.83917
1.0,0.4461678,69.27351
1.0,0.99816364,97.71257
1.0,0.4196136,132.47247
1.0,0.48542657,145.44994
1.0,0.4869633,162.16873
1.0,0.99999046,15250.675
1.0,0.5241011,193.82277
1.0,0.5325168,102.54586
1.0,0.50555754,71.23979
1.0,0.43963847,130.5226
1.0,0.40428212,83.182396
1.0,0.544541,123.95978
1.0,0.71353364,438.04416
1.0,0.46943015,69.28874
1.0,0.46594027,65.9855
1.0,0.4953843,103.26614
1.0,0.46192613,67.66038
1.0,0.49652353,265.3526
1.0,0.45209387,88.038635
1.0,0.65534,73.681656
1.0,0.49118984,171.34436
1.0,0.5805644,100.17286
1.0,0.9502826,536.77124
1.0,0.44591668,71.704865
1.0,0.4811945,109.405495
1.0,0.451451,85.16177
1.0,0.5932665,196.15062
1.0,0.49329013,116.36877
1.0,0.9846714,1004.96625
1.0,0.42038864,95.260025
1.0,0.49950755,109.166115
1.0,0.48494658,81.962364
1.0,0.4934465,66.40239
1.0,0.5759374,85.11938
1.0,0.48109454,68.31085
1.0,0.43747252,465.39417
1.0,0.48648033,96.58065
1.0,0.5081011,80.377045
1.0,0.5081011,80.377045
1.0,0.51698005,79.83863
1.0,0.4410317,68.61969
1.0,0.4534313,69.77214
1.0,0.47974,78.30346
1.0,0.5210328,76.82523
1.0,0.4799725,280.02386
1.0,0.49474773,66.59005
1.0,0.76638275,3258.0613
1.0,0.9887167,4563.3135
1.0,0.47935143,73.355705
1.0,0.41246,92.88015
1.0,0.50380623,69.95396
1.0,0.46606877,208.01686
1.0,0.7854224,103.62961
1.0,0.48642492,85.20096
1.0,0.46032315,95.310295
1.0,0.48133323,88.18174
1.0,0.48905867,105.15007
1.0,0.9990594,6286.908
1.0,0.4174086,87.070816
1.0,0.41590127,73.55736
1.0,0.44813603,66.97084
1.0,0.9811859,926.67566
1.0,0.4185558,88.100235
1.0,0.48590952,71.89951
1.0,0.4823996,76.24932
1.0,0.8662714,211.79482
1.0,0.86627126,211.79482
1.0,0.4894978,72.39589
1.0,0.9033353,70.6601
1.0,0.4774808,68.18461
1.0,0.7415765,249.55266
1.0,0.41202828,209.68358
1.0,0.4976707,102.02684
1.0,0.99935097,70.234146
1.0,0.9936719,9995.828
1.0,0.92124933,2.8454358e+06
1.0,0.5331046,70.5605
1.0,0.43222514,98.50376
1.0,0.5694184,122.978165
1.0,0.45163015,82.29547
1.0,0.42068827,180.40685
1.0,0.93948543,381.21802
1.0,0.48958626,95.57537
1.0,0.49253917,67.74553
1.0,0.47413057,159.43924
1.0,0.4504434,95.5484
1.0,0.54837316,75.25459
1.0,0.6489699,112.42707
1.0,0.53953403,92.948685
1.0,0.40075225,109.21827
1.0,0.46129313,67.104065
1.0,0.48489356,114.89864
1.0,0.49588993,66.087654
1.0,0.4729036,101.03798
1.0,0.8327109,120.48788
1.0,0.57040524,168.70522
1.0,0.6329331,108.15596
1.0,0.503734,200.49652
1.0,0.48067537,70.14283
1.0,0.89476883,3257.4944
1.0,0.41156295,94.71655
1.0,0.47640643,143.70682
1.0,0.46018457,98.1728
1.0,0.4892817,409.76694
1.0,0.9984138,113.59579
1.0,0.4359424,104.7063
1.0,0.4913075,100.0737
1.0,0.5560109,1758.9484
1.0,0.42042366,131.01614
1.0,0.48160934,73.17351
1.0,0.4715138,167.58073
1.0,0.562747,386.5765
1.0,0.512097,236.3547
1.0,0.38275924,103.3279
1.0,0.40714788,210.67577
1.0,0.79398733,628.0885
1.0,0.50043195,169.34084
1.0,0.42686668,89.711914
1.0,0.52771544,729.5122
1.0,0.41001865,65.972855
1.0,0.60735637,136.84128
1.0,0.51840717,72.66663
1.0,0.49782002,75.719185
1.0,0.81227046,1091.0847
1.0,0.47644743,183.16788
1.0,0.51843476,84.892044
1.0,0.39844736,377.1319
1.0,0.42906988,82.95613
1.0,0.4580261,152.04053
1.0,0.5457932,134.15706
1.0,0.50794196,77.04126
1.0,0.42166775,70.79715
1.0,0.51600075,2374.276
1.0,0.46666887,163.09448
1.0,0.49487025,84.88002
1.0,0.51080805,135.27505
1.0,0.50281924,102.30262
1.0,0.46122575,139.8845
1.0,0.7538225,739.755
1.0,0.7752629,78.13069
1.0,0.5251004,98.548325
1.0,0.49311453,93.880455
1.0,0.9715547,76.006004
1.0,0.45787936,74.669304
1.0,0.46448293,2516.0742
1.0,0.5117187,1.2474786e+08
1.0,0.5022863,120.676735
1.0,0.45013067,103.05077
1.0,0.9818881,956.0706
1.0,0.50814307,184.98187
1.0,0.5181177,190.83699
1.0,0.49614516,67.33117
1.0,0.8253847,373.44406
1.0,0.49679828,326.7657
1.0,0.5243651,65.03984
1.0,0.5220345,69.14754
1.0,0.47389057,74.59467
1.0,0.8038714,173.27206
1.0,0.8085899,859.2932
1.0,0.76343066,272.27725
1.0,0.8981883,6011.4604
1.0,0.66003466,108.33566
1.0,0.9982546,759.93994
1.0,0.48150143,75.23072
1.0,0.49955216,175.40103
1.0,0.40353185,88.21919
1.0,0.46122575,71.96846
1.0,0.44601557,81.479
1.0,0.48403785,139.63261
1.0,0.4820069,139.80083
1.0,0.91507524,372.90405
1.0,0.40836582,65.94456
1.0,0.5153672,86.79614
1.0,0.49644148,69.875885
1.0,0.44275495,87.091156
1.0,0.48589614,94.0606
1.0,0.482319,86.896545
1.0,0.53234255,285.30032
1.0,0.8567385,240.41466
1.0,0.8485363,1234.2537
1.0,0.46353635,90.26744
1.0,0.5010821,107.489105
1.0,0.47021386,72.805435
1.0,0.5219898,72.61848
1.0,0.9818766,148.36563
1.0,0.50500983,208.36443
1.0,0.5089164,114.34189
1.0,0.38095272,83.4047
1.0,0.49221525,92.192215
1.0,0.4241181,80.14326
1.0,0.43134594,98.27987
1.0,0.47619417,94.143
1.0,0.8154452,306.40488
1.0,0.4989567,128.1608
1.0,0.51383936,92.433846
1.0,0.92070544,886.1707
1.0,0.4317641,67.6042
1.0,0.42100877,78.52602
1.0,0.41764238,107.12993
1.0,0.4796944,92.40508
1.0,0.51978976,73.51569
1.0,0.35116324,154.91484
1.0,0.5023079,81.64697
1.0,0.50031966,87.37183
1.0,0.5948005,80.31536
1.0,0.43986392,279.9919
1.0,0.47178483,75.55446
1.0,0.9994609,3286.0886
1.0,0.51503986,89.5082
1.0,0.69599414,149.41063
1.0,0.39648286,685.6417
1.0,0.37605298,85.37929
1.0,0.43405285,4072.7888
1.0,0.46258065,129.38591
1.0,0.392048,1043.07
1.0,0.34791428,3387.7773
1.0,0.39656854,19101.684
1.0,0.48732296,9710.982
1.0,0.36560175,3028.6484
1.0,0.42197725,124.59195
1.0,0.58523023,165.5543
1.0,0.5097974,74.85794
1.0,0.40752172,199.00769
1.0,0.34263694,115.136185
1.0,0.5494545,84.19565
1.0,0.48047087,604.6103
1.0,0.767397,325.48273
1.0,0.90376854,67.25501
1.0,0.33853874,126.52203
1.0,0.44175902,321.23672
1.0,0.39010772,117.373245
1.0,0.45791775,1141.7172
1.0,0.2824036,902.497
1.0,0.45665848,231.68134
1.0,0.336207,308.1219
1.0,0.53921455,235.95424
1.0,0.4250479,122.40766
1.0,0.48529845,210.43777
1.0,0.46122575,28707.691
1.0,0.9997074,4433.8325
1.0,0.34786618,674.8533
1.0,0.38303927,19417.986
1.0,0.51862806,1126.7373
1.0,0.42965972,201.50441
1.0,0.5621269,2579.8325
1.0,0.36735162,92.28777
1.0,0.40974805,39190.355
1.0,0.4110184,91.896286
1.0,0.39840698,111.91025
1.0,0.9977836,6111.427
1.0,0.9999807,788.6256
1.0,0.93560237,125.81706
1.0,0.37148398,331.5815
1.0,0.3831533,1330.5116
1.0,0.76429564,20066.5
1.0,0.3097005,18728.453
1.0,0.9999453,12162.583
1.0,0.50448066,458.66785
1.0,0.5731104,1424.1935
1.0,0.4182481,237.47244
1.0,0.9901721,1401.4746
1.0,0.74627227,2090.458
1.0,0.4528813,197.65627
1.0,0.93796736,3581.4512
1.0,0.44321817,136.32166
1.0,0.5798238,69.71019
1.0,0.5311877,11514.231
1.0,0.7401052,81.29712
1.0,0.40931875,980.0611
1.0,0.9669024,33702.066
1.0,0.37448615,6493.2173
1.0,0.47865254,161.01134
1.0,0.4938577,1045.1213
1.0,0.67094386,8093.5576
1.0,0.83523685,69.15874
1.0,0.3757414,3404.8113
1.0,0.42429787,8869.99
1.0,0.32841125,204.92444
1.0,0.297046,1611.6274
1.0,0.32599977,87.26623
1.0,0.4143696,1149.6016
1.0,0.56604403,1440.1428
1.0,0.439199,14571.959
1.0,0.98384905,69.1906
1.0,0.39235982,718.3098
1.0,0.46308228,96.481766
1.0,0.9993635,168.62892
1.0,0.94913673,413.52866
1.0,0.39876565,91.793
1.0,0.81901765,34903.277
1.0,0.5380709,12821.667
1.0,0.42674437,577.3699
1.0,0.49341467,1403.0781
1.0,0.49001047,169.92033
1.0,0.7113998,6336.1265
1.0,0.48114514,2089.3772
1.0,0.8625298,6963.003
1.0,0.4418336,97.34421
1.0,0.47676882,485.26358
1.0,0.3960297,2167.6086
1.0,0.40877923,91.906
1.0,0.9998745,44832.723
1.0,0.39800718,549.1847
1.0,0.99222434,8224.087
1.0,0.5012749,142.75546
1.0,0.42064548,69.05869
1.0,0.9725815,18555.664
1.0,0.6642168,15120.973
1.0,0.41097558,1317.2277
1.0,0.518406,2.1182366e+08
1.0,0.46122575,411.0498
1.0,0.2492417,611.4376
1.0,0.4276459,66.14831
1.0,0.42460594,86.5653
1.0,0.55010176,397.29578
1.0,0.99967813,2018.237
1.0,0.40115726,476.53925
1.0,0.42468327,14684.58
1.0,0.3684637,13392.997
1.0,0.30478105,4242.582
1.0,0.40736154,113.44435
1.0,0.39794445,122.028915
1.0,0.9881066,35085.285
1.0,0.5752066,248.79333
1.0,0.32876587,3582.7844
1.0,0.5484604,324.3675
1.0,0.52413785,94.43981
1.0,0.4659875,184.1942
1.0,0.6461317,3588.3018
1.0,0.38794625,90.42916
1.0,0.6811318,256.79843
1.0,0.4132377,115.7754
1.0,0.27757657,176.51732
1.0,0.47385994,88.57665
1.0,0.46470103,1642.7894
1.0,0.4827922,301.63992
1.0,0.9929096,27684.18
1.0,0.43008783,122.19805
1.0,0.99408144,770.1139
1.0,0.5021328,90.42841
1.0,0.5088926,86.24209
1.0,0.40486568,212.77048
1.0,0.9773283,17404.387
1.0,0.5552147,329.249
1.0,0.43762574,296.2974
1.0,0.4662265,101.2163
1.0,0.7694056,78.70482
1.0,0.44544545,186.07729
1.0,0.90708494,1634.6981
1.0,0.40766147,283.72778
1.0,0.47598785,412.4164
1.0,0.47352853,8529.207
1.0,0.4588089,18405.674
1.0,0.99991393,1590.3232
1.0,0.39993048,323.7109
1.0,0.31935078,127.64022
1.0,0.49017248,287.56747
1.0,0.9598464,388.2303
1.0,0.5089247,97.224846
1.0,0.34928003,521.0305
1.0,0.7114893,255.39912
1.0,0.42767468,457.74344
1.0,0.6889529,1164.9321
1.0,0.94314957,6862.0244
1.0,0.47565022,112.42571
1.0,0.9892755,9270.456
1.0,0.41634867,986.20795
1.0,0.7558837,7767.115
1.0,0.4191074,310.35413
1.0,0.47281778,576.2666
1.0,0.46230555,914.45447
1.0,0.3886506,294.25656
1.0,0.34175676,136.67183
1.0,0.9999466,2497.352
1.0,0.45205137,81.23072
1.0,0.3436998,1392.5896
1.0,0.52751744,571.83826
1.0,0.3698461,5033.4214
1.0,0.44641474,2237.1458
1.0,0.99297076,12566.12
1.0,0.87774575,332.70547
1.0,0.4864327,10116.241
1.0,0.56555694,1705.932
1.0,0.39734066,145.21999
1.0,0.43470106,929.158
1.0,0.567953,255.6651
1.0,0.541404,75.852905
1.0,0.6090561,4918.342
1.0,0.5234939,1052.8541
1.0,0.45711786,116.58899
1.0,0.45163855,80.09901
1.0,0.5362914,200.25804
1.0,0.5067716,642.4455
1.0,0.44177064,175.22105
1.0,0.4513725,40198.594
1.0,0.5479142,3063.6892
1.0,0.42410472,243.39253
1.0,0.40046042,281.6501
1.0,0.61047643,350.24203
1.0,0.38300082,2629.6113
1.0,0.39611462,117.28545
1.0,0.5541491,110.852066
1.0,0.32533723,511.86795
1.0,0.4890911,128.14032
1.0,0.6496964,43847.023
1.0,0.597743,1.19976e+06
1.0,0.33750385,7538.559
1.0,0.4311103,277.08978
1.0,0.9990056,7.183445e+08
1.0,0.46667057,376.20673
1.0,0.3978023,615.76447
1.0,0.543672,1916.78
1.0,0.9951622,120.88288
1.0,0.9329626,122.17189
1.0,0.9911253,5799.8438
1.0,0.6297717,627.8089
1.0,0.50479484,1890.8875
1.0,0.52909154,1651.0513
1.0,0.75581324,25596.705
1.0,0.99672866,5010.225
1.0,0.32082802,189.25543
1.0,0.4137943,144.46555
1.0,0.47242692,78.8768
1.0,0.8339614,465.43658
1.0,0.46032473,86.27675
1.0,0.9988996,156166.97
1.0,0.36275345,68.68186
1.0,0.50078046,149.09673
1.0,0.3923708,93.24675
1.0,0.4808646,292.612
1.0,0.78894895,235.67577
1.0,0.4864538,1477.4523
1.0,0.63715404,19550.17
1.0,0.9979347,1257.429
1.0,0.46958962,2224.7195
1.0,0.39909306,71.93098
1.0,0.5920111,627.6418
1.0,0.6446728,2157.1123
1.0,0.4055546,17237.754
1.0,0.6032553,615.2347
1.0,0.34003317,895.01074
1.0,0.99999523,450657.66
1.0,0.4599872,591.3886
1.0,0.5325301,125.86529
1.0,0.41853917,67.3933
1.0,0.5112804,79.18871
1.0,0.53416663,65.57893
1.0,0.524218,165.64276
1.0,0.52477777,73.79391
1.0,0.38532826,222.69484
1.0,0.5077998,208.50711
1.0,0.98944366,35498.305
1.0,0.4084537,129.32584
1.0,0.4834718,177.37817
1.0,0.35955685,2007.3342
1.0,0.9749102,2727.8208
1.0,0.2821715,1925.9229
1.0,0.46879226,912.1546
1.0,0.3993451,8352.892
1.0,0.44992796,171.42763
1.0,0.51078504,196.79648
1.0,0.34102607,267.24255
1.0,0.42329398,81.20945
1.0,0.84026724,70.45063
1.0,0.3281933,2603.3958
1.0,0.57993037,8718.43
1.0,0.999995,1064.4135
1.0,0.46645156,14874.535
1.0,0.99999154,1251.209
1.0,0.4327978,86.17796
1.0,0.99994683,3696.1594
1.0,0.55059725,328.42184
1.0,0.45868915,77.20751
1.0,0.36100027,124.46793
1.0,0.5442187,955.5412
1.0,0.35452148,617.396
1.0,0.378265,115.55043
1.0,0.44216582,132.30734
1.0,0.3617672,90.84293
1.0,0.49658477,1824.9851
1.0,0.3904123,72.50923
1.0,0.6603454,8544.758
1.0,0.3446715,68.66493
1.0,0.5072248,133.97865
1.0,0.46272686,787.6901
1.0,0.48911604,91.36584
1.0,0.51637816,79.52246
1.0,0.3825809,82.31822
1.0,0.33793342,13801.944
1.0,0.4789593,1064.4625
1.0,0.9999951,3766.2542
1.0,0.40160817,5423.923
1.0,0.99996233,143772.47
1.0,0.44449276,80.23498
1.0,0.4325487,903.4091
1.0,0.32747665,442.43814
1.0,0.63968796,6571.466
1.0,0.41360706,5511.7607
1.0,0.9230406,87676.46
1.0,0.5030001,20940.807
1.0,0.3542848,137.37848
1.0,0.44260487,94.383
1.0,0.4330618,134.14424
1.0,0.83783364,68.15903
1.0,0.3456777,302.7621
1.0,0.46892726,269.57895
1.0,0.5444298,1594.0144
1.0,0.51900196,1774.6534
1.0,0.6656307,984.2565
1.0,0.99999964,12084.525
1.0,0.41218594,5549.924
1.0,0.4668652,77.355446
1.0,0.47673216,123.1996
1.0,0.3876768,117.067
1.0,0.42882633,189.63588
1.0,0.44797167,485.65454
1.0,0.87983865,470.72644
1.0,0.47706467,212.50175
1.0,0.48758617,91.94804
1.0,0.4468465,1096.1675
1.0,0.4582032,96.19139
1.0,0.6742354,928.1216
1.0,0.59437627,69.961006
1.0,0.34200895,1319.2975
1.0,0.5189324,70.28354
1.0,0.48294967,135.62341
1.0,0.46986273,190.10243
1.0,0.38434854,100.2676
1.0,0.35860717,1099.1412
1.0,0.48489052,75.85323
1.0,0.49319953,1332.8635
1.0,0.5892849,74.04738
1.0,0.61890084,8246.584
1.0,0.44001234,1892.6322
1.0,0.48749164,67.03298
1.0,0.5856874,147.86717
1.0,0.52980524,87.747246
1.0,0.97074777,13338.143
1.0,0.36340693,2761.2417
1.0,0.49994528,503.0609
1.0,0.42700878,134.3866
1.0,0.9958615,4216.076
1.0,0.4471081,1588.2336
1.0,0.43094167,505.43134
1.0,0.44525895,72.71039
1.0,0.2873822,857.26904
1.0,0.97387886,1167.3359
1.0,0.43486047,71.74759
1.0,0.4129147,2464.8506
1.0,0.7456587,1743.4243
1.0,0.5300559,3990.3877
1.0,0.33589455,161.56021
1.0,0.41306508,1297.2217
1.0,0.45806724,99.36477
1.0,0.39055416,5587.3726
1.0,0.46369213,140.94905
1.0,0.8604416,1286.7302
1.0,0.38376525,4696.6733
1.0,0.5498823,260.24072
1.0,0.43696493,149.40874
1.0,0.6161423,295.9162
1.0,0.6264589,2981.3267
1.0,0.2562923,30057.375
1.0,0.4957449,581.5734
1.0,0.92187196,1976.8307
1.0,0.4860991,67.076294
1.0,0.47616935,185.01407
1.0,0.99988115,9.065131e+06
1.0,0.46593323,251.72375
1.0,0.51942796,640.284
1.0,0.595981,2.6974298e+08
1.0,0.36511588,17708.871
1.0,0.57560766,492.328
1.0,0.37009564,925.46014
1.0,0.43052456,147.3044
1.0,0.5485742,107.723274
1.0,0.9332818,1167.3866
1.0,0.45462117,1875.2457
1.0,0.38168705,2784.9111
1.0,0.52938336,73.248024
1.0,0.4614867,305.93643
1.0,0.4160221,458.84213
1.0,0.87172955,844.05475
1.0,0.47067147,6646.7256
1.0,0.8212247,858.0342
1.0,0.5673918,400.31445
1.0,0.34868744,140.90952
1.0,0.9959842,1175.3883
1.0,0.6211557,67.71336
1.0,0.35089275,1781.5685
1.0,0.99909365,136.0661
1.0,0.73657423,1051.2255
1.0,0.87147444,187.49626
1.0,0.43429455,74.11102
1.0,0.48782146,186.83742
1.0,0.39595532,18620.012
1.0,0.37786528,191.08199
1.0,0.98835516,3729.8186
1.0,0.402435,2275.1094
1.0,0.45348397,115.48606
1.0,0.46838006,109.99979
1.0,0.46135437,90.06875
1.0,0.41431716,90.34815
1.0,0.44230062,23065.873
1.0,0.48237097,6908.7935
1.0,0.3416647,181.02998
1.0,0.33679354,1795.7535
1.0,0.39555755,415.7081
1.0,0.3715352,57313.12
1.0,0.8176774,3430.6284
1.0,0.45416012,2008.71
1.0,0.51151043,93.07307
1.0,0.36786866,159.02943
1.0,0.95118725,523.4163
1.0,0.4064794,65.10876
1.0,0.46408248,90.66895
1.0,0.38618833,71.92924
1.0,0.53346497,104.0751
1.0,0.4822909,36639.184
1.0,0.40469512,2802.7056
1.0,0.41728032,708.8607
1.0,0.36753628,514.24994
1.0,0.53006446,72.890015
1.0,0.41250694,238.13759
1.0,0.935195,2487.4592
1.0,0.42087087,4019.2634
1.0,0.97015107,1921.4135
1.0,0.50139207,158.72617
1.0,0.800795,113.868324
1.0,0.31736207,2190.4663
1.0,0.48658016,4962.6377
1.0,0.4645143,111.88838
1.0,0.4805039,78.65532
1.0,0.99998736,10949.852
1.0,0.5009493,105.94866
1.0,0.37605053,815.7103
1.0,0.4281806,9306.364
1.0,0.47902286,72.45814
1.0,0.4900442,405.92886
1.0,0.30924258,240.80061
1.0,0.45001167,1583.9722
1.0,0.31054628,13684.323
1.0,0.9858845,7758.251
1.0,0.5097776,322.78104
1.0,0.32569695,2685.6343
1.0,0.36832306,730.705
1.0,0.64042664,2845.267
1.0,0.4669596,310.3042
1.0,0.9846703,134.0386
1.0,0.28570986,924.0945
1.0,0.99875224,1941.1635
1.0,0.9616334,4228.7324
1.0,0.43079185,137.4641
1.0,0.66053206,1409.335
1.0,0.35857096,464.17044
1.0,0.6100056,1394.7518
1.0,0.912943,886.81116
1.0,0.99861443,20458.867
1.0,0.49560687,233007.88
1.0,0.5243079,118.39368
1.0,0.5550923,106.23224
1.0,0.5172156,114.19905
1.0,0.5057007,139.13966
1.0,0.4249961,97.07002
1.0,0.99998,2189.9373
1.0,0.42942053,121.71386
1.0,0.4555786,5026.9595
1.0,0.4743049,470.21738
1.0,0.46936533,399.99875
1.0,0.67063147,2509.4336
1.0,0.45719886,97.868576
1.0,0.34837002,2880.2217
1.0,0.54229593,290.73776
1.0,0.3965805,4088.8696
1.0,0.35218665,110.62178
1.0,0.4941831,88.91074
1.0,0.46392262,110.65051
1.0,0.32560328,23049.746
1.0,0.99939513,5.1271053e+08
1.0,0.41832185,134.50314
1.0,0.40095228,167.57144
1.0,0.52709574,73.25828
1.0,0.4067185,381.81287
1.0,0.9683539,40432.35
1.0,0.40404412,90.28243
1.0,0.43029818,88.55191
1.0,0.31235364,896.7026
1.0,0.4264422,5733.2505
1.0,0.7169484,118.56213
1.0,0.38722354,1541.1038
1.0,0.59596413,1554.4081
1.0,0.5522957,120.93512
1.0,0.44992062,72.867134
1.0,0.4205004,7388.666
1.0,0.47244135,1357.8688
1.0,0.9999963,2782.075
1.0,0.40974,392.67587
1.0,0.9336766,15281.0625
1.0,0.376801,856.54034
1.0,0.63163066,992.19885
1.0,0.5812411,823.2164
1.0,0.3373587,1957.3722
1.0,0.37640628,853.2795
1.0,0.3180397,49568.33
1.0,0.4094906,1625.9824
1.0,0.42848542,457.2647
1.0,0.4492717,92.275734
1.0,0.35865778,77.92403
1.0,0.5495722,146.87015
1.0,0.46546605,161.82243
1.0,0.5278602,3314.592
1.0,0.46392056,501.44022
1.0,0.96866924,1435.1099
1.0,0.97444296,186.56714
1.0,0.770669,113.7864
1.0,0.6698416,8828.997
1.0,0.44649962,781.4007
1.0,0.5859616,976.5063
1.0,0.49410817,82.43017
1.0,0.3818478,111.388336
1.0,0.25312695,282.25873
1.0,0.49854833,2305.3845
1.0,0.49850702,120.448524
1.0,0.33472762,7323.158
1.0,0.48807412,70.73303
1.0,0.9993339,1713.6627
1.0,0.3689898,79.70681
1.0,0.9999975,1988.9355
1.0,0.47708395,8835.902
1.0,0.51872885,100.69179
1.0,0.63884175,6906.901
1.0,0.5295621,154.33101
1.0,0.94042724,76375.586
1.0,0.41159827,119.399704
1.0,0.43195423,585.87775
1.0,0.60354006,114.66304
1.0,0.42472234,315.83566
1.0,0.47736683,151.70503
1.0,0.23007596,1768.6176
1.0,0.48751748,265.7077
1.0,0.97917616,730.73553
1.0,0.9993505,2818.6973
1.0,0.92059743,93.427345
1.0,0.49701717,939.21436
1.0,0.38200778,172.23085
1.0,0.7209737,420.31622
1.0,0.44727573,235.46626
1.0,0.9968844,32548.236
1.0,0.5542082,347.5935
1.0,0.36306268,8820.814
1.0,0.49568307,2009.9686
1.0,0.4311151,74.47041
1.0,0.9865769,7337.8066
1.0,0.37468,190.04774
1.0,0.43844453,995.6626
1.0,0.5782431,451.97003
1.0,0.9999136,655.57513
1.0,0.8692679,4923.8477
1.0,0.5036799,694.19916
1.0,0.39742675,88.50287
1.0,0.3510255,21499.223
1.0,0.56851554,1235.8986
1.0,0.59183156,259.7668
1.0,0.42524266,175.89948
1.0,0.50140184,390.94177
1.0,0.9999528,13673.8545
1.0,0.33165878,530.5236
1.0,0.39729664,66.64022
1.0,0.42585,121.035545
1.0,0.46122575,3802.797
1.0,0.32987705,2390.143
1.0,0.9976422,455.17044
1.0,0.4357996,827.76263
1.0,0.93727547,23399.62
1.0,0.5165208,425.12457
1.0,0.5438246,1015.309
1.0,0.3517209,3239.4185
1.0,0.35369605,37423.707
1.0,0.99850994,29391.559
1.0,0.999877,1828.6345
1.0,0.6522263,272.92224
1.0,0.3535041,75536.38
1.0,0.45943144,77.37645
1.0,0.43770412,78.31233
1.0,0.29293358,143.07141
1.0,0.37921178,311.06183
1.0,0.5123597,1062.3287
1.0,0.4987787,707.29803
1.0,0.9631468,1003.9671
1.0,0.5605317,242.84491
1.0,0.75609595,134.0094
1.0,0.496394,3372.9592
1.0,0.999895,1027.3564
1.0,0.99967015,548.4637
1.0,0.38182646,193.38434
1.0,0.5642376,1466.188
1.0,0.50433403,3474.716
1.0,0.462657,21423.982
1.0,0.45040455,2036.53
1.0,0.4920262,2360.2275
1.0,0.36512226,3050.3254
1.0,0.39090636,115.07893
1.0,0.52098924,2440.6929
1.0,0.6366969,38205.312
1.0,0.4937031,67.54492
1.0,0.57921153,486.8689
1.0,0.654115,541.9336
1.0,0.36647102,11497.619
1.0,0.36278915,1170.9135
1.0,0.38602212,29954.883
1.0,0.58454657,392.9603
1.0,0.39484876,70.73491
1.0,0.6184537,136.86757
1.0,0.6438904,147.90485
1.0,0.37318766,137.98564
1.0,0.92872494,73699.42
1.0,0.58207613,15162.369
1.0,0.96872723,5.266364e+09
1.0,0.40289664,6691.3735
1.0,0.8538012,7954.119
1.0,0.4862437,483.89066
1.0,0.5285653,84.090744
1.0,0.8639163,4755.456
1.0,0.47510815,120.34225
1.0,0.47217745,1085.2758
1.0,0.38907263,858.10956
1.0,0.9823674,16317.948
1.0,0.4191131,1159.4216
1.0,0.4497834,73.37927
1.0,0.9996662,4393.6055
1.0,0.492568,155.44737
1.0,0.4761724,2621.187
1.0,0.39963996,16911.99
1.0,0.45760658,585.5398
1.0,0.33621287,521.4772
1.0,0.4746575,905.7411
1.0,0.46200433,72.44205
1.0,0.47241718,26597.975
1.0,0.9955391,426.23785
1.0,0.46122575,492.42395
1.0,0.46122575,27932.04
1.0,0.46122575,70.302505
1.0,0.48424137,2693.5723
1.0,0.42302528,158.77158
1.0,0.3574394,863.11145
1.0,0.99999475,47443.22
1.0,0.9999988,441.89734
1.0,0.40469873,11034.26
1.0,0.49524808,94.76987
1.0,0.5347,343.56796
1.0,0.4712341,105.752075
1.0,0.44926742,696.1352
1.0,0.9907588,28874.885
1.0,0.42992064,80.28428
1.0,0.3958072,90.2498
1.0,0.99996006,171.44344
1.0,0.39301872,580.49945
1.0,0.4064105,1404.5316
1.0,0.56212986,1323.3225
1.0,0.46600583,2144.926
1.0,0.5356558,79.94464
1.0,0.97664684,23051.037
1.0,0.41779345,377.88812
1.0,0.4106819,6680.9233
1.0,0.39796537,233.57704
1.0,0.33104172,135.62498
1.0,0.363557,9373.307
1.0,0.9050864,390.35202
1.0,0.49289918,652.30145
1.0,0.39536604,72.21143
1.0,0.44688132,78.38511
1.0,0.44416326,427.70215
1.0,0.406008,1536.99
1.0,0.49070266,514.51117
1.0,0.55062056,112.94108
1.0,0.9806222,151.97269
1.0,0.391172,304.4978
1.0,0.39546394,7029.3975
1.0,0.48605058,4206.02
1.0,0.999033,410410.34
1.0,0.5105165,72.17981
1.0,0.40108153,2159.903
1.0,0.34911168,262.37613
1.0,0.47854093,648.6954
1.0,0.46122575,90.300896
1.0,0.5413519,500.9774
1.0,0.3953566,472.43744
1.0,0.99757236,1997.975
1.0,0.5541668,99.93744
1.0,0.42647865,70.305244
1.0,0.51062167,92.46755
1.0,0.9977603,12314.504
1.0,0.94036174,12867.0625
1.0,0.46236256,66.85084
1.0,0.2907823,988.30865
1.0,0.43457752,168.1774
1.0,0.5785931,1646.0537
1.0,0.98747873,85.31493
1.0,0.47687864,163.52823
1.0,0.365579,131.97423
1.0,0.34428996,4230.2466
1.0,0.9469386,716.09076
1.0,0.47731256,82.695816
1.0,0.385575,4266.3677
1.0,0.4930944,105.598625
1.0,0.3935094,133.1441
1.0,0.37547693,199.65144
1.0,0.51980215,2343.8484
1.0,0.99990773,174787.67
1.0,0.42013466,194.03984
1.0,0.9851496,4827.979
1.0,0.39942464,1222.8676
1.0,0.62882525,94.83331
1.0,0.4475068,187.01003
1.0,0.45364434,1279.3823
1.0,0.43986043,65.685295
1.0,0.3988616,4567.89
1.0,0.40809253,2070.0764
1.0,0.45039418,68.26442
1.0,0.49478287,56586.797
1.0,0.3815222,238.80762
1.0,0.9892313,8454.015
1.0,0.34853864,1403.4834
1.0,0.42848927,100.42162
1.0,0.4408151,261.81226
1.0,0.4250238,2418.8306
1.0,0.29578567,9317.232
1.0,0.61499554,433.79404
1.0,0.9908731,28566.861
1.0,0.5449214,10862.3545
1.0,0.5938506,1441.8752
1.0,0.5734056,401.40155
1.0,0.48556498,265.16678
1.0,0.4945199,2144.7705
1.0,0.3799354,4006.627
1.0,0.4817649,226.54366
1.0,0.40692985,15637.803
1.0,0.40035692,108.21333
1.0,0.44051102,119.990036
1.0,0.83067304,5467.2407
1.0,0.45927158,4516.518
1.0,0.39348945,197.82779
1.0,0.47474322,81.09796
1.0,0.40313706,183.274
1.0,0.545524,1054.8182
1.0,0.9218317,1193.3777
1.0,0.53561616,162.15573
1.0,0.47474954,123.78677
1.0,0.52871364,69.100296
1.0,0.47087675,87.95579
1.0,0.6338525,1787.8694
1.0,0.9990546,805293.8
1.0,0.60571885,1571.6621
1.0,0.38256222,31621.873
1.0,0.5048264,130.98343
1.0,0.4857989,73.750496
1.0,0.45438266,344.53595
1.0,0.99876606,11468.066
1.0,0.41630355,97.88615
1.0,0.39546782,1436.9767
1.0,0.44752833,192.28381
1.0,0.43828875,189.49268
1.0,0.45301405,108.61043
1.0,0.3971257,99.63494
1.0,0.73023325,518.2949
1.0,0.49442905,74.43203
1.0,0.53474796,108.44753
1.0,0.39617902,89.21503
1.0,0.41146848,924.59985
1.0,0.86446095,4252.263
1.0,0.39994234,78.85429
1.0,0.50179225,70.474266
1.0,0.48865741,118.5704
1.0,0.4694625,428.04907
1.0,0.4049299,2301.975
1.0,0.9959266,20457.723
1.0,0.3985837,102.75657
1.0,0.27901977,536.64307
1.0,0.56470597,16862.596
1.0,0.51823395,213.9225
1.0,0.46639466,2925.402
1.0,0.5627258,1532.9325
1.0,0.47574058,309.31824
1.0,0.5455538,473.34476
1.0,0.44036075,120.03148
1.0,0.49363157,120.90472
1.0,0.48795068,131.15266
1.0,0.359099,4495.3633
1.0,0.8346534,1527.1184
1.0,0.9526447,437.65234
1.0,0.9998056,17421.633
1.0,0.3838829,8308.01
1.0,0.42600277,120.05771
1.0,0.76351213,895.15765
1.0,0.40075552,336.3769
1.0,0.38562897,450.745
1.0,0.85103935,155.90195
1.0,0.9249359,7054.119
1.0,0.4864222,2052.256
1.0,0.64748216,1099.6627
1.0,0.754218,1039.2233
1.0,0.6226605,3387.197
1.0,0.46675465,77.98946
1.0,0.4822751,461.89462
1.0,0.5155804,883.5485
1.0,0.44034827,142.08331
1.0,0.38497752,87.35596
1.0,0.43665305,116.82053
1.0,0.5149053,73.68772
1.0,0.9999188,264.29538
1.0,0.41098464,1582.8544
1.0,0.30982637,311.2868
1.0,0.99890614,1.8145165e+06
1.0,0.56477916,150.06125
1.0,0.39551616,88.17426
1.0,0.46343195,2064.2515
1.0,0.54915005,5301.8066
1.0,0.41033918,2118.5833
1.0,0.43781093,388.86337
1.0,0.46806914,231.10284
1.0,0.48072642,73.07347
1.0,0.471207,440.0019
1.0,0.68826854,5567.2075
1.0,0.44673225,858.7137
1.0,0.9999366,15222.085
1.0,0.98923767,992.2054
1.0,0.44543594,984.0787
1.0,0.61534685,1227.9897
1.0,0.41492835,1133.0145
1.0,0.5455029,152.81892
1.0,0.99163157,25845.248
1.0,0.9999523,4748.113
1.0,0.44522703,8425.196
1.0,0.5309261,600.8369
1.0,0.39419344,86.042145
1.0,0.51306987,21164.186
1.0,0.99176335,68.58687
1.0,0.5751678,9308.95
1.0,0.46862322,232.19193
1.0,0.4993599,110.13067
1.0,0.40572658,484.05963
1.0,0.35444263,138.95204
1.0,0.9957695,3511.5981
1.0,0.49624765,380.58902
1.0,0.52156025,96.76279
1.0,0.4200175,71.07883
1.0,0.48000875,107.998795
1.0,0.41699117,49519.26
1.0,0.5332371,22949.543
1.0,0.37780055,83.99898
1.0,0.99860746,22813.678
1.0,0.3730796,49863.582
1.0,0.5251,2279.0095
1.0,0.42733547,520.29364
1.0,0.47532296,215.12256
1.0,0.38898256,115.65514
1.0,0.41899148,3476.8054
1.0,0.29378608,581.9433
1.0,0.439905,232.47112
1.0,0.46526417,34222.652
1.0,0.3975208,162.38245
1.0,0.56673455,71.161934
1.0,0.46122575,217.07144
1.0,0.4726295,664.16815
1.0,0.3745514,77.20283
1.0,0.418411,294.45352
1.0,0.4794327,67.99867
1.0,0.32535565,759.7994
1.0,1.0,30778.191
1.0,0.9918367,316.27048
1.0,0.989783,6226.125
1.0,0.45852226,133.30779
1.0,0.49305895,90.645065
1.0,0.5505968,2196.1182
1.0,0.3963369,10916.636
1.0,0.49712697,269.32452
1.0,0.46308133,198.71773
1.0,0.53117055,537.4618
1.0,0.39454117,140.78348
1.0,0.99966574,10604.386
1.0,0.9432046,937.78876
1.0,0.6610112,299.24078
1.0,0.42917147,9776.874
1.0,0.41162646,747.59686
1.0,0.980626,421.45258
1.0,0.47776467,430.9606
1.0,0.3893651,95.20534
1.0,0.6322835,1244.98
1.0,0.3417486,1576.497
1.0,0.43755552,29813.693
1.0,0.48389623,96.22548
1.0,0.4695986,162.5421
1.0,0.41540587,1096.3168
1.0,0.99998844,2663.7312
1.0,0.57118386,752.9617
1.0,0.5437716,276.02124
1.0,0.48241132,312.7292
1.0,0.38658315,23809.432
1.0,0.34350803,6909.973
1.0,0.9998727,2653.9849
1.0,0.48149517,101.65856
1.0,0.47594517,2926.8928
1.0,0.4022267,3821.9536
1.0,0.37239444,80.53789
1.0,0.6629147,1097.8706
1.0,0.48650444,74.78279
1.0,0.45815232,418.37576
1.0,0.3698544,2352.0425
1.0,0.32070678,260.54993
1.0,0.4900474,419.52713
1.0,0.99926585,39729.312
1.0,0.4082535,129.941
1.0,0.387475,65.20401
1.0,0.96463436,24139.941
1.0,0.4631546,76.50081
1.0,0.35324416,518.22125
1.0,0.47508472,211.09615
1.0,0.34724697,69.95655
1.0,0.42333537,210.19554
1.0,0.31543997,172.24683
1.0,0.52829933,90.83493
1.0,0.42002988,431.29834
1.0,0.47595945,67.01395
1.0,0.99082595,97708.33
1.0,0.4269538,176.38577
1.0,0.55801195,1113.6693
1.0,0.46593335,10411.225
1.0,0.37908438,1160.2571
1.0,0.28592432,283.1965
1.0,0.46122575,118.4343
1.0,0.4670247,11856.005
1.0,0.43348992,198.96562
1.0,0.33229837,3157.4727
1.0,0.3720906,12023.117
1.0,0.4382168,158.1713
1.0,0.37566468,8667.6045
1.0,0.4642931,1030.2764
1.0,0.732047,1064.8021
1.0,0.44786346,666.1363
1.0,0.2891994,3024.9265
1.0,0.43036464,150.81255
1.0,0.3308491,5145.563
1.0,0.5058355,895.3764
1.0,0.50085086,68147.19
1.0,0.42130604,240.53902
1.0,0.40415695,1878.4944
1.0,0.7040553,219.56494
1.0,0.5645325,6114.588
1.0,0.39826357,15094.035
1.0,0.56687623,9291.703
1.0,0.41078165,488.8905
1.0,0.4908812,5738.7456
1.0,0.48739907,2075.2651
1.0,0.483387,344.97165
1.0,0.48873127,286.70807
1.0,0.46585143,211.74553
1.0,0.44748837,349.6442
1.0,0.9682225,72.51807
1.0,0.41793138,3615.8042
1.0,0.54280484,419.40073
1.0,0.4610982,1264.0359
1.0,0.4998204,466.6242
1.0,0.38660148,1003.01514
1.0,0.5278549,613.0301
1.0,0.81267416,2199.726
1.0,0.6407192,113.427536
1.0,0.47803172,1578.0027
1.0,0.38089275,221.67549
1.0,0.9801855,78.81586
1.0,0.9975872,617.0026
1.0,0.30775946,927.82306
1.0,0.34036934,671.95123
1.0,0.47017297,92.57818
1.0,0.53792703,1167.7001
1.0,0.95125264,69834.79
1.0,0.4120386,98.81909
1.0,0.503726,143.76088
1.0,0.9999999,10753.195
1.0,0.36311612,1146.0125
1.0,0.4370444,143.0872
1.0,0.56138307,402.8767
1.0,0.46954882,78.470726
1.0,0.39183187,140.3868
1.0,0.5237847,3144.404
1.0,0.39949915,1375.2804
1.0,0.9504935,5277.217
1.0,0.53710353,70.09962
1.0,0.50607324,87.32618
1.0,0.88563824,252.7658
1.0,0.6185727,960.0964
1.0,0.98816895,11738.008
1.0,0.3583871,171.06305
1.0,0.79738164,2300.396
1.0,0.99606603,14754.235
1.0,0.99964464,7321.9844
1.0,0.477009,201.1482
1.0,0.6903927,1839.0028
1.0,0.9629087,628.6318
1.0,0.42435795,108.17817
1.0,0.50404584,540.23065
1.0,0.48150343,298.6444
1.0,0.39124116,641.50165
1.0,0.49200946,642.896
1.0,0.8111258,86.30698
1.0,0.48019856,9008.517
1.0,0.7176311,155.79123
1.0,0.996554,29065.957
1.0,0.59426844,82.2821
1.0,0.9997825,2620.0679
1.0,0.8875982,1371.7192
1.0,0.3959379,16158.523
1.0,0.46301574,86.0579
1.0,0.99999976,7842.9727
1.0,0.40670344,106.72706
1.0,0.3345842,155.04433
1.0,0.99560696,954.8338
1.0,0.41976327,70.15141
1.0,0.77894765,13608.374
1.0,0.47468194,280.82193
1.0,0.48192686,950.8265
1.0,0.9863207,16385.688
1.0,0.4468234,228.57254
1.0,0.4949895,151.82909
1.0,0.39548057,5251.548
1.0,0.80952805,3042.019
1.0,0.44949892,79.4844
1.0,0.40834987,556.4971
1.0,0.52096593,394.60065
1.0,0.47131354,207.11507
1.0,0.46775314,403.77655
1.0,0.9858327,559.842
1.0,0.39976126,1201.2726
1.0,0.3890081,78.04206
1.0,0.6576828,5024.079
1.0,0.58203715,800.67926
1.0,0.7217499,109.126625
1.0,0.7871344,1298.3944
1.0,0.58223075,2571.3828
1.0,0.42172742,238.69267
1.0,0.3640849,75.78231
1.0,0.40384257,121.47315
1.0,0.36489382,780.8638
1.0,0.39464146,72.76058
1.0,0.53280616,24047.115
1.0,0.4474429,78.995575
1.0,0.36834517,910.24426
1.0,0.4956681,705.6594
1.0,0.4867031,700.15027
1.0,0.49814433,145.09193
1.0,0.35501188,30523.773
1.0,0.6276095,3566.2185
1.0,0.53527826,9490.752
1.0,0.62612456,7706.083
1.0,0.4883594,413.8616
1.0,0.46922818,345.16486
1.0,0.9810532,7365.505
1.0,0.9999831,404.31955
1.0,0.42540053,2757.7969
1.0,0.4165834,35566.344
1.0,0.46338603,434.78107
1.0,0.54730237,6012.134
1.0,0.3548917,11899.667
1.0,0.9991253,98.87938
1.0,0.4273297,76.07338
1.0,0.45498255,76.995346
1.0,0.36723983,568.65765
1.0,0.7297763,436.84125
1.0,0.98058015,764.11786
1.0,0.30160746,898.44147
1.0,0.9936085,10320.233
1.0,0.44792765,730.3862
1.0,0.4744081,167.5067
1.0,0.591314,96.98085
1.0,0.41032672,74.45723
1.0,0.9999434,6720.604
1.0,0.5397398,75.80892
1.0,0.42887807,2010.7456
1.0,0.9764317,71.11304
1.0,0.5005605,73.87587
1.0,0.4465517,1382.4929
1.0,0.45633584,103.61465
1.0,0.5276775,746.94415
1.0,0.9092223,2182.7214
1.0,0.37358946,408.89594
1.0,0.51441544,84.82489
1.0,0.4635882,422.42172
1.0,0.48116967,800.00793
1.0,0.5000632,138.09848
1.0,0.3341819,84.35045
1.0,0.40828177,136.41689
1.0,0.47690004,2051.552
1.0,0.9909637,15035.7295
1.0,0.39609912,1032.5266
1.0,0.46384084,925.94293
1.0,0.40688244,95.67212
1.0,0.9999852,1992.2816
1.0,0.66907585,155.03284
1.0,0.5423863,83.21101
1.0,0.5443818,2565.513
1.0,0.5303733,16506.87
1.0,0.46141693,230.62617
1.0,0.43682238,104.27687
1.0,0.38218376,847.943
1.0,0.49153188,366.04944
1.0,0.4304862,85.712135
1.0,0.6274385,2257.6396
1.0,0.9991679,7462.6216
1.0,0.49493653,3534.7595
1.0,0.5090135,73.06212
1.0,0.9762414,11471.315
1.0,0.39409852,4334.938
1.0,0.42947158,477.64978
1.0,0.39394173,882.6817
1.0,0.45181394,95.38418
1.0,0.43686575,225.07986
1.0,0.43403104,3794.541
1.0,0.50811654,165.72472
1.0,0.518482,941.4491
1.0,0.62426597,10237.801
1.0,0.38632554,67.345535
1.0,0.50672907,6503.135
1.0,0.37980703,267.3877
1.0,0.3800916,7579.1675
1.0,0.45006043,153.80112
1.0,0.55149615,1123.7993
1.0,0.99707365,105593.64
1.0,0.5465038,668.43134
1.0,0.8457495,1152.2546
1.0,0.43594304,1453.7969
1.0,0.44784683,1464.8428
1.0,0.37918732,48252.45
1.0,0.9147175,776.70215
1.0,0.99999917,694.1576
1.0,0.38468778,663.12103
1.0,0.5199429,471.66544
1.0,0.41188508,467.40588
1.0,0.37583748,3326.147
1.0,0.35210884,174.95049
1.0,0.5013871,277.80975
1.0,0.46631736,201.08923
1.0,0.80682003,489.75684
1.0,0.6002036,4382.416
1.0,0.3467656,221.87212
1.0,0.67551804,769.6232
1.0,0.99006253,813.4757
1.0,0.37817192,16003.345
1.0,0.49044955,147.94862
1.0,0.9990049,1.6669658e+06
1.0,0.46122575,213.26749
1.0,0.81570315,4989.455
1.0,0.4837963,314.55432
1.0,0.4502899,164.3686
1.0,0.46122575,143.02995
1.0,0.48253947,92.68619
1.0,0.4349142,221.02768
1.0,0.45492038,77.582405
1.0,0.4118136,105.32102
1.0,0.4873515,311.80914
1.0,0.54193735,9077.846
1.0,0.3512603,114.14709
1.0,0.53771037,773.7648
1.0,0.4784114,251.22469
1.0,0.9680582,494.3077
1.0,0.4808421,330.9214
1.0,0.560087,88.12265
1.0,0.49971738,66.169556
1.0,0.42427334,142.3454
1.0,0.46881813,140.8134
1.0,0.4232423,242.05736
1.0,0.50294685,99.73498
1.0,0.47263736,253.22649
1.0,0.99999976,989.48834
1.0,0.33019075,612.1856
1.0,0.5746303,28903.56
1.0,0.37961993,224.61476
1.0,0.36971253,769.88605
1.0,0.47006854,81.945854
1.0,0.63311684,1095.4203
1.0,0.4860379,170.63724
1.0,0.6080253,140.72267
1.0,0.41200954,82.67213
1.0,0.49708855,1477.7273
1.0,0.4240116,183.12756
1.0,0.67537606,2015.6162
1.0,0.9994641,41034.094
1.0,0.40105826,121.23505
1.0,0.99558604,590.3156
1.0,0.40386328,4315.155
1.0,0.8960426,3663.9062
1.0,0.4096127,69.006165
1.0,0.9533898,113.70004
1.0,0.9994474,40547.63
1.0,0.41224456,178.3369
1.0,0.43265554,10826.491
1.0,0.5284482,894.6114
1.0,0.4641591,90.140915
1.0,0.71508384,85.7535
1.0,0.35669652,161.78815
1.0,0.3604594,20462.059
1.0,0.4950037,118.2694
1.0,0.53967327,114.37579
1.0,0.42523202,119.28295
1.0,0.34377468,68845.84
1.0,0.99967504,416.7114
1.0,0.519121,3139.6277
1.0,0.3455151,256.99066
1.0,0.51259404,2366.2214
1.0,0.3532564,105.415016
1.0,0.34993082,226.15236
1.0,0.4322099,478.82965
1.0,0.4311381,229.3108
1.0,0.42866957,427.14343
1.0,0.4753082,92.77632
1.0,0.99944335,2.031523e+06
1.0,0.5264195,84.76401
1.0,0.6370361,1912.6501
1.0,0.9999443,5745.876
1.0,0.96590495,3861.86
1.0,0.999542,19011.963
1.0,0.42935094,191.3233
1.0,0.9487304,250.30385
1.0,0.51039714,5401.4795
1.0,0.5398085,129.4171
1.0,0.44198322,791.48816
1.0,0.42018968,286.94708
1.0,0.5569597,66.42819
1.0,0.4716712,81.3444
1.0,0.4514136,4224.472
1.0,0.50849897,82.70358
1.0,0.37708172,301.61493
1.0,0.53590477,5386.57
1.0,0.5413696,20315.05
1.0,0.51322365,675.00775
1.0,0.3685061,65.954
1.0,0.42438424,468.54813
1.0,0.5997141,50152.117
1.0,0.3729415,8268.506
1.0,0.42949617,111.28975
1.0,0.9984915,3567.1975
1.0,0.4744135,134.69733
1.0,0.30548254,1982.4081
1.0,0.9994566,90.77162
1.0,0.9998704,1781.6038
1.0,0.40986577,32581.846
1.0,0.9965687,3472.9539
1.0,0.47219393,1589.8842
1.0,0.46799707,108.54968
1.0,0.46300158,2372.5103
1.0,0.2823907,151.85568
1.0,0.63522875,70.08359
1.0,0.43050754,509.28812
1.0,0.4624813,68.84195
1.0,0.38568774,3020.4807
1.0,0.5714296,7807.137
1.0,0.4173279,136.19374
1.0,0.48708132,80.43794
1.0,0.4225768,7437.8115
1.0,0.41128507,2379.2026
1.0,0.9976369,1.0066659e+06
1.0,0.52893764,385.55792
1.0,0.3951751,144.64767
1.0,0.99996233,1.2384034e+06
1.0,0.52971774,1863.8973
1.0,0.42682028,96.16193
1.0,0.35262567,82.03104
1.0,0.4241616,189.61183
1.0,0.397532,7652.2905
1.0,0.46592635,76.79993
1.0,0.31873518,9838.448
1.0,0.42854705,1137.5155
1.0,0.47145563,335.8973
1.0,0.9070617,142.13269
1.0,0.5780149,7894.1606
1.0,0.3017409,3987.8845
1.0,0.42115343,111.42613
1.0,0.37296203,8150.832
1.0,0.4730113,14227.407
1.0,0.37824914,115.42553
1.0,0.36983278,69.30855
1.0,0.55129075,92.378
1.0,0.43302873,112.47152
1.0,0.4688841,773.7435
1.0,0.24852614,7618.4014
1.0,0.41810292,4672.4478
1.0,0.9978326,2618.5464
1.0,0.6702635,101.29067
1.0,0.44237524,92.56141
1.0,0.41251823,168.92245
1.0,0.44599313,10743.943
1.0,0.477968,15320.677
1.0,0.44237867,8231.604
1.0,0.33643293,302.9094
1.0,0.36450186,748.9858
1.0,0.42420405,76.99904
1.0,0.47811827,142.78087
1.0,0.40252963,167.37737
1.0,0.39609239,6048.128
1.0,0.41203454,220.03276
1.0,0.43576568,1308.4163
1.0,0.8639701,110951.24
1.0,0.856355,80488.27
1.0,0.7453946,1724.7733
1.0,0.9938,37741.066
1.0,0.63498974,1830.5751
1.0,0.71048975,1199.7732
1.0,0.48668405,168.39764
1.0,0.54868364,689.925
1.0,0.99989295,9112.843
1.0,0.37759605,7253.093
1.0,0.3987202,91.663055
1.0,0.5182073,5217.3774
1.0,0.99975413,935.4451
1.0,0.39172313,1305.2667
1.0,0.4226587,2673.8242
1.0,0.60738206,20712.19
1.0,0.98792225,63736.336
1.0,0.47172126,3309.8281
1.0,0.9899131,6522.8286
1.0,0.95686483,121.77602
1.0,0.36996263,196.88596
1.0,0.4601781,3174.5107
1.0,0.9643835,578.4778
1.0,0.610925,7861.0513
1.0,0.40206727,319.81442
1.0,0.99998343,3690.2107
1.0,0.40908107,237.93935
1.0,0.49655962,93.35369
1.0,0.5813103,427.36017
1.0,0.5085938,80.10939
1.0,0.52596736,409.6745
1.0,0.2997747,2957.056
1.0,0.35684088,865.0777
1.0,0.41332608,679.29767
1.0,0.42599595,539.2256
1.0,0.42795998,610.1962
1.0,0.36645418,4698.1045
1.0,0.58057076,2404.231
1.0,0.41077334,91.08966
1.0,0.463389,133.85873
1.0,0.33709556,118.97048
1.0,1.0,14458.996
1.0,0.39181954,9609.68
1.0,0.43768954,338.35138
1.0,0.99605477,148.93736
1.0,0.4753603,152.8759
1.0,0.558449,122.13762
1.0,0.54662937,119.45858
1.0,0.46767458,117.001076
1.0,0.36697808,332.49805
1.0,0.34430832,855.1877
1.0,0.56728476,4941.167
1.0,0.570524,2276.311
1.0,0.99371123,58232.23
1.0,0.5036221,243.19365
1.0,0.55309033,69.90138
1.0,0.2845622,2616.5046
1.0,0.5385475,87.74568
1.0,0.3910385,1081.3833
1.0,0.3800879,74.619415
1.0,0.999979,7323.6323
1.0,0.49470967,482.404
1.0,0.36728156,2555.0808
1.0,0.28919062,6918.745
1.0,0.46984065,78.76676
1.0,0.9815337,1148.2279
1.0,0.46809438,2281.4805
1.0,0.99984884,76895.51
1.0,0.9999397,21865.906
1.0,0.46122575,767.27264
1.0,0.6264631,10754.412
1.0,0.49963883,27886.564
1.0,0.45575973,253.94482
1.0,0.41545278,65.139145
1.0,0.40906924,2832.2168
1.0,0.3666838,105.87993
1.0,0.45616293,722.83124
1.0,0.52799445,214.98938
1.0,0.35063758,518.12054
1.0,0.38000336,687.68567
1.0,0.4567687,1473.0927
1.0,0.5021348,679.0505
1.0,0.43880853,360.96936
1.0,0.43232358,351.1284
1.0,0.44722584,186.01733
1.0,0.5874232,3645.2817
1.0,0.6240087,120.19567
1.0,0.48249695,401.25482
1.0,0.39738688,246.73242
1.0,0.46483946,16633.715
1.0,0.379826,773.8136
1.0,0.43161026,71.47566
1.0,0.4572184,373.33685
1.0,0.4081268,1735.2003
1.0,0.53021634,2188.3125
1.0,0.49191415,104.22147
1.0,0.706625,4066.3323
1.0,0.9967488,7954.3765
1.0,0.51639843,169.69931
1.0,0.3291435,7514.817
1.0,0.5031049,3525.4246
1.0,0.46843153,269.88147
1.0,0.36571893,90.799385
1.0,0.58656067,184.37874
1.0,0.68649524,10694.513
1.0,0.74099827,2750.2961
1.0,0.44065824,420.15936
1.0,0.5028965,208.7685
1.0,0.999724,3381.393
1.0,0.36538196,81.75619
1.0,0.50358,278.84174
1.0,0.77399594,2519.9253
1.0,0.5029135,2887.5012
1.0,0.43841347,469.02036
1.0,0.46699807,78283.984
1.0,0.5038766,3616.763
1.0,0.99414366,7845.8193
1.0,0.40249392,190.61041
1.0,0.6066234,91.122696
1.0,0.31752166,1014.1085
1.0,0.4038356,146.9311
1.0,0.41910586,11207.767
1.0,0.43191355,182.74474
1.0,0.5128996,1692.4565
1.0,0.9648528,2112.908
1.0,0.9991654,3052.508
1.0,0.5051873,576.76385
1.0,0.36564472,404.03064
1.0,0.42327577,1652.4023
1.0,0.38096988,1264.0089
1.0,0.45893878,957.3621
1.0,0.91910136,11442.371
1.0,0.4798888,299.9088
1.0,0.37232417,442.95218
1.0,0.40929782,91.412346
1.0,0.49478203,80.65682
1.0,0.4436932,227.33888
1.0,0.8718268,2383.0144
1.0,0.4708066,111.10033
1.0,0.32850423,1892.3726
1.0,0.44381306,1480.397
1.0,0.49847597,1382.6333
1.0,0.44791043,510.53156
1.0,0.29098907,7642.6343
1.0,0.9999982,1.0391468e+06
1.0,0.9996494,2770.1482
1.0,0.3700264,13928.144
1.0,0.4227489,20966.873
1.0,0.91835237,13982.462
1.0,0.48084342,178.07901
1.0,0.45620131,81.980995
1.0,0.4660345,147.49384
1.0,0.36434993,553.2851
1.0,0.98782885,2936.5334
1.0,0.47821683,533.10187
1.0,0.37607598,377.5035
1.0,0.49072453,231.96718
1.0,0.435974,91.39441
1.0,0.4495654,5071.2476
1.0,0.49729836,2763.8716
1.0,0.86085635,93.49071
1.0,0.51253635,72.526146
1.0,0.5196188,1280.5853
1.0,0.73435926,11763.928
1.0,0.5061451,95.490456
1.0,0.3286961,369.2894
1.0,0.5419163,114.449905
1.0,0.9994289,1804.109
1.0,0.50457346,74.72386
1.0,0.95235074,10411.396
1.0,0.40968248,4083.033
1.0,0.42587405,4596.108
1.0,0.36488527,1095.869
1.0,0.4115271,2237.4294
1.0,0.6731675,121.44361
1.0,0.3613625,98.61002
1.0,0.3971911,375.98212
1.0,0.5264213,1003.6926
1.0,0.43608466,143.35255
1.0,0.3878027,328.39642
1.0,0.43240047,65.62921
1.0,0.42453372,8474.488
1.0,0.4627806,125.817894
1.0,0.30688474,1011.62024
1.0,0.36672404,18327.713
1.0,0.8781631,22950.098
1.0,0.4573025,226.37122
1.0,0.42754966,318.07297
1.0,0.41919926,78.13813
1.0,0.44214153,144.30124
1.0,0.4354796,975.77374
1.0,0.4172736,1265.4954
1.0,0.9999801,4444.6553
1.0,0.39549503,193.71745
1.0,0.4237283,65.851524
1.0,0.6616821,106433.69
1.0,0.5093699,5728.245
1.0,0.39121482,72.58538
1.0,0.4434896,125.90965
1.0,0.43834096,121.28011
1.0,0.5636867,3066.122
1.0,0.41030177,100.958244
1.0,0.96760714,796.9903
1.0,0.4733084,463.4295
1.0,0.4695036,168.33313
1.0,0.44801208,1028.9097
1.0,0.9890147,65.230255
1.0,0.4492667,409.32178
1.0,0.46624297,70.55022
1.0,0.32186952,1709.3491
1.0,0.47240165,19973.629
1.0,0.42656583,94.09833
1.0,0.91286415,491.98
1.0,0.37911966,14370.509
1.0,0.3108161,91.33552
1.0,0.393304,485.27664
1.0,0.9907759,5717.3213
1.0,0.53267705,1412.6449
1.0,0.34842303,160.3959
1.0,0.9986141,30038.8
1.0,1.0,11501.508
1.0,0.9997671,51940.664
1.0,0.41599172,141.3922
1.0,0.41548076,86.306694
1.0,0.52482057,91.66066
1.0,0.4399778,462.8112
1.0,0.44126564,75.57192
1.0,0.4297838,86.825165
1.0,0.9908632,4688.1387
1.0,0.398196,162.59377
1.0,0.32458213,323.17023
1.0,0.4115009,1233.478
1.0,0.4103097,271.8792
1.0,0.5142843,688.69965
1.0,0.38576996,4588.2676
1.0,0.3532285,3909.0312
1.0,0.55646664,1534.9562
1.0,0.39693806,692.0941
1.0,0.9999472,2266.346
1.0,0.43412217,214.43173
1.0,0.4459437,213.3607
1.0,0.8199543,955.6865
1.0,0.6830604,9906.259
1.0,0.46054116,728.1998
1.0,0.44547373,3326.2236
1.0,0.49015656,89.932625
1.0,0.99998677,1.8633715e+06
1.0,0.44767112,143.86153
1.0,0.4487914,450.63885
1.0,0.50780153,178.06396
1.0,0.3265063,51666.117
1.0,0.57889014,4440.953
1.0,0.42904863,530.9531
1.0,0.55185246,161.0444
1.0,0.9988356,1045.5363
1.0,0.37187323,20497.63
1.0,0.4334811,2068.3713
1.0,0.403583,120.08618
1.0,0.3784218,203.72704
1.0,0.96747655,4800.7485
1.0,0.46904323,144.0456
1.0,0.34534854,561.9105
1.0,0.40062353,66.341415
1.0,0.6203712,1628.5248
1.0,0.41227138,1525.0374
1.0,0.8611941,827.3678
1.0,0.71706486,5676.751
1.0,0.9794038,924.67194
1.0,0.6890923,354.8231
1.0,0.50199586,1222.7018
1.0,0.42362586,76.69401
1.0,0.4516697,7267.6167
1.0,0.32361996,31099.883
1.0,0.39835927,245.9066
1.0,0.45564398,164.66321
1.0,0.3907988,471.36725
1.0,0.49300307,879.9723
1.0,0.5808906,620.48773
1.0,0.40018266,480.40366
1.0,0.5016378,689.3049
1.0,0.4321463,81.89189
1.0,0.29681265,20294.297
1.0,0.40617928,71.45841
1.0,0.41120207,23109.27
1.0,0.45056474,374.80496
1.0,0.56436574,628.2923
1.0,0.5544341,123.25596
1.0,0.401833,118.52465
1.0,0.47796452,859.4843
1.0,0.95982945,2793.3633
1.0,0.4202018,382.82407
1.0,0.736154,8202.643
1.0,0.9987521,1230.9988
1.0,0.6797006,2748.4443
1.0,0.36434147,295.83823
1.0,0.46122575,3.6007e+10
1.0,0.32659364,304.15195
1.0,0.6576368,143.85458
1.0,0.404028,95.793045
1.0,0.9945161,6149.9053
1.0,0.45736688,652.7406
1.0,0.46460795,7269.8633
1.0,0.99998426,1.1652155e+06
1.0,0.2702913,425.6042
1.0,0.47323078,3814.8433
1.0,0.4084172,69.947945
1.0,0.35709533,395.25085
1.0,0.45796144,5282.866
1.0,0.49751198,3586.3936
1.0,0.44965312,124.84508
1.0,0.40215364,271.48978
1.0,0.49965918,400.14944
1.0,0.98442036,12352.339
1.0,0.27743542,828.3763
1.0,0.49270684,28021.64
1.0,0.52620417,10754.364
1.0,0.42917427,111.32769
1.0,0.7293499,2450.0122
1.0,0.97109604,262831.4
1.0,0.9999871,14650.311
1.0,0.46661705,10491.09
1.0,0.99466395,17495.625
1.0,0.39968386,746.7818
1.0,0.4228391,919.26636
1.0,0.53953904,101.366325
1.0,0.49099705,176.9478
1.0,0.42929938,76.637
1.0,0.4905715,542.4125
1.0,0.46122575,193.25624
1.0,0.51533234,222.30444
1.0,0.99999857,10804.547
1.0,0.41812456,424.2682
1.0,0.4020608,2368.9143
1.0,0.3994229,87.89482
1.0,0.42167422,157.16093
1.0,0.4322425,129.31262
1.0,0.47820538,287.81165
1.0,0.50859046,83.81166
1.0,0.96867186,1216.9841
1.0,0.38502756,2544.4302
1.0,0.36672777,241.47841
1.0,0.9981481,278.74057
1.0,0.40605652,70.04328
1.0,0.42904332,286.20734
1.0,0.37151712,332.6936
1.0,0.4307005,71.18635
1.0,0.4980899,19188.371
1.0,0.49156293,1604.4504
1.0,0.9267944,913.23236
1.0,0.50559783,91.06076
1.0,0.42415464,4573.4053
1.0,0.46324044,149.25781
1.0,0.9871017,58466.645
1.0,0.4728136,106.2848
1.0,0.6544752,6484.4043
1.0,0.46750417,68.347176
1.0,0.24485512,53659.152
1.0,0.58519304,1788.7815
1.0,0.45348868,239.23369
1.0,0.39415383,5659.003
1.0,0.2839297,601.9475
1.0,0.52902883,21251.508
1.0,0.97938573,1602.3054
1.0,0.4798185,73.365776
1.0,0.99999225,27426.352
1.0,0.6662137,4959.669
1.0,0.3710387,193.76457
1.0,0.32732147,72.07824
1.0,0.5233674,5854.977
1.0,0.99999857,2106.959
1.0,0.99978834,623.97845
1.0,0.38256848,2272.488
1.0,0.45741516,104.123795
1.0,0.38099688,1310.537
1.0,0.9644011,759.2498
1.0,0.9989041,11318.221
1.0,0.41353554,168.89203
1.0,0.5226807,217.85233
1.0,0.44993433,379.66458
1.0,0.49021068,705.02905
1.0,0.9530971,179.44153
1.0,0.32749334,1136.7614
1.0,0.60499835,71.52991
1.0,0.4949533,1156.575
1.0,0.4216729,68.15051
1.0,0.39991158,105.13062
1.0,0.46235436,158.25902
1.0,0.422293,194.24362
1.0,0.41246396,135.50658
1.0,0.2587299,284.7472
1.0,0.42384106,192.22554
1.0,0.3880231,23265.867
1.0,0.99409264,2910.006
1.0,0.47763118,828.05896
1.0,0.8992592,1703.843
1.0,0.45636395,199.82239
1.0,0.6741702,243.87898
1.0,0.4285891,2482.694
1.0,0.9982356,22417.979
1.0,0.75971735,110.14663
1.0,0.97611487,15615.961
1.0,0.84293455,2570.773
1.0,0.99997175,23168.744
1.0,0.44420356,85.91362
1.0,0.36841363,168.37694
1.0,0.67620367,20754.803
1.0,0.44703594,82.793686
1.0,0.48229134,223.14175
1.0,0.73674124,14896.354
1.0,0.3391552,1999.1643
1.0,0.36117423,2504.6138
1.0,0.48816705,401.36584
1.0,0.44310042,1952.9254
1.0,0.9973954,968.63525
1.0,0.4462015,187.03569
1.0,0.52876043,149.36905
1.0,0.50132495,282.7193
1.0,0.4793178,546.0521
1.0,0.91059256,1635.8661
1.0,0.49725544,3748.4365
1.0,0.39814728,5148.3267
1.0,0.7874952,2297.0278
1.0,0.95657045,274.83112
1.0,0.4639177,104.84958
1.0,0.42231283,300.3382
1.0,0.4784365,391.37082
1.0,0.96965754,667.9647
1.0,0.80911183,690.5093
1.0,0.9999678,3417.0688
1.0,0.45980525,472.66806
1.0,0.4818317,102.913284
1.0,0.47897407,75.70152
1.0,0.44763073,774.33075
1.0,0.5091587,12300.666
1.0,0.9983633,7364.2393
1.0,0.36343384,15810.445
1.0,0.45157474,81.75919
1.0,0.46786374,92.24474
1.0,0.39589462,88.46954
1.0,0.3917297,4082.3
1.0,0.52490896,5393.9854
1.0,0.48335174,66.62248
1.0,0.32686734,3703.624
1.0,0.9652274,110.671715
1.0,0.33481514,1844.3198
1.0,0.4137594,6992.4336
1.0,0.37262842,68.07377
1.0,0.78917295,96.308716
1.0,0.7111095,5662.6265
1.0,0.49232352,478.47675
1.0,0.48349893,76.93718
1.0,0.46395576,372.91388
1.0,0.49090832,152.60323
1.0,0.48215002,2677.107
1.0,0.44408756,96.85715
1.0,0.497879,14248.699
1.0,0.42597786,147.70476
1.0,0.5074696,168.69244
1.0,0.47732583,67.29331
1.0,0.35072094,5293.945
1.0,0.4553543,299.9472
1.0,0.6626643,1244.3186
1.0,0.74911124,692.34265
1.0,0.4771488,77.89867
1.0,0.40810564,73.03557
1.0,0.4731349,75.55786
1.0,0.35121742,255.65837
1.0,0.40932244,82.67162
1.0,0.553953,71.10297
1.0,0.4725132,230.41573
1.0,0.54273736,81.78923
1.0,0.4550719,109.74531
1.0,0.66809195,3136.7852
1.0,0.4515697,1660.3771
1.0,0.39111245,2068.651
1.0,0.32591265,4044.9226
1.0,0.5354434,72.17171
1.0,0.5171451,173.58272
1.0,0.99936455,1.3194728e+06
1.0,0.9937308,25957.61
1.0,0.39717922,80.292015
1.0,0.434048,76.73404
1.0,0.37818733,1826.9398
1.0,0.53619033,104.08819
1.0,0.50042415,2284.3818
1.0,0.39761364,67.13818
1.0,0.5281421,3825.3457
1.0,0.5165869,2830.577
1.0,0.40349028,18911.738
1.0,0.34096956,3710.9346
1.0,0.34705198,1102.4886
1.0,0.5424345,815.71216
1.0,0.40367404,104.4006
1.0,0.496589,276.78024
1.0,0.39321685,416.40222
1.0,0.39321685,416.40222
1.0,0.48274967,135.95857
1.0,0.52887094,289.37076
1.0,0.5184679,76.02032
1.0,0.4092029,5531.904
1.0,0.7177743,1160.5756
1.0,0.42204836,1230.151
1.0,0.47716203,1354.6523
1.0,0.47757605,73.07532
1.0,0.68483377,2543.8938
1.0,0.4300775,115.34609
1.0,0.99999976,7249.263
1.0,0.9955715,9099.999
1.0,0.99982256,131.44235
1.0,0.9545937,459.65118
1.0,0.46525562,16730.588
1.0,0.47796583,151.79059
1.0,0.528686,1580.2427
1.0,0.42066172,869.9702
1.0,0.48907667,190.17456
1.0,0.44607443,6528.589
1.0,0.34915057,94.906586
1.0,0.46383002,273.85428
1.0,0.387044,104.20946
1.0,0.886492,926.26013
1.0,0.511771,88.006256
1.0,0.6345562,1787.7703
1.0,0.5130209,92.36785
1.0,0.50700366,16161.486
1.0,0.4089217,143.75954
1.0,0.81719184,407.75183
1.0,0.9996038,2.574643e+06
1.0,0.999892,5876.4165
1.0,0.9996207,1504.4052
1.0,0.43819958,59798.133
1.0,0.4335041,67.69835
1.0,0.51498914,83.59675
1.0,0.97733796,20722.652
1.0,0.4680254,230.374
1.0,0.6359034,56940.484
1.0,0.27158782,1345.4214
1.0,0.54737335,5723.3447
1.0,0.37517545,173.10605
1.0,0.34897208,177.71414
1.0,0.51565385,503.02832
1.0,0.9942477,70398.86
1.0,0.35472903,658.7792
1.0,0.45430326,8624.733
1.0,0.55404353,82.841156
1.0,0.45491752,394.18625
1.0,0.5223182,268.59924
1.0,0.6009144,164.80855
1.0,0.46426946,321.5727
1.0,0.98857236,1731.7905
1.0,0.5299652,121.41634
1.0,0.49956176,236.74936
1.0,0.4675552,115.36794
1.0,0.3833772,81.64549
1.0,0.3094416,111.1024
1.0,0.5294729,115.969925
1.0,0.997389,15657.904
1.0,0.50866,1133.5084
1.0,0.448298,86.74902
1.0,0.9287134,1003.0757
1.0,0.9255967,7523.093
1.0,0.32413805,188.602
1.0,0.45934993,104.25283
1.0,0.99999833,8120.836
1.0,0.53195876,986.9239
1.0,0.6040319,120.107544
1.0,0.34313664,464.5286
1.0,0.48648784,72.012764
1.0,0.6243972,340.26627
1.0,0.9987607,172.67136
1.0,0.74039143,5969.2354
1.0,0.33663863,97.891525
1.0,0.30222288,1245.7389
1.0,0.6221535,94.05931
1.0,0.67363924,298.78018
1.0,0.401577,722.7404
1.0,0.9981495,3918.812
1.0,0.38269216,4468.9634
1.0,0.45935103,449.38385
1.0,0.96052414,7919.6147
1.0,0.99878067,3204.6208
1.0,0.62696624,160.561
1.0,0.715887,1172.8944
1.0,0.3474821,2873.4592
1.0,0.4504382,1176.9573
1.0,0.9189111,6968.115
1.0,0.91227186,683.258
1.0,0.4470138,12164.038
1.0,0.38209736,1678.5898
1.0,0.37952906,1613.4431
1.0,0.37010247,87.77878
1.0,0.29951996,733.9865
1.0,0.45516157,1148.9783
1.0,0.53412163,209.29521
1.0,0.46352047,68.592026
1.0,0.36729088,2697.3767
1.0,0.35719064,2270.7432
1.0,0.43146223,73.60557
1.0,0.35370705,11474.629
1.0,0.5046339,70971.695
1.0,0.317249,688.6452
1.0,0.53344566,519.32227
1.0,0.27682367,1837.8492
1.0,0.4539944,1633.2037
1.0,0.38596305,272.78326
1.0,0.39165676,1122.1766
1.0,0.64718133,1550.5618
1.0,0.32992783,2144.7305
1.0,0.5234915,1370.3967
1.0,0.9999962,6711.814
1.0,0.42749605,3127.9463
1.0,0.4761838,867.939
1.0,0.48685032,74.30583
1.0,0.5629237,1756.7385
1.0,0.42083716,91.98146
1.0,0.44400746,159.05685
1.0,0.46561483,96.32165
1.0,0.5376202,1731.6593
1.0,0.54700387,523.2865
1.0,0.97873896,1871.796
1.0,0.4801802,80.501816
1.0,0.40020466,66.054245
1.0,0.5394248,577.3135
1.0,0.3926423,146.24861
1.0,0.76004183,128.93665
1.0,0.767212,136.74281
1.0,0.521582,76.552734
1.0,0.4539912,839.99756
1.0,0.77275753,14169.478
1.0,0.380424,82.61287
1.0,0.42192107,71.616234
1.0,0.5349167,482.11646
1.0,0.43540415,92.32917
1.0,0.39509538,1521.3948
1.0,0.43150076,754.86224
1.0,0.9850006,613.67523
1.0,0.46122575,93.04055
1.0,0.5139984,162.1438
1.0,0.40251395,160.12079
1.0,0.42554435,109.914314
1.0,0.5362539,1926.6969
1.0,0.40503538,49617.496
1.0,0.48378524,277.80228
1.0,0.4667314,73.09002
1.0,0.61258006,501.3499
1.0,0.6397949,34703.996
1.0,0.5243454,1516.1129
1.0,0.9905109,13894.983
1.0,0.4461738,311.55862
1.0,0.610679,237.92473
1.0,0.42045328,1331.694
1.0,0.3460954,128.12097
1.0,0.46182442,3868.5376
1.0,0.3961145,94.80957
1.0,0.26527983,1137.4574
1.0,0.9869451,9002.539
1.0,0.46218002,130.98322
1.0,0.78218627,1834.1945
1.0,0.83523023,256.27765
1.0,0.44187388,1237.2604
1.0,0.9750998,3821.2864
1.0,0.8039398,96.94056
1.0,0.4466785,193.11594
1.0,0.46276444,1.3418136e+06
1.0,0.53644955,13544.218
1.0,0.4174729,368.63495
1.0,0.7915182,745.3704
1.0,0.47720346,5346.9756
1.0,0.44417828,937.59625
1.0,0.9978849,6230.1255
1.0,0.4440569,1677.8159
1.0,0.536539,199.00179
1.0,0.42183644,68.75454
1.0,0.40301383,886.22327
1.0,0.5634644,1224.8059
1.0,0.42675272,269.49817
1.0,0.46122575,221.77725
1.0,0.9807057,184.57733
1.0,0.4135247,973.87555
1.0,0.4135247,973.87555
1.0,0.8837135,83.76775
1.0,0.35145387,1057.5463
1.0,0.46122575,91.46954
1.0,0.62246126,673.2303
1.0,0.48906174,142.28853
1.0,0.9961306,2343.1138
1.0,0.5213821,86.603424
1.0,0.67777836,173.92316
1.0,0.9989856,268.36932
1.0,0.38120776,107.95505
1.0,0.6097688,4406.2603
1.0,0.47384143,108.68767
1.0,0.42590848,122.35244
1.0,0.6604712,3070.225
1.0,0.51211333,42215.79
1.0,0.44611385,365.88608
1.0,0.33142352,290.3277
1.0,0.37332463,6400.668
1.0,0.4760966,116.79322
1.0,0.9929629,26968.229
1.0,0.43470138,1963.3915
1.0,0.6197923,100.72695
1.0,0.45021927,94.07586
1.0,0.36772755,121.54079
1.0,0.43218586,669.0301
1.0,0.3958943,6350.9727
1.0,0.38940936,90.46893
1.0,0.43094915,356.9458
1.0,0.47469506,367.34244
1.0,0.99996245,2.9502002e+06
1.0,0.36791894,1404.0135
1.0,0.9985588,1.4340151e+06
1.0,0.47387746,96.119545
1.0,0.47235918,108.69178
1.0,0.9027819,953.16626
1.0,0.4274229,656.08673
1.0,0.94249797,200.52625
1.0,0.28682336,16388.98
1.0,0.9999933,3733.2847
1.0,0.42501828,904.53314
1.0,0.45173517,65.32665
1.0,0.39883515,1739.7673
1.0,0.43580902,67.14029
1.0,0.39313576,11186.24
1.0,0.36150512,1551.5605
1.0,0.9844589,420.1522
1.0,0.4529196,1865.8066
1.0,0.45126653,121.84536
1.0,0.39923093,15976.08
1.0,0.99999547,2048.69
1.0,0.37337556,94.47832
1.0,0.40722772,10549.723
1.0,0.4353475,163.88583
1.0,0.45062444,137.45459
1.0,0.9985116,12760.631
1.0,0.6957787,3409.2947
1.0,0.38979575,378.11993
1.0,0.41748816,83.778244
1.0,0.84148437,7460.586
1.0,0.4086165,69.40528
1.0,0.40978533,244.21419
1.0,0.39533973,669.9762
1.0,0.5634619,240.43288
1.0,0.4112195,81.83765
1.0,0.48588616,2005.2999
1.0,0.6358054,160.33014
1.0,0.49650002,13373.277
1.0,0.36078018,348.4301
1.0,0.34574285,245.10199
1.0,0.47415462,134.20877
1.0,0.5215544,1384.1287
1.0,0.5634926,1986.6766
1.0,0.37971386,39244.566
1.0,0.4857095,1546.5526
1.0,0.5484305,16332.288
1.0,0.378321,18317.572
1.0,0.3393427,327.74445
1.0,0.5316494,137.12733
1.0,0.49306142,113.67002
1.0,0.33513588,1002.10205
1.0,0.4498056,3091.8076
1.0,0.46376628,3904.208
1.0,0.45202258,682.9726
1.0,0.6193268,97.1686
1.0,0.41765797,85.14756
1.0,0.4046209,76.01268
1.0,0.422837,535.0381
1.0,0.5177028,81.76234
1.0,0.99266714,5260.504
1.0,0.40479714,509.25653
1.0,0.4945772,117.1938
1.0,0.9999703,17648.193
1.0,0.5790787,46896.215
1.0,0.36010197,1404.1592
1.0,0.45088726,235.15959
1.0,0.43170053,227.81201
1.0,0.40732336,73.133385
1.0,0.37280205,1469.4733
1.0,0.99988294,61633.57
1.0,0.46496597,660.148
1.0,0.4170882,155.05574
1.0,0.4800107,3380.3647
1.0,0.4373827,227.44275
1.0,0.5300017,291.0829
1.0,0.50154424,487.59137
1.0,0.3291492,974.1622
1.0,0.41294387,98.56388
1.0,0.41661087,12009.054
1.0,0.45329332,79.7549
1.0,0.5548637,120.442116
1.0,0.35142925,675.9196
1.0,0.49934426,19468.066
1.0,0.3897301,19284.174
1.0,0.5503389,117.31559
1.0,0.443777,165.34059
1.0,0.6707622,181.70305
1.0,0.53670543,74.62326
1.0,0.494888,103.471855
1.0,0.40430722,274.98535
1.0,0.4658938,391.65088
1.0,0.5753147,509.2579
1.0,0.5102546,232.6763
1.0,0.99999857,581.9126
1.0,0.40563947,233.70915
1.0,0.42378438,602.88574
1.0,0.45305693,6424.561
1.0,0.782486,5797.835
1.0,0.5198004,76.50942
1.0,0.47965425,75.785095
1.0,0.47075018,80.52973
1.0,0.95604223,3853.1416
1.0,0.5253117,1307.1204
1.0,0.47950652,734.31415
1.0,0.3454937,24488.451
1.0,0.47659686,133.66621
1.0,0.52017033,82.0839
1.0,0.4087004,71.71581
1.0,0.9933749,9007.765
1.0,0.4555157,2486.6716
1.0,0.96525186,4318.864
1.0,0.4728649,112.47597
1.0,0.38745692,74.72403
1.0,0.3923585,319.1581
1.0,0.41313863,135.79797
1.0,0.46122575,283.43945
1.0,0.47063956,88.87739
1.0,0.9987404,110.33533
1.0,0.49679023,73.88858
1.0,0.76377493,2682.5415
1.0,0.65893734,86.24661
1.0,0.44558185,76.65436
1.0,0.53066796,88.11668
1.0,0.47634798,251.37506
1.0,0.69513977,528.4395
1.0,0.9999924,723.69763
1.0,0.6151497,5740.504
1.0,0.5981582,2127.6792
1.0,0.8363823,42684.105
1.0,0.38500765,105.67262
1.0,0.49752042,70.83459
1.0,0.41403273,547.8101
1.0,0.48310232,655.3661
1.0,0.5611621,527.58673
1.0,0.3203463,1884.1791
1.0,0.49121624,6320.2744
1.0,0.49216685,86.225876
1.0,0.39749458,101.81003
1.0,0.45254233,380.86868
1.0,0.43896458,172.85687
1.0,0.47007707,2.6281206e+08
1.0,0.38817635,674.2837
1.0,0.87237525,28559.68
1.0,0.42613572,119.70003
1.0,0.49699762,99.069336
1.0,0.40214247,130.53456
1.0,0.56419367,2615.6687
1.0,0.4093182,145.0409
1.0,0.6216452,95.06276
1.0,0.3892374,115.26956
1.0,0.19351967,1659.5697
1.0,0.64639485,5078.101
1.0,0.42203033,78.86137
1.0,0.42757806,4330.8086
1.0,0.50533295,72.407936
1.0,0.42888615,76.77717
1.0,0.2896715,488.12003
1.0,0.44123253,70.800995
1.0,0.5223702,2933.1404
1.0,0.4308302,118.350525
1.0,0.5128552,427.20956
1.0,0.3846407,553.55005
1.0,0.5197449,78.36706
1.0,0.4858482,131.39314
1.0,0.60230815,10795.641
1.0,0.41776565,722.38855
1.0,0.32273757,1163.422
1.0,0.5993886,138.22986
1.0,0.37240925,2989.4753
1.0,0.7066228,9182.294
1.0,0.47662577,489.8125
1.0,0.9995864,4355.1035
1.0,0.3823707,3985.0876
1.0,0.5779396,889.6902
1.0,0.32254362,1262.965
1.0,0.674356,30323.684
1.0,0.424595,803.0357
1.0,0.99998915,34546.227
1.0,0.5991117,2040.4714
1.0,0.96941054,376.99216
1.0,0.41620985,90.57179
1.0,0.42432138,88.3893
1.0,0.50462425,128.72835
1.0,0.39306915,1935.172
1.0,0.9941757,6799.569
1.0,0.5456025,794.741
1.0,0.37022454,141.19548
1.0,0.86821765,28040.322
1.0,0.34110504,4612.158
1.0,0.9996952,98.01854
1.0,0.2629835,2260.7861
1.0,0.39956003,223.51643
1.0,0.447339,274.48297
1.0,0.46624577,3826.9253
1.0,0.9486228,71.20492
1.0,0.4310959,87.34603
1.0,0.39720672,102.175934
1.0,0.40746725,562.42377
1.0,0.40602672,90.88603
1.0,0.3515799,176.83398
1.0,0.40136713,77.75686
1.0,0.5037324,77.92322
1.0,0.35873097,710.8801
1.0,0.4432237,80.986374
1.0,0.5988063,2634.485
1.0,0.4128861,70.92519
1.0,0.4923552,84.65375
1.0,0.9408242,10294.543
1.0,0.9999529,165.80516
1.0,0.4067345,173.70293
1.0,0.57402176,940.4372
1.0,0.5813845,3259.6284
1.0,0.31213373,3871.75
1.0,0.9752612,4357.4736
1.0,0.35590023,23085.0
1.0,0.49911025,248.06355
1.0,0.47623938,214.81854
1.0,0.39452755,3179.9526
1.0,0.5247239,541.8711
1.0,0.38830295,935.92645
1.0,0.4314056,3884.7097
1.0,0.4978713,748.2468
1.0,0.4046378,67.07769
1.0,0.9553487,966.4055
1.0,0.6336099,395.7048
1.0,0.45295587,71.1525
1.0,0.4629521,1307.1053
1.0,0.5044571,69.103935
1.0,0.4118227,1299.5397
1.0,0.5072764,115.43643
1.0,0.7665965,451.56232
1.0,0.8000971,489.36578
1.0,0.42857844,91.7041
1.0,0.4452882,791.8649
1.0,0.514602,3280.0508
1.0,0.386661,1441.2793
1.0,0.4104981,1147.9285
1.0,0.540303,205.67642
1.0,0.49582925,2604.0706
1.0,0.5048632,69.588295
1.0,0.40864423,179.68037
1.0,0.45796454,48635.414
1.0,0.53627515,669.5151
1.0,0.50252366,452.4626
1.0,0.7980307,93777.44
1.0,0.32932636,3895.582
1.0,0.43186954,579.18353
1.0,0.5270118,89.23751
1.0,0.35207975,1359.9241
1.0,0.49019974,179.5717
1.0,0.98333573,2734.1655
1.0,0.5231761,401.01413
1.0,0.39314342,269.7797
1.0,0.4801362,84.4064
1.0,0.3763103,756.6093
1.0,0.56522375,187.44089
1.0,0.5783152,109.01179
1.0,0.5680208,98.53291
1.0,0.38018715,177.79973
1.0,0.47703734,98.27701
1.0,0.20284042,2154.7808
1.0,0.4554629,1592.593
1.0,0.47518036,286.2707
1.0,0.54710597,95.0749
1.0,0.4962169,122.53056
1.0,0.38962734,5499.7915
1.0,0.5168925,211.54662
1.0,0.4671368,637.45013
1.0,0.42939308,84.84788
1.0,0.50677687,73.05033
1.0,0.46648616,4177.5356
1.0,0.48307383,66.23021
1.0,0.45572004,210.38625
1.0,0.44713354,287.86172
1.0,0.83635426,827.3601
1.0,0.73053074,2705.6135
1.0,0.38862896,102.03239
1.0,0.5124282,651755.94
1.0,0.9999914,205.05577
1.0,0.826204,10541.085
1.0,0.45129946,692.7312
1.0,0.7854828,26956.594
1.0,0.896073,25821.705
1.0,0.6000499,1710.5873
1.0,0.3739464,266.78333
1.0,0.4088949,230.91643
1.0,0.48420972,179.30444
1.0,0.33750308,5928.791
1.0,0.6343398,496.38855
1.0,0.4099145,320.96014
1.0,0.43113688,70.673546
1.0,0.4747719,25029.04
1.0,0.99984086,1131.3823
1.0,0.3660974,888.4909
1.0,0.45493913,172.83467
1.0,0.98986316,844866.94
1.0,0.49803182,254.60733
1.0,0.83762616,9140.104
1.0,0.9994815,5201.291
1.0,0.44200358,139.83275
1.0,0.43562746,208.54214
1.0,0.9999957,1.4586542e+06
1.0,0.5087013,67.7339
1.0,0.9417162,2100.7314
1.0,0.50303787,15759.82
1.0,0.4623186,79.29437
1.0,0.97506094,627.7159
1.0,0.95527905,184.11989
1.0,0.70177406,773.0608
1.0,0.50114423,221.96007
1.0,0.48986277,537.86176
1.0,0.52061874,410.86978
1.0,0.59267896,192.18303
1.0,0.7206613,986.431
1.0,0.3614766,502.7241
1.0,0.3478632,935.8062
1.0,0.4748064,9349.974
1.0,0.7038578,5225.323
1.0,0.3965406,11639.164
1.0,0.47793147,1512.9592
1.0,0.9084841,493.78018
1.0,0.299556,2830.3533
1.0,0.61400163,863.51855
1.0,0.99961627,173.93242
1.0,0.9997061,4083.3962
1.0,0.47909257,217.6381
1.0,0.2651821,1626.0592
1.0,0.9931051,1995.4954
1.0,0.45326608,990.3829
1.0,0.5947684,330.9935
1.0,0.63217086,118.92863
1.0,0.74211955,4225.507
1.0,0.3789515,169.51643
1.0,0.46381366,909.70874
1.0,0.36907914,631.914
1.0,0.64612955,96.995926
1.0,0.20966262,1339.3813
1.0,0.4361973,79.35683
1.0,0.46122575,92.67515
1.0,0.36261305,183.24432
1.0,0.41457006,208.42975
1.0,0.52502084,677.1987
1.0,0.9989606,6831.1997
1.0,0.40662488,253.44511
1.0,0.28609052,309.41898
1.0,0.42372978,754.4218
1.0,0.89466053,11745.085
1.0,0.38034186,74.05197
1.0,0.6147317,349.525
1.0,0.37607336,90.0551
1.0,0.43531343,296.49313
1.0,0.45767,1660.1356
1.0,0.41580227,248.75946
1.0,0.45717156,271.95206
1.0,0.99705446,10288.95
1.0,0.99958473,11970.784
1.0,0.4171963,90.86149
1.0,0.9999347,3178.307
1.0,0.432832,377.8041
1.0,0.46562475,103.11444
1.0,0.535872,542.7404
1.0,0.37730104,6494.4297
1.0,0.2880249,502.80524
1.0,0.43650925,308.1302
1.0,0.44371906,129.26422
1.0,0.803929,2719.219
1.0,0.36638963,4406.212
1.0,0.43205306,212.36719
1.0,0.5570557,214.25534
1.0,0.5199987,171.9379
1.0,0.40916264,1771.3451
1.0,0.57968557,593.416
1.0,0.7323682,425.60608
1.0,0.46446007,65.1066
1.0,0.8364841,73.70188
1.0,0.9947278,1619.401
1.0,0.50251347,4405.0557
1.0,0.3985165,134.86893
1.0,0.5622333,510.94794
1.0,0.50629133,225.45941
1.0,0.5585009,3807.161
1.0,0.51161444,145.21027
1.0,0.31183115,1367.4381
1.0,0.9132721,373.79214
1.0,0.44142893,68.90996
1.0,0.47097653,90.24806
1.0,0.4620446,77.68816
1.0,0.37763068,2060.1035
1.0,0.40887034,92.1224
1.0,0.63553613,4872.606
1.0,0.51333797,121.88216
1.0,0.3325342,122.966354
1.0,0.48731294,7091.3047
1.0,0.67404824,4836.378
1.0,0.44280016,1280.0216
1.0,0.43550104,136.63101
1.0,0.51693004,111.42724
1.0,0.38940567,2984.5496
1.0,0.88289815,10313.199
1.0,0.44971183,2290.1982
1.0,0.49032778,8276.436
1.0,0.48938596,82.946846
1.0,0.3676545,1170.0858
1.0,0.35899842,163.55014
1.0,0.46122575,21471.387
1.0,0.29994193,1210.3009
1.0,0.43257457,174.8514
1.0,0.46754175,75.894554
1.0,0.43656543,125.425766
1.0,0.9998318,2100.2898
1.0,0.9995939,6.4786545e+06
1.0,0.42374587,208.5615
1.0,0.5878506,621.8183
1.0,0.5406935,1185.8439
1.0,0.36191994,276.4961
1.0,0.39660767,171.41783
1.0,0.76614034,136.77623
1.0,0.42797273,1829.1185
1.0,0.4131916,170.6673
1.0,0.3725748,97.37074
1.0,0.36888775,23048.658
1.0,0.38095632,390.7107
1.0,0.5574956,1323.5623
1.0,0.38492525,128.56105
1.0,0.4632491,93.26978
1.0,0.51495653,776.24603
1.0,0.47063112,1953.8348
1.0,0.46997747,115.78741
1.0,0.40693304,305.99606
1.0,0.99981064,3849.262
1.0,0.40863168,87.65721
1.0,0.40140438,2429.7932
1.0,0.48209837,202.6999
1.0,0.37952915,8268.171
1.0,0.4919333,1405.7596
1.0,0.45094332,74.5309
1.0,0.86553556,33972.758
1.0,0.4365068,192.8082
1.0,0.9999778,3051.1191
1.0,0.46692824,112.760605
1.0,0.9999274,9877.934
1.0,0.47532597,14654.719
1.0,0.32494792,188.1822
1.0,0.994628,183.59332
1.0,0.88414836,95317.305
1.0,0.9999894,2134.7998
1.0,0.6495697,1884.5784
1.0,0.5478976,104.67003
1.0,0.49376464,1072.7534
1.0,0.38662204,72.112144
1.0,0.3796039,258.01953
1.0,0.3641402,2604.814
1.0,0.62839407,1285.3593
1.0,0.4959498,812.5023
1.0,0.38932556,691.9034
1.0,0.43324497,133.12225
1.0,0.37730825,504.34286
1.0,0.30091092,1564.1873
1.0,0.5428216,5594.1616
1.0,0.41031197,91.77476
1.0,0.44091514,66031.586
1.0,0.48963666,391.733
1.0,0.34683162,28140.807
1.0,0.4034389,261.0649
1.0,0.5180011,110.066475
1.0,0.99697757,4527.0435
1.0,0.97499835,1450.4884
1.0,0.99868363,421.71548
1.0,0.4474515,2363.478
1.0,0.47043687,1084.1401
1.0,0.98273534,151.4563
1.0,0.5747331,847.3846
1.0,0.39588976,101.03576
1.0,0.39779782,1655.1024
1.0,0.49484906,116.9368
1.0,0.40899003,2438.7979
1.0,0.4477074,456.06137
1.0,0.49605808,1858.4882
1.0,0.48749787,233.91336
1.0,0.5292316,19027.771
1.0,0.44709173,7987.634
1.0,0.30063614,1445.4988
1.0,0.4420913,1354.7445
1.0,0.46214446,434.85577
1.0,0.9486391,80.60152
1.0,0.48663533,133.72243
1.0,0.34959725,12006.312
1.0,0.49777123,120.192635
1.0,0.8350802,5274.6333
1.0,0.52034235,725.0067
1.0,0.46418673,281.41208
1.0,0.5327381,938.6082
1.0,0.314276,934.017
1.0,0.49408343,95.71924
1.0,0.545683,3524.1455
1.0,0.430753,675.8209
1.0,0.58819777,167.20341
1.0,0.48152465,138.41795
1.0,0.394247,393.48422
1.0,0.602895,516.1718
1.0,0.99708277,18718.217
1.0,0.57132107,79.52525
1.0,0.6249233,6601.9736
1.0,0.59242445,231.54147
1.0,0.42136115,84.51249
1.0,0.43568408,242.85118
1.0,0.48270947,90.25664
1.0,0.4315314,502.3914
1.0,0.3517825,24467.22
1.0,0.28232768,995.75775
1.0,0.43492395,66.714714
1.0,0.99950767,4892.782
1.0,0.5193439,101.250534
1.0,0.5365936,131.98698
1.0,0.59288555,1407.8093
1.0,0.51032686,152.86449
1.0,0.37905025,91.36596
1.0,0.47174844,94.98459
1.0,0.40394577,85.76311
1.0,0.6321525,657.8078
1.0,0.4858941,366.07294
1.0,0.46942943,406.75467
1.0,0.68212765,560.8356
1.0,0.41288793,1091.6113
1.0,0.4858852,413.34482
1.0,0.53012985,132.72157
1.0,0.9930143,110.949905
1.0,0.46641344,130.26096
1.0,0.6935296,145.63794
1.0,0.44233504,85.27274
1.0,0.47142977,599.3995
1.0,0.9995567,2022.727
1.0,0.68144315,468.07944
1.0,0.39786792,66.10725
1.0,0.5146709,2148.813
1.0,0.4067959,1928.4514
1.0,0.5902302,117.77491
1.0,0.4671769,25136.445
1.0,0.46179277,93.58129
1.0,0.5224419,557.6206
1.0,0.38849032,121.19632
1.0,0.9996381,230.2267
1.0,0.50079197,78.841866
1.0,0.3925186,4997.761
1.0,0.44592607,97.184715
1.0,0.48306704,607.3468
1.0,0.9617661,443.61093
1.0,0.49412996,9484.866
1.0,0.46283692,162.52675
1.0,0.9634575,1254.9202
1.0,0.3409322,143.68048
1.0,0.41417497,1120.5441
1.0,0.44004816,432.91998
1.0,0.6545218,1042.814
1.0,0.99997985,2.4015055e+06
1.0,0.27297086,495.3476
1.0,0.34189048,466.4572
1.0,0.41434205,186.62276
1.0,0.49422213,78.13204
1.0,0.3871959,74.38738
1.0,0.7366577,1077.1925
1.0,0.9202209,2039.1255
1.0,0.50184673,109.655396
1.0,0.4059967,3019.4065
1.0,0.86565846,3913.8027
1.0,0.72728574,195.50053
1.0,0.3697894,18022.975
1.0,0.45603725,511.46628
1.0,0.4375348,357.73227
1.0,0.5240515,469.41086
1.0,0.3956085,7186.794
1.0,0.38769573,4034.176
1.0,0.41773736,641.6454
1.0,0.4652105,1411.8433
1.0,0.30845457,2774.5999
1.0,0.51920724,93.138824
1.0,0.4853631,214.59566
1.0,0.5722578,450.59506
1.0,0.5858904,2106.1658
1.0,0.999982,2801.026
1.0,0.8225777,192.98346
1.0,0.4593065,549.9972
1.0,0.44180015,74.17529
1.0,0.94945675,495.15918
1.0,0.50186205,95.02353
1.0,0.5677028,174.75237
1.0,0.52883947,5139.578
1.0,0.3879639,50614.965
1.0,0.48320985,88.00563
1.0,0.38890916,112.67064
1.0,0.29749742,1090.9679
1.0,0.4927873,388.44028
1.0,0.49148098,82.47007
1.0,0.36587885,106.464714
1.0,0.31824133,2532.6013
1.0,0.4854173,105.6844
1.0,0.99991846,118101.69
1.0,0.33688965,619.27997
1.0,0.93580526,1695.652
1.0,0.41137603,6323.304
1.0,0.48904464,3081.8264
1.0,0.55821997,105.67982
1.0,0.37755793,181.69208
1.0,0.5082545,720.59784
1.0,0.351896,123.132324
1.0,0.7655313,182.16698
1.0,0.39289933,269.44492
1.0,0.2679466,4963.5396
1.0,0.6617546,246.28963
1.0,0.70837,1883.0995
1.0,0.39359602,4883.4033
1.0,0.9999994,5250.32
1.0,0.6585819,905.1267
1.0,0.36679327,618.25037
1.0,0.77498347,2906.2288
1.0,0.5084185,920.682
1.0,0.37113595,148.75064
1.0,0.49556294,399.1209
1.0,0.38592494,472.80197
1.0,0.31194615,202.35556
1.0,0.5117946,1219.2424
1.0,0.99005073,2464.135
1.0,0.42266983,259.05307
1.0,0.40319583,257.2374
1.0,0.5593929,2407.0862
1.0,0.34371883,99.07744
1.0,0.99250025,16921.742
1.0,0.40794495,2378.2312
1.0,0.5336433,161.37177
1.0,0.46122575,67.801895
1.0,0.97457755,6.9342515e+06
1.0,0.46231124,712.9723
1.0,0.49377736,2831.9338
1.0,0.5666862,78.659424
1.0,0.9991523,85.607735
1.0,0.996627,1071.0963
1.0,0.9999999,10685.111
1.0,0.98377305,907.1339
1.0,0.46401253,205.20961
1.0,0.9792921,1000.5453
1.0,0.49044186,2316.254
1.0,0.29985747,1399.607
1.0,0.44681326,104.28958
1.0,0.49480906,216.57782
1.0,0.77221286,2044.0446
1.0,0.4631507,227.02086
1.0,0.46924844,1121.8921
1.0,0.6137203,4337.823
1.0,0.2835645,818.7301
1.0,0.42907348,94.03034
1.0,0.51978827,151.86118
1.0,0.48214144,883.03894
1.0,0.3937158,69.6686
1.0,0.6246977,478.08185
1.0,0.49193192,664.0777
1.0,0.4102578,81.245636
1.0,0.54924977,315.9281
1.0,0.46892485,447.13684
1.0,0.3921903,141.99037
1.0,0.39219034,141.99037
1.0,0.592683,1850.2565
1.0,0.48307082,109.31784
1.0,0.51356405,430.85297
1.0,0.40281036,100.145035
1.0,0.40607813,1217.1478
1.0,0.4756527,5453.4307
1.0,0.34632826,194.8493
1.0,0.4182842,719.0977
1.0,0.42659533,270.82495
1.0,0.46122575,189.43579
1.0,0.9923476,2007.1216
1.0,0.34685233,447.02298
1.0,0.5048486,1488.6976
1.0,0.39893427,65.51086
1.0,0.4069507,97.538925
1.0,0.5150831,81.13862
1.0,0.5242559,149.72823
1.0,0.47455812,162.67769
1.0,0.9735632,1377.5239
1.0,0.35922545,902.8122
1.0,0.5291809,915.6717
1.0,0.77751076,2998.5386
1.0,0.43780264,33285.93
1.0,0.8097248,9656.916
1.0,0.48420084,841.736
1.0,0.3536295,14022.649
1.0,0.56330276,4714.4536
1.0,0.4452346,5291.3735
1.0,0.49166873,1315.9006
1.0,0.45508346,67.80528
1.0,0.38564497,87.03653
1.0,0.62155277,2407.998
1.0,0.42165798,101.419205
1.0,0.40425602,2918.168
1.0,0.49957788,856.4346
1.0,0.4560047,679.3652
1.0,0.4356953,103.65464
1.0,0.45786467,98.965836
1.0,0.3966121,6179.518
1.0,0.35292435,28917.24
1.0,0.39707366,77.66921
1.0,0.4307693,93.80019
1.0,0.32848385,492.32343
1.0,0.38799906,123.01517
1.0,0.5743411,150.39609
1.0,0.74460244,430.5756
1.0,0.4987802,110.265335
1.0,0.40937436,4035.175
1.0,0.97305673,79.86169
1.0,0.99998915,578.0867
1.0,0.638844,582.14014
1.0,0.4127885,325.57742
1.0,0.5296957,80.161385
1.0,0.49066585,804.6654
1.0,0.46414194,281.62057
1.0,0.4243037,2023.0159
1.0,0.46122575,298.2191
1.0,0.47352335,123.01497
1.0,0.9985373,449.59607
1.0,0.9998419,1652.1556
1.0,0.44086096,561.3549
1.0,0.6395458,724.0036
1.0,0.39131865,2609.6575
1.0,0.46122575,508.1347
1.0,0.45067188,75758.39
1.0,0.9999995,1073.207
1.0,0.48275492,1699.7397
1.0,0.28821173,201.35492
1.0,0.35231808,847.6712
1.0,0.34863728,1758.9232
1.0,0.34807646,4616.168
1.0,0.43317854,298.2335
1.0,0.9539297,19143.95
1.0,0.9998436,941.2915
1.0,0.34501964,481.0983
1.0,0.5763652,4071.1033
1.0,0.5528027,9595.583
1.0,0.51526344,1204.7233
1.0,0.47046873,164.73718
1.0,0.42637312,84.19093
1.0,0.37632117,159.67978
1.0,0.4274979,150.41112
1.0,0.5422297,963.64325
1.0,0.5445134,1821.106
1.0,0.99933964,1297.7046
1.0,0.40435869,162.94763
1.0,0.4571901,88.84831
1.0,0.50936717,68.06233
1.0,0.50853515,44129.66
1.0,0.9944267,32787.906
1.0,0.25469777,7157.3154
1.0,0.7108212,363.857
1.0,0.98624414,96502.81
1.0,0.3828864,71.56655
1.0,0.45418924,513.1994
1.0,0.48248884,92.490395
1.0,0.9782533,22815.531
1.0,0.9968534,5667.733
1.0,0.43386328,92.97703
1.0,0.47893298,73953.3
1.0,0.4885309,93.66517
1.0,0.56781757,2216.1038
1.0,0.3588844,8186.753
1.0,0.52787143,119.34963
1.0,0.4863482,92.301346
1.0,0.9974482,84216.81
1.0,0.45800877,2316.788
1.0,0.22459863,2696.888
1.0,0.44179,701.0352
1.0,0.40027112,1496.8442
1.0,0.4375446,76.178444
1.0,0.426462,1882.0164
1.0,0.9885429,1654.6427
1.0,0.40162954,40709.11
1.0,0.5060382,4219.7554
1.0,0.4432699,203.05809
1.0,0.21143374,961.5844
1.0,0.48120835,691.16766
1.0,0.40831998,50678.305
1.0,0.78806484,1287.6221
1.0,0.47634107,67.77151
1.0,0.38248482,23504.238
1.0,0.42017242,253.64137
1.0,0.48761865,205.94781
1.0,0.49311313,87.22533
1.0,0.3861007,126.94268
1.0,0.45473447,741.4183
1.0,0.40883893,6269.0317
1.0,0.4980197,284.2048
1.0,0.4050494,66.17853
1.0,0.403475,443.97418
1.0,0.607371,1139.6244
1.0,0.43507853,11124.998
1.0,0.42950633,1999.4354
1.0,0.99999976,15521.398
1.0,0.48961282,61590.48
1.0,0.4251803,143.9177
1.0,0.9879852,73692.38
1.0,0.99931705,11003.519
1.0,0.34284562,454.93985
1.0,0.99994934,6859.354
1.0,0.45329157,150.54039
1.0,0.5185013,76.9638
1.0,0.54858017,94.89078
1.0,0.552622,411.78387
1.0,0.36104175,602.9596
1.0,0.997143,1192.3712
1.0,0.96097827,2129.148
1.0,0.41710794,776.12463
1.0,0.47221497,107.20317
1.0,0.34783775,126.17314
1.0,0.9936825,305.5947
1.0,0.9797632,8885.962
1.0,0.39417714,338.642
1.0,0.4383813,75.32827
1.0,0.9995716,5307.1616
1.0,0.45245704,904.8346
1.0,0.48504326,82.626755
1.0,0.4177858,92.5892
1.0,0.5771613,14046.148
1.0,0.35623696,274.82538
1.0,0.35193852,564.50586
1.0,0.3950956,140.72406
1.0,0.5294172,161.82927
1.0,0.38500395,739.00287
1.0,0.48606178,2816.8628
1.0,0.50780606,109.194466
1.0,0.4191881,10872.103
1.0,0.47283503,82.66482
1.0,0.99988747,196.67995
1.0,0.36794928,160.56628
1.0,0.4947677,458.84668
1.0,0.5275107,110.895706
1.0,0.4790683,95.76481
1.0,0.50949204,103.959755
1.0,0.42211974,106.63587
1.0,0.40018824,138.78256
1.0,0.39223003,1054.1172
1.0,0.3129318,317.7602
1.0,0.32032502,18800.11
1.0,0.51142704,16573.773
1.0,0.3749752,2375.5562
1.0,0.47812352,256.1637
1.0,0.40817872,3003.4282
1.0,0.50052357,232.81276
1.0,0.42926928,85.16061
1.0,0.45335665,122.95508
1.0,0.3966449,90.42186
1.0,0.3669041,140.64807
1.0,0.45675376,98.52217
1.0,0.82017845,9426.406
1.0,0.58762425,189.08844
1.0,0.32539037,1216.2649
1.0,0.42319095,218.6066
1.0,0.49863213,71.14406
1.0,0.73208773,13176.573
1.0,0.5554825,1466.7048
1.0,0.53595656,7017.653
1.0,0.41010076,849.74316
1.0,0.9999794,2519.9973
1.0,0.38936806,901.33936
1.0,0.9990528,22346.613
1.0,0.5368154,188.40579
1.0,0.38723162,443.6657
1.0,0.52787566,7216.493
1.0,0.479471,450.92566
1.0,0.46576902,4782.254
1.0,0.49383244,193.05043
1.0,0.99975973,4141.73
1.0,0.99999917,2478.7637
1.0,0.5935469,82.12456
1.0,0.41865072,80.299515
1.0,0.44669867,137.71866
1.0,0.41117185,103.0901
1.0,0.4107589,90.01675
1.0,0.4094345,578.0225
1.0,0.50292015,403.8355
1.0,0.3320238,89.40777
1.0,0.9579491,418.10782
1.0,0.6349118,5179.024
1.0,0.49253154,881.38306
1.0,0.38699618,114.86806
1.0,0.78052235,309.93085
1.0,0.55992377,81.219055
1.0,0.9999647,30300.652
1.0,0.6328104,1098.0563
1.0,0.46122575,161.53769
1.0,0.99447674,5649.247
1.0,0.30161336,613.43744
1.0,0.54033005,77.757416
1.0,0.40231356,2249.2312
1.0,0.4863577,88.88061
1.0,0.4843183,96.36488
1.0,0.31098762,3066.829
1.0,0.44408992,95.82539
1.0,0.67629176,944.47437
1.0,0.3937096,143.44853
1.0,0.42201185,598.9702
1.0,0.49832562,222.86618
1.0,0.4157061,797.4122
1.0,0.40229157,106.96784
1.0,0.50177026,270.28238
1.0,0.6483622,653.87897
1.0,0.36538798,99.52784
1.0,0.8040479,538.22534
1.0,0.47804815,101.85302
1.0,0.9999809,113.90515
1.0,0.72578394,284.06955
1.0,0.49485642,418.9338
1.0,0.90813243,3882.6118
1.0,0.41601905,82.85589
1.0,0.36227575,169.8145
1.0,0.49612778,156.7254
1.0,0.5199213,162.6318
1.0,0.38340127,2059.1492
1.0,0.33178636,1056.6254
1.0,0.40542018,132.5052
1.0,0.43949604,108.08135
1.0,0.33603752,381.9875
1.0,0.5491682,293.71524
1.0,0.37403992,796.0086
1.0,0.43126997,72.84953
1.0,0.44944048,929.2233
1.0,0.87038934,3335.758
1.0,0.47697788,78.38195
1.0,0.53456384,1352.1521
1.0,0.4276856,1395.7943
1.0,0.41448918,571.8998
1.0,0.5006364,220.31148
1.0,0.3363031,72.665375
1.0,0.99629045,1565.8257
1.0,0.45875877,99.95055
1.0,0.88485074,1158.9025
1.0,0.3975666,69.62444
1.0,0.99999034,1680.8629
1.0,0.38377276,7612.427
1.0,0.31246814,819.06866
1.0,0.3736987,247.40367
1.0,0.38905385,9304.01
1.0,0.3916092,9351.318
1.0,0.5285699,461.01736
1.0,0.41137657,14072.375
1.0,0.3551081,1594.3505
1.0,0.45104408,1321.5011
1.0,0.9999025,17337.12
1.0,0.37904793,4831.779
1.0,0.50401384,2416.1445
1.0,0.7766016,909.78564
1.0,0.44403985,3055.3481
1.0,0.53404665,171.32019
1.0,0.3817051,1129.6284
1.0,0.35436556,239.72537
1.0,0.47018287,6918.745
1.0,0.47329783,403.98874
1.0,0.4830468,82.81962
1.0,0.48467648,84.51374
1.0,0.41771513,304.48694
1.0,0.39363015,11357.297
1.0,0.41235408,76.98797
1.0,0.4115766,94.41703
1.0,0.26707155,461.29938
1.0,0.37625107,5434.28
1.0,0.42222407,741.4484
1.0,0.45833045,588.31885
1.0,0.49611205,25739.73
1.0,0.46122575,337.11026
1.0,0.49581936,9499.071
1.0,0.46958447,69.63052
1.0,0.46488965,169.16086
1.0,0.94882745,4083.6562
1.0,0.44685343,85.712746
1.0,0.36488524,103.05988
1.0,0.41006523,94.45062
1.0,0.9963898,157.56212
1.0,0.63161445,777.49097
1.0,0.41442293,22898.398
1.0,0.80360144,6.210412e+06
1.0,0.5131866,93.17061
1.0,0.50068516,136.9047
1.0,0.52151257,454.8989
1.0,0.9989666,1.0585296e+06
1.0,0.35882655,4973.6836
1.0,0.35589078,637.05444
1.0,0.99969745,162.39609
1.0,0.49337116,85.72942
1.0,0.4541456,38547.367
1.0,0.43943754,2347.7466
1.0,0.35517952,115.031876
1.0,0.46488437,116.796295
1.0,0.4171617,1850.8407
1.0,0.45009646,74.27229
1.0,0.37504843,1545.6707
1.0,0.38310632,137.16129
1.0,0.34570205,884.8256
1.0,0.50526655,3238.892
1.0,0.39521325,85.477936
1.0,0.4702183,735.7378
1.0,0.60973364,1525.1185
1.0,0.621869,5106.9805
1.0,0.44014582,174.38408
1.0,0.42733964,456.55612
1.0,0.53291607,1924.1305
1.0,0.3469204,369.61533
1.0,0.4959015,92.76382
1.0,0.49541533,387.43613
1.0,0.48684862,145.22884
1.0,0.36640912,9400.959
1.0,0.45419386,1948.4833
1.0,0.4411046,72.708176
1.0,0.9975695,25083.236
1.0,0.48749873,85.97307
1.0,0.41658226,90.211754
1.0,0.46378115,1103.7998
1.0,0.9663745,1437.3696
1.0,0.4372128,605.1502
1.0,0.34517974,775.65393
1.0,0.6337844,9297.9795
1.0,0.44415313,373.04327
1.0,0.38953897,71.64472
1.0,0.355068,1318.1637
1.0,0.98172796,441.99973
1.0,0.4574911,1165.7095
1.0,0.4574911,1165.7095
1.0,0.73030424,460.0147
1.0,0.52348065,72.09013
1.0,0.39818975,174.2238
1.0,0.43739313,263.134
1.0,0.39418373,65.23067
1.0,0.5909273,740.03406
1.0,0.46549958,91.19844
1.0,0.39324585,74.8031
1.0,0.4232959,66.303185
1.0,0.9409858,2709.6
1.0,0.44336972,416.24704
1.0,0.49253628,300.44406
1.0,0.7548877,618.507
1.0,0.33535904,20509.066
1.0,0.49173513,69.13562
1.0,0.49021953,2004.4656
1.0,0.46812338,706.8226
1.0,0.41089085,117.79353
1.0,0.40404385,1595.1279
1.0,0.32208934,2335.16
1.0,0.89195716,99.82821
1.0,0.36453372,107.49424
1.0,0.38943437,66.18191
1.0,0.43728876,603.4421
1.0,0.43728876,603.4421
1.0,0.7566766,1354.9565
1.0,0.99994075,379.70627
1.0,0.4779362,154.709
1.0,0.3366689,5994.7026
1.0,0.47750264,50145.125
1.0,0.47424623,111.59436
1.0,0.61789364,9302.263
1.0,0.9279156,2034.8984
1.0,0.6619959,1004.21844
1.0,0.48059633,98.289444
1.0,0.44866985,647.77795
1.0,0.75376874,16296.731
1.0,0.46122575,229.01265
1.0,0.45875126,72.14742
1.0,0.44643968,140.88167
1.0,0.42592716,232.35234
1.0,0.4480468,112.71574
1.0,0.520062,1517.7218
1.0,0.51138556,1060.555
1.0,0.4764288,88.172516
1.0,0.39779547,216.76755
1.0,0.57592297,2838.9385
1.0,0.40587974,18210.85
1.0,0.3948489,2280.5815
1.0,0.42910835,66.9102
1.0,0.37594265,102.39544
1.0,0.4523955,87.790634
1.0,0.89151233,303.65863
1.0,0.5417354,119.563354
1.0,0.47846472,275.2007
1.0,0.35889935,203.24835
1.0,0.43148062,72.36025
1.0,0.33710322,3528.8267
1.0,0.46300885,91.23665
1.0,0.41755074,70.10522
1.0,0.3340661,893.4006
1.0,0.44872,1808.624
1.0,0.34082228,9404.655
1.0,0.38177222,4471.42
1.0,0.53857714,752.4406
1.0,0.59171593,949.3634
1.0,0.5028446,75.24022
1.0,0.46940795,333.18216
1.0,0.34342843,540.59705
1.0,0.33148152,1035.9121
1.0,0.99988854,24862.785
1.0,0.6023055,562.51794
1.0,0.42110988,89.185455
1.0,0.38130572,277.51434
1.0,0.9999356,11297.735
1.0,0.45712987,1757.0607
1.0,0.99985695,2595.262
1.0,0.53340375,85.537506
1.0,0.3763002,1136.8588
1.0,0.41367832,122.849014
1.0,0.43966106,78.324844
1.0,0.35918695,172.37434
1.0,0.49175698,1303.1718
1.0,0.3277354,1988.7172
1.0,0.5307726,108.958
1.0,0.6036198,154.5383
1.0,0.46558785,37534.152
1.0,0.3428614,9770.13
1.0,0.41145697,1868.0583
1.0,0.5853885,1096.5479
1.0,0.5335321,201.67308
1.0,0.36179096,19405.006
1.0,0.49091655,130.39804
1.0,0.5469075,1518.426
1.0,0.4814213,102.04566
1.0,0.47464168,152.92526
1.0,0.48058173,75.68043
1.0,0.49618647,746.57605
1.0,0.7585713,189.74615
1.0,0.5647061,511.75613
1.0,0.5598413,305.2
1.0,0.43843848,273.74155
1.0,0.39270008,206.95549
1.0,0.5667848,99.063354
1.0,0.45420793,14053.877
1.0,0.47886568,27220.373
1.0,0.9848701,97465.65
1.0,0.8444968,132.16245
1.0,0.46683633,67.01704
1.0,0.4032291,1892.7954
1.0,0.40068483,102.93707
1.0,0.3506164,1444.922
1.0,0.4265999,176.08072
1.0,0.44387466,865.587
1.0,0.41797775,196.8664
1.0,0.59631026,35760.836
1.0,0.52090967,1580.1525
1.0,0.4124088,9421.273
1.0,0.41639093,138.26279
1.0,0.498023,93.27165
1.0,0.48159337,622.47644
1.0,0.8175809,4056.3638
1.0,0.47232312,473.6611
1.0,0.94824094,666.437
1.0,0.37723893,118.127884
1.0,0.24284041,1994.6017
1.0,0.9827017,3129.4836
1.0,0.45163324,764.3931
1.0,0.9999784,89.4729
1.0,0.42320192,74.837234
1.0,0.514275,156.43434
1.0,0.6110592,1337.4938
1.0,0.38512692,1411.2325
1.0,0.4225932,577.12994
1.0,0.9999566,146779.55
1.0,0.4369079,1813.4988
1.0,0.47603467,764.8948
1.0,0.42889702,13462.925
1.0,0.5503612,68.26195
1.0,0.5778007,4799.571
1.0,0.45512608,85.3911
1.0,0.99970883,10045.184
1.0,0.9785527,2242.9402
1.0,0.9999018,10404.025
1.0,0.27978542,10543.168
1.0,0.99899334,808.1339
1.0,0.47213492,4619.025
1.0,0.37323838,1912.731
1.0,0.35876,103.85702
1.0,0.55825585,15600.914
1.0,0.99999547,5353.287
1.0,0.41324875,2025.1515
1.0,0.46293086,660.9208
1.0,0.6822458,954.4617
1.0,0.4789542,66.469574
1.0,0.92826515,489.1485
1.0,0.49505034,34144.4
1.0,0.5445528,18640.713
1.0,0.48523843,1941.0931
1.0,0.92880785,8461.75
1.0,0.45129544,69.73034
1.0,0.49193302,1405.5991
1.0,0.40930995,81.7307
1.0,0.4322619,289.3547
1.0,0.46122575,132.12152
1.0,0.417566,86.4313
1.0,0.449577,2615.2336
1.0,0.42509314,2382.1277
1.0,0.4112335,84.56684
1.0,0.5342589,91.087105
1.0,0.4599574,74.05829
1.0,0.99929583,38764.074
1.0,0.4754464,99.31171
1.0,0.4715928,309.80463
1.0,0.40975386,1434.7601
1.0,0.8024923,81.35215
1.0,0.4737774,10136.666
1.0,0.37146926,289.3401
1.0,0.6240393,1862.991
1.0,0.55443996,230.87953
1.0,0.42673668,97.30515
1.0,0.45137206,4555.639
1.0,0.48058304,154.60533
1.0,0.5590482,80.56307
1.0,0.4685994,3504.0706
1.0,0.35790944,605.81
1.0,0.99998796,238.69582
1.0,0.31947517,4334.3574
1.0,0.5728291,467.42514
1.0,0.29659376,748.7987
1.0,0.3757886,50777.332
1.0,0.44292125,504.06635
1.0,0.4778874,84.597206
1.0,0.45496213,433.92313
1.0,0.51007074,427.6587
1.0,0.4018922,41926.164
1.0,0.54553545,208.59607
1.0,0.5555095,75.23885
1.0,0.74872154,410.3599
1.0,0.96054876,1267.9286
1.0,0.4659102,3708.5496
1.0,0.46344006,222.40259
1.0,0.4879449,219.8123
1.0,0.9811281,158.66736
1.0,0.41030437,4757.349
1.0,0.5267486,1155.1447
1.0,0.4055068,3993.3418
1.0,0.4050994,444.96924
1.0,0.40414605,99.97758
1.0,0.5116381,441.0786
1.0,0.4531,87.438675
1.0,0.998109,9400.784
1.0,0.5882378,69.83131
1.0,0.9985954,2345.4277
1.0,0.3917179,77.450035
1.0,0.4869309,181.439
1.0,0.48787406,1449.9861
1.0,0.99730057,3103.5686
1.0,0.52964246,68.39686
1.0,0.46122575,70.51762
1.0,0.99966633,4646.824
1.0,0.48342136,146.64182
1.0,0.71694183,905.9415
1.0,0.9999926,7308.0493
1.0,0.41962907,1513.2766
1.0,0.39520362,18524.355
1.0,0.40112844,16782.525
1.0,0.4194606,74.43393
1.0,0.4111882,10482.822
1.0,0.5882681,2448.337
1.0,0.8022748,2906.4043
1.0,0.6667854,199.28526
1.0,0.9935773,1108.4263
1.0,0.5926031,517.2313
1.0,0.51226896,109.68682
1.0,0.98331106,1925.8743
1.0,0.58407944,81.29864
1.0,0.4742053,557.82697
1.0,0.4819551,7745.4165
1.0,0.40805882,270.08112
1.0,0.44558728,164.7133
1.0,0.4275407,119.35153
1.0,0.41725168,104.648544
1.0,0.48844767,69.62842
1.0,0.99592125,4263.301
1.0,0.40266153,3497.9163
1.0,0.42782283,14883.8955
1.0,0.35278583,9490.294
1.0,0.3818975,188.12726
1.0,0.29574305,868.2793
1.0,0.3924742,3609.735
1.0,0.28965127,1054.9039
1.0,0.4739829,82.63145
1.0,0.43303046,173.5386
1.0,0.99806696,5141.2373
1.0,0.27693057,2631.652
1.0,0.5232847,80.10139
1.0,0.3508786,828.1899
1.0,0.39255887,111.2683
1.0,0.9644635,1172.2012
1.0,0.46122575,112.286934
1.0,0.877357,67.74928
1.0,0.48973852,74.854385
1.0,1.0,3701.825
1.0,0.4323973,69.501854
1.0,0.506061,74.66026
1.0,0.38638696,4009.0493
1.0,0.5306893,1595.0709
1.0,0.4806829,922.0548
1.0,0.99380916,492.54266
1.0,0.37566006,3546.636
1.0,0.9999963,890.037
1.0,0.82051337,7925.5034
1.0,0.9996623,231.75359
1.0,0.92797136,2135.23
1.0,0.99999344,11874.36
1.0,0.5615754,799.6171
1.0,0.38675883,1045.7279
1.0,0.99746466,5626.5137
1.0,0.46893308,972.4726
1.0,0.43661377,110.31486
1.0,0.3394555,9801.3955
1.0,0.5242261,2011.768
1.0,0.42564267,99.17253
1.0,0.44888008,23315.527
1.0,0.55777454,1042.002
1.0,0.37062353,278.30832
1.0,0.46122575,5399.757
1.0,0.998242,5451.473
1.0,0.9999379,6.1607795e+06
1.0,0.43140277,130.2649
1.0,0.4809794,1630.0239
1.0,0.4270386,233.65552
1.0,0.41626406,108.94939
1.0,0.44068998,1021.3528
1.0,0.48354444,170.18817
1.0,0.5773813,308.6716
1.0,0.4024725,1187.7163
1.0,0.37807563,108.83676
1.0,0.8845211,827.2733
1.0,0.42720023,176.26903
1.0,0.41514912,20621.242
1.0,0.507543,15510.138
1.0,0.5300744,4558.581
1.0,0.40157855,114.40989
1.0,0.9970795,12699.621
1.0,0.47461492,183.56439
1.0,0.5480615,370.56638
1.0,0.33513486,1461.612
1.0,0.9300871,435.53
1.0,0.36690652,1225.9448
1.0,0.4652761,82.520584
1.0,0.42334464,105.58419
1.0,0.5183153,83.8564
1.0,0.35512242,16479.236
1.0,0.84866905,856.8136
1.0,0.9651582,6585.7236
1.0,0.49355727,2482.4214
1.0,0.4990713,80.14264
1.0,0.46510026,71.2353
1.0,0.50554943,5398.411
1.0,0.45357803,82.63977
1.0,0.3750903,122.47878
1.0,0.99919575,325.28568
1.0,0.5391713,678.3697
1.0,0.5132859,414.22757
1.0,0.33711067,970.67084
1.0,0.99690765,910.9441
1.0,0.42315266,119.111115
1.0,0.46907997,792.41504
1.0,0.485384,1280.8103
1.0,0.97024477,2.4694815e+09
1.0,0.32525977,84544.69
1.0,0.65897787,322.84042
1.0,0.37878194,30698.645
1.0,0.4091197,1873.8945
1.0,0.3687361,907.33466
1.0,0.39247528,106.27966
1.0,0.99993384,11401.513
1.0,0.4750711,2671.792
1.0,0.4044614,822.2692
1.0,0.86354744,6843.609
1.0,0.40708387,865.7248
1.0,0.99986887,10378.059
1.0,0.519984,73.34154
1.0,0.37861747,256.9049
1.0,0.4722173,379.66708
1.0,0.7039882,2076.3079
1.0,0.42794007,76715.46
1.0,0.9998542,1300.9695
1.0,0.38662562,73.188934
1.0,0.9898837,33610.02
1.0,0.47201493,804.29047
1.0,0.5018417,1129.3109
1.0,0.6495873,2283.1257
1.0,0.4991176,838.7529
1.0,0.97977346,8897.531
1.0,0.99997926,18154.473
1.0,0.59055007,408.4903
1.0,0.39072412,15972.222
1.0,0.43131423,1335.5436
1.0,0.34403047,1549.5585
1.0,0.59649503,2465.231
1.0,0.9507285,114.055885
1.0,0.343917,98.903595
1.0,0.99983215,2.904688e+07
1.0,0.82945275,482.13156
1.0,0.47118804,736.7236
1.0,0.9866334,91386.83
1.0,0.43092906,78.147545
1.0,0.3362346,346.631
1.0,0.49165606,69.70227
1.0,0.43302542,464.81097
1.0,0.413553,93.41129
1.0,0.5138362,972.76306
1.0,0.4792697,306.1004
1.0,0.44075558,109.73609
1.0,0.43822157,13333.867
1.0,0.4148355,1279.053
1.0,0.32532552,658.8081
1.0,0.9999995,1.3357928e+06
1.0,0.44326502,109.820045
1.0,0.39090782,77.84741
1.0,0.42584878,3485.893
1.0,0.44668478,329.11545
1.0,0.41939312,66.12585
1.0,0.7715207,1910.8334
1.0,0.4516687,111.0001
1.0,0.39012796,136.35721
1.0,0.44437993,1058.1996
1.0,0.49160695,455.1522
1.0,0.44380066,32577.232
1.0,0.74700403,2265.0398
1.0,0.7003278,2375.984
1.0,0.98979795,165021.58
1.0,0.45493627,451.3157
0.0,0.5043396,363.10233
0.0,0.24530171,40874.69
0.0,0.5142178,187.59572
0.0,0.4105561,1436.7858
0.0,0.47358128,106.06575
0.0,0.46122575,131.81094
0.0,0.52486074,21959.979
0.0,0.40704176,51148.312
0.0,0.44394675,8196.229
0.0,0.5072299,3912.1787
0.0,0.42757294,9517.946
0.0,0.3615861,473.58936
0.0,0.51482284,104.06002
0.0,0.4974372,1377.4937
0.0,0.32994145,4719.296
0.0,0.44588152,567.03595
0.0,0.4284208,66.386116
0.0,0.46041977,4986.9546
0.0,0.46122575,131.186
0.0,0.406598,534.063
0.0,0.4595742,1154.3763
0.0,0.3401269,1883.4944
0.0,0.49905634,1379.1265
0.0,0.4603134,110.000755
0.0,0.47207445,240.57454
0.0,0.4490776,139.61069
0.0,0.44201583,1020.76196
0.0,0.314735,4005.967
0.0,0.37322283,761.8577
0.0,0.41653448,1108.004
0.0,0.34965634,166.10545
0.0,0.41386956,86.83098
0.0,0.47138882,114.04173
0.0,0.47224644,20175.125
0.0,0.42829114,146.39087
0.0,0.779984,1113.1033
0.0,0.34779453,292.31177
0.0,0.6778569,1810.6398
0.0,0.50393414,2360.3286
0.0,0.42187414,2785.486
0.0,0.34001136,265.44934
0.0,0.38986847,73.63142
0.0,0.43089363,74.01816
0.0,0.43943304,646.1995
0.0,0.36017206,5564.1035
0.0,0.8165202,15806.088
0.0,0.4500982,697.0717
0.0,0.48025563,2817.3855
0.0,0.46122575,1473.6572
0.0,0.42869633,70.131355
0.0,0.40718383,47690.3
0.0,0.40729547,71.986305
0.0,0.34471172,1178.4508
0.0,0.51904887,2455.1233
0.0,0.56462365,84.23629
0.0,0.4907041,2244.5266
0.0,0.60176855,64088.043
0.0,0.35697997,8224.322
0.0,0.3856803,9758.321
0.0,0.84668905,702.02924
0.0,0.4917447,78.35364
0.0,0.4577549,254.76686
0.0,0.44288,70.35424
0.0,0.48123917,779.37683
0.0,0.2601108,56861.64
0.0,0.35917553,11943.019
0.0,0.9901932,3644.8115
0.0,0.37941694,531.4903
0.0,0.44087455,20697.004
0.0,0.46122575,484.4153
0.0,0.4994343,6995.505
0.0,0.5426996,456.88483
0.0,0.5327509,952.7854
0.0,0.47108936,331.45502
0.0,0.38195837,32540.518
0.0,0.3431919,581.0807
0.0,0.39297953,1127.9213
0.0,0.42001852,227.2508
0.0,0.42523804,70.25385
0.0,0.39888337,89.24442
0.0,0.40511313,116.90734
0.0,0.34533355,671.19543
0.0,0.48961836,79.10281
0.0,0.38313237,1858.4882
0.0,0.6303675,1858.5739
0.0,0.44119912,111.76872
0.0,0.5905781,157.66708
0.0,0.374702,2002.3749
0.0,0.46013373,1826.668
0.0,0.31749773,6298.924
0.0,0.3842543,529.16614
0.0,0.42660278,68.95593
0.0,0.43856248,1582.9048
0.0,0.5106506,76.1381
0.0,0.5558259,249.95837
0.0,0.52447736,227.6896
0.0,0.46020544,992.14386
0.0,0.38572752,96.44117
0.0,0.39318374,152.39911
0.0,0.47631797,1739.5906
0.0,0.3705336,7280.2915
0.0,0.33513924,28811.232
0.0,0.31366938,574.72327
0.0,0.40966576,1602.2667
0.0,0.41997787,4063.2751
0.0,0.45120662,521.78845
0.0,0.45080227,93.37248
0.0,0.47981954,536.1607
0.0,0.46534285,72.600784
0.0,0.39312035,461.6325
0.0,0.42244378,19785.656
0.0,0.76519156,3101.7803
0.0,0.3860192,5845.1753
0.0,0.35392922,9943.014
0.0,0.40998614,90.73789
0.0,0.41479316,2119.1135
0.0,0.38633144,1307.9093
0.0,0.39301684,1096.5166
0.0,0.3887428,3476.4504
0.0,0.43414906,91.60286
0.0,0.47019985,103629.266
0.0,0.49180272,587.63873
0.0,0.5541327,1040.951
0.0,0.43623823,14640.421
0.0,0.4179525,291.0265
0.0,0.38026148,1981.6508
0.0,0.34119767,1261.5714
0.0,0.39565733,94.04459
0.0,0.29345563,1251.1685
0.0,0.43835837,3476.4524
0.0,0.42212567,653.748
0.0,0.34944072,4286.12
0.0,0.99876463,392.22214
0.0,0.3522691,2821.5273
0.0,0.43538612,72.343925
0.0,0.38274148,23266.123
0.0,0.4857899,227.58626
0.0,0.408157,3875.4438
0.0,0.46263903,83.78321
0.0,0.3715444,921.32513
0.0,0.4385884,115.51389
0.0,0.4484793,5080.4487
0.0,0.42682597,1481.5986
0.0,0.3734733,255.38315
0.0,0.33028984,11491.713
0.0,0.703033,7604.787
0.0,0.3446841,757.6385
0.0,0.38627815,692.3674
0.0,0.5345699,957.1761
0.0,0.45656404,156.00964
0.0,0.47682047,442.36725
0.0,0.49817994,981.2465
0.0,0.4456596,2096.9014
0.0,0.51917803,110.295
0.0,0.5126038,5913.731
0.0,0.37976027,42400.855
0.0,0.37789235,105.369774
0.0,0.37871444,231.74965
0.0,0.46249208,65.14265
0.0,0.47501957,711.64197
0.0,0.5210215,76.736336
0.0,0.3993812,24970.244
0.0,0.49035963,3781.3945
0.0,0.5083712,177.17068
0.0,0.34401917,73752.69
0.0,0.4701325,34802.023
0.0,0.66677815,743.7073
0.0,0.66677815,743.7073
0.0,0.36961737,1263.7501
0.0,0.39563805,355.39606
0.0,0.30304158,407.8156
0.0,0.49442062,2423.0225
0.0,0.35602516,682.3449
0.0,0.59220326,5665.6455
0.0,0.60517406,98.03732
0.0,0.50896186,90.10653
0.0,0.3552731,1110.913
0.0,0.47568488,531.56616
0.0,0.5221634,355.65485
0.0,0.36963964,103.48628
0.0,0.37934637,154.31017
0.0,0.3060398,1728.2308
0.0,0.37250075,862.7301
0.0,0.40754065,63065.15
0.0,0.46122575,89.05673
0.0,0.36687824,4000.921
0.0,0.4455944,11042.95
0.0,0.44412905,225.59312
0.0,0.48135084,3428.3843
0.0,0.4066297,8474.051
0.0,0.5384155,272.1749
0.0,0.35146183,5451.147
0.0,0.4047646,75.94503
0.0,0.35321108,34602.45
0.0,0.4426755,309.81824
0.0,0.34611565,1281.5664
0.0,0.37419787,6254.202
0.0,0.3261843,347.63608
0.0,0.40575108,73.561844
0.0,0.45898288,790.06555
0.0,0.47807065,1651.5072
0.0,0.40541622,47100.87
0.0,0.44981837,668.05566
0.0,0.47649068,79.42523
0.0,0.4139055,1898.0325
0.0,0.38109374,201.78615
0.0,0.36737716,90.79559
0.0,0.59799635,855.1055
0.0,0.4876953,75.25647
0.0,0.30547377,3967.3933
0.0,0.4042017,1895.7592
0.0,0.37931383,300.32516
0.0,0.42049256,23085.508
0.0,0.4847445,69.48278
0.0,0.5323883,862.1241
0.0,0.41598126,301.90533
0.0,0.42987823,105.41253
0.0,0.4824086,890.2691
0.0,0.40537906,123.95087
0.0,0.4460204,4872.183
0.0,0.41693538,67.86137
0.0,0.40180343,1862.7557
0.0,0.4902904,163120.36
0.0,0.43728292,216.6161
0.0,0.39721894,79.764984
0.0,0.30544093,1473.5504
0.0,0.44943956,70.67709
0.0,0.36886406,111.88291
0.0,0.4162535,509.9601
0.0,0.30543154,427.48453
0.0,0.38438904,17688.232
0.0,0.41064706,565.52014
0.0,0.45518973,38418.41
0.0,0.43419746,16433.613
0.0,0.47151637,827.3242
0.0,0.43689102,125.314545
0.0,0.8079602,2779.5562
0.0,0.46122575,3501.8435
0.0,0.37498078,4340.9395
0.0,0.61585,3074.624
0.0,0.38468757,70.953735
0.0,0.44669464,1026.5706
0.0,0.3990081,71.62111
0.0,0.3832958,895.94824
0.0,0.43463016,397.44235
0.0,0.4262647,847.8141
0.0,0.48617217,149.21954
0.0,0.3051487,1708.0892
0.0,0.24166481,5826.491
0.0,0.3362648,1412.672
0.0,0.47101116,1005.5921
0.0,0.3400997,24789.625
0.0,0.36397034,2531.0195
0.0,0.5433423,203.33585
0.0,0.49966007,57913.297
0.0,0.40693754,1095.1702
0.0,0.4862871,505.96823
0.0,0.6520497,1790.8517
0.0,0.4309449,302.2594
0.0,0.36843017,335.74982
0.0,0.43988773,95.60546
0.0,0.39912415,1039.4155
0.0,0.47655073,8561.191
0.0,0.37966508,70.32288
0.0,0.5766771,12384.659
0.0,0.42008623,73.11059
0.0,0.5476058,641.3872
0.0,0.4988257,8092.2246
0.0,0.36169705,22420.39
0.0,0.37676576,6363.002
0.0,0.5270591,1866.5863
0.0,0.9984289,75.35067
0.0,0.5388945,137.32434
0.0,0.19086887,39817.438
0.0,0.52599096,18234.52
0.0,0.37405345,274.84018
0.0,0.41426665,156.55049
0.0,0.24582681,43315.652
0.0,0.33135355,96274.75
0.0,0.41078317,86.84261
0.0,0.59618086,80.43423
0.0,0.49334562,29254.566
0.0,0.43789512,1836.1761
0.0,0.36524037,4121.489
0.0,0.36095124,362.67
0.0,0.4322462,84.41878
0.0,0.4806918,214.17867
0.0,0.5276064,186.38553
0.0,0.3512689,9870.892
0.0,0.5206755,6719.7188
0.0,0.30466777,6725.55
0.0,0.34271905,103.32274
0.0,0.32589573,1858.7188
0.0,0.49683747,93.72329
0.0,0.44148216,90.235756
0.0,0.43142283,117.43641
0.0,0.432016,541.07715
0.0,0.45980787,872.4702
0.0,0.4601591,120.50686
0.0,0.4708268,74.09426
0.0,0.3847578,2331.832
0.0,0.56640863,628.3523
0.0,0.43715298,25318.285
0.0,0.24925822,984.12354
0.0,0.3270708,2559.8474
0.0,0.40300202,2258.0054
0.0,0.37779605,144.56583
0.0,0.38514572,7589.0225
0.0,0.4180185,3869.9182
0.0,0.41571948,74.51122
0.0,0.459515,82.9412
0.0,0.37029728,155.78029
0.0,0.5354375,74006.336
0.0,0.3486952,10696.215
0.0,0.48031327,181.80542
0.0,0.422189,96.93593
0.0,0.38146496,1132.4106
0.0,0.4649151,120.14606
0.0,0.47775808,6160.5767
0.0,0.54056484,1108.3977
0.0,0.42840746,61485.21
0.0,0.509226,18317.975
0.0,0.476414,157.97466
0.0,0.4021022,166.3283
0.0,0.4213168,785.7915
0.0,0.4473638,3521.519
0.0,0.54203373,818.03375
0.0,0.36053306,17220.256
0.0,0.39128262,14346.577
0.0,0.38745555,1191.6952
0.0,0.46248844,115.87198
0.0,0.45594963,176.9209
0.0,0.56096303,154.19186
0.0,0.39916214,101.82982
0.0,0.3595881,1628.6079
0.0,0.387713,5157.118
0.0,0.48143035,82.80339
0.0,0.5139714,5279.176
0.0,0.4746219,358.77896
0.0,0.40491915,246.78255
0.0,0.41941673,439.44235
0.0,0.55135036,425.0387
0.0,0.34768018,36399.285
0.0,0.41322306,735.96844
0.0,0.41570246,14068.652
0.0,0.39611596,23411.596
0.0,0.37703663,142.33556
0.0,0.4519901,1299.2401
0.0,0.57028025,160.94374
0.0,0.4162718,2102.2693
0.0,0.35683262,23979.803
0.0,0.40913972,1921.3702
0.0,0.35145432,1481.8289
0.0,0.45720464,1953.4808
0.0,0.48041394,1792.7866
0.0,0.40580744,118.16018
0.0,0.4446993,1327.5289
0.0,0.4049763,1239.3568
0.0,0.4497938,597.3907
0.0,0.45218652,67.090416
0.0,0.33599257,1013.1442
0.0,0.45742318,150.3695
0.0,0.5124361,66.31134
0.0,0.4394431,187.34943
0.0,0.38576505,139.95241
0.0,0.5046581,72.79343
0.0,0.3829291,212.00212
0.0,0.2941246,3798.276
0.0,0.3832126,78.077675
0.0,0.36665824,192.10149
0.0,0.4198295,3682.5347
0.0,0.46655518,74.35941
0.0,0.3946114,2782.0583
0.0,0.39304337,134.98758
0.0,0.6439063,2820.6555
0.0,0.39703605,1243.8146
0.0,0.49624225,384.2976
0.0,0.5597368,6965.5913
0.0,0.399197,867.6798
0.0,0.37909952,416.94617
0.0,0.4002684,35002.867
0.0,0.47831255,365.09476
0.0,0.4765778,77.36394
0.0,0.42160183,605.0433
0.0,0.39578453,73.808655
0.0,0.31725162,88906.32
0.0,0.39404678,531.228
0.0,0.4429945,810.2178
0.0,0.4077965,188.77852
0.0,0.43482476,1257.9365
0.0,0.54456645,275.5923
0.0,0.40903056,136.52448
0.0,0.55799603,982.92706
0.0,0.33967152,1129.1113
0.0,0.32511872,31154.908
0.0,0.50855714,105.08117
0.0,0.46365473,67.363174
0.0,0.729633,2508.6897
0.0,0.3821192,1980.3588
0.0,0.4363574,1459.0145
0.0,0.41246969,221.72649
0.0,0.46540114,711.13464
0.0,0.43174577,1971.293
0.0,0.41723773,323.683
0.0,0.49653187,698.67584
0.0,0.40308544,4179.054
0.0,0.27890876,913.0128
0.0,0.42393127,66.662575
0.0,0.48049167,490.87607
0.0,0.5075807,347.62766
0.0,0.3706165,1185.3518
0.0,0.46251592,115.93027
0.0,0.49085587,5119.3906
0.0,0.4081596,4357.99
0.0,0.48312518,69.165764
0.0,0.33565903,6963.8325
0.0,0.47433347,186.47047
0.0,0.38706583,1724.4031
0.0,0.40786904,507.39743
0.0,0.31994492,36829.676
0.0,0.4471461,4836.4683
0.0,0.36422312,1206.5977
0.0,0.50334805,169.58066
0.0,0.44154137,105.05631
0.0,0.41236258,127.457184
0.0,0.68068486,2047.923
0.0,0.3139187,1469.9114
0.0,0.34804484,2028.3336
0.0,0.47129914,1180.2844
0.0,0.47224346,115.0128
0.0,0.42157447,2500.0364
0.0,0.416433,69.616875
0.0,0.41207847,239.11026
0.0,0.46350914,283.44257
0.0,0.27049387,3972.7527
0.0,0.4287531,691.2595
0.0,0.37852797,28950.28
0.0,0.42437243,5306.4653
0.0,0.378719,2410.629
0.0,0.3953851,256.66724
0.0,0.4977111,267.96167
0.0,0.40553507,1259.1407
0.0,0.4202157,26801.832
0.0,0.47340128,91.18031
0.0,0.4386557,637.81555
0.0,0.4145256,584.1627
0.0,0.41559684,90.10952
0.0,0.38790298,92.489204
0.0,0.36889204,3072.8743
0.0,0.36810437,97.25791
0.0,0.40137008,74022.51
0.0,0.3580078,396.794
0.0,0.26881227,41354.41
0.0,0.41359258,9341.108
0.0,0.47758073,292.98297
0.0,0.3319603,108.16891
0.0,0.4152787,9801.067
0.0,0.3522762,30779.611
0.0,0.3749178,18374.498
0.0,0.38954982,613.4849
0.0,0.46122575,3792.9375
0.0,0.41658056,10083.794
0.0,0.4392778,302.72852
0.0,0.33486453,36295.883
0.0,0.37213907,697.8509
0.0,0.5565312,1757.6201
0.0,0.45595366,138.8998
0.0,0.4896426,96.0708
0.0,0.3871074,1814.4489
0.0,0.40826106,273.9457
0.0,0.52121633,1584.4784
0.0,0.4296203,3953.409
0.0,0.67217606,9913.511
0.0,0.5191306,117.6697
0.0,0.45247403,156.00793
0.0,0.43524006,238.1083
0.0,0.27827844,769.47876
0.0,0.3062531,3366.83
0.0,0.4195791,1028.8035
0.0,0.36239392,7864.9795
0.0,0.35708737,2051.105
0.0,0.3513479,1654.8125
0.0,0.28849834,1221.6068
0.0,0.37559703,2680.775
0.0,0.41843444,745.5464
0.0,0.45089677,317.65903
0.0,0.57153356,78.03456
0.0,0.41377085,74.38742
0.0,0.45878196,93.096344
0.0,0.4101218,1220.9994
0.0,0.28223026,13963.606
0.0,0.3858488,2400.6672
0.0,0.39851934,1156.8944
0.0,0.41595617,68.53
0.0,0.476785,1670.2837
0.0,0.46122575,69.91296
0.0,0.34250876,2515.055
0.0,0.6033815,994.9889
0.0,0.3069389,704.28784
0.0,0.38091627,21610.596
0.0,0.46851948,112.763084
0.0,0.43090948,82.94634
0.0,0.5138088,68.55982
0.0,0.33861855,38463.023
0.0,0.5727153,18041.428
0.0,0.3830171,14389.345
0.0,0.42299703,2856.4634
0.0,0.42873895,454.50824
0.0,0.42873895,454.50824
0.0,0.431599,229.83409
0.0,0.29939675,2307.489
0.0,0.496843,747.1304
0.0,0.40763965,1207.9777
0.0,0.47236648,221.67001
0.0,0.42441258,84.5544
0.0,0.36497715,95.10625
0.0,0.29639784,733.142
0.0,0.4306437,34723.207
0.0,0.37892067,20821.816
0.0,0.39757833,20153.518
0.0,0.4430439,6655.7046
0.0,0.41342327,97.25935
0.0,0.38206866,165.60712
0.0,0.38238382,621.5159
0.0,0.6963942,8088.3384
0.0,0.45361903,533.9589
0.0,0.52666056,230.13887
0.0,0.5883379,5804.695
0.0,0.42377833,689.4036
0.0,0.4874656,746.2872
0.0,0.6426229,298.00568
0.0,0.31436703,8979.849
0.0,0.39314172,33718.465
0.0,0.49934372,159.74246
0.0,0.91720855,152.08986
0.0,0.34252518,4879.5767
0.0,0.4009534,1548.0663
0.0,0.4276466,71.97546
0.0,0.47497147,152.25812
0.0,0.3124877,31686.865
0.0,0.4493319,2084.2803
0.0,0.3116174,7007.005
0.0,0.4031746,68.346275
0.0,0.41942805,130.11923
0.0,0.33010754,33117.438
0.0,0.30536065,25060.69
0.0,0.4906313,1124.4226
0.0,0.6984389,5981.921
0.0,0.35288,3936.441
0.0,0.4829871,4887.85
0.0,0.55014217,68.59926
0.0,0.6455679,98.91739
0.0,0.49402815,2053.3896
0.0,0.40857512,72.53264
0.0,0.3072392,7730.8027
0.0,0.33009398,535.71735
0.0,0.4558181,904.64886
0.0,0.37313128,710.57855
0.0,0.42374164,314.61874
0.0,0.39829594,9839.646
0.0,0.5303674,69.64948
0.0,0.56743205,8284.363
0.0,0.43750015,10465.204
0.0,0.42554757,98.02973
0.0,0.44032905,199.62888
0.0,0.47414514,66.27822
0.0,0.42252043,186.62143
0.0,0.39560202,267.82123
0.0,0.39560202,267.82123
0.0,0.41343844,441.56873
0.0,0.42649165,1763.2769
0.0,0.379151,105.77361
0.0,0.4108889,1407.151
0.0,0.47737417,1897.0553
0.0,0.302369,7729.954
0.0,0.43811217,94.33061
0.0,0.35176158,22625.443
0.0,0.44948885,31453.104
0.0,0.692278,4210.037
0.0,0.49927697,233.4755
0.0,0.4986868,339.5926
0.0,0.34540337,526.711
0.0,0.5763745,190785.02
0.0,0.4130814,1487.718
0.0,0.32641873,1842.6945
0.0,0.27894348,76568.54
0.0,0.64849097,5683.964
0.0,0.43874198,447.1273
0.0,0.5174881,76.261505
0.0,0.5703637,143.2665
0.0,0.51336926,362.27005
0.0,0.45333093,173.0899
0.0,0.3201119,4077.4556
0.0,0.4646791,4637.5806
0.0,0.6737617,3766.2976
0.0,0.38828272,1514.4159
0.0,0.52610767,782.0942
0.0,0.38162655,1254.4202
0.0,0.93449974,7960.8555
0.0,0.40393865,91.15714
0.0,0.48395115,79.184975
0.0,0.43413854,1487.6804
0.0,0.28425652,1586.3567
0.0,0.42958686,129.4485
0.0,0.28167182,5915.1562
0.0,0.5309229,200.11649
0.0,0.35221234,21272.05
0.0,0.45521662,922.9157
0.0,0.44634092,391.19254
0.0,0.3659149,11829.738
0.0,0.40976906,71.20179
0.0,0.75815886,5482.9663
0.0,0.5911141,2316.399
0.0,0.31493974,14768.725
0.0,0.3878772,2518.4165
0.0,0.46122575,77.99212
0.0,0.38462338,103.14796
0.0,0.4623139,2678.4507
0.0,0.31756806,314.92477
0.0,0.35456866,29654.865
0.0,0.31517696,8181.254
0.0,0.43433496,251.03664
0.0,0.44980088,84.85445
0.0,0.48480904,74.65965
0.0,0.5308926,95.93946
0.0,0.48225313,84.68286
0.0,0.7705583,42811.207
0.0,0.4047476,98.34674
0.0,0.3717018,112.082275
0.0,0.5559835,594.141
0.0,0.5269847,988.7059
0.0,0.4251652,67.31552
0.0,0.42923155,84.14473
0.0,0.37291327,564.083
0.0,0.45023453,114.52388
0.0,0.48343754,150.54767
0.0,0.3551452,2890.1274
0.0,0.3809184,20153.473
0.0,0.32860878,4688.0
0.0,0.41648245,125.016464
0.0,0.41409025,1486.3173
0.0,0.4140903,1486.3173
0.0,0.39097843,11282.711
0.0,0.585428,1399.9252
0.0,0.42187363,1124.9456
0.0,0.4721397,502.2419
0.0,0.36658603,2895.365
0.0,0.46122575,69.26836
0.0,0.50038296,69.01035
0.0,0.9949892,225.90419
0.0,0.26708636,1132.164
0.0,0.4704253,2832.7783
0.0,0.35541135,2531.3071
0.0,0.50054985,116.00615
0.0,0.46860453,1190.805
0.0,0.61328465,70.74899
0.0,0.34652388,1500.4379
0.0,0.32915974,5825.551
0.0,0.38607463,2393.941
0.0,0.48535168,160.22887
0.0,0.33205715,133.00691
0.0,0.95504034,96.37898
0.0,0.45011106,113.8122
0.0,0.47198987,536.1731
0.0,0.36052576,1008.5554
0.0,0.332351,1789.1644
0.0,0.3689574,9207.492
0.0,0.39603275,13714.48
0.0,0.5464596,231.72064
0.0,0.4261107,2347.8833
0.0,0.43159482,3859.7893
0.0,0.5158056,141.66211
0.0,0.42697784,107.990074
0.0,0.41877553,833.0544
0.0,0.321769,1442.9672
0.0,0.40404874,3619.3372
0.0,0.3833365,12835.837
0.0,0.42381227,437.63458
0.0,0.30158302,4856.124
0.0,0.44835964,6867.722
0.0,0.3571061,3499.1743
0.0,0.3691306,261.3813
0.0,0.3513154,284.6495
0.0,0.34645078,63868.945
0.0,0.382229,117.234726
0.0,0.40358478,89.66127
0.0,0.27414668,48290.715
0.0,0.9973901,114.12409
0.0,0.19168064,25232.174
0.0,0.4182047,2545.7212
0.0,0.38163662,643.2964
0.0,0.4434568,8098.5225
0.0,0.4545225,83.241165
0.0,0.4681498,161.84998
0.0,0.32376394,2402.0435
0.0,0.47770452,65.72656
0.0,0.37009704,1194.248
0.0,0.46140507,6119.121
0.0,0.4308294,2695.766
0.0,0.5154345,731.8954
0.0,0.46992022,490.60287
0.0,0.56180745,16749.19
0.0,0.46215108,79.54973
0.0,0.47892636,88.00952
0.0,0.5052674,2492.6018
0.0,0.48488995,3931.2837
0.0,0.48267546,120.69641
0.0,0.4125211,4134.7534
0.0,0.38293767,778.4472
0.0,0.39844313,1911.2216
0.0,0.32612932,290.76553
0.0,0.47159472,5504.7603
0.0,0.45344797,97.268456
0.0,0.48558247,83.82851
0.0,0.3901972,565.2818
0.0,0.4212262,131.41609
0.0,0.49368456,233.40091
0.0,0.33402,4413.029
0.0,0.91640896,3723.734
0.0,0.32721907,463.64682
0.0,0.39747688,85.44976
0.0,0.39747688,85.44976
0.0,0.41929892,101.20852
0.0,0.3031706,35588.098
0.0,0.48424616,383.5372
0.0,0.3321528,24249.229
0.0,0.42577404,71.04315
0.0,0.36099738,10797.668
0.0,0.3905647,4855.7773
0.0,0.43402982,7103.6675
0.0,0.45539668,91.32943
0.0,0.42623922,11438.251
0.0,0.3565325,55842.574
0.0,0.34971184,8082.293
0.0,0.38206053,1868.999
0.0,0.4017712,2859.6987
0.0,0.498253,70.53157
0.0,0.4339879,139.64404
0.0,0.29768834,576.94116
0.0,0.48519298,69.63266
0.0,0.41702136,5263.647
0.0,0.3515353,3210.5637
0.0,0.36295035,139.93866
0.0,0.4112536,318.0178
0.0,0.45922893,7239.6626
0.0,0.44971564,711.1706
0.0,0.45654374,346.9737
0.0,0.48208883,162.54272
0.0,0.473698,516.5103
0.0,0.45614144,468.2393
0.0,0.4723742,514.3976
0.0,0.40302992,2364.0542
0.0,0.47743654,79.16854
0.0,0.3922849,512.09143
0.0,0.45087138,78.21128
0.0,0.33284873,2725.7698
0.0,0.39187223,13639.592
0.0,0.38066977,155.58055
0.0,0.36690432,7095.6934
0.0,0.25684154,548.19727
0.0,0.39462885,94.0
0.0,0.42536086,4171.243
0.0,0.4604889,7832.2847
0.0,0.3962551,83.10024
0.0,0.44392917,122.31342
0.0,0.42972872,205.63657
0.0,0.62736577,10079.532
0.0,0.5520473,69292.21
0.0,0.41405666,85.21219
0.0,0.7063188,1563.4181
0.0,0.2595945,4929.159
0.0,0.30887708,4511.978
0.0,0.53484696,124.32657
0.0,0.42088363,149.20988
0.0,0.35644028,1308.57
0.0,0.42731026,83.308464
0.0,0.32308877,1087.1768
0.0,0.3932393,112.37943
0.0,0.47237468,578.28406
0.0,0.48814854,391.09763
0.0,0.37402663,92.47823
0.0,0.25566524,1858.0597
0.0,0.51988703,74.04823
0.0,0.50027233,109.75874
0.0,0.414447,1806.7236
0.0,0.49354532,115.91054
0.0,0.48146918,814.6994
0.0,0.4035263,75.567696
0.0,0.47647807,11602.469
0.0,0.40912253,774.3214
0.0,0.40870616,29577.346
0.0,0.36029324,2053.7087
0.0,0.43188715,818.45557
0.0,0.35272375,12969.512
0.0,0.29241177,1611.9274
0.0,0.4996753,208.77228
0.0,0.43695766,1102.3833
0.0,0.4231556,1500.7262
0.0,0.44271415,11775.338
0.0,0.4247887,291.89835
0.0,0.6513129,20676.334
0.0,0.4077396,140.62892
0.0,0.27495039,358.90723
0.0,0.41629732,73.766815
0.0,0.2018545,56048.594
0.0,0.4636061,1557.1001
0.0,0.35990834,10103.1875
0.0,0.41874316,85.851524
0.0,0.46586442,6407.9736
0.0,0.92856914,472.00815
0.0,0.4267461,813.1123
0.0,0.37448916,7135.1187
0.0,0.3196016,1330.4554
0.0,0.47886044,79.435455
0.0,0.47632354,129.3335
0.0,0.41105458,110.89656
0.0,0.36524746,6541.864
0.0,0.6033985,1537.362
0.0,0.3735873,65714.73
0.0,0.41316223,543.36084
0.0,0.43843448,511.9593
0.0,0.39260855,628.7388
0.0,0.48218018,20579.85
0.0,0.18391384,88509.14
0.0,0.27020985,97188.02
0.0,0.40870842,2562.727
0.0,0.42243698,90.51157
0.0,0.4302088,877.1878
0.0,0.3662039,6434.751
0.0,0.35924175,328.16846
0.0,0.257183,21253.49
0.0,0.27743083,5269.4585
0.0,0.44487238,12680.811
0.0,0.47345304,148.0397
0.0,0.3933077,20673.633
0.0,0.51163626,130.23558
0.0,0.46736068,134.0392
0.0,0.41590807,28501.822
0.0,0.29385683,29022.715
0.0,0.3751407,50306.312
0.0,0.3440034,22411.26
0.0,0.34967795,50963.1
0.0,0.43064544,1430.9498
0.0,0.57186216,1662.1555
0.0,0.43171844,100.38227
0.0,0.46727434,24632.75
0.0,0.27990946,400.05344
0.0,0.48263502,751.61035
0.0,0.40707716,8526.876
0.0,0.48505926,113.76666
0.0,0.4672201,1434.8704
0.0,0.46359423,2107.6428
0.0,0.43513802,100.46535
0.0,0.5440191,7616.933
0.0,0.4007228,1632.1567
0.0,0.4457153,78.63757
0.0,0.32523,28094.621
0.0,0.44128013,1177.0897
0.0,0.47387144,169.80536
0.0,0.402406,43892.207
0.0,0.42591694,174.4332
0.0,0.46823448,1616.8711
0.0,0.6749802,2292.2622
0.0,0.3905779,987.5331
0.0,0.4303984,95.84223
0.0,0.3804949,9233.49
0.0,0.2900399,284.77063
0.0,0.3662957,2332.2644
0.0,0.43077967,509.4682
0.0,0.37610033,3084.775
0.0,0.51640594,290.97522
0.0,0.4024418,722.9511
0.0,0.9975661,9032.167
0.0,0.54622823,22874.703
0.0,0.40675774,74.434235
0.0,0.33751774,2103.0276
0.0,0.37658232,62702.395
0.0,0.444815,114.79581
0.0,0.43888834,1083.4934
0.0,0.31717235,962.45105
0.0,0.557171,3147.3884
0.0,0.2829668,1826.4955
0.0,0.68254083,1471.6143
0.0,0.32689273,20806.895
0.0,0.4017306,17274.682
0.0,0.49675298,197.72203
0.0,0.3320355,48273.113
0.0,0.37605956,2963.5337
0.0,0.3737718,239.60512
0.0,0.4629822,72.40271
0.0,0.39854366,62649.27
0.0,0.43778205,798.045
0.0,0.47934252,1699.5718
0.0,0.5334708,82.92558
0.0,0.5334585,1070.9458
0.0,0.45100597,2056.2234
0.0,0.4511217,6380.548
0.0,0.41404033,203.77199
0.0,0.4048033,75309.56
0.0,0.5072296,1107.34
0.0,0.43051645,87.22353
0.0,0.4347981,985.2052
0.0,0.40948868,366.70975
0.0,0.6403984,1358.6145
0.0,0.46166155,15287.91
0.0,0.3844015,127.02222
0.0,0.55153483,1316.1796
0.0,0.3197319,176.37347
0.0,0.49138993,1982.3776
0.0,0.33824643,250.63826
0.0,0.32464597,7376.313
0.0,0.3068626,1689.4749
0.0,0.36685708,30170.62
0.0,0.4352284,74.58256
0.0,0.37752575,11322.957
0.0,0.4294203,711.2537
0.0,0.30041036,5921.999
0.0,0.3497475,3907.2056
0.0,0.4680794,639.7046
0.0,0.46807945,639.7046
0.0,0.41377875,23117.543
0.0,0.3091946,13945.772
0.0,0.33432615,2964.5393
0.0,0.43511936,972.8079
0.0,0.388148,3041.889
0.0,0.3046469,3384.799
0.0,0.43409666,113.97533
0.0,0.396404,10144.771
0.0,0.4355369,70.19895
0.0,0.32393387,621.8702
0.0,0.40729892,1091.8696
0.0,0.45800954,94.17277
0.0,0.46563607,104.823685
0.0,0.50261205,157.93701
0.0,0.32591537,1242.887
0.0,0.37608266,8766.317
0.0,0.31358323,3665.9343
0.0,0.2919229,3462.1262
0.0,0.46542925,7783.835
0.0,0.42259297,75.971405
0.0,0.34381565,80741.33
0.0,0.43516275,59934.395
0.0,0.26746348,2860.2593
0.0,0.4005129,71.10277
0.0,0.3746265,656.0234
0.0,0.4197693,271.32498
0.0,0.75664043,3971.379
0.0,0.42519504,69.983665
0.0,0.3976984,5272.7314
0.0,0.48852292,241.00958
0.0,0.3709631,71097.49
0.0,0.4524679,87.75582
0.0,0.36399025,1032.2998
0.0,0.76956445,1438.759
0.0,0.43222824,143.75188
0.0,0.64477164,11937.63
0.0,0.3313796,315.08994
0.0,0.41464955,9781.728
0.0,0.2893263,4929.522
0.0,0.46907976,141.2454
0.0,0.46600515,435.10056
0.0,0.4447666,151.43892
0.0,0.28382573,13136.632
0.0,0.709746,87.88247
0.0,0.37712386,96.6803
0.0,0.48393664,508.70187
0.0,0.48655483,94.93963
0.0,0.3487352,2413.6575
0.0,0.47418582,334.35263
0.0,0.40735364,192.90085
0.0,0.3756678,323.11453
0.0,0.40864417,57682.492
0.0,0.43438488,536.9761
0.0,0.4133207,131.25854
0.0,0.6284633,6316.7227
0.0,0.4856932,116.71041
0.0,0.4675105,7378.468
0.0,0.87010205,114.26878
0.0,0.43985128,355.7527
0.0,0.46262628,598.79535
0.0,0.45079792,147.6733
0.0,0.39366442,1113.2305
0.0,0.49877456,1992.7225
0.0,0.4431042,66.07338
0.0,0.42715076,308.30142
0.0,0.38199478,349.17
0.0,0.46594912,85.63377
0.0,0.32505774,8066.256
0.0,0.36776528,80305.46
0.0,0.40356708,70.04282
0.0,0.3439776,1762.4165
0.0,0.47942573,155.65462
0.0,0.5592229,2917.492
0.0,0.39944643,837.438
0.0,0.39944643,837.438
0.0,0.47072092,966.21985
0.0,0.40440282,180.69032
0.0,0.46558836,1916.3065
0.0,0.5215738,74.356804
0.0,0.36344817,5017.64
0.0,0.41340098,95.12567
0.0,0.41113135,766.54675
0.0,0.36528,1382.1567
0.0,0.36618996,357.97488
0.0,0.46122575,25559.27
0.0,0.386335,6496.1875
0.0,0.34759134,488.25726
0.0,0.38663936,2515.8174
0.0,0.401393,9800.938
0.0,0.5138912,793.8737
0.0,0.52843624,14125.968
0.0,0.53945756,669.42175
0.0,0.50841665,7068.3267
0.0,0.38344806,6792.1074
0.0,0.47520277,1542.7358
0.0,0.52039725,73.751144
0.0,0.55357885,995.0211
0.0,0.41927812,117.549545
0.0,0.4141544,6924.1104
0.0,0.6778852,2875.8926
0.0,0.40877223,160.95187
0.0,0.39046326,189.0022
0.0,0.40218186,155.01965
0.0,0.33552113,76499.72
0.0,0.59013826,6168.4956
0.0,0.36924306,1536.2535
0.0,0.48668298,109.62302
0.0,0.3123183,26670.643
0.0,0.4150636,557.7875
0.0,0.4226058,8928.769
0.0,0.5264307,1725.4021
0.0,0.53903764,8608.149
0.0,0.50124407,4018.7517
0.0,0.38782048,290.20007
0.0,0.33733642,1757.213
0.0,0.4685907,305.25583
0.0,0.35904425,7946.2935
0.0,0.38745713,1609.5055
0.0,0.50159115,68.56583
0.0,0.29686847,252.44754
0.0,0.3558196,3344.703
0.0,0.48050642,1782.3071
0.0,0.4094331,123.36278
0.0,0.49718866,471.63437
0.0,0.45074016,357.9918
0.0,0.39890218,1685.5043
0.0,0.43412268,2389.5671
0.0,0.41928467,480.3939
0.0,0.3724717,3496.6953
0.0,0.3612792,12374.887
0.0,0.44763145,507.62616
0.0,0.46267292,135.05875
0.0,0.4953766,2957.8918
0.0,0.59348273,1953.779
0.0,0.42139724,407.84204
0.0,0.4656887,154.76506
0.0,0.33633634,6797.6357
0.0,0.47871193,246.32721
0.0,0.50010943,197.20842
0.0,0.46516907,328.17404
0.0,0.36363906,348.19205
0.0,0.37029868,2768.9348
0.0,0.37318507,1161.3767
0.0,0.2899879,63631.94
0.0,0.33996657,152.96036
0.0,0.48758128,259.8082
0.0,0.39108485,250.74615
0.0,0.411873,2004.8959
0.0,0.5025481,181.01657
0.0,0.57994366,47048.047
0.0,0.41606453,204.88597
0.0,0.36461225,72.83958
0.0,0.42049947,78.19164
0.0,0.52478343,525.98315
0.0,0.6342332,9128.785
0.0,0.35133976,3563.1658
0.0,0.48042187,569.569
0.0,0.48992962,237.73997
0.0,0.46122575,71.28482
0.0,0.42807227,111.50146
0.0,0.4156533,8712.42
0.0,0.42007506,2861.5142
0.0,0.38996804,6797.9194
0.0,0.40852538,742.8532
0.0,0.49416435,97.722336
0.0,0.37848935,4531.4395
0.0,0.3299313,4524.395
0.0,0.2771705,3226.356
0.0,0.39667752,29907.033
0.0,0.99035865,146.79356
0.0,0.37278634,476.17
0.0,0.44154003,66.10264
0.0,0.31627607,1148.4498
0.0,0.43399608,192.67816
0.0,0.21033117,36870.215
0.0,0.42855906,957.2927
0.0,0.45633942,2996.3071
0.0,0.44151878,4065.3145
0.0,0.4841222,868.2545
0.0,0.34952074,13378.08
0.0,0.75729764,790.907
0.0,0.36324993,395.5721
0.0,0.40042746,8903.923
0.0,0.4602844,1318.6573
0.0,0.41309306,95.262825
0.0,0.4510109,67.87101
0.0,0.41025427,173.16745
0.0,0.3386456,68851.81
0.0,0.38206345,137.64209
0.0,0.27334824,57531.707
0.0,0.48459348,257.97192
0.0,0.5040363,5787.63
0.0,0.46146873,67.15022
0.0,0.4753834,80.75811
0.0,0.33671737,4190.0767
0.0,0.4103489,67810.34
0.0,0.45667547,91.26861
0.0,0.33201197,5732.105
0.0,0.4381982,1688.1527
0.0,0.8540554,556.2472
0.0,0.40515766,200.9653
0.0,0.45232278,1091.5178
0.0,0.41086188,139.90324
0.0,0.6254447,359.44867
0.0,0.4701851,174.86061
0.0,0.4173559,77.89353
0.0,0.36376864,8972.093
0.0,0.40388674,452.63477
0.0,0.46681553,122.48181
0.0,0.42807913,289.45004
0.0,0.45507804,148.18475
0.0,0.32671008,1208.2972
0.0,0.5813296,339.6112
0.0,0.44386256,86.69121
0.0,0.484289,155.44908
0.0,0.36735234,1715.452
0.0,0.27975553,1381.7046
0.0,0.42203912,175.74745
0.0,0.3432317,4296.9834
0.0,0.449008,3308.6326
0.0,0.51523954,88.44492
0.0,0.5323472,81.50742
0.0,0.41566995,380.55017
0.0,0.43769076,97.396965
0.0,0.46225378,147.6493
0.0,0.38909453,1037.5587
0.0,0.4452052,10914.143
0.0,0.40128213,90.42809
0.0,0.33989707,1239.9102
0.0,0.34764907,70192.32
0.0,0.50171155,18002.762
0.0,0.4488355,278.51083
0.0,0.39844844,81678.266
0.0,0.25112966,2922.4583
0.0,0.4229542,199.8134
0.0,0.34794116,2316.147
0.0,0.4504351,278.40182
0.0,0.4215947,13539.46
0.0,0.41287038,1336.9755
0.0,0.4257232,342.57993
0.0,0.32858738,9762.65
0.0,0.38132405,4395.2627
0.0,0.4239835,1768.7263
0.0,0.4834294,4763.5405
0.0,0.3255403,4247.4644
0.0,0.43603745,12182.176
0.0,0.3509065,468.14804
0.0,0.43998945,3740.3662
0.0,0.40469608,489.6504
0.0,0.26873937,9870.496
0.0,0.4676153,196.84003
0.0,0.3540514,7277.2544
0.0,0.43317354,1592.6621
0.0,0.45837575,2653.6658
0.0,0.9824113,120.75202
0.0,0.4750866,311.40338
0.0,0.2176475,15112.077
0.0,0.45171863,69.25273
0.0,0.5023374,99.149864
0.0,0.63559216,1484.3301
0.0,0.46411163,145.52693
0.0,0.44066778,75.31341
0.0,0.42692763,82.94532
0.0,0.5120024,4709.6216
0.0,0.46645546,56187.477
0.0,0.4147794,65.50594
0.0,0.46122575,139.15884
0.0,0.40702853,110.55373
0.0,0.2110546,924.7405
0.0,0.4265701,74.31803
0.0,0.32295975,1053.7024
0.0,0.50226736,1202.5177
0.0,0.46478933,79.54726
0.0,0.35059196,3535.0505
0.0,0.36436164,1622.4336
0.0,0.37213773,4798.28
0.0,0.48860335,82.5977
0.0,0.48686817,1835.8859
0.0,0.3947182,33081.35
0.0,0.41540995,131.66219
0.0,0.34857592,922.30994
0.0,0.38683027,9107.016
0.0,0.33879274,1255.4852
0.0,0.4745683,841.02374
0.0,0.4980877,3077.1892
0.0,0.44594657,1783.1908
0.0,0.41333365,303.8302
0.0,0.4794224,770.8723
0.0,0.7526928,460.2011
0.0,0.3638084,6568.829
0.0,0.4985948,555.74725
0.0,0.48188102,180.99957
0.0,0.44219515,795.3643
0.0,0.3830285,12567.403
0.0,0.37601018,4392.701
0.0,0.5042656,566.5008
0.0,0.42518857,303.88275
0.0,0.5069164,826.80975
0.0,0.34828496,777.3646
0.0,0.31475684,186.74924
0.0,0.4288406,1998.9667
0.0,0.5446561,115.86734
0.0,0.40149245,105.31928
0.0,0.49337614,329.18558
0.0,0.5719536,145.5239
0.0,0.41279733,25185.646
0.0,0.40592557,1644.4551
0.0,0.4472658,416.80267
0.0,0.31047127,1583.9583
0.0,0.56249684,153.81041
0.0,0.99983406,268.04095
0.0,0.56858355,76.89625
0.0,0.30831403,6388.5005
0.0,0.30250856,2853.0845
0.0,0.5076185,70.45233
0.0,0.42692068,203.77245
0.0,0.43968907,1264.9626
0.0,0.49578947,190.40407
0.0,0.48347604,83.62537
0.0,0.40955085,16631.395
0.0,0.3913056,1504.098
0.0,0.39123473,1633.5659
0.0,0.37484038,42624.49
0.0,0.49118724,141.01546
0.0,0.50360036,148.30814
0.0,0.37820888,6011.9854
0.0,0.43000236,85.216255
0.0,0.3965525,121.967026
0.0,0.5118282,86.07342
0.0,0.5225154,137.31966
0.0,0.43836486,47400.21
0.0,0.5706459,594.1488
0.0,0.40609357,4094.919
0.0,0.3886313,207.53915
0.0,0.41478318,70.39556
0.0,0.46067753,959.24817
0.0,0.49781507,14132.468
0.0,0.9448659,529.61804
0.0,0.4249773,232.5652
0.0,0.42411792,1739.2029
0.0,0.57705164,9098.471
0.0,0.4150165,11844.932
0.0,0.395639,81.44856
0.0,0.54468894,91.737206
0.0,0.31840378,432.21066
0.0,0.42276043,8531.287
0.0,0.63710636,29815.79
0.0,0.49085525,24294.586
0.0,0.36955354,651.9674
0.0,0.468895,2180.9846
0.0,0.48097423,450.575
0.0,0.43132842,9643.105
0.0,0.372408,2741.2205
0.0,0.4731112,1017.83203
0.0,0.41097024,77.08917
0.0,0.8564742,92.21221
0.0,0.34581333,27364.84
0.0,0.44418594,69.930244
0.0,0.3251937,15517.02
0.0,0.46123803,116.564415
0.0,0.4118342,223.76247
0.0,0.42130917,8309.962
0.0,0.34912914,92838.71
0.0,0.4146408,212.62393
0.0,0.36537257,2713.0325
0.0,0.42070654,397.39697
0.0,0.66600114,961.25507
0.0,0.3816065,66.53684
0.0,0.47495663,16785.088
0.0,0.4768712,1021.17896
0.0,0.46122575,467.33176
0.0,0.4156625,1099.891
0.0,0.4485544,126.620705
0.0,0.357631,15361.624
0.0,0.64998674,3122.1204
0.0,0.49190053,121.99261
0.0,0.60740924,426.41595
0.0,0.34693688,6892.829
0.0,0.4468343,116.62311
0.0,0.46122575,406.59818
0.0,0.4079825,23557.46
0.0,0.49973717,78.40661
0.0,0.41308683,1299.0189
0.0,0.40754285,5487.857
0.0,0.35459787,3497.9873
0.0,0.48992595,5392.0757
0.0,0.39782137,130.06339
0.0,0.41255322,5356.5913
0.0,0.5649583,2747.3882
0.0,0.35704628,2002.3286
0.0,0.49493554,3071.3884
0.0,0.38627353,274.86884
0.0,0.43275827,25040.695
0.0,0.35404566,2221.8523
0.0,0.4030472,3623.4922
0.0,0.40633214,10321.094
0.0,0.48554423,938.01587
0.0,0.49332657,125.67803
0.0,0.4000963,89.92821
0.0,0.38169137,198.4138
0.0,0.49547207,980.13745
0.0,0.41522828,1349.2025
0.0,0.37513706,385.05194
0.0,0.5003597,191.0397
0.0,0.38623545,341.60242
0.0,0.3524396,2663.6172
0.0,0.66068333,10632.366
0.0,0.39754933,578.832
0.0,0.45770434,396.56143
0.0,0.4124799,1566.1394
0.0,0.46301052,143.34714
0.0,0.3287979,758.6494
0.0,0.32879794,758.6494
0.0,0.4210906,67.804535
0.0,0.40283272,1994.3707
0.0,0.45317107,422.6291
0.0,0.46805525,74.27388
0.0,0.36523774,78.13854
0.0,0.41586885,102.48238
0.0,0.36230204,16443.16
0.0,0.5121415,83.66986
0.0,0.28336895,3213.378
0.0,0.47163904,95.09434
0.0,0.6182579,11466.254
0.0,0.41205,159.4044
0.0,0.44331175,164.21474
0.0,0.37708676,142.64955
0.0,0.43751293,1697.0452
0.0,0.39429274,699.2802
0.0,0.43902096,71.068504
0.0,0.36018828,96968.02
0.0,0.44467327,129.47878
0.0,0.38384843,41825.934
0.0,0.45856673,194.68324
0.0,0.5329377,68.74176
0.0,0.3282059,36059.7
0.0,0.3603091,108.7784
0.0,0.32320145,7168.027
0.0,0.4036852,112.37024
0.0,0.47860262,86.0601
0.0,0.68560344,1907.0209
0.0,0.40400243,87.98926
0.0,0.44179848,72.17301
0.0,0.5460809,12459.045
0.0,0.39484406,1598.508
0.0,0.2946818,17293.697
0.0,0.4986627,425.13528
0.0,0.4580881,1189.8778
0.0,0.3911071,1029.9608
0.0,0.35862833,2186.941
0.0,0.45259112,32999.473
0.0,0.42039427,1417.9796
0.0,0.47183728,9688.41
0.0,0.39677742,30610.664
0.0,0.48123956,91.57222
0.0,0.63392663,10728.796
0.0,0.63392675,10728.796
0.0,0.28557977,18397.39
0.0,0.42080206,3026.2285
0.0,0.40340847,3693.0217
0.0,0.4300414,1567.4357
0.0,0.4193683,79.558266
0.0,0.3164728,2901.1262
0.0,0.6193534,180.69736
0.0,0.39896473,218.32344
0.0,0.49016315,77.52226
0.0,0.4011573,196.28247
0.0,0.24481039,1270.2019
0.0,0.4975243,85.11639
0.0,0.42518917,104.86104
0.0,0.523614,82.45228
0.0,0.46410978,80.41593
0.0,0.52167356,86.04096
0.0,0.3766666,139.5303
0.0,0.3817233,360.263
0.0,0.5118451,131.00888
0.0,0.4969015,103.74995
0.0,0.46122575,75.19019
0.0,0.49831295,101.12293
0.0,0.5091949,79.95815
0.0,0.33983716,111.89477
0.0,0.5015872,187.55226
0.0,0.4848886,93.68183
0.0,0.4605529,459.39108
0.0,0.5175019,175.09932
0.0,0.41863734,69.359
0.0,0.65130985,767.59955
0.0,0.54377717,77.77061
0.0,0.43260995,66.76205
0.0,0.41520375,326.06253
0.0,0.4526661,152.15851
0.0,0.44704252,187.42484
0.0,0.42464736,100.734474
0.0,0.41232854,74.66267
0.0,0.49536905,124.74334
0.0,0.4673236,100.579414
0.0,0.49548367,123.63091
0.0,0.4340702,584.617
0.0,0.47719994,100.92732
0.0,0.49532837,83.01967
0.0,0.451829,79.15503
0.0,0.4858278,72.56044
0.0,0.44079164,145.83595
0.0,0.6288513,82.17069
0.0,0.45611742,111.63051
0.0,0.45376998,104.28019
0.0,0.46967453,70.401955
0.0,0.4272679,97.4787
0.0,0.3852348,71.27923
0.0,0.43223038,65.4468
0.0,0.55319166,161.3638
0.0,0.4284221,91.12652
0.0,0.61627316,83.50648
0.0,0.4277689,68.64477
0.0,0.41979194,99.13152
0.0,0.46591434,90.53764
0.0,0.37675804,71.932396
0.0,0.4547218,134.2779
0.0,0.5720138,70.43551
0.0,0.48728865,67.7353
0.0,0.49228862,345.30417
0.0,0.48753294,80.70915
0.0,0.37931564,72.59036
0.0,0.629472,682.46704
0.0,0.49022806,71.03131
0.0,0.46982327,100.87188
0.0,0.5255583,98.92298
0.0,0.46225896,67.64277
0.0,0.3907502,307.45193
0.0,0.47580954,108.06011
0.0,0.4093728,91.35056
0.0,0.3949432,143.51414
0.0,0.46189946,74.82784
0.0,0.43503907,482.38412
0.0,0.5384992,96.567154
0.0,0.46669087,159.07135
0.0,0.37207556,136.71445
0.0,0.46033806,75.51664
0.0,0.46034262,137.36618
0.0,0.5118813,99.80404
0.0,0.5299917,71.192116
0.0,0.4207617,67.252174
0.0,0.49340886,102.06807
0.0,0.38460478,173.97702
0.0,0.49508592,329.11908
0.0,0.41413936,91.46954
0.0,0.41145766,109.42243
0.0,0.5453124,93.655914
0.0,0.48803756,152.74059
0.0,0.33760077,594.1772
0.0,0.44406274,73.806854
0.0,0.4742847,78.11527
0.0,0.43710247,763.346
0.0,0.5002025,257.48438
0.0,0.5150459,230.68518
0.0,0.5605446,180.25844
0.0,0.4500954,271.72028
0.0,0.49837226,135.07054
0.0,0.4032247,780.0955
0.0,0.4685815,88.86258
0.0,0.49352825,107.0947
0.0,0.40582895,89.38203
0.0,0.39653185,177.3847
0.0,0.48591706,77.22307
0.0,0.5733917,69.03895
0.0,0.43640557,75.5599
0.0,0.4759856,106.38993
0.0,0.5076037,79.31242
0.0,0.42500663,112.84743
0.0,0.47561875,178.69696
0.0,0.450501,66.88268
0.0,0.4239138,68.84048
0.0,0.49610654,180.68398
0.0,0.46122575,80.18491
0.0,0.5087759,95.847145
0.0,0.40726238,206.6501
0.0,0.49841172,895.4413
0.0,0.3884929,70.68998
0.0,0.58842605,501.612
0.0,0.5010019,90.958664
0.0,0.5059005,70.29072
0.0,0.42406663,129.34514
0.0,0.45809308,83.394485
0.0,0.46765915,506.0652
0.0,0.5376133,569.83075
0.0,0.4731998,121.723816
0.0,0.442715,151.25563
0.0,0.557353,83.484886
0.0,0.3118641,702.0104
0.0,0.46574658,67.359566
0.0,0.49107513,158.72163
0.0,0.51919246,78.83022
0.0,0.44031802,67.62194
0.0,0.4746543,83.24021
0.0,0.4961411,98.64078
0.0,0.46122575,124.5328
0.0,0.43763122,92.550026
0.0,0.45132485,78.1326
0.0,0.48184338,80.84428
0.0,0.5180522,73.26978
0.0,0.48179135,84.60243
0.0,0.45064467,201.48119
0.0,0.4735967,76.3387
0.0,0.48703206,70.982216
0.0,0.4916111,5048.875
0.0,0.44493544,906.9193
0.0,0.3612786,11212.21
0.0,0.37273115,893.5502
0.0,0.37620783,6794.233
0.0,0.49316832,198.28477
0.0,0.35670036,908.07715
0.0,0.4883686,1122.5808
0.0,0.4639897,159.41246
0.0,0.39793277,464.71454
0.0,0.35087895,17518.113
0.0,0.30074596,6270.5977
0.0,0.51016325,307.00296
0.0,0.65457195,87.13659
0.0,0.37475833,8133.3906
0.0,0.3860322,355.80228
0.0,0.5002923,301.5901
0.0,0.39184773,8152.26
0.0,0.42663178,68.21471
0.0,0.618512,3.3984096e+08
0.0,0.618512,3.3984096e+08
0.0,0.4095994,3404.8188
0.0,0.56408656,162.2951
0.0,0.34883595,2864.293
0.0,0.3545299,70.1955
0.0,0.44783348,463.85355
0.0,0.35982454,15306.653
0.0,0.56037587,1193.2139
0.0,0.4780796,31615.07
0.0,0.43985644,749.68304
0.0,0.39846477,87.47785
0.0,0.512097,116.342834
0.0,0.48776025,717.1672
0.0,0.43748087,186.74954
0.0,0.3374076,10927.1045
0.0,0.42017183,10731.765
0.0,0.48513943,775.9278
0.0,0.3222336,17782.93
0.0,0.4058142,43894.613
0.0,0.50449246,13375.833
0.0,0.42213342,778.0439
0.0,0.33332622,8750.465
0.0,0.43750933,94.300476
0.0,0.40080222,123.552345
0.0,0.40903756,6188.2495
0.0,0.40424603,147.90956
0.0,0.37318164,62463.89
0.0,0.4037192,762.10913
0.0,0.39029288,106.44748
0.0,0.39028603,182.49931
0.0,0.36844912,12038.691
0.0,0.36706528,68.62043
0.0,0.36910853,27020.51
0.0,0.4217859,7327.658
0.0,0.36400527,1070.3228
0.0,0.5836003,1724.6028
0.0,0.45749658,333.27875
0.0,0.3830677,47341.285
0.0,0.43960553,1562.9066
0.0,0.4461919,68.69185
0.0,0.36520138,1063.204
0.0,0.9150409,9381.203
0.0,0.39874342,66.175514
0.0,0.4584008,3590.7473
0.0,0.40557647,2674.1047
0.0,0.4063228,79.23933
0.0,0.44821757,375.7378
0.0,0.3298024,113.451385
0.0,0.44050843,260.02792
0.0,0.44323972,1234.6263
0.0,0.34736207,94.44655
0.0,0.4093953,96.32154
0.0,0.5129667,74.82998
0.0,0.34353665,2820.6912
0.0,0.52014834,1745.6108
0.0,0.44488278,65.03613
0.0,0.5256019,311.8492
0.0,0.32719192,40640.69
0.0,0.6811446,239.31657
0.0,0.4460046,647.6048
0.0,0.41560957,82.44603
0.0,0.36751315,673.50275
0.0,0.47844353,1354.1884
0.0,0.43074796,68.79639
0.0,0.4185998,728.8969
0.0,0.47064388,196.45226
0.0,0.38326898,727.1133
0.0,0.43078193,76.41795
0.0,0.3454669,334.09155
0.0,0.33774614,54798.49
0.0,0.44934794,3028.2163
0.0,0.2723415,41408.387
0.0,0.5016035,15306.317
0.0,0.3900549,12959.817
0.0,0.294657,83999.43
0.0,0.37348688,306.64655
0.0,0.42623168,400.27377
0.0,0.52111137,128.66357
0.0,0.3613625,2186.905
0.0,0.3920534,22912.18
0.0,0.38916528,1144.3263
0.0,0.40321898,2020.5851
0.0,0.4796908,592.30194
0.0,0.42912883,266.90594
0.0,0.5263951,472.92944
0.0,0.45511922,1274.8881
0.0,0.4374147,293.7257
0.0,0.3575444,35448.88
0.0,0.35511065,173.54042
0.0,0.4550643,475.95047
0.0,0.37623388,547.46045
0.0,0.34487844,443.66742
0.0,0.39481726,1738.9318
0.0,0.48348132,137.74844
0.0,0.41507226,74.54899
0.0,0.27900115,5287.442
0.0,0.41916707,473.9964
0.0,0.50745976,3023.2993
0.0,0.26910907,1211.0958
0.0,0.4643707,349.27603
0.0,0.39342132,5112.7847
0.0,0.46431097,72.98487
0.0,0.3889183,83.15795
0.0,0.4977704,434.03247
0.0,0.48425868,6032.198
0.0,0.34372583,3128.6711
0.0,0.43556044,71.44994
0.0,0.43726686,352.22617
0.0,0.3460213,1255.83
0.0,0.49622405,3356.5764
0.0,0.60485375,3876.5398
0.0,0.426132,340.41852
0.0,0.4798882,134.0169
0.0,0.37035275,74.82008
0.0,0.35165873,129.7219
0.0,0.36612853,64393.453
0.0,0.50134873,127.3011
0.0,0.493582,120.13142
0.0,0.4415312,74.56618
0.0,0.461212,81.01295
0.0,0.3654751,440.10626
0.0,0.5404173,39694.824
0.0,0.5212902,272.0373
0.0,0.4027024,273.6993
0.0,0.41302463,4516.5107
0.0,0.38226828,76798.9
0.0,0.47883308,83.5552
0.0,0.41116565,114.41341
0.0,0.31019562,10144.86
0.0,0.35933852,149.04958
0.0,0.5534283,94.2393
0.0,0.382075,8987.621
0.0,0.43388718,186.02408
0.0,0.45331457,3577.1165
0.0,0.45517957,10022.853
0.0,0.9801152,219.52408
0.0,0.4290877,78.54904
0.0,0.9961999,2033.2301
0.0,0.5787405,1367.2864
0.0,0.3797016,1901.5879
0.0,0.2695502,12007.551
0.0,0.44997758,82.737236
0.0,0.4683278,211.35066
0.0,0.43914455,826.1247
0.0,0.4674908,107.73705
0.0,0.43707067,270.13864
0.0,0.43426704,11977.029
0.0,0.3312689,3557.0522
0.0,0.42791057,303.8212
0.0,0.40475938,364.8403
0.0,0.482347,88.3501
0.0,0.5277682,1321.4517
0.0,0.44058934,16638.555
0.0,0.49781236,175.04175
0.0,0.4807227,700.45435
0.0,0.48270917,101.76577
0.0,0.28019243,1104.3713
0.0,0.34741998,3524.068
0.0,0.3877326,377.19296
0.0,0.42596564,3084.018
0.0,0.3980525,85.182816
0.0,0.41949463,318.4203
0.0,0.39949003,13856.439
0.0,0.38073128,537.86383
0.0,0.48654643,852.1195
0.0,0.38993034,186.52403
0.0,0.48101565,109.636314
0.0,0.40883568,71.97395
0.0,0.419444,253.83026
0.0,0.40084568,2356.5764
0.0,0.39571133,5675.5044
0.0,0.34935802,7348.8364
0.0,0.37414947,2799.939
0.0,0.23014583,1626.1573
0.0,0.45066753,83.740166
0.0,0.46896628,206.56071
0.0,0.33519357,7329.9717
0.0,0.48192686,26369.625
0.0,0.5111864,72.30448
0.0,0.5389254,108.288155
0.0,0.50662285,17473.22
0.0,0.5167196,88.7493
0.0,0.43411466,5914.594
0.0,0.40051734,393.41293
0.0,0.43681383,1892.0027
0.0,0.41602862,450.10034
0.0,0.35185832,12771.9
0.0,0.6213991,1251.586
0.0,0.4736562,153.97278
0.0,0.43882856,361.76984
0.0,0.31329387,11954.918
0.0,0.5611583,31113.988
0.0,0.38541538,526.96295
0.0,0.47352654,107.40959
0.0,0.5414913,663.37665
0.0,0.41328314,312.87808
0.0,0.4221927,2505.766
0.0,0.323122,7181.0083
0.0,0.4149717,938.28107
0.0,0.5075053,69.7875
0.0,0.33270037,14269.616
0.0,0.41122892,423.10617
0.0,0.5421257,90.916275
0.0,0.43552986,853.59155
0.0,0.4270767,88.39258
0.0,0.40709922,1437.5148
0.0,0.41849202,357.59286
0.0,0.38698903,1436.8536
0.0,0.40331075,86331.57
0.0,0.29893488,1071.8492
0.0,0.35139588,703.7143
0.0,0.42341432,384.34003
0.0,0.4809053,149.75601
0.0,0.46393576,242.43718
0.0,0.45726123,199.88493
0.0,0.4959461,330.07697
0.0,0.7236372,1031.0815
0.0,0.34419352,5122.885
0.0,0.4072437,4848.553
0.0,0.374082,541.72925
0.0,0.4350668,1153.7776
0.0,0.37256658,150.15082
0.0,0.3395648,40217.53
0.0,0.52358246,101.70501
0.0,0.49907094,564.2676
0.0,0.33791152,1203.9021
0.0,0.34415537,16499.893
0.0,0.46825653,13343.885
0.0,0.3118106,17845.422
0.0,0.3908627,95.040535
0.0,0.39400098,347.8581
0.0,0.9900754,8072.684
0.0,0.48953035,267.09882
0.0,0.3684522,778.38995
0.0,0.4778063,121.80276
0.0,0.3377212,1006.6692
0.0,0.4470041,382.256
0.0,0.57510644,4646.3647
0.0,0.50200695,1237.3317
0.0,0.42272428,255.04927
0.0,0.5081311,6319.747
0.0,0.51506084,91.63867
0.0,0.41300276,1724.5422
0.0,0.99879056,87.1165
0.0,0.36043394,7396.7017
0.0,0.24192578,3792.9958
0.0,0.31264737,1760.2302
0.0,0.51424086,89.167046
0.0,0.34899116,308.6867
0.0,0.4460034,337.05307
0.0,0.4131845,10727.265
0.0,0.43688723,301.63263
0.0,0.33634812,97278.234
0.0,0.30332354,64441.05
0.0,0.33748463,2878.385
0.0,0.48288706,771.7594
0.0,0.40395424,157.16629
0.0,0.42741615,2204.281
0.0,0.39815742,261.53574
0.0,0.2746824,3570.252
0.0,0.40528968,108.10942
0.0,0.39972743,117.33575
0.0,0.5071155,58220.723
0.0,0.42071334,122.05263
0.0,0.39294845,18196.7
0.0,0.4183895,88.55813
0.0,0.46379766,1999.3136
0.0,0.33261847,813.1864
0.0,0.4190584,547.5001
0.0,0.41020218,1277.4901
0.0,0.51150215,3091.8704
0.0,0.33534938,2180.8853
0.0,0.46117607,438.54462
0.0,0.45250362,278.08807
0.0,0.396481,69723.55
0.0,0.4857953,171.6021
0.0,0.45069048,120.80838
0.0,0.50097007,296.3434
0.0,0.35315564,1404.1908
0.0,0.4690015,236.13551
0.0,0.4806748,10800.965
0.0,0.4626133,76.93891
0.0,0.40969187,76532.48
0.0,0.36924484,1136.1936
0.0,0.5852325,914.7467
0.0,0.39985135,6822.8755
0.0,0.47745764,146.89546
0.0,0.42680168,898.698
0.0,0.4894534,92.1002
0.0,0.46323296,78.68918
0.0,0.46547955,136.07745
0.0,0.33156073,80758.0
0.0,0.34221756,33748.652
0.0,0.28946787,873.4929
0.0,0.4452729,905.9947
0.0,0.44485295,87.33083
0.0,0.418833,72.17622
0.0,0.41270196,126.06112
0.0,0.43895316,2715.7417
0.0,0.44247863,81.57945
0.0,0.41966483,419.15097
0.0,0.46209875,2741.4822
0.0,0.9980989,104.140945
0.0,0.3661146,2685.9795
0.0,0.42589083,1266.8975
0.0,0.5821649,81.26549
0.0,0.4895483,71.06136
0.0,0.4355609,3133.804
0.0,0.50368595,12422.179
0.0,0.43241945,8041.505
0.0,0.5060487,84.08622
0.0,0.5076228,16537.98
0.0,0.43832904,22062.133
0.0,0.34290704,825.917
0.0,0.43124583,176.11978
0.0,0.3797193,977.403
0.0,0.49804738,208.45035
0.0,0.35457525,3399.2158
0.0,0.28275427,11022.999
0.0,0.47901684,301.98093
0.0,0.3372635,23305.213
0.0,0.4165346,28368.604
0.0,0.38643214,2945.8564
0.0,0.4776141,3982.7146
0.0,0.39719677,406.1063
0.0,0.35805118,110.69978
0.0,0.35200933,975.6773
0.0,0.4127057,9219.748
0.0,0.32557383,2056.1985
0.0,0.43449333,1353.2623
0.0,0.5028898,96.015724
0.0,0.37792346,9161.67
0.0,0.62506586,429.575
0.0,0.35175356,83572.766
0.0,0.42081264,114.70743
0.0,0.44231153,132.98537
0.0,0.32733297,19562.904
0.0,0.6762377,2814.6523
0.0,0.44633836,1136.5155
0.0,0.407369,3326.8135
0.0,0.41163245,83.16242
0.0,0.48270756,2409.1777
0.0,0.54264253,1397.1335
0.0,0.7552319,1084.8826
0.0,0.43737602,97.21673
0.0,0.47372025,16495.42
0.0,0.4658172,92.51472
0.0,0.40159428,106.69548
0.0,0.3591305,1230.8853
0.0,0.4491765,134.57169
0.0,0.39236355,15327.508
0.0,0.49775848,1431.099
0.0,0.48330474,68943.05
0.0,0.424102,82.573105
0.0,0.46103674,153.87595
0.0,0.3559739,696.6826
0.0,0.39076293,81.24979
0.0,0.36670357,134.69852
0.0,0.49791363,8046.053
0.0,0.38258356,203.46191
0.0,0.40479738,246.5415
0.0,0.4118151,19940.629
0.0,0.4722155,164.3862
0.0,0.38310897,4152.7017
0.0,0.36538938,27501.164
0.0,0.4082917,158.57854
0.0,0.4687436,72.58793
0.0,0.44911274,1155.2157
0.0,0.44183227,185.35779
0.0,0.30579248,25868.555
0.0,0.3754569,1659.4658
0.0,0.46194685,140.92252
0.0,0.40686518,94.6349
0.0,0.44381267,1015.3096
0.0,0.53574646,11338.172
0.0,0.40292203,67.52842
0.0,0.6526243,2571.5408
0.0,0.40274066,1327.9692
0.0,0.42812064,73.71829
0.0,0.4687945,111.41622
0.0,0.5979783,178.45422
0.0,0.48536235,555.32544
0.0,0.48236734,304.8887
0.0,0.40536448,250.64734
0.0,0.4095702,124.89512
0.0,0.4310279,87.736145
0.0,0.26353368,3607.1558
0.0,0.4426755,75.812294
0.0,0.4028459,26793.857
0.0,0.3907127,23299.227
0.0,0.4568417,290.8952
0.0,0.47125646,21333.072
0.0,0.46914557,100.328606
0.0,0.5615254,80.133224
0.0,0.42998612,19986.133
0.0,0.52781117,4880.0347
0.0,0.43419278,74860.92
0.0,0.4020567,327.85764
0.0,0.43948653,436.62164
0.0,0.82564074,897.291
0.0,0.33395416,18242.309
0.0,0.26008552,39284.617
0.0,0.53995514,922.94104
0.0,0.4174151,222.55624
0.0,0.5919019,130.07367
0.0,0.26270416,983.60394
0.0,0.57667977,149.1429
0.0,0.35432813,19460.395
0.0,0.4708316,583.75977
0.0,0.39252344,1643.4226
0.0,0.3600365,4000.8813
0.0,0.51937085,1419.3441
0.0,0.4158853,270.34903
0.0,0.37503406,307.86673
0.0,0.425119,143.84203
0.0,0.39313826,21792.254
0.0,0.55852914,7192.454
0.0,0.38808024,102.36211
0.0,0.3236495,668.096
0.0,0.5393702,285.33148
0.0,0.46688944,101.838875
0.0,0.43451425,1341.5736
0.0,0.42872542,167.87152
0.0,0.48413315,84.46198
0.0,0.9691347,113.917656
0.0,0.28896546,689.5191
0.0,0.47978523,526.4257
0.0,0.48606372,7898.4824
0.0,0.4461862,8621.591
0.0,0.24463287,12512.056
0.0,0.4047506,133.83846
0.0,0.38993907,161.55888
0.0,0.3005194,343.4171
0.0,0.4969061,8336.995
0.0,0.51222956,66.63788
0.0,0.30391422,5845.7334
0.0,0.4620838,77.74615
0.0,0.49096602,90.75396
0.0,0.34793463,3044.1875
0.0,0.46974486,73.74331
0.0,0.5136017,2558.2178
0.0,0.37775114,4423.9927
0.0,0.3847869,36752.76
0.0,0.4841787,116.73002
0.0,0.5266493,287.62936
0.0,0.34478843,19086.357
0.0,0.32340655,2171.3865
0.0,0.31805676,10649.436
0.0,0.36298996,16117.77
0.0,0.5333071,1363.8424
0.0,0.37162387,27419.367
0.0,0.58720285,2576.9507
0.0,0.49778157,109.84995
0.0,0.5504612,231.61012
0.0,0.48365104,114.89757
0.0,0.5673428,755.1565
0.0,0.40690267,9139.526
0.0,0.28061825,4611.5557
0.0,0.38154417,255.23303
0.0,0.4636783,2773.837
0.0,0.40623188,4446.3687
0.0,0.4491975,32465.576
0.0,0.35881868,979.79694
0.0,0.47465885,330.2651
0.0,0.7472077,100.51081
0.0,0.37273344,62247.406
0.0,0.20549886,40392.906
0.0,0.32309288,10005.81
0.0,0.51450163,33623.23
0.0,0.6945747,4641.3477
0.0,0.46122575,94440.28
0.0,0.50724196,15124.311
0.0,0.40984628,190.56102
0.0,0.42729285,70.47351
0.0,0.99795616,5125.2085
0.0,0.59417063,137.50327
0.0,0.395209,1421.3386
0.0,0.5267172,5852.7915
0.0,0.388647,1464.8846
0.0,0.32820144,1666.4607
0.0,0.47144005,124.56445
0.0,0.6465683,2194.754
0.0,0.46273673,2431.0193
0.0,0.35741815,2764.1462
0.0,0.30015707,1524.9026
0.0,0.30779484,8925.559
0.0,0.595688,163.89043
0.0,0.5115509,67.25435
0.0,0.62491304,67.04872
0.0,0.45383382,286.71988
0.0,0.38717732,1285.2568
0.0,0.32615718,3694.6926
0.0,0.2194673,738.9887
0.0,0.45570818,630.9406
0.0,0.39356098,1269.5376
0.0,0.37397194,9387.561
0.0,0.40774786,715.1283
0.0,0.34623688,3582.6094
0.0,0.47159588,71.11327
0.0,0.5123428,81.121025
0.0,0.3644931,18753.783
0.0,0.4001494,9729.959
0.0,0.34379548,4758.9087
0.0,0.37235337,5602.995
0.0,0.47668102,105.93883
0.0,0.4409435,73.7359
0.0,0.370651,815.8729
0.0,0.4697069,196.04501
0.0,0.4534438,600.3222
0.0,0.6105137,326.06717
0.0,0.44996977,144.35075
0.0,0.479071,1486.0985
0.0,0.3187639,11319.526
0.0,0.34889343,116.2204
0.0,0.23284675,90441.25
0.0,0.4384113,72.24653
0.0,0.42696488,494.30365
0.0,0.4409402,193.09494
0.0,0.48666796,9208.767
0.0,0.5030493,15979.694
0.0,0.4440712,983.68005
0.0,0.3633491,4816.572
0.0,0.30183393,22090.225
0.0,0.3833848,18198.637
0.0,0.45162547,411.3279
0.0,0.4165514,101.649635
0.0,0.32878357,4049.5752
0.0,0.3678753,134.302
0.0,0.33446452,4705.1895
0.0,0.3684032,1761.7123
0.0,0.43558538,2093.4324
0.0,0.38701573,2523.8933
0.0,0.40243566,8217.281
0.0,0.24537535,523.3836
0.0,0.35278916,301.42078
0.0,0.35073942,1148.2279
0.0,0.3026242,6525.2676
0.0,0.39344952,801.053
0.0,0.4575363,94.11163
0.0,0.46644497,523.59766
0.0,0.50483984,85.781944
0.0,0.4073581,63625.934
0.0,0.5384737,1979.9565
0.0,0.41524765,72.125244
0.0,0.41920638,34797.78
0.0,0.46441483,42619.574
0.0,0.32637706,25815.299
0.0,0.41381106,7004.359
0.0,0.3776032,70.588745
0.0,0.43554392,194.26816
0.0,0.64084274,3282.472
0.0,0.34178525,25988.236
0.0,0.31362268,5717.312
0.0,0.34475303,1229.2255
0.0,0.38952625,195.47554
0.0,0.4349741,127.03505
0.0,0.29776964,3187.428
0.0,0.4179944,833.20624
0.0,0.445769,69.358505
0.0,0.31148484,346.91238
0.0,0.5068313,122.29724
0.0,0.35781583,1088.6735
0.0,0.44068587,4316.61
0.0,0.5147638,75.698944
0.0,0.40851498,87.51578
0.0,0.39470038,217.33246
0.0,0.4262479,669.5309
0.0,0.38992923,4001.1406
0.0,0.45037606,457.78842
0.0,0.40255645,66.82922
0.0,0.43099856,1445.8036
0.0,0.48961344,974.8229
0.0,0.48403475,2925.0938
0.0,0.46031827,255.19675
0.0,0.36130384,363.57266
0.0,0.2979953,43498.855
0.0,0.6357581,3847.9624
0.0,0.4729339,781.04297
0.0,0.46523616,104.118706
0.0,0.38153324,9584.254
0.0,0.48406604,389.16534
0.0,0.35891676,2510.0935
0.0,0.45482492,652.5629
0.0,0.41186628,85.059425
0.0,0.38475963,109.501755
0.0,0.3719498,14462.426
0.0,0.414897,3115.9373
0.0,0.39652333,10615.417
0.0,0.6225034,3714.016
0.0,0.5369214,1627.9108
0.0,0.4830773,35476.406
0.0,0.43773025,404.01425
0.0,0.7995768,2980.8914
0.0,0.36597627,21254.773
0.0,0.3717024,1140.0887
0.0,0.4256526,106.41359
0.0,0.47448766,71.4593
0.0,0.44491023,74.886795
0.0,0.39879516,2082.2275
0.0,0.38072044,991.5498
0.0,0.55181515,18565.895
0.0,0.46770713,172.36923
0.0,0.5239081,1010.7981
0.0,0.5117678,80.567604
0.0,0.47813734,120.71676
0.0,0.40148953,163.96521
0.0,0.4400315,97.45307
0.0,0.34895504,820.86475
0.0,0.31023055,58367.355
0.0,0.42319664,9232.542
0.0,0.33181822,823.90857
0.0,0.46929842,1381.0911
0.0,0.30670947,2402.732
0.0,0.48383683,144.9129
0.0,0.43022642,582.0657
0.0,0.4179568,1027.7214
0.0,0.45435485,210.89795
0.0,0.3674787,1673.3638
0.0,0.3852414,377.54703
0.0,0.47031325,20414.664
0.0,0.48623693,147.82433
0.0,0.43461713,5735.032
0.0,0.36827025,147.50444
0.0,0.25417316,33481.07
0.0,0.39845175,112.51437
0.0,0.38473108,26456.045
0.0,0.4086015,74.18598
0.0,0.40086356,3021.1292
0.0,0.490255,1602.4004
0.0,0.38435787,1889.829
0.0,0.5748863,354.28256
0.0,0.4214615,210.45325
0.0,0.3417567,918.9954
0.0,0.4427979,186.89467
0.0,0.47308624,26988.873
0.0,0.33277956,12913.967
0.0,0.4103835,5326.757
0.0,0.49498257,331.71112
0.0,0.529923,4064.8682
0.0,0.25788182,16049.711
0.0,0.30676004,11407.937
0.0,0.44804096,76.54689
0.0,0.4571344,374.46664
0.0,0.43547767,1627.0735
0.0,0.41613016,145.76503
0.0,0.42927572,71.91506
0.0,0.40260705,120.054016
0.0,0.31147188,4857.6543
0.0,0.49084604,1533.4098
0.0,0.23121403,2892.2544
0.0,0.5247143,91.50154
0.0,0.38436958,2797.4592
0.0,0.4975407,128.58858
0.0,0.45825586,83.8738
0.0,0.29565728,24770.525
0.0,0.331652,5690.9175
0.0,0.99622357,96097.64
0.0,0.4040433,107.609726
0.0,0.32259247,1468.3419
0.0,0.42396513,288.6991
0.0,0.31343648,1849.506
0.0,0.38858104,1594.8187
0.0,0.40417638,101.13565
0.0,0.32952386,1765.24
0.0,0.42978054,4815.559
0.0,0.4634785,3574.9236
0.0,0.48815477,95.51497
0.0,0.41527018,139.20064
0.0,0.4799937,246.66931
0.0,0.36743033,3180.2373
0.0,0.4456153,1865.0192
0.0,0.51489145,916.9454
0.0,0.3900121,71.12049
0.0,0.49774286,464.3649
0.0,0.3594035,1225.9785
0.0,0.4162353,223.54771
0.0,0.31386095,1040.6688
0.0,0.47677413,683.6253
0.0,0.36578757,69.67455
0.0,0.39551437,75071.305
0.0,0.52052104,800.93164
0.0,0.5051171,117.92579
0.0,0.5079486,225.55795
0.0,0.3896277,3303.9897
0.0,0.4049394,3092.018
0.0,0.44119063,4027.5154
0.0,0.5504723,70.06855
0.0,0.50964034,78.940605
0.0,0.37188295,453.71497
0.0,0.4268366,1062.9985
0.0,0.40168443,1481.4458
0.0,0.38154948,706.75275
0.0,0.48052514,17117.125
0.0,0.46451625,151.11288
0.0,0.61406887,7146.189
0.0,0.36716157,9220.026
0.0,0.4545021,957.30853
0.0,0.6579897,1072.4708
0.0,0.37756705,1023.2958
0.0,0.5167687,208.7144
0.0,0.45438555,2328.8179
0.0,0.4846531,73.64718
0.0,0.47151732,128.38692
0.0,0.29524514,701.57153
0.0,0.46802214,288.9071
0.0,0.40851054,160.78645
0.0,0.3411366,1889.5613
0.0,0.431564,528.5492
0.0,0.5587537,69.47504
0.0,0.47056037,2649.8284
0.0,0.44232628,167.64377
0.0,0.3971516,13802.702
0.0,0.4895155,235.39737
0.0,0.37066033,183.50656
0.0,0.36846215,4393.533
0.0,0.5472645,2776.75
0.0,0.4061778,101.1788
0.0,0.3997584,82511.84
0.0,0.4516657,129.44168
0.0,0.48664063,832.75354
0.0,0.4356153,204.06921
0.0,0.43336713,122.571335
0.0,0.4434838,67.253204
0.0,0.4554884,302.20877
0.0,0.4540896,125.92334
0.0,0.43758693,204.3524
0.0,0.4153613,363.81305
0.0,0.41394866,58651.17
0.0,0.4220843,1271.9233
0.0,0.39275125,1085.998
0.0,0.3698092,20498.307
0.0,0.43567675,3220.421
0.0,0.57834,83.65942
0.0,0.5542961,11912.975
0.0,0.50977343,76.60895
0.0,0.5051167,1121.1649
0.0,0.48346862,6756.365
0.0,0.4155858,74177.49
0.0,0.36036083,686.15576
0.0,0.38580722,5953.3994
0.0,0.36313695,17772.584
0.0,0.48945895,357.1332
0.0,0.50150734,193.8198
0.0,0.3655646,106.2904
0.0,0.5232969,8282.008
0.0,0.4778713,1837.6707
0.0,0.40924567,652.4139
0.0,0.48582307,217.48427
0.0,0.355898,112.4709
0.0,0.49090293,814.60236
0.0,0.59787226,2104.4111
0.0,0.544231,8881.617
0.0,0.314183,58972.875
0.0,0.4960623,68.53905
0.0,0.3710859,7851.5713
0.0,0.26438123,3444.9075
0.0,0.30743286,718.0894
0.0,0.39171258,200.74136
0.0,0.3917126,200.74136
0.0,0.3678268,18623.385
0.0,0.46103954,3895.6633
0.0,0.4919721,824.32117
0.0,0.47764173,88.225876
0.0,0.49394414,2877.6282
0.0,0.2542895,1156.5514
0.0,0.5152405,686.9265
0.0,0.4527517,932.8625
0.0,0.40381357,7622.4966
0.0,0.43195036,65.061165
0.0,0.44095019,92.35589
0.0,0.32399562,223.47545
0.0,0.43545443,137.99944
0.0,0.40362412,840.97345
0.0,0.5287777,1568.7278
0.0,0.37191802,1937.0841
0.0,0.470753,7272.1147
0.0,0.4651193,69.141426
0.0,0.51395136,83.218575
0.0,0.35963172,2857.4705
0.0,0.66737306,2453.773
0.0,0.65942156,13260.911
0.0,0.42795557,1036.0913
0.0,0.4189107,70.1456
0.0,0.44258845,1139.0239
0.0,0.3281867,83824.75
0.0,0.37393764,7350.3936
0.0,0.39849278,2603.7117
0.0,0.4162036,217.07335
0.0,0.47304702,73.62497
0.0,0.42701322,2325.8486
0.0,0.46681866,2936.2754
0.0,0.5011295,7379.3345
0.0,0.4724377,174.6416
0.0,0.43563172,67.876785
0.0,0.4722326,1272.4933
0.0,0.4716557,90.849396
0.0,0.35098046,275.81116
0.0,0.3967923,409.11035
0.0,0.486066,399.88196
0.0,0.51491266,209.94402
0.0,0.50932795,80.58364
0.0,0.35155827,27089.01
0.0,0.4446313,2085.2842
0.0,0.43443447,1004.6099
0.0,0.32231003,25245.807
0.0,0.5228791,730.0022
0.0,0.59577316,18250.121
0.0,0.372513,3781.5813
0.0,0.4948174,2491.5361
0.0,0.43514475,6701.0894
0.0,0.33111343,3136.2515
0.0,0.4538432,7065.0366
0.0,0.43031636,1019.3737
0.0,0.46189103,79.007484
0.0,0.465121,157.84601
0.0,0.47084433,13957.583
0.0,0.70986766,8255.951
0.0,0.49416703,325.06485
0.0,0.36256146,1004.3061
0.0,0.3315233,422.98935
0.0,0.41987422,105.47916
0.0,0.41099474,78.79137
0.0,0.4086959,284.98175
0.0,0.41622612,104.26829
0.0,0.19567367,71212.81
0.0,0.45461544,82.49898
0.0,0.46708155,2177.9204
0.0,0.3975006,69.119095
0.0,0.43024585,66.152756
0.0,0.5005387,1329.7238
0.0,0.3840077,5319.6846
0.0,0.43513602,66.08187
0.0,0.44010577,2552.7927
0.0,0.4167284,1446.241
0.0,0.4335647,336.93134
0.0,0.37675613,411.8985
0.0,0.5147095,4293.76
0.0,0.3919169,2267.6863
0.0,0.50015086,398.4136
0.0,0.20758952,13293.376
0.0,0.36327454,3888.6208
0.0,0.46433985,3690.229
0.0,0.38275662,10600.369
0.0,0.48855564,103.32365
0.0,0.49585822,98.86956
0.0,0.50685453,898.512
0.0,0.47305027,474.51062
0.0,0.37212226,1250.7838
0.0,0.45768774,606.9635
0.0,0.45130393,116.79245
0.0,0.45195585,102.55166
0.0,0.3879191,93.55332
0.0,0.2587562,17514.863
0.0,0.47898686,3982.332
0.0,0.46310297,1140.919
0.0,0.41943157,111.15926
0.0,0.5093188,1457.1943
0.0,0.3804705,5177.9067
0.0,0.2734802,1129.8157
0.0,0.5107249,8549.149
0.0,0.4341536,1733.32
0.0,0.5182844,243.3511
0.0,0.46012703,138.2911
0.0,0.4944571,106.49576
0.0,0.31255972,7346.198
0.0,0.3403763,1619.3672
0.0,0.32862005,131.39127
0.0,0.39066663,89.36586
0.0,0.47833496,118.50057
0.0,0.2747595,2053.816
0.0,0.37077618,216.14178
0.0,0.42352444,91.83993
0.0,0.425247,151.43369
0.0,0.32018313,2440.0847
0.0,0.54119045,533.6749
0.0,0.48318774,265.5002
0.0,0.49372652,1879.8685
0.0,0.5058294,126.18942
0.0,0.5618665,60205.332
0.0,0.46555486,367.7694
0.0,0.44122404,255.47612
0.0,0.37331328,573.89185
0.0,0.48096672,78.759995
0.0,0.41201618,417.71252
0.0,0.4628649,70.313194
0.0,0.40984094,3346.2476
0.0,0.4637677,159.70363
0.0,0.25525433,1357.2323
0.0,0.36113024,19694.238
0.0,0.38324487,8233.076
0.0,0.40746439,15431.406
0.0,0.51911813,124.55529
0.0,0.47040078,106.71698
0.0,0.40953022,1878.8864
0.0,0.4721415,344.95157
0.0,0.39369732,807.39557
0.0,0.3912308,10078.979
0.0,0.46950045,435.73615
0.0,0.48011974,1083.6754
0.0,0.34311992,662.87933
0.0,0.39875114,713.38806
0.0,0.44235864,12082.854
0.0,0.73225456,1098.9169
0.0,0.44115674,108.89814
0.0,0.39822,11597.361
0.0,0.811096,5452.093
0.0,0.24598716,21269.645
0.0,0.37738183,12246.655
0.0,0.38934547,50219.12
0.0,0.276734,1796.7258
0.0,0.50188977,68.834076
0.0,0.43297437,76.332794
0.0,0.92454994,1113.4126
0.0,0.82357603,29028.102
0.0,0.46122575,1987.9727
0.0,0.32531172,9601.189
0.0,0.37663198,6410.085
0.0,0.3677477,1863.6139
0.0,0.9489741,74.433464
0.0,0.47563064,1864.713
0.0,0.3107135,9603.293
0.0,0.3810086,740.36523
0.0,0.47816885,20633.994
0.0,0.35367367,86050.23
0.0,0.47970703,12738.975
0.0,0.83786273,176.52855
0.0,0.23666465,18738.244
0.0,0.40432635,17217.893
0.0,0.5151721,2414.7017
0.0,0.5747988,123.88998
0.0,0.42180055,54556.434
0.0,0.5202811,691.3764
0.0,0.37140182,6479.6646
0.0,0.39304438,75.40314
0.0,0.44533274,168.13197
0.0,0.39207363,5755.0786
0.0,0.5401129,256.61087
0.0,0.5205288,73.1236
0.0,0.46132213,198.61423
0.0,0.4263325,2762.0876
0.0,0.3713275,78780.64
0.0,0.40852618,2257.0337
0.0,0.43365252,676.6844
0.0,0.29006952,806.3812
0.0,0.24027127,3223.4756
0.0,0.532166,125.810776
0.0,0.44327256,138.20679
0.0,0.3840831,198.09807
0.0,0.49164066,257.9667
0.0,0.32265672,20950.373
0.0,0.46122575,72.06768
0.0,0.32395822,40448.69
0.0,0.41268757,952.81256
0.0,0.49158585,959.3951
0.0,0.47194812,129.46783
0.0,0.47194642,66.923836
0.0,0.47861356,111.6204
0.0,0.4261862,79.12774
0.0,0.39917392,68.64077
0.0,0.39835244,4834.18
0.0,0.41551548,978.5831
0.0,0.23956072,52982.63
0.0,0.50963575,402.1526
0.0,0.4447903,862.9944
0.0,0.3577372,1411.3085
0.0,0.6064215,9555.742
0.0,0.41062987,164.29237
0.0,0.3618737,413.01138
0.0,0.40075842,336.89343
0.0,0.42458302,814.1776
0.0,0.27963185,78612.5
0.0,0.49805543,65.25581
0.0,0.4422476,2353.4348
0.0,0.42258644,1027.951
0.0,0.5716452,535.3057
0.0,0.3057728,4789.4004
0.0,0.41930678,98.33559
0.0,0.41930678,98.33559
0.0,0.44645056,95.21162
0.0,0.44033182,81.10292
0.0,0.42910767,340.463
0.0,0.48105875,148.85202
0.0,0.48465386,99.175285
0.0,0.44956604,94.0684
0.0,0.52081835,98.20452
0.0,0.46122575,65.623055
0.0,0.43632525,257.12445
0.0,0.37222368,115.45031
0.0,0.5029128,71.98075
0.0,0.4774146,168.46025
0.0,0.47872773,73.72604
0.0,0.5442432,66.297615
0.0,0.41081983,67.2631
0.0,0.37023535,76.111984
0.0,0.5253246,89.48277
0.0,0.4722123,125.79524
0.0,0.4967598,121.66362
0.0,0.3684458,146.71687
0.0,0.4233473,1002.9843
0.0,0.42007363,71.957756
0.0,0.46940547,67.856964
0.0,0.4381666,121.96803
0.0,0.47690547,70.42144
0.0,0.48062176,82.7123
0.0,0.5792969,339.50385
0.0,0.44082755,239.9641
0.0,0.5141755,72.9648
0.0,0.5357685,69.7122
0.0,0.4783797,142.49326
0.0,0.4990807,76.5466
0.0,0.48300996,65.565254
0.0,0.49486294,567.0098
0.0,0.50384325,70.80082
0.0,0.5120246,69.33201
0.0,0.4490753,153.10318
0.0,0.39828345,87.55722
0.0,0.5853781,88.87578
0.0,0.44690502,87.56958
0.0,0.4188809,81.45433
0.0,0.44927752,162.518
0.0,0.4323079,112.81813
0.0,0.512939,308.24792
0.0,0.5047075,312.09375
0.0,0.43437254,115.17449
0.0,0.4402608,113.70054
0.0,0.46990222,78.114845
0.0,0.35180104,95.53146
0.0,0.41144022,79.6125
0.0,0.46044186,153.31143
0.0,0.48346812,127.05109
0.0,0.50324273,74.88069
0.0,0.56193566,98.657295
0.0,0.42872623,159.21078
0.0,0.4789081,105.76798
0.0,0.4500215,68.122795
0.0,0.40072006,108.56977
0.0,0.47602394,134.44637
0.0,0.391253,78.584015
0.0,0.4342718,111.92825
0.0,0.486571,77.919624
0.0,0.42737404,83.6065
0.0,0.5101854,108.52317
0.0,0.54150563,71.775696
0.0,0.48333648,72.712006
0.0,0.6039753,99.81404
0.0,0.47857794,131.9672
0.0,0.42831975,205.9511
0.0,0.43768173,67.64233
0.0,0.43779764,68.15646
0.0,0.459058,74.15334
0.0,0.33166137,912.47815
0.0,0.38203827,89.92902
0.0,0.58886,69.70877
0.0,0.44940832,140.13292
0.0,0.37389314,244.87228
0.0,0.69872236,146.63481
0.0,0.48634726,101.752754
0.0,0.3914216,153.9804
0.0,0.4162614,70.400665
0.0,0.48036322,227.81488
0.0,0.48878497,109.50121
0.0,0.48157567,219.99362
0.0,0.4282871,231.49953
0.0,0.46485934,244.45872
0.0,0.49336383,83.15881
0.0,0.4287354,100.678246
0.0,0.37381735,341.34317
0.0,0.4338187,87.06927
0.0,0.46778372,69.13661
0.0,0.49153164,419.9864
0.0,0.42160758,598.63293
0.0,0.64151126,262.4287
0.0,0.47136915,80.03883
0.0,0.5085876,120.21949
0.0,0.5422927,71.104836
0.0,0.47414094,125.630226
0.0,0.58913296,141.89233
0.0,0.47128484,319.67435
0.0,0.47038236,238.87476
0.0,0.48207998,164.44695
0.0,0.37302226,269.16074
0.0,0.4952789,65.437584
0.0,0.47403613,112.90431
0.0,0.46122575,92.16509
0.0,0.4253272,72.542274
0.0,0.47876936,81.67367
0.0,0.44242874,65.90748
0.0,0.50610465,108.175026
0.0,0.4078134,101.8211
0.0,0.4763113,67.52178
0.0,0.5176029,68.739494
0.0,0.4815933,150.53717
0.0,0.41582224,86.34342
0.0,0.41879997,87.10689
0.0,0.3976772,101.4593
0.0,0.41852587,92.42494
0.0,0.48912773,117.23743
0.0,0.40014783,70.37637
0.0,0.41626444,183.33699
0.0,0.5761689,66.34331
0.0,0.44632283,71.85875
0.0,0.48248145,79.2677
0.0,0.3631058,384.56735
0.0,0.43534163,122.695076
0.0,0.4379742,228.16158
0.0,0.39952138,127.65767
0.0,0.38348973,83.98412
0.0,0.457328,135.16362
0.0,0.45081642,242.22818
0.0,0.40498647,96.836044
0.0,0.4324409,120.358696
0.0,0.46470916,93.42324
0.0,0.5121372,70.10029
0.0,0.51265824,137.30617
0.0,0.54200155,190.52211
0.0,0.41160274,87.4477
0.0,0.44346252,77.51584
0.0,0.4072196,75.85028
0.0,0.4025712,196.45064
0.0,0.45344934,104.48357
0.0,0.5407084,154.33948
0.0,0.5407084,154.33948
0.0,0.3900451,154.14566
0.0,0.44729453,94.5975
0.0,0.4979971,72.03587
0.0,0.46882224,69.80551
0.0,0.29035717,130.5332
0.0,0.47300717,67.627174
0.0,0.50449663,82.86505
0.0,0.43953454,207.89209
0.0,0.420237,234.94719
0.0,0.5109768,94.84419
0.0,0.46224704,147.51448
0.0,0.45224482,219.53722
0.0,0.37731382,76.24124
0.0,0.53732026,113.940544
0.0,0.49987057,91.282585
0.0,0.43169722,93.60302
0.0,0.40600094,98.18873
0.0,0.39902583,96.63769
0.0,0.3898165,66.90593
0.0,0.51922715,110.92859
0.0,0.43241826,128.83829
0.0,0.46040425,85.17561
0.0,0.53423065,72.58562
0.0,0.4112837,71.21797
0.0,0.42800444,340.38696
0.0,0.47776797,67.52675
0.0,0.46122575,77.56181
0.0,0.4904653,97.1281
0.0,0.44073728,204.80421
0.0,0.49715278,85.003944
0.0,0.46404955,83.12474
0.0,0.4240753,84.6596
0.0,0.48578307,80.37835
0.0,0.43293914,100.23953
0.0,0.4434554,115.66772
0.0,0.46516433,78.36719
0.0,0.43590817,82.571884
0.0,0.45077142,279.1505
0.0,0.40403596,211.64116
0.0,0.4673588,267.53027
0.0,0.48141643,74.69261
0.0,0.48982495,65.5875
0.0,0.5148198,67.723755
0.0,0.45178294,76.887825
0.0,0.4271951,87.25183
0.0,0.3075713,224.03264
0.0,0.34886876,84.71913
0.0,0.43741772,77.06984
0.0,0.4174003,90.06696
0.0,0.43314257,65.496506
0.0,0.47765818,68.39241
0.0,0.42952177,83.80874
0.0,0.44650313,101.01901
0.0,0.4311433,73.44464
0.0,0.47572088,106.92364
0.0,0.557546,92.537346
0.0,0.47539786,66.94247
0.0,0.5378633,67.96947
0.0,0.53674495,81.768036
0.0,0.5006398,84.31947
0.0,0.49473757,86.5601
0.0,0.3708861,138.0712
0.0,0.4523516,84.45723
0.0,0.47790495,144.43367
0.0,0.44539496,347.7084
0.0,0.5473089,77.71988
0.0,0.49801663,110.11882
0.0,0.41554192,73.496025
0.0,0.4979115,67.61637
0.0,0.531178,90.23518
0.0,0.47442332,200.11891
0.0,0.51582944,69.42807
0.0,0.4221075,495.60355
0.0,0.3910188,72.002075
0.0,0.5162272,142.88821
0.0,0.4533195,275.5844
0.0,0.50743324,147.51773
0.0,0.5786231,503.07666
0.0,0.522805,152.07484
0.0,0.4657654,68.592575
0.0,0.5443809,67.254814
0.0,0.50968474,76.82055
0.0,0.48478213,69.243454
0.0,0.6357692,117.56994
0.0,0.51560014,89.53333
0.0,0.41313308,78.80222
0.0,0.47247204,119.5209
0.0,0.47018743,74.62134
0.0,0.4019135,278.0148
0.0,0.41754052,73.08157
0.0,0.47029465,74.27437
0.0,0.41431224,113.93029
0.0,0.46122575,181.0266
0.0,0.5584973,121.46128
0.0,0.57634515,65.65141
0.0,0.49758062,76.61672
0.0,0.5135915,130.12994
0.0,0.47101977,98.40307
0.0,0.44189027,87.60966
0.0,0.45350024,83.175964
0.0,0.4320808,224.65657
0.0,0.39684454,103.06475
0.0,0.39791888,115.93008
0.0,0.5023414,65.91305
0.0,0.346767,218.25513
0.0,0.46181932,179.7444
0.0,0.3871012,100.59455
0.0,0.4913265,85.10639
0.0,0.46402425,4.0435683e+11
0.0,0.41167963,86.61612
0.0,0.47091487,90.57485
0.0,0.42709893,388.6892
0.0,0.41397685,75.27978
0.0,0.5270529,121.65019
0.0,0.47265556,116.42436
0.0,0.39547366,65.297615
0.0,0.339602,97.61419
0.0,0.47170457,77.73496
0.0,0.5023137,91.57315
0.0,0.4605104,125.91809
0.0,0.4945625,96.331795
0.0,0.43051222,322.21414
0.0,0.53027797,70.157196
0.0,0.55171466,212.98001
0.0,0.5232523,106.13966
0.0,0.40014565,100.904
0.0,0.48587132,148.31326
0.0,0.3898716,494.286
0.0,0.426863,90.64663
0.0,0.37233865,165.55748
0.0,0.5344893,73.2237
0.0,0.43123353,67.20659
0.0,0.50124,73.807945
0.0,0.43858105,653.9113
0.0,0.39900327,156.63423
0.0,0.36455983,180.73328
0.0,0.5277645,378.98132
0.0,0.44980666,126.50863
0.0,0.4819477,82.309654
0.0,0.47916776,69.386536
0.0,0.43019578,89.44812
0.0,0.5021856,65.091064
0.0,0.45140114,100.09095
0.0,0.49072325,168.60985
0.0,0.5262795,84.65751
0.0,0.4150354,133.41914
0.0,0.4027112,114.10279
0.0,0.4283668,106.587875
0.0,0.39238298,103.87612
0.0,0.4290785,104.8105
0.0,0.5708339,143.35524
0.0,0.49863967,87.20086
0.0,0.475497,95.57164
0.0,0.40883154,115.519035
0.0,0.4207282,163.91328
0.0,0.4483584,343.27988
0.0,0.42657936,423.4403
0.0,0.47520062,181.90726
0.0,0.50565827,84.91542
0.0,0.44597444,100.66836
0.0,0.51868814,128.17346
0.0,0.44235322,79.26582
0.0,0.38438824,84.28979
0.0,0.37656894,88.3534
0.0,0.4307569,118.48782
0.0,0.41244718,102.91345
0.0,0.5228589,112.23461
0.0,0.44452128,114.45035
0.0,0.5004225,71.97925
0.0,0.45449835,169.30904
0.0,0.51168865,85.52494
0.0,0.51172656,86.06175
0.0,0.37527385,94.672264
0.0,0.40928537,84.66011
0.0,0.53567106,92.9411
0.0,0.4805673,100.85222
0.0,0.42982247,194.7166
0.0,0.45669493,236.14148
0.0,0.48432624,71.03997
0.0,0.3841139,90.903625
0.0,0.4285975,81.14218
0.0,0.41966093,82.5156
0.0,0.41514271,67.98671
0.0,0.41707185,109.30428
0.0,0.41385993,146.29912
0.0,0.49791694,106.79458
0.0,0.5043582,77.19049
0.0,0.47713676,71.49744
0.0,0.39712313,96.20892
0.0,0.52128774,102.28341
0.0,0.47111386,66.10714
0.0,0.5217126,121.49742
0.0,0.59161675,80.513374
0.0,0.41653174,200.15111
0.0,0.43407243,67.42137
0.0,0.50489163,68.11906
0.0,0.4847465,238.7987
0.0,0.48518106,117.13842
0.0,0.48400784,112.66531
0.0,0.4520262,71.6103
0.0,0.46945274,66.039635
0.0,0.2983394,300.34314
0.0,0.44225174,97.96517
0.0,0.46122575,70.990944
0.0,0.414674,101.938774
0.0,0.46122575,78.237175
0.0,0.44154778,105.17328
0.0,0.4487214,84.317856
0.0,0.40554056,93.498024
0.0,0.44159576,144.09131
0.0,0.4772537,211.92404
0.0,0.4958121,88.378456
0.0,0.46461654,264.76328
0.0,0.47747657,667.00836
0.0,0.48531413,124.3091
0.0,0.48685393,174.586
0.0,0.64475214,465.41052
0.0,0.4805553,102.58775
0.0,0.48349136,94.755356
0.0,0.47095183,68.54306
0.0,0.47854757,97.83022
0.0,0.45665565,88.1003
0.0,0.4119401,128.39748
0.0,0.5125945,76.9515
0.0,0.5058948,93.349106
0.0,0.4080256,100.49139
0.0,0.4447039,72.55203
0.0,0.44385865,516.95734
0.0,0.4223073,985.6667
0.0,0.4586038,67.889084
0.0,0.4703573,455.33362
0.0,0.43511406,180.28299
0.0,0.43511406,180.28299
0.0,0.40190646,209.61545
0.0,0.47295702,73.536385
0.0,0.48598513,85.28187
0.0,0.5062079,67.698906
0.0,0.49502662,693.2665
0.0,0.38242188,114.57954
0.0,0.48831216,73.74871
0.0,0.4804814,67.297485
0.0,0.52999276,152.42673
0.0,0.44115633,117.11347
0.0,0.4448321,84.6257
0.0,0.43324718,136.06693
0.0,0.4133699,80.87091
0.0,0.50398886,109.76893
0.0,0.3565139,129.67903
0.0,0.41491422,341.66357
0.0,0.43989187,120.84234
0.0,0.55070466,65.62103
0.0,0.44387457,374.5164
0.0,0.43015325,97.806595
0.0,0.4791726,76.089584
0.0,0.3940995,92.572945
0.0,0.47487414,525.1876
0.0,0.4033021,239.83134
0.0,0.374987,98.3881
0.0,0.43227035,84.85598
0.0,0.548067,67.66925
0.0,0.427682,76.93805
0.0,0.48986673,185.47302
0.0,0.4821987,67.06665
0.0,0.4675027,76.77931
0.0,0.4236808,166.58131
0.0,0.42330846,79.55123
0.0,0.43788192,65.671844
0.0,0.46675226,437.9838
0.0,0.4970366,82.08336
0.0,0.41045216,158.2069
0.0,0.48774216,225.72246
0.0,0.4932602,65.78515
0.0,0.4136638,82.845795
0.0,0.4788087,71.77426
0.0,0.67666596,79.602
0.0,0.55146736,66.742004
0.0,0.47930467,307.98083
0.0,0.4642486,144.85564
0.0,0.49805117,128.6229
0.0,0.40441278,119.94572
0.0,0.45447126,134.57973
0.0,0.47553226,583.12744
0.0,0.46547097,73.95382
0.0,0.3828714,147.88991
0.0,0.49393398,69.584854
0.0,0.51247007,92.982185
0.0,0.47642004,85.22674
0.0,0.47465456,142.40848
0.0,0.36537725,129.69917
0.0,0.41258225,142.27751
0.0,0.5301869,145.27629
0.0,0.42401385,70.95331
0.0,0.47742492,257.30066
0.0,0.39011723,69.61628
0.0,0.4169426,100.14613
0.0,0.4783516,96.598335
0.0,0.48278618,96.86101
0.0,0.48958704,83.57158
0.0,0.34897968,303.79684
0.0,0.4712485,906.34045
0.0,0.4077484,68.60444
0.0,0.42464152,108.08515
0.0,0.49220943,174.37622
0.0,0.43404755,70.97902
0.0,0.4254578,81.90781
0.0,0.47751853,80.25857
0.0,0.4285087,78.14021
0.0,0.38899404,359.78824
0.0,0.4772082,74.88069
0.0,0.44813588,88.15548
0.0,0.456584,83.544876
0.0,0.4407555,201.56682
0.0,0.53829545,94.516
0.0,0.46168447,82.867645
0.0,0.5140107,97.970604
0.0,0.443337,78.24871
0.0,0.41954842,83.37592
0.0,0.41319525,123.024284
0.0,0.4455387,92.40777
0.0,0.3595909,72.67717
0.0,0.49199748,77.393425
0.0,0.44162273,123.421646
0.0,0.45681176,71.486336
0.0,0.44445217,70.55641
0.0,0.44186494,71.35322
0.0,0.47937137,78.027306
0.0,0.50958645,167.15038
0.0,0.41503796,67.685265
0.0,0.39162415,107.643585
0.0,0.53266186,110.62148
0.0,0.43994716,72.22521
0.0,0.48211113,85.59763
0.0,0.45137623,153.21483
0.0,0.4873737,138.63803
0.0,0.43900338,69.66493
0.0,0.47198784,198.24994
0.0,0.43738523,96.71725
0.0,0.42926994,207.38255
0.0,0.35810485,163.79678
0.0,0.47987497,294.28207
0.0,0.46883413,65.01878
0.0,0.44096807,104.816376
0.0,0.44109237,69.58826
0.0,0.41421184,115.285255
0.0,0.41984895,82.86367
0.0,0.5052944,65.87098
0.0,0.49508995,153.9825
0.0,0.48363313,82.971664
0.0,0.4992923,90.83907
0.0,0.47686443,69.009315
0.0,0.48511013,148.42583
0.0,0.5340901,71.3982
0.0,0.51295775,498.23358
0.0,0.39150915,187.69348
0.0,0.38547075,127.44984
0.0,0.36845535,97.06901
0.0,0.50814456,127.422905
0.0,0.43228722,106.72835
0.0,0.4635521,69.19702
0.0,0.3764785,113.578575
0.0,0.47073865,68.11842
0.0,0.50333494,76.45049
0.0,0.47272775,74.76913
0.0,0.46122575,79.570366
0.0,0.4121471,80.6182
0.0,0.45613426,224.48767
0.0,0.4830982,71.40271
0.0,0.4373411,162.92732
0.0,0.39464352,105.81096
0.0,0.40796825,159.76141
0.0,0.34667435,68.18125
0.0,0.3702372,128.32257
0.0,0.3854397,92.50101
0.0,0.4785158,129.9651
0.0,0.42727455,74.86203
0.0,0.44476107,86.50979
0.0,0.42646754,104.403465
0.0,0.5515094,71.836464
0.0,0.29740372,255.00363
0.0,0.4727837,123.62094
0.0,0.4273013,66.21621
0.0,0.4047773,85.517975
0.0,0.5114586,79.71338
0.0,0.41954473,70.34377
0.0,0.45033646,92.05231
0.0,0.45667648,185.34222
0.0,0.5104456,82.09621
0.0,0.5039063,828.8553
0.0,0.43939337,96.00226
0.0,0.34654933,117.813065
0.0,0.47132486,74.90384
0.0,0.51279336,65.05945
0.0,0.5047318,72.877815
0.0,0.45873138,81.21491
0.0,0.47772187,105.99549
0.0,0.5022116,73.84087
0.0,0.36693397,209.05074
0.0,0.4191159,127.985794
0.0,0.48903027,93.88236
0.0,0.47660562,320.40875
0.0,0.452832,157.37073
0.0,0.5039624,81.22256
0.0,0.49546683,83.55914
0.0,0.3878668,79.69029
0.0,0.44820383,269.13623
0.0,0.427531,218.20206
0.0,0.54347456,73.08659
0.0,0.33824366,100.41369
0.0,0.50307745,71.614975
0.0,0.46402055,199.4847
0.0,0.5105372,71.50124
0.0,0.51815635,75.55467
0.0,0.4166977,93.077484
0.0,0.5013733,106.39869
0.0,0.47833058,83.67974
0.0,0.39548877,366.1431
0.0,0.47615525,88.119316
0.0,0.49145097,114.08087
0.0,0.38513035,73.8246
0.0,0.47626296,502.79337
0.0,0.41653565,109.95155
0.0,0.44374233,68.424706
0.0,0.5437037,65.57667
0.0,0.43546897,130.69109
0.0,0.6048626,88.09975
0.0,0.38831374,86.55019
0.0,0.38301697,294.18353
0.0,0.49521947,134.79779
0.0,0.49196187,90.58194
0.0,0.3758254,76.18585
0.0,0.49085364,111.46492
0.0,0.4197518,71.0881
0.0,0.44089103,100.49067
0.0,0.4572349,81.9643
0.0,0.49183992,67.86386
0.0,0.33930495,101.81193
0.0,0.48358357,70.97676
0.0,0.6103309,102.630005
0.0,0.47890744,356.33496
0.0,0.4397987,134.64166
0.0,0.49857482,73.54839
0.0,0.41689947,90.8287
0.0,0.44906655,96.281044
0.0,0.43954873,77.58153
0.0,0.42531428,82.313095
0.0,0.45282903,88.296814
0.0,0.4382221,76.28862
0.0,0.44046527,66.45042
0.0,0.41198662,99.49121
0.0,0.5065802,147.80736
0.0,0.5109741,91.05316
0.0,0.4932616,76.46928
0.0,0.6775879,71.00359
0.0,0.47890788,71.43404
0.0,0.40527105,76.64138
0.0,0.42959046,66.93232
0.0,0.42959046,66.93232
0.0,0.49758226,76.61938
0.0,0.42805076,134.3742
0.0,0.35775292,299.89435
0.0,0.42387173,65.83837
0.0,0.44657126,86.601715
0.0,0.44718555,343.57455
0.0,0.47434208,73.23033
0.0,0.4671025,78.96844
0.0,0.41937315,207.43687
0.0,0.5335559,88.04743
0.0,0.48120025,128.75826
0.0,0.49894306,84.24239
0.0,0.43697685,97.96679
0.0,0.4266708,101.15125
0.0,0.4688946,72.83326
0.0,0.40531835,68.442474
0.0,0.4067951,68.39042
0.0,0.40006766,108.50077
0.0,0.4216642,573.85626
0.0,0.4371481,66.65566
0.0,0.47503367,71.62968
0.0,0.49095038,120.029434
0.0,0.4959783,122.54254
0.0,0.4459911,67.79464
0.0,0.49833462,85.990395
0.0,0.52860105,70.82384
0.0,0.43711403,80.63438
0.0,0.5052197,130.26689
0.0,0.39986035,98.04082
0.0,0.6410912,284.46924
0.0,0.42134362,125.998436
0.0,0.43855324,70.55504
0.0,0.43682384,99.81237
0.0,0.4332767,79.33622
0.0,0.4484578,193.83543
0.0,0.40505853,79.202385
0.0,0.5591217,66.02318
0.0,0.47632337,927.31537
0.0,0.48697308,204.0262
0.0,0.48129323,65.42639
0.0,0.5132697,89.08018
0.0,0.46510378,86.294655
0.0,0.4295911,96.07734
0.0,0.4910999,75.16952
0.0,0.55724466,104.28203
0.0,0.3885469,76.796265
0.0,0.5333188,79.231346
0.0,0.40225515,67.36787
0.0,0.4173176,82.17777
0.0,0.38734677,67.55623
0.0,0.4623416,112.49387
0.0,0.4401298,118.98811
0.0,0.4640225,720.5152
0.0,0.41876483,167.25887
0.0,0.39583704,94.52753
0.0,0.3636945,221.85579
0.0,0.41873744,88.307014
0.0,0.38382158,435.82993
0.0,0.50311965,66.623764
0.0,0.5157157,70.63393
0.0,0.50594425,69.06243
0.0,0.36404768,72.538414
0.0,0.4684838,89.122955
0.0,0.36370137,287.36768
0.0,0.39473554,286.9504
0.0,0.46935222,66.00594
0.0,0.5054166,66.08437
0.0,0.4220287,188.29454
0.0,0.4809985,77.882034
0.0,0.4742003,82.03998
0.0,0.47264907,77.29394
0.0,0.42679256,71.12057
0.0,0.53429884,95.23804
0.0,0.50080764,77.940994
0.0,0.52887714,120.88812
0.0,0.4650931,140.86636
0.0,0.4528503,413.52594
0.0,0.44615272,160.81726
0.0,0.497388,72.29225
0.0,0.7038743,126.763565
0.0,0.4625126,131.82722
0.0,0.4180865,244.65742
0.0,0.47600666,157.69997
0.0,0.51199967,185.45683
0.0,0.45821786,113.92554
0.0,0.5097205,86.40506
0.0,0.44971627,428.34833
0.0,0.44663265,88.155045
0.0,0.49957752,93.879265
0.0,0.52169716,68.47758
0.0,0.50469893,70.77513
0.0,0.35592213,97.06389
0.0,0.51117516,74.90567
0.0,0.47507656,399.97284
0.0,0.47041544,100.96695
0.0,0.46172965,126.54635
0.0,0.555544,299.33347
0.0,0.4346748,82.583855
0.0,0.32845208,92.58189
0.0,0.4347472,406.8802
0.0,0.3869143,96.3979
0.0,0.33000085,349.8431
0.0,0.6003269,465.8062
0.0,0.40958196,158.38062
0.0,0.48652017,104.36072
0.0,0.6592247,116.38998
0.0,0.48540816,68.483536
0.0,0.41466752,117.236145
0.0,0.50123954,83.83723
0.0,0.4631649,370.38477
0.0,0.47077167,97.213234
0.0,0.40490007,94.05575
0.0,0.4824343,147.7797
0.0,0.43627968,133.7736
0.0,0.44631678,79.66162
0.0,0.5741359,126.500786
0.0,0.46477032,77.33596
0.0,0.4191039,204.28409
0.0,0.5140792,73.137566
0.0,0.40390852,75.68864
0.0,0.45478523,66.45544
0.0,0.49387586,322.59592
0.0,0.46615115,290.09128
0.0,0.4185917,70.30922
0.0,0.4259454,113.66653
0.0,0.49216443,126.21755
0.0,0.46751204,248.69106
0.0,0.43929955,79.8048
0.0,0.4222372,83.786156
0.0,0.47733158,153.9634
0.0,0.42869633,401.55893
0.0,0.51283556,67.8016
0.0,0.44543073,104.22388
0.0,0.4103142,74.387505
0.0,0.49636933,81.200066
0.0,0.33968887,76.13685
0.0,0.44338113,169.1654
0.0,0.39342308,68.76799
0.0,0.41366678,76.469734
0.0,0.4417912,199.68346
0.0,0.60863894,94.08611
0.0,0.48485604,107.32836
0.0,0.48055828,104.76368
0.0,0.41697773,747.8091
0.0,0.47808045,69.17191
0.0,0.47610494,75.488625
0.0,0.4810942,194.81305
0.0,0.6308558,81.195786
0.0,0.45087084,65.94258
0.0,0.48704615,785.002
0.0,0.47318098,163.16927
0.0,0.46241593,290.46304
0.0,0.49033627,74.12734
0.0,0.4678975,136.46826
0.0,0.4272771,84.94391
0.0,0.45392576,614.63275
0.0,0.5086043,914.3656
0.0,0.45763296,152.3772
0.0,0.4884585,78.24839
0.0,0.47583234,278.38608
0.0,0.495442,78.28197
0.0,0.41173467,73.83589
0.0,0.43352845,108.8416
0.0,0.43864444,175.46536
0.0,0.48859662,226.9127
0.0,0.4690148,108.07797
0.0,0.48539883,70.40957
0.0,0.39694506,382.46277
0.0,0.34566838,249.5558
0.0,0.47245002,80.09299
0.0,0.51704836,65.04967
0.0,0.5079579,261.30466
0.0,0.39044297,90.36919
0.0,0.48490533,69.69703
0.0,0.43447235,78.841644
0.0,0.43269652,200.8367
0.0,0.49291563,203.8839
0.0,0.44611007,167.66751
0.0,0.29647717,401.8319
0.0,0.44037962,193.32362
0.0,0.4773778,85.36801
0.0,0.5521915,101.754486
0.0,0.45445123,125.02127
0.0,0.47309503,227.2438
0.0,0.44849724,70.23754
0.0,0.45192158,100.2687
0.0,0.4939401,134.70036
0.0,0.48847553,107.644
0.0,0.44819522,141.05588
0.0,0.5031876,81.931915
0.0,0.42204028,69.22276
0.0,0.41107613,80.63413
0.0,0.45730495,70.27715
0.0,0.436864,80.65587
0.0,0.61856985,91.88405
0.0,0.38071212,535.0055
0.0,0.52007514,89.3224
0.0,0.44250023,88.761925
0.0,0.47775525,98.07102
0.0,0.46697572,155.24602
0.0,0.44365934,131.95786
0.0,0.56554234,79.18588
0.0,0.49728227,104.81712
0.0,0.5359094,194.36513
0.0,0.48355138,128.68765
0.0,0.49442387,101.693504
0.0,0.5180695,176.74615
0.0,0.4251996,71.2545
0.0,0.47658938,66.07202
0.0,0.36248407,340.27988
0.0,0.43003604,74.91757
0.0,0.46994445,252.85573
0.0,0.41276354,164.04768
0.0,0.563506,67.85902
0.0,0.39002573,73.96316
0.0,0.4290418,127.87392
0.0,0.38312563,534.0149
0.0,0.40703398,83.56082
0.0,0.4681548,443.0373
0.0,0.35742,90.57669
0.0,0.4784108,105.18263
0.0,0.4795653,485.2303
0.0,0.4475626,71.32494
0.0,0.37476835,90.63798
0.0,0.5679826,72.92171
0.0,0.41511437,103.854515
0.0,0.37103635,254.39706
0.0,0.4572795,100.011696
0.0,0.4725052,880.30566
0.0,0.47961426,100.046234
0.0,0.4810727,71.87441
0.0,0.39775875,67.891655
0.0,0.41518456,71.05169
0.0,0.43524775,94.5501
0.0,0.3793415,196.61075
0.0,0.48003468,107.79959
0.0,0.50192565,65.10479
0.0,0.5327105,83.04162
0.0,0.4301523,88.965645
0.0,0.530172,85.127
0.0,0.46687707,75.61538
0.0,0.42688683,71.192566
0.0,0.39986196,90.5929
0.0,0.44973868,69.832535
0.0,0.38725027,173.47707
0.0,0.4238814,108.54593
0.0,0.51789826,666.16046
0.0,0.46200457,94.00415
0.0,0.40324405,101.43168
0.0,0.46831074,136.24452
0.0,0.46747157,125.607956
0.0,0.41371697,103.54181
0.0,0.48799586,497.0542
0.0,0.4192198,127.783455
0.0,0.34393892,88.33691
0.0,0.4744134,66.35615
0.0,0.41582677,69.36003
0.0,0.46455422,153.93365
0.0,0.50612795,79.11015
0.0,0.46942008,168.19115
0.0,0.44743672,365.61423
0.0,0.542971,70.97834
0.0,0.40942788,90.92167
0.0,0.5109044,68.36395
0.0,0.4658607,88.30689
0.0,0.3899853,299.61737
0.0,0.47476318,249.89703
0.0,0.42690152,81.33246
0.0,0.45333624,85.9465
0.0,0.4500204,65.45945
0.0,0.45879352,110.93705
0.0,0.45113334,68.2582
0.0,0.4452688,68.93014
0.0,0.47935966,169.74841
0.0,0.48636898,93.15693
0.0,0.5455676,70.10149
0.0,0.4924648,147.01332
0.0,0.3767882,155.3172
0.0,0.4572434,380.86786
0.0,0.40958285,126.515366
0.0,0.547818,70.49234
0.0,0.4296696,271.75757
0.0,0.44164124,67.965324
0.0,0.44889036,71.830315
0.0,0.39486378,229.05313
0.0,0.46412683,75.0714
0.0,0.37957916,74.492676
0.0,0.5027666,120.78424
0.0,0.5128823,82.67598
0.0,0.39711034,93.874886
0.0,0.5212481,67.34572
0.0,0.43799898,130.31783
0.0,0.40373364,81.19931
0.0,0.54055136,90.01857
0.0,0.48701435,65.04138
0.0,0.4969518,127.15701
0.0,0.47822663,145.46455
0.0,0.42548472,76.76655
0.0,0.42695144,171.82033
0.0,0.3305016,81.33895
0.0,0.40488586,286.4859
0.0,0.49303523,68.4788
0.0,0.57925254,657.1606
0.0,0.43617263,67.66543
0.0,0.4701269,180.89279
0.0,0.5461202,75.006874
0.0,0.49156794,240.88895
0.0,0.412639,87.76158
0.0,0.3991335,76.42173
0.0,0.5189131,173.99153
0.0,0.48491317,105.49908
0.0,0.4521567,67.13446
0.0,0.4685857,148.04579
0.0,0.42462647,135.64561
0.0,0.4562171,77.56449
0.0,0.43243858,209.96072
0.0,0.47798902,134.16884
0.0,0.44669107,160.73766
0.0,0.35720524,131.67953
0.0,0.486704,66.27031
0.0,0.42814592,77.942726
0.0,0.46982864,87.24304
0.0,0.5163834,83.39144
0.0,0.56720394,77.40488
0.0,0.5118817,96.7009
0.0,0.45102012,104.88867
0.0,0.4103105,93.83153
0.0,0.41217825,112.246994
0.0,0.48862177,111.12088
0.0,0.53101355,159.6831
0.0,0.65022486,83.931816
0.0,0.5119825,694.8168
0.0,0.36011988,214.0348
0.0,0.4806605,290.62207
0.0,0.44124624,84.79537
0.0,0.5469856,137.12794
0.0,0.52225775,73.41469
0.0,0.46964872,79.11098
0.0,0.4445331,96.36552
0.0,0.4123283,72.15436
0.0,0.48766258,93.16677
0.0,0.52201796,469.94745
0.0,0.44899535,70.987595
0.0,0.49659818,79.76827
0.0,0.39865315,76.87953
0.0,0.532753,152.6799
0.0,0.48479727,69.42376
0.0,0.4867442,177.11954
0.0,0.43959337,84.98395
0.0,0.36282232,90.28162
0.0,0.47675428,113.53812
0.0,0.5696412,123.31741
0.0,0.49793044,322.9175
0.0,0.35662466,246.02193
0.0,0.43615076,219.86612
0.0,0.50297457,65.21038
0.0,0.4726705,109.07613
0.0,0.448517,78.89501
0.0,0.41630355,330.86072
0.0,0.39348912,93.99427
0.0,0.43472537,145.02647
0.0,0.48033133,65.61725
0.0,0.44070977,79.93529
0.0,0.44307783,108.930305
0.0,0.3935517,73.93433
0.0,0.52649164,169.25858
0.0,0.4808259,72.63784
0.0,0.45661134,90.79104
0.0,0.45178717,92.95312
0.0,0.5064257,71.8133
0.0,0.3781975,73.289734
0.0,0.43094084,271.5224
0.0,0.44137406,229.66672
0.0,0.46122575,71.859024
0.0,0.45554787,67.484726
0.0,0.5023845,158.74002
0.0,0.4401564,142.6945
0.0,0.51583874,81.357796
0.0,0.52223223,70.15644
0.0,0.42495704,83.58268
0.0,0.40554354,306.00833
0.0,0.5090586,84.65114
0.0,0.42244634,78.30896
0.0,0.44293296,69.9653
0.0,0.45481768,165.59157
0.0,0.41668925,157.71521
0.0,0.4844862,72.201706
0.0,0.53545934,109.94859
0.0,0.41886276,65.50337
0.0,0.50277895,85.96821
0.0,0.4308709,219.96681
0.0,0.47449133,144.66594
0.0,0.50139153,85.777
0.0,0.46181557,352.72693
0.0,0.41194123,70.10356
0.0,0.48251554,368.09076
0.0,0.5314584,714.1384
0.0,0.42654422,101.0696
0.0,0.46316797,70.70449
0.0,0.474256,111.69733
0.0,0.44718194,67.334816
0.0,0.34212664,123.561844
0.0,0.50259686,241.12048
0.0,0.39358675,109.806114
0.0,0.48877177,72.904015
0.0,0.4579589,92.29762
0.0,0.40847573,114.812325
0.0,0.46305642,74.05683
0.0,0.5236041,83.61079
0.0,0.4610849,894.4984
0.0,0.49221838,68.55683
0.0,0.48647135,66.56532
0.0,0.38776934,98.54827
0.0,0.44453752,79.55219
0.0,0.4449837,103.38924
0.0,0.43469322,77.71028
0.0,0.4323264,67.420166
0.0,0.40128598,95.23644
0.0,0.46351412,67.676796
0.0,0.50866127,169.51682
0.0,0.5199103,152.41467
0.0,0.33289132,874.5562
0.0,0.49826628,88.19188
0.0,0.43590054,91.10321
0.0,0.49575576,241.81882
0.0,0.3977914,174.35077
0.0,0.46122575,79.02781
0.0,0.4428739,103.51685
0.0,0.409054,246.9468
0.0,0.47044572,194.36427
0.0,0.4095063,81.644485
0.0,0.5117603,74.95102
0.0,0.4775756,283.15952
0.0,0.4885989,140.22234
0.0,0.38289914,144.19156
0.0,0.467291,78.97073
0.0,0.46262515,109.87751
0.0,0.4407902,206.26485
0.0,0.41982353,68.29437
0.0,0.45524853,66.75505
0.0,0.45476264,66.29547
0.0,0.44714946,69.58268
0.0,0.41278237,130.27147
0.0,0.4218157,140.33154
0.0,0.4759212,134.45789
0.0,0.4168655,206.50697
0.0,0.4068182,99.14382
0.0,0.43616456,85.673325
0.0,0.4817438,77.60717
0.0,0.49856326,85.82054
0.0,0.42769697,72.26881
0.0,0.48782992,67.077324
0.0,0.41605127,67.32474
0.0,0.32631847,156.58823
0.0,0.4346743,75.8462
0.0,0.41963828,66.65731
0.0,0.42642093,85.7684
0.0,0.37213197,234.57524
0.0,0.44243965,69.781235
0.0,0.3817723,130.9894
0.0,0.49826747,150.19064
0.0,0.51123357,71.875656
0.0,0.5041778,80.08705
0.0,0.35841107,462.54956
0.0,0.4532942,101.80695
0.0,0.27711296,401.02182
0.0,0.5156162,76.127525
0.0,0.5141656,75.987526
0.0,0.4744794,80.33798
0.0,0.34758085,84.31367
0.0,0.42414334,71.36525
0.0,0.49155045,464.97125
0.0,0.49513683,74.12705
0.0,0.4783133,102.17128
0.0,0.4136853,148.20624
0.0,0.41084802,262.35855
0.0,0.43337142,191.7901
0.0,0.42737225,89.53562
0.0,0.39700812,109.933624
0.0,0.45698512,80.076324
0.0,0.3991604,146.62717
0.0,0.5148652,72.57606
0.0,0.41539592,161.76399
0.0,0.7513901,98.232185
0.0,0.4338501,98.580414
0.0,0.50120497,94.15173
0.0,0.4728852,119.41589
0.0,0.4008226,74.90653
0.0,0.40742922,68.317245
0.0,0.4994397,174.6273
0.0,0.40444803,97.25228
0.0,0.43489465,82.43216
0.0,0.48468196,106.21859
0.0,0.5255703,72.502464
0.0,0.4759151,76.99752
0.0,0.51220894,67.934105
0.0,0.5045796,72.14287
0.0,0.3861943,209.19447
0.0,0.54679585,80.74627
0.0,0.40251562,99.55022
0.0,0.5092876,78.91931
0.0,0.39956027,120.92888
0.0,0.52201295,73.025024
0.0,0.525877,488.31247
0.0,0.49926028,77.136246
0.0,0.49396577,72.66615
0.0,0.45101032,137.24165
0.0,0.45126975,132.58131
0.0,0.4715724,70.64036
0.0,0.50287557,83.38581
0.0,0.41150337,77.823395
0.0,0.4700897,70.366486
0.0,0.4270281,125.453384
0.0,0.5016383,112.70064
0.0,0.40898845,99.56369
0.0,0.5043884,67.47995
0.0,0.47638738,99.58654
0.0,0.41592103,101.376785
0.0,0.47817495,72.89441
0.0,0.3946948,110.04751
0.0,0.35768953,387.7834
0.0,0.41178054,83.825325
0.0,0.4959414,83.017006
0.0,0.5195823,104.17691
0.0,0.39533243,109.28736
0.0,0.4978906,108.18714
0.0,0.38435373,81.63966
0.0,0.5453715,68.77124
0.0,0.42652592,187.82738
0.0,0.4804614,108.05543
0.0,0.49694887,492.15778
0.0,0.44250253,67.80085
0.0,0.4679078,71.55145
0.0,0.43044135,69.826096
0.0,0.45980617,111.93691
0.0,0.42528072,161.47643
0.0,0.50306696,85.19095
0.0,0.5113338,83.89441
0.0,0.42974022,98.63744
0.0,0.4459256,90.77461
0.0,0.37205684,68.05951
0.0,0.39326167,106.31071
0.0,0.4084459,69.555565
0.0,0.5456476,199.30824
0.0,0.51065695,86.110664
0.0,0.3649895,168.58449
0.0,0.4736659,83.91329
0.0,0.46122575,117.268326
0.0,0.5140086,76.11468
0.0,0.4199926,136.18889
0.0,0.45232788,289.9674
0.0,0.4517226,152.01291
0.0,0.44002354,84.47923
0.0,0.504636,79.27501
0.0,0.5030965,205.4585
0.0,0.47224867,77.441574
0.0,0.49233606,184.56477
0.0,0.46919942,74.324356
0.0,0.46377504,71.65658
0.0,0.45294526,465.22046
0.0,0.49287382,691.73364
0.0,0.4706931,280.80252
0.0,0.51084095,66.91722
0.0,0.4246231,504.5439
0.0,0.36179677,296.46222
0.0,0.4558818,84.91696
0.0,0.4673413,120.90093
0.0,0.42227033,515.2432
0.0,0.43021125,88.020515
0.0,0.48985523,84.815605
0.0,0.4179031,65.822395
0.0,0.4749036,77.776886
0.0,0.4895666,81.90169
0.0,0.36330524,331.26273
0.0,0.5129833,300.36407
0.0,0.4743754,68.8632
0.0,0.5340506,72.156494
0.0,0.5165643,110.878845
0.0,0.42282093,776.51715
0.0,0.40355176,72.14853
0.0,0.6032483,209.26213
0.0,0.37528497,101.47267
0.0,0.50352347,286.0201
0.0,0.4242897,70.59758
0.0,0.3969586,78.89696
0.0,0.5431462,65.12799
0.0,0.43370184,97.90636
0.0,0.45550522,78.344604
0.0,0.5098579,67.69075
0.0,0.39212707,132.3635
0.0,0.35185313,155.25992
0.0,0.4946284,74.23316
0.0,0.42018762,141.07323
0.0,0.4916949,245.03351
0.0,0.42296714,96.811646
0.0,0.46766156,257.47702
0.0,0.4220871,70.14838
0.0,0.45771927,72.269356
0.0,0.49156085,132.8638
0.0,0.52801603,100.849785
0.0,0.45730177,370.3372
0.0,0.4186162,175.2503
0.0,0.48261052,74.8966
0.0,0.4710238,107.53762
0.0,0.3984851,82.548454
0.0,0.4482733,105.65047
0.0,0.4375284,139.0059
0.0,0.36222407,147.90193
0.0,0.47535753,96.300446
0.0,0.5155271,109.15766
0.0,0.46884525,270.36386
0.0,0.44040996,79.554115
0.0,0.4170015,67.61426
0.0,0.4910127,98.771255
0.0,0.46122575,74.979866
0.0,0.40489146,125.83164
0.0,0.4800417,77.552315
0.0,0.43278885,76.917274
0.0,0.5294426,119.10157
0.0,0.5129408,109.16072
0.0,0.38566092,90.79141
0.0,0.3917202,108.84877
0.0,0.49476513,102.18194
0.0,0.4252127,66.88442
0.0,0.46878743,87.947044
0.0,0.5120072,79.1751
0.0,0.4331135,69.44522
0.0,0.4755463,73.23894
0.0,0.43037704,91.35031
0.0,0.44239485,71.0553
0.0,0.46850792,218.64993
0.0,0.3667087,110.56477
0.0,0.39582506,92.540474
0.0,0.4089138,974.3488
0.0,0.42275953,89.03556
0.0,0.45878467,93.27048
0.0,0.4669748,94.19521
0.0,0.72799397,129.72318
0.0,0.4227016,73.435104
0.0,0.48157462,210.5835
0.0,0.4886227,76.0955
0.0,0.34993848,121.861885
0.0,0.45021367,65.01328
0.0,0.42838857,66.98779
0.0,0.34397122,201.77718
0.0,0.5399845,80.00782
0.0,0.42927954,99.98383
0.0,0.38003415,335.39905
0.0,0.48976186,519.3117
0.0,0.49012128,134.3619
0.0,0.49936673,68.10649
0.0,0.37539262,329.33902
0.0,0.47951978,195.15376
0.0,0.36294225,181.45963
0.0,0.5273586,68.90279
0.0,0.47123855,172.94714
0.0,0.55108154,95.54169
0.0,0.47315893,208.50871
0.0,0.49785772,233.12854
0.0,0.51035994,77.82451
0.0,0.44974777,70.794235
0.0,0.4100221,67.19541
0.0,0.48813933,296.3958
0.0,0.46605003,83.93218
0.0,0.5174993,66.98121
0.0,0.47577474,283.06345
0.0,0.40525278,74.83006
0.0,0.51990426,65.08528
0.0,0.47214237,126.196976
0.0,0.65775484,453.42166
0.0,0.3684019,573.3565
0.0,0.50907403,94.133125
0.0,0.59913766,624.9846
0.0,0.441796,85.93975
0.0,0.41905588,252.61417
0.0,0.49306548,688.6993
0.0,0.46793562,100.14982
0.0,0.38745275,111.56312
0.0,0.5389556,72.80503
0.0,0.54755676,97.05454
0.0,0.407196,110.74428
0.0,0.4186304,84.45094
0.0,0.38505712,89.21332
0.0,0.47352853,89.17853
0.0,0.37467253,125.2741
0.0,0.29483473,526.7619
0.0,0.5008304,113.00496
0.0,0.3383127,182.39404
0.0,0.42202064,91.39375
0.0,0.5422375,180.90074
0.0,0.4476692,168.81427
0.0,0.48495573,122.0054
0.0,0.4121645,71.971664
0.0,0.42492402,101.51591
0.0,0.41161692,103.04269
0.0,0.45583552,78.49994
0.0,0.45346287,82.92175
0.0,0.40548605,152.25761
0.0,0.45047018,72.3339
0.0,0.3870881,121.11657
0.0,0.44664767,98.23407
0.0,0.48420122,83.87829
0.0,0.39166248,811.71185
0.0,0.43108213,153.87291
0.0,0.45538357,107.23177
0.0,0.40629828,212.33803
0.0,0.4383282,218.8148
0.0,0.47755283,77.11584
0.0,0.46041822,144.57726
0.0,0.512955,79.888
0.0,0.35756436,182.2413
0.0,0.4712949,471.22958
0.0,0.512321,87.61617
0.0,0.40071455,283.0535
0.0,0.42217946,371.90146
0.0,0.44079965,160.92952
0.0,0.56192535,645.1641
0.0,0.56192535,645.1641
0.0,0.5036345,68.68521
0.0,0.40753177,89.80514
0.0,0.49902093,90.24425
0.0,0.47252798,70.15575
0.0,0.4161461,65.47986
0.0,0.44303608,65.08206
0.0,0.51283425,140.75087
0.0,0.38589704,89.24692
0.0,0.5216079,127.48504
0.0,0.45542702,120.59938
0.0,0.3731976,508.1852
0.0,0.50624,68.88116
0.0,0.4755617,80.7588
0.0,0.4659552,134.18939
0.0,0.417854,96.85784
0.0,0.41120708,71.5038
0.0,0.4548549,195.46931
0.0,0.4010399,72.30281
0.0,0.48841742,70.578514
0.0,0.45324966,177.04185
0.0,0.47734538,82.803894
0.0,0.38360322,81.466515
0.0,0.48523632,65.87865
0.0,0.40221658,67.12507
0.0,0.46805975,72.976715
0.0,0.5032707,77.641136
0.0,0.43494135,93.25435
0.0,0.41909978,110.637634
0.0,0.5346845,236.34264
0.0,0.4983059,112.434296
0.0,0.47489178,231.96413
0.0,0.38832325,86.784515
0.0,0.54967624,123.55587
0.0,0.39559162,489.97144
0.0,0.44934568,107.608246
0.0,0.4964835,70.69409
0.0,0.49736878,108.12853
0.0,0.46659592,390.40625
0.0,0.513333,162.23427
0.0,0.34620127,70.35579
0.0,0.45113316,72.47325
0.0,0.415635,90.346466
0.0,0.57123965,74.42756
0.0,0.44965217,66.592735
0.0,0.43888843,70.532715
0.0,0.51064616,76.161674
0.0,0.3994433,171.33673
0.0,0.5289685,71.40142
0.0,0.53170645,83.35824
0.0,0.5208596,102.652596
0.0,0.4607902,616.76184
0.0,0.34128338,135.76704
0.0,0.44641104,105.11314
0.0,0.41699052,68.488815
0.0,0.48992515,101.71539
0.0,0.4122884,96.16061
0.0,0.41633958,120.02008
0.0,0.4506601,69.90787
0.0,0.40671507,73.02643
0.0,0.50181943,130.8022
0.0,0.4988942,66.82703
0.0,0.4478883,303.75616
0.0,0.53551227,73.29066
0.0,0.50723666,67.97272
0.0,0.47186083,90.51811
0.0,0.5619148,65.20111
0.0,0.46718153,134.99751
0.0,0.48684427,66.84056
0.0,0.40513802,107.52156
0.0,0.49452922,231.62717
0.0,0.4670768,81.22057
0.0,0.50979656,81.226036
0.0,0.48676997,137.3156
0.0,0.47480425,72.22454
0.0,0.50734854,73.29428
0.0,0.46763048,90.33255
0.0,0.5253252,83.84257
0.0,0.3964467,95.03839
0.0,0.38577956,149.76982
0.0,0.39850664,174.44525
0.0,0.6969862,107.81273
0.0,0.4666097,440.80386
0.0,0.4237466,156.57938
0.0,0.5195978,111.58278
0.0,0.48925138,84.08562
0.0,0.4503087,115.51174
0.0,0.4686567,66.40693
0.0,0.43877485,67.07589
0.0,0.45947632,71.73374
0.0,0.4214058,73.76989
0.0,0.41568762,80.633156
0.0,0.54237616,151.11644
0.0,0.5013574,65.932045
0.0,0.44701454,81.36595
0.0,0.50628906,161.13293
0.0,0.4514132,68.31548
0.0,0.5544915,87.88855
0.0,0.41628984,65.94912
0.0,0.4809927,71.995964
0.0,0.53997517,82.83488
0.0,0.49144337,68.27222
0.0,0.4283598,78.34278
0.0,0.46197864,262.0505
0.0,0.40290353,76.03142
0.0,0.5028092,115.849846
0.0,0.49083564,69.55634
0.0,0.48413718,556.7281
0.0,0.48387495,181.27144
0.0,0.43709713,74.61855
0.0,0.54787767,80.18927
0.0,0.4095958,169.28961
0.0,0.49534664,74.46596
0.0,0.46881726,76.090485
0.0,0.6241214,106.14549
0.0,0.45080635,72.45742
0.0,0.4768678,201.11519
0.0,0.40790144,73.224144
0.0,0.3917832,225.99895
0.0,0.49887314,149.35977
0.0,0.4178004,89.068565
0.0,0.45087945,90.43236
0.0,0.47502646,65.031136
0.0,0.4612919,82.78128
0.0,0.49952123,85.462074
0.0,0.43072417,71.88311
0.0,0.49955443,79.96465
0.0,0.5489071,75.621765
0.0,0.43927887,94.94526
0.0,0.48157308,70.40797
0.0,0.4425627,103.43159
0.0,0.50115937,104.81292
0.0,0.42000157,84.13974
0.0,0.40492377,641.2619
0.0,0.4834119,92.08988
0.0,0.41050324,145.6258
0.0,0.44167295,95.61331
0.0,0.5250658,203.45923
0.0,0.41567478,75.48622
0.0,0.486007,70.1286
0.0,0.45144552,82.97278
0.0,0.49283358,112.6514
0.0,0.51797974,67.20508
0.0,0.38003883,163.47339
0.0,0.47738808,80.17604
0.0,0.37892637,80.332886
0.0,0.4956257,81.71854
0.0,0.4855457,73.558304
0.0,0.4575974,192.15117
0.0,0.36096013,156.05814
0.0,0.45501435,315.9789
0.0,0.52028596,76.42257
0.0,0.49696752,122.02837
0.0,0.4037426,142.39629
0.0,0.48702827,88.66771
0.0,0.663927,100.2638
0.0,0.42220268,92.98321
0.0,0.3909308,85.46034
0.0,0.5041182,67.7729
0.0,0.49789318,443.6623
0.0,0.46690714,97.589325
0.0,0.4317121,94.56284
0.0,0.49767494,87.66226
0.0,0.53652054,118.423836
0.0,0.50361013,88.29904
0.0,0.49228364,90.109375
0.0,0.46816117,95.817505
0.0,0.46122575,84.28458
0.0,0.44206893,104.73539
0.0,0.47494802,455.4019
0.0,0.46344826,84.597855
0.0,0.50094384,82.46266
0.0,0.43501508,89.5397
0.0,0.44369596,187.81696
0.0,0.60092455,217.85663
0.0,0.4298775,148.58464
0.0,0.41708404,148.9313
0.0,0.49927518,91.47783
0.0,0.4600212,488.1755
0.0,0.41305238,138.13913
0.0,0.4056798,78.88992
0.0,0.66205275,217.98056
0.0,0.41829252,239.35034
0.0,0.36006296,279.51428
0.0,0.4494439,120.449715
0.0,0.4726803,137.93611
0.0,0.40956742,172.7657
0.0,0.4959063,87.22442
0.0,0.44004658,102.99614
0.0,0.5267821,80.14808
0.0,0.40060732,173.18504
0.0,0.4160271,88.792946
0.0,0.4218566,384.08206
0.0,0.49945557,99.99882
0.0,0.38768527,127.48308
0.0,0.4902708,70.37483
0.0,0.51025,71.52712
0.0,0.46502808,287.96085
0.0,0.47334057,77.83677
0.0,0.47751868,231.882
0.0,0.47730628,430.2989
0.0,0.38298446,81.09916
0.0,0.42743072,362.34982
0.0,0.4952547,72.01391
0.0,0.48302075,65.51078
0.0,0.54114807,111.737686
0.0,0.55802387,72.23073
0.0,0.4985632,70.33957
0.0,0.40599197,88.087105
0.0,0.40864813,65.51956
0.0,0.38827366,133.40999
0.0,0.4692557,93.078125
0.0,0.48368183,69.04402
0.0,0.48996943,67.43891
0.0,0.41756335,72.24849
0.0,0.50084305,85.79621
0.0,0.4262116,66.25394
0.0,0.4125676,83.07641
0.0,0.46122575,96.50472
0.0,0.44080558,92.1046
0.0,0.3498009,119.35101
0.0,0.51382804,71.24548
0.0,0.4566524,139.65147
0.0,0.42845005,91.77486
0.0,0.449675,168.2269
0.0,0.47695422,111.50917
0.0,0.4233161,217.51663
0.0,0.41488612,136.09435
0.0,0.48620096,98.26881
0.0,0.48025113,102.40826
0.0,0.4488676,66.96165
0.0,0.493296,81.88863
0.0,0.3805899,175.09605
0.0,0.3774687,452.8147
0.0,0.4388812,335.46606
0.0,0.43737027,129.07956
0.0,0.34479833,110.22805
0.0,0.47540668,108.868904
0.0,0.48140648,80.18912
0.0,0.47954106,132.81099
0.0,0.44379896,66.38429
0.0,0.49692902,96.936676
0.0,0.50547975,83.636246
0.0,0.5172447,86.546104
0.0,0.46025926,286.1957
0.0,0.42835003,576.1505
0.0,0.5707398,145.91827
0.0,0.48805282,93.01246
0.0,0.3876768,78.635284
0.0,0.42649677,207.62086
0.0,0.3836342,260.91132
0.0,0.4355436,117.260155
0.0,0.43050867,117.494896
0.0,0.47269168,245.5533
0.0,0.40903127,105.45785
0.0,0.38603255,106.42854
0.0,0.43695948,117.94437
0.0,0.46894962,89.179825
0.0,0.41390944,73.33988
0.0,0.4375757,251.33215
0.0,0.40972015,72.5289
0.0,0.4107493,68.41043
0.0,0.4226628,85.84092
0.0,0.38318354,76.94031
0.0,0.44324255,219.92178
0.0,0.46676567,105.973785
0.0,0.68547493,72.25817
0.0,0.5433579,203.63646
0.0,0.42858753,146.48283
0.0,0.40402928,102.0646
0.0,0.486297,229.77087
0.0,0.35985658,75.17895
0.0,0.42670846,66.78221
0.0,0.46697012,77.688545
0.0,0.44446442,94.41928
0.0,0.48241964,126.09878
0.0,0.46124777,96.59521
0.0,0.51799256,179.50005
0.0,0.42276493,110.84537
0.0,0.42276493,110.84537
0.0,0.4244232,159.82124
0.0,0.4600597,87.336395
0.0,0.39408085,143.16302
0.0,0.44116595,196.60405
0.0,0.40747055,69.80831
0.0,0.45374644,78.592514
0.0,0.5259824,171.323
0.0,0.46122575,88.09317
0.0,0.42631653,232.15343
0.0,0.47628406,287.3699
0.0,0.42697096,101.442924
0.0,0.42646146,66.71447
0.0,0.4582767,270.55392
0.0,0.4860178,133.54944
0.0,0.49613777,78.36394
0.0,0.43153858,65.004486
0.0,0.48846358,97.32898
0.0,0.42056087,66.82378
0.0,0.44648162,104.66055
0.0,0.47223082,73.08932
0.0,0.57399297,521.8664
0.0,0.38402086,228.95218
0.0,0.4541195,69.3193
0.0,0.4975288,99.54883
0.0,0.486522,97.94324
0.0,0.40461233,87.137215
0.0,0.4274077,90.722206
0.0,0.3943517,107.17622
0.0,0.51722604,83.57004
0.0,0.43590313,152.96724
0.0,0.38556415,559.5083
0.0,0.45764902,103.19264
0.0,0.46122575,76.78359
0.0,0.7291247,715.5225
0.0,0.42838186,76.00271
0.0,0.46661472,73.76977
0.0,0.52814233,130.86526
0.0,0.50561726,77.23375
0.0,0.5879459,72.58056
0.0,0.43324736,105.42509
0.0,0.43662554,66.536934
0.0,0.42048144,86.59938
0.0,0.62760514,251.471
0.0,0.38667804,66.11745
0.0,0.55511963,168.24518
0.0,0.50297827,68.48878
0.0,0.48939294,91.49009
0.0,0.39291283,86.79309
0.0,0.3704929,323.8332
0.0,0.44839925,95.49295
0.0,0.5170652,93.62142
0.0,0.43185857,99.951645
0.0,0.48913327,70.91476
0.0,0.5282072,96.81571
0.0,0.4347895,66.9447
0.0,0.41732922,715.96063
0.0,0.5047171,99.8452
0.0,0.5094262,77.886734
0.0,0.41198662,79.45152
0.0,0.46198866,189.45575
0.0,0.4645744,92.78042
0.0,0.3891451,82.72715
0.0,0.50543106,95.905655
0.0,0.34136206,389.43954
0.0,0.46122575,66.25781
0.0,0.41513336,149.73225
0.0,0.3590262,81.81707
0.0,0.44627395,113.3786
0.0,0.3991786,70.474
0.0,0.4254574,179.74973
0.0,0.4867252,160.22595
0.0,0.36751682,184.90298
0.0,0.40666285,689.8807
0.0,0.3930088,369.98196
0.0,0.47952586,90.606186
0.0,0.4767169,183.66772
0.0,0.36400813,132.7935
0.0,0.49347517,72.77017
0.0,0.37889117,87.2579
0.0,0.46183884,155.82306
0.0,0.4476519,75.84503
0.0,0.37183884,330.69693
0.0,0.44437522,71.226105
0.0,0.46626177,73.3043
0.0,0.5251775,72.38856
0.0,0.4311898,126.76196
0.0,0.39445812,97.51986
0.0,0.40280232,680.3591
0.0,0.44041955,116.50505
0.0,0.4472877,89.05385
0.0,0.40010035,65.3916
0.0,0.44022486,127.87083
0.0,0.4079644,123.32824
0.0,0.4700831,76.09991
0.0,0.5002431,101.462975
0.0,0.4528201,311.28015
0.0,0.5663541,161.19902
0.0,0.40666243,81.03937
0.0,0.3797056,85.53875
0.0,0.5092271,90.33808
0.0,0.3874342,108.503395
0.0,0.4882522,792.6152
0.0,0.4400175,269.56918
0.0,0.5064345,111.77854
0.0,0.443499,83.51572
0.0,0.45928264,185.52078
0.0,0.4270066,190.30469
0.0,0.5466302,166.80324
0.0,0.4424629,75.25736
0.0,0.5029362,93.76981
0.0,0.4162379,267.22144
0.0,0.3469869,92.22522
0.0,0.43583632,70.09223
0.0,0.4388172,116.425896
0.0,0.42707965,179.48251
0.0,0.48971692,86.524345
0.0,0.4464456,97.47522
0.0,0.4610617,142.88162
0.0,0.4120508,67.1748
0.0,0.46918365,81.34659
0.0,0.47939384,111.223236
0.0,0.4631094,473.81924
0.0,0.48694542,86.95777
0.0,0.44242057,67.366554
0.0,0.35890576,116.37183
0.0,0.46482265,140.73859
0.0,0.41906062,176.68378
0.0,0.5090581,81.294624
0.0,0.5356994,82.373665
0.0,0.4582966,67.286514
0.0,0.5236924,72.94161
0.0,0.48315364,126.33429
0.0,0.41442865,69.6202
0.0,0.5120074,75.50106
0.0,0.46917072,76.936295
0.0,0.504093,107.091354
0.0,0.58049726,66.52953
0.0,0.48259512,76.1004
0.0,0.42128286,563.455
0.0,0.35212106,168.46838
0.0,0.41451624,101.4309
0.0,0.40587994,187.91731
0.0,0.48130915,2.1451826e+07
0.0,0.4247329,91.42321
0.0,0.52492034,127.887115
0.0,0.94927967,121.2063
0.0,0.46245888,89.80667
0.0,0.4296065,174.81108
0.0,0.5095352,112.99968
0.0,0.42325494,77.80849
0.0,0.43068188,76.0945
0.0,0.50155663,342.72253
0.0,0.4501103,65.10145
0.0,0.50568604,121.061325
0.0,0.6255362,81.4478
0.0,0.40185675,72.70618
0.0,0.4187761,156.14966
0.0,0.4376299,263.47226
0.0,0.5320162,70.90557
0.0,0.29354277,559.6917
0.0,0.48760214,209.87695
0.0,0.5059389,67.99147
0.0,0.5063481,359.9364
0.0,0.506348,359.9364
0.0,0.4316315,73.54502
0.0,0.43395576,232.49728
0.0,0.43395576,232.49728
0.0,0.43767014,109.2239
0.0,0.4655168,70.61932
0.0,0.5293111,81.72769
0.0,0.47678638,147.47221
0.0,0.34978527,437.54712
0.0,0.39231178,76.71429
0.0,0.43630734,125.79262
0.0,0.41361824,120.62547
0.0,0.43355438,113.423676
0.0,0.48797554,115.48118
0.0,0.48787042,295.3561
0.0,0.45383847,97.49219
0.0,0.39454535,186.51634
0.0,0.43207097,540.5374
0.0,0.39148813,97.327
0.0,0.53495955,66.89849
0.0,0.39905018,121.678314
0.0,0.39905018,121.678314
0.0,0.4621678,74.12907
0.0,0.43437463,110.76514
0.0,0.39535874,119.197525
0.0,0.5163881,95.234406
0.0,0.5158429,81.417694
0.0,0.5167765,189.59871
0.0,0.49174273,198.8894
0.0,0.48943532,423.29248
0.0,0.4173118,117.95609
0.0,0.34521577,1090.9697
0.0,0.49584484,125.13168
0.0,0.47021905,73.85247
0.0,0.36868185,228.55083
0.0,0.4839388,85.76485
0.0,0.42267638,294.83722
0.0,0.48134813,65.454124
0.0,0.44461122,176.91302
0.0,0.38123947,238.71613
0.0,0.4188496,260.99802
0.0,0.47852445,97.142784
0.0,0.37542382,197.00208
0.0,0.48605955,181.77847
0.0,0.3535752,581.80304
0.0,0.42808437,90.07643
0.0,0.3904904,722.5781
0.0,0.47130972,151.80234
0.0,0.48345292,77.8184
0.0,0.4167772,285.8261
0.0,0.4167772,285.8261
0.0,0.35911983,148.04222
0.0,0.44484982,88.12628
0.0,0.4947029,69.00909
0.0,0.47680914,173.87007
0.0,0.46765593,346.21738
0.0,0.47921517,204.23677
0.0,0.50398004,65.59339
0.0,0.4422201,69.1183
0.0,0.4522418,75.228195
0.0,0.54017293,100.07123
0.0,0.45096725,104.549545
0.0,0.40711722,75.889496
0.0,0.5250203,94.170105
0.0,0.43988532,99.37803
0.0,0.44986326,96.32109
0.0,0.42753434,77.81438
0.0,0.48949352,97.157295
0.0,0.39170396,76.65674
0.0,0.50004274,82.20137
0.0,0.46542954,83.469696
0.0,0.49601197,138.54643
0.0,0.41777334,65.068756
0.0,0.43681318,89.73233
0.0,0.4390882,70.28979
0.0,0.43122482,281.83646
0.0,0.4202258,81.29576
0.0,0.5717872,68.0381
0.0,0.4044478,409.3393
0.0,0.4808839,80.067924
0.0,0.48114222,110.1782
0.0,0.47454178,140.09738
0.0,0.40820202,74.13242
0.0,0.418276,67.63313
0.0,0.34076703,758.7861
0.0,0.41985482,93.66722
0.0,0.48943907,72.32921
0.0,0.4546315,126.01338
0.0,0.44098207,92.0398
0.0,0.4799999,108.00757
0.0,0.4716173,114.57847
0.0,0.40738535,108.10147
0.0,0.37230253,120.033
0.0,0.48072088,90.48053
0.0,0.42349768,68.95781
0.0,0.5716748,71.47668
0.0,0.42993376,81.96318
0.0,0.49919415,87.97375
0.0,0.47406742,104.573715
0.0,0.41435215,84.681496
0.0,0.3987772,84.12076
0.0,0.44537795,92.73141
0.0,0.3577621,190.55496
0.0,0.4005177,720.3985
0.0,0.45358115,93.25435
0.0,0.5663859,74.58333
0.0,0.47260404,82.05101
0.0,0.5168043,73.85494
0.0,0.44478613,94.002884
0.0,0.4118977,85.9566
0.0,0.4669153,66.70204
0.0,0.3455068,82.44046
0.0,0.2709347,487.3644
0.0,0.51221937,85.69736
0.0,0.48701176,366.2044
0.0,0.4585667,86.297646
0.0,0.43581745,255.22939
0.0,0.4938647,94.02707
0.0,0.43686977,170.24434
0.0,0.49466568,99.74017
0.0,0.43354732,76.41237
0.0,0.50640905,97.63418
0.0,0.38005903,470.51614
0.0,0.42442134,71.72278
0.0,0.42679593,205.04823
0.0,0.46894744,68.21078
0.0,0.48231375,87.9203
0.0,0.49063683,116.04539
0.0,0.4974169,95.84044
0.0,0.38512012,68.34936
0.0,0.45608425,96.16219
0.0,0.37618074,96.92641
0.0,0.40726468,89.85682
0.0,0.43421248,77.61292
0.0,0.45108944,70.81369
0.0,0.37502912,103.53374
0.0,0.5141964,73.71734
0.0,0.41375574,67.927444
0.0,0.46547443,787.3568
0.0,0.45800334,67.12956
0.0,0.38302216,67.2103
0.0,0.44643953,70.68265
0.0,0.4633432,182.83725
0.0,0.47416222,261.45016
0.0,0.47944897,417.33386
0.0,0.49199146,68.68878
0.0,0.4685588,180.1978
0.0,0.47424334,80.233765
0.0,0.4269316,143.23079
0.0,0.4700717,72.725296
0.0,0.47306702,72.53081
0.0,0.46819863,71.0147
0.0,0.47781256,138.55183
0.0,0.45666468,142.71135
0.0,0.3876715,144.25783
0.0,0.40871364,218.81589
0.0,0.43309453,184.29494
0.0,0.4853886,79.30184
0.0,0.4286656,99.29895
0.0,0.46122575,97.55193
0.0,0.48327014,106.07087
0.0,0.4793927,74.36029
0.0,0.4515035,217.50887
0.0,0.5053239,96.92992
0.0,0.4954674,70.22777
0.0,0.4908977,112.257164
0.0,0.39535293,67.708046
0.0,0.3917199,68.79752
0.0,0.99602354,3004.4458
0.0,0.50035626,85.54535
0.0,0.38240764,119.155266
0.0,0.52665305,169.74199
0.0,0.42767206,97.52023
0.0,0.4178359,79.52058
0.0,0.36690864,94.5529
0.0,0.39273787,112.0346
0.0,0.39619404,68.045746
0.0,0.48186287,214.18643
0.0,0.4335491,527.9002
0.0,0.3801811,66.535194
0.0,0.39291796,78.33557
0.0,0.42024362,94.79284
0.0,0.49929944,83.307045
0.0,0.46143928,105.40368
0.0,0.5161724,206.08432
0.0,0.52101433,94.01321
0.0,0.47240472,70.65981
0.0,0.401712,184.59659
0.0,0.43650377,71.17711
0.0,0.44843423,159.7351
0.0,0.4636056,142.89873
0.0,0.48278636,76.63847
0.0,0.36590615,109.86991
0.0,0.491371,72.79085
0.0,0.401604,146.72968
0.0,0.4173696,100.72889
0.0,0.4173696,100.72889
0.0,0.48056138,85.285286
0.0,0.46216694,73.96815
0.0,0.45962548,97.25928
0.0,0.43837842,106.53985
0.0,0.3722841,148.73244
0.0,0.5048948,212.3385
0.0,0.38536277,91.573
0.0,0.4828854,80.36796
0.0,0.39525044,83.36657
0.0,0.43106183,65.68295
0.0,0.51466095,85.82632
0.0,0.41748923,68.37052
0.0,0.53889334,152.34808
0.0,0.4241409,166.07683
0.0,0.45663938,81.43244
0.0,0.46046713,139.91646
0.0,0.49103245,84.36823
0.0,0.44185472,77.832924
0.0,0.43546999,79.17002
0.0,0.4196627,66.53206
0.0,0.5050303,140.78983
0.0,0.52712286,184.1115
0.0,0.3990479,66.411125
0.0,0.4926815,90.45679
0.0,0.46288574,77.361305
0.0,0.45916513,135.56119
0.0,0.49394125,91.891975
0.0,0.5037443,78.63699
0.0,0.37822345,134.3804
0.0,0.4953753,140.94008
0.0,0.46442676,146.27734
0.0,0.4863075,224.80942
0.0,0.42759916,120.54802
0.0,0.47856495,77.97418
0.0,0.50931686,138.7924
0.0,0.44955838,68.46014
0.0,0.47864878,104.501
0.0,0.46542174,67.36546
0.0,0.49387586,129.75131
0.0,0.50225866,74.68283
0.0,0.5059918,154.5142
0.0,0.44852784,65.14029
0.0,0.39634708,70.95888
0.0,0.42204174,74.207146
0.0,0.50175595,113.580444
0.0,0.395969,83.15589
0.0,0.3793514,132.77492
0.0,0.37435547,241.53423
0.0,0.42382136,93.519585
0.0,0.47717723,95.37523
0.0,0.483463,159.18997
0.0,0.48500904,77.997986
0.0,0.41273746,87.29991
0.0,0.354796,105.0581
0.0,0.40708783,390.3801
0.0,0.45733795,109.482285
0.0,0.42834118,78.30075
0.0,0.44534743,98.90061
0.0,0.47519764,66.855644
0.0,0.39750755,388.20343
0.0,0.48048913,92.2636
0.0,0.48065382,98.54708
0.0,0.46877977,89.91428
0.0,0.46670938,72.030594
0.0,0.3667471,446.06985
0.0,0.49148685,68.010956
0.0,0.37892786,290.3505
0.0,0.36723152,92.793205
0.0,0.43040326,223.80743
0.0,0.5163683,109.95282
0.0,0.47387087,492.1837
0.0,0.42707577,219.98239
0.0,0.48138586,433.441
0.0,0.42557088,69.03212
0.0,0.3851086,140.62375
0.0,0.4755781,161.39374
0.0,0.49590364,72.85761
0.0,0.4005447,103.36994
0.0,0.5057915,86.58655
0.0,0.4631896,65.32407
0.0,0.46905428,313.28027
0.0,0.46977118,76.81542
0.0,0.4575457,68.950424
0.0,0.37319225,202.72728
0.0,0.46292987,66.704056
0.0,0.44714826,320.83173
0.0,0.41359922,89.70851
0.0,0.42555618,79.76179
0.0,0.48436975,79.49863
0.0,0.44072083,284.068
0.0,0.41912925,96.24719
0.0,0.39726672,86.352615
0.0,0.47461987,155.53905
0.0,0.5021879,89.34501
0.0,0.5163665,76.631004
0.0,0.4637872,78.121315
0.0,0.43192452,486.07785
0.0,0.48739076,68.73665
0.0,0.35656512,84.55758
0.0,0.49460256,360.578
0.0,0.45587316,78.904434
0.0,0.38250017,284.15567
0.0,0.497176,94.12894
0.0,0.49801102,75.02508
0.0,0.5562129,65.30973
0.0,0.26510414,1288.2202
0.0,0.42204472,101.77963
0.0,0.4224448,97.36692
0.0,0.4758456,101.65896
0.0,0.45852396,65.67762
0.0,0.42421675,68.98586
0.0,0.47152096,109.21029
0.0,0.43588072,68.34294
0.0,0.4125081,131.98654
0.0,0.53581935,83.28057
0.0,0.40273625,904.1191
0.0,0.419548,152.019
0.0,0.37301508,76.47858
0.0,0.40797353,71.511765
0.0,0.41887096,105.09756
0.0,0.38786834,172.76419
0.0,0.5371171,84.848595
0.0,0.5109807,333.1666
0.0,0.4075332,128.5379
0.0,0.44446266,142.73541
0.0,0.38873506,190.10806
0.0,0.48603797,85.8586
0.0,0.387606,163.5892
0.0,0.4853249,98.40009
0.0,0.47020692,127.358
0.0,0.44772032,213.45572
0.0,0.66391116,141.92725
0.0,0.33351174,563.8344
0.0,0.40360832,123.05752
0.0,0.38939583,83.125496
0.0,0.4816979,218.48027
0.0,0.51714015,67.55093
0.0,0.4168699,94.89453
0.0,0.481612,66.18787
0.0,0.46122575,134.42534
0.0,0.47912738,71.98867
0.0,0.38096622,290.01868
0.0,0.47595987,92.464226
0.0,0.38868928,132.41618
0.0,0.42800894,70.684975
0.0,0.3780734,69.83441
0.0,0.42501718,112.74575
0.0,0.3384333,297.74405
0.0,0.63336223,4.8413136e+07
0.0,0.4775854,76.693375
0.0,0.40127903,522.4282
0.0,0.48099706,68.49639
0.0,0.5315393,77.36173
0.0,0.44853756,72.839096
0.0,0.44184455,90.71728
0.0,0.4861286,78.50282
0.0,0.29149932,258.0099
0.0,0.4068215,73.65816
0.0,0.4828356,104.58548
0.0,0.48753306,69.07995
0.0,0.46122575,66.50703
0.0,0.47909257,99.783226
0.0,0.37835792,151.30447
0.0,0.3699535,133.84412
0.0,0.3644518,99.9514
0.0,0.4903679,79.23211
0.0,0.4230309,653.0897
0.0,0.51747024,171.62065
0.0,0.34126884,293.4941
0.0,0.4541485,304.9056
0.0,0.46122575,81.56481
0.0,0.5087465,85.8515
0.0,0.48016426,98.97572
0.0,0.49008143,96.68975
0.0,0.35568208,66.4106
0.0,0.48804379,65.65851
0.0,0.42537847,157.56506
0.0,0.400769,84.359085
0.0,0.4992186,80.10231
0.0,0.42073122,75.95403
0.0,0.39429015,74.247406
0.0,0.467772,103.80823
0.0,0.49793068,176.8142
0.0,0.42497548,98.58393
0.0,0.4608951,97.15799
0.0,0.46429715,84.5201
0.0,0.36816236,161.11258
0.0,0.44515228,423.11102
0.0,0.6434593,101.177185
0.0,0.4792539,81.180405
0.0,0.3936952,98.15251
0.0,0.4283698,65.39537
0.0,0.41924644,74.36789
0.0,0.4045226,93.54256
0.0,0.42192864,86.58847
0.0,0.45985588,71.78226
0.0,0.39833087,137.70558
0.0,0.34041595,255.20067
0.0,0.44753706,87.96081
0.0,0.5070355,183.33206
0.0,0.5063649,172.50081
0.0,0.45450678,70.00342
0.0,0.36367637,237.88228
0.0,0.41188475,90.828
0.0,0.49289972,69.51811
0.0,0.52918494,77.78098
0.0,0.48007742,85.570526
0.0,0.47968334,86.54881
0.0,0.42192966,226.4264
0.0,0.42712072,104.60661
0.0,0.44443798,73.83816
0.0,0.409073,82.89531
0.0,0.38640326,96.38602
0.0,0.44295296,72.93953
0.0,0.41047034,164.76865
0.0,0.42649466,67.00059
0.0,0.3766995,695.41284
0.0,0.41134468,67.39863
0.0,0.5137556,123.63417
0.0,0.5208116,69.88484
0.0,0.3924224,84.37833
0.0,0.41116682,122.66073
0.0,0.5203195,78.0354
0.0,0.41254494,514.19855
0.0,0.43487903,74.457985
0.0,0.5479082,74.010864
0.0,0.42598724,96.05608
0.0,0.4003112,96.952934
0.0,0.44241714,152.22151
0.0,0.46777514,212.74303
0.0,0.41940877,114.73734
0.0,0.4609487,77.96333
0.0,0.3994759,124.389656
0.0,0.3971988,65.675385
0.0,0.46463487,83.59971
0.0,0.48347443,90.7423
0.0,0.40933704,79.30796
0.0,0.5601433,131.05406
0.0,0.48787236,111.645035
0.0,0.47477394,76.50402
0.0,0.48371986,85.55427
0.0,0.50302315,110.702156
0.0,0.53966874,104.309166
0.0,0.52020645,69.650116
0.0,0.470647,194.59563
0.0,0.3749112,205.69527
0.0,0.4501324,84.06162
0.0,0.4689731,119.20028
0.0,0.40023762,1021.34155
0.0,0.42459404,80.02104
0.0,0.49322098,385.7188
0.0,0.46122575,138.9216
0.0,0.5278336,127.97413
0.0,0.43409464,262.46042
0.0,0.50187695,68.31164
0.0,0.47859317,160.00093
0.0,0.5067301,128.53113
0.0,0.4204589,104.412636
0.0,0.4859922,71.836975
0.0,0.417132,95.45864
0.0,0.4984931,77.49499
0.0,0.47127402,157.78908
0.0,0.42055765,67.1265
0.0,0.40754485,100.257256
0.0,0.4695897,75.31388
0.0,0.5003585,149.7806
0.0,0.52677816,71.49126
0.0,0.4743459,539.35944
0.0,0.38980043,66.62361
0.0,0.47935227,89.831474
0.0,0.44088933,106.748856
0.0,0.46982354,170.18575
0.0,0.51229566,73.08984
0.0,0.45116568,159.54518
0.0,0.45565942,152.78462
0.0,0.45267367,70.70713
0.0,0.47776154,79.66652
0.0,0.27948564,578.439
0.0,0.43827668,134.08446
0.0,0.6411847,536.7335
0.0,0.40753552,158.06566
0.0,0.5121955,320.91928
0.0,0.3820571,75.955956
0.0,0.395238,97.78985
0.0,0.4685453,176.15459
0.0,0.4257486,71.743904
0.0,0.4677475,220.8283
0.0,0.4499793,66.95018
0.0,0.4600978,150.66367
0.0,0.47359413,651.70013
0.0,0.35932374,154.68309
0.0,0.4617481,103.24432
0.0,0.4689999,65.42993
0.0,0.50540775,67.90456
0.0,0.49104062,82.74296
0.0,0.43289316,84.1184
0.0,0.50045633,67.57507
0.0,0.40410656,77.19725
0.0,0.4701481,94.563286
0.0,0.4447322,67.46624
0.0,0.5122987,125.893135
0.0,0.43583262,126.057526
0.0,0.5393364,80.096214
0.0,0.5053678,74.1979
0.0,0.49572846,140.96043
0.0,0.48794147,85.43445
0.0,0.52854085,91.907486
0.0,0.47876346,116.14029
0.0,0.49618977,136.2704
0.0,0.3994813,401.79333
0.0,0.48406234,71.2075
0.0,0.45046,88.886215
0.0,0.5567919,81.16575
0.0,0.45182246,95.99251
0.0,0.39949113,245.93375
0.0,0.46504363,124.131386
0.0,0.3821231,76.27243
0.0,0.4447354,80.49658
0.0,0.44028527,109.55461
0.0,0.405885,77.27582
0.0,0.49478227,71.036446
0.0,0.43641812,75.42634
0.0,0.48063043,134.87825
0.0,0.48014128,106.52324
0.0,0.44351205,69.28498
0.0,0.44689342,184.28897
0.0,0.45708087,94.735535
0.0,0.50275314,84.36448
0.0,0.40981376,72.737595
0.0,0.40745217,87.097946
0.0,0.45496976,173.642
0.0,0.461129,77.33736
0.0,0.31404254,237.90147
0.0,0.5008797,84.90932
0.0,0.52709025,225.03786
0.0,0.46821493,147.00905
0.0,0.54769444,334.77618
0.0,0.450221,575.5237
0.0,0.43344784,91.414825
0.0,0.4746765,84.87604
0.0,0.4301446,119.59251
0.0,0.5301039,75.62754
0.0,0.4524029,73.075874
0.0,0.43124226,82.12023
0.0,0.5267066,118.19891
0.0,0.5204109,693.233
0.0,0.4690315,71.479385
0.0,0.48767212,72.025375
0.0,0.4065726,619.7684
0.0,0.56233597,129.21385
0.0,0.5042497,68.73708
0.0,0.50433064,209.64124
0.0,0.3741557,113.645935
0.0,0.35371503,672.75366
0.0,0.43033102,70.547485
0.0,0.42085737,599.78625
0.0,0.42350656,189.91217
0.0,0.44707277,73.014206
0.0,0.42877796,70.524
0.0,0.43860233,88.2578
0.0,0.48523962,65.02485
0.0,0.48903865,164.0538
0.0,0.45041826,66.43891
0.0,0.49448636,90.72993
0.0,0.5266801,84.03267
0.0,0.40844172,125.13395
0.0,0.42138883,105.799286
0.0,0.4373423,74.32705
0.0,0.41464278,540.75226
0.0,0.39369237,86.8743
0.0,0.44314274,328.83734
0.0,0.44423366,399.8084
0.0,0.42804036,73.19404
0.0,0.48587197,78.673065
0.0,0.46412724,115.79383
0.0,0.39150733,220.82126
0.0,0.42646095,68.72757
0.0,0.46518058,102.12216
0.0,0.4187196,70.14928
0.0,0.47245136,190.19731
0.0,0.44796735,176.51587
0.0,0.52745193,84.581276
0.0,0.4715909,121.722275
0.0,0.42764086,611.9739
0.0,0.41525263,91.18392
0.0,0.43554813,186.4586
0.0,0.43514958,88.84616
0.0,0.37148452,151.6415
0.0,0.42250198,68.30972
0.0,0.39051518,465.76144
0.0,0.5051643,87.54829
0.0,0.50016946,65.94121
0.0,0.4407312,99.126816
0.0,0.4669801,134.55247
0.0,0.49469906,76.73039
0.0,0.43134147,125.94567
0.0,0.47288316,202.22708
0.0,0.40063724,204.72272
0.0,0.43363705,66.11585
0.0,0.4718154,87.43709
0.0,0.5114903,98.93683
0.0,0.51097494,88.797745
0.0,0.48905557,341.59042
0.0,0.4288176,180.65332
0.0,0.4618865,66.39758
0.0,0.47258362,66.77521
0.0,0.47690564,189.90028
0.0,0.4213726,85.524635
0.0,0.4846207,169.69559
0.0,0.42978978,86.926414
0.0,0.4154932,82.797844
0.0,0.42438933,437.2496
0.0,0.41585347,386.19724
0.0,0.70297384,117.340256
0.0,0.44861722,70.411194
0.0,0.39086133,75.443794
0.0,0.47186264,169.23824
0.0,0.44221935,65.235374
0.0,0.53708255,358.7904
0.0,0.39295578,86.45987
0.0,0.45692036,65.43846
0.0,0.42458588,74.25248
0.0,0.41779706,86.91678
0.0,0.38844815,194.58932
0.0,0.36748752,132.43903
0.0,0.5070911,86.007904
0.0,0.44140482,186.75856
0.0,0.49025282,66.426254
0.0,0.560074,76.89479
0.0,0.48060453,68.37951
0.0,0.36344254,365.62186
0.0,0.61625856,81.52129
0.0,0.45386416,87.618866
0.0,0.35963467,163.41292
0.0,0.4709855,75.000656
0.0,0.43918017,115.78303
0.0,0.41154316,89.79412
0.0,0.4840822,88.74735
0.0,0.47818172,72.64091
0.0,0.47501215,68.29144
0.0,0.48728198,98.77234
0.0,0.41274014,130.9469
0.0,0.46530485,132.28903
0.0,0.47463828,88.7934
0.0,0.4650436,75.9866
0.0,0.4391807,78.264244
0.0,0.388953,79.52713
0.0,0.45817366,69.85874
0.0,0.4779179,97.97286
0.0,0.44778743,1015.6284
0.0,0.4830762,115.73536
0.0,0.39487085,108.37207
0.0,0.48831072,125.90654
0.0,0.48595688,128.09903
0.0,0.5554512,79.90234
0.0,0.44175297,138.8113
0.0,0.4179362,65.962166
0.0,0.44585943,174.4489
0.0,0.44495532,68.30097
0.0,0.49685884,399.84222
0.0,0.44687176,188.79727
0.0,0.6006978,658.1954
0.0,0.5075417,72.561516
0.0,0.4293924,103.67678
0.0,0.4996358,67.265945
0.0,0.4070063,82.599724
0.0,0.51343787,88.70278
0.0,0.4726534,84.58209
0.0,0.42800733,136.94649
0.0,0.47737983,77.32728
0.0,0.41297892,214.23747
0.0,0.4958336,72.432724
0.0,0.51601434,69.336235
0.0,0.46164426,160.25429
0.0,0.457895,93.784485
0.0,0.46122575,65.73995
0.0,0.3879354,233.20265
0.0,0.43555206,118.13767
0.0,0.41112906,80.04125
0.0,0.38728532,171.5779
0.0,0.48174885,93.146545
0.0,0.47312012,97.23023
0.0,0.42321077,69.54924
0.0,0.50704324,74.89434
0.0,0.45978266,81.784065
0.0,0.5690832,189.3211
0.0,0.42590418,98.46605
0.0,0.49843156,124.17051
0.0,0.507775,77.92099
0.0,0.48306337,68.38907
0.0,0.44946617,68.50337
0.0,0.48558235,71.20656
0.0,0.62007445,98.46532
0.0,0.3686414,244.5626
0.0,0.50207686,71.473656
0.0,0.49088344,87.25119
0.0,0.38566035,543.6658
0.0,0.41307905,89.67707
0.0,0.41503042,73.56848
0.0,0.5142204,267.2625
0.0,0.48189485,72.77942
0.0,0.4756357,80.254425
0.0,0.4832132,98.29055
0.0,0.4871143,91.77652
0.0,0.61398125,90.30377
0.0,0.449231,815.99835
0.0,0.44110438,81.75318
0.0,0.43645743,98.57987
0.0,0.46122575,68.20989
0.0,0.44133157,146.7138
0.0,0.34165162,82.91609
0.0,0.47799784,79.58159
0.0,0.41306257,98.735695
0.0,0.41829306,163.68515
0.0,0.41756546,229.00687
0.0,0.52690023,167.5525
0.0,0.43019897,138.843
0.0,0.48561755,85.88434
0.0,0.58189684,69.337074
0.0,0.49380922,149.12848
0.0,0.4266136,74.89085
0.0,0.40573278,98.7574
0.0,0.5451302,374.2455
0.0,0.41708958,107.954216
0.0,0.4285309,75.814354
0.0,0.42281273,75.36862
0.0,0.412344,84.000496
0.0,0.4559136,120.36266
0.0,0.4576949,153.02922
0.0,0.4849974,74.56012
0.0,0.37837464,86.72491
0.0,0.38617072,110.84287
0.0,0.42493746,260.50113
0.0,0.41084388,120.18452
0.0,0.49895898,70.43795
0.0,0.34386662,81.49087
0.0,0.44118813,270.5646
0.0,0.5592104,633.43286
0.0,0.5533017,80.29162
0.0,0.5034233,68.532524
0.0,0.43858585,141.76146
0.0,0.48383856,94.00211
0.0,0.47363687,78.62752
0.0,0.43232983,65.27677
0.0,0.51183844,473.20108
0.0,0.35232794,922.6609
0.0,0.39289168,288.78485
0.0,0.46243653,7.397392e+12
0.0,0.4280472,120.52003
0.0,0.42364,66.16712
0.0,0.40798774,106.64974
0.0,0.46611825,145.52325
0.0,0.4107206,69.01579
0.0,0.42099246,65.67598
0.0,0.3745924,100.68897
0.0,0.47086453,74.56458
0.0,0.32112795,316.62155
0.0,0.42628202,112.06942
0.0,0.45830137,86.09705
0.0,0.4171291,91.77052
0.0,0.5592485,83.52947
0.0,0.32990596,134.29044
0.0,0.44532865,74.98081
0.0,0.47812328,66.9274
0.0,0.43050545,651.12866
0.0,0.49082163,110.45412
0.0,0.5264417,443.25867
0.0,0.44333822,81.70674
0.0,0.43936574,73.60432
0.0,0.43170854,84.18976
0.0,0.4315662,330.65552
0.0,0.53839,97.22127
0.0,0.42114192,86.00342
0.0,0.48898044,109.906105
0.0,0.41683486,81.28039
0.0,0.495156,77.2547
0.0,0.4218899,116.411705
0.0,0.6147177,72.46371
0.0,0.5011,284.71375
0.0,0.31660393,67.22973
0.0,0.4898566,91.43884
0.0,0.43534434,101.91303
0.0,0.50002307,77.19113
0.0,0.49521175,116.34526
0.0,0.5615509,122.25327
0.0,0.4236381,114.9536
0.0,0.42003837,67.809265
0.0,0.44768658,91.74129
0.0,0.49297774,268.30478
0.0,0.49586937,72.52284
0.0,0.52266484,67.97415
0.0,0.4737172,405.9966
0.0,0.43758786,71.50953
0.0,0.49778825,81.217606
0.0,0.42508116,89.50795
0.0,0.44505593,199.44331
0.0,0.3956317,107.97312
0.0,0.51558995,76.61496
0.0,0.47427446,727.22186
0.0,0.46122575,98.49375
0.0,0.44538498,143.07738
0.0,0.30137575,250.05788
0.0,0.35001794,466.864
0.0,0.4533627,68.60421
0.0,0.47277147,160.84816
0.0,0.48591295,106.28602
0.0,0.42058322,91.761
0.0,0.38620687,454.65048
0.0,0.46125486,467.62534
0.0,0.47927803,66.503845
0.0,0.4941136,84.99263
0.0,0.4001857,109.583244
0.0,0.48036394,98.36412
0.0,0.6546955,468.99435
0.0,0.5104082,70.555756
0.0,0.47058073,66.92808
0.0,0.4119067,72.2088
0.0,0.4494941,80.74629
0.0,0.496759,66.857956
0.0,0.5236258,107.38211
0.0,0.5016938,78.43222
0.0,0.40955573,89.29215
0.0,0.42447436,103.16857
0.0,0.5584725,339.60022
0.0,0.56918335,99.73974
0.0,0.46122575,80.05909
0.0,0.4743062,66.827614
0.0,0.5082718,107.56826
0.0,0.3868078,79.69841
0.0,0.4259358,125.32046
0.0,0.4960332,658.3092
0.0,0.5016461,183.10817
0.0,0.43467596,96.354965
0.0,0.38362122,91.13147
0.0,0.49066013,72.43853
0.0,0.5019089,92.478714
0.0,0.4899257,67.0512
0.0,0.58083177,100.234856
0.0,0.50685614,585.7542
0.0,0.4939245,74.316826
0.0,0.3691958,108.43134
0.0,0.55675,100.24036
0.0,0.6392996,139.22731
0.0,0.4140612,102.26578
0.0,0.37219545,78.35321
0.0,0.5207824,478.97607
0.0,0.47937423,67.11839
0.0,0.45621234,91.88168
0.0,0.46575242,65.72023
0.0,0.46122575,111.11973
0.0,0.43394357,241.19832
0.0,0.48521137,77.48546
0.0,0.38440967,258.7685
0.0,0.45911863,72.60092
0.0,0.39834112,248.0445
0.0,0.5320991,75.28995
0.0,0.45512283,98.91847
0.0,0.52625704,72.84393
0.0,0.4581389,136.60783
0.0,0.36047804,133.63957
0.0,0.69527835,120.58336
0.0,0.4120518,88.832436
0.0,0.49897814,192.91757
0.0,0.40202698,68.30106
0.0,0.4988911,219.07912
0.0,0.47422683,100.03794
0.0,0.42623937,93.67468
0.0,0.48909697,76.949814
0.0,0.3662943,598.2551
0.0,0.34216976,333.8039
0.0,0.43901044,86.47244
0.0,0.48435655,163.03943
0.0,0.44292724,114.30574
0.0,0.49889132,85.89282
0.0,0.40645576,66.22588
0.0,0.44176108,100.18496
0.0,0.44086078,72.29535
0.0,0.4268779,77.21948
0.0,0.41674086,91.65261
0.0,0.4975002,120.33921
0.0,0.44265184,79.983795
0.0,0.4348777,68.10283
0.0,0.4313492,71.080696
0.0,0.40821445,97.93189
0.0,0.50022984,75.63626
0.0,0.4995236,68.49291
0.0,0.3675887,80.58138
0.0,0.50601953,123.35506
0.0,0.4210484,98.76789
0.0,0.51627725,104.62476
0.0,0.48089802,110.60739
0.0,0.49105665,83.858536
0.0,0.44658908,71.88128
0.0,0.49809483,73.253006
0.0,0.49475834,72.462814
0.0,0.424969,113.270164
0.0,0.5285319,400.78128
0.0,0.42557797,179.0426
0.0,0.48841876,71.47554
0.0,0.47191817,93.57887
0.0,0.5134884,74.04037
0.0,0.4987237,83.407585
0.0,0.42594245,409.99713
0.0,0.35007027,106.62966
0.0,0.44885865,87.95764
0.0,0.53448015,160.01236
0.0,0.38026562,187.25844
0.0,0.45236295,110.64158
0.0,0.4985063,65.07102
0.0,0.4184234,127.10669
0.0,0.4253077,71.01833
0.0,0.48038492,150.27278
0.0,0.3789884,135.62892
0.0,0.5337553,73.98224
0.0,0.45861942,75.26963
0.0,0.50607926,143.30936
0.0,0.42785132,65.671524
0.0,0.5102829,190.22844
0.0,0.47256324,118.05708
0.0,0.52683187,73.95554
0.0,0.51274586,71.22732
0.0,0.46213815,449.3508
0.0,0.5172462,67.248924
0.0,0.44301137,570.0232
0.0,0.43749657,120.59799
0.0,0.4354907,66.4235
0.0,0.46706975,97.318344
0.0,0.48204517,97.43138
0.0,0.3807921,229.13362
0.0,0.4753501,186.80727
0.0,0.5284442,67.584145
0.0,0.5987715,71.86309
0.0,0.5503097,70.921555
0.0,0.47762913,235.85283
0.0,0.46872446,73.57438
0.0,0.4830395,84.95958
0.0,0.50182366,80.69684
0.0,0.58044064,239.52832
0.0,0.48756045,103.89734
0.0,0.46921852,69.326355
0.0,0.48192918,163.00713
0.0,0.37635195,98.19428
0.0,0.4809011,111.2305
0.0,0.6355863,176.38596
0.0,0.38776785,160.07289
0.0,0.4861429,76.13601
0.0,0.48141643,65.8887
0.0,0.38755316,97.32903
0.0,0.43317235,106.58472
0.0,0.49147883,176.71027
0.0,0.42580345,178.08713
0.0,0.5313043,124.00225
0.0,0.5106046,76.710175
0.0,0.50284946,94.71825
0.0,0.39604622,77.39758
0.0,0.54195714,69.21974
0.0,0.4813731,73.760254
0.0,0.50192934,111.41317
0.0,0.41892192,234.55772
0.0,0.43998352,68.00662
0.0,0.44875368,892.30316
0.0,0.44705394,65.20902
0.0,0.5267662,137.49814
0.0,0.72146225,202.1617
0.0,0.39998582,87.12927
0.0,0.4889564,99.463005
0.0,0.28389952,634.0737
0.0,0.41490734,95.32102
0.0,0.42037347,67.21213
0.0,0.49439538,65.97854
0.0,0.5272529,65.05649
0.0,0.4510083,383.7714
0.0,0.5107448,108.41729
0.0,0.4125537,170.18117
0.0,0.50964814,145.98718
0.0,0.5159863,376.18814
0.0,0.437037,76.7519
0.0,0.48648682,552.6452
0.0,0.46747667,205.5773
0.0,0.5360587,65.83551
0.0,0.318105,172.46881
0.0,0.44475746,97.203545
0.0,0.49832016,67.495804
0.0,0.4372659,113.978775
0.0,0.4232088,70.76107
0.0,0.4319428,106.99216
0.0,0.474548,92.130745
0.0,0.50050825,67.01958
0.0,0.4182847,73.91879
0.0,0.47673988,228.6988
0.0,0.4851421,70.117
0.0,0.4770546,114.69918
0.0,0.430519,400.67105
0.0,0.3958257,79.47995
0.0,0.46605253,167.65767
0.0,0.50550383,191.14146
0.0,0.47391316,80.191536
0.0,0.46422988,99.95121
0.0,0.51539814,182.56123
0.0,0.41210932,96.73637
0.0,0.43075472,68.16177
0.0,0.4435245,87.770325
0.0,0.46122575,95.59111
0.0,0.3896439,123.986115
0.0,0.44747433,67.14969
0.0,0.46217406,94.09846
0.0,0.4260274,70.1159
0.0,0.44917956,89.92186
0.0,0.44369596,80.580986
0.0,0.47348914,163.5303
0.0,0.48322523,79.33535
0.0,0.4089307,98.755806
0.0,0.5213029,107.91706
0.0,0.4263283,106.3984
0.0,0.37825978,68.390076
0.0,0.4464269,245.3237
0.0,0.5392798,128.303
0.0,0.52029353,321.05515
0.0,0.491618,261.45532
0.0,0.4528326,109.03698
0.0,0.42231256,67.50466
0.0,0.46060318,69.4213
0.0,0.39745104,81.17648
0.0,0.41154706,117.52012
0.0,0.49591637,75.955826
0.0,0.5175671,70.33748
0.0,0.4335742,131.76616
0.0,0.5379951,67.06245
0.0,0.37724525,97.616974
0.0,0.4677357,69.81877
0.0,0.4198673,509.3334
0.0,0.43803233,231.80894
0.0,0.5147987,66.14424
0.0,0.38363862,118.47898
0.0,0.47597817,185.22505
0.0,0.5272359,83.00502
0.0,0.5592217,66.713486
0.0,0.53184867,105.47754
0.0,0.42357838,91.616394
0.0,0.48720443,92.10874
0.0,0.5817232,91.84946
0.0,0.47141927,227.42863
0.0,0.4868668,148.2662
0.0,0.4463812,182.13629
0.0,0.44054085,71.583565
0.0,0.48635024,173.54985
0.0,0.5404776,102.883
0.0,0.52694625,77.60377
0.0,0.5248542,69.958855
0.0,0.53352696,87.508255
0.0,0.44229895,131.80342
0.0,0.50888145,96.28715
0.0,0.37455684,78.142166
0.0,0.42449674,75.2441
0.0,0.47881472,82.60063
0.0,0.46148807,79.82572
0.0,0.42288157,72.476295
0.0,0.3375913,122.390396
0.0,0.46081161,368.07397
0.0,0.49742758,123.349846
0.0,0.51086205,84.60048
0.0,0.41623688,67.64441
0.0,0.4317138,75.79438
0.0,0.44475436,116.078964
0.0,0.41894978,114.23529
0.0,0.45598894,302.52084
0.0,0.48071256,71.58047
0.0,0.48646587,89.96791
0.0,0.41400012,66.499084
0.0,0.39341635,127.89821
0.0,0.44291088,84.54627
0.0,0.40448296,84.28477
0.0,0.33986756,118.194954
0.0,0.46539128,162.01746
0.0,0.42652044,713.4049
0.0,0.36351013,236.37572
0.0,0.3836048,214.68922
0.0,0.506847,123.67599
0.0,0.4875542,76.57968
0.0,0.44210055,78.55163
0.0,0.43413877,81.55183
0.0,0.43693343,71.11478
0.0,0.39420387,106.20734
0.0,0.48573586,95.97544
0.0,0.43613213,87.29481
0.0,0.4716258,152.61261
0.0,0.5183143,68.45292
0.0,0.46601996,85.74122
0.0,0.4163562,105.887955
0.0,0.41164786,74.09963
0.0,0.44682822,76.474815
0.0,0.53185904,114.45425
0.0,0.45182708,309.00052
0.0,0.52391255,65.778145
0.0,0.44475096,84.50553
0.0,0.49497005,180.50284
0.0,0.4623515,88.804665
0.0,0.40927818,69.612595
0.0,0.40564868,80.77676
0.0,0.57895887,109.51841
0.0,0.48336238,104.86714
0.0,0.43103772,87.345146
0.0,0.4678375,84.30003
0.0,0.4222138,80.5769
0.0,0.4454607,246.79758
0.0,0.42674282,67.78619
0.0,0.4859495,202.30025
0.0,0.45340416,336.03046
0.0,0.47324333,76.83867
0.0,0.5646144,938.14307
0.0,0.44633484,72.0798
0.0,0.548587,113.912155
0.0,0.4872848,108.35648
0.0,0.5161759,65.222946
0.0,0.7396688,66.52859
0.0,0.38968462,83.420425
0.0,0.42448288,125.702805
0.0,0.4121834,190.70618
0.0,0.40411687,74.231995
0.0,0.50304013,142.37143
0.0,0.5140632,134.49095
0.0,0.45352387,185.57915
0.0,0.46964446,67.64229
0.0,0.39248583,660.7474
0.0,0.4277492,83.040726
0.0,0.60066813,75.96329
0.0,0.47481403,70.87706
0.0,0.42077798,65.8614
0.0,0.5243147,184.8838
0.0,0.41691104,78.443504
0.0,0.5179863,226.14441
0.0,0.416174,178.88934
0.0,0.5214043,138.31213
0.0,0.4051516,88.54967
0.0,0.47471344,184.98654
0.0,0.6213522,135.34889
0.0,0.42142695,132.64981
0.0,0.41507575,71.46312
0.0,0.4982398,69.63721
0.0,0.44564208,109.575905
0.0,0.41042507,126.72849
0.0,0.48555145,87.26936
0.0,0.46101314,263.6806
0.0,0.556729,106.054276
0.0,0.4475985,81.28512
0.0,0.48371127,363.51917
0.0,0.43500128,100.591896
0.0,0.47289816,170.31697
0.0,0.46122575,127.53348
0.0,0.40293744,66.873375
0.0,0.5681134,81.197815
0.0,0.47204012,105.701866
0.0,0.50602597,116.27617
0.0,0.3400381,179.4972
0.0,0.47393554,157.65894
0.0,0.43360117,147.03989
0.0,0.49473938,123.37801
0.0,0.4404697,194.14214
0.0,0.48857328,73.81603
0.0,0.254248,362.48093
0.0,0.46122575,75.60753
0.0,0.45072713,545.6515
0.0,0.41005123,238.58865
0.0,0.4153397,155.26263
0.0,0.4930713,73.132866
0.0,0.4310464,103.41836
0.0,0.5061246,66.03422
0.0,0.47946858,82.66454
0.0,0.36200356,833.1194
0.0,0.5267278,753.1961
0.0,0.43826514,135.51051
0.0,0.43375105,93.08602
0.0,0.51850384,74.81162
0.0,0.46691564,243.90776
0.0,0.4838558,89.141594
0.0,0.43476275,155.86685
0.0,0.46791324,838.729
0.0,0.4979742,66.87925
0.0,0.39665744,214.03761
0.0,0.546746,226.01372
0.0,0.41348565,91.21534
0.0,0.43453446,168.13235
0.0,0.5023714,175.69429
0.0,0.56506884,148.32117
0.0,0.4481185,77.91943
0.0,0.4090229,170.14876
0.0,0.42013752,69.84354
0.0,0.42170176,97.2801
0.0,0.42423195,72.96644
0.0,0.3489536,67.624466
0.0,0.5010761,178.13065
0.0,0.4714359,79.45035
0.0,0.48562604,108.85289
0.0,0.4731554,66.073906
0.0,0.49087834,104.30384
0.0,0.36901414,547.4142
0.0,0.49925244,76.55744
0.0,0.4296511,407.58978
0.0,0.45553303,90.12558
0.0,0.3623662,385.54712
0.0,0.43139443,88.5312
0.0,0.39007014,65.015175
0.0,0.464046,79.24834
0.0,0.5010625,86.71651
0.0,0.5128066,65.00883
0.0,0.42453176,101.018234
0.0,0.4848931,149.00688
0.0,0.5043656,245.91174
0.0,0.39983052,289.6845
0.0,0.4026552,144.42868
0.0,0.4667653,132.27785
0.0,0.52482957,81.44583
0.0,0.42739457,131.1855
0.0,0.6020147,81.34828
0.0,0.47504506,85.9419
0.0,0.6250929,66.79409
0.0,0.4388347,72.26737
0.0,0.44325757,277.51953
0.0,0.41826504,71.460594
0.0,0.41050628,98.48748
0.0,0.41359326,183.01732
0.0,0.49796176,93.714905
0.0,0.39584172,98.5354
0.0,0.4556218,157.48274
0.0,0.48944086,208.0878
0.0,0.49854288,532.31024
0.0,0.5149064,73.197655
0.0,0.40247416,234.42976
0.0,0.41571772,69.60816
0.0,0.42419642,70.34455
0.0,0.49689752,68.18674
0.0,0.4018975,72.18573
0.0,0.4922502,66.92521
0.0,0.47090745,105.35375
0.0,0.4180776,689.9106
0.0,0.43291882,122.82056
0.0,0.51506335,82.722244
0.0,0.563713,96.15797
0.0,0.42883274,82.09765
0.0,0.40053672,370.4293
0.0,0.5731715,68.6937
0.0,0.4441411,65.35185
0.0,0.43393067,677.02997
0.0,0.45022932,77.775215
0.0,0.4463413,78.193634
0.0,0.36395735,89.61091
0.0,0.34125447,169.04407
0.0,0.5081084,145.18245
0.0,0.50460047,70.24371
0.0,0.46122575,111.056725
0.0,0.46912584,654.0948
0.0,0.48237315,123.35993
0.0,0.3217966,350.75156
0.0,0.38449284,74.752975
0.0,0.38717026,224.85928
0.0,0.36416987,128.83984
0.0,0.37748814,87.01938
0.0,0.51753664,66.77697
0.0,0.4831691,149.72214
0.0,0.4213708,75.113434
0.0,0.45826897,85.991005
0.0,0.5255853,699.6638
0.0,0.49037525,84.82918
0.0,0.48273245,105.80951
0.0,0.4653828,85.31722
0.0,0.4117618,68.62491
0.0,0.45133957,65.51143
0.0,0.4425004,236.52473
0.0,0.5233422,68.4057
0.0,0.4143937,77.60234
0.0,0.5166086,151.66714
0.0,0.48132184,67.67664
0.0,0.4457322,118.58752
0.0,0.40899473,121.32373
0.0,0.4452987,115.99794
0.0,0.47769997,124.74272
0.0,0.4806855,70.32582
0.0,0.5126283,72.46741
0.0,0.491725,84.91962
0.0,0.41573757,205.1677
0.0,0.4676723,93.19048
0.0,0.36163393,224.86559
0.0,0.46945596,67.14327
0.0,0.38552353,101.56256
0.0,0.47016007,81.86034
0.0,0.34477496,539.1321
0.0,0.48522788,201.87778
0.0,0.48813513,69.53401
0.0,0.39385846,133.56483
0.0,0.41700998,68.3028
0.0,0.40151423,83.25918
0.0,0.51154214,111.96236
0.0,0.39148656,406.07953
0.0,0.4830156,153.93103
0.0,0.3051647,397.1959
0.0,0.44481605,103.15764
0.0,0.44328207,208.53368
0.0,0.4820153,221.87358
0.0,0.52535945,100.62134
0.0,0.38990867,79.55577
0.0,0.4764445,125.54274
0.0,0.46597138,111.590805
0.0,0.3949474,109.15281
0.0,0.42809558,141.90044
0.0,0.48836058,65.91975
0.0,0.41786307,66.43158
0.0,0.40900028,72.251945
0.0,0.44117612,90.03239
0.0,0.46122575,71.8074
0.0,0.49484953,115.4872
0.0,0.50802624,87.1002
0.0,0.53617936,68.0284
0.0,0.5206932,66.54013
0.0,0.5143696,86.47874
0.0,0.41922426,255.69121
0.0,0.5353372,220.27194
0.0,0.38348567,111.17305
0.0,0.3675833,401.54218
0.0,0.3969289,107.38081
0.0,0.46308598,100.79887
0.0,0.38250107,65.014534
0.0,0.54687345,78.226974
0.0,0.40385142,66.929825
0.0,0.4793669,130.06017
0.0,0.402883,103.42637
0.0,0.31889457,142.66005
0.0,0.4600407,67.06797
0.0,0.41833878,143.40877
0.0,0.44300547,77.028595
0.0,0.4670052,91.58426
0.0,0.48326162,159.93454
0.0,0.35596624,76.61479
0.0,0.46122575,110.994804
0.0,0.4709594,100.19062
0.0,0.42156258,169.9208
0.0,0.3853169,339.97104
0.0,0.4087261,72.17693
0.0,0.48841798,426.1997
0.0,0.3945227,85.8381
0.0,0.42953637,81.62071
0.0,0.4297062,68.37679
0.0,0.5054007,73.676155
0.0,0.55198056,159.038
0.0,0.49379528,132.74371
0.0,0.45635143,89.54383
0.0,0.4927798,185.34619
0.0,0.49066183,66.048355
0.0,0.46646774,79.46147
0.0,0.4317775,468.40588
0.0,0.41452327,170.24013
0.0,0.49304116,76.54534
0.0,0.48346594,262.2373
0.0,0.42427748,110.375015
0.0,0.4640723,71.55003
0.0,0.42833892,68.32054
0.0,0.28973216,267.97668
0.0,0.54983896,100.18517
0.0,0.45898852,68.32433
0.0,0.488115,73.1028
0.0,0.35268468,276.26212
0.0,0.47267535,66.018
0.0,0.44221342,99.94226
0.0,0.50132585,89.3339
0.0,0.38819313,80.60488
0.0,0.444236,87.076294
0.0,0.46333838,70.66018
0.0,0.40397176,377.12857
0.0,0.47434366,70.95506
0.0,0.36724618,99.949615
0.0,0.537682,89.42237
0.0,0.4475418,695.7245
0.0,0.4150489,76.4775
0.0,0.43149537,380.07144
0.0,0.4530972,107.3395
0.0,0.37882027,71.02161
0.0,0.42508557,148.16939
0.0,0.5307625,219.69986
0.0,0.46320176,117.928185
0.0,0.49305356,162.92392
0.0,0.42603496,97.574326
0.0,0.46726498,155.61276
0.0,0.4778781,72.141426
0.0,0.46122575,79.39515
0.0,0.4781888,132.79306
0.0,0.45999613,68.75431
0.0,0.3735389,99.56763
0.0,0.45206478,181.9452
0.0,0.5190275,150.08168
0.0,0.40760383,161.77571
0.0,0.43336508,76.78577
0.0,0.38559312,77.98536
0.0,0.48098978,339.71118
0.0,0.4430181,78.46493
0.0,0.4430181,78.46493
0.0,0.50805336,77.387794
0.0,0.45499974,86.515915
0.0,0.46122575,119.32978
0.0,0.42553434,225.09717
0.0,0.46122575,65.9445
0.0,0.3927239,101.31681
0.0,0.49017364,82.29127
0.0,0.49200785,93.92664
0.0,0.5065488,84.055504
0.0,0.5111317,107.826515
0.0,0.438615,831.7415
0.0,0.40847525,81.250946
0.0,0.3544664,279.29248
0.0,0.54663926,154.14922
0.0,0.46015584,81.67503
0.0,0.4056044,101.41286
0.0,0.42967665,149.38184
0.0,0.45831054,93.08572
0.0,0.4568084,202.82957
0.0,0.5012423,83.05885
0.0,0.4244304,74.25841
0.0,0.43661928,81.15403
0.0,0.5204314,97.294464
0.0,0.48712352,117.85382
0.0,0.50682276,96.65504
0.0,0.4775146,88.26834
0.0,0.5202355,342.53537
0.0,0.5567065,163.1148
0.0,0.4872847,77.569115
0.0,0.52744764,109.9731
0.0,0.59976554,84.16189
0.0,0.41153616,102.31863
0.0,0.50790507,83.73316
0.0,0.49499294,95.51541
0.0,0.42812455,468.89423
0.0,0.42039344,108.7913
0.0,0.4679787,66.36816
0.0,0.43961644,72.738914
0.0,0.40442306,90.171875
0.0,0.40576512,127.87223
0.0,0.4923978,126.79642
0.0,0.48525044,267.01746
0.0,0.4477427,67.53257
0.0,0.49708065,300.64438
0.0,0.50730413,76.626945
0.0,0.3986677,116.50307
0.0,0.447816,211.8539
0.0,0.5459917,68.5057
0.0,0.44751796,142.68582
0.0,0.4230231,437.9559
0.0,0.47811314,65.57721
0.0,0.41045707,65.55279
0.0,0.4269334,98.37962
0.0,0.5135027,142.0253
0.0,0.46027562,91.90779
0.0,0.47573033,142.46313
0.0,0.4451568,101.14192
0.0,0.5940254,80.688774
0.0,0.48048285,189.92322
0.0,0.29083315,261.83035
0.0,0.5078338,168.89825
0.0,0.5097462,73.31945
0.0,0.420653,79.67534
0.0,0.49505547,68.70132
0.0,0.3953715,95.04131
0.0,0.44180146,83.83723
0.0,0.47492182,69.95017
0.0,0.47242752,171.08963
0.0,0.43015766,104.87059
0.0,0.41998678,82.20381
0.0,0.5283245,77.91808
0.0,0.3864653,75.74787
0.0,0.5091655,68.29403
0.0,0.3956436,482.11514
0.0,0.5031693,119.62087
0.0,0.42080474,98.96502
0.0,0.5026664,133.72118
0.0,0.42866176,80.25086
0.0,0.4966078,90.672516
0.0,0.41188547,112.92688
0.0,0.4427742,203.33652
0.0,0.5239876,72.06115
0.0,0.40813267,92.30082
0.0,0.40080652,264.31918
0.0,0.4895547,93.889656
0.0,0.46122575,138.99881
0.0,0.46192938,79.83837
0.0,0.48012337,746.4744
0.0,0.5197792,67.4147
0.0,0.63018197,602.2688
0.0,0.53038,83.40543
0.0,0.47523093,109.32751
0.0,0.48751295,346.5096
0.0,0.48048887,197.33655
0.0,0.3805612,334.63376
0.0,0.6119982,392.02237
0.0,0.3612495,151.99771
0.0,0.49190035,177.32034
0.0,0.39336815,122.5889
0.0,0.425071,479.43753
0.0,0.4852426,98.35192
0.0,0.6023809,2.5365502e+06
0.0,0.3802946,115.901886
0.0,0.37995908,72.379814
0.0,0.48281342,69.864975
0.0,0.43749171,82.48019
0.0,0.3970128,96.73519
0.0,0.4086948,87.14212
0.0,0.5005219,100.5011
0.0,0.45583022,246.70628
0.0,0.5218846,79.29586
0.0,0.49425474,395.2248
0.0,0.4021311,100.9945
0.0,0.4787998,71.957954
0.0,0.4602527,81.82635
0.0,0.4562632,166.0286
0.0,0.45505536,65.36263
0.0,0.57430667,437.0557
0.0,0.52324355,76.5061
0.0,0.4541932,209.81796
0.0,0.47147417,320.79614
0.0,0.39022565,74.16631
0.0,0.3904315,295.59763
0.0,0.45987797,92.72868
0.0,0.3719716,292.53748
0.0,0.50382936,95.29947
0.0,0.4656811,70.63203
0.0,0.4791529,90.270065
0.0,0.4899731,94.76521
0.0,0.474494,316.19702
0.0,0.44220576,74.99393
0.0,0.45315394,297.94516
0.0,0.52528113,91.11597
0.0,0.48426405,142.84688
0.0,0.52684945,66.38883
0.0,0.4693957,71.4571
0.0,0.5071688,78.92666
0.0,0.5010972,92.69051
0.0,0.41517732,669.6949
0.0,0.4528457,78.792404
0.0,0.46122575,77.36084
0.0,0.66450334,170.75868
0.0,0.40302876,201.82736
0.0,0.3910628,78.079
0.0,0.4980721,426.23083
0.0,0.41095668,65.9901
0.0,0.44069582,82.775665
0.0,0.5080025,95.990875
0.0,0.49245068,172.14209
0.0,0.42572984,144.0297
0.0,0.460491,190.3517
0.0,0.5040457,495.34106
0.0,0.33710912,88.636635
0.0,0.48925114,304.16647
0.0,0.47982118,93.54908
0.0,0.36902815,428.4958
0.0,0.4626503,189.60121
0.0,0.38528892,131.42165
0.0,0.38237622,111.20968
0.0,0.5044637,66.87112
0.0,0.46765873,129.72061
0.0,0.40690196,66.54126
0.0,0.57048434,104.07442
0.0,0.4783341,65.29213
0.0,0.51503736,127.92377
0.0,0.4994521,418.6416
0.0,0.47916567,118.056305
0.0,0.40589768,86.811485
0.0,0.4754747,106.313736
0.0,0.4384214,109.84344
0.0,0.48081774,104.13397
0.0,0.3885462,126.12813
0.0,0.42992875,67.79806
0.0,0.40513423,96.47988
0.0,0.47696215,381.83527
0.0,0.42317277,517.8197
0.0,0.5314305,66.12253
0.0,0.38675502,339.23743
0.0,0.42380148,230.50632
0.0,0.53631455,124.97241
0.0,0.48841694,77.671234
0.0,0.47064695,103.262405
0.0,0.5059662,68.38583
0.0,0.46488267,91.637215
0.0,0.39343262,76.04699
0.0,0.4067048,70.96141
0.0,0.48037994,75.14214
0.0,0.3878398,70.11007
0.0,0.44506177,72.71145
0.0,0.39695495,431.50037
0.0,0.4855234,94.43178
0.0,0.4651826,67.44737
0.0,0.47503343,96.76151
0.0,0.41855043,83.01546
0.0,0.46938372,154.48639
0.0,0.42533433,77.8353
0.0,0.45169118,97.8711
0.0,0.43856785,108.23567
0.0,0.35885736,186.42114
0.0,0.4869408,106.55307
0.0,0.44593856,638.76483
0.0,0.5639286,76.93511
0.0,0.41144416,176.2606
0.0,0.45588914,411.24573
0.0,0.5159253,69.19975
0.0,0.41665727,80.88405
0.0,0.43347624,349.77396
0.0,0.4237442,90.66948
0.0,0.3664793,660.51886
0.0,0.41506484,68.284775
0.0,0.5211101,92.18584
0.0,0.49028438,132.7701
0.0,0.47824398,277.98367
0.0,0.51568097,74.32701
0.0,0.4733485,68.337234
0.0,0.4620063,867.83417
0.0,0.44552773,71.84841
0.0,0.3601528,251.07799
0.0,0.46305624,109.6046
0.0,0.40675375,164.97755
0.0,0.36200273,84.07046
0.0,0.41245803,227.70422
0.0,0.39767367,98.14674
0.0,0.45972723,126.43483
0.0,0.51425993,70.92788
0.0,0.34925863,82.08638
0.0,0.4916475,103.237015
0.0,0.49382684,68.26022
0.0,0.48600152,78.76531
0.0,0.44203836,198.80458
0.0,0.4658226,85.62811
0.0,0.5062023,66.1911
0.0,0.37688842,121.78684
0.0,0.45042238,87.95243
0.0,0.3735266,298.4112
0.0,0.3843484,69.30735
0.0,0.47852847,84.23899
0.0,0.40398344,86.333374
0.0,0.7844963,149.00574
0.0,0.4287783,65.600716
0.0,0.42687213,713.99146
0.0,0.38841218,176.26651
0.0,0.47193295,78.71951
0.0,0.4289507,100.45581
0.0,0.43716142,105.43649
0.0,0.51123345,189.77293
0.0,0.48502672,82.18079
0.0,0.45002717,73.277626
0.0,0.48445502,84.71748
0.0,0.4366946,75.34388
0.0,0.5584765,99.65042
0.0,0.51136106,74.1413
0.0,0.50951016,99.3234
0.0,0.41967288,68.9354
0.0,0.39088777,91.65321
0.0,0.33047155,96.98538
0.0,0.53203046,72.22797
0.0,0.44063026,80.01818
0.0,0.41045925,78.535545
0.0,0.36384532,125.156006
0.0,0.42386213,627.5915
0.0,0.4696706,176.62355
0.0,0.44782913,136.89897
0.0,0.52931654,81.1551
0.0,0.49997795,190.81111
0.0,0.51542604,74.85549
0.0,0.2654564,680.8728
0.0,0.40140086,103.58883
0.0,0.5078662,187.19882
0.0,0.4373689,218.43205
0.0,0.4888489,77.900696
0.0,0.44784138,72.369606
0.0,0.51047385,204.2583
0.0,0.4631589,96.14804
0.0,0.40776974,91.50028
0.0,0.46407044,125.08834
0.0,0.4600218,73.07676
0.0,0.46897316,102.80396
0.0,0.5365599,88.05004
0.0,0.5365599,88.05004
0.0,0.43293923,92.28878
0.0,0.36596987,70.18892
0.0,0.42690012,140.5397
0.0,0.48687416,86.98274
0.0,0.38391384,154.21388
0.0,0.49146444,75.74552
0.0,0.49933273,71.18252
0.0,0.5321385,77.61092
0.0,0.41283315,77.77635
0.0,0.41387895,143.23221
0.0,0.31791517,401.16098
0.0,0.46122575,74.84374
0.0,0.4305824,84.08915
0.0,0.48249766,75.888245
0.0,0.48213848,289.2645
0.0,0.41605526,78.01888
0.0,0.46828136,110.309715
0.0,0.45502263,462.04935
0.0,0.37264928,137.2348
0.0,0.47811714,69.21397
0.0,0.38409004,363.57565
0.0,0.45279622,71.905136
0.0,0.38735187,70.38163
0.0,0.435002,675.4819
0.0,0.45536467,89.75038
0.0,0.5147728,241.0281
0.0,0.47503006,88.67459
0.0,0.50317746,94.08399
0.0,0.4593289,97.67299
0.0,0.48444226,274.15753
0.0,0.48444226,274.15753
0.0,0.3943554,82.32597
0.0,0.5120814,93.46592
0.0,0.49674934,92.31665
0.0,0.4961683,254.99509
0.0,0.38525143,133.79549
0.0,0.44057786,103.653564
0.0,0.46291098,72.03451
0.0,0.4508329,74.41659
0.0,0.4347506,132.41373
0.0,0.45255274,347.54028
0.0,0.39399058,65.41842
0.0,0.46122575,69.14803
0.0,0.462369,68.34821
0.0,0.39217916,393.55704
0.0,0.45732844,133.23184
0.0,0.6705878,660.84094
0.0,0.45333064,66.02638
0.0,0.46799812,262.1124
0.0,0.47465736,87.33064
0.0,0.46845254,93.36523
0.0,0.3608703,179.08252
0.0,0.3989047,74.11588
0.0,0.4118142,102.51445
0.0,0.4465329,96.99699
0.0,0.4727969,67.38819
0.0,0.4760649,102.44964
0.0,0.43429744,431.0517
0.0,0.5120844,274.56693
0.0,0.3409062,112.34008
0.0,0.428855,88.64432
0.0,0.47954336,136.07036
0.0,0.48778933,78.30969
0.0,0.47588876,189.75386
0.0,0.4387788,69.15593
0.0,0.4713487,89.67754
0.0,0.4347274,85.26834
0.0,0.48004797,126.64963
0.0,0.4916104,66.54718
0.0,0.53034717,101.53508
0.0,0.5011077,101.78991
0.0,0.5327449,84.724434
0.0,0.520445,108.39944
0.0,0.520573,66.22628
0.0,0.44427854,80.98211
0.0,0.58268094,162.4569
0.0,0.42405966,70.53612
0.0,0.38166225,75.50197
0.0,0.51455575,127.68213
0.0,0.47553566,111.39066
0.0,0.50597465,96.783005
0.0,0.37446415,82.388725
0.0,0.4567261,164.87271
0.0,0.38958547,119.71941
0.0,0.50648385,230.1419
0.0,0.35743752,121.43921
0.0,0.46102276,870.9819
0.0,0.4874674,118.42358
0.0,0.49224055,93.34465
0.0,0.43150273,70.69669
0.0,0.40548244,100.739006
0.0,0.4772398,88.68107
0.0,0.35949853,84.12533
0.0,0.56333,66.393265
0.0,0.42832053,143.48476
0.0,0.52796865,77.80697
0.0,0.5030585,163.96844
0.0,0.38319635,79.02503
0.0,0.49100798,69.31089
0.0,0.2970763,973.65314
0.0,0.46535626,108.44825
0.0,0.46947688,237.47035
0.0,0.40020278,80.34272
0.0,0.3796073,77.9331
0.0,0.48459384,80.30154
0.0,0.408173,88.0543
0.0,0.4263862,160.09952
0.0,0.47724375,82.78026
0.0,0.4525428,124.48304
0.0,0.44361895,305.01627
0.0,0.41887414,107.95665
0.0,0.4698079,119.63775
0.0,0.5304934,66.77163
0.0,0.42041713,117.59421
0.0,0.51958543,79.91015
0.0,0.48807174,70.95578
0.0,0.5008525,69.621574
0.0,0.46495992,75.09505
0.0,0.51848215,74.51476
0.0,0.34867886,543.8216
0.0,0.43011007,66.619446
0.0,0.42974725,788.6304
0.0,0.4565051,396.26328
0.0,0.42567247,74.546326
0.0,0.34068108,193.81691
0.0,0.3995058,959.70276
0.0,0.45501414,175.14441
0.0,0.4510893,103.906296
0.0,0.4591867,65.10286
0.0,0.3806262,803.9488
0.0,0.42719883,76.08909
0.0,0.50475657,67.90066
0.0,0.52272516,108.18987
0.0,0.39610198,66.919464
0.0,0.48450148,75.36022
0.0,0.41034847,102.42765
0.0,0.48357052,206.81058
0.0,0.43370566,160.69336
0.0,0.38290137,97.104614
0.0,0.39797837,187.0359
0.0,0.40776697,124.654205
0.0,0.4535637,65.57267
0.0,0.4795506,106.81076
0.0,0.49548298,113.95481
0.0,0.4153242,103.98161
0.0,0.47319672,253.68901
0.0,0.50791293,144.11606
0.0,0.4388317,461.26013
0.0,0.40713707,89.632996
0.0,0.3987386,947.3642
0.0,0.53972316,77.28473
0.0,0.41655558,114.61653
0.0,0.44981977,136.86456
0.0,0.40340832,96.74507
0.0,0.50025415,101.94426
0.0,0.39554635,181.6151
0.0,0.47133577,128.5758
0.0,0.36174497,69.13141
0.0,0.5024911,75.18518
0.0,0.41012332,319.0721
0.0,0.48509914,70.94809
0.0,0.5884794,205.5966
0.0,0.45880896,102.094185
0.0,0.430319,75.577446
0.0,0.48031756,122.74978
0.0,0.45252353,178.27005
0.0,0.46814677,68.00192
0.0,0.4087819,71.324905
0.0,0.4018655,127.19967
0.0,0.5925526,222.87793
0.0,0.48216343,67.02877
0.0,0.38654137,242.07556
0.0,0.43418092,65.455925
0.0,0.49815834,68.32165
0.0,0.46622398,321.96396
0.0,0.440096,66.066795
0.0,0.4996375,102.99976
0.0,0.46894258,107.821365
0.0,0.4224942,99.463715
0.0,0.44564873,65.5105
0.0,0.5242465,71.49208
0.0,0.42980763,416.76517
0.0,0.47649854,197.3554
0.0,0.41494083,153.74945
0.0,0.4244087,141.59462
0.0,0.46938056,120.17053
0.0,0.5122706,196.61247
0.0,0.47586936,65.172844
0.0,0.5173031,172.09532
0.0,0.4311,225.9486
0.0,0.4645952,69.43992
0.0,0.40623036,65.82184
0.0,0.46550167,75.09688
0.0,0.43573788,549.55414
0.0,0.47851422,182.74243
0.0,0.50292027,75.43622
0.0,0.5638014,188.2068
0.0,0.33611393,285.42688
0.0,0.47541952,86.487404
0.0,0.41806722,286.6094
0.0,0.41693437,141.98444
0.0,0.41957155,118.02475
0.0,0.4198763,110.21958
0.0,0.47424105,89.60975
0.0,0.46122575,81.41803
0.0,0.41324893,178.41808
0.0,0.56457233,403.00766
0.0,0.47519183,105.797775
0.0,0.43804568,75.53186
0.0,0.44934598,92.11603
0.0,0.4184868,68.148476
0.0,0.45322767,78.00287
0.0,0.43909943,117.032814
0.0,0.42028433,106.08549
0.0,0.50518733,86.415665
0.0,0.40013623,118.123085
0.0,0.46664593,84.50395
0.0,0.5209902,76.723694
0.0,0.40339816,66.39151
0.0,0.49725014,119.135574
0.0,0.46122575,73.70051
0.0,0.50112516,92.13378
0.0,0.52284265,126.69413
0.0,0.48236206,125.4715
0.0,0.49605352,873.2321
0.0,0.43427992,531.3567
0.0,0.46995613,387.48505
0.0,0.45246485,92.604454
0.0,0.47934222,79.09445
0.0,0.4867606,91.71668
0.0,0.4477572,70.20975
0.0,0.5052791,66.02746
0.0,0.4230269,176.3483
0.0,0.47958547,96.5194
0.0,0.5491449,65.55741
0.0,0.46922082,96.36552
0.0,0.45335397,147.43434
0.0,0.40916985,66.69525
0.0,0.4287734,76.26586
0.0,0.47944152,391.01797
0.0,0.4428369,83.14366
0.0,0.50032085,402.5199
0.0,0.3991202,291.00906
0.0,0.49661288,94.90695
0.0,0.48186463,248.20877
0.0,0.42197016,90.6597
0.0,0.45929018,97.7329
0.0,0.49306282,178.8643
0.0,0.3762032,265.87958
0.0,0.5173074,84.26036
0.0,0.42782798,248.45593
0.0,0.43182415,68.456825
0.0,0.38734692,229.8833
0.0,0.4749918,167.99303
0.0,0.4268925,79.00447
0.0,0.46497396,81.30578
0.0,0.48873213,143.7877
0.0,0.45187375,73.21867
0.0,0.5078165,96.59415
0.0,0.37249106,836.6485
0.0,0.44036925,68.59169
0.0,0.44922978,115.8316
0.0,0.43082553,70.45999
0.0,0.440591,132.26784
0.0,0.5836038,66.42077
0.0,0.48602423,314.7516
0.0,0.49460486,371.8147
0.0,0.44221666,309.96353
0.0,0.45912677,373.2311
0.0,0.5124118,97.827805
0.0,0.64252347,104.69733
0.0,0.48014754,235.89944
0.0,0.44042686,74.5566
0.0,0.4381729,169.77246
0.0,0.39234787,126.676605
0.0,0.5421118,105.89173
0.0,0.4326005,76.50539
0.0,0.46122575,65.39375
0.0,0.41523063,69.79938
0.0,0.45541462,78.96765
0.0,0.5717562,94.90623
0.0,0.5030711,294.19128
0.0,0.49851415,477.7518
0.0,0.3361278,648.118
0.0,0.52590317,170.86052
0.0,0.4435613,284.40738
0.0,0.5500944,195.78699
0.0,0.4109188,168.81277
0.0,0.48216593,85.09936
0.0,0.41716367,88.86514
0.0,0.5298715,82.13939
0.0,0.44550955,436.2692
0.0,0.40028247,168.5708
0.0,0.4232494,82.29965
0.0,0.39759237,75.46896
0.0,0.45324606,108.30837
0.0,0.4842474,183.4714
0.0,0.4784049,68.66615
0.0,0.50363547,78.36241
0.0,0.43843415,71.63475
0.0,0.470884,80.15703
0.0,0.40900502,580.63715
0.0,0.4385571,172.17157
0.0,0.42228952,83.77247
0.0,0.5204393,65.07095
0.0,0.7282329,73.70203
0.0,0.45233935,114.15091
0.0,0.46316126,138.17181
0.0,0.4451999,83.19311
0.0,0.49810782,74.31328
0.0,0.5051766,80.02082
0.0,0.43582952,72.725716
0.0,0.48204938,214.62758
0.0,0.3749026,161.6453
0.0,0.42994368,330.3714
0.0,0.38429892,82.913475
0.0,0.41334146,88.31805
0.0,0.41450894,160.36922
0.0,0.48393,144.24872
0.0,0.44521615,78.79682
0.0,0.4937412,88.373795
0.0,0.5485625,142.20442
0.0,0.48859322,65.473694
0.0,0.5322065,117.14273
0.0,0.55612993,92.846504
0.0,0.38769615,113.30369
0.0,0.42383978,67.33847
0.0,0.48564458,92.61236
0.0,0.40529943,73.05644
0.0,0.40926492,98.279976
0.0,0.52121824,73.82466
0.0,0.50329375,97.11709
0.0,0.4507281,249.26212
0.0,0.34492245,87.95139
0.0,0.37939826,577.13855
0.0,0.40416244,69.99383
0.0,0.43683413,68.16396
0.0,0.38865063,899.42847
0.0,0.48705497,214.65115
0.0,0.6837601,79.8339
0.0,0.44701183,79.27387
0.0,0.5080737,88.32348
0.0,0.5429936,92.99783
0.0,0.41341612,183.09067
0.0,0.40985447,80.64008
0.0,0.47829166,80.74993
0.0,0.49965072,69.64358
0.0,0.45851174,74.41524
0.0,0.4230686,159.52023
0.0,0.5148243,170.09178
0.0,0.41753262,97.44291
0.0,0.4879205,72.54032
0.0,0.48962724,71.91664
0.0,0.4898154,137.8586
0.0,0.37995562,71.85506
0.0,0.43315372,77.91436
0.0,0.3823645,157.7269
0.0,0.43785232,75.3189
0.0,0.531459,84.311165
0.0,0.5114959,72.57711
0.0,0.5004983,91.133125
0.0,0.4979522,108.21524
0.0,0.5406518,67.370995
0.0,0.4877083,70.09791
0.0,0.49861816,99.80798
0.0,0.51227844,84.852974
0.0,0.52074754,73.38312
0.0,0.46538523,69.98947
0.0,0.47193444,67.27797
0.0,0.56093574,68.58153
0.0,0.4860629,79.68148
0.0,0.40536144,70.861595
0.0,0.46384555,67.64985
0.0,0.51594436,94.602234
0.0,0.4238002,150.74309
0.0,0.47947478,85.796875
0.0,0.51756674,80.7484
0.0,0.45422995,74.809074
0.0,0.4885199,158.45375
0.0,0.3109212,618.635
0.0,0.4717061,77.13536
0.0,0.50325125,82.58549
0.0,0.43609926,536.1366
0.0,0.39904028,70.6622
0.0,0.40794653,594.2872
0.0,0.419666,69.92499
0.0,0.49571973,78.79059
0.0,0.4951873,65.71909
0.0,0.5410194,74.38908
0.0,0.49307963,67.73389
0.0,0.54458815,104.42003
0.0,0.59656054,77.12922
0.0,0.4350268,91.84817
0.0,0.47761226,70.56259
0.0,0.43157482,95.03104
0.0,0.53052413,71.208435
0.0,0.48469228,126.70749
0.0,0.41594684,121.91227
0.0,0.5023216,103.750114
0.0,0.55092555,89.45328
0.0,0.484453,105.702156
0.0,0.4542338,82.417114
0.0,0.53421706,125.37751
0.0,0.42452127,109.29552
0.0,0.40526515,129.59975
0.0,0.49464387,137.0213
0.0,0.44437334,73.64017
0.0,0.4529339,80.90248
0.0,0.4380782,94.44469
0.0,0.4798573,92.11522
0.0,0.44759887,170.44344
0.0,0.44280148,69.8959
0.0,0.41883466,77.97915
0.0,0.46715152,137.03621
0.0,0.3843098,71.45942
0.0,0.46080357,84.8527
0.0,0.4796998,106.500084
0.0,0.39494634,80.616585
0.0,0.5021913,80.637405
0.0,0.4213708,303.69147
0.0,0.48313004,223.42172
0.0,0.46122575,69.74631
0.0,0.49922016,129.76376
0.0,0.47922635,256.35855
0.0,0.45966294,67.39332
0.0,0.45908627,188.38966
0.0,0.43233454,73.06208
0.0,0.41771358,115.22015
0.0,0.35199645,227.61263
0.0,0.43240228,79.3119
0.0,0.4264299,91.686226
0.0,0.45211396,178.32251
0.0,0.49635863,82.96397
0.0,0.607814,414.4596
0.0,0.50369865,418.82114
0.0,0.4932363,75.63269
0.0,0.45835546,78.94869
0.0,0.50429547,67.01858
0.0,0.4341863,74.0013
0.0,0.35962868,255.77713
0.0,0.46761724,143.02979
0.0,0.41893706,524.7467
0.0,0.5088687,67.58398
0.0,0.3275561,402.88998
0.0,0.5221072,69.68811
0.0,0.42490917,229.79497
0.0,0.39719376,94.06114
0.0,0.39135674,83.554375
0.0,0.6121474,612.4905
0.0,0.37709284,71.724075
0.0,0.479584,129.68208
0.0,0.4331322,177.79886
0.0,0.47950333,307.69388
0.0,0.53641284,65.473465
0.0,0.42436883,68.45882
0.0,0.3878615,70.036934
0.0,0.40051726,76.28183
0.0,0.4998092,140.03271
0.0,0.5419823,114.57639
0.0,0.5152384,75.73993
0.0,0.5141831,142.89041
0.0,0.5164446,107.77343
0.0,0.40484348,74.91122
0.0,0.38085517,125.98426
0.0,0.4007666,95.48773
0.0,0.43831214,252.79118
0.0,0.3745064,89.19691
0.0,0.40189162,107.849014
0.0,0.4354533,132.04735
0.0,0.3449106,126.887566
0.0,0.4286937,74.712234
0.0,0.48004228,77.29003
0.0,0.4469944,140.37291
0.0,0.4416609,103.69773
0.0,0.42637792,345.816
0.0,0.46122575,66.840836
0.0,0.35230246,125.41564
0.0,0.4401538,87.00273
0.0,0.40501404,74.399475
0.0,0.5201455,207.97713
0.0,0.4134786,73.43778
0.0,0.5063502,110.00486
0.0,0.6119749,81.92539
0.0,0.40665308,434.15402
0.0,0.49121442,112.8089
0.0,0.541107,103.04353
0.0,0.5083028,108.54796
0.0,0.57637745,113.91603
0.0,0.40748775,135.55524
0.0,0.4471417,143.81984
0.0,0.50310653,118.902054
0.0,0.40151966,97.95587
0.0,0.49203008,91.833496
0.0,0.463563,159.44589
0.0,0.43460345,448.26694
0.0,0.455159,354.98422
0.0,0.39592183,74.850525
0.0,0.59672546,78.30694
0.0,0.38711405,88.71428
0.0,0.4200155,474.15726
0.0,0.5495055,160.33612
0.0,0.5504772,91.07396
0.0,0.3909192,556.80084
0.0,0.35824978,114.12359
0.0,0.43563795,76.34845
0.0,0.39994466,71.26133
0.0,0.46968436,361.05637
0.0,0.3640936,128.1826
0.0,0.40647474,1069.6783
0.0,0.44102278,81.02295
0.0,0.38195074,136.25903
0.0,0.42543525,65.45118
0.0,0.42480353,66.194115
0.0,0.43510252,122.98107
0.0,0.60481244,304.0236
0.0,0.41291696,357.60327
0.0,0.41944912,236.71153
0.0,0.44210622,79.05692
0.0,0.54220945,113.481285
0.0,0.42390445,123.700096
0.0,0.548465,70.988106
0.0,0.50346863,300.54816
0.0,0.4833445,73.515434
0.0,0.39949763,89.346115
0.0,0.44793397,87.31983
0.0,0.46122575,86.35816
0.0,0.40816975,178.06816
0.0,0.3685133,104.208885
0.0,0.41785276,65.680466
0.0,0.5422456,78.8181
0.0,0.4350056,77.87558
0.0,0.48353985,128.46968
0.0,0.38380167,80.70468
0.0,0.48479939,1.4839919e+07
0.0,0.41524547,83.17733
0.0,0.45521888,89.48068
0.0,0.52807057,117.68863
0.0,0.4170073,378.92538
0.0,0.44470805,109.61525
0.0,0.41498172,144.39308
0.0,0.45462582,177.12294
0.0,0.81038374,79.860504
0.0,0.5031522,67.4898
0.0,0.41775212,86.65517
0.0,0.48251966,493.00497
0.0,0.42274848,65.11826
0.0,0.48165762,79.766655
0.0,0.4611369,99.43058
0.0,0.48281154,137.88902
0.0,0.40761614,96.08407
0.0,0.34899935,683.76196
0.0,0.44501975,180.83728
0.0,0.4832275,79.62743
0.0,0.31869963,684.2137
0.0,0.4198505,88.93607
0.0,0.50233054,95.880806
0.0,0.3876566,67.18822
0.0,0.4266892,67.870865
0.0,0.44002312,79.92055
0.0,0.50138897,92.72879
0.0,0.43291587,67.2641
0.0,0.44499832,128.45015
0.0,0.4067408,96.72771
0.0,0.4320845,166.60025
0.0,0.5154152,72.27301
0.0,0.428489,69.62608
0.0,0.44662908,104.46423
0.0,0.42009938,198.4064
0.0,0.4359485,67.078926
0.0,0.48642278,472.71243
0.0,0.39998123,77.716446
0.0,0.50388634,66.572334
0.0,0.39183664,296.49475
0.0,0.33677086,824.0185
0.0,0.5625733,87.881165
0.0,0.46635723,108.44634
0.0,0.41886,69.40276
0.0,0.61616206,207.25645
0.0,0.51888597,65.95055
0.0,0.4233669,135.88382
0.0,0.45177212,97.79806
0.0,0.38225332,123.47281
0.0,0.4489421,187.98045
0.0,0.4657488,86.50473
0.0,0.50199056,103.07227
0.0,0.3903833,74.297516
0.0,0.4363699,94.26919
0.0,0.36418268,65.8005
0.0,0.47900283,66.72112
0.0,0.4291107,124.3418
0.0,0.5040581,409.2703
0.0,0.488252,94.98034
0.0,0.43886474,86.726555
0.0,0.41618413,331.6401
0.0,0.4295046,78.39783
0.0,0.45948702,155.58713
0.0,0.45526335,174.63824
0.0,0.46122575,78.04789
0.0,0.3939379,461.85864
0.0,0.5586149,79.78268
0.0,0.41437298,123.97257
0.0,0.4858798,80.75981
0.0,0.4002899,105.1984
0.0,0.45836803,101.13465
0.0,0.43377006,104.0213
0.0,0.4297692,77.07081
0.0,0.41400576,315.62384
0.0,0.40801337,79.365974
0.0,0.5044267,103.036804
0.0,0.4746593,76.125206
0.0,0.40318534,66.24748
0.0,0.43517685,66.51244
0.0,0.46589682,118.14111
0.0,0.50171083,378.70328
0.0,0.5060389,93.42503
0.0,0.40735587,167.55516
0.0,0.44855526,95.34633
0.0,0.55847543,73.216644
0.0,0.43935856,70.0522
0.0,0.4527284,74.95849
0.0,0.42253476,110.99608
0.0,0.50797886,89.90794
0.0,0.43502888,97.084274
0.0,0.4065413,418.1411
0.0,0.46258897,104.92996
0.0,0.49551916,65.57989
0.0,0.46797416,586.5001
0.0,0.5367248,71.90301
0.0,0.4914364,68.9992
0.0,0.5022606,80.30171
0.0,0.5408587,72.14025
0.0,0.40570885,149.1194
0.0,0.41171315,126.51301
0.0,0.40549383,80.98273
0.0,0.47419393,379.2411
0.0,0.48686093,72.29289
0.0,0.65234685,73.71611
0.0,0.45081255,81.64114
0.0,0.4556613,77.65081
0.0,0.37282825,266.25543
0.0,0.4487122,719.44446
0.0,0.4982103,65.338295
0.0,0.52684295,89.84119
0.0,0.44486135,78.60397
0.0,0.47069514,128.3161
0.0,0.503776,66.65006
0.0,0.55342084,72.26009
0.0,0.38739643,72.575775
0.0,0.4445217,326.82864
0.0,0.5451695,110.163445
0.0,0.47626415,79.45927
0.0,0.47377613,138.9628
0.0,0.5301814,71.257805
0.0,0.44584465,98.968254
0.0,0.45950645,150.12263
0.0,0.38907287,148.45451
0.0,0.48185635,65.768036
0.0,0.38303697,85.010666
0.0,0.46978253,82.97428
0.0,0.49934474,114.252914
0.0,0.43899474,127.60225
0.0,0.46743336,212.80191
0.0,0.45332956,72.86053
0.0,0.32676986,137.86813
0.0,0.3864814,82.29267
0.0,0.3696412,87.00318
0.0,0.4760329,112.03731
0.0,0.53010184,75.772865
0.0,0.4960471,81.937065
0.0,0.51159954,88.26531
0.0,0.41774458,101.7708
0.0,0.4039079,65.42686
0.0,0.46122575,117.9489
0.0,0.4073351,211.11678
0.0,0.41474518,107.918304
0.0,0.5034102,197.31737
0.0,0.45296386,390.4727
0.0,0.41650486,300.02115
0.0,0.49662724,392.3927
0.0,0.3939262,321.1454
0.0,0.47130868,78.917625
0.0,0.428342,66.39942
0.0,0.4906048,75.15528
0.0,0.4348332,140.3794
0.0,0.51516324,71.10482
0.0,0.47936755,84.53472
0.0,0.48982084,70.34497
0.0,0.5015571,91.97123
0.0,0.48842344,85.886314
0.0,0.49650708,193.11975
0.0,0.5090289,65.14404
0.0,0.4564621,273.06808
0.0,0.47611818,66.80916
0.0,0.42389554,96.35486
0.0,0.40944597,222.91794
0.0,0.47889224,82.639885
0.0,0.522316,67.33318
0.0,0.4757238,92.82874
0.0,0.46122575,96.36679
0.0,0.48531267,71.64305
0.0,0.47519723,219.64233
0.0,0.4864802,89.422935
0.0,0.42681828,221.39613
0.0,0.5251765,85.08761
0.0,0.42085996,85.96655
0.0,0.5549505,83.71507
0.0,0.44533095,73.753204
0.0,0.4771127,66.703575
0.0,0.4477397,93.92879
0.0,0.43168268,103.15656
0.0,0.525958,68.01756
0.0,0.49375865,165.71652
0.0,0.4793218,149.71252
0.0,0.4330137,85.13027
0.0,0.4861826,69.39716
0.0,0.43162963,123.24337
0.0,0.42461625,74.19496
0.0,0.41608796,80.1725
0.0,0.43051875,109.5513
0.0,0.42582986,83.30663
0.0,0.6629842,298.25052
0.0,0.41719514,493.0713
0.0,0.36692208,195.12976
0.0,0.38775474,244.8075
0.0,0.42494836,92.12556
0.0,0.40383324,259.18692
0.0,0.4915982,251.13464
0.0,0.45121625,65.224236
0.0,0.42511517,210.41814
0.0,0.51129925,409.4501
0.0,0.41831952,77.76369
0.0,0.48248884,73.49621
0.0,0.49157825,91.90007
0.0,0.46778464,2.8869402e+06
0.0,0.4793487,318.81735
0.0,0.34968334,69.667725
0.0,0.45006657,67.15431
0.0,0.5192032,67.663124
0.0,0.4475721,77.34536
0.0,0.47531688,113.78415
0.0,0.4448694,110.59622
0.0,0.44191232,93.112854
0.0,0.45353475,128.56076
0.0,0.6032088,107.76545
0.0,0.47856802,140.14284
0.0,0.42208192,90.51759
0.0,0.41751388,114.18789
0.0,0.36676148,422.29025
0.0,0.5365082,68.33341
0.0,0.45132715,120.03945
0.0,0.46942717,100.77297
0.0,0.43210524,74.883095
0.0,0.588262,957.1982
0.0,0.49533936,85.68786
0.0,0.4270888,383.19373
0.0,0.45352167,164.23492
0.0,0.47308752,89.44417
0.0,0.49428368,72.5418
0.0,0.4083386,106.41808
0.0,0.4914858,68.62401
0.0,0.5320565,96.911934
0.0,0.48065382,67.33086
0.0,0.53863734,87.936646
0.0,0.40835157,75.63858
0.0,0.4633818,95.13549
0.0,0.49403945,80.06707
0.0,0.4491283,118.87027
0.0,0.66835386,281.30118
0.0,0.45081875,79.3673
0.0,0.42178395,984.4461
0.0,0.4337387,159.96
0.0,0.46625468,256.25443
0.0,0.4014378,71.5432
0.0,0.4688801,177.79369
0.0,0.49609703,82.243805
0.0,0.42392263,70.80636
0.0,0.39590874,110.8234
0.0,0.3918839,86.92625
0.0,0.4797686,72.31659
0.0,0.4855413,137.1701
0.0,0.502236,83.50015
0.0,0.49516663,75.0266
0.0,0.5086314,70.17576
0.0,0.49881288,110.066475
0.0,0.40062517,71.582466
0.0,0.47770506,153.9328
0.0,0.49942535,103.26173
0.0,0.46726596,106.237656
0.0,0.3985645,98.25101
0.0,0.41264418,71.23256
0.0,0.43826336,69.64552
0.0,0.4672071,177.95705
0.0,0.40249896,317.6578
0.0,0.39096633,156.33098
0.0,0.48913065,65.4464
0.0,0.50623655,109.459206
0.0,0.4844849,134.01167
0.0,0.4664899,74.872795
0.0,0.47940534,97.84301
0.0,0.48703393,98.33011
0.0,0.40074962,99.03959
0.0,0.41681537,66.20724
0.0,0.3777468,70.11414
0.0,0.49500266,89.80115
0.0,0.3853419,136.14395
0.0,0.40777537,383.02734
0.0,0.5723935,75.171394
0.0,0.4917698,178.91064
0.0,0.46122575,74.188545
0.0,0.47114503,367.26016
0.0,0.46923238,103.76589
0.0,0.44821393,68.94619
0.0,0.5264389,108.02583
0.0,0.38953623,262.4548
0.0,0.47106358,71.73247
0.0,0.53331554,66.14649
0.0,0.46272936,472.77628
0.0,0.55822736,68.75267
0.0,0.4647278,214.60391
0.0,0.43256086,73.16192
0.0,0.4857278,67.1207
0.0,0.48706728,95.03339
0.0,0.6253395,97.71066
0.0,0.47419906,94.84984
0.0,0.46258423,110.05814
0.0,0.31427288,136.4106
0.0,0.40052965,73.71392
0.0,0.44536754,222.34973
0.0,0.4977154,89.859955
0.0,0.43000066,117.899704
0.0,0.4803872,79.31628
0.0,0.43870553,117.48813
0.0,0.48907,147.23851
0.0,0.43024397,85.9722
0.0,0.46963945,97.37908
0.0,0.49183246,78.39572
0.0,0.46670842,70.05149
0.0,0.50325555,126.100365
0.0,0.48192638,98.34301
0.0,0.48627234,76.91638
0.0,0.44263434,381.82083
0.0,0.50713855,88.731544
0.0,0.41180193,77.238434
0.0,0.53061944,70.07932
0.0,0.4636741,78.047676
0.0,0.3965129,349.69025
0.0,0.37153396,102.18985
0.0,0.48967353,115.173416
0.0,0.38971096,213.90982
0.0,0.39407447,77.791916
0.0,0.4787067,68.267715
0.0,0.50531536,86.711555
0.0,0.4067794,117.56774
0.0,0.36419865,141.64943
0.0,0.41947973,68.11964
0.0,0.48057088,176.60077
0.0,0.4030307,140.66289
0.0,0.4503753,67.15802
0.0,0.46686402,109.98071
0.0,0.47077262,76.802055
0.0,0.442615,144.36311
0.0,0.46000436,87.1507
0.0,0.45133343,65.91496
0.0,0.41431722,68.43015
0.0,0.5422473,72.80699
0.0,0.46413535,78.960915
0.0,0.35006204,110.49936
0.0,0.4545055,99.80007
0.0,0.4532587,137.64882
0.0,0.43506655,595.9275
0.0,0.51209396,100.94145
0.0,0.53208065,67.84475
0.0,0.4933501,86.35143
0.0,0.4274101,99.00426
0.0,0.4938118,374.86484
0.0,0.46577883,71.89521
0.0,0.39723918,107.86068
0.0,0.51498646,65.17298
0.0,0.55829275,74.93769
0.0,0.38779646,78.36585
0.0,0.54681623,66.98614
0.0,0.5283416,68.05235
0.0,0.5150313,102.20803
0.0,0.39213362,122.3785
0.0,0.42998427,69.00638
0.0,0.39652574,91.06186
0.0,0.43229568,352.29654
0.0,0.50618964,65.73071
0.0,0.43089035,84.575195
0.0,0.41996923,354.32343
0.0,0.4034491,66.831375
0.0,0.519592,274.1783
0.0,0.4569069,65.75403
0.0,0.4806553,147.79803
0.0,0.36351734,522.9611
0.0,0.45369458,104.963326
0.0,0.5115578,250.72208
0.0,0.3464686,131.84778
0.0,0.5360638,67.10388
0.0,0.5019211,97.42863
0.0,0.5243665,106.58448
0.0,0.5180203,85.247795
0.0,0.39388618,580.48926
0.0,0.4823188,139.64864
0.0,0.47902718,247.75787
0.0,0.39191675,90.07577
0.0,0.4230735,90.88721
0.0,0.3662634,92.04682
0.0,0.44804326,118.25083
0.0,0.47634473,184.52414
0.0,0.5107458,85.96953
0.0,0.47377035,68.262375
0.0,0.4327301,151.36403
0.0,0.48378918,128.23236
0.0,0.41714337,429.1036
0.0,0.3277532,520.1971
0.0,0.4676768,94.39767
0.0,0.44650647,73.134796
0.0,0.529695,101.55509
0.0,0.42265928,65.5135
0.0,0.428595,149.93756
0.0,0.4638666,209.32072
0.0,0.43887585,96.19854
0.0,0.44518754,228.80907
0.0,0.48557988,73.830376
0.0,0.3522478,297.30597
0.0,0.40712243,87.61588
0.0,0.42278826,72.78689
0.0,0.37940213,284.9475
0.0,0.36102232,100.26969
0.0,0.47739494,70.53041
0.0,0.40974966,77.23053
0.0,0.47062695,90.68705
0.0,0.43839842,106.856155
0.0,0.4232718,144.158
0.0,0.42583245,86.47577
0.0,0.47910613,110.43544
0.0,0.57196945,81.09715
0.0,0.48772004,303.8851
0.0,0.40245157,141.40338
0.0,0.5259964,68.13232
0.0,0.38414395,767.3396
0.0,0.45052773,157.54984
0.0,0.42762864,69.11671
0.0,0.42049593,331.23618
0.0,0.4090004,77.12215
0.0,0.47300798,96.4677
0.0,0.37921673,141.79274
0.0,0.51250756,101.89133
0.0,0.44118375,91.8724
0.0,0.42388886,71.77863
0.0,0.36372942,221.7988
0.0,0.49883983,70.751396
0.0,0.45796853,93.01162
0.0,0.47266558,98.48662
0.0,0.5867536,351.7788
0.0,0.43633497,132.19923
0.0,0.41417012,96.48269
0.0,0.38815928,115.40456
0.0,0.5217101,170.46046
0.0,0.44055936,66.06872
0.0,0.45953926,82.2701
0.0,0.58065426,216.10951
0.0,0.5558087,154.0214
0.0,0.459676,175.56027
0.0,0.47625586,106.16396
0.0,0.4967386,308.73264
0.0,0.5347911,95.04768
0.0,0.44629657,70.34607
0.0,0.5209154,65.49521
0.0,0.48144484,78.877884
0.0,0.48242795,168.83809
0.0,0.5083873,123.71945
0.0,0.409315,72.35976
0.0,0.43664527,66.53595
0.0,0.38813296,95.122116
0.0,0.36735407,75.71615
0.0,0.60476464,69.04179
0.0,0.4947881,116.07986
0.0,0.48434424,146.55603
0.0,0.42817977,657.5081
0.0,0.42359108,279.15878
0.0,0.4993055,1.18137736e+08
0.0,0.5093765,211.27364
0.0,0.6128493,255.02756
0.0,0.43516293,269.91302
0.0,0.46578392,95.04095
0.0,0.50454164,65.84438
0.0,0.40419787,210.70284
0.0,0.46522966,69.26843
0.0,0.47329506,74.64158
0.0,0.4056081,75.25596
0.0,0.5000198,139.31294
0.0,0.47329432,66.55061
0.0,0.4648189,84.069786
0.0,0.38159657,646.58417
0.0,0.43157297,108.31509
0.0,0.45091602,71.59996
0.0,0.41362908,879.965
0.0,0.39229658,160.79784
0.0,0.5337628,88.18927
0.0,0.42904934,77.951454
0.0,0.47136942,65.33727
0.0,0.42830113,206.73611
0.0,0.45746824,65.66633
0.0,0.49223384,313.2383
0.0,0.3978023,77.69332
0.0,0.9374573,104102.65
0.0,0.48957512,94.828415
0.0,0.55032337,201.37613
0.0,0.51153994,66.05769
0.0,0.4530296,119.36411
0.0,0.314446,135.99867
0.0,0.48529413,367.98428
0.0,0.42476493,404.99487
0.0,0.5127332,69.444176
0.0,0.34664914,652.04364
0.0,0.4288415,73.1323
0.0,0.45945078,120.39564
0.0,0.4410585,263.6524
0.0,0.4258117,88.07811
0.0,0.40809625,245.8012
0.0,0.478109,101.66297
0.0,0.35636893,349.05542
0.0,0.5792867,68.46829
0.0,0.4892661,67.612885
0.0,0.4547597,117.23138
0.0,0.47633928,114.90729
0.0,0.48357806,86.75898
0.0,0.5055642,72.43453
0.0,0.42921126,403.12317
0.0,0.5352445,185.60829
0.0,0.46080497,83.08339
0.0,0.32808298,264.09204
0.0,0.43198144,74.52556
0.0,0.4760289,76.15277
0.0,0.5153254,113.26177
0.0,0.49645734,67.04673
0.0,0.41794497,221.87444
0.0,0.46900645,70.41263
0.0,0.46795133,118.63284
0.0,0.43273154,247.53342
0.0,0.47882882,127.7695
0.0,0.39431405,87.954384
0.0,0.45717913,67.3817
0.0,0.40837163,88.66062
0.0,0.47745937,74.21419
0.0,0.3385904,321.8277
0.0,0.5187667,177.2421
0.0,0.44250593,97.69634
0.0,0.76723146,276.61847
0.0,0.49385992,87.15889
0.0,0.3833903,279.5649
0.0,0.4728264,692.4761
0.0,0.41181484,95.13821
0.0,0.47735146,199.26361
0.0,0.5092034,107.817345
0.0,0.4385368,73.81514
0.0,0.4530807,153.77975
0.0,0.48579642,68.32167
0.0,0.41458622,113.087616
0.0,0.47632548,99.7861
0.0,0.51717705,67.19895
0.0,0.5481014,67.25613
0.0,0.41821957,77.65516
0.0,0.55362934,71.63888
0.0,0.5285963,133.5982
0.0,0.43728864,107.82658
0.0,0.4823982,76.631615
0.0,0.5504504,379.1803
0.0,0.45954853,101.53815
0.0,0.40277678,74.709526
0.0,0.4229136,148.29071
0.0,0.41148984,97.8743
0.0,0.7403852,134.10757
0.0,0.432057,98.602875
0.0,0.57712495,74.96871
0.0,0.46122575,168.14546
0.0,0.47679877,90.80926
0.0,0.46122575,65.59481
0.0,0.49840224,124.88819
0.0,0.49833533,79.41257
0.0,0.44428232,134.2255
0.0,0.4857083,137.39816
0.0,0.49484265,195.3616
0.0,0.49777117,74.17401
0.0,0.46973324,303.23517
0.0,0.4681358,86.80024
0.0,0.41000673,71.70268
0.0,0.5068518,92.44339
0.0,0.5042935,102.98314
0.0,0.5479774,140.19624
0.0,0.48879707,131.51453
0.0,0.48182788,433.71094
0.0,0.5182828,231.07025
0.0,0.3825033,195.19415
0.0,0.3970997,85.88601
0.0,0.46775934,74.10917
0.0,0.4514548,88.6902
0.0,0.58204746,112.7616
0.0,0.39495414,73.61353
0.0,0.42125434,178.74327
0.0,0.48087534,87.797646
0.0,0.3612022,155.45291
0.0,0.52980244,297.6955
0.0,0.51023966,141.59276
0.0,0.37953532,74.67285
0.0,0.45387763,132.34991
0.0,0.46306625,121.951096
0.0,0.5444709,764.39606
0.0,0.4718084,87.17071
0.0,0.4450066,125.77494
0.0,0.38498265,102.8319
0.0,0.35904852,118.09611
0.0,0.49072143,85.61401
0.0,0.40169284,73.37339
0.0,0.4053536,103.85816
0.0,0.45254746,85.30852
0.0,0.4548152,246.74203
0.0,0.4473698,75.90612
0.0,0.47815496,130.19397
0.0,0.45202312,88.4307
0.0,0.5042158,71.59945
0.0,0.4945135,254.3461
0.0,0.5300017,88.33095
0.0,0.46976328,245.1215
0.0,0.4572917,119.09366
0.0,0.47944957,71.63172
0.0,0.5062216,250.73543
0.0,0.37517324,198.23329
0.0,0.4611802,201.56216
0.0,0.4197815,89.23247
0.0,0.5284277,111.210106
0.0,0.44392127,145.9343
0.0,0.36483216,94.632614
0.0,0.43290678,95.59866
0.0,0.5277634,173.75366
0.0,0.43248865,104.71055
0.0,0.5292689,76.40402
0.0,0.5520669,106.42188
0.0,0.3670678,87.40343
0.0,0.43355626,82.093185
0.0,0.8969654,628.96423
0.0,0.5118771,353.3894
0.0,0.41176692,66.71885
0.0,0.43901062,74.91539
0.0,0.4731677,140.11137
0.0,0.35239547,98.17687
0.0,0.4869948,65.83569
0.0,0.4507595,85.00063
0.0,0.47883633,71.42523
0.0,0.42080083,167.7886
0.0,0.49401677,70.933815
0.0,0.50002915,90.340614
0.0,0.3590056,70.21904
0.0,0.37727052,72.286736
0.0,0.42714986,77.7534
0.0,0.45225406,96.14171
0.0,0.46281555,94.53386
0.0,0.44987738,73.17017
0.0,0.43058223,1003.0328
0.0,0.42686254,182.85382
0.0,0.46412462,96.8973
0.0,0.4946268,75.91822
0.0,0.36623985,83.56928
0.0,0.5385456,75.430336
0.0,0.36769196,110.0353
0.0,0.42544428,85.2396
0.0,0.4801287,87.83916
0.0,0.394999,97.02913
0.0,0.41016334,102.01093
0.0,0.4404948,96.2644
0.0,0.3959415,171.14844
0.0,0.47221288,270.47076
0.0,0.5189872,65.963295
0.0,0.43923903,556.7149
0.0,0.527867,106.960976
0.0,0.502642,78.91565
0.0,0.48179606,76.35103
0.0,0.47249648,139.64757
0.0,0.42181933,70.093155
0.0,0.4486136,110.35623
0.0,0.45229155,542.3321
0.0,0.4428376,114.175476
0.0,0.41394207,88.72139
0.0,0.46708998,177.57509
0.0,0.53121805,97.523285
0.0,0.40628225,78.50281
0.0,0.4661499,77.5636
0.0,0.4918959,67.68846
0.0,0.47180197,74.79741
0.0,0.5108757,68.033066
0.0,0.5598191,127.58081
0.0,0.54414093,66.08464
0.0,0.43598574,875.8621
0.0,0.39389127,68.03579
0.0,0.48475602,78.64902
0.0,0.510348,69.03121
0.0,0.47511256,77.66987
0.0,0.4147537,85.59232
0.0,0.48859355,66.82017
0.0,0.5153412,68.37142
0.0,0.4949729,139.69986
0.0,0.49259153,74.54669
0.0,0.49784616,67.422554
0.0,0.39110205,93.16416
0.0,0.35560006,138.70761
0.0,0.46122575,81.16129
0.0,0.4446429,72.53296
0.0,0.49007478,69.561386
0.0,0.43122172,77.13375
0.0,0.4732421,78.69076
0.0,0.48141742,166.03653
0.0,0.458319,77.86902
0.0,0.40035057,75.20578
0.0,0.42060834,244.68791
0.0,0.40208864,161.0131
0.0,0.43280727,119.8087
0.0,0.37595412,147.02512
0.0,0.47174335,152.53127
0.0,0.52151114,75.95833
0.0,0.50786114,88.83997
0.0,0.38993815,75.359314
0.0,0.4265925,615.3711
0.0,0.4412363,134.0216
0.0,0.48175567,85.393326
0.0,0.47992977,83.511566
0.0,0.44412827,390.96365
0.0,0.48325738,209.51202
0.0,0.49232805,276.78403
0.0,0.34796643,106.31957
0.0,0.505576,76.188736
0.0,0.34783712,84.78071
0.0,0.4680431,132.29005
0.0,0.57650274,88.03033
0.0,0.42866617,161.89458
0.0,0.5298436,160.70174
0.0,0.39552638,67.42825
0.0,0.3790378,150.10252
0.0,0.4959426,278.90283
0.0,0.4401794,100.43193
0.0,0.5716586,516.8864
0.0,0.37640578,120.008026
0.0,0.49943855,104.30281
0.0,0.40380812,79.85423
0.0,0.50711215,70.009026
0.0,0.41494057,76.17276
0.0,0.37153572,71.411476
0.0,0.46122575,66.183266
0.0,0.50186294,149.29256
0.0,0.44840226,93.1216
0.0,0.4956465,118.0254
0.0,0.49474573,101.78063
0.0,0.47189865,247.8365
0.0,0.4665152,111.42503
0.0,0.392783,124.75519
0.0,0.5466716,82.76681
0.0,0.49841753,74.53098
0.0,0.46849787,245.31186
0.0,0.5144392,229.44252
0.0,0.4957676,89.22507
0.0,0.43410352,99.07766
0.0,0.44092822,101.84301
0.0,0.43160725,303.20853
0.0,0.5004511,168.77544
0.0,0.39036998,87.90544
0.0,0.41994703,72.604744
0.0,0.32394734,109.69056
0.0,0.49718297,215.9398
0.0,0.4250759,66.1923
0.0,0.4709338,91.34916
0.0,0.47313544,112.720436
0.0,0.46198535,68.22314
0.0,0.42151302,87.86081
0.0,0.45151517,97.0706
0.0,0.57531494,76.06455
0.0,0.8991512,93.73122
0.0,0.48764604,102.04303
0.0,0.4189949,679.9285
0.0,0.5010391,82.48005
0.0,0.39787716,430.25897
0.0,0.4804201,82.57062
0.0,0.39878187,65.5897
0.0,0.5046781,68.85348
0.0,0.4328534,296.79166
0.0,0.37166235,73.55217
0.0,0.49511173,71.23025
0.0,0.44882828,83.686264
0.0,0.41033858,655.0028
0.0,0.3954562,71.71802
0.0,0.40168855,111.56716
0.0,0.51402664,118.12425
0.0,0.42718038,82.80403
0.0,0.4953651,66.45212
0.0,0.43234256,68.76133
0.0,0.49161917,320.84915
0.0,0.37957048,589.5591
0.0,0.34284264,350.05655
0.0,0.48372233,73.709045
0.0,0.3539658,112.44121
0.0,0.4883516,73.077446
0.0,0.51312613,162.01808
0.0,0.47943828,84.59957
0.0,0.40575665,185.81862
0.0,0.59427226,90.061134
0.0,0.4408263,92.128265
0.0,0.41606733,139.5061
0.0,0.42582017,80.42441
0.0,0.46100873,65.36615
0.0,0.39028633,165.91943
0.0,0.47753537,84.170555
0.0,0.42184445,66.948494
0.0,0.40164083,81.1526
0.0,0.4622282,94.34783
0.0,0.5441973,76.13597
0.0,0.4633241,96.1053
0.0,0.50864106,111.74155
0.0,0.47351414,69.997635
0.0,0.48414543,95.36677
0.0,0.39830256,84.1481
0.0,0.48470426,124122.39
0.0,0.42988715,91.66469
0.0,0.5166566,69.5333
0.0,0.48289198,80.37868
0.0,0.46740234,514.6965
0.0,0.52632535,105.920456
0.0,0.47439682,120.568665
0.0,0.41362664,96.76388
0.0,0.38067842,110.53947
0.0,0.47366065,111.47092
0.0,0.4674883,183.24684
0.0,0.5521625,123.63363
0.0,0.44907212,164.59552
0.0,0.4105665,93.02089
0.0,0.5290698,66.61685
0.0,0.5103808,197.98402
0.0,0.40961137,237.60728
0.0,0.4747789,167.03424
0.0,0.48592055,148.08408
0.0,0.49770412,241.54921
0.0,0.505199,108.88792
0.0,0.5174876,81.27539
0.0,0.43800193,76.633255
0.0,0.4164885,77.6344
0.0,0.41642398,257.869
0.0,0.48122674,179.07358
0.0,0.48150325,66.319
0.0,0.39255866,108.32347
0.0,0.4216999,147.29204
0.0,0.50081575,115.07173
0.0,0.4774298,171.96092
0.0,0.38747388,83.8736
0.0,0.55886024,77.746445
0.0,0.3992622,227.2337
0.0,0.50404835,87.20565
0.0,0.43375033,109.64215
0.0,0.4831681,141.49376
0.0,0.54048973,67.24483
0.0,0.4695053,69.79377
0.0,0.50880724,68.85639
0.0,0.58172536,427.8832
0.0,0.48100036,121.8578
0.0,0.4101521,438.83868
0.0,0.48685032,122.68443
0.0,0.46659863,65.04122
0.0,0.51876634,82.02763
0.0,0.45909622,65.26532
0.0,0.42129937,79.23226
0.0,0.49954706,105.67924
0.0,0.5042208,87.11564
0.0,0.4891935,273.0808
0.0,0.49255306,78.75392
0.0,0.45588616,138.95364
0.0,0.4956246,99.85079
0.0,0.46630922,239.74011
0.0,0.49258688,108.90071
0.0,0.36124682,133.05292
0.0,0.5900857,151.08327
0.0,0.5042153,67.03144
0.0,0.43038136,68.19956
0.0,0.40115467,78.950836
0.0,0.42502004,225.774
0.0,0.4608448,81.99216
0.0,0.47248915,447.8343
0.0,0.49568006,78.821526
0.0,0.49786162,131.79466
0.0,0.67717534,292.2317
0.0,0.43738177,244.95657
0.0,0.45723078,74.108315
0.0,0.44067213,512.7702
0.0,0.39947987,84.12131
0.0,0.46163106,83.544304
0.0,0.50604147,67.335846
0.0,0.45503664,460.45078
0.0,0.40003112,65.9651
0.0,0.5197768,87.263016
0.0,0.48739433,145.782
0.0,0.5821651,278.35507
0.0,0.4066707,159.1892
0.0,0.5159186,372.97488
0.0,0.3957402,122.53514
0.0,0.44786012,84.33172
0.0,0.49964014,90.19519
0.0,0.46095437,211.3219
0.0,0.43544367,65.485
0.0,0.5024543,75.29336
0.0,0.46122575,85.9297
0.0,0.4892948,141.28055
0.0,0.5154399,415.24963
0.0,0.42183775,87.288506
0.0,0.5383318,66.6623
0.0,0.5115376,85.07393
0.0,0.45298684,66.820786
0.0,0.4406027,183.68053
0.0,0.40880203,89.59507
0.0,0.5030156,68.39083
0.0,0.47505787,72.885086
0.0,0.5073082,108.55559
0.0,0.45419386,115.10629
0.0,0.42994285,81.06506
0.0,0.45194986,67.52768
0.0,0.52922493,66.83663
0.0,0.32314664,72.01951
0.0,0.40964153,107.322
0.0,0.47087374,97.92028
0.0,0.5241237,89.99518
0.0,0.5752469,66.98787
0.0,0.45385522,93.969475
0.0,0.53408,120.16413
0.0,0.50041413,110.14687
0.0,0.52192813,85.071335
0.0,0.46972725,107.49831
0.0,0.41602448,521.79767
0.0,0.46322754,88.84619
0.0,0.5019234,65.656944
0.0,0.42112282,140.99548
0.0,0.46030128,120.08058
0.0,0.5314911,96.289185
0.0,0.4564022,95.79231
0.0,0.81435543,470.2491
0.0,0.46249044,132.84177
0.0,0.44724926,87.78704
0.0,0.47623712,66.66503
0.0,0.44143525,89.50152
0.0,0.49173766,86.05424
0.0,0.4872702,364.2363
0.0,0.4247056,80.85952
0.0,0.4404731,399.6469
0.0,0.44798815,306.37057
0.0,0.47895622,135.19101
0.0,0.5028828,70.97098
0.0,0.5212859,103.86489
0.0,0.4936916,79.10112
0.0,0.5362462,81.85912
0.0,0.531111,68.13613
0.0,0.3287804,289.26212
0.0,0.48079184,238.76175
0.0,0.5086167,537.18604
0.0,0.43417057,253.30115
0.0,0.45230657,68.734436
0.0,0.48439202,132.34991
0.0,0.46834052,456.38696
0.0,0.4384943,65.345665
0.0,0.51526093,88.11378
0.0,0.43476424,68.811195
0.0,0.44220772,89.1891
0.0,0.6314375,234.94899
0.0,0.64454204,86.701225
0.0,0.48175943,105.51646
0.0,0.40008897,88.50646
0.0,0.4441778,97.552765
0.0,0.43969035,109.698326
0.0,0.39288062,384.68094
0.0,0.45769608,77.20967
0.0,0.51864785,67.33838
0.0,0.512658,66.30937
0.0,0.42837626,101.4348
0.0,0.46122575,77.352516
0.0,0.5032896,86.46395
0.0,0.44773006,187.78334
0.0,0.44773006,187.78334
0.0,0.44879007,133.75098
0.0,0.4838312,66.14023
0.0,0.44445726,139.23204
0.0,0.50262165,80.49453
0.0,0.48236728,191.33853
0.0,0.3996138,179.04997
0.0,0.45795286,81.073654
0.0,0.46055526,76.14575
0.0,0.47806552,170.83116
0.0,0.4328363,545.0141
0.0,0.42638126,280.8045
0.0,0.42638126,280.8045
0.0,0.44263822,122.773636
0.0,0.42947522,80.6228
0.0,0.4735105,73.35708
0.0,0.49860024,178.86096
0.0,0.47524276,179.2823
0.0,0.3467086,328.77054
0.0,0.29203498,239.4539
0.0,0.47722867,95.7749
0.0,0.47722867,95.7749
0.0,0.46122575,76.810196
0.0,0.54394764,571.85864
0.0,0.37229642,280.52084
0.0,0.41338766,84.655235
0.0,0.46197557,192.8894
0.0,0.46500957,100.87448
0.0,0.46659052,74.81416
0.0,0.41800046,68.821625
0.0,0.42098197,82.44872
0.0,0.40703294,73.74027
0.0,0.4757846,78.79279
0.0,0.4842237,65.59244
0.0,0.47441941,72.7644
0.0,0.6803566,90.90176
0.0,0.3935513,79.26548
0.0,0.4894942,69.812485
0.0,0.5194843,90.23826
0.0,0.48192948,82.40397
0.0,0.48287183,369.8518
0.0,0.3865225,98.3962
0.0,0.46122575,84.35638
0.0,0.4209381,140.05232
0.0,0.43434072,146.32425
0.0,0.4449246,141.15216
0.0,0.50719935,91.28048
0.0,0.42506838,97.7137
0.0,0.42417455,71.20554
0.0,0.46584088,86.36887
0.0,0.43219456,91.184845
0.0,0.42440924,129.53174
0.0,0.50709766,86.547104
0.0,0.40184897,275.9755
0.0,0.42463958,320.03433
0.0,0.4305667,79.74362
0.0,0.43076363,87.90983
0.0,0.3792442,98.79791
0.0,0.48120388,238.05852
0.0,0.5549062,124.2095
0.0,0.49315542,103.81632
0.0,0.4047858,131.06708
0.0,0.4923634,72.444176
0.0,0.47206542,84.231224
0.0,0.4595874,435.25534
0.0,0.45262843,173.27386
0.0,0.4183685,143.78178
0.0,0.32747534,75.86248
0.0,0.46019474,417.40308
0.0,0.40783855,161.27187
0.0,0.4386927,126.385414
0.0,0.4007085,78.578476
0.0,0.38138968,182.32516
0.0,0.46921653,169.831
0.0,0.46122575,75.152534
0.0,0.36593282,106.90456
0.0,0.49625334,79.44531
0.0,0.49856633,101.095795
0.0,0.37740007,131.21005
0.0,0.417023,123.85625
0.0,0.47006562,113.85895
0.0,0.44682506,495.8422
0.0,0.44760817,75.56025
0.0,0.4259939,114.08056
0.0,0.48596466,106.42439
0.0,0.4328446,95.94309
0.0,0.5045041,91.25688
0.0,0.3461295,89.87429
0.0,0.3999966,141.11707
0.0,0.47932634,128.11226
0.0,0.3641241,74.30679
0.0,0.42827618,303.71265
0.0,0.5236659,301.92554
0.0,0.5245847,126.196075
0.0,0.41115254,141.1868
0.0,0.48836976,67.2814
0.0,0.4533845,70.76567
0.0,0.4975958,196.9653
0.0,0.4152774,66.87616
0.0,0.47443658,189.83493
0.0,0.4250313,103.66255
0.0,0.47600466,89.39167
0.0,0.4680723,160.0627
0.0,0.5325454,65.747185
0.0,0.40999562,105.93825
0.0,0.4197316,84.15627
0.0,0.50347465,68.04785
0.0,0.35535935,376.79498
0.0,0.6494701,77.63232
0.0,0.4321231,72.535904
0.0,0.49243578,81.76101
0.0,0.40629143,67.02042
0.0,0.37928107,84.4496
0.0,0.48180053,70.78574
0.0,0.41337046,127.64407
0.0,0.46641415,79.36262
0.0,0.39425924,79.85573
0.0,0.45346993,99.75721
0.0,0.40171492,185.87616
0.0,0.44002044,258.0375
0.0,0.49299282,88.55934
0.0,0.453437,95.40154
0.0,0.47731778,214.89758
0.0,0.4435083,67.943504
0.0,0.5193875,71.93212
0.0,0.39687097,81.82614
0.0,0.44299996,174.18755
0.0,0.4344443,131.41342
0.0,0.46796015,84.92666
0.0,0.42419055,355.13196
0.0,0.4613188,147.10553
0.0,0.45112738,92.760864
0.0,0.4298055,67.94216
0.0,0.3964178,115.65241
0.0,0.40661535,102.58927
0.0,0.4665162,93.21473
0.0,0.48943016,148.04083
0.0,0.49958384,99.29023
0.0,0.5015614,135.42552
0.0,0.42569458,69.53884
0.0,0.50055116,136.21266
0.0,0.377514,294.71292
0.0,0.43094215,77.39903
0.0,0.45937404,200.02248
0.0,0.39325574,913.8131
0.0,0.42158487,230.9982
0.0,0.4470548,72.01346
0.0,0.38976955,136.56255
0.0,0.33563176,66.03887
0.0,0.6724297,443.875
0.0,0.3829922,106.567696
0.0,0.4228755,90.46506
0.0,0.41080385,102.36902
0.0,0.40886027,82.49305
0.0,0.55591565,85.33208
0.0,0.52526456,244.56517
0.0,0.3934056,148.42812
0.0,0.32889146,287.25128
0.0,0.49642408,148.8642
0.0,0.3517173,377.6712
0.0,0.5040316,175.18826
0.0,0.45771915,74.4163
0.0,0.44602662,90.883415
0.0,0.4797676,951.0708
0.0,0.4016843,106.52956
0.0,0.5042219,106.162506
0.0,0.42268473,72.29059
0.0,0.38718572,107.8682
0.0,0.49354437,85.15874
0.0,0.46254888,147.80396
0.0,0.41134125,84.5194
0.0,0.51072174,134.92995
0.0,0.4960304,74.21476
0.0,0.50095,72.54998
0.0,0.54815865,67.76883
0.0,0.43698415,70.82945
0.0,0.44125485,89.763145
0.0,0.49807605,67.48565
0.0,0.39939517,70.36057
0.0,0.39983183,68.63177
0.0,0.5408268,552.3601
0.0,0.46309254,314.68732
0.0,0.4771439,76.0492
0.0,0.45422584,88.098854
0.0,0.46730995,292.0941
0.0,0.4308997,137.80078
0.0,0.42166007,75.75638
0.0,0.5001109,75.36674
0.0,0.46122575,72.13455
0.0,0.49881467,101.88377
0.0,0.40055558,76.71789
0.0,0.5055978,73.30776
0.0,0.3962653,75.53348
0.0,0.39824957,563.254
0.0,0.4450785,140.01726
0.0,0.42507154,454.4753
0.0,0.55067426,80.2025
0.0,0.48156875,77.23244
0.0,0.51308894,76.961685
0.0,0.33665726,562.06635
0.0,0.49468553,96.15052
0.0,0.46122575,85.505646
0.0,0.45363048,128.985
0.0,0.39366207,96.49196
0.0,0.5286109,157.44937
0.0,0.5186806,66.93298
0.0,0.46613726,68.265434
0.0,0.47419906,67.53372
0.0,0.43977195,438.44617
0.0,0.49612826,180.36208
0.0,0.3955626,95.49874
0.0,0.42461032,128.96114
0.0,0.44495082,66.25906
0.0,0.46122575,69.985054
0.0,0.43915045,97.04199
0.0,0.45434678,96.199524
0.0,0.4882931,97.24972
0.0,0.651816,104.74424
0.0,0.3970672,122.73219
0.0,0.40505004,174.81445
0.0,0.4486059,83.141975
0.0,0.5264712,83.182465
0.0,0.3903368,893.7999
0.0,0.44788545,88.894806
0.0,0.4626071,65.50077
0.0,0.60343623,85.87061
0.0,0.42574272,268.71237
0.0,0.3808695,311.92078
0.0,0.5472928,89.80435
0.0,0.4456653,73.220406
0.0,0.4820751,67.3435
0.0,0.38052168,86.894325
0.0,0.4833851,72.19651
0.0,0.37147725,255.04843
0.0,0.47756562,169.48601
0.0,0.44502333,106.66825
0.0,0.41754502,85.69981
0.0,0.45891845,112.72254
0.0,0.40255818,151.41457
0.0,0.49361357,196.9291
0.0,0.4270695,72.21451
0.0,0.41290385,79.04572
0.0,0.4869604,179.3588
0.0,0.49524602,121.83827
0.0,0.4706476,108.33394
0.0,0.42924657,80.07157
0.0,0.43294436,70.86282
0.0,0.4405416,642.6543
0.0,0.47994202,65.277824
0.0,0.4557694,209.76498
0.0,0.53535056,286.2908
0.0,0.50882185,89.83098
0.0,0.39417076,428.78876
0.0,0.50845855,330.87924
0.0,0.4165593,69.60797
0.0,0.44805905,69.25047
0.0,0.42922607,87.1574
0.0,0.38434803,97.645004
0.0,0.3803646,69.70858
0.0,0.43426183,81.82637
0.0,0.3204766,556.29974
0.0,0.55184096,78.34413
0.0,0.4850388,115.97425
0.0,0.428411,89.10666
0.0,0.53166324,74.37168
0.0,0.5105605,91.6143
0.0,0.5018022,122.01605
0.0,0.4899154,247.37625
0.0,0.40276048,175.62689
0.0,0.5077929,76.81382
0.0,0.44578388,225.32205
0.0,0.41660258,76.74183
0.0,0.48339775,148.57126
0.0,0.43922117,85.54267
0.0,0.51362795,79.6778
0.0,0.42504197,67.44891
0.0,0.3428757,189.0381
0.0,0.48382533,95.5749
0.0,0.4197695,117.07812
0.0,0.49395612,105.6967
0.0,0.49368984,80.347374
0.0,0.48082668,96.61281
0.0,0.43062475,120.77781
0.0,0.48168612,141.06207
0.0,0.42370155,344.3153
0.0,0.39502698,122.3953
0.0,0.53314465,106.553825
0.0,0.5367771,68.89175
0.0,0.36979717,604.7238
0.0,0.531609,104.38403
0.0,0.48538804,84.64933
0.0,0.44030896,205.77863
0.0,0.50793207,86.34385
0.0,0.44343555,101.48582
0.0,0.49850366,86.44183
0.0,0.5259255,84.51031
0.0,0.48672155,103.813866
0.0,0.39701575,102.21807
0.0,0.34840894,349.68353
0.0,0.49220452,284.60107
0.0,0.44395646,131.85004
0.0,0.53683364,74.762024
0.0,0.5196807,287.45258
0.0,0.48692644,113.58431
0.0,0.47238812,101.7946
0.0,0.45836228,67.06381
0.0,0.50807226,245.42918
0.0,0.55083394,78.65204
0.0,0.5246806,67.03045
0.0,0.4622601,191.78958
0.0,0.5144312,81.986176
0.0,0.3787734,151.2999
0.0,0.5398236,81.32618
0.0,0.4300024,159.18666
0.0,0.47506475,98.524414
0.0,0.39706305,294.07034
0.0,0.48298106,72.55506
0.0,0.39794457,124.11388
0.0,0.41630635,125.19593
0.0,0.4047254,78.57837
0.0,0.39999068,149.51819
0.0,0.4383329,71.87082
0.0,0.46209753,170.43959
0.0,0.4743869,65.66421
0.0,0.38680765,95.346954
0.0,0.47859132,66.32277
0.0,0.49894187,73.55445
0.0,0.43002397,193.66556
0.0,0.45482355,73.28145
0.0,0.4797848,69.54002
0.0,0.5202314,103.56608
0.0,0.44458246,352.74283
0.0,0.60573614,69.25059
0.0,0.4802784,100.97887
0.0,0.4465502,104.25077
0.0,0.49075416,73.96027
0.0,0.40477768,71.551506
0.0,0.4704829,66.22199
0.0,0.4133172,76.80828
0.0,0.54389656,163.17975
0.0,0.46960932,76.94145
0.0,0.3993416,153.57196
0.0,0.42273116,357.93402
0.0,0.4954737,77.77825
0.0,0.4956496,67.13551
0.0,0.5034866,68.71044
0.0,0.52775115,83.11204
0.0,0.4967331,66.99361
0.0,0.48617256,475.4295
0.0,0.47910416,139.18849
0.0,0.48467547,102.68377
0.0,0.48810264,136.1835
0.0,0.4062615,93.901024
0.0,0.42470008,66.80474
0.0,0.49811858,69.17172
0.0,0.47951946,92.01499
0.0,0.41929638,71.96662
0.0,0.4193098,65.13868
0.0,0.4133972,86.13818
0.0,0.42085505,215.39708
0.0,0.48506537,68.85034
0.0,0.49229208,110.18322
0.0,0.53692937,70.98046
0.0,0.443164,117.04046
0.0,0.43617988,71.28422
0.0,0.4639421,106.86519
0.0,0.5052028,98.2922
0.0,0.4211821,136.48296
0.0,0.39592108,82.25087
0.0,0.3817408,107.1181
0.0,0.39898732,148.12294
0.0,0.38027114,78.84591
0.0,0.4046514,71.81969
0.0,0.506432,68.957466
0.0,0.48086515,92.09969
0.0,0.46840417,273.32724
0.0,0.5161694,74.49464
0.0,0.44327295,262.19714
0.0,0.46328557,136.93077
0.0,0.4315722,77.64084
0.0,0.3885246,113.38713
0.0,0.4786181,67.19536
0.0,0.4916188,74.85747
0.0,0.42676815,168.99702
0.0,0.40585256,116.45172
0.0,0.49228758,84.196754
0.0,0.46122575,73.798935
0.0,0.5119132,92.63445
0.0,0.43058148,71.33148
0.0,0.46233383,72.380295
0.0,0.42558298,154.02951
0.0,0.50996196,66.42695
0.0,0.7246489,668.1085
0.0,0.436116,104.31764
0.0,0.37286222,124.83089
0.0,0.44319054,239.54936
0.0,0.48266214,70.14494
0.0,0.47724044,103.84237
0.0,0.49980184,77.35523
0.0,0.4251001,149.74121
0.0,0.43335295,70.15644
0.0,0.5013123,79.95717
0.0,0.4445692,108.752846
0.0,0.4798505,67.009254
0.0,0.46381283,70.91186
0.0,0.42836595,118.60262
0.0,0.46643698,110.02552
0.0,0.46207127,66.70186
0.0,0.5097053,109.004845
0.0,0.47636476,83.96674
0.0,0.4201817,99.45812
0.0,0.47995493,222.44142
0.0,0.40062165,92.34048
0.0,0.4200657,84.67917
0.0,0.54125434,132.27684
0.0,0.47866675,66.904366
0.0,0.49745643,101.92451
0.0,0.41412988,552.5005
0.0,0.49614808,172.948
0.0,0.36928093,87.621994
0.0,0.36540315,84.61525
0.0,0.41289023,401.04803
0.0,0.37476045,261.01218
0.0,0.6194737,195.67116
0.0,0.46122575,69.78926
0.0,0.44638717,97.11927
0.0,0.48078072,99.14992
0.0,0.46769294,79.17993
0.0,0.40553576,68.5682
0.0,0.47597468,90.88603
0.0,0.40474582,74.1878
0.0,0.43532473,109.43349
0.0,0.42302874,78.96208
0.0,0.50842434,359.85855
0.0,0.40809926,163.1766
0.0,0.50451386,72.383255
0.0,0.46618372,73.616745
0.0,0.4127983,70.11188
0.0,0.46413618,77.30168
0.0,0.45087013,76.05447
0.0,0.47514096,76.425125
0.0,0.44655746,66.74832
0.0,0.30695733,250.33437
0.0,0.3985209,73.94651
0.0,0.45803657,94.065636
0.0,0.50977385,109.01914
0.0,0.407539,411.87384
0.0,0.4478594,71.76378
0.0,0.48600435,69.96626
0.0,0.4643341,92.77899
0.0,0.48543274,123.90304
0.0,0.46107426,145.5748
0.0,0.34883714,441.6611
0.0,0.5088629,65.86736
0.0,0.39955282,213.93013
0.0,0.49287122,124.28945
0.0,0.43660522,66.95884
0.0,0.4712299,226.75555
0.0,0.51979935,90.4588
0.0,0.43945658,75.57606
0.0,0.47954348,79.73158
0.0,0.44990295,197.89699
0.0,0.48379317,86.625534
0.0,0.4607049,75.8685
0.0,0.44338638,493.25568
0.0,0.5218895,82.59093
0.0,0.5218531,208.3165
0.0,0.44897762,74.91147
0.0,0.47312742,253.10225
0.0,0.35303304,237.73424
0.0,0.486629,72.916885
0.0,0.35787827,590.1465
0.0,0.49893892,66.623726
0.0,0.4377942,79.0125
0.0,0.3720224,107.63874
0.0,0.44334197,65.43178
0.0,0.5610192,133.80827
0.0,0.4538265,481.59402
0.0,0.38167593,67.433395
0.0,0.45586535,113.23299
0.0,0.48913246,73.21387
0.0,0.5151125,79.16293
0.0,0.4630864,73.22064
0.0,0.40785658,117.154755
0.0,0.46636453,115.0711
0.0,0.4483965,118.021835
0.0,0.41935778,78.156425
0.0,0.4156436,68.0565
0.0,0.40080753,80.12918
0.0,0.48017043,93.47921
0.0,0.4236396,136.54883
0.0,0.8744486,498.96716
0.0,0.47053903,113.23137
0.0,0.47926754,176.6702
0.0,0.44676548,242.99321
0.0,0.4370757,66.83634
0.0,0.40002096,717.8155
0.0,0.40821168,76.82918
0.0,0.46470028,120.05962
0.0,0.45647758,95.1497
0.0,0.46175852,267.90326
0.0,0.44680345,68.11696
0.0,0.4465787,203.01115
0.0,0.48066187,101.20691
0.0,0.3653174,71.14371
0.0,0.47423628,138.27919
0.0,0.59263176,76.18439
0.0,0.8410371,133.34518
0.0,0.56071997,95.95668
0.0,0.47601044,246.37982
0.0,0.5244633,9.910176e+08
0.0,0.5244633,9.910176e+08
0.0,0.47518027,3.6282456e+07
0.0,0.59290034,280.31827
0.0,0.4726586,144.70781
0.0,0.50684035,2.3106504e+08
0.0,0.5028027,3.214599e+07
0.0,0.5517086,92.71896
0.0,0.5517086,92.71896
0.0,0.5783258,2413.1274
0.0,0.56452924,74.02769
0.0,0.57636726,815.8183
0.0,0.5512564,96.90868
0.0,0.5962729,226.81618
0.0,0.59422785,472855.44
0.0,0.5894456,5.440653e+09
0.0,0.46978986,1.1131523e+07
0.0,0.47304153,1675.7816
0.0,0.52951634,87.415085
0.0,0.50420314,576.62103
0.0,0.5065973,102.943855
0.0,0.46122575,566544.94
0.0,0.70816255,2005.8328
0.0,0.7081625,2005.8328
0.0,0.6718203,87.792656
0.0,0.49115062,8.706778e+06
0.0,0.52136385,371.21936
0.0,0.5152152,38715.246
0.0,0.6155122,508.83426
0.0,0.43886977,245.04105
0.0,0.6428296,66.64209
0.0,0.5572841,1901.7163
0.0,0.638049,88.60092
0.0,0.5442865,1.7559286e+08
0.0,0.53741443,5.6063304e+07
0.0,0.46826312,1.5305746e+06
0.0,0.53798825,145.7592
0.0,0.5096549,57154.324
0.0,0.63239676,22882.465
0.0,0.5462457,175.19595
0.0,0.46836257,757531.56
0.0,0.5726131,246.24635
0.0,0.6927057,98.589455
0.0,0.72693604,22511.73
0.0,0.62112504,87.8762
0.0,0.679668,93381.66
0.0,0.51973313,171.23245
0.0,0.6269693,153.73334
0.0,0.64414966,182.5878
0.0,0.46122575,231.69101
0.0,0.6529638,1248.8168
0.0,0.6121932,1.7646258e+10
0.0,0.54635864,94.984436
0.0,0.49773106,68.924805
0.0,0.6156817,402.72546
0.0,0.5784701,308.01822
0.0,0.5700105,174.29784
0.0,0.46122575,80.375435
0.0,0.5423551,158.76425
0.0,0.5293901,85.05207
0.0,0.6118554,147.08574
0.0,0.5152401,460.8759
0.0,0.50879085,210.24701
0.0,0.8687821,140.99263
0.0,0.5800466,254.78029
0.0,0.4581611,4211.764
0.0,0.5997704,127.32277
0.0,0.51384264,889.89874
0.0,0.55597836,6949.801
0.0,0.70033807,141.63016
0.0,0.48399767,18983.053
0.0,0.4951733,1.104506e+11
0.0,0.46994308,125.92576
0.0,0.52803946,411.04712
0.0,0.46122575,30163.1
0.0,0.6392806,65.38474
0.0,0.54033554,88.01022
0.0,0.4946854,69.66887
0.0,0.61485964,393.47342
0.0,0.4621601,9.505102e+08
0.0,0.69053984,90.47964
0.0,0.6252053,50197.457
0.0,0.4986346,79.04798
0.0,0.4979034,3.0005212e+07
0.0,0.5090816,99.49878
0.0,0.5166202,27635.377
0.0,0.59267825,3.8726557e+08
0.0,0.60404515,2815.3013
0.0,0.5988627,190.06047
0.0,0.50039834,6.1828976e+07
0.0,0.6427665,1271.1193
0.0,0.5569402,69.815285
0.0,0.51753557,151.00888
0.0,0.70092815,2243.806
0.0,0.56366813,163.8369
0.0,0.46529272,195.11252
0.0,0.48976874,76.44128
0.0,0.48847395,1.1975373e+08
0.0,0.5188997,107.49884
0.0,0.6402921,148.02937
0.0,0.5280707,1.1571986e+09
0.0,0.5413952,3.7691415e+06
0.0,0.5726866,74.49819
0.0,0.520245,278.8402
0.0,0.4745587,1522.6641
0.0,0.62486315,289.17685
0.0,0.5667017,8.490926e+06
0.0,0.56418777,116.960236
0.0,0.4738548,4.7628084e+07
0.0,0.5241482,21041.34
0.0,0.47617066,77.78914
0.0,0.55564374,70.90876
0.0,0.51689297,21182.736
0.0,0.51689297,21182.736
0.0,0.59065855,86.45493
0.0,0.48533642,12366.072
0.0,0.5225341,818.98413
0.0,0.66116345,1.0804e+06
0.0,0.66116345,1.0804e+06
0.0,0.45600125,1.5361944e+08
0.0,0.5876072,182.28413
0.0,0.46122575,83.63117
0.0,0.4855984,72.355
0.0,0.46122575,4757.169
0.0,0.8111516,150.32832
0.0,0.64785236,95.07477
0.0,0.64171463,96.37549
0.0,0.5548815,74.64707
0.0,0.34598783,130.09203
0.0,0.55100834,74.773476
0.0,0.5506346,135.11852
0.0,0.7666683,1604.1202
0.0,0.5045832,143.21758
0.0,0.5825922,981.84894
0.0,0.50071955,140.29341
0.0,0.6897028,115.97667
0.0,0.4700065,1.3567078e+10
0.0,0.52978706,130.30188
0.0,0.4984071,239.04753
0.0,0.5584936,210.52132
0.0,0.5106556,108.51244
0.0,0.47288632,4.5892854e+08
0.0,0.6839457,99.589935
0.0,0.5823692,75.310036
0.0,0.5547234,1197.9382
0.0,0.72408223,67.77439
0.0,0.5040515,67.58292
0.0,0.5351541,176.98842
0.0,0.6316624,65.332535
0.0,0.49279773,514.54987
0.0,0.55110925,91.87765
0.0,0.4682482,28267.615
0.0,0.6183847,246.9323
0.0,0.56480825,74.962685
0.0,0.5492306,107.05267
0.0,0.59633166,8.2928085e+06
0.0,0.96299446,61612.055
0.0,0.8766129,102.72064
0.0,0.8766129,102.72064
0.0,0.47624376,65.052895
0.0,0.46775585,79.63924
0.0,0.69571257,1083.3232
0.0,0.64883184,99.82854
0.0,0.5579822,132.53859
0.0,0.5561133,73.00928
0.0,0.5745841,24843.22
0.0,0.943345,71.561584
0.0,0.54796284,126.74965
0.0,0.525497,105.05643
0.0,0.47231084,2.6240378e+12
0.0,0.47899643,3.7256356e+10
0.0,0.48075438,1773.4186
0.0,0.50922555,68966.21
0.0,0.5547174,131.91425
0.0,0.52559406,67.36372
0.0,0.46577895,71.95487
0.0,0.5163052,93.25215
0.0,0.41077495,112.23239
0.0,0.4828982,73.762985
0.0,0.47974235,70.02686
0.0,0.42389736,172.37585
0.0,0.49151254,704.6545
0.0,0.48923537,454.11493
0.0,0.44731352,89.336525
0.0,0.43203512,131.89491
0.0,0.5072199,66.793175
0.0,0.37112257,81.7807
0.0,0.47622207,137.58006
0.0,0.42905864,128.29715
0.0,0.46785727,69.47359
0.0,0.48737064,82.21464
0.0,0.33052334,442.85175
0.0,0.45049277,113.63745
0.0,0.44279146,66.15368
0.0,0.5118141,98.46283
0.0,0.492908,68.38385
0.0,0.49760577,113.09438
0.0,0.44557622,73.16684
0.0,0.4835251,108.952675
0.0,0.40714923,226.96204
0.0,0.53690946,79.84626
0.0,0.42754015,961.8753
0.0,0.4747678,99.70511
0.0,0.42144367,76.76174
0.0,0.48124442,625.42706
0.0,0.4572093,80.70679
0.0,0.4473826,82.6039
0.0,0.49418044,97.85158
0.0,0.40873173,82.72824
0.0,0.4248762,190.58739
0.0,0.3828677,84.54428
0.0,0.665756,410.0892
0.0,0.44476926,386.7852
0.0,0.47581446,80.5705
0.0,0.38454747,85.98876
0.0,0.38358206,110.02352
0.0,0.44584915,85.5958
0.0,0.5072078,73.81635
0.0,0.4213154,84.4909
0.0,0.48257473,290.20358
0.0,0.36611626,105.53482
0.0,0.5224643,79.573685
0.0,0.47126192,1257.0232
0.0,0.3858837,83.90173
0.0,0.47578472,141.5006
0.0,0.49912497,67.44702
0.0,0.49414292,77.41862
0.0,0.4561151,164.75336
0.0,0.42831582,180.95586
0.0,0.49240103,232.99509
0.0,0.42445716,195.80666
0.0,0.52975506,148.52527
0.0,0.4295509,67.18173
0.0,0.44656232,87.13468
0.0,0.38351935,76.62261
0.0,0.40011263,87.77863
0.0,0.49663287,70.20146
0.0,0.4655232,103.28202
0.0,0.48856634,115.04779
0.0,0.48180646,190.10847
0.0,0.38740832,136.23831
0.0,0.50236434,186.02469
0.0,0.44039673,96.26194
0.0,0.4307537,79.0507
0.0,0.4057076,66.31946
0.0,0.35009795,334.9409
0.0,0.42748642,128.47229
0.0,0.47624126,102.919044
0.0,0.44370675,152.22034
0.0,0.4649176,98.877754
0.0,0.47597456,83.08544
0.0,0.39506066,162.67583
0.0,0.4734964,65.715706
0.0,0.5183249,132.67662
0.0,0.45527986,76.133545
0.0,0.4962816,70.71133
0.0,0.50497997,75.561806
0.0,0.52449185,599.5104
0.0,0.3787138,106.29011
0.0,0.43242112,106.28795
0.0,0.39892632,119.01092
0.0,0.5415384,227784.88
0.0,0.5415384,227784.88
0.0,0.48396868,74.694824
0.0,0.3821059,113.57035
0.0,0.4860174,76.38029
0.0,0.46122575,68.00285
0.0,0.45515734,80.54857
0.0,0.46525773,199.55962
0.0,0.34292656,114.75574
0.0,0.46719247,73.03906
0.0,0.3794074,70.44508
0.0,0.38067585,130.66182
0.0,0.40599883,258.1605
0.0,0.47020835,81.570854
0.0,0.39382723,71.69855
0.0,0.45666847,72.202614
0.0,0.45688173,251.11093
0.0,0.4279837,237.78592
0.0,0.51748794,247.60191
0.0,0.45036286,205.37268
0.0,0.5035106,69.798615
0.0,0.49034372,229.93985
0.0,0.44342998,74.43136
0.0,0.6546867,76.781654
0.0,0.46320692,97.72282
0.0,0.42565018,113.567604
0.0,0.5073467,93.686455
0.0,0.42235482,67.332115
0.0,0.42694506,65.33365
0.0,0.5050773,88.75198
0.0,0.55451655,77.74606
0.0,0.4003261,73.962975
0.0,0.45833185,79.716965
0.0,0.44861558,94.25496
0.0,0.40543637,80.2228
0.0,0.5176062,77.63108
0.0,0.504204,177.00562
0.0,0.46246472,237.21654
0.0,0.49797085,72.14041
0.0,0.48394266,150.65457
0.0,0.48896778,91.87593
0.0,0.39279762,108.37956
0.0,0.42951638,112.284836
0.0,0.4859611,82.54333
0.0,0.48280635,76.694496
0.0,0.38558975,82.540794
0.0,0.4885948,65.71062
0.0,0.4897057,67.59682
0.0,0.4021565,115.25077
0.0,0.49000293,136.87448
0.0,0.4520338,592.1966
0.0,0.45762527,74.39998
0.0,0.46907133,169.10617
0.0,0.5547616,114.4092
0.0,0.50714463,67.999344
0.0,0.6148742,4837.2593
0.0,0.4550921,70.328
0.0,0.43205923,748.95123
0.0,0.43146223,83.682495
0.0,0.46046972,148.25815
0.0,0.44236928,66.03137
0.0,0.37111253,67.0971
0.0,0.57248056,123.133675
0.0,0.57248056,123.133675
0.0,0.44642186,70.97513
0.0,0.45528966,297.71707
0.0,0.46769723,107.51224
0.0,0.4599185,72.902016
0.0,0.5030332,67.26956
0.0,0.47553658,68.36938
0.0,0.42346296,67.96512
0.0,0.385252,300.84216
0.0,0.40805897,82.790436
0.0,0.40186104,101.364655
0.0,0.54635304,80.517044
0.0,0.5175896,67.22054
0.0,0.5322173,73.21134
0.0,0.43010515,81.00834
0.0,0.3902357,87.6434
0.0,0.48371613,88.97844
0.0,0.5134286,74.82121
0.0,0.47849637,237.48366
0.0,0.423733,124.82054
0.0,0.30962485,328.2881
0.0,0.5538943,89.947784
0.0,0.46122575,67.16432
0.0,0.4759658,106.46834
0.0,0.514686,116.71169
0.0,0.40648544,469.4338
0.0,0.4842389,98.86983
0.0,0.5005636,67.972824
0.0,0.39976057,113.39665
0.0,0.47368848,149.58018
0.0,0.3678082,96.56843
0.0,0.39569908,76.04783
0.0,0.44779795,154.8492
0.0,0.481577,85.84733
0.0,0.34804526,163.06207
0.0,0.4926962,77.44982
0.0,0.50593626,88.512924
0.0,0.40895066,130.67007
0.0,0.53900564,377.40094
0.0,0.48842838,95.80367
0.0,0.44905818,311.95963
0.0,0.5571354,108.68904
0.0,0.51787496,86.60494
0.0,0.43665704,135.29205
0.0,0.45622733,85.644875
0.0,0.4892678,65.70856
0.0,0.46155292,212.77434
0.0,0.41062766,86.49068
0.0,0.39635697,377.07703
0.0,0.41559273,298.11664
0.0,0.5894118,65.545105
0.0,0.54192173,150.46248
0.0,0.47639555,110.06769
0.0,0.4802794,70.95426
0.0,0.3465012,127.273224
0.0,0.40677834,180.53693
0.0,0.42523494,98.06294
0.0,0.49283433,189.92635
0.0,0.40095273,69.45149
0.0,0.474413,73.56364
0.0,0.40558758,78.23969
0.0,0.40558758,78.23969
0.0,0.63927925,213.87001
0.0,0.34550396,434.65744
0.0,0.5162025,65.47149
0.0,0.5422493,76.09331
0.0,0.46548668,82.16555
0.0,0.48366633,96.450966
0.0,0.49153942,73.20218
0.0,0.43375444,69.71268
0.0,0.45683903,65.4172
0.0,0.4123459,68.64318
0.0,0.43449324,304.61316
0.0,0.42218876,65.07266
0.0,0.4763572,89.55838
0.0,0.44882655,76.85419
0.0,0.45149648,65.76312
0.0,0.4852326,209.62971
0.0,0.49951178,414.49667
0.0,0.43878713,74.578705
0.0,0.39849165,83.98579
0.0,0.45002428,77.94626
0.0,0.48328775,94.582184
0.0,0.47785822,270.89514
0.0,0.43872947,78.67743
0.0,0.4746459,116.79745
0.0,0.50011414,94.73398
0.0,0.42943043,68.40578
0.0,0.49479175,175.74426
0.0,0.46122575,180.98209
0.0,0.4362189,130.69849
0.0,0.44910386,80.335205
0.0,0.4857413,134.18431
0.0,0.39344922,81.95193
0.0,0.4639679,76.808784
0.0,0.41858378,139.15678
0.0,0.4669799,74.83606
0.0,0.49875474,86.802475
0.0,0.41074535,66.785835
0.0,0.39423692,100.954315
0.0,0.30936423,66.30573
0.0,0.39699247,88.41075
0.0,0.43529296,301.77344
0.0,0.44443813,296.12112
0.0,0.457718,76.17788
0.0,0.46088326,103.387085
0.0,0.40841997,110.78186
0.0,0.46449378,90.04084
0.0,0.480264,66.94379
0.0,0.48645923,291.59644
0.0,0.39140275,75.80849
0.0,0.49029902,220.09485
0.0,0.35379428,170.13661
0.0,0.48777884,114.35124
0.0,0.5308817,225.95193
0.0,0.40959805,228.60266
0.0,0.427068,113.7154
0.0,0.43647555,68.84297
0.0,0.4779912,97.17281
0.0,0.46395382,93.75587
0.0,0.5042652,623.55554
0.0,0.516644,83.49321
0.0,0.38972992,71.679596
0.0,0.48491666,143.62527
0.0,0.40400252,362.23465
0.0,0.43005148,74.72452
0.0,0.43767104,181.67542
0.0,0.43002105,91.147156
0.0,0.50928533,86.258705
0.0,0.49798664,83.241806
0.0,0.5106272,430.99634
0.0,0.42249,102.781105
0.0,0.5198379,200.42532
0.0,0.46107385,68.04976
0.0,0.3955495,70.13582
0.0,0.44213253,253.11447
0.0,0.47472933,172.0561
0.0,0.44029266,70.94552
0.0,0.38824207,101.18197
0.0,0.5471403,1227.1057
0.0,0.460213,162.59868
0.0,0.4987672,77.19967
0.0,0.5241108,120.9087
0.0,0.33557943,583.605
0.0,0.40195394,77.12253
0.0,0.33204103,215.07863
0.0,0.45504436,68.359634
0.0,0.47272184,170.5505
0.0,0.5192941,80.27421
0.0,0.43813354,187.97302
0.0,0.4733753,130.79904
0.0,0.48706898,109.412346
0.0,0.48261693,94.4254
0.0,0.38232973,108.948845
0.0,0.47436532,235.60631
0.0,0.39884967,95.42754
0.0,0.42938474,88.13259
0.0,0.46311298,192.81636
0.0,0.40563563,364.49716
0.0,0.4455033,160.05199
0.0,0.47893655,81.04709
0.0,0.31510323,213.73515
0.0,0.47550252,71.194756
0.0,0.5783801,82.64023
0.0,0.5122122,72.06841
0.0,0.4413719,85.69068
0.0,0.4718375,218.91753
0.0,0.47490588,76.75966
0.0,0.50095135,158.50604
0.0,0.569416,86.421646
0.0,0.39823514,71.61824
0.0,0.44004807,68.53865
0.0,0.47837365,74.127785
0.0,0.44434962,95.33473
0.0,0.46933404,153.87518
0.0,0.41711104,105.598976
0.0,0.41440326,220.42606
0.0,0.52756035,141.13348
0.0,0.45402935,199.01959
0.0,0.49861026,80.610054
0.0,0.40092644,92.850914
0.0,0.44608998,69.02655
0.0,0.49205524,187.87357
0.0,0.55467,117.31991
0.0,0.42267865,260.7488
0.0,0.42401022,201.64418
0.0,0.49830619,285.261
0.0,0.39890057,84.42288
0.0,0.48093086,448.23914
0.0,0.39069107,190.13907
0.0,0.4914269,65.70791
0.0,0.521701,111.2167
0.0,0.49424016,93.48932
0.0,0.5443618,90.543434
0.0,0.44486013,234.99904
0.0,0.46463934,331.0582
0.0,0.4237168,263.59232
0.0,0.44031623,66.998314
0.0,0.47722003,93.04193
0.0,0.4413833,162.57646
0.0,0.45582715,87.016365
0.0,0.48646182,195.28151
0.0,0.50602937,678.9058
0.0,0.4823706,103.93345
0.0,0.4670532,87.278206
0.0,0.51076204,91.00139
0.0,0.32964355,70.36869
0.0,0.44743332,355.51138
0.0,0.47169834,92.30006
0.0,0.35967678,436.0051
0.0,0.52803844,84.4809
0.0,0.48338878,579.57794
0.0,0.43612275,115.712555
0.0,0.5203503,70.021484
0.0,0.40868843,84.48818
0.0,0.4527535,95.372
0.0,0.50742793,66.06143
0.0,0.56357366,66.929085
0.0,0.8680538,171.80429
0.0,0.46122575,87.27193
0.0,0.4752748,92.49743
0.0,0.47888678,108.39361
0.0,0.42637494,77.272385
0.0,0.45100296,83.55199
0.0,0.52593225,84.19125
0.0,0.49433804,86.88271
0.0,0.5092524,91.6338
0.0,0.53893876,96.751656
0.0,0.46318978,77.66369
0.0,0.4939352,95.88033
0.0,0.4874141,71.3962
0.0,0.3942625,77.20264
0.0,0.4058288,71.491196
0.0,0.47075498,97.531906
0.0,0.3736939,392.0766
0.0,0.5003077,95.049194
0.0,0.47478023,606.9042
0.0,0.5058454,140.61302
0.0,0.42505032,83.059875
0.0,0.41445625,88.37916
0.0,0.47016653,177.48756
0.0,0.47323698,222.302
0.0,0.44184023,337.48578
0.0,0.48370245,76.142365
0.0,0.50411385,69.5669
0.0,0.52427185,192.02927
0.0,0.38399222,367.50964
0.0,0.635328,285.6219
0.0,0.48483285,66.814644
0.0,0.38484952,277.82425
0.0,0.49328828,70.03659
0.0,0.50494087,73.86528
0.0,0.4809877,104.97082
0.0,0.39788696,151.93065
0.0,0.42121753,107.90137
0.0,0.42523208,114.245575
0.0,0.42348704,65.85608
0.0,0.3993917,198.85916
0.0,0.51936847,95.29345
0.0,0.4303907,105.51298
0.0,0.4670805,136.736
0.0,0.4646205,217.7905
0.0,0.46137822,636.0358
0.0,0.4019503,94.235344
0.0,0.3537003,103.467995
0.0,0.43022016,110.330666
0.0,0.46122575,65.37042
0.0,0.40697244,83.069725
0.0,0.47932032,68.23856
0.0,0.46215028,72.38184
0.0,0.44532043,72.587036
0.0,0.38525498,71.04073
0.0,0.50715315,124.054405
0.0,0.48003238,96.34444
0.0,0.4330745,326.34726
0.0,0.42046773,73.01853
0.0,0.49634278,76.93626
0.0,0.4814854,74.02685
0.0,0.377561,66.121056
0.0,0.48105654,130.5461
0.0,0.46463874,311.56464
0.0,0.42474696,137.9814
0.0,0.40757453,65.71433
0.0,0.47801512,240.96036
0.0,0.4684645,326.85574
0.0,0.3795802,99.67342
0.0,0.53569293,106.49699
0.0,0.43756622,103.60634
0.0,0.37020853,809.9078
0.0,0.39831585,91.65654
0.0,0.46300042,84.420235
0.0,0.4739784,69.944046
0.0,0.4661332,116.788216
0.0,0.4779644,181.3012
0.0,0.46326867,296.04294
0.0,0.43522036,78.520515
0.0,0.48495916,88.73249
0.0,0.4786313,72.02775
0.0,0.35872617,66.50872
0.0,0.44062212,105.889465
0.0,0.44265044,358.87314
0.0,0.3270849,276.46603
0.0,0.4844512,94.53158
0.0,0.45942983,75.47667
0.0,0.45657387,75.018364
0.0,0.36704108,394.6858
0.0,0.4964754,66.44788
0.0,0.41569176,95.79157
0.0,0.46122575,79.32681
0.0,0.4370235,66.284294
0.0,0.4723994,77.01386
0.0,0.50669795,79.21178
0.0,0.40991643,117.59337
0.0,0.34886625,284.68982
0.0,0.51032823,134.6059
0.0,0.48944205,77.18831
0.0,0.37870368,132.45094
0.0,0.46122575,117.55619
0.0,0.48234397,71.3336
0.0,0.42747322,99.062675
0.0,0.4583832,121.39395
0.0,0.50163054,99.96243
0.0,0.4622976,76.45278
0.0,0.6373585,460.96725
0.0,0.48513454,80.536804
0.0,0.46122575,103.28208
0.0,0.37780267,91.55714
0.0,0.41918987,98.63471
0.0,0.5113836,68.92538
0.0,0.44270593,253.6989
0.0,0.4113547,72.09793
0.0,0.5264821,247.53084
0.0,0.4439189,138.45793
0.0,0.4502587,74.63256
0.0,0.48000965,77.25262
0.0,0.4233149,83.70229
0.0,0.50204283,108.04594
0.0,0.4584052,75.64648
0.0,0.3973261,222.46829
0.0,0.39225248,75.07252
0.0,0.47468057,181.95529
0.0,0.42980006,86.87661
0.0,0.4005477,203.45744
0.0,0.4441739,96.66263
0.0,0.41271958,341.8711
0.0,0.393834,455.0003
0.0,0.4901199,131.77159
0.0,0.38123843,107.599976
0.0,0.4270934,225.98257
0.0,0.43605587,221.65054
0.0,0.46709105,117.249596
0.0,0.40696695,130.04839
0.0,0.53342634,68.28972
0.0,0.42775398,80.78487
0.0,0.5016076,72.166916
0.0,0.3681973,95.10841
0.0,0.45013356,388.85696
0.0,0.4140965,230.5815
0.0,0.4158727,83.03975
0.0,0.5132394,76.85465
0.0,0.4849689,99.45845
0.0,0.5167847,77.57934
0.0,0.42879423,72.25714
0.0,0.52201664,78.63952
0.0,0.4713252,72.19794
0.0,0.44690582,128.12604
0.0,0.5023049,70.526054
0.0,0.39761782,122.44698
0.0,0.44503364,343.80984
0.0,0.44140598,65.36238
0.0,0.41962755,156.34007
0.0,0.5120253,74.31452
0.0,0.48431104,111.903244
0.0,0.52625066,79.22104
0.0,0.46524662,82.8995
0.0,0.4319269,152.92207
0.0,0.42227358,70.371506
0.0,0.40868565,91.58898
0.0,0.46168843,124.84912
0.0,0.44844732,113.76029
0.0,0.55570835,65.26833
0.0,0.45914418,71.11702
0.0,0.3509747,193.39984
0.0,0.49154624,129.25911
0.0,0.49968097,108.3754
0.0,0.49390355,68.089355
0.0,0.4168786,67.11103
0.0,0.39295852,271.40915
0.0,0.3892357,114.86528
0.0,0.5351245,178.95859
0.0,0.4470512,80.95908
0.0,0.4780979,104.068474
0.0,0.4844906,67.81895
0.0,0.39195967,159.8889
0.0,0.46122575,76.43834
0.0,0.4758869,113.10482
0.0,0.43056163,321.6682
0.0,0.4243898,92.01942
0.0,0.42157903,65.00472
0.0,0.41835773,66.490814
0.0,0.4638431,68.793274
0.0,0.48098734,124.960266
0.0,0.48859912,81.83201
0.0,0.4267782,128.58618
0.0,0.44778568,271.89548
0.0,0.46583033,128.57616
0.0,0.42121586,96.56679
0.0,0.46986064,68.46566
0.0,0.40970594,74.14557
0.0,0.447736,68.739136
0.0,0.50905836,208.97925
0.0,0.48181492,88.68516
0.0,0.45824033,95.26627
0.0,0.40728468,122.90804
0.0,0.43079418,258.3214
0.0,0.49409077,82.162254
0.0,0.4484656,91.90282
0.0,0.47290376,95.754295
0.0,0.40252608,71.58345
0.0,0.5167964,81.76741
0.0,0.47486553,80.09536
0.0,0.37558627,76.72692
0.0,0.47217897,80.1672
0.0,0.4330336,67.60752
0.0,0.54006153,81.1522
0.0,0.4486114,91.52932
0.0,0.46354485,97.11218
0.0,0.44554964,140.49757
0.0,0.4188691,79.4847
0.0,0.41091287,68.4306
0.0,0.5033535,67.8204
0.0,0.47547102,66.036285
0.0,0.3837313,181.00027
0.0,0.42512336,87.38632
0.0,0.48385262,83.96988
0.0,0.36406898,153.69283
0.0,0.49269828,100.69969
0.0,0.46122575,88.51308
0.0,0.4816005,667.9937
0.0,0.40989098,86.96333
0.0,0.4651397,92.366684
0.0,0.46029574,78.56758
0.0,0.40322953,152.023
0.0,0.43433842,253.05417
0.0,0.41511077,69.82111
0.0,0.48706356,71.58628
0.0,0.49283084,98.43197
0.0,0.49978885,84.32505
0.0,0.4724143,90.88995
0.0,0.5153308,75.922516
0.0,0.4042084,165.12552
0.0,0.47358724,138.1571
0.0,0.43126783,85.6808
0.0,0.4052011,78.7408
0.0,0.42721963,71.73703
0.0,0.5407021,68.399956
0.0,0.44185042,185.64049
0.0,0.60891056,118.31402
0.0,0.42183265,263.3502
0.0,0.49504378,107.79545
0.0,0.42636228,132.3409
0.0,0.3907654,106.241974
0.0,0.40559557,96.03099
0.0,0.45340943,65.271286
0.0,0.4602109,107.26245
0.0,0.45739397,69.43863
0.0,0.5015283,236.53006
0.0,0.39752698,117.50206
0.0,0.46673673,76.56913
0.0,0.5534381,79.45303
0.0,0.4868432,145.97107
0.0,0.35614875,67.71076
0.0,0.5308405,167.812
0.0,0.4443272,157.16249
0.0,0.4327443,122.38166
0.0,0.34169334,96.09164
0.0,0.53926176,85.77123
0.0,0.4467746,65.48288
0.0,0.5232477,141.42798
0.0,0.44346073,65.727486
0.0,0.46806413,338.1523
0.0,0.48006502,80.12438
0.0,0.4613194,74.207
0.0,0.527932,227.24231
0.0,0.39849052,112.909584
0.0,0.48365924,336.10388
0.0,0.40233278,74.62068
0.0,0.4158317,177.68059
0.0,0.3910341,100.63299
0.0,0.48534018,132.61429
0.0,0.44456986,100.02169
0.0,0.5227811,109.37547
0.0,0.46699068,90.9161
0.0,0.43390673,67.5737
0.0,0.43607005,84.96345
0.0,0.44137526,182.2413
0.0,0.40236473,86.6359
0.0,0.40470716,84.737976
0.0,0.43992436,76.56591
0.0,0.5064558,143.10158
0.0,0.4657584,178.1995
0.0,0.3974749,109.278
0.0,0.41105193,114.46348
0.0,0.33601603,101.26037
0.0,0.40678373,103.14468
0.0,0.6541587,947.1988
0.0,0.438427,96.71778
0.0,0.48985773,70.302734
0.0,0.37776205,148.42493
0.0,0.30009955,561.5784
0.0,0.50597113,95.09384
0.0,0.4194641,120.496605
0.0,0.3847953,68.181366
0.0,0.49470234,69.21564
0.0,0.4157955,92.24016
0.0,0.4247516,70.096016
0.0,0.39244714,719.4654
0.0,0.46122575,67.388214
0.0,0.4955243,82.72847
0.0,0.36759976,114.532814
0.0,0.43270582,84.09439
0.0,0.42778653,68.61607
0.0,0.42609435,68.83849
0.0,0.43870738,126.12391
0.0,0.503939,114.32796
0.0,0.44067648,80.63249
0.0,0.4645278,87.15561
0.0,0.3876541,312.01154
0.0,0.5372494,90.237686
0.0,0.4047091,67.604866
0.0,0.40037456,123.30333
0.0,0.4234844,105.310616
0.0,0.46296403,65.75239
0.0,0.51482844,172.70416
0.0,0.41632354,76.241325
0.0,0.41632354,76.241325
0.0,0.52848977,73.95938
0.0,0.4804311,83.837685
0.0,0.37784663,105.85883
0.0,0.43085083,154.74713
0.0,0.5226278,70.2346
0.0,0.4566096,70.15781
0.0,0.5459716,462.1706
0.0,0.41532007,88.50161
0.0,0.3072462,183.63869
0.0,0.45300612,81.23533
0.0,0.46547377,84.939476
0.0,0.4228488,101.66571
0.0,0.43138307,110.90386
0.0,0.47602522,100.37251
0.0,0.42962858,151.42986
0.0,0.4494954,182.2358
0.0,0.5006847,241.5012
0.0,0.5204392,71.732506
0.0,0.5033715,77.37983
0.0,0.49403217,70.18383
0.0,0.44551164,91.82984
0.0,0.4854054,87.89434
0.0,0.40903136,160.23775
0.0,0.49629813,290.9685
0.0,0.40618733,90.486984
0.0,0.45545706,119.980354
0.0,0.3930237,203.60571
0.0,0.42234057,85.816444
0.0,0.501434,79.93952
0.0,0.45307046,116.27254
0.0,0.4211283,70.738075
0.0,0.47973523,68.114136
0.0,0.44257495,304.81238
0.0,0.49410173,104.73004
0.0,0.412091,78.25017
0.0,0.45405313,146.81024
0.0,0.46079516,76.76547
0.0,0.4410815,71.13084
0.0,0.46004245,747.98645
0.0,0.40076455,119.705154
0.0,0.39747652,142.22261
0.0,0.4824734,145.98149
0.0,0.45529202,110.31892
0.0,0.47698537,90.52966
0.0,0.4237846,515.76025
0.0,0.4392518,134.65807
0.0,0.52993834,68.16621
0.0,0.61953205,783.1829
0.0,0.40050256,66.44223
0.0,0.48692548,72.753494
0.0,0.4904898,1562.8525
0.0,0.494675,66.68102
0.0,0.5089985,134.05943
0.0,0.4255616,73.95816
0.0,0.38209832,101.670616
0.0,0.4715754,68.66774
0.0,0.44965804,68.0132
0.0,0.47914192,120.172646
0.0,0.43825027,85.12557
0.0,0.511944,84.436806
0.0,0.39186668,76.865074
0.0,0.39533153,97.22767
0.0,0.47676578,359.41315
0.0,0.44654515,102.497574
0.0,0.4644357,96.16673
0.0,0.47503603,75.22339
0.0,0.37231392,103.97049
0.0,0.45045745,103.25832
0.0,0.49054444,163.427
0.0,0.4155639,250.19643
0.0,0.47903073,75.79182
0.0,0.39625582,277.2415
0.0,0.53507787,69.235245
0.0,0.43625537,84.00624
0.0,0.53844494,184.9103
0.0,0.4243237,358.44174
0.0,0.4225243,345.25034
0.0,0.462414,929.704
0.0,0.5258607,145.15176
0.0,0.50048333,225.60042
0.0,0.3873766,87.4374
0.0,0.50242096,81.75805
0.0,0.38925612,76.196304
0.0,0.47166282,256.26062
0.0,0.51621556,68.19395
0.0,0.49822286,66.52881
0.0,0.4397731,112.587845
0.0,0.3985046,73.9069
0.0,0.4007884,478.5939
0.0,0.46090215,76.15043
0.0,0.38045952,99.9207
0.0,0.40501097,249.66173
0.0,0.36827084,297.9471
0.0,0.5015166,70.078514
0.0,0.50594234,85.15551
0.0,0.48253936,89.123146
0.0,0.4556323,76.33185
0.0,0.48888558,97.833984
0.0,0.42422646,110.07379
0.0,0.47686735,247.72795
0.0,0.4840428,87.52111
0.0,0.5137851,66.537865
0.0,0.46716493,115.64968
0.0,0.48175755,69.52063
0.0,0.50413156,68.48694
0.0,0.41405767,104.55684
0.0,0.5357837,78.34555
0.0,0.4668623,171.51555
0.0,0.509244,104.847336
0.0,0.4814184,77.573586
0.0,0.5509531,119.522934
0.0,0.3607658,91.03162
0.0,0.5019185,81.833755
0.0,0.3701339,82.76017
0.0,0.47750965,96.16641
0.0,0.38160017,143.59192
0.0,0.40242633,68.704185
0.0,0.3909835,186.86993
0.0,0.39501098,89.41273
0.0,0.3980465,81.41807
0.0,0.4114274,78.58221
0.0,0.50285286,126.10833
0.0,0.5145182,66.47058
0.0,0.45361456,172.87965
0.0,0.5338607,147.8068
0.0,0.41671348,74.25449
0.0,0.48813012,89.349625
0.0,0.42774647,106.16117
0.0,0.40993068,149.04843
0.0,0.47159895,105.52671
0.0,0.4351305,68.705956
0.0,0.42289984,435.83374
0.0,0.5021336,175.46893
0.0,0.5221979,75.42011
0.0,0.38170725,157.67296
0.0,0.512469,77.51392
0.0,0.57287014,74.39998
0.0,0.42329052,398.28503
0.0,0.5122844,87.86351
0.0,0.47420356,100.02767
0.0,0.38319474,65.34706
0.0,0.47731495,83.326805
0.0,0.4586116,109.76248
0.0,0.38187835,138.28937
0.0,0.48546872,100.308395
0.0,0.46907347,79.14586
0.0,0.480463,192.24243
0.0,0.5098323,75.21273
0.0,0.4739446,103.7627
0.0,0.42996675,95.17926
0.0,0.4787782,78.520195
0.0,0.4969514,68.94778
0.0,0.41339865,87.12004
0.0,0.5405095,66.078186
0.0,0.39021719,155.76413
0.0,0.40832147,68.49615
0.0,0.62497884,156.45874
0.0,0.48484758,183.64977
0.0,0.48093033,93.28676
0.0,0.36438426,135.4157
0.0,0.5005025,67.562126
0.0,0.5025919,92.17876
0.0,0.52575517,80.042015
0.0,0.5097815,96.61933
0.0,0.42779747,78.32975
0.0,0.4307242,71.01975
0.0,0.43197694,130.08195
0.0,0.4408294,165.3031
0.0,0.480864,81.28092
0.0,0.5273491,81.84182
0.0,0.43013737,102.56388
0.0,0.4011242,755.7214
0.0,0.4301815,108.70205
0.0,0.39205885,208.98384
0.0,0.42665845,78.51662
0.0,0.5268348,113.27881
0.0,0.448296,155.42842
0.0,0.4398843,65.3709
0.0,0.48792112,78.825935
0.0,0.40740654,70.033745
0.0,0.47623712,118.20904
0.0,0.40432802,111.94619
0.0,0.4797032,88.590706
0.0,0.36024874,114.37158
0.0,0.41422868,68.99189
0.0,0.4764358,102.51164
0.0,0.41813478,83.084755
0.0,0.5045127,70.22922
0.0,0.40990454,509.176
0.0,0.48571214,282.8129
0.0,0.47736168,71.70723
0.0,0.38270247,91.11354
0.0,0.46122575,116.028824
0.0,0.5388863,92.464554
0.0,0.3699388,88.225296
0.0,0.47938195,104.12682
0.0,0.46563342,66.00542
0.0,0.5280787,75.108116
0.0,0.49014452,150.33797
0.0,0.5121271,91.59499
0.0,0.4604499,154.78894
0.0,0.4386258,85.63982
0.0,0.46887338,148.20795
0.0,0.5364611,82.68452
0.0,0.7189696,548.18823
0.0,0.5596325,98.11334
0.0,0.4120411,80.3811
0.0,0.48268813,71.02389
0.0,0.4050241,65.10949
0.0,0.4371501,395.18988
0.0,0.36101967,68.31357
0.0,0.403883,77.36301
0.0,0.49620515,89.961365
0.0,0.4670029,332.64575
0.0,0.40709564,83.37251
0.0,0.5066525,65.97387
0.0,0.32468885,123.05191
0.0,0.5066332,574.2789
0.0,0.46122575,80.293274
0.0,0.4404214,76.69592
0.0,0.41490048,305.50778
0.0,0.4312706,144.22624
0.0,0.50539774,256.98447
0.0,0.52659726,94.569984
0.0,0.48629093,86.937126
0.0,0.48336342,91.067635
0.0,0.44134402,83.668434
0.0,0.46030498,398.03235
0.0,0.36488277,81.3093
0.0,0.4676154,72.69959
0.0,0.5649747,65.74854
0.0,0.4665667,102.39993
0.0,0.4865909,191.87625
0.0,0.51170665,72.60993
0.0,0.41931793,87.30044
0.0,0.49618778,113.12053
0.0,0.46122575,90.14247
0.0,0.53333557,65.61826
0.0,0.4571883,75.91337
0.0,0.41791362,88.18607
0.0,0.48741964,107.226364
0.0,0.5067377,96.26603
0.0,0.7612294,92.33396
0.0,0.52051586,87.5815
0.0,0.44759762,78.60035
0.0,0.34063768,402.10535
0.0,0.51895154,84.803474
0.0,0.3841241,71.69624
0.0,0.55442345,68.19363
0.0,0.46606204,124.196754
0.0,0.41264057,101.10134
0.0,0.42223787,143.73601
0.0,0.498009,178.2497
0.0,0.36334258,565.8046
0.0,0.53373027,73.32156
0.0,0.4855131,81.216385
0.0,0.3783003,98.0904
0.0,0.48165768,68.35085
0.0,0.48353583,297.5736
0.0,0.45054522,385.04306
0.0,0.51162523,136.01277
0.0,0.41830757,89.71312
0.0,0.44101492,86.27744
0.0,0.40373427,77.25198
0.0,0.49278778,94.36016
0.0,0.46122575,83.062775
0.0,0.50708944,65.93534
0.0,0.4609335,68.90396
0.0,0.46122575,85.26497
0.0,0.40316558,78.49132
0.0,0.47529835,125.559555
0.0,0.49100497,67.35324
0.0,0.5222439,68.90778
0.0,0.6916859,127.92285
0.0,0.44281578,67.55532
0.0,0.29000655,214.25981
0.0,0.4981716,96.489204
0.0,0.4981716,96.489204
0.0,0.4320564,103.76834
0.0,0.41365993,209.36623
0.0,0.5247748,65.6964
0.0,0.4087379,111.24717
0.0,0.44453615,118.33409
0.0,0.4173955,80.771385
0.0,0.52293354,81.36836
0.0,0.5085726,72.583206
0.0,0.50775164,102.62324
0.0,0.34940597,86.88603
0.0,0.46555912,222.9079
0.0,0.4280675,146.2181
0.0,0.46607578,72.03447
0.0,0.50757784,86.404205
0.0,0.44141638,545.9025
0.0,0.4330121,115.49069
0.0,0.50510764,185.67076
0.0,0.37395847,69.041145
0.0,0.43290704,203.65501
0.0,0.438251,82.76613
0.0,0.4135508,114.48101
0.0,0.42031917,93.38904
0.0,0.4276614,368.673
0.0,0.49534863,71.80555
0.0,0.44714755,226.21097
0.0,0.40384683,71.56771
0.0,0.4772614,71.50777
0.0,0.4371245,319.0658
0.0,0.43976587,128.08841
0.0,0.4172076,83.39618
0.0,0.39409342,65.00354
0.0,0.44620654,108.95387
0.0,0.45363528,312.68524
0.0,0.4669894,129.66998
0.0,0.4881658,118.90943
0.0,0.3825507,127.50939
0.0,0.40896776,691.2022
0.0,0.5119098,81.14672
0.0,0.44953042,201.6755
0.0,0.43254596,102.17661
0.0,0.38577268,108.44384
0.0,0.4162021,266.51733
0.0,0.44156843,446.0779
0.0,0.44401178,68.708015
0.0,0.4193539,74.49157
0.0,0.50750434,70.313644
0.0,0.4378196,67.18285
0.0,0.41185862,217.24884
0.0,0.470574,92.96565
0.0,0.41563392,66.76725
0.0,0.58321697,69.13873
0.0,0.47509435,65.84726
0.0,0.5156235,180.60097
0.0,0.42134914,75.59759
0.0,0.41054606,93.92855
0.0,0.43123353,142.23206
0.0,0.5337712,98.89398
0.0,0.44200134,77.95419
0.0,0.43544778,70.119576
0.0,0.4898658,144.32936
0.0,0.47541326,69.50823
0.0,0.44038305,122.11556
0.0,0.4556675,103.21661
0.0,0.4500871,147.13153
0.0,0.3991379,115.56794
0.0,0.5071426,138.48483
0.0,0.34955144,93.86979
0.0,0.5378738,78.57175
0.0,0.38188827,89.94052
0.0,0.36848477,96.353325
0.0,0.39948985,80.40189
0.0,0.412764,85.78863
0.0,0.4751712,440.62048
0.0,0.47725576,110.51307
0.0,0.48564398,108.90304
0.0,0.49771157,92.52534
0.0,0.48825365,69.62752
0.0,0.466133,104.295425
0.0,0.4155831,67.645
0.0,0.48753062,94.36715
0.0,0.45581988,89.98784
0.0,0.6157346,286.26642
0.0,0.4140759,68.798935
0.0,0.4880429,77.87267
0.0,0.450885,85.48164
0.0,0.480502,730.0984
0.0,0.5397238,229.59108
0.0,0.47653097,105.844536
0.0,0.490224,95.80501
0.0,0.55020934,76.23222
0.0,0.4537473,87.96402
0.0,0.43387255,212.48065
0.0,0.38957918,170.23573
0.0,0.4149727,386.68222
0.0,0.3791386,90.53302
0.0,0.44853878,71.14207
0.0,0.35659197,322.3431
0.0,0.4642877,89.88053
0.0,0.45237327,66.683
0.0,0.46388516,162.89021
0.0,0.4499634,92.56311
0.0,0.3945686,90.85463
0.0,0.50264454,98.39537
0.0,0.5069165,202.67609
0.0,0.43027347,84.51857
0.0,0.5367704,92.88566
0.0,0.47845456,157.52225
0.0,0.4464253,776.34576
0.0,0.48407432,95.23336
0.0,0.46122575,69.5438
0.0,0.4404945,78.4723
0.0,0.45683983,130.1436
0.0,0.4032476,73.01158
0.0,0.41855863,77.902214
0.0,0.42176974,91.08833
0.0,0.48782384,66.50025
0.0,0.41481707,138.77983
0.0,0.41406408,99.621155
0.0,0.4024357,764.1418
0.0,0.46664992,78.887146
0.0,0.38779792,90.072556
0.0,0.51073474,69.20405
0.0,0.48133886,128.62134
0.0,0.5038597,69.91811
0.0,0.5068179,132.64902
0.0,0.5258143,110.99815
0.0,0.51626474,152.71997
0.0,0.5362745,362.82974
0.0,0.42757964,198.66307
0.0,0.48274136,279.5379
0.0,0.4945947,115.39265
0.0,0.400686,105.42509
0.0,0.45181078,74.36531
0.0,0.46869,69.94138
0.0,0.43306816,74.68369
0.0,0.4418303,265.87872
0.0,0.40565613,221.92961
0.0,0.49464875,135.8724
0.0,0.42883763,98.79555
0.0,0.49132696,72.09464
0.0,0.34823027,107.174866
0.0,0.5242809,77.9741
0.0,0.41899356,80.730446
0.0,0.45065928,152.43367
0.0,0.47350678,240.10153
0.0,0.38057277,84.11588
0.0,0.4778239,92.237526
0.0,0.42974216,378.6143
0.0,0.4396476,128.18492
0.0,0.43458876,325.86334
0.0,0.42463687,78.45563
0.0,0.45307767,98.2469
0.0,0.5119539,77.622765
0.0,0.4207583,76.97039
0.0,0.48476347,81.7924
0.0,0.4840993,107.09088
0.0,0.4133001,67.307724
0.0,0.4080956,69.25241
0.0,0.44464308,132.60583
0.0,0.49357644,84.392296
0.0,0.4589117,72.43169
0.0,0.5172968,97.898834
0.0,0.5107387,106.506805
0.0,0.474253,67.9097
0.0,0.35165855,357.95975
0.0,0.42843035,92.18802
0.0,0.50330013,78.411644
0.0,0.3969046,108.8762
0.0,0.49970335,76.54828
0.0,0.41563934,136.68698
0.0,0.48051527,69.66826
0.0,0.50978494,156.55325
0.0,0.37570095,69.88383
0.0,0.46459642,80.116554
0.0,0.44553992,70.2473
0.0,0.47248062,165.63284
0.0,0.5107325,67.20305
0.0,0.45218,98.33397
0.0,0.44705692,91.41671
0.0,0.40318796,229.33838
0.0,0.4608791,65.29019
0.0,0.69163555,278.85123
0.0,0.4956803,71.88542
0.0,0.50844955,66.80903
0.0,0.47907025,66.26181
0.0,0.43758067,110.3689
0.0,0.44110283,293.91943
0.0,0.42330652,494.83606
0.0,0.4185768,80.33659
0.0,0.3846174,155.02135
0.0,0.41515702,599.94464
0.0,0.47546893,164.54031
0.0,0.44378516,102.40392
0.0,0.5219182,610.5893
0.0,0.47982118,87.80681
0.0,0.48936063,181.04568
0.0,0.5156251,74.27828
0.0,0.48452318,168.918
0.0,0.48405346,66.14449
0.0,0.43219984,106.21509
0.0,0.42327997,152.66364
0.0,0.37056604,149.92201
0.0,0.47183865,482.57748
0.0,0.43571842,156.27007
0.0,0.45713878,80.805336
0.0,0.39039838,74.74581
0.0,0.5058986,116.51963
0.0,0.5559186,111.766884
0.0,0.47045743,92.71794
0.0,0.49631518,74.84798
0.0,0.45423773,80.50038
0.0,0.42377836,93.27176
0.0,0.43076903,74.6747
0.0,0.41972715,80.19775
0.0,0.42829588,155.96837
0.0,0.41945186,88.75613
0.0,0.48187083,215.61014
0.0,0.3844313,172.88715
0.0,0.48801148,77.35243
0.0,0.5132548,141.11752
0.0,0.45980123,284.56418
0.0,0.3772144,68.1405
0.0,0.49731228,239.39528
0.0,0.46654502,113.79796
0.0,0.5145969,66.764946
0.0,0.44301343,80.12306
0.0,0.44189903,70.095
0.0,0.3905407,246.15837
0.0,0.57003385,902.4088
0.0,0.3946278,99.74532
0.0,0.44364583,66.14257
0.0,0.56534576,135.61278
0.0,0.4787141,72.837074
0.0,0.45655525,102.815475
0.0,0.40364254,113.63246
0.0,0.45750442,82.83081
0.0,0.5225042,658.6899
0.0,0.5300489,70.50592
0.0,0.4342765,65.871506
0.0,0.51452875,68.629974
0.0,0.44062805,288.14777
0.0,0.63365906,150.1763
0.0,0.43275216,173.63676
0.0,0.46122575,67.69861
0.0,0.4967577,172.45253
0.0,0.5173983,67.330414
0.0,0.40091878,161.69492
0.0,0.48039216,84.98103
0.0,0.41328257,97.30694
0.0,0.49722716,609.64575
0.0,0.44855312,73.3856
0.0,0.4763179,67.81662
0.0,0.46122575,92.513756
0.0,0.6659385,251.87955
0.0,0.45622176,392.6834
0.0,0.4220561,105.25773
0.0,0.48277503,557.70514
0.0,0.49569443,67.082184
0.0,0.4096932,93.49425
0.0,0.4213157,668.09894
0.0,0.44460255,288.43753
0.0,0.4515198,130.5572
0.0,0.44207647,130.43492
0.0,0.42624798,88.43599
0.0,0.41490802,360.24796
0.0,0.49314624,291.64944
0.0,0.31941852,559.3523
0.0,0.40838763,101.26549
0.0,0.41437536,100.90417
0.0,0.46122575,113.06906
0.0,0.44276616,554.0368
0.0,0.46122575,2.858374e+07
0.0,0.544747,65.52289
0.0,0.4581971,66.54963
0.0,0.44890362,71.56129
0.0,0.49860445,70.04446
0.0,0.47890887,90.20517
0.0,0.43614343,68.673
0.0,0.46469977,68.77388
0.0,0.4362246,67.97406
0.0,0.4238707,238.86465
0.0,0.47208145,83.70827
0.0,0.39861965,75.49493
0.0,0.4510758,174.84698
0.0,0.51114696,97.97413
0.0,0.43113494,94.73762
0.0,0.46358275,84.83197
0.0,0.32143033,227.63286
0.0,0.44613147,131.96466
0.0,0.34277517,370.9806
0.0,0.55316883,621.2386
0.0,0.40760648,91.70697
0.0,0.41508564,81.13341
0.0,0.39133176,182.2494
0.0,0.5010469,77.01291
0.0,0.35936818,122.33001
0.0,0.46122575,74.05526
0.0,0.45738792,77.95471
0.0,0.5003666,71.736404
0.0,0.45236072,69.55944
0.0,0.44072878,108.515724
0.0,0.51749575,100.80794
0.0,0.4184528,90.026085
0.0,0.523096,203.6207
0.0,0.46259433,90.29887
0.0,0.66889375,322.19574
0.0,0.50196713,66.93126
0.0,0.42454627,209.02136
0.0,0.44879285,141.729
0.0,0.4712457,65.71536
0.0,0.53175825,69.0203
0.0,0.48275602,103.08575
0.0,0.42023468,468.5422
0.0,0.4960047,74.24194
0.0,0.48615238,106.25469
0.0,0.4880584,89.02999
0.0,0.42063534,116.678635
0.0,0.5024051,82.02575
0.0,0.37843758,95.81403
0.0,0.45655683,102.060394
0.0,0.4915008,97.58266
0.0,0.49307713,325.2105
0.0,0.44724354,77.7584
0.0,0.46806037,80.22293
0.0,0.35011148,103.521576
0.0,0.4903174,173.37015
0.0,0.4611585,73.47575
0.0,0.46122575,122.45155
0.0,0.40383714,67.60034
0.0,0.41918233,70.40524
0.0,0.4210511,111.28553
0.0,0.47119558,71.81939
0.0,0.4138575,111.10045
0.0,0.46122575,75.70848
0.0,0.4908078,65.702286
0.0,0.43893093,145.77423
0.0,0.42200243,155.59686
0.0,0.36410898,112.82216
0.0,0.4011642,110.0228
0.0,0.49948096,78.891136
0.0,0.46235946,67.33006
0.0,0.36041042,129.8711
0.0,0.45402905,74.6106
0.0,0.46122575,81.16374
0.0,0.59436184,232.0831
0.0,0.47702214,73.01176
0.0,0.44915473,203.50592
0.0,0.51079416,76.59351
0.0,0.52246314,66.15499
0.0,0.45446897,67.28788
0.0,0.478323,126.65964
0.0,0.3923383,139.26698
0.0,0.44371453,118.4397
0.0,0.39617595,1165.9001
0.0,0.4149075,99.79928
0.0,0.47906214,82.006454
0.0,0.41989252,189.09384
0.0,0.5114738,68.38182
0.0,0.4540557,85.782555
0.0,0.4859512,220.73242
0.0,0.5173996,83.07096
0.0,0.48901874,508.06778
0.0,0.44314912,95.38284
0.0,0.46191835,65.954636
0.0,0.37489203,145.92508
0.0,0.45441628,76.83917
0.0,0.42357513,69.39934
0.0,0.49993443,338.58102
0.0,0.3878249,248.59264
0.0,0.49521294,142.63005
0.0,0.42961696,69.57336
0.0,0.4373132,66.20011
0.0,0.40573844,68.34932
0.0,0.43208674,73.43984
0.0,0.5469047,370.51553
0.0,0.4983394,72.92157
0.0,0.4615703,101.45284
0.0,0.45294538,127.67687
0.0,0.5883347,84.335075
0.0,0.49066827,104.04385
0.0,0.35722443,112.34378
0.0,0.46071127,78.50002
0.0,0.46120942,123.95434
0.0,0.4772625,116.24184
0.0,0.47424516,75.247696
0.0,0.46205926,147.05118
0.0,0.44189733,109.75971
0.0,0.501833,158.82893
0.0,0.5187019,77.27141
0.0,0.3277428,80.24694
0.0,0.4606914,73.72426
0.0,0.46122575,8.194775e+10
0.0,0.35071734,71.04685
0.0,0.4503347,71.92166
0.0,0.39813933,70.135284
0.0,0.4263739,119.936104
0.0,0.48371282,354.5277
0.0,0.46240324,70.47574
0.0,0.45561603,68.53301
0.0,0.38825604,70.41641
0.0,0.53436863,169.29584
0.0,0.35110536,511.15134
0.0,0.47510263,109.91425
0.0,0.45944467,65.7578
0.0,0.4080378,79.47995
0.0,0.4308337,614.73096
0.0,0.40759712,71.74577
0.0,0.47120076,154.11562
0.0,0.46122575,79.690315
0.0,0.43106413,82.17204
0.0,0.4216611,82.1545
0.0,0.477047,93.98322
0.0,0.46772456,69.36658
0.0,0.46142715,119.05705
0.0,0.39030513,157.5661
0.0,0.39571184,100.7087
0.0,0.4110268,205.6666
0.0,0.40515503,172.64624
0.0,0.4704323,69.22548
0.0,0.41303518,531.2006
0.0,0.42531738,129.38455
0.0,0.46122575,79.66906
0.0,0.5543319,68.739914
0.0,0.521999,72.38087
0.0,0.5075087,68.59696
0.0,0.4747069,88.082146
0.0,0.4888104,66.329796
0.0,0.38137344,222.03441
0.0,0.55456805,114.51074
0.0,0.4868897,69.69349
0.0,0.433263,69.72213
0.0,0.48871806,85.9465
0.0,0.4464288,82.676575
0.0,0.39054596,84.64947
0.0,0.45843205,75.596596
0.0,0.5094195,74.23624
0.0,0.5711227,329.6127
0.0,0.45466956,67.8772
0.0,0.45738634,72.16802
0.0,0.39807072,135.88657
0.0,0.41372705,75.564606
0.0,0.48247662,68.652756
0.0,0.52222574,68.94278
0.0,0.46226677,94.3282
0.0,0.50901145,147.61696
0.0,0.41070935,66.44741
0.0,0.51234096,110.40938
0.0,0.46463883,75.938255
0.0,0.4771627,82.01485
0.0,0.48243347,66.563515
0.0,0.46122575,77.95935
0.0,0.41936833,68.54151
0.0,0.48603815,92.17655
0.0,0.4165931,67.51971
0.0,0.54209787,373.34033
0.0,0.41346806,85.26038
0.0,0.51152825,78.14581
0.0,0.49396846,97.338165
0.0,0.46122575,89.10211
0.0,0.4788058,72.54749
0.0,0.41690317,591.7878
0.0,0.47450796,77.537506
0.0,0.46342102,156.77548
0.0,0.42440948,117.70569
0.0,0.36585364,222.46841
0.0,0.51060134,158.97052
0.0,0.3973257,140.58994
0.0,0.42566636,68.386475
0.0,0.42831066,77.003334
0.0,0.46281826,69.2246
0.0,0.45419887,837.06335
0.0,0.4739958,934.8809
0.0,0.46597123,86.50246
0.0,0.4577729,71.825424
0.0,0.5178883,78.83539
0.0,0.4891002,79.417755
0.0,0.46008524,85.574326
0.0,0.6046925,68.0825
0.0,0.6554577,152.64838
0.0,0.3880542,120.6888
0.0,0.47640413,96.95038
0.0,0.46363553,80.57607
0.0,0.47276905,180.46202
0.0,0.5015845,154.28839
0.0,0.4919813,72.93624
0.0,0.4704682,152.47174
0.0,0.4210747,173.01903
0.0,0.32789236,647.0266
0.0,0.47575724,141.77827
0.0,0.5616891,276.1205
0.0,0.39400932,72.43547
0.0,0.5196103,79.50569
0.0,0.3966113,83.26313
0.0,0.48945263,175.71455
0.0,0.3859687,101.419426
0.0,0.40587246,124.82287
0.0,0.45419484,98.573296
0.0,0.47549626,69.38735
0.0,0.35323125,671.65216
0.0,0.45363796,199.9487
0.0,0.47193322,158.56374
0.0,0.5037513,71.862755
0.0,0.46947724,72.06849
0.0,0.47218052,110.12178
0.0,0.41921115,89.97932
0.0,0.46849325,81.262314
0.0,0.45370236,457.86557
0.0,0.3724296,100.37191
0.0,0.4277162,86.04172
0.0,0.49168718,73.86346
0.0,0.42725664,88.02909
0.0,0.44740522,157.4472
0.0,0.42630243,68.35142
0.0,0.5062396,110.98426
0.0,0.4108844,94.15659
0.0,0.54506135,671.77124
0.0,0.54602724,69.22905
0.0,0.44607282,138.43741
0.0,0.46122575,93.236176
0.0,0.4037823,221.51138
0.0,0.46122575,67.67893
0.0,0.48924658,86.189835
0.0,0.46795532,74.71944
0.0,0.42075557,72.68762
0.0,0.41658735,79.25708
0.0,0.43112454,272.36786
0.0,0.47851646,107.597496
0.0,0.47327724,103.97699
0.0,0.39707184,350.14554
0.0,0.469774,93.9889
0.0,0.43758473,88.3117
0.0,0.46840453,138.80443
0.0,0.3798554,305.1342
0.0,0.43119445,79.28014
0.0,0.45099738,100.65896
0.0,0.5274792,239.37952
0.0,0.4905636,119.81922
0.0,0.5027488,67.914696
0.0,0.4476823,82.202774
0.0,0.43539748,101.09929
0.0,0.4518817,79.18006
0.0,0.46437523,72.813545
0.0,0.49033597,78.529854
0.0,0.49158713,71.897064
0.0,0.3900847,77.12719
0.0,0.41652232,156.70561
0.0,0.41888577,153.87366
0.0,0.43158042,71.265495
0.0,0.34819674,84.46124
0.0,0.44001865,189.84598
0.0,0.48210108,65.912544
0.0,0.41097596,249.18892
0.0,0.4260699,166.62175
0.0,0.5584534,129.99821
0.0,0.4976511,76.237976
0.0,0.4394828,107.65741
0.0,0.46122575,104.82357
0.0,0.40269017,288.88425
0.0,0.4335163,74.090965
0.0,0.44880062,131.2334
0.0,0.4250668,298.78806
0.0,0.50331527,67.02614
0.0,0.517873,69.39019
0.0,0.49731672,108.10954
0.0,0.5171258,69.42507
0.0,0.5301733,65.954926
0.0,0.41634238,93.55468
0.0,0.48516116,88.51042
0.0,0.42942166,108.06949
0.0,0.4757974,71.292336
0.0,0.46122575,70.23315
0.0,0.4039986,96.50409
0.0,0.49479267,70.37935
0.0,0.4450323,142.25533
0.0,0.49983042,95.25035
0.0,0.46658933,245.7421
0.0,0.40425047,287.09537
0.0,0.5520364,925.004
0.0,0.32448882,184.87294
0.0,0.48262525,173.87007
0.0,0.45073262,88.21406
0.0,0.47178218,101.431786
0.0,0.43000385,120.335045
0.0,0.44025615,94.5071
0.0,0.41553307,83.6362
0.0,0.4527546,65.30955
0.0,0.44923556,69.283646
0.0,0.37671018,91.02917
0.0,0.5118122,147.13638
0.0,0.50632787,335.08435
0.0,0.46122575,75.153854
0.0,0.4837037,259.17368
0.0,0.48172307,107.1864
0.0,0.47226074,66.63755
0.0,0.49252808,76.055756
0.0,0.5228012,96.026245
0.0,0.46468517,94.01808
0.0,0.44987777,122.700195
0.0,0.4476645,157.45248
0.0,0.47910777,215.69704
0.0,0.4845565,148.03296
0.0,0.5031813,156.19441
0.0,0.47739607,98.09845
0.0,0.43848264,66.388084
0.0,0.41042092,290.45398
0.0,0.49851313,72.67358
0.0,0.4862781,74.885376
0.0,0.36831143,88.25552
0.0,0.46122575,463.56998
0.0,0.4665832,118.27148
0.0,0.4196189,71.32514
0.0,0.49685985,97.69699
0.0,0.46289903,97.441246
0.0,0.4731885,89.84553
0.0,0.36025506,94.89031
0.0,0.46314013,178.49391
0.0,0.3921285,73.602295
0.0,0.4779994,71.45877
0.0,0.48552692,90.45445
0.0,0.5288544,90.63688
0.0,0.5995185,66.042175
0.0,0.4473638,139.06522
0.0,0.4769832,72.782776
0.0,0.4207809,87.3386
0.0,0.47707623,81.86744
0.0,0.41118664,241.4568
0.0,0.29441717,274.368
0.0,0.48281026,79.47083
0.0,0.52255857,82.88152
0.0,0.49337903,83.11724
0.0,0.43666372,221.77177
0.0,0.4819035,115.59516
0.0,0.52785265,99.08536
0.0,0.46447417,68.70011
0.0,0.44485393,88.20287
0.0,0.47823024,151.06825
0.0,0.5118175,428.32553
0.0,0.41903567,82.397865
0.0,0.5098563,130.617
0.0,0.4320384,78.6865
0.0,0.43296278,185.37662
0.0,0.511573,94.37909
0.0,0.47889748,203.40485
0.0,0.4001746,91.56782
0.0,0.43437517,71.00521
0.0,0.4655918,86.662445
0.0,0.45040324,107.867195
0.0,0.49120027,90.792305
0.0,0.49908412,124.000206
0.0,0.5130632,92.89343
0.0,0.45595255,65.39987
0.0,0.54867005,286.42
0.0,0.36768416,88.65186
0.0,0.4972837,330.5183
0.0,0.54836,99.59105
0.0,0.39838102,115.49849
0.0,0.3892416,152.16528
0.0,0.471857,88.41182
0.0,0.48529953,112.26462
0.0,0.3980645,113.68756
0.0,0.53894794,81.37812
0.0,0.39722282,77.01359
0.0,0.4654515,70.03453
0.0,0.4786448,98.647385
0.0,0.47079694,65.29295
0.0,0.43354344,92.044395
0.0,0.49288216,2.1659768e+06
0.0,0.48341557,67.793144
0.0,0.42481565,127.07181
0.0,0.44336894,191.59206
0.0,0.56455433,66.76443
0.0,0.4946134,88.076515
0.0,0.49134085,69.02445
0.0,0.49127322,80.58214
0.0,0.4422453,78.03487
0.0,0.4347419,354.0998
0.0,0.45308745,568.9974
0.0,0.41234824,65.33442
0.0,0.40298158,113.63122
0.0,0.42153624,86.03728
0.0,0.5147724,80.95348
0.0,0.49187723,121.48836
0.0,0.4401703,168.56932
0.0,0.48706016,69.84618
0.0,0.441308,660.50073
0.0,0.48139226,79.39308
0.0,0.43087092,458.97818
0.0,0.43087092,458.97818
0.0,0.4848611,75.14408
0.0,0.5081538,173.10063
0.0,0.5043133,65.468575
0.0,0.40598333,103.6395
0.0,0.5022083,126.67035
0.0,0.40995455,111.48989
0.0,0.5466084,68.431274
0.0,0.50244683,75.35832
0.0,0.41973415,72.940285
0.0,0.3830942,85.25117
0.0,0.53991514,474.5854
0.0,0.4960067,113.55632
0.0,0.3889623,111.31388
0.0,0.48904327,67.942215
0.0,0.40564755,156.76775
0.0,0.5195439,96.74778
0.0,0.4503496,231.45073
0.0,0.35955438,104.298515
0.0,0.3951198,108.67508
0.0,0.44212765,125.925415
0.0,0.46058434,77.06607
0.0,0.38424718,139.76093
0.0,0.37803808,148.86044
0.0,0.4499005,70.14618
0.0,0.45149925,91.170555
0.0,0.4955188,65.20961
0.0,0.3914084,128.6743
0.0,0.49785855,67.5223
0.0,0.47192067,80.078255
0.0,0.46122575,76.557106
0.0,0.42243958,360.30432
0.0,0.42405522,77.706375
0.0,0.40938842,245.8213
0.0,0.33031335,526.7515
0.0,0.5399498,186.37714
0.0,0.5101125,66.79143
0.0,0.4029966,429.92676
0.0,0.45260632,89.72285
0.0,0.38485622,98.88239
0.0,0.4414539,138.635
0.0,0.41998646,278.70248
0.0,0.44864932,70.97435
0.0,0.38909528,84.51931
0.0,0.39561093,135.60674
0.0,0.48582354,78.8485
0.0,0.4662032,75.99908
0.0,0.43022248,85.55934
0.0,0.55715305,74.28475
0.0,0.45244637,261.94235
0.0,0.44114804,526.43463
0.0,0.39154097,147.89998
0.0,0.51541674,85.585884
0.0,0.35286206,175.29996
0.0,0.44419888,133.23448
0.0,0.52581,181.43541
0.0,0.46453288,73.1917
0.0,0.39021254,152.52867
0.0,0.38331133,68.05394
0.0,0.46122575,89.90123
0.0,0.46122575,78.324585
0.0,0.35555804,420.84473
0.0,0.49496773,69.257065
0.0,0.53362775,333.28113
0.0,0.4401527,181.50525
0.0,0.48418686,86.7737
0.0,0.47167575,165.21411
0.0,0.41531426,96.65958
0.0,0.39959136,91.91488
0.0,0.47398156,98.33772
0.0,0.47462663,103.64696
0.0,0.43400308,68.41254
0.0,0.46466497,170.7704
0.0,0.42385596,80.43977
0.0,0.47981054,76.677025
0.0,0.43906012,174.64304
0.0,0.46122575,66.09438
0.0,0.4695751,70.49393
0.0,0.45508453,128.21625
0.0,0.43324333,86.71184
0.0,0.4299386,353.90118
0.0,0.3972355,71.12237
0.0,0.45837414,79.26071
0.0,0.51547176,72.88807
0.0,0.47818008,72.51606
0.0,0.4232326,73.40703
0.0,0.4667639,85.07077
0.0,0.36249498,66.28692
0.0,0.5668662,209.33795
0.0,0.4955636,101.67157
0.0,0.48685223,94.31841
0.0,0.4847456,85.36619
0.0,0.38929117,86.608604
0.0,0.42069772,102.67559
0.0,0.54471654,75.60396
0.0,0.43860397,107.55551
0.0,0.46741378,159.56726
0.0,0.3902596,70.771095
0.0,0.46360567,131.36595
0.0,0.4279106,203.60114
0.0,0.4627932,86.74441
0.0,0.5042338,86.213356
0.0,0.40603918,94.531105
0.0,0.40238312,132.21187
0.0,0.45620787,75.71769
0.0,0.42174113,383.14197
0.0,0.47462013,102.91944
0.0,0.46369022,69.99623
0.0,0.36388716,133.72697
0.0,0.42699414,136.52402
0.0,0.46053135,70.86948
0.0,0.4509185,84.24771
0.0,0.49992782,116.10733
0.0,0.5066678,188.66756
0.0,0.43111384,81.473625
0.0,0.43837926,74.67447
0.0,0.4403923,67.83862
0.0,0.50051856,77.608025
0.0,0.46095914,265.09344
0.0,0.5245284,102.63242
0.0,0.5616241,126.18818
0.0,0.46122575,79.15663
0.0,0.43377557,77.406845
0.0,0.42598647,81.92377
0.0,0.4660243,81.74115
0.0,0.4470369,67.156876
0.0,0.51330304,103.56886
0.0,0.41064,72.38359
0.0,0.5046367,70.64424
0.0,0.5118642,79.19273
0.0,0.37015206,80.20049
0.0,0.40987474,171.58975
0.0,0.411133,68.240105
0.0,0.4832827,141.44623
0.0,0.48401237,70.36092
0.0,0.4626129,120.19686
0.0,0.46212712,106.951225
0.0,0.4866063,72.82194
0.0,0.5212364,334.28253
0.0,0.5212364,334.28253
0.0,0.48375702,612.3224
0.0,0.45352957,749.09845
0.0,0.43984118,106.044266
0.0,0.6869647,69.17843
0.0,0.42126924,210.08768
0.0,0.47446325,73.806145
0.0,0.5425612,101.33456
0.0,0.4191969,67.38592
0.0,0.5235276,66.887726
0.0,0.45708954,270.89188
0.0,0.47310576,103.98007
0.0,0.4476194,67.4898
0.0,0.5276296,66.30217
0.0,0.43329203,94.101814
0.0,0.49202067,74.90482
0.0,0.46122575,65.69729
0.0,0.4915233,209.3151
0.0,0.39186308,72.09318
0.0,0.42119664,108.21797
0.0,0.4203974,113.69337
0.0,0.35891375,110.376526
0.0,0.56776863,75.66433
0.0,0.40056178,208.68896
0.0,0.41659,784.76544
0.0,0.40389085,126.93613
0.0,0.41435358,88.279366
0.0,0.52704424,91.20495
0.0,0.38648745,70.76612
0.0,0.41511282,236.71245
0.0,0.5119366,74.142624
0.0,0.50256735,70.74561
0.0,0.46122575,106.82436
0.0,0.4404808,88.9571
0.0,0.4875436,69.483986
0.0,0.490368,125.75215
0.0,0.5049158,114.181435
0.0,0.4152212,69.99927
0.0,0.507334,66.38042
0.0,0.388031,83.10806
0.0,0.45627645,98.471375
0.0,0.51223123,177.03506
0.0,0.6675349,1020.92
0.0,0.48909026,68.21471
0.0,0.36173767,199.3552
0.0,0.42176172,78.7062
0.0,0.43925622,145.31729
0.0,0.49200305,176.45212
0.0,0.36314633,110.678215
0.0,0.46001253,100.63619
0.0,0.4362385,68.562874
0.0,0.51519454,68.74195
0.0,0.5020374,91.813614
0.0,0.47708237,132.86452
0.0,0.4373693,85.75355
0.0,0.47345957,69.888756
0.0,0.46122575,82.946686
0.0,0.4257338,68.54074
0.0,0.5101809,428.50897
0.0,0.544827,78.231705
0.0,0.43387604,318.51608
0.0,0.44183254,131.28961
0.0,0.42308903,130.28256
0.0,0.5095107,107.01207
0.0,0.3881004,115.021774
0.0,0.3803108,150.03769
0.0,0.43592736,118.04024
0.0,0.36200336,528.83417
0.0,0.47155634,214.88283
0.0,0.5006312,123.890656
0.0,0.42388493,70.549576
0.0,0.5209406,119.62658
0.0,0.49961048,85.3279
0.0,0.39725372,154.96426
0.0,0.4632994,102.41624
0.0,0.41052938,174.06041
0.0,0.4552185,72.210106
0.0,0.4192166,211.5825
0.0,0.4862262,70.198494
0.0,0.43279842,66.700134
0.0,0.47190836,103.20142
0.0,0.47195122,435.78543
0.0,0.5412053,110.7379
0.0,0.42339662,84.22126
0.0,0.53277993,69.8182
0.0,0.50808203,129.74382
0.0,0.43326372,298.11893
0.0,0.46122575,72.51988
0.0,0.42951542,95.94349
0.0,0.4353447,108.08865
0.0,0.44193655,140.73929
0.0,0.4117128,80.423965
