true_label,prob_tau,reco_energy_tev
1.0,0.56165165,367.2374
1.0,0.55694985,73977.984
1.0,0.9964669,193.82245
1.0,0.61584544,2799.9758
1.0,0.65464914,4170.661
1.0,0.8920595,181.84395
1.0,0.44168207,167.2385
1.0,0.4433117,18198.656
1.0,0.99487054,107.27058
1.0,0.50984704,87.56986
1.0,0.7970541,1.9607115e+08
1.0,0.6375638,8.050896e+06
1.0,0.55628526,1.1269426e+09
1.0,0.99999166,170.47656
1.0,0.8679907,73.34892
1.0,0.6705861,70.62501
1.0,0.93676543,85.6974
1.0,0.60813797,113.81295
1.0,0.5683343,87.51104
1.0,0.44373828,70.71266
1.0,0.5354792,235.53375
1.0,0.86990124,125.63416
1.0,0.6128656,5.347236e+06
1.0,0.4409693,3814.3489
1.0,0.9434365,636344.56
1.0,0.9077936,237.62567
1.0,0.53683364,88.8687
1.0,0.689209,7.023319e+10
1.0,0.63639426,236.24054
1.0,0.6646354,363.09595
1.0,0.74567974,65560.87
1.0,0.5240333,165.64558
1.0,0.8994224,97.167694
1.0,0.73499876,2.5823776e+07
1.0,0.8369416,172.56125
1.0,0.8303231,582.8827
1.0,0.42998996,802.62933
1.0,0.56388885,214.48247
1.0,0.4763779,137.63249
1.0,0.46537867,449.04993
1.0,0.42465553,10461.712
1.0,0.8928273,107.92044
1.0,0.99929833,77.89666
1.0,0.48428357,133.41577
1.0,0.91524774,273.5874
1.0,0.55206794,168.57552
1.0,0.55243295,679375.56
1.0,0.90516883,173.09103
1.0,0.7027843,180.87244
1.0,0.99777836,170.24182
1.0,0.59379023,184.78436
1.0,0.4327536,8.2898505e+11
1.0,0.86402726,152.7073
1.0,0.5604416,1.9386926e+06
1.0,0.4653067,2.2587914e+10
1.0,0.619357,225.87715
1.0,0.9979855,370.96735
1.0,0.55260813,97.36029
1.0,0.6538194,77.5129
1.0,0.9999702,434.64
1.0,0.6194327,4410.345
1.0,0.46069726,157.01683
1.0,0.5125024,149.27231
1.0,0.85021406,79.50257
1.0,0.550814,129.91246
1.0,0.9973003,454.37152
1.0,0.5331924,89.85936
1.0,0.99742943,173.30013
1.0,0.9254723,222.33203
1.0,0.7084104,177.01018
1.0,0.67098856,90.74402
1.0,0.9493305,68.92437
1.0,0.8713896,63982.367
1.0,0.97569317,175.9465
1.0,0.5295472,80.861626
1.0,0.48109153,4685.3447
1.0,0.87657416,213.0517
1.0,0.93686306,102.21605
1.0,0.8369528,88.555046
1.0,0.4196248,69.45014
1.0,0.78148013,1429.64
1.0,0.6040422,126.633286
1.0,0.9224996,265.7808
1.0,0.5299651,495.09802
1.0,0.67969716,101.10867
1.0,0.60093313,106.66105
1.0,0.5474744,96.0113
1.0,0.96007675,87.3066
1.0,0.4914751,163.374
1.0,0.49896383,183.51744
1.0,0.582858,21872.797
1.0,0.635697,1829.5804
1.0,0.99916506,157.22488
1.0,0.40286627,2000.0381
1.0,0.99939966,209.0006
1.0,0.99911064,107.82806
1.0,0.6782961,1.4858603e+08
1.0,0.45447862,130.0032
1.0,0.94124013,97.53011
1.0,0.59600264,138.12897
1.0,0.571138,10183.462
1.0,0.51244,5948.8384
1.0,0.73621076,297.52313
1.0,0.45659137,554.56476
1.0,0.994892,163.1389
1.0,0.95213735,95.34295
1.0,0.9243812,2224.7073
1.0,0.9856096,278.5015
1.0,0.96491265,72.98948
1.0,0.6011273,158.2645
1.0,0.44232124,3280.9873
1.0,0.5464127,72.83742
1.0,0.5115223,137.15543
1.0,0.86349463,200860.1
1.0,0.4713346,351.5805
1.0,0.61082155,88.15756
1.0,0.8512117,65.18116
1.0,0.61391276,1715.6696
1.0,0.8324708,3317.5593
1.0,0.39490774,7.579101e+06
1.0,0.95551765,3049.386
1.0,0.2100008,79.35436
1.0,0.41348448,477.74313
1.0,0.4188724,166.13382
1.0,0.4659499,79.178276
1.0,0.30119428,127.961555
1.0,0.33710584,155.3514
1.0,0.91309804,111.95775
1.0,0.50967,67.522285
1.0,0.99995387,15666.227
1.0,0.16921267,73.6373
1.0,0.80549693,82.635826
1.0,0.99845505,86.96403
1.0,0.5752466,74.77735
1.0,0.4063901,75.69154
1.0,0.47192562,74.29368
1.0,0.81937444,72.80112
1.0,0.9997008,250.14397
1.0,0.9990689,224.18175
1.0,0.567038,75.90993
1.0,0.96026915,101.03204
1.0,0.36946458,101.86404
1.0,0.9873769,93.2695
1.0,0.4490354,130.2044
1.0,0.9461027,1992.8286
1.0,0.5448525,109.612785
1.0,0.3125728,75.923515
1.0,0.99956745,71.6768
1.0,0.5718838,237.8324
1.0,0.3496631,80.9168
1.0,0.97846186,118.41597
1.0,0.39655718,225.4354
1.0,0.5109155,81.7833
1.0,0.9967423,81.41758
1.0,0.99999833,1523.1531
1.0,0.36418203,76.59557
1.0,0.23648657,378.9649
1.0,0.14998922,65.728874
1.0,0.9530538,111.286385
1.0,0.3950511,94.574554
1.0,0.29335544,156.1344
1.0,0.3945734,1.6614768e+06
1.0,0.37265062,86.39278
1.0,0.13291346,93.55314
1.0,0.21583192,98.73122
1.0,0.99999964,71804.65
1.0,0.7687134,464.58725
1.0,0.8790604,78.55596
1.0,0.96120775,99.07918
1.0,0.36485592,71.21692
1.0,0.7691938,72.29904
1.0,0.83332336,218.47235
1.0,0.4766373,66.61425
1.0,0.98678815,72.607834
1.0,0.99568653,97.38678
1.0,0.49078366,89.32873
1.0,0.95496136,924.5953
1.0,0.32653683,117.158485
1.0,0.75184,65.519646
1.0,0.5073165,78.43898
1.0,0.3700881,138.12943
1.0,0.9988254,310.2124
1.0,0.87135667,1117.8223
1.0,0.23445989,109.39288
1.0,0.49968964,109.992485
1.0,0.99997723,718.62695
1.0,0.53538626,67.562996
1.0,0.99642354,115.714966
1.0,0.40127093,68.88112
1.0,0.5534927,131.01888
1.0,0.99983096,65.77112
1.0,0.9995753,239.37411
1.0,0.35620046,117.30664
1.0,0.59422374,71.28997
1.0,0.40094453,78.85747
1.0,0.9992643,1619.7584
1.0,0.23279893,247.9986
1.0,0.14688605,72.3227
1.0,1.0,255.71815
1.0,1.0,354.37924
1.0,0.35014057,74.302895
1.0,0.99886346,98.23121
1.0,0.73760456,123.73792
1.0,0.5016453,69.5686
1.0,0.5464072,392.4373
1.0,0.1812421,69.363914
1.0,0.8101482,97.32989
1.0,0.9999995,9711.09
1.0,0.44590408,74.49954
1.0,0.91365147,70.62035
1.0,0.5162173,90.39767
1.0,0.9950459,118.09099
1.0,0.49637273,67.73597
1.0,0.5109444,106.291916
1.0,0.6277264,264.5982
1.0,0.78725165,78.20882
1.0,0.99033654,112.72248
1.0,0.3875065,86.795235
1.0,0.19388027,98.502785
1.0,0.7198406,90.780495
1.0,0.98511386,99.24811
1.0,0.35991946,101.52098
1.0,0.99999857,76.13375
1.0,0.99927956,261.8121
1.0,0.6613016,105.31726
1.0,0.649462,267.74875
1.0,0.48522463,91.58084
1.0,0.90669274,67.87394
1.0,0.37401128,72.630936
1.0,0.42496765,263.50638
1.0,0.86198556,75.629036
1.0,0.6507672,341.1255
1.0,0.32226607,100.09546
1.0,0.39653856,68.1412
1.0,0.21119976,74.0017
1.0,0.83326644,78.73224
1.0,0.46185526,128.92632
1.0,0.27407205,179.54459
1.0,0.51327616,87.794975
1.0,0.89934874,78.29697
1.0,0.99894375,92.180046
1.0,0.9941911,132.10397
1.0,0.7651065,201.3338
1.0,0.5956731,76.31172
1.0,0.7365654,65.744965
1.0,0.6869978,75.03401
1.0,0.4386283,191.47356
1.0,0.9612993,69.09187
1.0,0.26028314,65.05666
1.0,0.5725461,73.82608
1.0,0.6025528,144.4527
1.0,0.9544268,159.87099
1.0,0.23360157,237.989
1.0,0.24412745,70.82385
1.0,0.99999905,348.88412
1.0,0.5815604,86.4425
1.0,0.5381659,69.09468
1.0,0.99786925,668.6655
1.0,0.18697429,73.43523
1.0,0.20207572,93.83001
1.0,0.64194447,168.9268
1.0,0.4776837,165.01976
1.0,0.9999988,2976.29
1.0,0.32437986,89.61051
1.0,0.99998295,147.07104
1.0,0.4577856,67.06882
1.0,0.29846454,132.29892
1.0,0.99954814,166.65578
1.0,0.31519383,71.63432
1.0,0.82927454,91.63616
1.0,0.99995685,5264.7134
1.0,0.99889284,476.9504
1.0,0.915586,73.79999
1.0,0.3302244,72.72502
1.0,0.5225765,111.58094
1.0,0.32332715,69.464645
1.0,0.9989685,103.1445
1.0,0.9997861,2415.2585
1.0,0.90829974,98.45402
1.0,0.22073732,88.31756
1.0,0.48387846,78.12998
1.0,0.23727868,67.8655
1.0,0.24847172,92.90555
1.0,0.91765565,118.411156
1.0,0.46623233,65.48691
1.0,0.44173017,73.691444
1.0,0.9862454,305.2436
1.0,0.15522899,67.474724
1.0,0.5096303,86.32219
1.0,0.7553487,77.64578
1.0,0.3867576,90.179596
1.0,0.9999945,218.5496
1.0,0.9999567,4052.9736
1.0,0.9999567,4052.9736
1.0,0.55516887,111.20968
1.0,0.42323703,112.178925
1.0,0.9991715,1456.8088
1.0,0.9942372,997.7736
1.0,0.37542093,120.46248
1.0,0.49783444,69.48095
1.0,0.9999474,7978.864
1.0,0.55562335,69.38436
1.0,0.9736068,70.13166
1.0,0.96869665,1578.3674
1.0,0.6005649,86.83853
1.0,0.9967135,155.27321
1.0,0.9124256,204.66373
1.0,0.9999994,11542.699
1.0,0.26375255,248.76315
1.0,0.5645932,98.13856
1.0,0.3412604,392.61725
1.0,0.4968662,67.05231
1.0,0.5055806,79.79306
1.0,0.68273276,89.746666
1.0,0.9904124,433.17078
1.0,0.86934066,67.21205
1.0,0.2581187,113.493065
1.0,0.5597962,40720.777
1.0,0.3928969,83.32337
1.0,0.29938352,75.80907
1.0,0.5308828,133.17671
1.0,0.2517009,175.01523
1.0,0.6380142,103.04891
1.0,0.9996661,76.19103
1.0,0.9999999,2555.8062
1.0,0.44060028,75.603424
1.0,0.5242505,109.897964
1.0,0.31278002,138.68448
1.0,0.98916084,154.10175
1.0,0.9911901,131.39163
1.0,0.99928695,435.36407
1.0,0.2897831,105.98455
1.0,0.44582692,69.36719
1.0,0.43848407,105.927605
1.0,0.45561486,72.09417
1.0,0.9240177,215.68402
1.0,0.822565,67.084984
1.0,0.4826785,141.71687
1.0,0.28921753,153.91159
1.0,1.0,107.00185
1.0,0.27244064,75.95474
1.0,0.9998405,171.68248
1.0,0.5675711,234.9855
1.0,0.31316087,91.86378
1.0,0.5507857,123.5324
1.0,0.2027054,72.12885
1.0,0.9999995,23149.09
1.0,0.33415926,70.205086
1.0,0.4585781,91.69733
1.0,0.39897737,82.19686
1.0,0.9991875,90.701836
1.0,0.26484725,86.030716
1.0,0.509197,71.27089
1.0,0.4725444,88.431915
1.0,0.23009646,83.201584
1.0,0.9998524,1219.6173
1.0,0.9861959,73.48025
1.0,0.34372485,103.474075
1.0,0.38403654,102.655136
1.0,0.29409632,358.33154
1.0,0.46440023,77.403984
1.0,0.28016752,88.68433
1.0,0.3433659,74.86499
1.0,0.20487747,68.81129
1.0,0.31185594,170.27621
1.0,0.28262058,91.238625
1.0,0.5430384,449.27505
1.0,0.4613409,225.579
1.0,0.2865564,71.164215
1.0,0.513905,79.4916
1.0,0.9108294,67.848175
1.0,0.45673078,97.05526
1.0,0.50745595,82.06633
1.0,0.30373877,145.47997
1.0,0.49487275,72.52289
1.0,0.34259966,163.23781
1.0,0.8270612,552.65216
1.0,0.353059,120.49561
1.0,0.99454194,90.1398
1.0,0.95854545,2461.1147
1.0,0.35601085,265.15515
1.0,0.51982,69.013176
1.0,0.6018365,228.61546
1.0,0.99998903,320.31256
1.0,0.6447319,252.4043
1.0,0.9981198,122.50703
1.0,0.6224083,92.74824
1.0,0.5022454,434.51932
1.0,0.2803151,120.43153
1.0,0.54127437,108.47242
1.0,0.3586673,81.58505
1.0,0.98729277,155.83879
1.0,0.44684625,325.6498
1.0,0.46676022,76.09627
1.0,0.9915421,162.32745
1.0,0.7911835,122.732735
1.0,0.9975758,105.89348
1.0,0.99951744,495.0347
1.0,0.40444285,93.311806
1.0,0.9940795,1541.4761
1.0,0.9841037,233.95511
1.0,0.41738427,92.16312
1.0,0.29337496,220.44336
1.0,0.21895449,70.840515
1.0,0.9999403,119.362015
1.0,0.21128532,93.89004
1.0,0.99997544,3311.242
1.0,0.53469443,110.883896
1.0,0.41572165,102.541756
1.0,0.44587255,123.59651
1.0,0.47582537,114.21134
1.0,0.26195982,157.36105
1.0,0.4118128,70.75334
1.0,0.99928135,1179.1471
1.0,0.27660218,181.77968
1.0,0.9886093,92.8276
1.0,0.22859009,87.96141
1.0,0.45793614,85.508675
1.0,0.9989938,193.75606
1.0,0.80117863,115.693375
1.0,0.99226874,375.5759
1.0,0.8561519,79.20441
1.0,0.9989403,89.97914
1.0,0.49998152,66.05443
1.0,0.58548945,74.14093
1.0,0.8641977,271.19318
1.0,0.60581493,98.71326
1.0,0.30022484,70.828926
1.0,0.46518466,65.03813
1.0,0.23329383,71.4162
1.0,0.36403307,72.419685
1.0,0.9260235,143.04031
1.0,0.64694625,70.289444
1.0,0.35727206,65.18567
1.0,0.46525216,67.63937
1.0,0.9999999,801.9053
1.0,0.5483828,89.59276
1.0,0.27594048,106.236786
1.0,0.56618017,171.78816
1.0,0.4703895,74.39771
1.0,0.4851217,82.1051
1.0,0.45058778,110.599495
1.0,0.5036441,90.282875
1.0,0.7478215,66.242485
1.0,0.97014093,100.76943
1.0,0.98060703,66.31738
1.0,0.19733284,399.3526
1.0,0.733505,65.8439
1.0,0.37703854,244.62384
1.0,0.7789525,223.5157
1.0,0.43955564,67.54421
1.0,0.76993906,1595.7515
1.0,0.9768025,150.33278
1.0,0.57821965,67.74986
1.0,0.53340006,66.108116
1.0,0.9999963,363.97607
1.0,0.32878125,262.19528
1.0,0.32878125,262.19528
1.0,0.45220914,74.64084
1.0,0.9999999,120.68508
1.0,0.26206586,93.239685
1.0,0.4535512,74.77834
1.0,0.34329098,235.04652
1.0,0.39614424,71.916504
1.0,0.8413746,1175.536
1.0,0.7323376,73.32986
1.0,0.9996426,92.10599
1.0,0.5068928,116.92409
1.0,0.9533419,742.8271
1.0,0.9947043,7936.371
1.0,0.50125545,581.8149
1.0,0.9999808,101.04475
1.0,0.803586,80.35148
1.0,0.43055543,213.81424
1.0,0.4160664,90.68561
1.0,0.15269034,89.075264
1.0,0.59699535,707.7389
1.0,0.55888927,74.1993
1.0,0.39309832,81.86932
1.0,0.4742523,68.41606
1.0,0.67594147,66.62894
1.0,0.98814243,69.45399
1.0,0.99489826,66.57922
1.0,0.49556726,117.61183
1.0,0.20738393,72.36957
1.0,0.22652566,80.1793
1.0,0.5874419,91.29201
1.0,0.2511974,133.45064
1.0,0.83429927,119.80712
1.0,0.95684093,267.26443
1.0,0.9985783,170.73393
1.0,0.9505322,102.01155
1.0,0.437266,118.28063
1.0,0.3213779,448.33463
1.0,0.37878892,105.80649
1.0,0.5006353,82.223236
1.0,0.3676754,94.26127
1.0,0.41043696,197.85342
1.0,0.983685,124.4212
1.0,0.3757384,81.35403
1.0,0.9996269,6086.4326
1.0,0.9999571,569.9268
1.0,0.40283388,110.043335
1.0,0.8097673,98.16097
1.0,0.53177637,204.13129
1.0,0.44249794,94.38391
1.0,0.44669434,79.308914
1.0,0.9999956,80.72648
1.0,0.5344554,112.757515
1.0,0.38653025,109.2816
1.0,0.98945504,2156.1296
1.0,0.22148982,67.96113
1.0,0.61555135,66.362724
1.0,0.523244,94.9672
1.0,0.95085734,466.1971
1.0,0.3684049,71.731995
1.0,0.33218488,288.80148
1.0,0.46497568,115.25836
1.0,0.9959189,103.66722
1.0,0.3354133,278.97754
1.0,0.3484488,178.32632
1.0,0.99164337,2.7862845e+06
1.0,0.99998057,1316.3182
1.0,0.8303132,67.56778
1.0,0.45912084,79.32194
1.0,0.40142927,100.004395
1.0,0.9881804,112.687645
1.0,0.9815653,257.4875
1.0,0.99656653,65.428474
1.0,0.1915415,271.67285
1.0,0.40511972,70.87257
1.0,0.33923706,79.46945
1.0,0.9999677,1952.2468
1.0,0.99991024,99.40133
1.0,0.7600683,74.04998
1.0,0.25743127,195.3349
1.0,0.45888346,162.29787
1.0,0.9423496,203.58269
1.0,0.4292712,67.19641
1.0,0.31199092,117.47987
1.0,0.95997447,69.951195
1.0,0.31259692,343.65057
1.0,0.99999213,104.10048
1.0,0.9390229,102.41742
1.0,1.0,1059.0668
1.0,0.87958896,76.28709
1.0,0.471438,71.93723
1.0,0.9970157,151.27216
1.0,0.49140456,89.02151
1.0,0.9803387,7066.4795
1.0,0.98642933,2115.0017
1.0,0.9137501,73.890656
1.0,0.30274844,210.61484
1.0,0.3512445,85.58652
1.0,0.999985,69.51697
1.0,0.993454,240.10074
1.0,0.5445103,121.35531
1.0,0.38827565,105.68371
1.0,0.23285906,253.85925
1.0,0.63612664,369.48325
1.0,0.29464993,76.12882
1.0,0.99999976,215.38643
1.0,0.9997249,1.1222013e+07
1.0,0.96418065,105.13691
1.0,0.8842656,82.82799
1.0,0.5267382,77.260254
1.0,0.41410375,71.797905
1.0,0.662046,107.20576
1.0,0.30800307,71.213806
1.0,0.2226462,90.66119
1.0,0.28832427,90.28285
1.0,0.42763928,211.1767
1.0,0.9999963,75.7414
1.0,0.20380506,95.19303
1.0,0.9954939,114.959656
1.0,0.5298217,77.166405
1.0,0.96685153,7.332733e+07
1.0,0.32915193,75.13678
1.0,0.99765503,573.9284
1.0,0.99062526,83.871864
1.0,0.20556134,365.2465
1.0,0.9413921,108.5134
1.0,0.4144248,156.49911
1.0,0.7149979,489.8765
1.0,0.3184455,71.384094
1.0,0.24365464,131.24031
1.0,0.5671155,71.611595
1.0,0.99915874,103.0828
1.0,0.20166737,69.53231
1.0,0.27362698,71.03061
1.0,0.339103,75.22661
1.0,0.99986994,387.21265
1.0,0.9998211,986.10614
1.0,0.28528017,196.47813
1.0,0.5676116,111.29591
1.0,0.38006398,123.66221
1.0,0.56949914,95.740685
1.0,0.9999136,111.977356
1.0,0.8946795,75.74652
1.0,0.9999999,350.9588
1.0,0.378659,89.560844
1.0,0.41426903,84.04759
1.0,0.99980515,71.98679
1.0,0.49302995,70.341034
1.0,0.1928019,67.14055
1.0,0.3912786,115.909515
1.0,0.38021073,106.47068
1.0,0.34966144,402.9391
1.0,0.99831796,97.203545
1.0,0.28366315,74.52715
1.0,0.42743897,78.2299
1.0,0.26077878,72.89479
1.0,0.17431201,120.17495
1.0,0.9999846,1411.0885
1.0,0.98158604,81.32002
1.0,0.5739501,66.293106
1.0,0.26398006,84.88722
1.0,0.9755727,110.30402
1.0,0.3485395,89.62709
1.0,0.36425027,72.39607
1.0,0.23800354,86.9304
1.0,0.99999154,236.9829
1.0,0.99999535,164.8176
1.0,0.59186894,295.90677
1.0,0.59845144,70.359146
1.0,0.16525204,106.00568
1.0,0.5099147,67.269875
1.0,0.44798404,78.24502
1.0,0.4637799,143.30472
1.0,0.29601246,77.95557
1.0,0.9646582,74.8721
1.0,0.9999399,275.68173
1.0,0.99571,65.645065
1.0,0.5688493,89.680595
1.0,0.742271,421.30753
1.0,0.29036462,92.95406
1.0,0.7547868,89.4332
1.0,0.38317487,77.28622
1.0,0.3277579,67.55843
1.0,0.50962836,71.91617
1.0,0.99879587,117.201584
1.0,0.6368027,90.77172
1.0,0.8102338,69.40461
1.0,0.83501333,308.73907
1.0,0.66877466,68.26213
1.0,0.9899423,385.99716
1.0,0.9999993,3659.8635
1.0,0.32013965,68.38388
1.0,0.64090043,101.74616
1.0,0.98901457,2066.4443
1.0,0.21961798,71.17119
1.0,0.4857712,164.26839
1.0,0.2524846,69.69944
1.0,0.99579644,734.07635
1.0,0.880236,97.99056
1.0,0.55653703,107.213646
1.0,0.24694496,65.7341
1.0,0.31689337,152.08752
1.0,0.36848673,69.568146
1.0,0.18812777,69.43971
1.0,0.33008373,206.8284
1.0,0.17966197,97.860306
1.0,0.57161945,79.8959
1.0,0.9455658,113.070114
1.0,0.83218575,660.98535
1.0,0.33555102,102.73829
1.0,0.96400905,95.94899
1.0,0.9851118,478.61624
1.0,0.26204237,92.95266
1.0,0.99934155,81.66585
1.0,0.9961295,76.2586
1.0,0.5395106,108.04392
1.0,0.43360224,644.29944
1.0,0.98451614,513.65094
1.0,0.9801328,359.8222
1.0,0.99999964,16198.136
1.0,0.9641092,137.2058
1.0,0.5085474,78.6377
1.0,0.34050354,88.933266
1.0,0.9828587,1435.488
1.0,0.30862373,66.373695
1.0,0.48216587,80.50396
1.0,0.9711949,65.60936
1.0,0.6965878,81.82547
1.0,0.4944935,550.33124
1.0,0.31386456,73.49134
1.0,0.997498,88.074066
1.0,0.5018949,104.58267
1.0,0.70239145,88.02631
1.0,0.51603824,65.27107
1.0,0.9998878,230.85356
1.0,0.4791385,117.261185
1.0,0.99999857,203.7116
1.0,0.9997639,200.5912
1.0,0.70594776,94.27369
1.0,0.9665358,66.605896
1.0,0.2584814,89.320366
1.0,0.64463097,69.706406
1.0,0.9999944,114.462975
1.0,0.56404316,73.10212
1.0,0.607589,65.29159
1.0,0.38801482,183.41512
1.0,0.44687,100.39412
1.0,0.99814713,287.2579
1.0,0.5045543,134.06944
1.0,0.9997682,420.90088
1.0,0.4488234,88.497574
1.0,0.42619878,65.75984
1.0,0.9904918,70.194565
1.0,0.4541024,150.71579
1.0,0.23637699,77.28516
1.0,1.0,1204.7867
1.0,0.59258705,93.59146
1.0,0.47725675,69.77
1.0,0.4444355,138.44774
1.0,0.45706615,68.97276
1.0,0.8389712,633.47144
1.0,0.99941885,815.3692
1.0,0.4870873,72.25343
1.0,0.51205385,93.85896
1.0,0.40453136,435.14282
1.0,0.6650061,93.57143
1.0,0.68942547,9518.197
1.0,0.38512865,112.559296
1.0,0.387851,70.18441
1.0,0.4569768,74.472374
1.0,0.34005505,85.211205
1.0,0.999977,86.885315
1.0,0.7665995,115.89189
1.0,0.9999968,6936.3574
1.0,0.45783177,90.16987
1.0,0.997241,270.45886
1.0,0.2812204,231.01279
1.0,0.9991511,20908.412
1.0,0.9871356,122.39906
1.0,0.41737399,117.63082
1.0,0.3008506,146.05821
1.0,0.9560053,203.11751
1.0,0.36783332,68.806755
1.0,0.99398005,509.19977
1.0,0.50769204,75.57931
1.0,0.999729,75.29521
1.0,0.99996364,807.1319
1.0,0.9999701,72.401375
1.0,0.27757877,97.14103
1.0,0.43864524,82.08237
1.0,0.3043046,89.069786
1.0,0.124621,297.4095
1.0,0.39396113,89.22245
1.0,0.23802759,140.78804
1.0,0.3626835,65.63026
1.0,0.3504907,161.86366
1.0,0.49663594,72.28769
1.0,0.9999944,171.45934
1.0,0.44285804,83.64798
1.0,0.60173064,73.14166
1.0,0.41661364,76.661705
1.0,0.4354798,103.40559
1.0,0.97968,559.0318
1.0,0.99999785,68.90025
1.0,0.61443156,81.79484
1.0,0.3480463,83.0289
1.0,0.51730627,79.466034
1.0,0.5067147,73.959076
1.0,0.46990395,85.85186
1.0,0.30183616,297.1699
1.0,0.9752288,106.39501
1.0,0.41389945,93.454636
1.0,0.30944028,165.30556
1.0,0.30944028,165.30556
1.0,0.5139443,101.67492
1.0,0.9996711,493.4672
1.0,0.9830784,843.04333
1.0,0.38644233,176.26836
1.0,0.42362615,123.9446
1.0,0.41434798,95.39149
1.0,0.3850587,85.254654
1.0,0.4441102,183.4547
1.0,0.98621804,253.64389
1.0,0.49948674,104.11648
1.0,0.51709837,67.49506
1.0,0.41322073,75.274345
1.0,0.3959618,67.87444
1.0,0.56421,110.9228
1.0,0.15477327,65.18612
1.0,0.6555766,103.68185
1.0,0.846072,76.80497
1.0,0.15932323,70.19934
1.0,0.69388294,136.9646
1.0,0.22410402,78.98912
1.0,0.47669393,123.657455
1.0,0.2738762,105.91185
1.0,0.9959163,128.14708
1.0,0.24472457,213.92625
1.0,0.577699,140.90851
1.0,0.6248752,260.7959
1.0,0.29397058,66.35478
1.0,0.41510502,73.946045
1.0,0.9962352,65.48191
1.0,0.16388309,117.12929
1.0,0.35719097,135.33983
1.0,0.6209951,93.86012
1.0,0.99881124,113.00744
1.0,0.99708986,1232.2104
1.0,0.9302232,153.27911
1.0,0.532016,93.29283
1.0,0.40885484,507.0435
1.0,0.90405494,129.99493
1.0,0.8858283,67.198105
1.0,0.779227,1.5706908e+12
1.0,0.96091783,78.62255
1.0,0.99979526,67.05421
1.0,0.5653124,112.025314
1.0,0.65378946,2448.8262
1.0,0.9261287,83.95707
1.0,0.2446647,162.26732
1.0,0.500364,86.60473
1.0,0.38303405,98.18638
1.0,0.9997156,4423.519
1.0,0.5431501,66.94946
1.0,0.35547516,145.30254
1.0,0.26771182,72.12667
1.0,0.37869442,158.28682
1.0,0.64478064,328.07928
1.0,0.47146526,76.69824
1.0,0.64576566,84.95202
1.0,0.98899406,74.736496
1.0,0.30225873,86.27363
1.0,0.8892121,71.575195
1.0,0.99410903,185.55826
1.0,0.9833197,71.0934
1.0,0.36423847,120.32811
1.0,0.50246507,65.29872
1.0,0.63200223,65.17152
1.0,0.22837286,134.887
1.0,0.4054236,80.728874
1.0,0.57782096,115.8641
1.0,0.99996805,286.29504
1.0,0.63696367,122.99039
1.0,0.9239319,70.31204
1.0,0.9883464,83.52367
1.0,0.8843597,136.81363
1.0,0.4559736,66.64853
1.0,0.48282447,71.96022
1.0,0.36850375,116.65494
1.0,0.4973466,135.93895
1.0,0.9917219,68.940094
1.0,0.37281853,117.86094
1.0,0.53232354,66.03924
1.0,0.17794482,125.541084
1.0,0.53890455,325.77374
1.0,0.8599116,846.3943
1.0,0.46508402,115.19524
1.0,0.38056326,137.7765
1.0,0.38384035,67.46817
1.0,0.4041297,810.58215
1.0,0.989121,84.4983
1.0,0.40498954,98.5129
1.0,0.2929869,108.914696
1.0,0.9780807,65.351295
1.0,0.9970065,150.13286
1.0,0.96058506,74.823616
1.0,0.38216302,119.4633
1.0,0.26277685,69.78612
1.0,0.30157635,104.23212
1.0,0.13449556,77.020515
1.0,0.8440208,1042.1855
1.0,0.23373654,69.08031
1.0,0.29858774,142.40121
1.0,0.58949053,553.64667
1.0,0.52687305,65.917625
1.0,0.19659787,190.50664
1.0,0.48536456,110.24741
1.0,0.96310955,105.14366
1.0,0.4064127,200.9086
1.0,0.469803,109.92976
1.0,0.45041895,65.31009
1.0,0.9998692,386.46384
1.0,0.45759317,467.293
1.0,0.32637975,65.65916
1.0,0.48949096,179.80183
1.0,0.64067554,5090.438
1.0,0.93495816,189.52191
1.0,0.98924094,831.811
1.0,0.4739605,103.396675
1.0,0.50441474,146.37938
1.0,0.99372596,296.073
1.0,0.36110637,83.356224
1.0,0.69470733,70.20269
1.0,0.697702,132.99297
1.0,0.42338768,67.557045
1.0,0.81322867,250.48846
1.0,0.38371435,96.449486
1.0,0.46228358,274.1223
1.0,0.396478,125.26756
1.0,0.9999932,77.042404
1.0,0.4921594,68.36906
1.0,0.263899,132.4159
1.0,0.29581022,77.37621
1.0,0.42840725,155.6137
1.0,0.52505046,326.47342
1.0,0.27659622,85.30809
1.0,0.5957123,97.13036
1.0,0.994819,658.58716
1.0,0.99875927,506.87067
1.0,1.0,2049.959
1.0,0.4227644,202.88649
1.0,0.9995378,1811.7554
1.0,0.21432279,89.92902
1.0,0.6965225,141.63162
1.0,0.28917164,81.391685
1.0,0.9992712,292.2105
1.0,0.99801815,90.01348
1.0,0.65041,68.28871
1.0,0.7821495,999734.3
1.0,0.47601247,105.67059
1.0,0.7453904,254.93321
1.0,0.9997911,53103.996
1.0,0.9999914,100.9542
1.0,0.97405154,89.743484
1.0,0.36103877,77.73217
1.0,0.9409521,134.19006
1.0,0.9863513,83.58931
1.0,0.9962154,68.60683
1.0,0.9992642,104.953354
1.0,0.503417,232.2229
1.0,0.4020212,85.7985
1.0,0.61841464,74.74372
1.0,0.40221998,69.278175
1.0,0.49919307,116.48535
1.0,0.7817305,81.66351
1.0,0.99997926,7923.92
1.0,0.33648148,66.629944
1.0,0.5249166,107.35912
1.0,0.68623334,109.618744
1.0,0.39244524,77.00942
1.0,0.31180412,156.76534
1.0,0.99439585,1854.8381
1.0,0.5885235,105.41253
1.0,0.45161802,96.141815
1.0,0.28236017,69.66841
1.0,0.33269086,125.287025
1.0,0.49962187,66.30933
1.0,0.504026,110.51107
1.0,0.38104466,91.130775
1.0,0.94854784,220.31995
1.0,0.8951669,65.11601
1.0,0.9997814,144.81708
1.0,0.67062044,75.71764
1.0,0.99995863,77.88396
1.0,0.6693743,108.931564
1.0,0.2834164,88.19774
1.0,0.7900121,92.80887
1.0,0.6849501,813.4181
1.0,0.7350029,70.883896
1.0,0.99985194,87.062386
1.0,0.38139766,98.29271
1.0,0.995203,113.87289
1.0,0.20564386,110.924446
1.0,0.41213223,69.20954
1.0,0.7685949,281.14386
1.0,0.19292763,158.14307
1.0,0.8396731,69.392975
1.0,0.99929106,153.9209
1.0,0.31871703,79.15883
1.0,0.46862328,154.36278
1.0,0.52677625,87.71113
1.0,0.3848231,75.333916
1.0,0.96191293,138.2807
1.0,0.6417175,249.73506
1.0,0.99999964,129.86589
1.0,0.3431034,105.88144
1.0,0.99999285,659.86835
1.0,0.35136193,76.51858
1.0,0.43393755,121.84717
1.0,0.76826024,70.422
1.0,0.99982065,852.35205
1.0,0.26357386,320.19144
1.0,0.40818933,242.67992
1.0,0.31918505,97.28731
1.0,0.99320143,308.36252
1.0,0.999721,3535.961
1.0,0.30846092,79.59793
1.0,0.9999058,71.0476
1.0,0.98247164,77.3498
1.0,0.36065397,199.39021
1.0,0.9997651,296.00018
1.0,0.18684174,65.01328
1.0,0.2636368,84.69962
1.0,0.9866551,118.4583
1.0,0.5397404,102.84545
1.0,0.741705,93.183525
1.0,0.61681634,67.53105
1.0,0.99999726,159.95114
1.0,0.3633127,682.38007
1.0,0.24928702,66.96621
1.0,0.41677633,104.793015
1.0,0.57019085,67.02903
1.0,0.9999448,164.005
1.0,0.43921033,75.27893
1.0,0.9998697,196.99905
1.0,0.2714104,101.71886
1.0,0.5258609,71.4859
1.0,0.38610643,116.64866
1.0,0.999762,14557.216
1.0,0.3517056,84.645355
1.0,0.7273426,101.12088
1.0,0.6415251,85.103165
1.0,0.501371,87.60908
1.0,0.20878293,67.191925
1.0,0.9970662,103.10278
1.0,0.4107252,87.68154
1.0,0.66405666,135.50092
1.0,0.37899444,116.89226
1.0,0.45767567,70.96176
1.0,0.9993699,29718.785
1.0,0.3628307,78.94141
1.0,0.99166226,69.08211
1.0,0.9976044,974.29535
1.0,0.7327684,107.21854
1.0,0.65522593,100.75162
1.0,0.9999734,76.511055
1.0,0.33205354,218.24028
1.0,0.58851296,159.71608
1.0,0.5056607,87.59912
1.0,0.6483831,70.76546
1.0,0.44248953,69.781944
1.0,0.42880812,453.5765
1.0,0.48315874,310.46454
1.0,0.6375473,137.6792
1.0,0.33196485,77.72602
1.0,0.31000766,78.916214
1.0,0.3083361,417.1758
1.0,0.8047513,68.42681
1.0,0.30261126,104.82823
1.0,0.424731,103.74584
1.0,0.94715136,126.97885
1.0,0.6485518,84.56941
1.0,0.15519767,66.38298
1.0,0.23259275,88.35175
1.0,0.2587725,229.797
1.0,0.68511075,84.161476
1.0,0.20078577,67.92158
1.0,0.25183964,92.02747
1.0,0.15864871,134.4105
1.0,0.48873368,100.251915
1.0,1.0,3048.4321
1.0,0.42950118,71.52457
1.0,0.9846289,183.89604
1.0,0.9998431,4090.185
1.0,0.43413365,89.83709
1.0,0.34027076,140.34557
1.0,0.2980193,70.01941
1.0,0.8035635,255.29315
1.0,0.358054,77.155815
1.0,0.17565393,66.4881
1.0,0.24913776,149.4532
1.0,0.99975973,761.81714
1.0,0.33856174,273.26904
1.0,0.36516553,86.50426
1.0,0.241087,80.941795
1.0,0.49396008,120.21844
1.0,0.49292085,69.11272
1.0,0.31158596,104.96592
1.0,0.9999982,725.63745
1.0,0.41050664,65.7073
1.0,0.437515,238.43755
1.0,0.99983823,80.271126
1.0,0.9997377,318.9602
1.0,0.33675525,118.109726
1.0,0.9724544,600.22864
1.0,0.66696936,100.38458
1.0,0.99999607,67.52384
1.0,0.5040541,74.54252
1.0,0.30891788,205.0103
1.0,0.24877755,67.41204
1.0,0.7771259,77.812584
1.0,0.3571662,78.26254
1.0,0.29393417,96.08868
1.0,0.49884647,87.37234
1.0,0.9976539,588.86523
1.0,0.1823535,74.260445
1.0,0.58168304,139.59438
1.0,0.96169835,287.9033
1.0,0.4725445,65.39759
1.0,0.45634705,78.63272
1.0,0.36558786,105.70605
1.0,0.7099448,92.11678
1.0,0.39354375,67.329636
1.0,0.7665341,76.756744
1.0,0.39746973,89.17664
1.0,0.5353438,75.76937
1.0,0.5952097,124.5715
1.0,0.99964523,2242.6643
1.0,0.22123127,372.30838
1.0,0.99937624,71.123146
1.0,0.4406292,96.28126
1.0,0.3117469,85.49995
1.0,0.8565991,224.0057
1.0,0.993937,91.46242
1.0,0.48806605,177.33679
1.0,0.7976093,234.23578
1.0,0.1554324,74.89076
1.0,0.5763755,80.280556
1.0,0.21646146,142.19896
1.0,0.3309797,291.1088
1.0,0.22239597,79.40027
1.0,0.7559475,103.94309
1.0,0.42375904,96.11321
1.0,0.999775,294.4133
1.0,0.50235313,290.79956
1.0,0.98458683,179.88419
1.0,0.5779645,88.08122
1.0,0.9957586,122.26656
1.0,0.20830464,153.38214
1.0,0.29393452,66.147255
1.0,0.55509233,127.87349
1.0,0.40920258,74.051094
1.0,0.79416955,93.869835
1.0,0.45224172,97.80541
1.0,0.77348363,260.3952
1.0,0.5331786,79.82237
1.0,0.64800686,102.446266
1.0,0.32837728,75.87977
1.0,0.9994861,88.7314
1.0,0.99384683,66.453285
1.0,0.6161355,129.38747
1.0,0.6435416,95.1488
1.0,0.99999976,237.00034
1.0,0.25928807,124.892166
1.0,0.44968566,117.60841
1.0,0.71526265,203.35338
1.0,0.8929037,139.62488
1.0,0.49428,77.980606
1.0,0.9913867,96.554726
1.0,0.99998593,7751.312
1.0,0.43728492,75.938896
1.0,0.9897451,143.20226
1.0,0.4698562,161.77171
1.0,0.55822664,101.53636
1.0,0.95875865,111.37464
1.0,0.99999225,66.517815
1.0,0.30715957,85.218506
1.0,0.9994498,127.717606
1.0,0.40646517,100.50667
1.0,0.35666257,66.3166
1.0,0.21742068,77.02902
1.0,0.9953584,105.775475
1.0,0.32352895,67.63215
1.0,0.96859443,149.03346
1.0,0.92839783,366.25708
1.0,0.70198107,79.51041
1.0,0.6165246,84.89987
1.0,0.9931699,114.7696
1.0,0.51294184,76.887764
1.0,0.5214529,108.16291
1.0,0.26927146,94.96345
1.0,0.97693616,965.6975
1.0,0.37027127,88.505005
1.0,0.9921559,260.2827
1.0,0.6324829,117.82982
1.0,0.2905394,306.2431
1.0,0.4587361,1.5651269e+08
1.0,0.9993765,1352.7499
1.0,0.9819626,110.370285
1.0,0.47509807,223.38713
1.0,0.5805687,78.239174
1.0,0.97024685,390.98297
1.0,0.33852378,249.46759
1.0,0.65282065,302.71188
1.0,0.999754,67.30015
1.0,0.48198846,168.28601
1.0,0.28931597,68.63461
1.0,0.4482925,228.62148
1.0,0.856323,7284.7373
1.0,0.58389723,97.08012
1.0,0.51044226,68.23475
1.0,0.6535494,96.82913
1.0,0.94212496,570.134
1.0,0.25309822,77.010925
1.0,0.4513145,65.940155
1.0,0.19640595,87.27337
1.0,0.3331884,256.98334
1.0,0.4729262,122.993965
1.0,0.49619904,104.862305
1.0,0.23415977,71.85035
1.0,0.5930905,91.80544
1.0,0.465041,290.843
1.0,0.39516893,132.59572
1.0,0.24466218,73.33793
1.0,0.9998876,433.76782
1.0,0.9983754,294.0121
1.0,0.21523793,75.857605
1.0,0.30940855,73.20278
1.0,0.3111634,71.89246
1.0,0.99012285,74.42358
1.0,0.6124304,87.77403
1.0,0.36042216,72.46114
1.0,0.48614663,78.479256
1.0,0.42924288,79.57324
1.0,0.2881884,79.35604
1.0,0.9869767,6578.562
1.0,0.9719924,83.9127
1.0,0.3885345,86.174416
1.0,0.9999716,122.94968
1.0,0.9910977,178.6793
1.0,0.42180732,69.95436
1.0,0.27597404,136.56404
1.0,0.45625964,104.642624
1.0,0.2994749,177.09212
1.0,0.99982196,1750.0726
1.0,0.8645567,713.5377
1.0,0.99969304,70.124
1.0,0.41303077,98.67722
1.0,0.45120877,67.68033
1.0,0.20578064,67.61318
1.0,0.5157977,129.51353
1.0,0.4446083,98.69513
1.0,0.8137809,141.86664
1.0,1.0,20665.01
1.0,0.64324224,71.474014
1.0,0.65929276,84.6708
1.0,0.46416125,147.27579
1.0,0.41578355,68.48427
1.0,0.49301222,143.00797
1.0,0.63608015,68.682106
1.0,0.40640476,73.8871
1.0,0.48683652,117.605316
1.0,0.26283047,762.4736
1.0,0.40721825,118.31142
1.0,0.37576172,67.3894
1.0,0.32827568,67.727234
1.0,0.29996035,101.04419
1.0,0.99999,1867.4667
1.0,0.49766225,80.232574
1.0,0.99998903,2366.945
1.0,0.24521354,304.89456
1.0,0.99663806,452.4785
1.0,0.3335862,218.34969
1.0,0.3449549,364.11975
1.0,0.75688434,146.06703
1.0,0.9998716,454.04486
1.0,0.4193815,85.0485
1.0,0.9970753,625.1686
1.0,0.31875455,125.842415
1.0,0.99681985,13249.836
1.0,0.99842983,215.47833
1.0,0.33662456,644.70526
1.0,0.71568644,75.15959
1.0,0.18722972,92.105865
1.0,0.86886567,75.849884
1.0,0.47912648,75.68156
1.0,0.498692,148.1388
1.0,0.13914521,312.88083
1.0,0.4123631,88.92787
1.0,0.46846825,84.155304
1.0,0.37323737,202.69467
1.0,0.539747,115.30387
1.0,0.965647,86.26998
1.0,0.9985328,79.061874
1.0,0.33317196,85.92758
1.0,0.99998176,67796.73
1.0,0.5373937,85.36199
1.0,0.6387076,113.71646
1.0,0.7377544,412.4155
1.0,0.77842253,70.24697
1.0,0.37286314,70.56157
1.0,0.2550521,68.502014
1.0,0.44537103,184.9712
1.0,0.5000326,161.75137
1.0,0.96915555,7.632144e+07
1.0,0.9999933,207.49757
1.0,0.5174189,149.87354
1.0,0.23385487,144.34125
1.0,0.4739739,83.89894
1.0,0.37331855,86.27147
1.0,0.9999995,77.4224
1.0,0.9996593,68.10679
1.0,1.0,442.03076
1.0,0.9999703,7680.535
1.0,0.25095388,69.07648
1.0,0.979626,186.19868
1.0,0.2997213,67.08193
1.0,0.28892654,216.69295
1.0,0.2559132,106.61679
1.0,0.27957743,164.31267
1.0,0.9999608,211.77599
1.0,0.3359299,128.5561
1.0,0.2812092,667.5963
1.0,0.19552545,88.52124
1.0,0.9931758,73.433556
1.0,0.99994004,71.329254
1.0,0.22206067,99.04258
1.0,0.5939132,94.788864
1.0,0.26629588,115.97343
1.0,0.72615016,103.28792
1.0,0.46691376,112.25735
1.0,0.72694075,79.702896
1.0,0.57797885,112.103874
1.0,0.33949772,94.2828
1.0,0.9994466,135.37163
1.0,0.80207574,121.82055
1.0,0.29949072,116.67479
1.0,0.16127458,68.893745
1.0,0.48627976,86.54299
1.0,0.99866736,334.18674
1.0,0.601755,268.9119
1.0,0.61062396,483.2429
1.0,0.54873604,68.18505
1.0,0.46526432,127.40332
1.0,0.5094193,90.34535
1.0,0.22649567,83.74086
1.0,0.90480876,150.53313
1.0,0.78234637,86.44413
1.0,0.9998087,1133.4624
1.0,0.44171903,66.84689
1.0,0.43425512,654.6167
1.0,0.3549367,84.349846
1.0,0.8684237,93.96316
1.0,0.35893476,112.22025
1.0,0.23583403,94.69329
1.0,0.43470606,110.73127
1.0,0.99999905,84.13101
1.0,0.4313116,136.42917
1.0,0.99998975,80.70198
1.0,0.40044618,82.613235
1.0,0.4890897,77.74034
1.0,0.22120123,98.96279
1.0,0.5883839,127.70989
1.0,0.4847292,6545.589
1.0,0.42153284,331.27402
1.0,0.21837409,80.00153
1.0,0.15247747,70.616325
1.0,0.5706587,78.40459
1.0,0.4343946,69.51834
1.0,0.999967,327.23602
1.0,0.38592103,119.52188
1.0,0.3336163,86.89559
1.0,0.995331,88.37746
1.0,0.31717587,523.03174
1.0,0.3029259,78.73911
1.0,0.9999695,71.5475
1.0,0.9977089,88.34326
1.0,0.94689196,639.8511
1.0,0.29395548,101.47986
1.0,0.9998266,65.903534
1.0,0.4662058,137.9708
1.0,0.99739873,345.90295
1.0,0.24208759,207.34715
1.0,0.11740179,76.57119
1.0,0.9999995,332.26648
1.0,0.4317177,185.44319
1.0,0.99029255,96.546326
1.0,0.56472504,123.80438
1.0,0.16231808,334.59924
1.0,0.17927721,74.78017
1.0,0.33564514,164.60411
1.0,0.38445586,76.54278
1.0,0.4308868,98.43402
1.0,0.8471536,65.86986
1.0,0.28336358,193.93825
1.0,0.9833491,229.0818
1.0,0.51904017,68.38407
1.0,0.9717315,257.1973
1.0,0.5126156,131.32867
1.0,0.9787892,68.0722
1.0,0.23443869,228.89287
1.0,0.944751,466.57962
1.0,0.56101876,76.99
1.0,0.5252854,271.50528
1.0,0.62008464,74.14177
1.0,0.9987758,2718.6907
1.0,0.79607373,106.974304
1.0,0.48939866,1.1820508e+07
1.0,0.4684555,352.61676
1.0,0.22154836,70.80323
1.0,0.3381972,122.74675
1.0,0.21318951,86.56535
1.0,0.9986449,190.95184
1.0,0.30356327,139.29665
1.0,0.874814,166.78033
1.0,0.22218427,68.18161
1.0,0.99999666,154.1289
1.0,0.62815875,809.14294
1.0,0.50383973,79.125786
1.0,0.9995492,174.41806
1.0,0.44556704,84.89361
1.0,1.0,28110.697
1.0,0.38656858,90.33917
1.0,0.33012965,97.43298
1.0,0.8346358,209.47281
1.0,0.9999802,5819.5283
1.0,0.37227964,125.60065
1.0,0.95432484,97.26915
1.0,0.95080626,94.67284
1.0,0.29878604,871.80853
1.0,0.542181,81.512215
1.0,0.5904749,2685.4324
1.0,0.3797913,486.3597
1.0,0.46274745,187.161
1.0,0.99999475,268.13736
1.0,0.99999475,24950.129
1.0,0.6589479,103.06894
1.0,0.9999758,481.9929
1.0,0.54337883,163.80038
1.0,0.44180715,103.48964
1.0,0.53603745,99.3567
1.0,0.36187223,111.31132
1.0,0.99915564,191.5686
1.0,0.4372454,75.457344
1.0,0.52990186,75.672806
1.0,0.99999976,579.493
1.0,0.99638546,1790.0261
1.0,0.4427037,218.79222
1.0,0.45570058,118.62828
1.0,0.5488788,324.8952
1.0,0.9992848,363.2742
1.0,0.2169533,241.99252
1.0,0.29169965,170.62018
1.0,0.5442341,352.42847
1.0,0.43806934,629.8142
1.0,0.27945003,100.45504
1.0,0.20380098,86.713486
1.0,0.588213,103.313385
1.0,0.7345503,686.36334
1.0,0.3377843,66.21796
1.0,0.2952384,71.798965
1.0,0.960338,85.718155
1.0,0.43710673,74.04616
1.0,0.9997696,88.00198
1.0,0.5145299,67.67013
1.0,0.9999957,372.98123
1.0,0.29784957,118.93241
1.0,0.30465913,117.16543
1.0,0.99979085,93.96269
1.0,0.50761116,70.184586
1.0,0.4678437,76.11457
1.0,0.9993456,657.4103
1.0,0.8719118,386.5572
1.0,0.51113796,79.970535
1.0,0.49661958,66.70226
1.0,0.67528766,100.40299
1.0,0.25673383,154.81827
1.0,0.9984189,2215.233
1.0,0.95795214,72.540085
1.0,0.4312032,79.09443
1.0,0.93513554,136.20555
1.0,0.99964845,940.40155
1.0,0.39377716,101.59786
1.0,0.27704847,120.44317
1.0,0.26726508,84.5253
1.0,0.9998671,657.53485
1.0,0.36715943,77.32677
1.0,0.35688198,84.58137
1.0,0.5567006,81.29743
1.0,0.24646355,181.77548
1.0,0.22275376,254.45308
1.0,0.2832673,83.469284
1.0,0.44126838,92.346054
1.0,0.67765975,80.54839
1.0,0.21240078,129.91588
1.0,0.99997556,942.71515
1.0,0.48737383,69.04683
1.0,0.9999994,28330.068
1.0,0.6001409,112.14469
1.0,0.3578636,137.54593
1.0,0.5432976,113.224846
1.0,0.53250766,68.53002
1.0,0.44680083,68.689926
1.0,0.3450375,115.912895
1.0,0.5511186,65.052734
1.0,0.75824875,94.179184
1.0,0.32679302,328.04434
1.0,0.72350967,130.88545
1.0,0.5529198,82.195145
1.0,0.42314544,206.15266
1.0,0.1808029,70.554474
1.0,0.9999819,1953.0444
1.0,0.3142062,76.37492
1.0,0.6258726,106.70532
1.0,0.22367343,67.280014
1.0,0.42420912,129.33861
1.0,0.3052107,79.79904
1.0,0.88334423,202.29204
1.0,0.2612651,179.55504
1.0,0.98748326,125.13072
1.0,0.41089606,104.03255
1.0,0.99976104,202.62602
1.0,0.8757697,96.155594
1.0,0.3087624,94.13948
1.0,0.3845734,85.54845
1.0,0.47490796,79.08388
1.0,0.9999888,118.75104
1.0,0.99935406,118.206245
1.0,0.9955041,66.40653
1.0,0.9977507,100.84541
1.0,0.8059875,94.987434
1.0,0.21922697,103.96746
1.0,0.9797131,342.39624
1.0,0.3419066,107.30775
1.0,0.6981712,297.48132
1.0,0.31260368,260.0726
1.0,0.6687371,169.01521
1.0,0.40357313,88.92907
1.0,0.9648798,3010.7068
1.0,0.24779266,132.8611
1.0,0.6909242,65.0702
1.0,0.7943571,80.06001
1.0,0.37660602,99.48829
1.0,0.52747697,130.75949
1.0,0.5401092,75.48587
1.0,0.9897634,192.66907
1.0,0.98741454,102.36087
1.0,0.9898018,83.20302
1.0,0.5645135,119.10203
1.0,0.21979192,115.18157
1.0,0.506115,86.56651
1.0,0.17923227,160.52795
1.0,0.15303993,102.33705
1.0,0.45576975,108.24637
1.0,0.40667984,66.22625
1.0,0.46651316,77.99788
1.0,0.9992874,214.51614
1.0,0.48721597,67.149445
1.0,0.8866486,1240.2164
1.0,0.97337466,102.946846
1.0,0.52859545,70.16274
1.0,0.3017774,70.61954
1.0,0.26903424,95.64072
1.0,0.61427987,70.44845
1.0,0.19723918,72.454834
1.0,0.39418745,119.3592
1.0,0.51491904,81.398544
1.0,0.99925965,436.59286
1.0,0.9999573,245.7259
1.0,0.23959878,85.78877
1.0,0.4285367,231.31914
1.0,0.22129992,69.28447
1.0,0.3998948,79.66762
1.0,0.31155998,86.91236
1.0,0.30413893,69.11228
1.0,0.42569634,77.86156
1.0,0.997629,73.38227
1.0,0.48380935,66.246735
1.0,0.9207098,197.33449
1.0,0.9713163,97.59374
1.0,0.4955903,70.00576
1.0,0.56264526,98.81426
1.0,0.42440277,85.93513
1.0,0.51856536,66.905266
1.0,0.24549595,76.69209
1.0,0.51475096,187.92123
1.0,0.26328143,86.610886
1.0,0.27635378,176.8974
1.0,0.4256709,74.12461
1.0,0.9999536,71.26721
1.0,0.9981019,74.669304
1.0,0.5802821,145.33644
1.0,0.5778228,147.68895
1.0,0.3385422,77.85933
1.0,0.2518309,147.37672
1.0,0.7682979,97.763916
1.0,0.45864964,106.00858
1.0,0.27846944,118.2113
1.0,0.99912065,149.07037
1.0,0.20043519,77.43091
1.0,0.94226474,311.76566
1.0,0.9999995,1832.5035
1.0,0.43340197,366.99554
1.0,0.4020987,795.6726
1.0,0.5406241,71.80597
1.0,0.2936104,594.9939
1.0,0.3061154,159.6179
1.0,0.34455433,101.05806
1.0,0.9998204,102.90373
1.0,0.99902403,3923.1062
1.0,0.99902403,3923.1062
1.0,0.31548664,125.00748
1.0,0.1845253,67.045845
1.0,0.9999534,16362.011
1.0,0.53631645,117.20429
1.0,0.28073648,69.119774
1.0,0.5025754,76.12527
1.0,0.90877753,455.01254
1.0,0.99946195,499.3327
1.0,0.99899906,113.84638
1.0,0.26516578,73.446594
1.0,0.7396721,4845.621
1.0,0.24582157,66.5801
1.0,0.9999335,112.504616
1.0,0.86421365,77.67494
1.0,0.9942075,101.966255
1.0,0.460692,102.44672
1.0,0.9947737,72.28642
1.0,0.99980086,1127.6296
1.0,0.99999976,75.53331
1.0,0.66676384,122.56649
1.0,0.46296117,71.86605
1.0,0.9896365,172.21922
1.0,0.46078026,99.04783
1.0,0.21082126,131.66306
1.0,0.53312415,83.04825
1.0,0.99829584,109.134056
1.0,0.5325783,68.85459
1.0,0.7103873,132.09984
1.0,0.9937309,94.32116
1.0,0.9984382,65.78721
1.0,0.96965134,2561.8408
1.0,0.3490515,130.65744
1.0,0.9999691,3310.7222
1.0,0.9999944,102.21471
1.0,0.45804906,79.17497
1.0,0.23426189,76.34495
1.0,0.991593,79.25808
1.0,0.9999715,467.05936
1.0,0.6728485,286.90567
1.0,0.9999882,3732.3235
1.0,0.38964272,183.08946
1.0,0.41690016,70.10666
1.0,0.5004199,261.92426
1.0,0.4361597,193.14201
1.0,0.40236953,110.87392
1.0,0.27962682,81.437805
1.0,0.45491368,86.954865
1.0,0.9486113,129.18263
1.0,0.91622573,176.41472
1.0,0.38662234,143.66794
1.0,0.9999982,159.19452
1.0,0.38784435,170.83669
1.0,0.4247776,71.84688
1.0,0.3206504,226.85814
1.0,0.99915695,5695.5117
1.0,0.99994814,370.3628
1.0,0.99981314,151.69637
1.0,0.23669562,80.88149
1.0,0.5667345,169.2217
1.0,0.9952663,76.10939
1.0,0.68283296,128.48824
1.0,0.42410856,74.76449
1.0,0.4046169,4951.6675
1.0,0.69771534,4982.9375
1.0,0.99999523,663.6986
1.0,0.44731465,192.34505
1.0,0.23881821,94.737434
1.0,0.550572,102.45931
1.0,0.4304952,115.34413
1.0,0.9999156,257.1123
1.0,0.9289975,171.98236
1.0,0.3181585,69.92491
1.0,0.20297615,68.62415
1.0,0.9999988,234.45963
1.0,0.31438565,84.98621
1.0,0.49784684,245.05652
1.0,0.99880326,538.0806
1.0,0.9999999,77.78173
1.0,0.21550359,126.342476
1.0,0.7941749,67.656975
1.0,0.25995988,72.75832
1.0,0.4990357,77.85916
1.0,0.2140498,112.86422
1.0,0.5277604,101.20818
1.0,0.5747829,77.90902
1.0,0.41510707,140.9229
1.0,0.47188675,139.84772
1.0,0.46175867,118.97054
1.0,0.9999883,1089.4985
1.0,0.38696805,169.28813
1.0,0.4632236,69.72481
1.0,0.6442034,93.87901
1.0,0.51899946,107.30286
1.0,0.9999815,85.14569
1.0,0.39978147,86.76827
1.0,0.26558718,73.63459
1.0,0.99975985,11466.972
1.0,0.3437242,81.88164
1.0,0.9999924,26457.557
1.0,0.5376363,99.943085
1.0,0.9998951,73.51763
1.0,0.9965731,173.97539
1.0,0.99926704,283.37814
1.0,0.5595724,78.45272
1.0,0.3144834,74.06978
1.0,0.3317737,101.27288
1.0,0.54211587,74.18731
1.0,0.99973816,438.98856
1.0,0.5296181,101.56111
1.0,0.4171126,94.873924
1.0,0.5484929,97.100296
1.0,0.98494035,289.2172
1.0,0.2960449,73.71981
1.0,0.53199446,146.81331
1.0,0.32742292,75.88539
1.0,0.9999976,109.592926
1.0,0.99975294,224.9772
1.0,0.24183902,143.3019
1.0,0.8132536,108.25493
1.0,0.27153358,118.4005
1.0,0.50837314,67.98486
1.0,0.52882785,100.80794
1.0,0.9999995,271.21655
1.0,0.33915466,130.26476
1.0,0.28461468,331.51508
1.0,0.44932854,103.90407
1.0,0.26101518,166.93854
1.0,0.4782897,85.928055
1.0,0.95835865,109.40766
1.0,0.121724755,70.91945
1.0,0.5806307,69.05521
1.0,1.0,268.7615
1.0,0.9990865,139.87068
1.0,0.39689225,224.59096
1.0,0.963816,302.47617
1.0,0.43505275,118.5771
1.0,0.18804584,86.79171
1.0,0.3624616,71.89761
1.0,0.9993123,83.36467
1.0,0.28296313,71.80041
1.0,0.9641841,66.76087
1.0,0.5614376,76.05129
1.0,0.3234382,128.36415
1.0,0.3769533,182.56393
1.0,0.5085434,623.789
1.0,0.3046494,71.2239
1.0,0.9842225,74.879745
1.0,0.9997273,4655.664
1.0,0.99734336,71.38723
1.0,0.24526931,141.45158
1.0,0.31619182,393.5026
1.0,0.92888147,79.32768
1.0,0.99977595,145.21632
1.0,0.5428968,112.54736
1.0,0.50363636,81.343864
1.0,0.737918,344.00922
1.0,0.31780902,377.87234
1.0,0.2924854,79.71556
1.0,0.39894873,316.05594
1.0,0.45818928,97.268326
1.0,0.99997735,158.42313
1.0,0.99999654,18555.664
1.0,0.99606115,15120.973
1.0,0.34978616,1317.2277
1.0,0.56864595,2.1182366e+08
1.0,0.39879984,411.0498
1.0,0.17768797,611.4376
1.0,0.29583582,66.14831
1.0,0.8273938,86.5653
1.0,0.36375323,397.29578
1.0,0.9999907,2018.237
1.0,0.23276365,476.53925
1.0,0.21982753,14684.58
1.0,0.201359,13392.997
1.0,0.35003522,912.1546
1.0,0.49301895,8352.892
1.0,0.3214898,171.42763
1.0,0.58459014,196.79648
1.0,0.3055977,267.24255
1.0,0.1959247,81.20945
1.0,0.99438584,70.45063
1.0,0.25345725,2603.3958
1.0,0.47530988,8718.43
1.0,1.0,1064.4135
1.0,0.9784813,14874.535
1.0,0.9999999,1251.209
1.0,0.17434935,86.17796
1.0,1.0,3696.1594
1.0,0.7155684,328.42184
1.0,0.9148828,77.20751
1.0,0.17422035,124.46793
1.0,0.7254549,955.5412
1.0,0.26657924,617.396
1.0,0.17160991,115.55043
1.0,0.27870414,132.30734
1.0,0.18987577,90.84293
1.0,0.76745856,1824.9851
1.0,0.2802397,72.50923
1.0,0.48935068,1332.8635
1.0,0.6075341,74.04738
1.0,0.9762155,8246.584
1.0,0.85931206,1892.6322
1.0,0.44509277,67.03298
1.0,0.9000849,147.86717
1.0,0.55129796,87.747246
1.0,0.9997559,13338.143
1.0,0.4021972,2761.2417
1.0,0.2990142,503.0609
1.0,0.23412761,134.3866
1.0,0.99999416,4216.076
1.0,0.32853967,1588.2336
1.0,0.47054142,505.43134
1.0,0.3055285,72.71039
1.0,0.22114588,857.26904
1.0,0.9998956,1167.3359
1.0,0.307475,71.74759
1.0,0.2418517,2464.8506
1.0,0.40338156,1743.4243
1.0,0.99983,1921.4135
1.0,0.4344286,158.72617
1.0,0.9990938,113.868324
1.0,0.19457513,2190.4663
1.0,0.87648857,4962.6377
1.0,0.28915802,111.88838
1.0,0.9857941,78.65532
1.0,1.0,10949.852
1.0,0.3301733,105.94866
1.0,0.29598004,815.7103
1.0,0.24663106,9306.364
1.0,0.24455762,72.45814
1.0,0.32363224,405.92886
1.0,0.18013874,240.80061
1.0,0.34394166,1583.9722
1.0,0.21515399,13684.323
1.0,0.9937257,7758.251
1.0,0.92595685,322.78104
1.0,0.39977476,2685.6343
1.0,0.32041046,730.705
1.0,0.7794626,2845.267
1.0,0.35903722,310.3042
1.0,0.99910396,134.0386
1.0,0.40218922,924.0945
1.0,0.21455492,90.28243
1.0,0.28053677,88.55191
1.0,0.22951072,896.7026
1.0,0.37725213,5733.2505
1.0,0.8397356,118.56213
1.0,0.31887543,1541.1038
1.0,0.9996408,1554.4081
1.0,0.45637912,120.93512
1.0,0.2653561,72.867134
1.0,0.47940534,7388.666
1.0,0.47297964,1357.8688
1.0,1.0,2782.075
1.0,0.29884925,392.67587
1.0,0.9994624,15281.0625
1.0,0.19839968,856.54034
1.0,0.8998367,992.19885
1.0,0.35341588,823.2164
1.0,0.17278227,1957.3722
1.0,0.16542663,853.2795
1.0,0.102940254,49568.33
1.0,0.37459508,1625.9824
1.0,0.22963563,457.2647
1.0,0.16768767,92.275734
1.0,0.20340627,77.92403
1.0,0.658249,146.87015
1.0,0.41829094,161.82243
1.0,0.5477326,3314.592
1.0,0.3161339,501.44022
1.0,0.9999523,1435.1099
1.0,0.99999845,186.56714
1.0,0.49624473,113.7864
1.0,0.99961,8828.997
1.0,0.39879984,781.4007
1.0,0.66275156,976.5063
1.0,0.5025983,82.43017
1.0,0.22871083,111.388336
1.0,0.16132703,282.25873
1.0,0.9998646,2305.3845
1.0,0.44130528,120.448524
1.0,0.20203853,7323.158
1.0,0.53577554,70.73303
1.0,1.0,1713.6627
1.0,0.4403885,79.70681
1.0,0.99999976,1988.9355
1.0,0.609174,8835.902
1.0,0.520701,100.69179
1.0,0.65807,6906.901
1.0,0.9999999,455.17044
1.0,0.25875852,827.76263
1.0,0.99985254,23399.62
1.0,0.49877325,425.12457
1.0,0.84690934,1015.309
1.0,0.3502166,3239.4185
1.0,0.13125035,37423.707
1.0,0.9999994,29391.559
1.0,0.9925597,1828.6345
1.0,1.0,272.92224
1.0,0.100144364,75536.38
1.0,0.9739671,77.37645
1.0,0.2975371,78.31233
1.0,0.100343354,143.07141
1.0,0.23274587,311.06183
1.0,0.36713412,1062.3287
1.0,0.8852505,707.29803
1.0,0.9998118,1003.9671
1.0,0.29040524,242.84491
1.0,0.9999256,134.0094
1.0,0.56532514,3372.9592
1.0,1.0,1027.3564
1.0,0.99999976,548.4637
1.0,0.20798098,193.38434
1.0,0.6161365,1466.188
1.0,0.32263657,3474.716
1.0,0.44308493,21423.982
1.0,0.99998844,7954.119
1.0,0.53454316,483.89066
1.0,0.892753,84.090744
1.0,0.9994686,4755.456
1.0,0.38334668,120.34225
1.0,0.4332357,1085.2758
1.0,0.28859124,858.10956
1.0,0.99999416,16317.948
1.0,0.24232738,1159.4216
1.0,0.22066574,73.37927
1.0,0.9968541,4393.6055
1.0,0.4794174,155.44737
1.0,0.52118677,2621.187
1.0,0.2576121,16911.99
1.0,0.37831992,585.5398
1.0,0.28563985,521.4772
1.0,0.4050909,905.7411
1.0,0.28207895,72.44205
1.0,0.42576614,26597.975
1.0,0.99947125,426.23785
1.0,0.45364293,492.42395
1.0,0.4358811,27932.04
1.0,0.34655014,70.302505
1.0,0.4582074,2693.5723
1.0,0.3658974,1536.99
1.0,0.39723265,514.51117
1.0,0.8444338,112.94108
1.0,0.99997866,151.97269
1.0,0.39879984,304.4978
1.0,0.3239508,7029.3975
1.0,0.44729057,4206.02
1.0,0.9999715,410410.34
1.0,0.5858858,72.17981
1.0,0.23901437,2159.903
1.0,0.13750419,262.37613
1.0,0.44491363,648.6954
1.0,0.2881133,90.300896
1.0,0.7068318,500.9774
1.0,0.23679686,472.43744
1.0,0.9999181,1997.975
1.0,0.51779634,99.93744
1.0,0.24317904,70.305244
1.0,0.80444735,92.46755
1.0,0.9979062,12314.504
1.0,0.99988735,12867.0625
1.0,0.28615418,66.85084
1.0,0.172184,988.30865
1.0,0.23890714,168.1774
1.0,0.9984902,1646.0537
1.0,0.9989405,85.31493
1.0,0.5587569,163.52823
1.0,0.19883518,131.97423
1.0,0.15722178,4230.2466
1.0,0.99779665,716.09076
1.0,0.45233917,82.695816
1.0,0.17498063,4266.3677
1.0,0.54739475,105.598625
1.0,0.2265024,133.1441
1.0,0.21452509,199.65144
1.0,0.18445897,2343.8484
1.0,1.0,174787.67
1.0,0.24535784,194.03984
1.0,0.99998283,4827.979
1.0,0.33955947,1222.8676
1.0,0.97600216,94.83331
1.0,0.31291834,187.01003
1.0,0.24625775,1279.3823
1.0,0.24064827,65.685295
1.0,0.18986972,4567.89
1.0,0.24876168,2070.0764
1.0,0.26157874,197.82779
1.0,0.22937573,81.09796
1.0,0.26157108,183.274
1.0,0.7009219,1054.8182
1.0,0.99553156,1193.3777
1.0,0.57662386,162.15573
1.0,0.40807965,123.78677
1.0,0.6328906,69.100296
1.0,0.5026176,87.95579
1.0,0.6954189,1787.8694
1.0,0.9999988,805293.8
1.0,0.9496112,1571.6621
1.0,0.5834704,31621.873
1.0,0.98656255,130.98343
1.0,0.72521734,73.750496
1.0,0.32080063,344.53595
1.0,0.99998116,11468.066
1.0,0.22175108,97.88615
1.0,0.2355934,1436.9767
1.0,0.3039149,192.28381
1.0,0.98876524,189.49268
1.0,0.99758816,108.61043
1.0,0.21245806,99.63494
1.0,0.4369805,518.2949
1.0,0.92403597,74.43203
1.0,0.37208462,108.44753
1.0,0.12272395,89.21503
1.0,0.48864314,924.59985
1.0,0.9983785,4252.263
1.0,0.176529,78.85429
1.0,0.5779637,70.474266
1.0,0.59690523,118.5704
1.0,0.40820318,428.04907
1.0,0.3235339,2301.975
1.0,0.9999963,20457.723
1.0,0.22991069,102.75657
1.0,0.18952318,536.64307
1.0,0.9998995,16862.596
1.0,0.5288256,213.9225
1.0,0.30516577,74.78279
1.0,0.40299115,418.37576
1.0,0.39545104,2352.0425
1.0,0.22292538,260.54993
1.0,0.48508367,419.52713
1.0,0.9999968,39729.312
1.0,0.22032124,129.941
1.0,0.14367136,65.20401
1.0,0.9995876,24139.941
1.0,0.3567695,76.50081
1.0,0.42287406,518.22125
1.0,0.45538902,211.09615
1.0,0.23511864,69.95655
1.0,0.39409897,210.19554
1.0,0.9867688,172.24683
1.0,0.56516975,90.83493
1.0,0.21091726,431.29834
1.0,0.31079277,67.01395
1.0,0.99993384,97708.33
1.0,0.33005297,176.38577
1.0,0.5334492,1113.6693
1.0,0.49587476,10411.225
1.0,0.22951625,1160.2571
1.0,0.16027364,283.1965
1.0,0.27764988,118.4343
1.0,0.5007882,11856.005
1.0,0.25540543,198.96562
1.0,0.15743825,3157.4727
1.0,0.18594109,12023.117
1.0,0.2921915,158.1713
1.0,0.22914134,8667.6045
1.0,0.262528,1030.2764
1.0,0.8564671,1064.8021
1.0,0.46536526,666.1363
1.0,0.094029956,3024.9265
1.0,0.2648598,150.81255
1.0,0.12127449,5145.563
1.0,0.4231143,895.3764
1.0,0.9987826,68147.19
1.0,0.3020742,240.53902
1.0,0.38072306,1878.4944
1.0,0.9999988,219.56494
1.0,0.65565056,6114.588
1.0,0.35698617,15094.035
1.0,0.6317263,9291.703
1.0,0.43897626,488.8905
1.0,0.42279688,5738.7456
1.0,0.97569126,2075.2651
1.0,0.38397223,344.97165
1.0,0.47292748,286.70807
1.0,0.31027085,211.74553
1.0,0.2722349,349.6442
1.0,0.9998598,72.51807
1.0,0.6868793,3615.8042
1.0,0.38425115,419.40073
1.0,0.5104635,1264.0359
1.0,0.6375869,466.6242
1.0,0.28868365,1003.01514
1.0,0.65604126,613.0301
1.0,0.9732766,2199.726
1.0,0.9889875,113.427536
1.0,0.5058182,1578.0027
1.0,0.81926894,2300.396
1.0,0.9998988,14754.235
1.0,1.0,7321.9844
1.0,0.44247222,201.1482
1.0,0.63569856,1839.0028
1.0,0.99959284,628.6318
1.0,0.22551984,108.17817
1.0,0.45733425,540.23065
1.0,0.32327157,298.6444
1.0,0.22684486,641.50165
1.0,0.5620315,642.896
1.0,0.99862325,86.30698
1.0,0.53223,9008.517
1.0,0.6112239,155.79123
1.0,0.99999213,29065.957
1.0,0.5183524,82.2821
1.0,0.99999845,2620.0679
1.0,0.99963284,1371.7192
1.0,0.45865753,16158.523
1.0,0.50037616,86.0579
1.0,1.0,7842.9727
1.0,0.16582638,106.72706
1.0,0.22125044,155.04433
1.0,0.9962549,954.8338
1.0,0.22302875,121.47315
1.0,0.36083886,780.8638
1.0,0.20326236,72.76058
1.0,0.53027123,24047.115
1.0,0.9999753,78.995575
1.0,0.14299648,910.24426
1.0,0.36510256,705.6594
1.0,0.46528012,700.15027
1.0,0.40099102,145.09193
1.0,0.18579485,30523.773
1.0,0.7119378,3566.2185
1.0,0.75469905,9490.752
1.0,0.68477774,7706.083
1.0,0.63375914,413.8616
1.0,0.36877924,345.16486
1.0,0.9999647,7365.505
1.0,1.0,404.31955
1.0,0.5062213,2757.7969
1.0,0.22159883,35566.344
1.0,0.5559134,434.78107
1.0,0.45786867,6012.134
1.0,0.35220888,11899.667
1.0,0.9999944,98.87938
1.0,0.22359118,76.07338
1.0,0.3946373,76.995346
1.0,0.35339108,568.65765
1.0,0.9873152,436.84125
1.0,0.5412611,16506.87
1.0,0.6844204,230.62617
1.0,0.32367402,104.27687
1.0,0.35378283,847.943
1.0,0.62637967,366.04944
1.0,0.20897712,85.712135
1.0,0.99103385,2257.6396
1.0,0.9999869,7462.6216
1.0,0.48633006,3534.7595
1.0,0.60938346,73.06212
1.0,0.99998367,11471.315
1.0,0.29380855,4334.938
1.0,0.26856723,477.64978
1.0,0.1946924,882.6817
1.0,0.9994978,95.38418
1.0,0.37558675,225.07986
1.0,0.270688,3794.541
1.0,0.36479774,165.72472
1.0,0.6182469,941.4491
1.0,0.91462725,10237.801
1.0,0.13476135,67.345535
1.0,0.55220205,6503.135
1.0,0.20045732,267.3877
1.0,0.16208807,7579.1675
1.0,0.29152232,153.80112
1.0,0.3131674,92.68619
1.0,0.26037735,221.02768
1.0,0.24038462,77.582405
1.0,0.18294704,105.32102
1.0,0.35775727,311.80914
1.0,0.6017607,9077.846
1.0,0.23768033,114.14709
1.0,0.97443557,773.7648
1.0,0.3320831,251.22469
1.0,0.9995459,494.3077
1.0,0.3715899,330.9214
1.0,0.62549627,88.12265
1.0,0.5129964,66.169556
1.0,0.33651435,142.3454
1.0,0.33296293,140.8134
1.0,0.2391324,242.05736
1.0,0.3826648,99.73498
1.0,0.28352293,253.22649
1.0,0.9999993,989.48834
1.0,0.2022951,612.1856
1.0,0.99952304,28903.56
1.0,0.19503579,224.61476
1.0,0.286777,769.88605
1.0,0.35103995,81.945854
1.0,0.76871777,1095.4203
1.0,0.42066944,170.63724
1.0,0.6547517,140.72267
1.0,0.1359109,82.67213
1.0,0.24846612,1477.7273
1.0,0.4098585,2366.2214
1.0,0.1359078,105.415016
1.0,0.17145555,226.15236
1.0,0.24772777,478.82965
1.0,0.28488478,229.3108
1.0,0.20559989,427.14343
1.0,0.95629376,92.77632
1.0,0.9999976,2.031523e+06
1.0,0.33745816,84.76401
1.0,0.6489649,1912.6501
1.0,1.0,5745.876
1.0,0.99999917,3861.86
1.0,0.9999894,19011.963
1.0,0.2568722,191.3233
1.0,0.9981834,250.30385
1.0,0.5541945,5401.4795
1.0,0.44788316,129.4171
1.0,0.3253051,791.48816
1.0,0.26822972,286.94708
1.0,0.9936795,66.42819
1.0,0.3385466,81.3444
1.0,0.38266173,4224.472
1.0,0.44677937,82.70358
1.0,0.19978227,301.61493
1.0,0.5199708,5386.57
1.0,0.997945,63736.336
1.0,0.39438722,3309.8281
1.0,0.99998105,6522.8286
1.0,0.99698335,121.77602
1.0,0.2321302,196.88596
1.0,0.22920528,3174.5107
1.0,0.98600453,578.4778
1.0,0.6869773,7861.0513
1.0,0.28858736,319.81442
1.0,1.0,3690.2107
1.0,0.28328234,237.93935
1.0,0.36155868,93.35369
1.0,0.7929495,427.36017
1.0,0.48623297,80.10939
1.0,0.44540557,409.6745
1.0,0.09634082,2957.056
1.0,0.14464837,865.0777
1.0,0.22606806,679.29767
1.0,0.2777868,539.2256
1.0,0.30148578,610.1962
1.0,0.27766448,4698.1045
1.0,0.70927364,2404.231
1.0,0.67917633,16633.715
1.0,0.2489953,773.8136
1.0,0.2445678,71.47566
1.0,0.30825928,373.33685
1.0,0.34315142,1735.2003
1.0,0.59469277,2188.3125
1.0,0.5127409,104.22147
1.0,0.81451046,4066.3323
1.0,0.9999999,7954.3765
1.0,0.5043222,169.69931
1.0,0.17214891,7514.817
1.0,0.49489987,3525.4246
1.0,0.3861237,269.88147
1.0,0.20859736,90.799385
1.0,0.83696806,184.37874
1.0,0.5932699,10694.513
1.0,0.99015385,2750.2961
1.0,0.29176116,420.15936
1.0,0.37944067,208.7685
1.0,0.9999999,3381.393
1.0,0.17594904,81.75619
1.0,0.16409154,404.03064
1.0,0.22848566,1652.4023
1.0,0.21611488,1264.0089
1.0,0.34861693,957.3621
1.0,0.99839836,11442.371
1.0,0.31389457,299.9088
1.0,0.20152417,442.95218
1.0,0.16744058,91.412346
1.0,0.367666,80.65682
1.0,0.426318,227.33888
1.0,0.9999951,2383.0144
1.0,0.35445815,111.10033
1.0,0.17167917,1892.3726
1.0,0.2808,1480.397
1.0,0.4398165,1382.6333
1.0,0.62902206,510.53156
1.0,0.11619316,7642.6343
1.0,1.0,1.0391468e+06
1.0,0.9999999,2770.1482
1.0,0.22962032,13928.144
1.0,0.30444217,20966.873
1.0,0.9995962,13982.462
1.0,0.426054,178.07901
1.0,0.31609148,81.980995
1.0,0.28570044,147.49384
1.0,0.16604179,553.2851
1.0,0.9999974,2936.5334
1.0,0.42482182,533.10187
1.0,0.18967952,377.5035
1.0,0.4203209,231.96718
1.0,0.23604116,91.39441
1.0,0.5125386,5071.2476
1.0,0.47107363,2763.8716
1.0,0.88847166,93.49071
1.0,0.5105883,72.526146
1.0,0.31479454,1280.5853
1.0,0.8011699,11763.928
1.0,0.42894834,95.490456
1.0,0.26604995,369.2894
1.0,0.5667503,114.449905
1.0,0.9999993,1804.109
1.0,0.65862626,74.72386
1.0,0.99984396,10411.396
1.0,0.47132552,4083.033
1.0,0.37663713,4596.108
1.0,0.19041172,1095.869
1.0,0.37778205,2237.4294
1.0,0.6169093,121.44361
1.0,0.12911907,98.61002
1.0,0.20194457,375.98212
1.0,0.5975737,1003.6926
1.0,0.9999205,143.35255
1.0,0.2522567,328.39642
1.0,0.19971953,65.62921
1.0,0.30252138,8474.488
1.0,0.3369734,125.817894
1.0,0.16025521,71.45841
1.0,0.30328214,23109.27
1.0,0.22419262,374.80496
1.0,0.51712203,628.2923
1.0,0.9997762,123.25596
1.0,0.308061,118.52465
1.0,0.42157975,859.4843
1.0,0.9999821,2793.3633
1.0,0.45559216,382.82407
1.0,0.48027214,8202.643
1.0,0.9999938,1230.9988
1.0,0.65637624,2748.4443
1.0,0.2429623,295.83823
1.0,0.5510178,3.6007e+10
1.0,0.24848244,304.15195
1.0,0.83287674,143.85458
1.0,0.2242642,95.793045
1.0,0.9999777,6149.9053
1.0,0.33961052,652.7406
1.0,0.24533655,7269.8633
1.0,1.0,1.1652155e+06
1.0,0.23136643,425.6042
1.0,0.48124123,3814.8433
1.0,0.53030807,542.4125
1.0,0.47062212,193.25624
1.0,0.4921266,222.30444
1.0,1.0,10804.547
1.0,0.20084369,424.2682
1.0,0.99873453,2368.9143
1.0,0.29643324,87.89482
1.0,0.41344255,157.16093
1.0,0.28745455,129.31262
1.0,0.30306345,287.81165
1.0,0.79364336,83.81166
1.0,0.9999871,1216.9841
1.0,0.20677812,2544.4302
1.0,0.27724898,241.47841
1.0,0.9999999,278.74057
1.0,0.16495655,70.04328
1.0,0.35685045,286.20734
1.0,0.18848257,332.6936
1.0,0.22193043,71.18635
1.0,0.59675086,19188.371
1.0,0.8138446,1604.4504
1.0,0.9908959,913.23236
1.0,0.664538,91.06076
1.0,0.16373444,4573.4053
1.0,0.4331756,14248.699
1.0,0.1591441,147.70476
1.0,0.3139348,168.69244
1.0,0.34808758,67.29331
1.0,0.70310307,5293.945
1.0,0.2680905,299.9472
1.0,0.6880729,1244.3186
1.0,0.9829637,692.34265
1.0,0.38672963,77.89867
1.0,0.42741746,73.03557
1.0,0.40988064,75.55786
1.0,0.1358944,255.65837
1.0,0.18942238,82.67162
1.0,0.9999126,71.10297
1.0,0.8038726,230.41573
1.0,0.7275409,81.78923
1.0,0.9869257,109.74531
1.0,0.461625,3136.7852
1.0,0.25534168,1660.3771
1.0,0.16924377,2068.651
1.0,0.21889363,4044.9226
1.0,0.4934487,72.17171
1.0,0.38116232,173.58272
1.0,0.99999917,1.3194728e+06
1.0,0.9999101,25957.61
1.0,0.17659484,80.292015
1.0,0.3267713,76.73404
1.0,0.2630796,1826.9398
1.0,0.8587191,104.08819
1.0,0.4549802,2284.3818
1.0,0.24294159,115.34609
1.0,1.0,7249.263
1.0,0.99999964,9099.999
1.0,0.9999999,131.44235
1.0,0.998432,459.65118
1.0,0.35239834,16730.588
1.0,0.3489324,151.79059
1.0,0.45932406,1580.2427
1.0,0.41352826,869.9702
1.0,0.32782882,190.17456
1.0,0.23599476,6528.589
1.0,0.18034492,94.906586
1.0,0.31988257,273.85428
1.0,0.23523317,104.20946
1.0,0.99769455,926.26013
1.0,0.53373367,88.006256
1.0,0.93675214,1787.7703
1.0,0.41153926,92.36785
1.0,0.51073647,16161.486
1.0,0.30872637,143.75954
1.0,0.9999993,407.75183
1.0,0.99999535,2.574643e+06
1.0,1.0,5876.4165
1.0,0.9903756,953.16626
1.0,0.2986394,656.08673
1.0,1.0,200.52625
1.0,0.16668299,16388.98
1.0,1.0,3733.2847
1.0,0.24467897,904.53314
1.0,0.6101459,65.32665
1.0,0.3940407,1739.7673
1.0,0.22953935,67.14029
1.0,0.2633291,11186.24
1.0,0.19232152,1551.5605
1.0,0.9997806,420.1522
1.0,0.44100407,1865.8066
1.0,0.23342496,121.84536
1.0,0.25284824,15976.08
1.0,1.0,2048.69
1.0,0.16794086,94.47832
1.0,0.42080137,10549.723
1.0,0.4666441,113.67002
1.0,0.257438,1002.10205
1.0,0.3650065,3091.8076
1.0,0.44803286,3904.208
1.0,0.26622015,682.9726
1.0,0.9731016,97.1686
1.0,0.17397954,85.14756
1.0,0.15955953,76.01268
1.0,0.32059085,535.0381
1.0,0.81071925,81.76234
1.0,0.99999,5260.504
1.0,0.39322641,509.25653
1.0,0.5000427,117.1938
1.0,0.9999995,17648.193
1.0,0.79224825,46896.215
1.0,0.24331091,1404.1592
1.0,0.32730746,235.15959
1.0,0.30623358,227.81201
1.0,0.87042075,73.133385
1.0,0.27396956,1469.4733
1.0,0.9999995,61633.57
1.0,0.7135687,660.148
1.0,0.32288116,155.05574
1.0,0.39879984,3380.3647
1.0,0.33947635,227.44275
1.0,0.9998454,291.0829
1.0,0.44084284,487.59137
1.0,0.21892542,974.1622
1.0,0.22435752,98.56388
1.0,0.33676088,12009.054
1.0,0.24855006,79.7549
1.0,0.42959347,120.442116
1.0,0.22912024,675.9196
1.0,0.8822503,19468.066
1.0,0.3575405,19284.174
1.0,0.53045565,117.31559
1.0,0.5738611,165.34059
1.0,0.99995756,181.70305
1.0,0.34399483,74.62326
1.0,0.40227613,103.471855
1.0,0.32072312,274.98535
1.0,0.25286567,391.65088
1.0,0.27592954,509.2579
1.0,0.30308977,232.6763
1.0,1.0,581.9126
1.0,0.30571446,233.70915
1.0,0.4325574,602.88574
1.0,0.7177154,6424.561
1.0,0.7573301,5797.835
1.0,0.9825807,76.50942
1.0,0.986751,75.785095
1.0,0.47091305,80.52973
1.0,0.9999584,3853.1416
1.0,0.6351528,1307.1204
1.0,0.44468996,734.31415
1.0,0.3617596,24488.451
1.0,0.2573112,133.66621
1.0,0.48230192,82.0839
1.0,0.18759239,71.71581
1.0,0.9999709,9007.765
1.0,0.5818694,2486.6716
1.0,0.9928767,4318.864
1.0,0.9982723,112.47597
1.0,0.20676361,74.72403
1.0,0.27391094,319.1581
1.0,0.24599221,135.79797
1.0,0.4691654,283.43945
1.0,0.4553594,88.87739
1.0,0.99999857,110.33533
1.0,0.40162832,73.88858
1.0,0.6876931,2682.5415
1.0,0.9418307,86.24661
1.0,0.21711265,76.65436
1.0,0.4984707,88.11668
1.0,0.31160578,251.37506
1.0,0.3953016,528.4395
1.0,0.9999999,723.69763
1.0,0.6369687,5740.504
1.0,0.44542885,2127.6792
1.0,0.9999511,42684.105
1.0,0.18249609,105.67262
1.0,0.5233694,70.83459
1.0,0.30301028,547.8101
1.0,0.22227791,655.3661
1.0,0.9999931,527.58673
1.0,0.17979202,1884.1791
1.0,0.98248255,6320.2744
1.0,0.5339167,86.225876
1.0,0.70947933,95.0749
1.0,0.50148225,122.53056
1.0,0.2630636,5499.7915
1.0,0.49192962,211.54662
1.0,0.43190077,637.45013
1.0,0.5371708,84.84788
1.0,0.31218347,73.05033
1.0,0.47513527,4177.5356
1.0,0.36597174,66.23021
1.0,0.30748487,210.38625
1.0,0.32966596,287.86172
1.0,0.9984841,827.3601
1.0,0.95396703,2705.6135
1.0,0.17809547,102.03239
1.0,0.44774154,651755.94
1.0,1.0,205.05577
1.0,0.98368984,10541.085
1.0,0.38996604,692.7312
1.0,0.9352533,26956.594
1.0,0.988977,25821.705
1.0,0.6636105,1710.5873
1.0,0.25445113,266.78333
1.0,0.32359472,230.91643
1.0,0.6332436,179.30444
1.0,0.21448176,5928.791
1.0,0.9813649,496.38855
1.0,0.3197411,320.96014
1.0,0.31238914,70.673546
1.0,0.9543166,25029.04
1.0,1.0,1131.3823
1.0,0.18469617,888.4909
1.0,0.9950937,9140.104
1.0,0.9999999,5201.291
1.0,0.50286514,139.83275
1.0,0.44974878,208.54214
1.0,1.0,1.4586542e+06
1.0,0.45928147,67.7339
1.0,0.99464464,2100.7314
1.0,0.7710818,15759.82
1.0,0.99896336,79.29437
1.0,0.99255776,627.7159
1.0,0.9999821,184.11989
1.0,0.9618955,773.0608
1.0,0.2762418,221.96007
1.0,0.41853318,537.86176
1.0,0.59980077,410.86978
1.0,0.9999918,192.18303
1.0,0.99973696,986.431
1.0,0.2294707,502.7241
1.0,0.19656675,935.8062
1.0,0.69872373,9349.974
1.0,0.6620173,5225.323
1.0,0.25627664,253.44511
1.0,0.19399638,309.41898
1.0,0.2733926,754.4218
1.0,0.97347826,11745.085
1.0,0.25638515,74.05197
1.0,0.3548153,349.525
1.0,0.19169983,90.0551
1.0,0.26938078,296.49313
1.0,0.22650953,1660.1356
1.0,0.28454897,248.75946
1.0,0.3177047,271.95206
1.0,0.99999464,10288.95
1.0,0.9999994,11970.784
1.0,0.25828147,90.86149
1.0,1.0,3178.307
1.0,0.343266,377.8041
1.0,0.3401222,103.11444
1.0,0.35685676,542.7404
1.0,0.35296425,6494.4297
1.0,0.20042086,502.80524
1.0,0.34274256,308.1302
1.0,0.27026206,129.26422
1.0,0.9788842,2719.219
1.0,0.19208887,4406.212
1.0,0.2197167,212.36719
1.0,0.3896256,214.25534
1.0,0.99955064,171.9379
1.0,0.21711782,1771.3451
1.0,0.53712374,593.416
1.0,0.89256966,425.60608
1.0,0.35910633,65.1066
1.0,0.99263376,73.70188
1.0,0.9999758,1619.401
1.0,0.834976,4405.0557
1.0,0.1804882,134.86893
1.0,0.6964752,510.94794
1.0,0.99867505,225.45941
1.0,0.5499945,3807.161
1.0,0.45436022,145.21027
1.0,0.20207728,1367.4381
1.0,0.9993949,373.79214
1.0,0.42721063,68.90996
1.0,0.41363847,90.24806
1.0,0.35614172,77.68816
1.0,0.14394717,2060.1035
1.0,0.20725425,92.1224
1.0,0.6449792,4872.606
1.0,0.57560647,121.88216
1.0,0.5147592,122.966354
1.0,0.39238703,7091.3047
1.0,0.67753047,4836.378
1.0,0.27783448,1280.0216
1.0,0.294409,136.63101
1.0,0.38934076,111.42724
1.0,0.23173101,2984.5496
1.0,0.9999031,10313.199
1.0,0.46452582,2290.1982
1.0,0.50376344,8276.436
1.0,0.35231584,82.946846
1.0,0.32134542,1170.0858
1.0,0.18454187,163.55014
1.0,0.41406292,21471.387
1.0,0.25663278,1210.3009
1.0,0.2724123,174.8514
1.0,0.47145456,75.894554
1.0,0.30133125,125.425766
1.0,1.0,2100.2898
1.0,0.9999999,6.4786545e+06
1.0,0.30590692,208.5615
1.0,0.47328165,621.8183
1.0,0.79733187,1185.8439
1.0,0.2723373,276.4961
1.0,0.29061955,171.41783
1.0,0.9986784,136.77623
1.0,0.41225487,1829.1185
1.0,0.24092518,170.6673
1.0,0.1702439,97.37074
1.0,0.16013497,23048.658
1.0,0.21751544,390.7107
1.0,0.51698744,1323.5623
1.0,0.17164713,128.56105
1.0,0.3407901,93.26978
1.0,0.29872704,776.24603
1.0,0.34038165,1953.8348
1.0,0.99414057,115.78741
1.0,0.224414,305.99606
1.0,1.0,3849.262
1.0,0.17114326,87.65721
1.0,0.43353683,2429.7932
1.0,0.46631077,202.6999
1.0,0.393387,8268.171
1.0,0.68685615,1405.7596
1.0,0.41592968,74.5309
1.0,0.99612087,33972.758
1.0,0.23066287,192.8082
1.0,0.9994742,3051.1191
1.0,0.33091885,112.760605
1.0,1.0,9877.934
1.0,0.55805707,14654.719
1.0,0.20922753,188.1822
1.0,0.9999939,183.59332
1.0,0.93393534,95317.305
1.0,1.0,2134.7998
1.0,0.834843,1884.5784
1.0,0.5412016,104.67003
1.0,0.5245402,1072.7534
1.0,0.23049445,72.112144
1.0,0.18567912,258.01953
1.0,0.25175703,2604.814
1.0,0.8230928,1285.3593
1.0,0.4048505,812.5023
1.0,0.16494681,691.9034
1.0,0.23756053,133.12225
1.0,0.22864082,504.34286
1.0,0.25146365,1564.1873
1.0,0.61929476,5594.1616
1.0,0.25612837,91.77476
1.0,0.19701432,66031.586
1.0,0.39879984,391.733
1.0,0.14312188,28140.807
1.0,0.9934668,261.0649
1.0,0.52147454,110.066475
1.0,0.99999666,4527.0435
1.0,0.9997787,1450.4884
1.0,1.0,421.71548
1.0,0.4470169,2363.478
1.0,0.94210654,1084.1401
1.0,1.0,151.4563
1.0,0.85645276,847.3846
1.0,0.24391337,101.03576
1.0,0.18847716,1655.1024
1.0,0.56179285,116.9368
1.0,0.2997892,3019.4065
1.0,0.9972017,3913.8027
1.0,0.99991953,195.50053
1.0,0.18813741,18022.975
1.0,0.32150087,511.46628
1.0,0.38842326,357.73227
1.0,0.34651443,469.41086
1.0,0.22279257,7186.794
1.0,0.21135685,4034.176
1.0,0.43715093,641.6454
1.0,0.3964833,1411.8433
1.0,0.16925634,2774.5999
1.0,0.6485393,93.138824
1.0,0.29930842,214.59566
1.0,0.96941805,450.59506
1.0,0.5486299,2106.1658
1.0,1.0,2801.026
1.0,0.7653447,192.98346
1.0,0.31578487,549.9972
1.0,0.2597238,74.17529
1.0,0.99895704,495.15918
1.0,0.5182416,95.02353
1.0,0.99919957,174.75237
1.0,0.63645256,5139.578
1.0,0.19807315,50614.965
1.0,0.6285438,4883.4033
1.0,1.0,5250.32
1.0,0.90168226,905.1267
1.0,0.30987614,618.25037
1.0,0.57803506,2906.2288
1.0,0.49476862,920.682
1.0,0.15849414,148.75064
1.0,0.23215179,399.1209
1.0,0.38828176,472.80197
1.0,0.22188614,202.35556
1.0,0.28123263,1219.2424
1.0,0.9999964,2464.135
1.0,0.29887193,259.05307
1.0,0.26142067,257.2374
1.0,0.8538488,2407.0862
1.0,0.1320364,99.07744
1.0,0.99998283,16921.742
1.0,0.54902804,2378.2312
1.0,0.54974604,161.37177
1.0,0.29689193,67.801895
1.0,0.9993405,6.9342515e+06
1.0,0.4156347,712.9723
1.0,0.6553756,2831.9338
1.0,0.9972633,78.659424
1.0,0.9999994,85.607735
1.0,1.0,1071.0963
1.0,1.0,10685.111
1.0,1.0,907.1339
1.0,0.33740556,205.20961
1.0,0.9880922,1000.5453
1.0,0.71968293,2316.254
1.0,0.17838489,1399.607
1.0,0.27143502,104.28958
1.0,0.9804975,216.57782
1.0,0.2836538,2044.0446
1.0,0.33648077,227.02086
1.0,0.40143922,1121.8921
1.0,0.9860042,4337.823
1.0,0.13518502,818.7301
1.0,0.30363896,94.03034
1.0,0.56835055,151.86118
1.0,0.47829264,883.03894
1.0,0.24084339,69.6686
1.0,0.39796948,478.08185
1.0,0.46900612,664.0777
1.0,0.21187,81.245636
1.0,0.7141662,315.9281
1.0,0.42397875,447.13684
1.0,0.2180579,141.99037
1.0,0.2180579,141.99037
1.0,0.9829427,1850.2565
1.0,0.36272228,109.31784
1.0,0.5180773,430.85297
1.0,0.19368525,100.145035
1.0,0.87069714,1217.1478
1.0,0.8328551,5453.4307
1.0,0.23071279,194.8493
1.0,0.32580015,719.0977
1.0,0.24042213,270.82495
1.0,0.44439045,189.43579
1.0,0.99884206,2007.1216
1.0,0.1666971,447.02298
1.0,0.44689414,1488.6976
1.0,0.22526729,65.51086
1.0,0.2938967,97.538925
1.0,0.3918573,81.13862
1.0,0.73092586,149.72823
1.0,0.51030666,162.67769
1.0,0.99555415,1377.5239
1.0,0.22581019,902.8122
1.0,0.34182483,915.6717
1.0,0.99810505,2998.5386
1.0,0.28196818,33285.93
1.0,1.0,9656.916
1.0,0.5136898,841.736
1.0,0.2774372,14022.649
1.0,0.3794711,4714.4536
1.0,0.30940443,5291.3735
1.0,0.50843066,1315.9006
1.0,0.35568938,67.80528
1.0,0.27951258,87.03653
1.0,0.5369555,2407.998
1.0,0.26551154,101.419205
1.0,0.35516188,2918.168
1.0,0.2026966,856.4346
1.0,0.4089918,679.3652
1.0,0.26940614,103.65464
1.0,0.4686092,98.965836
1.0,0.26403478,6179.518
1.0,0.33816883,28917.24
1.0,0.25847977,77.66921
1.0,0.30662155,93.80019
1.0,0.23410639,492.32343
1.0,0.19486405,123.01517
1.0,0.70340914,150.39609
1.0,0.8372049,430.5756
1.0,0.5742321,110.265335
1.0,0.32385948,4035.175
1.0,0.9872946,79.86169
1.0,1.0,578.0867
1.0,0.6740826,582.14014
1.0,0.26056394,325.57742
1.0,0.9895879,80.161385
1.0,0.6564828,804.6654
1.0,0.5275445,9595.583
1.0,0.81499964,1204.7233
1.0,0.31390968,164.73718
1.0,0.2083419,84.19093
1.0,0.34903947,159.67978
1.0,0.29034913,150.41112
1.0,0.6644122,963.64325
1.0,0.35811815,1821.106
1.0,1.0,1297.7046
1.0,0.23447774,162.94763
1.0,0.58442646,88.84831
1.0,0.9371603,68.06233
1.0,0.704447,44129.66
1.0,0.99999785,32787.906
1.0,0.12407377,7157.3154
1.0,0.99988544,363.857
1.0,0.9957553,96502.81
1.0,0.12793337,71.56655
1.0,0.40887243,513.1994
1.0,0.30636424,92.490395
1.0,0.99997973,22815.531
1.0,0.96749276,92.301346
1.0,0.9999932,84216.81
1.0,0.63846534,2316.788
1.0,0.24855164,2696.888
1.0,0.27405432,701.0352
1.0,0.43054765,1496.8442
1.0,0.31259885,76.178444
1.0,0.4169745,1882.0164
1.0,0.9987685,1654.6427
1.0,0.17663978,40709.11
1.0,0.87039024,4219.7554
1.0,0.41345254,203.05809
1.0,0.17185602,961.5844
1.0,0.48431647,691.16766
1.0,0.123944625,50678.305
1.0,0.9718553,1287.6221
1.0,0.333474,67.77151
1.0,0.16027944,23504.238
1.0,0.26316676,253.64137
1.0,0.45888788,205.94781
1.0,0.35664746,87.22533
1.0,0.94296086,126.94268
1.0,0.31544536,741.4183
1.0,0.41926524,6269.0317
1.0,0.5540812,284.2048
1.0,0.3128049,66.17853
1.0,0.28696516,443.97418
1.0,0.8865293,1139.6244
1.0,0.26539,904.8346
1.0,0.37228662,82.626755
1.0,0.17905842,92.5892
1.0,0.6229532,14046.148
1.0,0.18595298,274.82538
1.0,0.2138417,564.50586
1.0,0.22556385,140.72406
1.0,0.98527896,161.82927
1.0,0.2814915,739.00287
1.0,0.5768179,2816.8628
1.0,0.9999156,109.194466
1.0,0.56540704,10872.103
1.0,0.29505858,82.66482
1.0,1.0,196.67995
1.0,0.32868242,160.56628
1.0,0.32541877,458.84668
1.0,0.6073958,110.895706
1.0,0.42225406,95.76481
1.0,0.54497415,103.959755
1.0,0.25582886,106.63587
1.0,0.15703472,138.78256
1.0,0.17733283,1054.1172
1.0,0.12291724,317.7602
1.0,0.06437123,18800.11
1.0,0.5219461,16573.773
1.0,0.88356483,2375.5562
1.0,0.2851727,256.1637
1.0,0.46271068,3003.4282
1.0,0.47123823,232.81276
1.0,0.27288815,137.71866
1.0,0.32620984,103.0901
1.0,0.2022072,90.01675
1.0,0.23714517,578.0225
1.0,0.3147544,403.8355
1.0,0.14934026,89.40777
1.0,0.99158233,418.10782
1.0,0.59502906,5179.024
1.0,0.3205994,881.38306
1.0,0.29119372,114.86806
1.0,0.7559052,309.93085
1.0,0.442115,81.219055
1.0,1.0,30300.652
1.0,0.9682407,1098.0563
1.0,0.3815439,161.53769
1.0,0.9996917,5649.247
1.0,0.093789145,613.43744
1.0,0.59455615,77.757416
1.0,0.30826014,2249.2312
1.0,0.46494138,88.88061
1.0,0.35813436,96.36488
1.0,0.07283613,3066.829
1.0,0.9417758,95.82539
1.0,0.9102711,944.47437
1.0,0.25930005,143.44853
1.0,0.37874985,598.9702
1.0,0.46435013,222.86618
1.0,0.39879984,3055.3481
1.0,0.32669586,171.32019
1.0,0.44889396,1129.6284
1.0,0.17976783,239.72537
1.0,0.2889619,6918.745
1.0,0.25266707,403.98874
1.0,0.43703154,82.81962
1.0,0.39879984,84.51374
1.0,0.23941228,304.48694
1.0,0.16390178,11357.297
1.0,0.15135938,76.98797
1.0,0.2422176,94.41703
1.0,0.24549784,461.29938
1.0,0.45637852,5434.28
1.0,0.21385472,741.4484
1.0,0.46524414,588.31885
1.0,0.3237678,25739.73
1.0,0.42607513,337.11026
1.0,0.44708622,9499.071
1.0,0.34503233,69.63052
1.0,0.36476883,169.16086
1.0,0.9989987,4083.6562
1.0,0.23525758,85.712746
1.0,0.18605796,103.05988
1.0,0.78348655,94.45062
1.0,0.997908,157.56212
1.0,0.7858774,777.49097
1.0,0.32718673,22898.398
1.0,0.9315883,6.210412e+06
1.0,0.48384202,93.17061
1.0,0.37925836,136.9047
1.0,0.49715868,454.8989
1.0,0.99999964,1.0585296e+06
1.0,0.2220682,4973.6836
1.0,0.23192625,637.05444
1.0,0.999997,162.39609
1.0,0.49095097,85.72942
1.0,0.2566834,38547.367
1.0,0.4187791,2347.7466
1.0,0.2015702,115.031876
1.0,0.80986434,116.796295
1.0,0.34432653,1850.8407
1.0,0.3745387,74.27229
1.0,0.28169966,1545.6707
1.0,0.22346336,137.16129
1.0,0.17644483,884.8256
1.0,0.25847614,3238.892
1.0,0.20199572,85.477936
1.0,0.3276808,735.7378
1.0,0.9999633,1525.1185
1.0,0.92903274,5106.9805
1.0,0.23326099,174.38408
1.0,0.20318426,456.55612
1.0,0.6440087,1924.1305
1.0,0.99708325,460.0147
1.0,0.46340108,72.09013
1.0,0.9999875,174.2238
1.0,0.25959036,263.134
1.0,0.17615971,65.23067
1.0,0.99842876,740.03406
1.0,0.2504489,91.19844
1.0,0.84873444,74.8031
1.0,0.29380977,66.303185
1.0,0.7116071,2709.6
1.0,0.24734871,416.24704
1.0,0.47058603,300.44406
1.0,0.32632014,618.507
1.0,0.1116887,20509.066
1.0,0.43697837,69.13562
1.0,0.39879984,2004.4656
1.0,0.99650747,706.8226
1.0,0.35479343,117.79353
1.0,0.29036275,1595.1279
1.0,0.30208203,2335.16
1.0,0.99501425,99.82821
1.0,0.1914729,107.49424
1.0,0.118717,66.18191
1.0,0.28447273,603.4421
1.0,0.28447273,603.4421
1.0,0.9688173,1354.9565
1.0,0.99998903,379.70627
1.0,0.9999522,154.709
1.0,0.18118969,5994.7026
1.0,0.3784895,50145.125
1.0,0.33582884,111.59436
1.0,0.750058,9302.263
1.0,0.99315953,2034.8984
1.0,0.33014014,1004.21844
1.0,0.5274492,98.289444
1.0,0.42341718,647.77795
1.0,0.6461836,16296.731
1.0,0.4025664,229.01265
1.0,0.9863944,72.14742
1.0,0.2786716,140.88167
1.0,0.39491928,232.35234
1.0,0.38865805,112.71574
1.0,0.29707435,1517.7218
1.0,0.49437073,1060.555
1.0,0.36568722,88.172516
1.0,0.1891075,216.76755
1.0,0.27046645,2838.9385
1.0,0.4740005,18210.85
1.0,0.2852847,2280.5815
1.0,0.19244812,66.9102
1.0,0.18119305,102.39544
1.0,0.22919233,87.790634
1.0,0.99949837,303.65863
1.0,0.47390014,119.563354
1.0,0.29337376,275.2007
1.0,0.48861107,13462.925
1.0,0.42748153,68.26195
1.0,0.6186856,4799.571
1.0,0.2922413,85.3911
1.0,0.9999893,10045.184
1.0,0.9999702,2242.9402
1.0,1.0,10404.025
1.0,0.11960775,10543.168
1.0,0.99996483,808.1339
1.0,0.46552724,4619.025
1.0,0.15858251,1912.731
1.0,0.24558385,103.85702
1.0,0.99670035,15600.914
1.0,1.0,5353.287
1.0,0.2985788,2025.1515
1.0,0.23255788,660.9208
1.0,0.99993145,954.4617
1.0,0.9158127,66.469574
1.0,0.9748906,489.1485
1.0,0.46757823,34144.4
1.0,0.557665,18640.713
1.0,0.39879984,605.81
1.0,1.0,238.69582
1.0,0.3093887,4334.3574
1.0,0.54501975,467.42514
1.0,0.1707328,748.7987
1.0,0.19747941,50777.332
1.0,0.49701774,504.06635
1.0,0.201267,84.597206
1.0,0.34282267,433.92313
1.0,0.5856358,427.6587
1.0,0.15951742,41926.164
1.0,0.61997825,208.59607
1.0,0.97407055,75.23885
1.0,0.90824175,410.3599
1.0,0.9958262,1267.9286
1.0,0.39405555,3708.5496
1.0,0.99996734,222.40259
1.0,0.5695791,219.8123
1.0,1.0,158.66736
1.0,0.36615583,4757.349
1.0,1.0,7308.0493
1.0,0.44207385,1513.2766
1.0,0.34691113,18524.355
1.0,0.18339652,16782.525
1.0,0.3204365,74.43393
1.0,0.5187492,10482.822
1.0,0.70415956,2448.337
1.0,0.9478809,2906.4043
1.0,0.99200165,199.28526
1.0,0.99940085,1108.4263
1.0,0.99960035,517.2313
1.0,0.99989414,109.68682
1.0,0.99987185,1925.8743
1.0,0.7788927,81.29864
1.0,0.31723896,557.82697
1.0,0.28120115,7745.4165
1.0,0.451318,270.08112
1.0,0.5748153,164.7133
1.0,0.26871586,119.35153
1.0,0.8586423,104.648544
1.0,0.35632998,69.62842
1.0,0.9997079,4263.301
1.0,0.38915747,3497.9163
1.0,0.34015834,14883.8955
1.0,0.10246746,9490.294
1.0,0.95704997,188.12726
1.0,0.20763293,868.2793
1.0,0.20472555,3609.735
1.0,0.20877397,1054.9039
1.0,0.34569284,82.63145
1.0,0.39388388,173.5386
1.0,0.99999976,5141.2373
1.0,0.12856515,2631.652
1.0,0.6905839,80.10139
1.0,0.21070904,828.1899
1.0,0.17538668,111.2683
1.0,0.9999745,1172.2012
1.0,0.26464427,112.286934
1.0,0.77036446,67.74928
1.0,0.38686228,74.854385
1.0,1.0,3701.825
1.0,0.32376748,69.501854
1.0,0.46283972,74.66026
1.0,0.3188352,4009.0493
1.0,0.29172257,1595.0709
1.0,0.45099074,922.0548
1.0,0.9999268,492.54266
1.0,0.17690949,3546.636
1.0,1.0,890.037
1.0,0.99949455,7925.5034
1.0,0.99995863,231.75359
1.0,0.18168852,108.83676
1.0,0.97788244,827.2733
1.0,0.2249143,176.26903
1.0,0.24796842,20621.242
1.0,0.42099887,15510.138
1.0,0.561973,4558.581
1.0,0.22043249,114.40989
1.0,0.9999621,12699.621
1.0,0.37067047,183.56439
1.0,0.35529107,370.56638
1.0,0.24145624,1461.612
1.0,0.99988174,435.53
1.0,0.39879984,1225.9448
1.0,0.3358611,82.520584
1.0,0.21279874,105.58419
1.0,0.44306645,83.8564
1.0,0.12903938,16479.236
1.0,0.99968505,856.8136
1.0,0.9989636,6585.7236
1.0,0.39668635,2482.4214
1.0,0.44092005,80.14264
1.0,0.35672495,71.2353
1.0,0.3233548,5398.411
1.0,0.97491044,82.63977
1.0,0.23642237,122.47878
1.0,0.9999995,325.28568
1.0,0.5032555,379.66708
1.0,0.7385381,2076.3079
1.0,0.10091115,76715.46
1.0,1.0,1300.9695
1.0,0.14074513,73.188934
1.0,0.99999297,33610.02
1.0,0.31624833,804.29047
1.0,0.28182846,1129.3109
1.0,0.53386736,2283.1257
1.0,0.61592966,838.7529
1.0,0.9951871,8897.531
1.0,0.9999999,18154.473
1.0,0.46051908,408.4903
1.0,0.35350832,15972.222
1.0,0.34252253,1335.5436
1.0,0.16633596,1549.5585
1.0,0.5065266,2465.231
1.0,0.9999844,114.055885
1.0,0.225783,98.903595
1.0,1.0,2.904688e+07
1.0,0.26838335,148.61002
1.0,0.32689837,95.59129
1.0,0.15122214,2023.2891
1.0,0.30755293,1029.3035
1.0,0.25853404,372.33905
1.0,0.44287902,252.93431
1.0,0.5452392,461.5043
1.0,0.25883168,84.205215
1.0,0.3642697,136.03302
1.0,0.5465924,5427.983
1.0,0.6062865,11224.034
1.0,0.2978998,2155.7036
1.0,0.26977655,68.485695
1.0,0.3508232,2650.8936
1.0,0.9999788,245.9394
1.0,0.4194301,694.1786
1.0,0.49080446,160.7997
1.0,0.9988697,4662.534
1.0,0.41061756,740.3831
1.0,0.2767168,78.10228
1.0,0.4195727,1164.2142
1.0,0.24485426,110.47328
1.0,0.56285554,106.05724
1.0,0.20982063,1252.2844
1.0,0.27128872,96.63095
1.0,0.26901147,228.08168
1.0,0.22553106,281.70947
1.0,0.27501854,72.3389
1.0,0.5039556,178.10072
1.0,0.5612837,343.10995
1.0,0.33101144,45913.62
1.0,1.0,76.021965
1.0,0.30434638,225.4537
1.0,0.7768561,101.23492
1.0,0.3464751,86.9975
1.0,0.99997413,336.55847
1.0,0.10441414,471.64447
1.0,0.041945342,3869.5698
1.0,1.0,589.0027
1.0,0.15439528,324.90787
1.0,0.21796398,133.09718
1.0,0.790428,2017.6012
1.0,0.70675176,2965.8284
1.0,0.9999982,752.6137
1.0,0.22377159,710.9621
1.0,0.24604988,431.8255
1.0,0.23430955,147.54364
1.0,0.36819628,7915.416
1.0,0.46418488,233.5137
1.0,0.5169613,69.64769
1.0,0.36476707,1751.9576
1.0,0.8399312,200.40761
1.0,0.25331852,10126.287
1.0,0.15656196,11642.295
1.0,0.41018996,79.45977
1.0,0.2238968,13663.484
1.0,0.48791385,8359.699
1.0,0.3966302,1231.0326
1.0,0.9999888,181.87111
1.0,0.17864244,398.3073
1.0,0.9475734,1747.0057
1.0,0.52847034,158.47568
1.0,0.29561147,94.96079
1.0,0.99908113,4241.5386
1.0,0.78634226,819.02954
1.0,0.5727971,7280.387
1.0,0.24604356,431.30545
1.0,0.20308882,723.3481
1.0,0.11977185,3806.304
1.0,0.29843292,6412.51
1.0,0.3769111,111.9891
1.0,0.22819063,304.5366
1.0,1.0,3393.98
1.0,0.35245505,603.2589
1.0,0.3788659,121.55694
1.0,0.2685384,211.66138
1.0,0.22297959,1362.9951
1.0,0.9999958,255.5635
1.0,0.3082374,380.3862
1.0,0.5954525,885.64545
1.0,0.996933,22686.014
1.0,0.64862365,138.62677
1.0,0.42178565,1759.1812
1.0,0.37209165,126.47148
1.0,0.25471815,548.33484
1.0,0.23698497,1078.2432
1.0,0.99999976,1118.2003
1.0,0.62846506,2302.3945
1.0,0.5634129,65.6349
1.0,0.33017525,1900.3094
1.0,0.23553047,1024.1444
1.0,0.3424306,72.106125
1.0,0.4375684,2041.9854
1.0,0.99071467,349.54803
1.0,0.41893733,1924.5361
1.0,0.4492666,1448.6884
1.0,0.21634929,180.81635
1.0,0.2618613,129.16945
1.0,0.23161934,99.44548
1.0,0.5258721,15267.026
1.0,1.0,3926.461
1.0,0.43930382,109.222824
1.0,0.40891758,1930.0867
1.0,0.5652975,496.51364
1.0,0.58021814,91.38949
1.0,0.39071605,925.6735
1.0,0.26851854,346.01312
1.0,0.47571382,3412.7664
1.0,0.88634205,3473.7947
1.0,0.9999238,2979.998
1.0,0.38679516,184.5981
1.0,0.42886782,622.0597
1.0,0.2705396,124.43986
1.0,0.58584565,87.91876
1.0,0.67297536,233.00533
1.0,0.5385126,169.98407
1.0,0.36798182,191.62099
1.0,0.2830824,463.5117
1.0,0.9475558,104.07819
1.0,0.50745976,678.14557
1.0,0.4011151,231.42697
1.0,0.20529182,77.40137
1.0,0.29154205,1332.7494
1.0,0.16066399,73.020775
1.0,0.2166528,108.6341
1.0,0.9670368,268.5326
1.0,0.9995658,72.73962
1.0,0.9999864,73.90516
1.0,0.29731497,195.18784
1.0,0.18310755,144.60353
1.0,0.46688485,941.4977
1.0,0.8370046,1610.2664
1.0,1.0,647477.9
1.0,0.17545642,108.246666
1.0,0.26814547,318.0569
1.0,0.54246306,195.47565
1.0,0.30729222,322.575
1.0,0.4446992,322.962
1.0,1.0,27090.527
1.0,0.22045015,125.2085
1.0,0.39089426,1205.917
1.0,0.32329652,436.5097
1.0,0.43912002,5211.8726
1.0,0.24986498,83.33128
1.0,0.194341,3425.2012
1.0,0.8568654,1281.6473
1.0,0.5730351,284.02948
1.0,0.99819404,333.3997
1.0,0.99821186,82.58521
1.0,0.9999926,137.45187
1.0,0.31065026,309.9465
1.0,0.9999795,126.349205
1.0,0.9999945,1661.6792
1.0,0.99266464,113.708534
1.0,0.74678475,6778.4663
1.0,0.17713237,129.10579
1.0,0.2728291,142.62347
1.0,0.22826758,882.2578
1.0,0.5916362,103.79136
1.0,0.4109968,222.81369
1.0,0.42051938,91.151436
1.0,0.22703391,3603.1877
1.0,0.27025756,1598.5371
1.0,0.70404327,1181.773
1.0,0.81300116,104.31982
1.0,0.47013465,182.88022
1.0,0.51451826,86.89521
1.0,0.22353965,5425.4297
1.0,0.99999917,152.53714
1.0,0.24878104,328.73138
1.0,0.9993679,905.35034
1.0,0.38842383,468.56714
1.0,0.32130358,1163.3792
1.0,0.5571112,68.41505
1.0,0.14466919,202.69177
1.0,0.38125697,3119.3364
1.0,0.2575555,171.24553
1.0,0.99941087,2781.9988
1.0,0.9995678,99.86565
1.0,0.9999646,4121.1587
1.0,0.99261296,1655.9495
1.0,0.23509054,629.265
1.0,0.9794074,108.45248
1.0,0.36031958,337.67276
1.0,0.18037912,73.119576
1.0,0.9592328,34254.492
1.0,0.44066435,65.39341
1.0,0.99921787,78.08849
1.0,0.25626814,1185.1254
1.0,0.27720076,81.73048
1.0,0.25120896,204.60104
1.0,0.40759125,387.11273
1.0,0.62406945,107.44898
1.0,0.34280235,75.24877
1.0,0.2620281,152.87321
1.0,0.47316617,71.03625
1.0,0.7145563,1169.5708
1.0,0.39991015,1247.41
1.0,0.9999709,1085.2233
1.0,0.5181646,82.71171
1.0,0.9804482,3376.5403
1.0,0.44131774,173.4209
1.0,0.7483249,127.43284
1.0,0.45987916,2106.7334
1.0,0.99953914,68.06747
1.0,0.25243458,118.10278
1.0,0.21659482,125.293015
1.0,0.9999262,1165.6301
1.0,0.17761959,2381.4973
1.0,0.9999995,39830.383
1.0,0.2578319,310.90424
1.0,0.24194866,5727.585
1.0,0.49856278,14317.1045
1.0,0.3280764,421.70297
1.0,0.24340944,78.79898
1.0,0.2435588,1591.6797
1.0,0.9998299,4009.461
1.0,0.9852106,1235.4414
1.0,0.3039672,120.20537
1.0,0.40164542,69.44175
1.0,0.27142644,1670.8771
1.0,0.47591233,74.67041
1.0,0.2449497,173.69606
1.0,0.4094956,79.34075
1.0,1.0,10509.074
1.0,0.52810866,1779.2394
1.0,0.29377913,1240.7347
1.0,0.114651926,394.51077
1.0,0.38666338,277.50125
1.0,0.29508618,2083.045
1.0,0.44483823,1252.2975
1.0,0.64188516,121.181946
1.0,0.43556187,1378.8827
1.0,0.15917765,68.471375
1.0,0.48743522,534.78235
1.0,0.15685053,1099.5933
1.0,0.5933908,170.98775
1.0,0.21911092,438.76978
1.0,0.35966378,6550.0103
1.0,0.8059425,3662.1064
1.0,0.33836916,145.21744
1.0,0.9994005,404.64307
1.0,0.32731557,78.30165
1.0,0.26591465,84.99816
1.0,0.5126825,1340.54
1.0,0.99510163,66.38769
1.0,0.9255907,11067.323
1.0,0.23545067,346.90552
1.0,0.32220408,18041.547
1.0,0.9973701,1454.9689
1.0,0.52462804,327.2274
1.0,0.2409971,133.85675
1.0,0.1927859,1045.651
1.0,0.63602525,4429.937
1.0,0.7840935,2554.9797
1.0,0.9697693,1276.3335
1.0,0.99985933,4897.7617
1.0,0.28731897,496.4676
1.0,0.8287256,81.6615
1.0,0.47799808,1125.7628
1.0,0.26164436,134.7304
1.0,0.21044984,81.177246
1.0,0.7193246,8302.447
1.0,0.564176,169.25365
1.0,0.1614395,633.92334
1.0,0.49598908,70.77651
1.0,0.24181429,129.89021
1.0,1.0,8801.964
1.0,0.16962425,111.98528
1.0,0.9962889,95.13757
1.0,0.35245627,1627.5327
1.0,0.2628804,83.559784
1.0,0.33622503,73.14218
1.0,0.28546122,6656.6035
1.0,0.60991883,10701.184
1.0,0.9990908,196.0392
1.0,0.24584757,370.63556
1.0,0.43650562,252.42868
1.0,0.6749154,2253.7402
1.0,0.258768,569.533
1.0,0.28000006,176.29071
1.0,0.58954644,88.7723
1.0,0.7760813,171.41238
1.0,0.9153342,4994.5713
1.0,0.2758451,70.77319
1.0,0.23690264,464.9761
1.0,0.41593224,1583.2871
1.0,0.39051723,83.934715
1.0,0.8572221,102.32154
1.0,0.99788034,11002.407
1.0,0.63417274,195.73755
1.0,0.9999981,29938.08
1.0,0.14602569,479.88016
1.0,0.17684111,99.41573
1.0,0.99999654,9521.281
1.0,0.9886453,25610.338
1.0,0.5920979,98.45915
1.0,0.99996877,35851.965
1.0,0.64948803,13309.587
1.0,0.9998869,5449.28
1.0,0.07194932,4312.4507
1.0,0.22769985,245.8012
1.0,0.90830934,4379.0156
1.0,0.24793456,8126.5356
1.0,0.9995147,3605.3384
1.0,0.99998724,7102.7515
1.0,0.15902017,1283.4427
1.0,0.9997551,17495.277
1.0,0.4270498,319.51434
1.0,0.1753602,79.85139
1.0,0.35952407,2005.2911
1.0,0.667398,105.76398
1.0,0.9959508,104.152664
1.0,0.99984527,1.1786774e+09
1.0,0.33008188,99.62231
1.0,0.27865025,153.4448
1.0,0.99999166,15551.37
1.0,0.9421837,161372.83
1.0,0.7781738,1134.0151
1.0,0.16841817,84.30478
1.0,0.35007644,912.15765
1.0,0.5587446,1961.4264
1.0,0.50572187,123.67001
1.0,0.23862875,81.76741
1.0,0.5133121,247.50964
1.0,0.735773,169.80144
1.0,0.22820292,105.71057
1.0,0.22288992,98.24906
1.0,0.44445825,458.0906
1.0,0.9107905,3163.3438
1.0,0.9875122,314.5977
1.0,0.4958749,114.34496
1.0,0.30559978,793.35614
1.0,0.9944565,2414.206
1.0,0.4766826,78.28996
1.0,0.998086,74.3895
1.0,0.36598068,74.86829
1.0,0.36145863,211.80365
1.0,0.21308783,283.44693
1.0,0.49321416,65.40108
1.0,0.99995124,2.642478e+06
1.0,0.152413,500.44934
1.0,0.2723868,134.36328
1.0,0.21703917,125.18342
1.0,1.0,9796.716
1.0,0.41893253,275.6961
1.0,0.9999888,2588.6794
1.0,0.39518166,107.15563
1.0,0.19429925,1224.3905
1.0,0.32016534,2184.702
1.0,0.40379968,93.47074
1.0,1.0,13487.411
1.0,0.829059,71.979324
1.0,0.2980318,68.318855
1.0,0.35934627,134.71501
1.0,0.6403869,502.93665
1.0,0.19819035,444.00073
1.0,0.4786673,75.6121
1.0,0.9772299,112.59038
1.0,0.9999933,9188.007
1.0,0.47408542,364.81784
1.0,0.5849333,187.06218
1.0,1.0,12729.0205
1.0,0.15494756,69.29884
1.0,0.46377632,67.487045
1.0,0.26613325,91.60342
1.0,0.210593,161.95255
1.0,0.23082736,645.48364
1.0,0.99990904,88.981125
1.0,0.3792102,77.08998
1.0,0.28727102,80.96133
1.0,0.5137619,66.18187
1.0,0.39595583,134.29176
1.0,0.99602133,712.7218
1.0,0.73907906,4719.8037
1.0,0.3938978,77.384476
1.0,0.4416512,132.51407
1.0,0.99915123,1.3735216e+08
1.0,0.27943692,4925.1562
1.0,0.5256583,80.54574
1.0,0.4891927,3511.6
1.0,0.9999937,2442.689
1.0,0.29127413,76.769684
1.0,0.5202519,5969.2456
1.0,0.24573447,312.00125
1.0,0.23321362,82.64998
1.0,0.37991324,83.84371
1.0,0.2114182,452.80923
1.0,0.24280141,65.49926
1.0,0.2517625,1313.5686
1.0,0.13492776,4181.643
1.0,0.32207575,95.18522
1.0,0.40828785,80.0536
1.0,0.21749173,91.909904
1.0,0.05224253,45638.094
1.0,0.9994972,6096.2974
1.0,0.32710913,1965.2484
1.0,0.50965726,83.01901
1.0,0.19941959,177.8379
1.0,0.4489759,375.06924
1.0,0.37199455,211.54846
1.0,0.16298456,205.99542
1.0,0.79635614,2930.969
1.0,0.18385148,546.37805
1.0,0.491075,1694.66
1.0,0.4845205,7997.045
1.0,0.9990631,498.055
1.0,0.7349457,1723.293
1.0,0.41758052,131.56926
1.0,0.96551424,1026.0724
1.0,0.22037403,168.45424
1.0,0.2699615,154.03906
1.0,0.32666773,217.33055
1.0,0.24525982,263.22272
1.0,0.25079417,163.81442
1.0,0.4901899,7768.753
1.0,0.65279657,3330.8667
1.0,0.28417382,72.698715
1.0,0.99916244,6.1832372e+10
1.0,0.297702,469.8667
1.0,0.99999595,6116.0347
1.0,0.99992895,1.3667401e+06
1.0,0.99987316,333.1004
1.0,0.9974331,9655.856
1.0,0.29106352,73.64538
1.0,0.9999989,1123.542
1.0,0.9998908,830.8425
1.0,1.0,2610.807
1.0,0.2993811,776.3816
1.0,0.69077665,511.114
1.0,0.41044712,593.60925
1.0,0.17529729,142.14494
1.0,0.99999714,362.61847
1.0,0.67628354,66.56992
1.0,1.0,12322.538
1.0,0.20874472,11734.709
1.0,0.6111152,91.95414
1.0,0.48624706,505.19968
1.0,0.34368217,31558.887
1.0,1.0,2355.9634
1.0,0.44566852,200.05608
1.0,0.8397538,949.44525
1.0,0.4005051,263.84772
1.0,0.9999602,67.53752
1.0,0.75677747,4912.8555
1.0,0.42689195,730.03546
1.0,0.1977895,200.62556
1.0,0.2822101,940.4036
1.0,0.68385875,89.73587
1.0,0.5427909,1540.0872
1.0,0.12709902,7919.0146
1.0,0.15862803,4449.1816
1.0,0.19168879,74.53757
1.0,0.25024304,148.3438
1.0,0.23269977,88.91396
1.0,0.85896397,380.50214
1.0,0.99999976,12648.148
1.0,0.4553125,429.6271
1.0,0.24857675,78.899536
1.0,0.99897623,111.05752
1.0,0.99999285,12825.539
1.0,0.37828058,3519.9536
1.0,0.22403203,1176.0233
1.0,0.6069839,98.362885
1.0,0.999987,124.5125
1.0,0.5444865,5396.758
1.0,0.9999999,1845.7987
1.0,0.54206294,330.24753
1.0,0.99999547,7164.785
1.0,0.17675142,170.05669
1.0,0.5705916,7193.3306
1.0,0.15870327,13325.174
1.0,0.23571181,137.8816
1.0,0.37489894,4205.1147
1.0,1.0,3511.2686
1.0,0.497228,66.109406
1.0,0.27242213,855.3778
1.0,0.23834813,132.93486
1.0,0.37755015,1170.6396
1.0,0.36328474,153.43436
1.0,0.23168941,116.85555
1.0,0.15209302,65.0455
1.0,0.9999993,37919.836
1.0,0.32874352,17896.203
1.0,0.998142,29467.752
1.0,0.20691669,146.58347
1.0,0.87629455,8263.079
1.0,0.28527436,117.39026
1.0,0.2865061,11201.849
1.0,0.1750108,83.57878
1.0,0.99978024,22676.95
1.0,0.37490356,29641.748
1.0,0.9910946,285.10803
1.0,0.30729342,67.872505
1.0,0.99821824,89.0164
1.0,0.43486634,3114.6836
1.0,0.6276165,73.64522
1.0,0.45411196,75.26773
1.0,0.5843857,155.3253
1.0,0.6201992,1.6593875e+06
1.0,0.5992381,71.435844
1.0,0.7532664,28459.762
1.0,0.44308195,156.03654
1.0,0.77729905,151.05698
1.0,0.5458375,150.0517
1.0,0.9989575,87.29737
1.0,0.50564265,227.50955
1.0,0.855012,3208.2012
1.0,0.6734974,360.57642
1.0,0.9774205,71.363976
1.0,0.829288,333.60056
1.0,0.5197045,1107.1345
1.0,0.9134861,149.56647
1.0,0.55744267,683.43317
1.0,0.5640866,77.353195
1.0,0.6300999,89.51218
1.0,0.56427497,126.21942
1.0,0.62418026,77.67356
1.0,0.79395294,258.13315
1.0,0.6691882,108.15929
1.0,0.70509875,3136.885
1.0,0.6649242,1471.725
1.0,0.9624441,174.58887
1.0,0.7950029,1.5549782e+06
1.0,0.62767154,86.49751
1.0,0.9942419,408.3257
1.0,0.52363515,81.70488
1.0,0.860043,284.11307
1.0,0.9628903,2525.7673
1.0,0.5645775,111.41145
1.0,0.7839899,92.89204
1.0,0.4958323,105021.88
1.0,0.97349143,175.46643
1.0,0.9962475,134.56194
1.0,0.8711914,114.43916
1.0,0.9999838,115.57168
1.0,0.73849,81.34786
1.0,0.4537117,234.3069
1.0,0.5809562,181.91205
1.0,0.98979235,120.63474
1.0,0.89283955,2940.179
1.0,0.4550174,4017.8936
1.0,0.98638946,334.54874
1.0,0.5423926,136.97392
1.0,0.5278257,78.11107
1.0,0.43437988,265.9139
1.0,0.70743555,83.17315
1.0,0.55036736,78.698685
1.0,0.99125504,419.4684
1.0,0.77041847,194.88054
1.0,0.7624438,26226.553
1.0,0.7764915,85.916405
1.0,0.58079624,158.82013
1.0,0.6143506,83.20448
1.0,0.67771935,81133.31
1.0,0.9999968,403.9701
1.0,0.5163343,3.2970717e+08
1.0,0.9995684,102.64679
1.0,0.9925168,227.66847
1.0,0.45505533,190.84726
1.0,0.7475318,142.47049
1.0,0.51468784,510.06345
1.0,0.4872607,217.785
1.0,0.56667423,1.5550346e+06
1.0,0.9998852,145.21983
1.0,0.68363696,105.74505
1.0,0.83766663,284633.84
1.0,0.48845106,82.49893
1.0,0.525669,4.267108e+08
1.0,0.7010388,2709.0989
1.0,0.9998753,107.32318
1.0,0.6328054,70030.82
1.0,0.99995077,114.794426
1.0,0.555757,143.77927
1.0,0.6372701,22661.244
1.0,0.55343807,149.58633
1.0,0.5415984,125.48562
1.0,0.9253728,232.42747
1.0,0.9176918,865.1765
1.0,0.6512573,146.93925
1.0,0.9951198,1561.1898
1.0,0.47436917,2774.5222
1.0,0.9839246,70.01691
1.0,0.47781074,7598.5527
1.0,0.48927677,3.329342e+06
1.0,0.9552986,66.14468
1.0,0.80487865,1648.7996
1.0,0.99942267,226.4913
1.0,0.59504247,66.32441
1.0,0.8475249,120898.61
1.0,0.7279504,98.69773
1.0,0.99998975,920.02216
1.0,0.73927855,165.84048
1.0,0.87816614,114.3584
1.0,0.39324516,1.3750456e+06
1.0,0.3999865,92.39131
1.0,0.48228663,2.0703366e+07
1.0,0.67860883,67.73905
1.0,0.8300331,608661.25
1.0,0.50310326,12126.154
1.0,0.5759521,43880.254
1.0,0.8963605,146.83548
1.0,0.9989544,237.95581
1.0,0.5201938,70.56025
1.0,0.604453,4.4032764e+07
1.0,0.52883124,66.73799
1.0,0.7800367,120.55007
1.0,0.98789096,354.30942
1.0,0.4729745,5.148248e+07
1.0,0.6463348,118.821594
1.0,0.9887701,179.6426
1.0,0.9601703,394.46594
1.0,0.944712,223.34152
1.0,0.9088336,268.83365
1.0,0.8320032,128.51828
1.0,0.48812467,345.0817
1.0,0.5625803,1456.1292
1.0,0.8388754,744578.6
1.0,0.9972965,871.0388
1.0,0.6909741,119.270905
1.0,0.74655706,8.859382e+06
1.0,0.56543726,72.124214
1.0,0.56089467,116.57837
1.0,0.5622904,77.095314
1.0,0.54537976,82.21753
1.0,0.4933144,202.16003
1.0,0.9807554,243.47298
1.0,0.4338081,163.07184
1.0,0.4232152,6955.4497
1.0,0.8999464,68.17214
1.0,0.61612356,733.5051
1.0,0.79766303,236.3272
1.0,0.79766303,236.3272
1.0,0.77908784,93.858604
1.0,0.99977165,106.5154
1.0,0.9851008,172.84795
1.0,0.58548474,133.25554
1.0,0.86428565,67.179
1.0,0.45401224,102.29318
1.0,0.9990414,559.99664
1.0,0.5935591,4.2906544e+08
1.0,0.50394714,1357.3844
1.0,0.80888885,78.9014
1.0,0.80888885,78.9014
1.0,0.9983865,285.992
1.0,0.4330661,177.9461
1.0,0.86574066,150.52998
1.0,0.57764095,125.99311
1.0,0.98432136,117.0616
1.0,0.46096876,78.199066
1.0,0.71323997,96.552574
1.0,0.57962894,171.28464
1.0,0.49632564,339.96378
1.0,0.883742,326.12393
1.0,0.73539793,104.45815
1.0,0.55113375,121.004585
1.0,0.7424655,112.44904
1.0,0.995038,778.30963
1.0,0.5805621,376.69324
1.0,0.9988575,180.28418
1.0,0.8304589,66.67647
1.0,0.973942,115.49658
1.0,0.9955232,303.73465
1.0,0.5061019,108.32621
1.0,0.6286679,114.035034
1.0,0.47646615,90.91835
1.0,0.50171244,2645.1223
1.0,0.49708524,1180.4049
1.0,0.5796445,429.58206
1.0,0.51453865,94.61854
1.0,0.9646204,81.0429
1.0,0.9969014,112.146965
1.0,0.60192245,125.89099
1.0,0.6737744,52234.734
1.0,0.8906594,1963.5834
1.0,0.89448726,600.703
1.0,0.8020989,78.125435
1.0,0.5671626,106.37743
1.0,0.52072173,142.33696
1.0,0.9058847,87.19344
1.0,0.98092735,809.33575
1.0,0.83424026,6.411901e+06
1.0,0.90843403,71.13205
1.0,0.9997919,122.21958
1.0,0.5323784,82.242744
1.0,0.6560333,71.08255
1.0,0.88682836,81.02338
1.0,0.5858056,99.19859
1.0,0.5682778,105.77147
1.0,0.9833771,69.33863
1.0,0.72818255,91.68736
1.0,0.7327082,103.50214
1.0,0.3326939,151.62668
1.0,0.50619644,90.23353
1.0,0.272871,102.216896
1.0,0.4998702,71.39734
1.0,0.99993503,1491.5895
1.0,0.9996494,66.841805
1.0,0.27166712,201.99939
1.0,0.46662354,123.4863
1.0,0.42096612,80.92531
1.0,0.95460045,5599.594
1.0,0.9663332,88.28741
1.0,0.38070658,72.79308
1.0,0.99972314,76.187355
1.0,0.34587526,183.10204
1.0,0.97091013,70.32557
1.0,0.9992065,75.10296
1.0,0.28062698,67.91361
1.0,0.3123979,99.13261
1.0,0.31361312,166.81963
1.0,0.6823335,99.818726
1.0,0.28499264,323.3367
1.0,0.725605,87.559
1.0,0.463726,85.16764
1.0,0.997988,168.45691
1.0,0.3707499,92.71018
1.0,0.99188966,425.68552
1.0,0.99999964,245.63783
1.0,0.33442685,78.37472
1.0,0.99992514,6311.049
1.0,0.16587378,82.78469
1.0,0.98238933,126.0167
1.0,0.42117164,82.56112
1.0,0.4686501,426.3743
1.0,0.99946445,114.99468
1.0,0.36398256,159.64839
1.0,0.8820974,20941.451
1.0,0.8019076,82.86505
1.0,0.52726966,71.815544
1.0,0.43653515,87.03142
1.0,0.9970209,75.90993
1.0,1.0,11448.44
1.0,0.38498387,95.983315
1.0,0.24706006,70.73567
1.0,0.9891207,600.8343
1.0,0.40709138,197.91231
1.0,0.9965557,71.17205
1.0,0.40860274,140.66258
1.0,0.99986446,1038.1786
1.0,0.2665184,92.49529
1.0,0.93310434,73.280846
1.0,0.90367,71.57478
1.0,0.4544079,104.80872
1.0,0.30172837,68.35716
1.0,0.29810032,278.34543
1.0,0.9999658,69.59118
1.0,0.96900797,71.2983
1.0,0.9929202,450.62253
1.0,0.9887068,212.5874
1.0,0.99999976,28819.236
1.0,0.36895952,104.655556
1.0,0.99899584,191.01308
1.0,0.9998361,70.85711
1.0,0.27458572,173.1646
1.0,0.32147887,257.41187
1.0,0.56543165,133.23645
1.0,0.4971535,73.61009
1.0,0.32106498,110.28452
1.0,0.45078126,69.22103
1.0,0.7769605,68.149315
1.0,0.30897167,166.70995
1.0,0.3704804,167.9213
1.0,0.975162,71.68155
1.0,0.9976986,178.67107
1.0,0.5653313,98.718864
1.0,0.85905266,84.91542
1.0,0.9641399,37754.535
1.0,0.99983037,117.538704
1.0,0.99998045,666.3609
1.0,0.26515457,146.59706
1.0,0.32212254,218.33566
1.0,0.62415653,424.98828
1.0,0.44445014,66.11063
1.0,0.998998,89.84649
1.0,0.4504201,92.732605
1.0,0.41676733,80.451744
1.0,0.133067,92.944115
1.0,0.99946743,357.27673
1.0,0.31046826,87.24606
1.0,0.61217934,90.15309
1.0,0.3125599,96.99672
1.0,0.35724884,83.13924
1.0,0.5142642,108.15418
1.0,0.7468834,84.50182
1.0,0.9999999,1888.7234
1.0,0.9427019,143.12358
1.0,0.18150091,77.79211
1.0,0.58876735,69.03944
1.0,0.84078586,161.56447
1.0,0.99967813,99.10053
1.0,0.828268,66.060234
1.0,0.2633034,122.34465
1.0,0.99814,95.15983
1.0,0.26477125,67.09296
1.0,0.17871039,87.188484
1.0,0.43601778,104.73061
1.0,0.31710002,73.27891
1.0,0.30900285,132.03328
1.0,0.98145777,83.38364
1.0,0.35476384,73.12217
1.0,0.6192824,87.06611
1.0,0.98719925,236.89171
1.0,0.2386013,75.63134
1.0,0.9999962,1821.3529
1.0,0.553659,86.39147
1.0,0.9534166,229.63141
1.0,0.97985774,74.49135
1.0,0.98111284,91.56098
1.0,0.1992641,389.13693
1.0,0.9997092,124.623
1.0,0.9995498,190.15117
1.0,0.33727387,171.68304
1.0,0.30152258,84.55535
1.0,0.28239262,103.5052
1.0,0.9889549,393.958
1.0,0.7352238,160.12009
1.0,0.3302785,114.78882
1.0,1.0,1868.9897
1.0,0.9870335,664.9474
1.0,0.9964804,91.58366
1.0,0.67550635,516.6297
1.0,0.9999751,154.60738
1.0,0.7239352,115.61661
1.0,0.47291127,65.98029
1.0,0.39691734,76.92608
1.0,0.5875281,74.53974
1.0,0.99290645,80.3489
1.0,0.24722044,109.063324
1.0,0.89587694,133.85353
1.0,0.3306875,148.2912
1.0,0.99922705,377.31186
1.0,0.9824233,109.2981
1.0,0.54058,106.06686
1.0,0.42333093,126.38375
1.0,0.29412246,87.10366
1.0,0.6304994,76.27913
1.0,0.15976226,224.90114
1.0,0.45709452,65.851166
1.0,0.8612976,154.40804
1.0,0.5987508,99.52801
1.0,0.47737932,180.0898
1.0,0.99846053,123.95148
1.0,0.3249117,86.87441
1.0,0.3012584,124.11605
1.0,0.46710563,204.41624
1.0,0.3990798,88.09834
1.0,0.3751594,154.3427
1.0,0.6538585,90.625885
1.0,0.9566564,151.77858
1.0,0.3257528,99.65096
1.0,0.8816942,70.83237
1.0,0.5375946,98.169754
1.0,0.7086786,423.33478
1.0,0.32136914,360.00024
1.0,0.9954601,128.24673
1.0,0.99999964,18179.385
1.0,0.27778864,146.08339
1.0,0.95486355,885.9849
1.0,0.9970265,114.93788
1.0,0.41782877,79.632965
1.0,1.0,49666.66
1.0,0.37047946,83.21892
1.0,0.4340075,84.691864
1.0,0.34661382,116.32795
1.0,0.99998665,151.77509
1.0,0.5432358,94.06995
1.0,0.99565446,226.70476
1.0,0.9723617,792.5203
1.0,0.41152358,75.9972
1.0,0.44144124,70.41935
1.0,0.2570964,65.45677
1.0,0.8173057,70.149376
1.0,0.49657914,85.745735
1.0,0.9248053,84.01747
1.0,0.81088954,75.62945
1.0,0.6688587,80.94586
1.0,0.48966226,182.59451
1.0,0.24811138,65.70643
1.0,0.39718515,127.084366
1.0,0.28444955,72.87145
1.0,0.3245955,65.36034
1.0,0.21814148,166.90344
1.0,0.33630812,121.53758
1.0,0.40846723,79.76258
1.0,0.42513624,72.38101
1.0,0.99992156,372.48605
1.0,1.0,195.59178
1.0,0.27635592,255.7614
1.0,0.94356173,136.12901
1.0,0.9999764,127.85637
1.0,0.4634376,100.28202
1.0,0.9992949,231.55635
1.0,0.51569444,243.33708
1.0,0.53662324,93.958305
1.0,0.38385248,98.78291
1.0,0.4375207,86.13118
1.0,0.41593,376.96423
1.0,0.22579218,107.3494
1.0,0.9961992,94.04893
1.0,0.5188703,128.61569
1.0,0.6549453,90.54733
1.0,0.37277514,75.73473
1.0,0.61959237,75.578026
1.0,0.556272,79.18024
1.0,0.80719954,67.827805
1.0,0.24102081,78.52519
1.0,0.36585397,98.131065
1.0,0.3311069,171.93082
1.0,0.69334954,79.330734
1.0,0.37947613,84.889694
1.0,0.41689634,84.40691
1.0,0.22260912,80.862564
1.0,0.2819222,84.26161
1.0,0.6964625,79.26724
1.0,0.54575735,67.84453
1.0,0.24759232,66.74786
1.0,0.99998736,3031.8591
1.0,0.998955,188.73386
1.0,0.994628,326.86865
1.0,0.51731384,148.97546
1.0,0.87046015,31889.928
1.0,0.9999547,4772.668
1.0,0.8616404,134.97676
1.0,0.5602998,66.338066
1.0,0.32812566,75.05404
1.0,0.5165631,168.41539
1.0,0.5104418,121.84797
1.0,0.99941146,94.79791
1.0,0.31659618,80.878456
1.0,0.18894866,67.19187
1.0,0.74316585,67.37055
1.0,0.19728723,78.18615
1.0,0.5031117,388.6429
1.0,0.54448295,95.148285
1.0,0.36468783,161.00789
1.0,0.9416211,73.7919
1.0,0.3285782,68.0824
1.0,0.33413318,69.47058
1.0,0.3294074,77.78674
1.0,0.31526825,76.63833
1.0,0.54803586,75.35108
1.0,0.58166987,81.59173
1.0,0.9988412,291.82706
1.0,0.3970271,78.80711
1.0,0.3954139,90.007034
1.0,0.9997863,71.430275
1.0,0.9911911,78.55764
1.0,0.94334906,231.9081
1.0,0.19888183,82.12848
1.0,0.27945262,68.00222
1.0,0.5822266,73.02824
1.0,0.9978745,75.728165
1.0,0.48905468,113.940796
1.0,0.94948095,132.29419
1.0,0.98627055,160.57053
1.0,0.99997854,101.493614
1.0,0.9999876,83.123535
1.0,0.31408754,126.056274
1.0,0.96536636,259.76883
1.0,0.65956485,75.835266
1.0,0.7686695,6181.391
1.0,0.40982428,87.00672
1.0,0.42775214,70.23461
1.0,0.9992951,3240.9038
1.0,0.9998647,79.65686
1.0,0.8494551,183.8813
1.0,0.3917352,90.24527
1.0,0.99976,195.05093
1.0,0.7192284,79.01974
1.0,0.4183868,76.449104
1.0,0.19133529,115.40044
1.0,0.40581852,113.54928
1.0,0.50486875,73.74822
1.0,0.44507742,92.53658
1.0,0.3998965,135.60391
1.0,0.99999726,1196.1797
1.0,0.39491755,96.55568
1.0,0.6401185,71.164505
1.0,0.40532005,71.85197
1.0,0.29115847,620.85944
1.0,0.9285347,104.59605
1.0,0.2799666,68.55201
1.0,0.99999976,191.09236
1.0,0.3817769,78.763214
1.0,0.39164203,198.21185
1.0,0.99999833,10035.207
1.0,0.23194005,281.5564
1.0,0.9949993,121.75636
1.0,0.28636542,120.5647
1.0,0.62814176,80.06403
1.0,0.33206338,72.96073
1.0,0.98333365,170.17061
1.0,0.3680346,79.07869
1.0,0.19859071,147.15245
1.0,0.7470507,150147.94
1.0,0.99842596,79.588776
1.0,0.50137377,67.97912
1.0,0.5137164,81.71769
1.0,0.72012264,101.99649
1.0,0.38630366,151.478
1.0,0.93796915,136.82828
1.0,0.2273586,182.30554
1.0,0.2554437,346.09613
1.0,1.0,225.90816
1.0,0.26921996,137.17365
1.0,0.9995222,291.30844
1.0,0.3966758,183.02335
1.0,0.9999931,101.23158
1.0,0.99987507,1937.7819
1.0,0.46152997,65.98464
1.0,0.29586202,80.57373
1.0,0.7992172,757.48914
1.0,0.9999989,430.5567
1.0,0.7121335,76.82612
1.0,0.6127306,67.39484
1.0,0.30059713,187.50696
1.0,0.39184168,72.80955
1.0,0.17272523,103.98361
1.0,0.15916686,114.73495
1.0,0.30094558,89.416115
1.0,0.44168347,69.40574
1.0,0.41187578,78.84422
1.0,0.5281328,85.64219
1.0,0.99999964,131.8808
1.0,0.6198682,70.58179
1.0,0.99672,98.21482
1.0,0.99286723,74.23314
1.0,0.34264484,86.948654
1.0,0.99999917,8924.123
1.0,0.999972,376.11176
1.0,0.42243522,464.37817
1.0,0.91990507,80.60875
1.0,0.7536578,71.36445
1.0,0.56194854,89.8293
1.0,0.99736017,243.13292
1.0,0.98072994,3267.6426
1.0,0.57424766,82.14941
1.0,0.9789341,98.909294
1.0,0.30286652,154.18289
1.0,0.40634707,610.84576
1.0,0.519178,82.75663
1.0,0.31580302,91.70128
1.0,0.31073636,70.45036
1.0,0.9864157,127.00492
1.0,0.2790028,80.36945
1.0,0.9999993,550.45544
1.0,0.4417163,188.54445
1.0,0.39169708,117.51683
1.0,0.9997987,79.02961
1.0,0.6355503,490.7955
1.0,0.9898878,80.696
1.0,0.4365666,66.521484
1.0,0.40020362,170.13026
1.0,0.40020362,170.13026
1.0,0.5866978,82.80392
1.0,0.99770194,76.70266
1.0,0.9212573,100.31005
1.0,0.4309978,78.857796
1.0,0.46535355,138.51503
1.0,0.8973809,99.044754
1.0,0.9999168,117.67377
1.0,0.34881815,168.6878
1.0,0.9764174,85.71333
1.0,0.9831745,198.96574
1.0,0.22781011,262.192
1.0,0.9993512,1212.5188
1.0,0.35327333,88.34433
1.0,0.9996387,778.8195
1.0,0.2446464,155.11644
1.0,0.67598796,66.16669
1.0,0.99903846,67.136635
1.0,0.99486214,349.29654
1.0,0.3253825,71.024826
1.0,0.82244474,163.44467
1.0,0.97925466,65.30138
1.0,0.999017,74.51366
1.0,0.29174098,71.922485
1.0,0.38432395,74.56258
1.0,0.35568407,67.66112
1.0,0.99996734,6790.534
1.0,0.5474561,1.356675e+06
1.0,0.38049862,96.54012
1.0,0.30564252,93.07381
1.0,0.4655864,421.19977
1.0,0.8612912,111.49999
1.0,0.4485218,126.841736
1.0,0.8588552,14058.137
1.0,0.2510782,72.77184
1.0,0.19154741,116.416306
1.0,0.50995344,286.12204
1.0,0.18970107,138.7806
1.0,0.40595126,187.33801
1.0,0.98798114,1719.5243
1.0,0.99995613,100.69477
1.0,0.94496423,73.809875
1.0,0.53809106,103.76242
1.0,0.36715558,90.90582
1.0,0.38897476,142.95828
1.0,0.2854594,66.758545
1.0,0.99793774,65.74935
1.0,0.24593844,87.94695
1.0,0.96844697,94.638435
1.0,0.96844697,94.638435
1.0,0.3454163,86.16722
1.0,0.2533888,66.1079
1.0,0.941955,77.12706
1.0,0.4205084,85.53849
1.0,0.58924407,74.67435
1.0,0.9999362,387.40762
1.0,0.34615162,96.56668
1.0,0.52123773,93.05516
1.0,0.53953785,91.93754
1.0,0.41514388,66.631676
1.0,0.9999801,1068.7382
1.0,0.33916965,117.19361
1.0,0.9999498,269.39313
1.0,0.5459512,76.56362
1.0,0.40205905,142.19818
1.0,0.5534304,74.44926
1.0,0.9966337,318.8751
1.0,0.99277,82.17126
1.0,0.56135505,170.83969
1.0,0.43674007,267.67834
1.0,0.4341312,67.73892
1.0,0.99176484,74.84436
1.0,0.93126607,237.10262
1.0,0.9986935,81.47119
1.0,0.2794108,138.77296
1.0,0.57756907,290.64282
1.0,0.88683933,217.6988
1.0,0.5685319,458.6384
1.0,0.7396668,224.04924
1.0,0.99976116,1162.4796
1.0,0.4597342,109.483
1.0,0.5302582,77.3611
1.0,0.62040704,66.7064
1.0,0.36607933,209.04741
1.0,0.9803658,75.20541
1.0,0.9976115,133.10771
1.0,0.41355821,126.63044
1.0,0.9990694,72.300804
1.0,0.5376191,72.632355
1.0,0.4297351,126.53954
1.0,0.4323883,71.081985
1.0,0.6356299,69.64828
1.0,0.9999974,350.8234
1.0,0.3705533,109.56616
1.0,0.76449716,76.05363
1.0,0.6640257,81.91412
1.0,0.33082736,74.581696
1.0,1.0,1977.8794
1.0,0.29703367,153.66954
1.0,0.58950657,69.37271
1.0,0.2774488,74.80248
1.0,0.95772654,107.87856
1.0,0.8788566,88.99505
1.0,0.9992343,357.33893
1.0,0.51343715,101.53552
1.0,0.34627953,185.08925
1.0,0.57120585,65.71049
1.0,0.97503823,108.06011
1.0,0.38700268,69.4501
1.0,0.21257545,241.6386
1.0,0.99780065,471.32068
1.0,0.1626556,149.46346
1.0,0.3023994,73.44883
1.0,0.17190203,427.3916
1.0,0.5081895,87.15568
1.0,0.12788536,76.93558
1.0,0.9998698,10635.799
1.0,0.99997985,266.9477
1.0,0.43659508,65.622475
1.0,0.5827319,126.40034
1.0,0.35658336,110.06527
1.0,0.83116883,766.37256
1.0,0.4217523,86.532
1.0,0.1981842,162.24086
1.0,0.40233016,216.95445
1.0,0.98835564,98.40723
1.0,0.7660887,88.6358
1.0,0.49373913,127.58397
1.0,0.94687915,83.537155
1.0,0.60812765,90.49543
1.0,0.4313421,198.56276
1.0,0.3120291,72.35882
1.0,0.24611968,209.52997
1.0,0.264224,98.002396
1.0,0.99808526,1346.8824
1.0,0.5444785,70.27364
1.0,0.9990539,223.45018
1.0,0.53485954,84.915375
1.0,0.99998546,404.0737
1.0,0.5995443,68.70462
1.0,0.9949491,82.28485
1.0,0.6371693,263.10193
1.0,0.2713582,220.44722
1.0,0.5225694,2.1456515e+08
1.0,0.49158126,153.93626
1.0,0.28879008,69.17922
1.0,0.99999607,1318.0537
1.0,0.2911314,70.59119
1.0,0.4641719,68.044846
1.0,0.3967571,71.28568
1.0,0.33467764,95.441826
1.0,0.9999511,121.580765
1.0,0.25254932,126.75298
1.0,0.9962031,72.32105
1.0,0.9990866,9444.898
1.0,0.99998724,352.73236
1.0,0.50760907,106.65841
1.0,0.23364873,113.30916
1.0,0.7044755,66.84302
1.0,0.3440959,118.63948
1.0,0.38533613,70.772644
1.0,0.8785467,179.3519
1.0,0.5347636,85.672195
1.0,0.45177466,75.59919
1.0,0.992176,135.43666
1.0,0.7743617,81.03249
1.0,0.33285466,269.86444
1.0,0.9999188,8095.584
1.0,0.964907,289.26102
1.0,0.18576999,147.01648
1.0,0.5307325,96.761696
1.0,0.60007876,122.78024
1.0,0.20473534,69.94359
1.0,0.46229056,78.91799
1.0,0.9966192,109.82366
1.0,0.41375697,80.16399
1.0,0.20747408,200.94302
1.0,0.9996414,93.81245
1.0,0.3992899,73.14688
1.0,0.95843136,107.2684
1.0,0.33956087,134.00056
1.0,0.84653807,23603.156
1.0,0.43925053,434.22003
1.0,0.36822534,193.91568
1.0,0.5534623,66.3617
1.0,0.44818172,83.452515
1.0,0.38737634,94.500725
1.0,0.9995499,192.10855
1.0,0.4475533,95.59625
1.0,0.99998903,118.672966
1.0,0.4051451,73.01302
1.0,0.44597313,196.14383
1.0,0.47270447,238.36531
1.0,0.22827561,78.77154
1.0,0.96027815,4278.2446
1.0,0.9981744,1961.5363
1.0,0.63052654,86.67734
1.0,0.3238314,127.5757
1.0,0.5649946,406.80917
1.0,0.43714595,71.58199
1.0,0.99995875,102.69859
1.0,0.22603185,130.88028
1.0,0.99995506,1888.6196
1.0,0.33918345,136.52791
1.0,0.999889,91.53045
1.0,0.25535274,228.8847
1.0,0.99986124,124.461105
1.0,0.9006414,142.64172
1.0,0.48190394,85.217705
1.0,0.13211553,65.800156
1.0,0.99985313,68.066574
1.0,0.99992204,327.06845
1.0,0.48632556,256.23486
1.0,0.5573183,69.68683
1.0,0.45378196,73.427
1.0,0.26509959,75.20751
1.0,0.48796102,6.8664145e+06
1.0,0.49415913,73.68054
1.0,0.40791592,230.19395
1.0,0.9748965,161.63864
1.0,0.4977052,70.52946
1.0,0.66762763,77.993744
1.0,0.99920684,69.026855
1.0,0.49009573,76.93499
1.0,1.0,6216.0874
1.0,0.98715127,116.89482
1.0,0.42891863,223.58711
1.0,0.5016308,75.53974
1.0,0.48484278,148.03247
1.0,0.99992144,114.5413
1.0,0.9976457,144.09352
1.0,0.295705,230.47304
1.0,0.99996126,129.34877
1.0,0.5131747,136.32286
1.0,0.98657554,96.75099
1.0,0.9127481,139.9478
1.0,0.991343,77.52992
1.0,0.44692066,208.96204
1.0,0.9913066,106.1515
1.0,0.5582094,65.86456
1.0,0.25662363,120.60256
1.0,0.28840888,141.8221
1.0,0.9993513,143.19014
1.0,0.71779895,74.8421
1.0,0.999984,545.95917
1.0,0.96725476,3331.344
1.0,0.4413293,98.95065
1.0,0.2833689,114.2393
1.0,0.67392254,148.36073
1.0,0.6383123,77.01075
1.0,0.99007004,1377.0664
1.0,0.3927693,76.33698
1.0,0.8697199,85.50736
1.0,0.99026054,2536.1323
1.0,0.99091595,196.30595
1.0,0.9999989,163.47322
1.0,0.9999844,2696.9768
1.0,0.4025328,3.4270069e+10
1.0,0.33990172,247.4943
1.0,0.37672257,67.23692
1.0,0.46535715,70.24664
1.0,0.32497877,84.47102
1.0,0.55277747,312.19247
1.0,0.5439224,66.07753
1.0,0.78624153,118.801506
1.0,0.9999397,136.36844
1.0,0.5093076,204.86235
1.0,0.9994804,274.69778
1.0,0.9097229,90.459915
1.0,0.80461276,95.75895
1.0,0.23697409,157.6818
1.0,0.2983693,87.01503
1.0,0.98335856,69.280014
1.0,0.53035927,102.60927
1.0,0.44828624,92.04905
1.0,0.99852246,87.28865
1.0,0.7312917,103.73981
1.0,0.5819746,112.97189
1.0,0.23225491,182.72066
1.0,0.9949567,116.998314
1.0,0.9998356,523.57526
1.0,0.26529422,81.328705
1.0,0.2451475,77.34549
1.0,0.2417731,118.72118
1.0,0.9999709,267.77652
1.0,0.21100007,68.485435
1.0,0.9998474,6968.184
1.0,0.32274902,92.636185
1.0,0.46868905,73.25647
1.0,0.99995697,71.69077
1.0,0.59292096,101.785385
1.0,0.9995764,82.05565
1.0,0.20661262,69.38162
1.0,0.39032722,77.721436
1.0,0.39188343,85.10032
1.0,0.20801935,80.65667
1.0,0.34263963,112.925514
1.0,0.15958859,68.27949
1.0,0.8921569,78.95452
1.0,0.33681127,76.1912
1.0,0.24925384,102.634735
1.0,0.9987866,172.70567
1.0,0.99991465,139.38301
1.0,0.32865605,245.14047
1.0,0.99963653,1668.166
1.0,0.5528398,66.44993
1.0,0.39633134,470.1735
1.0,0.23270522,75.77994
1.0,0.9995776,7137.43
1.0,0.3365413,101.98445
1.0,0.37705806,67.34794
1.0,1.0,10652.523
1.0,0.9993436,25714.93
1.0,0.43235892,375.91522
1.0,0.451069,93.60574
1.0,0.5481582,96.04119
1.0,0.6233084,247.52283
1.0,0.4811075,105.668915
1.0,0.9997197,221.55322
1.0,0.30362946,82.564224
1.0,0.3786176,69.98426
1.0,0.99941087,100.03426
1.0,0.9993705,213.12236
1.0,0.2931512,172.88818
1.0,0.19350474,298.49655
1.0,0.57067937,157.99443
1.0,0.66271144,94.57061
1.0,0.25712225,85.88929
1.0,0.4926654,138.7335
1.0,0.5343787,83.01858
1.0,0.9995229,3062.0144
1.0,0.96976006,107.34887
1.0,0.56218094,197.5222
1.0,0.63657874,116.58451
1.0,0.4155914,150.70404
1.0,0.9999937,88.986626
1.0,0.4500609,94.14777
1.0,0.23681188,260.74738
1.0,0.47172356,87.7077
1.0,0.9997011,182.83234
1.0,0.38855517,123.08373
1.0,0.41798896,84.97516
1.0,0.849113,1669.2919
1.0,0.3119808,102.51265
1.0,0.9990019,615.9136
1.0,0.99948776,129.24706
1.0,0.99880135,71.90267
1.0,0.33894977,207.78232
1.0,0.50781065,78.338394
1.0,0.99950635,19810.828
1.0,0.43735626,69.91036
1.0,0.16984123,73.91262
1.0,0.99955624,3062.216
1.0,0.44569066,125.382324
1.0,0.1890981,87.7248
1.0,0.9952649,202.70769
1.0,0.9983858,115.85017
1.0,0.966691,100.16158
1.0,0.99999845,575.1175
1.0,0.9973355,155.34969
1.0,0.50061303,166.91829
1.0,0.44743204,128.78865
1.0,0.99988365,1032.8253
1.0,0.32969242,240.00375
1.0,0.7092666,91.43643
1.0,0.9998109,501.17545
1.0,0.34765813,90.524994
1.0,0.8686868,444.6686
1.0,0.47870788,77.9248
1.0,0.24985674,81.403946
1.0,0.5166931,3544.8918
1.0,0.9608128,523.0814
1.0,0.99365026,51555.22
1.0,0.44210866,185.55978
1.0,0.5507058,153.24057
1.0,0.9943395,84.40316
1.0,0.99937314,108.46998
1.0,0.26934192,92.98239
1.0,0.9999939,154.64276
1.0,0.43374616,72.16293
1.0,0.99854726,12767.358
1.0,0.9197703,87.40388
1.0,0.2355945,104.73998
1.0,0.9919207,109.681526
1.0,0.99349195,114.68614
1.0,0.3958044,123.10097
1.0,0.32489634,255.0543
1.0,0.33355534,100.71832
1.0,0.6300897,112.91944
1.0,0.9999968,401.109
1.0,0.9984711,209.30992
1.0,0.30793673,72.684265
1.0,0.9999931,824.22656
1.0,0.978314,1247.8251
1.0,0.37399232,226.46097
1.0,0.3629877,80.51267
1.0,0.9999914,112.33256
1.0,0.48016876,121.80924
1.0,0.124556184,316.49817
1.0,0.1308814,74.00312
1.0,0.741121,93.70538
1.0,0.40001595,85.41222
1.0,0.25102276,98.20385
1.0,0.525371,69.28548
1.0,0.9646833,103.6638
1.0,0.28434196,80.01173
1.0,0.8225916,193.14139
1.0,0.1779214,99.11269
1.0,0.5171539,86.48897
1.0,0.9961546,67.58726
1.0,0.28704336,72.38027
1.0,0.99999917,3004.2776
1.0,0.4373957,92.84403
1.0,0.99324644,1118.4226
1.0,0.60823864,86.59092
1.0,0.9615155,102.96036
1.0,1.0,2510.8335
1.0,0.6041533,93.05588
1.0,0.29730484,152.14932
1.0,0.86185676,99.62559
1.0,0.37848273,97.17351
1.0,0.5311932,69.444115
1.0,0.31388682,84.6537
1.0,0.6413831,70.34003
1.0,0.3700105,204.96169
1.0,0.9998838,88.01646
1.0,0.5689738,296.96686
1.0,0.65617734,100.774185
1.0,0.52585256,70.282036
1.0,0.2549468,93.08091
1.0,0.547128,98.03027
1.0,0.5142854,65.89104
1.0,0.31907195,78.61731
1.0,0.31526768,72.25909
1.0,0.32318774,168.33368
1.0,0.28850678,129.85106
1.0,0.43553898,78.89605
1.0,0.3083401,91.31065
1.0,0.4053136,110.44235
1.0,0.54476595,80.91127
1.0,1.0,1270.5757
1.0,0.36812368,66.81531
1.0,0.5190974,140.99239
1.0,0.5080151,88.68316
1.0,0.999995,1988.9486
1.0,0.93740904,739.13354
1.0,0.5382837,70.937065
1.0,0.999944,344.62637
1.0,0.40770343,75.8691
1.0,0.49966156,200.0875
1.0,0.53376436,84.68638
1.0,0.5334871,256.66638
1.0,0.93942165,119.78772
1.0,1.0,3755.891
1.0,0.9229698,220.43973
1.0,0.24515517,104.684975
1.0,0.7888985,81.18063
1.0,0.997675,1688.6598
1.0,0.26326886,70.69316
1.0,0.26431113,240.80577
1.0,0.4174231,97.54588
1.0,0.39947706,72.40935
1.0,0.9969458,230.76816
1.0,0.5023301,68.70528
1.0,0.79153794,83.08598
1.0,0.9999565,356.48523
1.0,0.9236738,140.72908
1.0,0.70448923,72.37324
1.0,0.9999908,488.1991
1.0,0.5734749,86.23489
1.0,0.29446203,75.378426
1.0,0.51222277,66.63525
1.0,0.99996805,117.35823
1.0,0.4627042,76.2646
1.0,0.99475265,173.41023
1.0,0.47881255,631.8481
1.0,0.34805834,127.79489
1.0,0.43998954,66.458206
1.0,0.9999703,291.0022
1.0,0.27068484,88.4109
1.0,0.93072367,524.66547
1.0,0.99355584,121.161125
1.0,0.3175912,189.5345
1.0,0.9380321,66.82137
1.0,0.99998605,152.47678
1.0,0.9712304,147.78749
1.0,0.83072495,72.257614
1.0,0.33387315,877.98517
1.0,0.99999106,519.8865
1.0,0.43778983,65.09178
1.0,0.9537119,354.71286
1.0,0.3198572,115.11906
1.0,0.9980507,302.5647
1.0,0.26261315,80.95028
1.0,0.22732298,108.288574
1.0,0.58064824,201.39758
1.0,0.43031833,72.67932
1.0,0.51298666,181.62357
1.0,0.20992109,115.90926
1.0,0.19412448,138.87753
1.0,0.44969535,80.519455
1.0,0.61447215,295.48584
1.0,0.2884915,72.68263
1.0,0.40509582,102.30846
1.0,1.0,125.755745
1.0,0.5793191,101.364876
1.0,0.9995468,66.274506
1.0,0.9997845,3657.5154
1.0,0.7898839,137.84967
1.0,0.42665985,80.26641
1.0,0.5775843,345.2221
1.0,0.90286624,517.6054
1.0,0.94709855,86.05393
1.0,0.6282838,138.8033
1.0,0.2793567,199.43619
1.0,0.28369495,113.23678
1.0,0.9955492,68.85023
1.0,0.98536366,5.9371845e+06
1.0,0.9999727,73.83467
1.0,0.97341484,159.60948
1.0,0.99900407,209.01103
1.0,0.9997981,413.2831
1.0,0.98002666,1248.1361
1.0,0.8719503,99.07015
1.0,0.72953856,767.53467
1.0,0.92716545,142.61784
1.0,0.99957615,558.8017
1.0,0.39948824,98.91285
1.0,0.36260244,65.278595
1.0,0.3201033,145.85957
1.0,0.95682496,241.66739
1.0,0.37415078,130.6738
1.0,0.29813954,85.74623
1.0,0.99999917,12147.355
1.0,0.9801839,11084.36
1.0,0.34311205,337.98953
1.0,0.35684767,176.7222
1.0,0.9987153,1606.8472
1.0,0.47456843,73.88493
1.0,0.460905,93.234795
1.0,0.5705776,95.42456
1.0,0.43520004,171.15323
1.0,0.62838674,85.24143
1.0,0.998767,328.50244
1.0,0.65137136,552.11725
1.0,0.5309206,87.15216
1.0,0.3173321,74.61053
1.0,0.97194576,130.25624
1.0,0.40309012,142.9878
1.0,0.99921393,151.84875
1.0,0.41648275,168.39967
1.0,0.2891871,128.58017
1.0,0.985031,89.72908
1.0,0.9782391,123.739624
1.0,0.47733727,112.09877
1.0,0.99752647,77.59863
1.0,0.49922016,107.17398
1.0,1.0,12621.472
1.0,0.40364206,91.04946
1.0,0.99993706,152.6292
1.0,0.99999464,123.077515
1.0,0.3349715,103.395256
1.0,0.35903993,89.90518
1.0,0.46356022,93.656784
1.0,0.32280502,631.371
1.0,0.37701142,212.6404
1.0,0.43499145,73.33368
1.0,0.9999443,6416.373
1.0,0.52659714,78.08232
1.0,0.31440365,76.282715
1.0,0.9999342,2768.301
1.0,0.8635631,79.50526
1.0,0.5668386,112.72582
1.0,0.7859706,137.97087
1.0,0.24269564,89.12931
1.0,0.99809307,520.8807
1.0,0.47986335,93.33225
1.0,0.9999995,382.40503
1.0,0.61828065,86.624344
1.0,0.9999924,652.6894
1.0,0.999571,1.5303511e+07
1.0,0.8688365,46738.152
1.0,0.9919984,70.806145
1.0,0.973827,4980.539
1.0,0.7759521,85.04866
1.0,0.6739785,72.10102
1.0,0.2817822,78.37272
1.0,0.99934536,116.50562
1.0,0.8678353,128.57939
1.0,0.9999988,114.6188
1.0,0.23139481,1076.5693
1.0,0.9773876,67.37415
1.0,0.9994435,94.06362
1.0,0.48410377,258.82135
1.0,0.9881891,73.827705
1.0,0.996534,631.6015
1.0,0.55833685,234.4169
1.0,0.99749845,218.03993
1.0,0.38088012,100.42791
1.0,0.5114461,74.06415
1.0,1.0,591.11664
1.0,0.9999999,144.90034
1.0,0.43941975,74.820946
1.0,0.3020682,322.42914
1.0,0.45274773,166.51677
1.0,0.88204944,75.90947
1.0,0.99979585,39640.645
1.0,0.29308024,110.16961
1.0,0.42194158,123.61422
1.0,0.29429027,129.85756
1.0,0.99999714,2812.641
1.0,0.9999747,6258.0557
1.0,0.25628874,96.390915
1.0,0.49979076,66.47722
1.0,0.6809528,69.074715
1.0,0.9993187,71.49445
1.0,0.3972083,312.16248
1.0,0.9999858,6163.926
1.0,0.94068897,66.50565
1.0,0.9999945,128.3361
1.0,0.3052225,74.18115
1.0,0.48721752,73.58032
1.0,0.99106824,320.45468
1.0,0.22010948,128.81326
1.0,0.6508059,116.23156
1.0,0.29758537,232.15395
1.0,0.6373608,67.7295
1.0,0.49790856,131.69313
1.0,0.16393934,75.371185
1.0,0.9990909,66.35923
1.0,0.32617456,73.01136
1.0,0.32705024,122.762314
1.0,0.5303032,320.91803
1.0,0.39708334,87.042694
1.0,0.7754099,74.49709
1.0,0.9962496,71.250626
1.0,0.37614593,96.21769
1.0,0.3546021,68.07479
1.0,0.48073927,119.04758
1.0,0.89765763,69.32851
1.0,0.38349226,198.28989
1.0,0.9276191,77.06692
1.0,0.99998474,10033.72
1.0,0.75005156,3.7150723e+08
1.0,0.48106658,68.89849
1.0,0.9986052,2522.9678
1.0,0.997577,152.2766
1.0,0.98197883,185.05653
1.0,0.99999976,121.406815
1.0,0.36821514,65.89778
1.0,0.23869345,372.32352
1.0,0.39879984,86.55033
1.0,0.4592678,71.646904
1.0,0.58982104,72.18599
1.0,0.5183469,179.45245
1.0,0.42896974,66.94739
1.0,0.3021133,66.051384
1.0,0.32332253,87.86284
1.0,0.9999064,508.80774
1.0,0.39974356,108.820984
1.0,0.47963285,119.466644
1.0,0.44632012,75.70374
1.0,0.99762636,122.694336
1.0,0.35581577,67.03503
1.0,0.295734,482.71048
1.0,0.2820237,176.79381
1.0,0.9385747,3.6823488e+08
1.0,0.5091602,65.02342
1.0,0.54063535,249.19849
1.0,0.702932,23275.422
1.0,0.4497719,81.6771
1.0,0.8545683,67.41238
1.0,0.40989637,101.716736
1.0,0.29852903,69.711494
1.0,0.5394167,161.09932
1.0,0.4134715,73.03373
1.0,0.42582622,145.06772
1.0,0.61420965,81.92276
1.0,0.8134596,66.107285
1.0,0.22267894,66.08327
1.0,0.19832844,73.70852
1.0,0.965714,97.70211
1.0,0.9903261,87.82561
1.0,0.4145328,73.348335
1.0,0.17233141,105.5398
1.0,0.57424194,73.94921
1.0,0.41536525,71.40385
1.0,0.97652346,102.59102
1.0,0.39332414,95.345856
1.0,0.4120016,95.09727
1.0,0.3744894,123.84999
1.0,0.32380748,68.32388
1.0,0.68957675,84.65867
1.0,0.98898274,74.413155
1.0,0.5016475,105.87331
1.0,0.39403152,329.27756
1.0,0.5807455,310.2824
1.0,0.39879984,477.4833
1.0,0.23311482,123.27247
1.0,0.25561252,114.032906
1.0,0.47236568,267.95636
1.0,0.88850474,736.6843
1.0,0.9999999,1096.339
1.0,0.9973224,121.34671
1.0,0.3141549,194.29823
1.0,0.99997425,15389.124
1.0,0.9993949,682.9516
1.0,0.55956084,67.840355
1.0,0.6440749,79.101944
1.0,0.2752246,94.250244
1.0,0.9993882,522.81213
1.0,0.52923274,292.5548
1.0,0.30115247,140.89644
1.0,0.9996277,82.42406
1.0,0.37767053,184.39604
1.0,0.36276793,87.95197
1.0,0.25568214,68.5954
1.0,0.53649104,70.35258
1.0,0.35906497,94.98889
1.0,0.9994041,116.80386
1.0,0.54375714,440.23965
1.0,0.48935804,67.21899
1.0,0.45917794,120.11724
1.0,0.3311606,354.43158
1.0,0.64225197,128.08385
1.0,0.20823382,1006.2929
1.0,0.95808566,154.0241
1.0,0.9998908,721.01373
1.0,0.24746576,78.53641
1.0,0.20446919,85.79108
1.0,0.3988178,75.768105
1.0,0.27234837,161.76256
1.0,0.26469868,104.61052
1.0,0.99998295,2860.267
1.0,0.27501023,90.89479
1.0,0.2541025,121.22666
1.0,0.9808215,65.5394
1.0,0.46383536,116.71777
1.0,0.3126326,112.232574
1.0,0.4922161,254.43658
1.0,0.21431966,73.13604
1.0,0.23055011,136.79883
1.0,0.9974579,108.48528
1.0,0.20267351,84.67048
1.0,0.3485658,77.32696
1.0,0.61656606,527.6919
1.0,0.4244508,159.01022
1.0,0.19365491,75.024666
1.0,0.3227475,68.23753
1.0,0.9944464,77.85369
1.0,0.97961813,111.58462
1.0,0.2883265,107.78669
1.0,0.99973696,83.8514
1.0,0.29063046,147.60092
1.0,0.71418756,334.38162
1.0,0.18558368,175.24347
1.0,0.9658603,148.38965
1.0,0.31504,136.3656
1.0,0.87583065,135.00107
1.0,0.6228424,88.91672
1.0,0.22593659,74.98052
1.0,0.9604402,123.77278
1.0,0.4606895,89.19245
1.0,0.5303343,123.68305
1.0,0.49180007,72.600426
1.0,0.98851144,116.831055
1.0,0.9999789,155.18262
1.0,0.36765623,90.990875
1.0,0.53446287,83.32555
1.0,0.99999464,107.40481
1.0,0.18383661,84.155075
1.0,0.45293793,122.175575
1.0,0.38156465,329.23654
1.0,0.48139074,76.38645
1.0,0.29237804,69.61502
1.0,0.44147465,82.216194
1.0,0.24516137,109.80515
1.0,0.48196828,111.52931
1.0,0.4965722,76.01511
1.0,0.9693517,76.75532
1.0,0.39736798,78.408714
1.0,0.34915495,105.08071
1.0,0.9220887,161.82794
1.0,0.5348306,131.94046
1.0,0.5237994,99.88204
1.0,0.7895666,336.26926
1.0,0.9943129,77.986725
1.0,0.31441304,80.08384
1.0,0.48846325,67.310936
1.0,0.18461113,165.89566
1.0,0.99935037,433.50598
1.0,0.9536147,4634.646
1.0,0.39232725,162.22491
1.0,0.247274,107.859024
1.0,0.8710655,75.18539
1.0,0.4415068,70.202774
1.0,0.2538288,84.10436
1.0,0.99943346,91.50953
1.0,0.35190326,65.549866
1.0,0.42331874,86.98293
1.0,0.202975,155.6876
1.0,0.99960893,253.63387
1.0,0.21992822,69.21148
1.0,0.61283016,75.18621
1.0,0.9999994,4606.1816
1.0,0.3657255,67.33452
1.0,0.41999924,104.52665
1.0,0.23454385,348.97742
1.0,0.6392734,245.20522
1.0,0.9998987,1209.0769
1.0,1.0,191.53915
1.0,0.32150373,116.787704
1.0,0.9969138,88.3984
1.0,0.5034365,69.123215
1.0,0.999173,630.58466
1.0,0.2432163,69.98196
1.0,0.8321909,106.30393
1.0,0.99077165,129.64706
1.0,0.9283862,68.45613
1.0,0.35330355,85.33559
1.0,0.6247913,111.99131
1.0,0.23083936,100.10315
1.0,0.79957205,114.71631
1.0,0.4498794,67.75544
1.0,0.26554263,106.44613
1.0,0.99998736,28727.021
1.0,0.37333682,76.53
1.0,0.551261,81.537636
1.0,0.99943835,79.87425
1.0,0.81553614,1.0995499e+06
1.0,0.99999607,185.50061
1.0,0.35574904,75.848656
1.0,0.74308026,83.2823
1.0,0.9642085,79.371025
1.0,0.24514234,127.28028
1.0,0.99456453,607.7327
1.0,0.5218248,76.74166
1.0,0.9999932,428.72943
1.0,0.5257474,75.368996
1.0,0.1974014,78.35996
1.0,0.36284602,75.10987
1.0,0.9857728,179.80302
1.0,0.27721262,229.55742
1.0,0.287394,177.23265
1.0,0.99534446,225.07542
1.0,0.47280753,69.119644
1.0,0.22274306,142.59106
1.0,0.29037622,144.69223
1.0,0.99446684,178.73816
1.0,0.8597551,89.89225
1.0,0.61955065,66.41484
1.0,0.999984,698.08
1.0,0.34070018,244.81381
1.0,0.55623853,100.72142
1.0,0.9877187,83.091736
1.0,0.991314,75.870766
1.0,0.17329234,81.4893
1.0,0.54396415,223.775
1.0,0.5802496,118.35923
1.0,0.6610432,404.26184
1.0,0.99995375,1269.9746
1.0,0.4707749,65.85794
1.0,0.5453958,70.661095
1.0,0.97535396,298.58914
1.0,0.30324498,122.673996
1.0,0.77216005,426.03458
1.0,0.44044483,131.27988
1.0,0.58745044,79.76306
1.0,0.97001237,69.89405
1.0,0.36415145,663.11957
1.0,0.45072016,84.54393
1.0,0.26805636,88.54146
1.0,0.56643003,87.23531
1.0,0.675481,101.74611
1.0,0.36725348,76.41245
1.0,0.99999976,14907.644
1.0,0.182456,137.07104
1.0,0.5367027,121.38116
1.0,0.3113419,70.50112
1.0,0.9999138,69.44446
1.0,0.5707814,65.45957
1.0,0.44219837,195.17026
1.0,0.41635525,80.24782
1.0,0.23722467,103.56762
1.0,0.9998357,1480.6864
1.0,0.28258973,79.99407
1.0,0.15192641,87.22489
1.0,0.19304393,74.66623
1.0,0.9998253,936.42957
1.0,0.1718033,77.309044
1.0,0.99086624,65.11094
1.0,0.4897247,264.2359
1.0,0.4282019,75.67096
1.0,0.9932354,127.98713
1.0,0.38936564,67.36757
1.0,0.17280339,85.79278
1.0,0.63512117,107.37722
1.0,0.99896955,34037.61
1.0,0.98953617,89.37258
1.0,0.25873074,67.213234
1.0,0.22177716,175.11989
1.0,0.4271643,440.34576
1.0,0.27596632,95.89876
1.0,0.51219165,425.56052
1.0,0.57774717,65.45338
1.0,0.9998673,116.02405
1.0,0.99965155,1125.9952
1.0,0.40678015,84.32827
1.0,0.99649185,73.44343
1.0,0.36336267,109.980286
1.0,0.37410408,179.47235
1.0,0.9996418,854.8934
1.0,0.8078741,180.95447
1.0,0.23994419,69.08789
1.0,0.75256926,97.274704
1.0,0.452505,71.060585
1.0,0.7872236,2.0905614e+11
1.0,0.84254915,78.54714
1.0,0.999966,157.41194
1.0,0.99971277,1465.5217
1.0,0.39688018,217.00758
1.0,0.5534286,550.90466
1.0,0.99999964,5794.758
1.0,0.5020992,84.51302
1.0,0.32367235,69.08051
1.0,0.43686736,67.714165
1.0,0.95953596,75.44384
1.0,0.39277333,98.31726
1.0,0.9995116,937.8207
1.0,0.38795987,69.76448
1.0,0.5174903,109.453316
1.0,0.41684356,86.41538
1.0,0.4112394,66.89544
1.0,0.56010157,68.22234
1.0,0.27765796,100.75809
1.0,0.49111244,153.59862
1.0,0.99994326,96.93476
1.0,0.3104283,131.04118
1.0,0.30607358,67.819016
1.0,0.3500473,399.33438
1.0,0.99998116,1071.9893
1.0,0.99574643,77.27947
1.0,0.999913,123.77618
1.0,0.9907923,146.60922
1.0,0.46011052,85.42938
1.0,0.90549815,74.85636
1.0,0.5867967,80.525
1.0,0.40979922,108.040596
1.0,0.5105595,65.52891
1.0,0.30334857,195.17657
1.0,0.99206626,174.8443
1.0,1.0,933.75964
1.0,0.9988312,92.59866
1.0,0.2775909,230.904
1.0,0.9988341,2622.5618
1.0,0.9999987,17734.75
1.0,0.29468814,469.746
1.0,0.35431165,113.9687
1.0,0.5590948,65.3511
1.0,0.4381035,82.5562
1.0,0.3963681,92.14941
1.0,0.99997497,10349.418
1.0,0.8240474,78.1229
1.0,0.9999535,122.01947
1.0,0.30303347,80.53192
1.0,0.53211325,91.64481
1.0,0.69399536,358.77423
1.0,0.27447844,387.8564
1.0,0.24542113,100.23601
1.0,0.99966705,135.80417
1.0,0.20052716,65.41684
1.0,0.98160124,149.36708
1.0,0.18345866,256.32196
1.0,0.31732208,110.881035
1.0,0.5151058,78.221054
1.0,0.49853393,90.418015
1.0,0.8610622,86.47432
1.0,0.99997485,1114.0337
1.0,0.35588077,66.818054
1.0,0.854439,140.73952
1.0,0.33376986,117.78209
1.0,0.999653,26680.895
1.0,0.40528557,131.41609
1.0,0.34739715,149.64966
1.0,0.9967231,99.15424
1.0,0.48567036,69.59668
1.0,0.25243413,105.977974
1.0,0.9572991,1415.1178
1.0,0.42303285,72.99016
1.0,0.29149994,86.12057
1.0,0.99389017,78.11094
1.0,0.3037618,97.36738
1.0,0.2935096,83.80973
1.0,0.3315842,161.99683
1.0,0.9684433,832.8011
1.0,0.4531652,91.61795
1.0,0.4746943,494.4643
1.0,0.99916625,68.06553
1.0,0.99779344,234.46864
1.0,0.9553675,82.58118
1.0,0.99287957,98.47716
1.0,0.41768193,66.68886
1.0,0.99999,433.99817
1.0,0.8898079,73.45458
1.0,0.46232054,552.4062
1.0,0.3292692,75.59114
1.0,0.9602508,591.26044
1.0,0.7452787,75.07765
1.0,0.9997577,133.35983
1.0,0.61715794,69.59691
1.0,0.14345275,120.7432
1.0,0.65503585,168.85588
1.0,0.9974718,388.09348
1.0,0.472891,93.783
1.0,0.9999262,74.5158
1.0,0.39105582,582.8884
1.0,0.388056,68.534706
1.0,0.2658497,101.86325
1.0,0.35568315,97.4825
1.0,0.48072296,98.21358
1.0,0.99999964,3688.1228
1.0,0.540795,111.18667
1.0,0.9989201,697.92444
1.0,0.3995567,203.07893
1.0,0.36378273,159.755
1.0,0.99989283,2672.6165
1.0,0.2075311,77.32216
1.0,0.9999999,153.26042
1.0,0.20408002,69.115456
1.0,0.36018082,153.49207
1.0,0.9235224,76.732315
1.0,0.9977507,69.27271
1.0,0.9981476,217.8015
1.0,0.28095394,65.2178
1.0,0.9999511,362.22708
1.0,0.49214977,81.418495
1.0,0.62018895,65.096176
1.0,0.35817245,76.497116
1.0,0.31056356,67.75531
1.0,0.99589384,139.76614
1.0,0.28060815,81.351074
1.0,0.74421155,309.42474
1.0,0.28383946,82.05401
1.0,0.9977412,304.28674
1.0,0.95008624,454.1421
1.0,0.20425846,87.73658
1.0,0.99223584,20291.377
1.0,0.16974619,91.52078
1.0,0.43810132,71.46736
1.0,0.79902476,430.3419
1.0,0.99998105,3183.5142
1.0,0.38722315,70.246414
1.0,0.3229133,201.97
1.0,0.47376922,176.59592
1.0,0.29190063,87.90042
1.0,0.5368955,164.24846
1.0,0.31394625,91.574905
1.0,0.9999989,819.3979
1.0,0.31419736,324.36642
1.0,0.6844674,68.927666
1.0,0.4181415,550.52313
1.0,0.99999857,3967.33
1.0,0.9980381,179.90433
1.0,0.46321142,287.7663
1.0,0.64709216,95.82568
1.0,0.99979895,131.95206
1.0,0.7354791,80.47385
1.0,0.31227726,690.54987
1.0,0.505624,89.41604
1.0,0.5155069,163.09941
1.0,0.38135886,84.68001
1.0,0.9999968,241.50745
1.0,0.3947,115.59275
1.0,0.21271467,545.37714
1.0,0.6816992,362.2826
1.0,0.999998,2484.7366
1.0,0.81125504,67.60134
1.0,0.29177105,168.41817
1.0,0.9999919,2286.8374
1.0,0.4986395,69.72512
1.0,0.24031802,463.1594
1.0,0.38792297,78.96943
1.0,0.55302894,66.91785
1.0,0.9998708,255.30772
1.0,0.87556785,8.704895e+07
1.0,0.99991906,384.62054
1.0,0.7484826,122.77883
1.0,0.27280557,74.87859
1.0,0.23188555,81.16241
1.0,0.35786262,115.05758
1.0,0.6161917,67.63323
1.0,0.42792505,253.40811
1.0,0.32647204,96.48211
1.0,0.99999917,5475.5337
1.0,0.2895224,80.64547
1.0,0.62532526,76.71333
1.0,0.50242555,227.72023
1.0,0.6051323,91.0282
1.0,0.5108011,66.30502
1.0,0.45463082,88.837845
1.0,0.50328374,182.6694
1.0,0.9923558,67.80599
1.0,0.3637698,182.9497
1.0,0.39835265,103.65817
1.0,1.0,116.28128
1.0,0.26526424,110.5269
1.0,0.44655463,140.65872
1.0,0.3817402,215.13165
1.0,0.4072306,73.07921
1.0,0.6142883,88.418465
1.0,0.43763816,112.689995
1.0,0.9994122,84.805824
1.0,0.9935968,463.52975
1.0,0.42987156,295.99857
1.0,0.5341754,91.2652
1.0,0.64093584,65.72061
1.0,0.3777141,139.07071
1.0,0.7534136,95.753746
1.0,0.35884383,206.20518
1.0,0.999974,162.30696
1.0,0.2637336,69.634056
1.0,0.9958662,3386.7527
1.0,0.44092265,67.75367
1.0,0.27576545,304.2276
1.0,1.0,119.568085
1.0,0.4671823,72.95857
1.0,0.57379705,66.68967
1.0,0.30152556,211.87204
1.0,0.4206815,67.78044
1.0,0.32995036,261.73395
1.0,0.99999726,265.29697
1.0,0.42444462,271.5986
1.0,0.39310643,93.7779
1.0,0.2450166,79.302734
1.0,0.3093015,242.72136
1.0,0.5334489,114.99986
1.0,0.3495124,106.934204
1.0,0.9152641,119.72434
1.0,0.29251236,136.09747
1.0,0.42882922,437.38815
1.0,0.48584554,75.94578
1.0,0.70719105,70.91102
1.0,0.44890842,68.20787
1.0,0.99789727,300.76108
1.0,0.326215,100.88933
1.0,1.0,301.66525
1.0,0.99892056,72.29045
1.0,0.22126214,66.792145
1.0,0.28423488,138.19867
1.0,0.4134752,92.24051
1.0,0.7157802,202.7335
1.0,0.44316593,86.6948
1.0,0.88743997,368.98196
1.0,0.6024926,64268.008
1.0,0.621308,89.241875
1.0,0.32043016,127.07509
1.0,0.34043178,76.58292
1.0,0.6298765,76.31067
1.0,0.6987373,338.85492
1.0,0.47935298,73.7707
1.0,0.4472897,76.58544
1.0,0.66211724,67.448135
1.0,0.55425465,77.804214
1.0,0.50903094,92.798805
1.0,0.5073774,99.232086
1.0,0.20643544,88.387314
1.0,0.3662994,85.172905
1.0,0.24307531,72.828735
1.0,0.7446679,65.19921
1.0,0.39126256,74.26709
1.0,0.9999125,52671.215
1.0,0.9934989,474.85458
1.0,0.16064087,92.5718
1.0,0.3722769,112.86645
1.0,0.77734876,69.23221
1.0,0.56657445,98.29125
1.0,0.9993668,197.03258
1.0,0.36880335,82.64299
1.0,0.17902236,206.65962
1.0,0.33813372,460.25467
1.0,0.22623834,65.41452
1.0,0.22623834,65.41452
1.0,0.36367548,79.38626
1.0,0.9959889,95.152985
1.0,0.51454645,76.311554
1.0,0.4649924,102.62724
1.0,0.4893769,98.49735
1.0,0.7694051,555.02466
1.0,0.5073322,342.33252
1.0,0.44949088,75.42771
1.0,0.9997925,937.0071
1.0,0.26157486,105.68376
1.0,0.2697366,95.12901
1.0,0.9904198,188.22333
1.0,0.99952734,295.52316
1.0,0.9983676,252.18408
1.0,0.9999956,303.9298
1.0,0.34678748,84.381874
1.0,0.999767,140.33478
1.0,0.49438128,214.53653
1.0,0.9707554,78.37272
1.0,0.99999857,106.04217
1.0,0.9999844,152.2877
1.0,0.23869249,199.80034
1.0,0.9635646,102.40275
1.0,0.24938788,78.61107
1.0,0.39055225,101.39482
1.0,0.4523624,78.36871
1.0,0.96717304,39778.94
1.0,0.99999976,67.04861
1.0,0.30000535,308.21765
1.0,0.52819455,66.80362
1.0,0.3008971,68.66523
1.0,0.25042447,85.30578
1.0,0.9895439,1533.3921
1.0,0.9999993,3762.4888
1.0,0.9999957,10207.283
1.0,0.9999945,429.87885
1.0,0.6614612,66.74679
1.0,0.29430312,88.79136
1.0,0.5832941,84.01631
1.0,0.33329892,82.91061
1.0,0.5708568,200.87486
1.0,0.50412476,110.341995
1.0,0.93131167,170.03418
1.0,0.5676756,91.38979
1.0,0.27967587,81.89567
1.0,0.42032865,195.162
1.0,0.99989116,198.11232
1.0,0.54194677,237.61589
1.0,0.48290733,79.36236
1.0,0.99999416,255.25952
1.0,0.99965775,107.260155
1.0,0.64076996,72.30698
1.0,0.68676895,138.71204
1.0,0.49996525,81.382904
1.0,0.9983631,4769.3022
1.0,0.3703833,81.47946
1.0,0.95423824,69.95025
1.0,0.97793704,128.45734
1.0,0.47046217,374.3955
1.0,0.99998486,1400.0812
1.0,0.54751366,468.52344
1.0,0.9999994,397.0823
1.0,0.45586514,144.81946
1.0,0.39245784,112.19112
1.0,0.49889833,456.42004
1.0,0.48343006,99.057205
1.0,0.40772876,87.134224
1.0,0.28174785,329.80237
1.0,0.99979144,74.32265
1.0,0.32566354,169.73872
1.0,0.46408918,594.3997
1.0,0.53033245,98.921326
1.0,0.41329348,74.44212
1.0,0.54479474,88.22227
1.0,0.1837448,179.13266
1.0,0.35183764,74.59521
1.0,0.34988922,90.831116
1.0,0.8301778,66.14751
1.0,0.30998755,74.42472
1.0,0.999926,110.04871
1.0,0.41292655,79.04321
1.0,0.18951885,86.811005
1.0,0.9371385,67.534836
1.0,0.45801106,66.7823
1.0,0.35223153,72.368614
1.0,0.99987376,147.03407
1.0,0.9952545,113.59099
1.0,0.99974924,75.50611
1.0,0.4608391,83.96191
1.0,0.33146635,96.653366
1.0,0.9894946,181.3193
1.0,0.5501994,169.5935
1.0,0.41384923,105.33241
1.0,0.9661112,204.51053
1.0,0.28612486,116.1568
1.0,0.22179279,71.1196
1.0,0.5684913,77.95717
1.0,0.48994163,86.80067
1.0,0.99974257,3259.3296
1.0,0.98041576,71.04839
1.0,0.5238101,109.39901
1.0,0.48792416,84.26011
1.0,0.25094622,76.778114
1.0,0.68627286,84.506874
1.0,0.48628676,76.04862
1.0,0.98467296,524.7516
1.0,0.9999981,764.8196
1.0,0.9999999,9006.133
1.0,0.3879543,85.524826
1.0,0.5714859,174.78278
1.0,0.40516287,80.40812
1.0,0.50332284,71.904564
1.0,0.8064573,74.850685
1.0,0.35733977,98.07468
1.0,0.99755114,97.13015
1.0,0.53953254,186.09782
1.0,0.4476884,90.899185
1.0,0.50415266,145.78424
1.0,0.48956853,67.981445
1.0,0.22126646,67.245125
1.0,0.99984074,77.72615
1.0,0.39229733,72.878174
1.0,0.9648635,777.0195
1.0,0.99907506,158.54425
1.0,0.45558935,68.32823
1.0,0.796376,81.05011
1.0,0.461475,73.41864
1.0,0.9747711,157.63142
1.0,0.99921143,121.06731
1.0,0.97637504,106.58232
1.0,0.49443343,113.547905
1.0,0.9999914,13064.497
1.0,0.35177362,354.78705
1.0,0.27604732,75.25102
1.0,0.49407682,72.17749
1.0,0.99995196,832.6859
1.0,0.27091625,65.769066
1.0,0.49156478,96.13764
1.0,0.88123286,181.96008
1.0,0.565486,102.92289
1.0,0.76475275,76.10789
1.0,0.29121596,78.43834
1.0,0.37889525,92.65663
1.0,0.49524212,68.142395
1.0,0.7766972,93.72972
1.0,0.985306,5428.588
1.0,0.19045988,92.89219
1.0,0.39855376,132.79109
1.0,0.986187,664.766
1.0,0.2554783,91.68965
1.0,0.5272743,66.98952
1.0,0.95707977,435.79834
1.0,0.9080675,419.1818
1.0,0.37846428,243.87938
1.0,0.14548989,102.3711
1.0,0.9999995,175.0186
1.0,0.36615404,108.023994
1.0,0.5842966,83.205284
1.0,0.7293951,326.90887
1.0,0.6023028,1134.3525
1.0,0.2251239,301.5002
1.0,0.5465439,66.06531
1.0,0.23259473,66.85502
1.0,0.9999702,389.45792
1.0,0.8373435,185.93637
1.0,0.1810713,73.79853
1.0,0.38096482,92.149254
1.0,0.49739817,3.9592668e+06
1.0,0.9999951,3772.8762
1.0,0.5761066,85.21981
1.0,0.6465716,85.82697
1.0,0.999985,5629.591
1.0,0.56086767,82.003456
1.0,0.99997926,82.85684
1.0,0.9626494,101.45835
1.0,0.99215186,243.4933
1.0,0.7192653,188.69832
1.0,0.5179484,75.12657
1.0,0.50039876,85.583534
1.0,0.90276843,191.07202
1.0,0.36128807,90.90457
1.0,0.99961543,165.94293
1.0,0.39705688,118.22552
1.0,0.2018383,65.899826
1.0,0.2971356,289.23544
1.0,0.99976856,866.909
1.0,0.39041483,101.50203
1.0,0.38852438,66.41842
1.0,0.74739397,97.090164
1.0,0.9999323,117.344444
1.0,0.617932,191.7159
1.0,0.36865917,99.105835
1.0,0.9999995,175.01753
1.0,0.24623287,185.6193
1.0,0.21326369,224.69011
1.0,0.9999665,380.80222
1.0,0.54288006,137.06728
1.0,0.5957074,80.39847
1.0,0.957911,67.124695
1.0,0.99947506,655.98517
1.0,0.33375204,79.289764
1.0,0.81885767,3038.993
1.0,0.38790458,383.3734
1.0,0.623681,157.56013
1.0,0.98583454,106.83281
1.0,0.6755745,100.75665
1.0,0.273474,124.56309
1.0,0.41470614,74.258125
1.0,0.9501759,104.47227
1.0,0.35261232,863.37585
1.0,0.9592986,108.30783
1.0,0.9993709,329.9324
1.0,0.41704077,164.35507
1.0,0.2951027,116.91273
1.0,0.9999826,102.612816
1.0,0.99999714,162.99648
1.0,0.23958021,83.969925
1.0,0.96233195,955180.3
1.0,0.6218446,68.39586
1.0,0.7921545,101.128654
1.0,0.7422164,536.1802
1.0,0.67810106,65.75215
1.0,0.99977,102.94674
1.0,0.33596802,75.0533
1.0,0.32791373,139.59276
1.0,0.8397091,83.51796
1.0,0.8397091,83.51796
1.0,0.60558164,91.60978
1.0,0.29766193,67.94061
1.0,0.36863652,345.5784
1.0,0.9960083,142.55295
1.0,0.2969126,104.228226
1.0,0.38411716,70.95495
1.0,0.99999905,15135.59
1.0,0.89181525,83.89694
1.0,0.9999691,280.3378
1.0,0.9708124,92.774635
1.0,0.69210833,78.38797
1.0,0.38648674,82.959
1.0,0.18502975,98.65889
1.0,0.31074056,199.53223
1.0,0.32638052,556.5606
1.0,0.31213114,74.20417
1.0,0.56440425,84.68991
1.0,0.99662066,420.27008
1.0,0.99932754,71.714745
1.0,0.9629069,168.029
1.0,0.3110284,177.27557
1.0,0.44630778,65.32285
1.0,0.5967018,74.71451
1.0,0.9391883,85163.32
1.0,0.42393553,65.44163
1.0,0.9999933,701.6752
1.0,0.51586485,83.615906
1.0,0.95699626,73.25683
1.0,0.2658971,716.8231
1.0,0.412388,66.345566
1.0,0.19320479,421.15234
1.0,0.57774246,8851.316
1.0,0.55869895,24887.83
1.0,0.32188392,68.757195
1.0,0.7591651,2015.5841
1.0,0.9998368,1396.9525
1.0,0.692759,436.50565
1.0,0.692759,436.50565
1.0,0.999332,1965.8549
1.0,0.32905445,1209.3246
1.0,0.99756455,11249.894
1.0,0.41495633,72.263405
1.0,0.9999994,4279.2925
1.0,0.6603159,394994.9
1.0,0.1859244,338.03387
1.0,1.0,6.1231635e+06
1.0,0.9076259,1851.2014
1.0,0.3098828,963.36237
1.0,0.43415728,1886.2727
1.0,1.0,446.74133
1.0,0.56068146,2833.2588
1.0,0.2448233,308.02362
1.0,0.341294,18641.982
1.0,1.0,1080.2511
1.0,0.4936006,397.27002
1.0,0.58171034,354.55594
1.0,0.026804043,66223.484
1.0,0.5089475,2016.3334
1.0,0.8536487,1516.7997
1.0,0.37142056,157.3925
1.0,0.3875969,697.00323
1.0,0.41472214,83.76695
1.0,0.22804078,98.68562
1.0,1.0,2610.3196
1.0,0.4095089,118.43164
1.0,0.4816786,66.79101
1.0,0.17645623,9473.792
1.0,0.9909246,806.0147
1.0,1.0,15610.304
1.0,0.5690909,23946.914
1.0,0.2150241,1662.2522
1.0,0.41931593,110.59834
1.0,0.36761323,20757.355
1.0,0.476959,370.58917
1.0,0.9993536,1.2226984e+06
1.0,0.14888453,2908.8848
1.0,0.39879984,2706.12
1.0,1.0,3196.7893
1.0,0.2015609,187.9658
1.0,0.38771915,4908.0005
1.0,0.99954695,7281.3145
1.0,0.6785812,10478.082
1.0,0.41111603,459.51495
1.0,0.5972026,13394.703
1.0,0.9999219,95.25302
1.0,0.51579696,233.03731
1.0,0.33612803,133.53119
1.0,0.99674124,125.214005
1.0,0.31257817,20633.654
1.0,0.050164863,124914.38
1.0,0.8640056,501.75824
1.0,0.806147,6421.377
1.0,0.32759178,104.37733
1.0,0.14553185,1548.8424
1.0,0.15694152,130.2885
1.0,0.44318438,721.54395
1.0,0.5483592,1521.0758
1.0,0.26133412,292.1507
1.0,0.33651638,582.6974
1.0,0.41644144,3688.1147
1.0,0.99848443,67.903694
1.0,0.99995565,2.1982218e+06
1.0,0.17474133,66.963524
1.0,0.2138929,69.89258
1.0,0.70275146,33134.35
1.0,0.9961921,7303.397
1.0,0.9970451,493.95615
1.0,0.23050591,75.4983
1.0,1.0,1929.7434
1.0,0.18872705,243.37422
1.0,0.27522513,78.57058
1.0,0.12893684,86.688705
1.0,0.4637912,3200.8916
1.0,0.99999726,114.250404
1.0,0.5909736,1114.878
1.0,0.9999982,285.8352
1.0,0.9988697,436.05392
1.0,0.27314454,139.98944
1.0,0.42699066,2870.0884
1.0,0.26779807,515.05347
1.0,0.21318848,276.93222
1.0,0.44885835,179.6132
1.0,0.26710796,189.47156
1.0,0.3088044,459.62546
1.0,0.38442004,234.5191
1.0,0.5960235,553.75244
1.0,0.4488292,112.91318
1.0,0.26625708,290.9728
1.0,0.2650828,432.46106
1.0,0.9997769,73.43347
1.0,0.6101514,164.41472
1.0,0.99996114,1.117389e+06
1.0,0.6720231,463.76596
1.0,0.40993467,384.06583
1.0,0.6089065,4483.971
1.0,0.4853156,97.21689
1.0,0.25365147,88.655876
1.0,0.26049197,257.9531
1.0,0.9757234,382.40503
1.0,0.31192976,491.49786
1.0,0.14088964,1270.029
1.0,0.5060212,2317.7002
1.0,0.3443453,202.71025
1.0,0.30970618,1673.7258
1.0,0.99846965,7830.8745
1.0,0.36433968,199.35136
1.0,0.3264368,85.51375
1.0,0.257842,171.9717
1.0,0.20884922,370.9474
1.0,0.25495434,77.91915
1.0,0.3643328,445.7866
1.0,0.3884417,4028.0505
1.0,0.4250303,76.58052
1.0,0.9999809,21800.031
1.0,0.42158446,524.65393
1.0,0.7748822,8115.613
1.0,0.23697822,1329.758
1.0,0.3338976,302.43134
1.0,0.30575696,114.79196
1.0,0.6530976,1194.4789
1.0,0.59249663,3498.531
1.0,0.67095906,2156.1143
1.0,0.15952781,78.93961
1.0,0.17943905,91.03512
1.0,0.40026808,1116.2241
1.0,0.49613965,521.06085
1.0,0.26425543,91.62449
1.0,0.3912138,670.26056
1.0,0.5747936,80.91092
1.0,0.82990086,3562.313
1.0,0.20591292,593.8097
1.0,0.7863721,79.451546
1.0,0.9999547,677.9386
1.0,1.0,22531.068
1.0,0.9999999,552029.7
1.0,0.25218585,92.961006
1.0,0.9935912,107.855705
1.0,0.24005404,5987.3486
1.0,0.3325014,502.66504
1.0,1.0,3370.6694
1.0,0.9989982,118.06272
1.0,0.22871037,388.0436
1.0,0.36732453,138.30537
1.0,0.7251356,112.233376
1.0,0.26423764,74.946884
1.0,0.32439062,415.38757
1.0,0.14262897,694.5849
1.0,0.21144946,802.0228
1.0,0.9996074,9178.902
1.0,0.7150693,889.48505
1.0,0.2647015,149.72255
1.0,0.21550687,135.95425
1.0,0.5093611,2657.1414
1.0,0.37392282,77752.72
1.0,0.25944346,13470.658
1.0,0.346163,786.63055
1.0,0.48514342,517.0192
1.0,0.44207835,100.72098
1.0,0.42304704,1204.1923
1.0,0.45815328,496.53983
1.0,0.29303235,218.85193
1.0,0.277701,1012.12634
1.0,0.21422093,991.56396
1.0,0.6756668,1532.0425
1.0,0.40169,66.896324
1.0,0.99996245,146.26964
1.0,0.46597728,106.977295
1.0,0.30176678,91.66909
1.0,0.5759554,479.73978
1.0,0.18956746,241.10115
1.0,0.99689144,3256.4788
1.0,0.51013356,1891.9154
1.0,0.29457197,358.83353
1.0,0.25124323,68.82279
1.0,0.999311,13163.992
1.0,0.37813756,552.13513
1.0,0.33789536,117.29131
1.0,0.32596973,66.890335
1.0,0.36816907,67656.41
1.0,0.29110447,150.29738
1.0,0.36043134,387.99442
1.0,0.13264109,10307.55
1.0,0.99960107,12630.44
1.0,0.3659862,2546.6938
1.0,0.3594214,827.5645
1.0,0.395263,257.5774
1.0,0.22050722,1196.1245
1.0,0.18620953,65.43613
1.0,0.9980691,5416.555
1.0,0.99999964,17329.621
1.0,0.37272418,1611.4948
1.0,0.22774188,183.9129
1.0,0.58107966,112.01326
1.0,0.22261943,136.12236
1.0,0.9797253,24132.838
1.0,0.8945114,7665.2656
1.0,0.17994654,5177.8955
1.0,0.3816735,69.12763
1.0,0.14320464,102.625046
1.0,0.25924587,532.8125
1.0,0.24988793,177.5128
1.0,0.24007073,65.73995
1.0,1.0,4.3047965e+06
1.0,0.28814617,203.0757
1.0,0.2608818,96.938965
1.0,0.23852794,111.6969
1.0,0.9985972,2.4602422e+11
1.0,0.99999905,3013.177
1.0,0.34054643,74.47732
1.0,0.99992204,1723.3517
1.0,0.5151451,161.80307
1.0,0.412291,571.9968
1.0,0.5839262,262.25516
1.0,0.37667412,219.13228
1.0,0.6014332,1628.3263
1.0,0.8712484,14401.53
1.0,0.2274357,1937.2883
1.0,0.7226678,199.46652
1.0,0.60772717,5636.0107
1.0,0.9999397,73.03473
1.0,0.96526337,6981.7393
1.0,0.52119577,91.28715
1.0,0.33593982,88.98721
1.0,0.9496914,83579.09
1.0,0.5840036,154.53583
1.0,0.17670396,142.77153
1.0,0.8403253,18250.162
1.0,0.23080602,706.77136
1.0,0.21163034,5632.45
1.0,0.9957795,309.50934
1.0,0.4492725,138.32162
1.0,1.0,8727.796
1.0,0.3489984,5343.375
1.0,0.39380786,73.88406
1.0,0.9891894,98.98779
1.0,0.9999999,4483.2676
1.0,0.99999976,2704.194
1.0,0.9999871,1206.4507
1.0,0.83787996,1527.6726
1.0,0.9862656,420.38638
1.0,0.21466649,2902.7207
1.0,0.2658115,790.066
1.0,0.5555388,652.0451
1.0,0.9999969,12434.828
1.0,0.2495847,2637.3997
1.0,0.9930131,170.29575
1.0,0.58674914,139.92352
1.0,0.7815662,4749.6226
1.0,0.49216935,71.88668
1.0,0.5268544,712.12537
1.0,0.8009948,116.21057
1.0,0.9705201,1096.1868
1.0,0.97904795,245.2611
1.0,0.5190886,366.89923
1.0,0.2095241,120.10385
1.0,0.9779847,4412.9995
1.0,0.8818141,2715.4167
1.0,0.78120685,6447.396
1.0,0.16996427,13713.096
1.0,0.6571315,710.4849
1.0,0.24761337,74.456184
1.0,0.9595679,1144.3502
1.0,0.27741417,2029.911
1.0,0.17656197,4890.98
1.0,0.32759708,83.266945
1.0,0.4513384,206.8737
1.0,0.2670488,72.86473
1.0,0.99945325,108.743706
1.0,0.99999976,18881.074
1.0,0.9999995,22450.59
1.0,0.30458748,80.32158
1.0,0.9990746,3093.288
1.0,0.23660567,279.88864
1.0,0.66502947,841.33453
1.0,0.22734028,104.58318
1.0,0.295843,119682.74
1.0,0.5517725,1030.3182
1.0,0.29044032,7042.1826
1.0,0.34503773,166.79031
1.0,0.69119954,688.8937
1.0,0.4528527,91.253174
1.0,0.57090986,600.91016
1.0,0.1966948,251.95493
1.0,0.22162583,122.37427
1.0,0.19824408,113.335976
1.0,0.9999999,58673.07
1.0,0.29853106,3025.9727
1.0,0.23817496,180.15714
1.0,0.99975926,738.4064
1.0,0.30368382,292.258
1.0,0.99788326,72.045845
1.0,0.99999726,890.71106
1.0,0.18557727,2261.4802
1.0,0.3002751,863.26166
1.0,0.26555967,238.48914
1.0,0.075179175,4387.11
1.0,0.7606834,4970.1626
1.0,0.17599656,2174.5083
1.0,0.9993938,863.0882
1.0,0.8587737,261.75577
1.0,0.99973136,782.302
1.0,0.19587485,106.706024
1.0,0.48489085,96.17766
1.0,0.22713672,125.09061
1.0,0.46098855,946.8401
1.0,0.29996404,158.64568
1.0,0.26732495,72.03693
1.0,0.45538175,79.05883
1.0,1.0,16500.545
1.0,0.28486067,1065.4043
1.0,0.28572732,213.63884
1.0,0.9999976,15075.948
1.0,0.915226,106.671585
1.0,0.26406315,4107.814
1.0,0.64768124,2159.743
1.0,0.4519133,134.47604
1.0,0.1466358,75.666824
1.0,0.4294097,256.0418
1.0,0.21422642,1127.9045
1.0,0.5623183,391.45117
1.0,0.32667276,4875.6
1.0,0.22869018,355.06628
1.0,1.0,313.9948
1.0,0.42051727,170.67639
1.0,0.41594568,73.607956
1.0,0.98321426,3194.27
1.0,0.99998605,264.19806
1.0,0.76155794,105.71754
1.0,0.24357022,3093.8484
1.0,0.42204666,147.5856
1.0,0.9999745,248.01004
1.0,0.7497934,1677.0525
1.0,0.41146436,1132.65
1.0,0.15721177,72.0916
1.0,0.1666303,78.69398
1.0,0.3469508,9025.654
1.0,0.32874593,199.08789
1.0,0.5390566,7906.105
1.0,0.15768692,1098.2456
1.0,1.0,76074.97
1.0,0.9999999,23132.701
1.0,0.16917299,22456.31
1.0,0.39180875,1170.8878
1.0,0.6150035,3203.7395
1.0,1.0,4337.3115
1.0,0.2015294,99.177025
1.0,0.3904199,7032.6787
1.0,0.17810908,100.213615
1.0,0.3764732,705.18695
1.0,0.25060594,31615.139
1.0,1.0,1024.691
1.0,0.45856878,69.16783
1.0,0.1446242,170.05948
1.0,0.97430384,32837.73
1.0,0.21887362,135.99352
1.0,0.28262174,629.4212
1.0,0.5087013,272.77576
1.0,0.5198739,2771.0378
1.0,0.9999975,1852.4081
1.0,0.9999993,3978.8335
1.0,0.23481011,192.19821
1.0,0.16398513,97.10653
1.0,0.20089695,221.55905
1.0,0.29839182,181.36133
1.0,1.0,3231.619
1.0,0.25488257,121.503426
1.0,0.68107307,218.23956
1.0,0.1746743,352.20004
1.0,0.3949745,66.793755
1.0,0.8570232,165.9413
1.0,0.8873705,6816.6943
1.0,0.4731424,86.861206
1.0,0.3454227,102.37015
1.0,0.9967918,3097.7368
1.0,0.1151797,5785.4697
1.0,0.3820779,280.68552
1.0,0.24331275,7465.343
1.0,0.33651397,174.25708
1.0,0.19518875,76.05509
1.0,0.31833476,746.44244
1.0,0.999295,2754.1687
1.0,0.5119091,69.53934
1.0,0.25168416,111.89765
1.0,0.99991584,11163.737
1.0,0.20578332,123.82327
1.0,1.0,13682.865
1.0,0.88796854,66.60262
1.0,0.39879984,446.30792
1.0,1.0,12475.211
1.0,1.0,547242.3
1.0,0.102291964,984.61316
1.0,0.9999776,1446.1989
1.0,0.9992926,250.78319
1.0,0.99776614,4212.7563
1.0,0.29400903,197.99033
1.0,0.36406994,789.03394
1.0,0.32442895,963.9507
1.0,0.28017664,663.152
1.0,0.1797099,65.73418
1.0,0.16276516,21580.15
1.0,0.22349659,8314.727
1.0,0.40429053,866.1179
1.0,0.9930948,251.65466
1.0,0.9999609,24648.656
1.0,0.18661806,114.0981
1.0,0.5702437,535.4368
1.0,0.24860731,74.65072
1.0,0.3087399,1233.327
1.0,0.9967435,130.85844
1.0,0.22611988,2009.0044
1.0,0.5350097,109.40009
1.0,0.22575752,68.687965
1.0,0.83678025,82.24136
1.0,0.24297391,143.55984
1.0,0.22316149,586.2757
1.0,1.0,371.87555
1.0,0.50023025,38285.348
1.0,0.25406095,291.94128
1.0,0.30060843,209.05074
1.0,0.26627842,1248.9491
1.0,0.9999989,685.37946
1.0,0.14861827,1032.7709
1.0,0.39586613,124.929474
1.0,0.22456886,125.28414
1.0,0.3361537,1073.7987
1.0,1.0,441.71106
1.0,0.15401195,69.47778
1.0,0.5470219,4065.0444
1.0,0.99999964,92737.336
1.0,0.22635281,142.81873
1.0,0.52253103,360.45944
1.0,0.41533148,5502.6543
1.0,0.4062629,1700.4883
1.0,0.29800582,1102.8784
1.0,0.29685336,2770.8918
1.0,0.617726,2642.6272
1.0,0.9631069,10192.266
1.0,0.60662246,70.46789
1.0,1.0,14651.726
1.0,0.99999595,153.90948
1.0,0.6119761,1222.6985
1.0,0.62724537,7764.0117
1.0,0.52182466,772.6382
1.0,0.27611446,4409.9746
1.0,0.99490154,6598.6724
1.0,1.0,17169.83
1.0,0.83408815,2299.0261
1.0,0.32570827,130.65536
1.0,0.99999714,143.1914
1.0,0.30501202,81.75327
1.0,0.94566816,2797.4224
1.0,0.206636,73.32537
1.0,0.65551585,91.6774
1.0,0.39411062,580.40735
1.0,0.14018238,106.816444
1.0,0.18632734,65.65836
1.0,0.8662223,1689.5063
1.0,0.12751664,1911.232
1.0,0.9962643,89.90804
1.0,0.42934853,86.17124
1.0,0.32931343,104.86622
1.0,0.3210981,176.67834
1.0,0.99846506,9122.362
1.0,0.39879984,3474.6626
1.0,0.090179615,1304.3083
1.0,0.99845994,70.30239
1.0,0.99999404,15727.029
1.0,0.44410628,383.2278
1.0,0.9999087,2692.623
1.0,0.68347883,7089.2646
1.0,0.42846662,71.762794
1.0,0.47683114,83.522224
1.0,0.5800464,9743.429
1.0,0.06369746,13032.935
1.0,0.55987394,95.86022
1.0,0.43258023,2883.5093
1.0,0.23687768,5717.8926
1.0,0.37313333,1534.8862
1.0,0.19272862,584.4482
1.0,0.39879984,569.3939
1.0,0.20910832,67.450356
1.0,0.29578564,263.63385
1.0,0.619524,7456.749
1.0,0.99999475,12169.342
1.0,0.8648638,571.8759
1.0,0.99999976,5613.7466
1.0,0.1909798,95.93714
1.0,0.4006927,118.47013
1.0,0.9999976,1228.002
1.0,0.451295,105.23404
1.0,0.10897609,1359.995
1.0,0.9996307,2624.9514
1.0,0.5395538,83.64467
1.0,0.5094125,69.06641
1.0,0.9398476,148.8695
1.0,0.64111066,640.6148
1.0,0.60103375,490.81866
1.0,0.18561406,165.98267
1.0,0.39144567,1611.662
1.0,0.999642,4604.7656
1.0,0.7276802,2380.896
1.0,0.5887321,112.11902
1.0,0.52226996,121.2061
1.0,0.34993833,220.95963
1.0,0.3713661,3401.4297
1.0,0.91753525,13707.255
1.0,0.53427553,164.5228
1.0,0.4315585,1252.3064
1.0,0.27425376,1563.3768
1.0,0.99999857,4318.807
1.0,0.52617073,69.44629
1.0,0.99998486,2790.1143
1.0,0.3421993,114.24131
1.0,0.541079,332.60886
1.0,0.27086577,164.95981
1.0,0.34181517,356.17145
1.0,0.45454353,168.4386
1.0,0.30837867,4029.331
1.0,0.33822665,312.4831
1.0,0.9711908,647.25323
1.0,0.23218721,447.1344
1.0,0.14970332,250.72717
1.0,0.18409309,97.720024
1.0,0.41874567,98.07307
1.0,0.99999726,932.4058
1.0,0.28123415,140.33978
1.0,0.4837,120.410576
1.0,0.6129406,106.92809
1.0,0.28028396,4556.3496
1.0,0.13425365,456.7549
1.0,0.37461868,105.77199
1.0,0.15177152,6444.5864
1.0,0.20912038,407.79166
1.0,0.5193988,546.43506
1.0,0.21927905,67.13938
1.0,0.21592943,98.11496
1.0,0.47788566,79.28423
1.0,0.36174932,1132.1465
1.0,0.237324,6789.1587
1.0,0.31983677,151.96475
1.0,0.98480046,1095.2706
1.0,0.4928115,815.0237
1.0,0.47752044,1701.6594
1.0,1.0,5829.844
1.0,0.36433217,449.49884
1.0,0.4475609,62942.016
1.0,0.34173098,639.02545
1.0,0.1870801,3035.4531
1.0,0.99615,23171.008
1.0,0.97285897,119.32821
1.0,0.42866346,65.8471
1.0,0.5006193,227.29707
1.0,0.5163878,1620.325
1.0,0.34100327,4532.5464
1.0,0.3632279,2098.6013
1.0,0.24050647,62342.07
1.0,0.9990908,495.051
1.0,0.5462271,72.196396
1.0,0.29723978,82.030655
1.0,0.23142233,356.3064
1.0,0.21735172,528.0776
1.0,0.15120612,2289.7092
1.0,0.2632576,263.5887
1.0,0.23978704,67.85187
1.0,0.20229876,528.1814
1.0,0.5339455,74.01464
1.0,0.22025631,2885.4065
1.0,0.16943362,144.87552
1.0,0.9960712,154.14946
1.0,0.4628735,691.4189
1.0,0.32849225,77.81459
1.0,0.99999547,2227.304
1.0,0.23616101,251.05594
1.0,0.38640982,1782.6407
1.0,0.32765448,174.04283
1.0,0.48378503,160.56876
1.0,0.9553555,112.60441
1.0,0.29511258,4977.005
1.0,0.19666833,3367.3755
1.0,0.2633375,13616.325
1.0,0.27699456,168.45479
1.0,0.45959073,309.87454
1.0,0.70031744,381.23102
1.0,0.9999999,9711.526
1.0,0.95105344,531.76495
1.0,0.34942856,245.06406
1.0,0.5180847,135.0153
1.0,0.08349184,88803.79
1.0,0.17933837,1053.0951
1.0,0.96063524,93.874374
1.0,0.28876206,256.2114
1.0,0.88222915,98.207565
1.0,0.99999475,351.56644
1.0,0.43291515,530.5568
1.0,0.53440326,199.76634
1.0,0.99974674,16824.775
1.0,0.2850913,1293.8917
1.0,0.3602034,70.32835
1.0,0.9417127,193.60094
1.0,0.29270202,396.69055
1.0,0.9999341,18279.762
1.0,0.1194868,524.9694
1.0,0.28316176,1871.4827
1.0,0.9943271,65.020676
1.0,0.4704223,341.0635
1.0,0.4529265,1055.4983
1.0,0.5705515,5472.231
1.0,0.7884826,114.388794
1.0,0.48880047,443.37817
1.0,0.89414924,69.76938
1.0,0.9999894,3.0483918e+07
1.0,0.6244138,102.66268
1.0,0.2622161,113.43638
1.0,0.53524333,2608.191
1.0,0.4194877,387.04623
1.0,0.74784464,1080.0157
1.0,0.20038274,387.83194
1.0,0.2870532,8467.266
1.0,0.24594228,20521.568
1.0,0.4612555,1438.9929
1.0,0.20552178,237.69887
1.0,0.48150453,119.21768
1.0,0.9999999,1283.0933
1.0,0.580373,82.59702
1.0,0.6280223,680.9659
1.0,0.47794503,89.68473
1.0,0.35150948,106.16723
1.0,0.3375884,448.67242
1.0,0.19786176,1721.7799
1.0,0.73019505,70.42952
1.0,0.8567992,67.750435
1.0,0.28633398,1255.0153
1.0,0.9997547,240.24117
1.0,0.99998987,3189.469
1.0,0.2666348,1406.5107
1.0,0.17644899,70.419464
1.0,0.3644583,3003.278
1.0,0.92819893,3076.4172
1.0,0.9999901,1.203881e+06
1.0,0.7806902,122.152306
1.0,0.97095406,551.3028
1.0,0.5370859,66.45554
1.0,0.21508342,71.73286
1.0,0.19898418,8284.072
1.0,0.999995,470.4872
1.0,0.97826195,8347.978
1.0,0.31922704,80.36553
1.0,0.51899105,110.548874
1.0,0.27257326,91.69031
1.0,0.15566042,13523.369
1.0,0.2660758,961.0514
1.0,0.5705232,1307.3795
1.0,0.8046404,803.53796
1.0,0.928591,76.96929
1.0,0.25558817,111.03356
1.0,0.13659205,10380.019
1.0,1.0,5.841435e+06
1.0,0.47045204,70.25062
1.0,0.44044638,323.3546
1.0,0.30340225,7531.1714
1.0,0.9998938,147984.78
1.0,0.9999474,3547.4636
1.0,0.44394007,74.35872
1.0,0.43243653,5925.449
1.0,0.20725605,128.86758
1.0,0.19550024,134.39987
1.0,0.31262386,83.61954
1.0,0.34381098,315.9331
1.0,0.29917213,66.651985
1.0,0.6138321,700.9814
1.0,1.0,583.1729
1.0,0.9710028,3933.7534
1.0,0.4024872,538.3832
1.0,0.97070026,535.3243
1.0,0.87058485,118.24039
1.0,0.22265776,125.63444
1.0,0.5935899,79.089134
1.0,0.24725994,16099.553
1.0,0.21791042,86.43574
1.0,1.0,4628.821
1.0,0.29345232,8068.931
1.0,0.3638124,655.4607
1.0,0.9998933,2594.1594
1.0,0.35895208,73.33546
1.0,0.35588667,96.229095
1.0,0.99828464,113.9448
1.0,0.99970573,3.4559126e+08
1.0,0.2276907,69.36562
1.0,0.38605082,116.92313
1.0,0.4451057,10567.413
1.0,0.73117584,1389.088
1.0,0.9651715,740.6714
1.0,0.4042143,4074.9805
1.0,0.2568195,77.92609
1.0,0.19229314,338.2097
1.0,0.30202344,795.98676
1.0,0.16331767,41186.387
1.0,0.2912623,265.86703
1.0,0.99963677,77.671616
1.0,0.21651375,244.75455
1.0,0.36958337,629.73535
1.0,0.2964009,152.71837
1.0,0.17340201,1112.4705
1.0,0.18339944,112.751816
1.0,0.5685731,188.93912
1.0,0.3729519,2230.6802
1.0,0.3971777,223.46747
1.0,0.47559497,1359.1292
1.0,0.40686405,83.79554
1.0,0.16120625,121.8382
1.0,0.99937963,104.47863
1.0,0.9995821,1693.6285
1.0,0.5137377,11972.007
1.0,0.9999931,38862.305
1.0,0.5732738,312.43695
1.0,0.3929872,102.45943
1.0,0.5371336,870.25256
1.0,0.38223514,2166.4438
1.0,0.5593072,19992.41
1.0,0.9996,338.57303
1.0,0.42620328,111.10094
1.0,0.49559516,2064.716
1.0,0.8389586,3282.5242
1.0,0.9999993,1179.919
1.0,0.99999857,760.0192
1.0,0.8937225,105.410446
1.0,0.99999726,3170.7903
1.0,0.22068906,608.63586
1.0,0.27240172,65.03619
1.0,0.33005697,681.6107
1.0,0.41597036,73.35919
1.0,0.65410584,406.2405
1.0,1.0,1.1586759e+07
1.0,0.52854633,64537.844
1.0,0.40207776,81.13625
1.0,0.2802024,503.63928
1.0,0.35695925,760.3381
1.0,0.9939825,168082.31
1.0,0.2610454,173.39433
1.0,0.19352683,73.23536
1.0,0.9981438,27088.623
1.0,0.7032102,1607.1719
1.0,0.9557993,6029.705
1.0,0.72687006,81.42359
1.0,0.3015615,83.763985
1.0,1.0,12017.838
1.0,0.4273095,105.71376
1.0,0.3486552,1524.6917
1.0,1.0,3589.7559
1.0,0.58204895,66.9522
1.0,0.15768063,96.885445
1.0,0.9964587,2760.0051
1.0,0.35146657,683.1155
1.0,0.2199058,247.381
1.0,0.9999833,266.67526
1.0,0.22494347,72.90846
1.0,0.99999964,314.3829
1.0,0.8576857,911.29425
1.0,0.2444644,82.190094
1.0,0.96216446,2977.653
1.0,0.22497663,1141.018
1.0,0.39945236,93.90855
1.0,0.98963785,408.18362
1.0,0.39648178,109.320244
1.0,0.22170971,6765.0684
1.0,0.19604798,116.55482
1.0,0.99999964,7297.2134
1.0,0.38394782,255.10667
1.0,0.2745104,1999.4036
1.0,0.1960066,82.11081
1.0,0.5075382,462.45612
1.0,0.25972992,225.1162
1.0,0.23292212,165.8717
1.0,0.34515497,2049.3357
1.0,0.38954198,764.7058
1.0,0.66755515,125.332016
1.0,0.30379584,256.0601
1.0,0.4067314,72.01684
1.0,1.0,1.3549959e+07
1.0,0.50493574,99.5453
1.0,0.44722536,147.6065
1.0,0.49511975,611.62024
1.0,0.99697554,109489.734
1.0,0.53728205,83.42613
1.0,0.27847147,364.79083
1.0,0.49264863,618.303
1.0,0.3932472,71.593
1.0,0.12937059,155.99997
1.0,0.5728967,1059.6797
1.0,0.32121435,1645.6869
1.0,0.23336287,1288.5088
1.0,0.19212857,1791.5273
1.0,0.9995378,1.6950155e+06
1.0,0.2899549,167.80481
1.0,0.7961884,1477.681
1.0,0.4130108,68.27506
1.0,0.5332311,4873.3657
1.0,0.7186132,347.05106
1.0,0.21327727,3408.009
1.0,0.20216931,90.687744
1.0,0.94124544,8982.422
1.0,0.4172631,756.6106
1.0,0.367158,432.24054
1.0,0.48859286,9875.905
1.0,0.99999034,4647.508
1.0,1.0,2843.896
1.0,0.18416964,104.0028
1.0,0.56960726,2097.2031
1.0,0.3391001,503.59808
1.0,0.29959366,215.10449
1.0,0.4870006,371.63126
1.0,0.31392303,72071.77
1.0,0.4545759,137.40767
1.0,0.2698553,550.3893
1.0,0.6146018,269.45865
1.0,0.34391174,414.03342
1.0,0.2760989,134.32295
1.0,0.16712065,231.28891
1.0,0.45872727,364.94205
1.0,0.33489117,86.53499
1.0,0.3439288,158.72356
1.0,0.5087769,2733.0042
1.0,0.43746144,81.14902
1.0,0.999995,545.5532
1.0,0.60690403,69.5372
1.0,0.7622833,166.62796
1.0,0.46623772,1112.6226
1.0,0.21483159,258.36182
1.0,0.28844714,255.1889
1.0,0.27129325,84.53263
1.0,0.32468158,112.967804
1.0,0.3658778,215.35722
1.0,0.2505665,80.613464
1.0,0.22440812,3289.7095
1.0,0.8450132,2132.6584
1.0,0.3051136,525.28394
1.0,0.15461896,111.999306
1.0,0.102689244,39257.668
1.0,0.16993259,87.46839
1.0,0.3204856,1103.4913
1.0,0.8724613,697956.25
1.0,0.9870275,874.09784
1.0,0.9999957,5498.804
1.0,0.299069,813.60345
1.0,0.26783365,108.76508
1.0,0.18003207,100.20877
1.0,0.5136607,516.1987
1.0,0.34890503,23850.98
1.0,0.15580693,84.43943
1.0,0.31310835,661.0579
1.0,0.18099152,90.66982
1.0,1.0,18809.215
1.0,0.39879984,200.54991
1.0,0.99999285,7.0426155e+06
1.0,0.47658157,95.94523
1.0,0.42702466,276.3897
1.0,0.32764825,160.57396
1.0,0.98538405,69.35294
1.0,0.99999964,1175.689
1.0,0.9991204,52090.18
1.0,0.39335853,408.5347
1.0,0.94873375,142.09103
1.0,0.28212807,8657.39
1.0,0.5516617,205.8211
1.0,0.19028352,79.88291
1.0,0.61470675,3228.7515
1.0,0.25998017,98.093414
1.0,0.28075084,307.2191
1.0,0.81821173,131.21172
1.0,1.0,3.46072e+06
1.0,0.9999994,347.6288
1.0,0.9983144,35472.785
1.0,0.9999999,1588.9645
1.0,0.98226005,4740.063
1.0,0.6411348,7084.386
1.0,0.6194094,941.7779
1.0,0.9999635,98.48324
1.0,0.21502657,76.34243
1.0,0.4468579,4153.8394
1.0,0.4155567,75.91118
1.0,0.18739271,270.94006
1.0,0.25671047,92.19141
1.0,0.4962776,4201.2383
1.0,0.34407157,158.8197
1.0,0.72435004,5293.3955
1.0,0.28292194,82.76544
1.0,0.27895495,366.39343
1.0,0.51292825,644.2018
1.0,0.20865212,1140.5458
1.0,0.35129642,656.8814
1.0,0.30421007,78.68145
1.0,0.23655008,83.41658
1.0,0.24137193,15188.662
1.0,0.25155315,130.97617
1.0,0.8268081,86.38173
1.0,0.5716865,1166.6864
1.0,0.3731371,83.24821
1.0,0.31800956,89.79716
1.0,0.27778742,1547.593
1.0,0.34949383,727.28534
1.0,0.22559759,173.7651
1.0,0.20918141,91.84436
1.0,0.8382596,1745.6166
1.0,0.9997873,592.2132
1.0,0.28503045,1151.982
1.0,0.20020263,83.508286
1.0,0.99875724,1848.7883
1.0,0.9522753,3376.761
1.0,0.3760221,94.94469
1.0,0.41385755,120.3252
1.0,0.463274,3216.857
1.0,0.99999976,8943.8545
1.0,0.4191035,2545.0698
1.0,0.17903271,91.09749
1.0,1.0,5180.133
1.0,0.9999995,10063.078
1.0,0.665491,456.95807
1.0,0.27648744,15555.503
1.0,0.3409367,319.8169
1.0,0.165971,76.89099
1.0,0.4199963,1875.8336
1.0,0.5588075,3766.099
1.0,0.48872837,6007.1455
1.0,0.535984,427.67984
1.0,0.20782202,1578.3726
1.0,0.47212535,67.14744
1.0,1.0,307.3198
1.0,0.17694154,957.9615
1.0,0.8581312,2069.8413
1.0,0.54199713,1473.6006
1.0,0.33462423,158.32732
1.0,0.99946433,4.4356655e+06
1.0,0.36121574,133.61485
1.0,0.33693328,436.4546
1.0,0.9283875,71.507645
1.0,0.16174173,67.90325
1.0,0.45048445,15813.5
1.0,0.27201438,924.7313
1.0,0.9998784,1.6552022e+08
1.0,0.24057026,80.34595
1.0,0.99999917,11643.663
1.0,0.25751022,69.57573
1.0,0.25485954,195.51718
1.0,0.27258164,290.3414
1.0,0.37665883,533.45703
1.0,0.29888827,691.80273
1.0,0.35789,990.4818
1.0,0.4273455,823.065
1.0,0.27141052,65.0766
1.0,0.99999535,5013.78
1.0,0.9999044,58036.914
1.0,0.23937544,121.32466
1.0,0.23451193,78.7242
1.0,0.2272425,208.80081
1.0,0.82112193,2609.5889
1.0,0.4622115,681.80756
1.0,0.3012336,225.16835
1.0,0.12334913,315.1202
1.0,1.0,11134.774
1.0,0.34336957,75.687164
1.0,0.7202181,1292.147
1.0,0.17135677,115.24723
1.0,0.39879984,658.6675
1.0,0.9652182,593.21344
1.0,0.25181526,169.694
1.0,0.22120349,82.69378
1.0,0.99999905,2015.8762
1.0,0.38627303,97.96703
1.0,0.28760162,231.93675
1.0,0.41895497,226.31978
1.0,0.98269856,86.64025
1.0,0.54721516,145.20341
1.0,0.5583552,475.5895
1.0,0.9915712,13695.01
1.0,0.17151706,888.42114
1.0,0.49923056,3966.7205
1.0,0.46710563,9532.619
1.0,0.37094185,327.1182
1.0,0.4122382,4949.776
1.0,0.23056088,388.89923
1.0,0.48096567,556.9164
1.0,0.23240507,81.857956
1.0,0.32856807,28429.906
1.0,0.5243414,241.5016
1.0,0.99886286,100.03487
1.0,0.83564425,167.54616
1.0,0.83734393,12604.5625
1.0,0.22299202,653.85675
1.0,0.59643894,130.6228
1.0,0.23644327,326.28598
1.0,0.06295291,11658.7705
1.0,0.31361783,6058.513
1.0,0.3323203,96.101234
1.0,0.20816515,18231.996
1.0,0.4457719,1247.1061
1.0,0.9999732,171.24937
1.0,0.4468344,67.80277
1.0,0.9998381,18271.314
1.0,0.48433855,23940.447
1.0,0.5272922,2444.4917
1.0,0.6949155,88.07098
1.0,0.48956487,2132.2288
1.0,0.48184937,8609.426
1.0,0.15139396,95.67112
1.0,0.21273588,140.51701
1.0,0.39859602,144.7194
1.0,0.46571264,1534.0708
1.0,0.63334376,172.30423
1.0,0.22288865,3884.0571
1.0,0.756977,216.53276
1.0,0.99999535,2344.995
1.0,0.15119672,1874.1589
1.0,0.99057204,3975.576
1.0,0.31443286,518.7421
1.0,0.62526286,18815.059
1.0,0.19664904,2818.445
1.0,0.9761239,146.78018
1.0,1.0,2495.1074
1.0,0.24387582,611.4141
1.0,0.24387582,611.4141
1.0,0.2432825,67.9698
1.0,1.0,126879.555
1.0,0.20423214,65.7646
1.0,0.3662293,1181.0978
1.0,0.17504537,187.85686
1.0,0.9705887,448.63525
1.0,0.09570313,22925.342
1.0,0.431896,985.26196
1.0,0.52643526,9419.707
1.0,1.0,8280.895
1.0,0.17533807,3818.9922
1.0,0.42662695,67.54518
1.0,0.45495906,144.43471
1.0,0.999876,974.7902
1.0,1.0,7654.408
1.0,0.99987316,637.7028
1.0,0.9420533,448.3041
1.0,0.19013754,2999.2036
1.0,0.40947285,568.16833
1.0,0.31879342,1180.7627
1.0,0.27992168,104.90929
1.0,0.43569082,20991.242
1.0,0.4261533,84.88492
1.0,0.47315848,9537.896
1.0,0.22907895,155.35199
1.0,0.94395125,4040.12
1.0,1.0,1126.4417
1.0,0.20232585,255.9624
1.0,0.2685027,107.67361
1.0,0.2887629,246.55179
1.0,0.31072438,168.9603
1.0,0.60832435,82.884415
1.0,0.34448448,73.89132
1.0,0.9933849,998.4158
1.0,0.20581415,217.43353
1.0,0.5018622,266.92426
1.0,0.99998844,988.88556
1.0,0.17767021,70.119804
1.0,0.6592035,4013.0725
1.0,0.40448746,1280.4391
1.0,0.9976024,321.2348
1.0,0.55168784,143.71754
1.0,0.1858141,640.8927
1.0,0.5293424,67.58746
1.0,0.35264584,346.14743
1.0,0.35264584,346.14743
1.0,0.99981505,128.11191
1.0,0.4820248,202.33768
1.0,0.4060072,2173.0442
1.0,0.22152388,106.49587
1.0,0.64265513,1559.0641
1.0,0.22048314,830.22473
1.0,0.47070274,149.7357
1.0,0.18808258,82.22304
1.0,0.9999994,123.32892
1.0,0.3384697,6240.6
1.0,1.0,103.61146
1.0,0.3489417,5370.168
1.0,0.23306182,120.75301
1.0,0.26818255,21948.047
1.0,0.19817525,300.4396
1.0,0.9984188,37627.406
1.0,0.24493894,73.28434
1.0,0.5889607,172.53339
1.0,0.22509576,104.67469
1.0,0.21087612,608.61115
1.0,0.6403909,1701.6426
1.0,0.2197634,164.1703
1.0,0.19675148,111.51125
1.0,0.3108299,1014.52954
1.0,0.9999995,470.21762
1.0,0.2678288,677.17163
1.0,0.28694054,3390.49
1.0,0.028015979,95656.25
1.0,0.4061254,2158.31
1.0,0.8535767,9099.935
1.0,0.41379827,2113.6296
1.0,0.33980745,88.77671
1.0,0.1316665,3734.6477
1.0,0.18792939,654.89856
1.0,0.94346493,1024.8379
1.0,0.99999976,3710.694
1.0,0.47741005,985.81604
1.0,0.34111568,2486.901
1.0,0.48793173,756.2568
1.0,0.99652255,112.02581
1.0,0.28746355,156.57964
1.0,0.37473434,221.26077
1.0,0.34793302,4477.9595
1.0,0.28173357,939.9009
1.0,0.6431267,97.81905
1.0,0.24771824,2103.1638
1.0,0.58011985,168.32426
1.0,0.7442784,2399.2444
1.0,0.70130926,111.479
1.0,0.99982053,87.27131
1.0,0.6995538,2703.2336
1.0,0.9938473,3537.5627
1.0,0.3217262,424.62308
1.0,0.7135496,216.16019
1.0,0.8129854,4093.4873
1.0,0.18225469,178.78429
1.0,0.25157234,85.83263
1.0,0.4272062,2230.3347
1.0,0.91119134,205.3799
1.0,0.9804982,835.1782
1.0,0.21675755,383.31744
1.0,0.35900056,8162.524
1.0,0.31555432,844.93976
1.0,0.21794909,276.93784
1.0,0.8206382,975.10223
1.0,0.99538213,310.18362
1.0,0.6672788,1031.4683
1.0,0.9999993,36675.89
1.0,0.99974924,202.53671
1.0,0.9757117,2324.95
1.0,0.9967661,2136.6921
1.0,0.70500976,83.97767
1.0,0.4244923,210.06046
1.0,0.5791438,3492.3367
1.0,0.26256207,105.4758
1.0,0.12055879,92.68085
1.0,0.24291399,3730.7502
1.0,0.2701372,884.44006
1.0,0.4694762,99.02763
1.0,0.13099733,82.02737
1.0,0.8613508,667.96655
1.0,0.978631,984.96454
1.0,0.40811974,221.60698
1.0,0.4537264,1557.5901
1.0,0.53143966,92.1535
1.0,0.19601776,87.646095
1.0,0.40941936,100.90965
1.0,0.33419263,25906.756
1.0,0.33896303,531.5784
1.0,0.9999999,375665.6
1.0,0.9633554,70.274025
1.0,0.6086433,7091.9272
1.0,0.48446834,161.05722
1.0,0.41014868,192.81784
1.0,0.64118963,472.43484
1.0,0.37200722,621.39545
1.0,0.32483268,173.04657
1.0,0.56451094,115.49849
1.0,1.0,364.14813
1.0,0.2062207,638.94684
1.0,0.956666,122.968445
1.0,0.56775075,237.20091
1.0,0.21355852,95.60019
1.0,0.2826705,83.50235
1.0,0.3667611,397.57504
1.0,0.5864244,103.91371
1.0,0.639139,70.69025
1.0,0.15455048,64188.957
1.0,0.9999963,5931.0146
1.0,0.222569,401.0577
1.0,0.35586277,88.707
1.0,0.04441334,5950.2104
1.0,0.43480632,95.71354
1.0,0.9999881,79.0775
1.0,0.22937869,344.33685
1.0,0.899312,96.625916
1.0,0.9999881,129066.805
1.0,0.1690545,100.78193
1.0,0.52943045,420.97528
1.0,0.99999964,4791.131
1.0,0.9999908,472.8757
1.0,0.4910444,1943.7697
1.0,0.25067875,15387.231
1.0,0.5307394,130.19905
1.0,0.13590345,6298.246
1.0,0.9150335,617.19403
1.0,0.34243193,79.80642
1.0,0.12786849,10254.507
1.0,0.1921468,76.352615
1.0,0.9999628,11576.446
1.0,0.3571529,97.61303
1.0,0.3563639,122.73597
1.0,0.99998343,260.66837
1.0,0.07973422,29137.979
1.0,0.19584592,578.33136
1.0,0.37665552,66.274345
1.0,0.24812533,16047.809
1.0,1.0,1154.1761
1.0,0.23068781,720.3285
1.0,0.21237795,506.1402
1.0,0.738646,117.61345
1.0,1.0,3.2545592e+06
1.0,0.999416,3589.557
1.0,0.31615862,139.48282
1.0,0.3709746,437.12384
1.0,0.3097364,127.26945
1.0,0.99999905,136.68503
1.0,0.37950405,586.7954
1.0,0.42745972,436.26965
1.0,0.13725705,75.86465
1.0,0.9920174,19872.264
1.0,0.37426078,208.42906
1.0,0.62447655,3253.0854
1.0,0.4055275,149.36084
1.0,0.14601347,83.873314
1.0,0.99997175,95.02353
1.0,0.37739623,1837.8431
1.0,0.23634191,551.6177
1.0,0.39257085,142.50264
1.0,0.22654182,265.47018
1.0,0.8801106,86.56739
1.0,0.24411862,394.10922
1.0,0.28256106,637.53973
1.0,0.18961497,7689.9897
1.0,0.9999877,521881.88
1.0,0.2884809,70.27889
1.0,0.51190376,12225.951
1.0,0.48809433,2180.0508
1.0,0.19353099,2585.22
1.0,0.942394,4879.424
1.0,0.75916374,2695.9644
1.0,0.9887468,18244.451
1.0,0.50217694,141.70924
1.0,0.99992275,205.44676
1.0,0.7601619,3389.9893
1.0,0.32812873,1732.9032
1.0,0.31786945,375.86322
1.0,0.99903333,339.17206
1.0,0.24408437,5880.1343
1.0,0.42665768,952.8178
1.0,0.34052917,652.19727
1.0,0.32459354,66.51949
1.0,0.087070234,1135.5364
1.0,0.34268498,111.98522
1.0,0.61590844,2485.2031
1.0,0.9999989,512.80566
1.0,0.4334973,8503.849
1.0,1.0,85124.43
1.0,0.5239446,5515.6865
1.0,0.3542447,2836.6423
1.0,0.48828596,200.01468
1.0,0.42170322,2313.0137
1.0,0.20331207,96.00184
1.0,0.4952078,2208.9302
1.0,0.81516254,106.81603
1.0,0.46662152,8609.912
1.0,0.9806353,33813.188
1.0,0.3274964,1619.4348
1.0,0.27907068,1911.8995
1.0,0.15884067,76.220406
1.0,0.22633153,2829.1213
1.0,0.43076256,1485.5781
1.0,0.3752896,1788.644
1.0,0.8913177,1758.2687
1.0,0.2324092,104.03089
1.0,0.23180825,418.81125
1.0,0.1283316,1659.7856
1.0,0.9409383,1870.2152
1.0,0.42100573,73.28951
1.0,0.27999786,3043.85
1.0,0.8217181,125.60037
1.0,0.16621572,136.02965
1.0,0.9999995,6228.8086
1.0,0.22655812,430.18033
1.0,0.6808334,3384.6895
1.0,0.42954278,784.5742
1.0,0.37930414,493.0594
1.0,0.47067252,3904.4502
1.0,0.2476029,468.21848
1.0,0.99999964,127.73429
1.0,0.76316327,19464.156
1.0,0.4613902,612.7683
1.0,0.9999999,5316.537
1.0,0.9513972,390.6041
1.0,0.47102633,1162.8926
1.0,0.32465172,293.5987
1.0,0.7145038,966.36414
1.0,0.99990296,221.82608
1.0,0.9169531,1612.9719
1.0,0.5716879,10033.423
1.0,0.29529387,2096.875
1.0,0.25411436,246.44557
1.0,0.27064547,565.1943
1.0,0.62881064,87.88131
1.0,0.23979025,181.5792
1.0,0.5580379,177.46164
1.0,0.35528892,2459.8694
1.0,0.4345765,714.03925
1.0,0.99999976,44209.195
1.0,0.5237015,2346.0266
1.0,0.96367925,77.98925
1.0,0.56882685,570.4042
1.0,0.27314943,1233.4598
1.0,0.5146628,469.93558
1.0,0.23951729,4847.143
1.0,0.99999046,5347.63
1.0,0.3133088,228.21281
1.0,0.7474117,2295.8704
1.0,0.68517524,103.17021
1.0,0.9999442,5178.9473
1.0,0.1648222,180.05203
1.0,0.37569082,465.86093
1.0,1.0,454.9321
1.0,0.19285688,1089.1122
1.0,1.0,916.4366
1.0,0.9999995,10932.156
1.0,0.36772555,381.38257
1.0,0.41253558,549.3303
1.0,0.20775725,692.5593
1.0,0.20316467,494.51752
1.0,0.30008796,1357.6511
1.0,0.27906358,78.851
1.0,0.5243371,3628.2954
1.0,0.24740508,70.78053
1.0,0.52922565,70.8474
1.0,0.5625996,792.65216
1.0,0.9999888,1786.534
1.0,0.599166,66.82776
1.0,0.20745538,83.978455
1.0,0.99999,21045.844
1.0,0.22839315,109.69471
1.0,0.26639828,504.11755
1.0,0.24413967,579.2309
1.0,0.514691,346.56326
1.0,0.34016657,178.57202
1.0,0.30888894,493.18362
1.0,0.34556982,89.28823
1.0,0.5053263,9665.222
1.0,0.9999963,305.35422
1.0,0.30602795,751.8068
1.0,0.8939484,628.4748
1.0,0.4685475,91.5543
1.0,0.95224696,4270.1216
1.0,0.26726034,347.5109
1.0,0.82290274,6535.51
1.0,0.5592042,68.45431
1.0,0.18059836,7032.5938
1.0,0.28130078,143.74501
1.0,0.26090458,137.65282
1.0,0.95870596,1654.6327
1.0,0.9997341,15766.5
1.0,0.44691443,1101.3707
1.0,0.18453549,91.11667
1.0,0.9570693,131.35304
1.0,0.4060233,727.1097
1.0,0.9753391,5.1529416e+07
1.0,0.16444576,83.17795
1.0,0.5029037,102.24574
1.0,0.24807546,82.808846
1.0,0.18342856,71809.61
1.0,0.18695903,180.49808
1.0,0.99469924,75.866356
1.0,0.99774534,52877.555
1.0,0.5541442,102.46843
1.0,0.9999815,216.18843
1.0,0.24398084,193.13948
1.0,0.8778907,1836.6238
1.0,0.9726624,135.16393
1.0,0.892773,110.98682
1.0,0.84173447,79.831375
1.0,0.22649477,2055.719
1.0,0.28118277,5325.4585
1.0,0.5748383,10983.952
1.0,0.8120665,69.8246
1.0,0.15152429,118345.586
1.0,0.99941504,137.08858
1.0,0.9998481,1189.9039
1.0,0.2100284,222.79669
1.0,0.25436336,86.27741
1.0,0.28925326,5637.5454
1.0,0.46207863,480.39572
1.0,0.46207863,480.39572
1.0,0.21205463,67382.85
1.0,0.20638311,79.75317
1.0,0.9999982,1044.7909
1.0,0.35155407,95.79662
1.0,0.25368515,663.27026
1.0,0.27079162,594.9325
1.0,0.16960025,1981.1655
1.0,0.4755038,348.75507
1.0,0.99894565,146.20485
1.0,0.38754684,212.57434
1.0,0.27764484,9617.48
1.0,0.49256197,4377.3403
1.0,0.40653434,1443.8848
1.0,0.36015984,84.180046
1.0,0.49517488,16242.873
1.0,0.4920269,534.1982
1.0,0.29372215,1132.5991
1.0,0.9999999,344.9777
1.0,0.22240329,1647.6504
1.0,0.99697316,112.092186
1.0,0.9777868,151.94124
1.0,0.7138941,28613.1
1.0,0.5475172,36318.965
1.0,0.9999995,64539.83
1.0,0.23974726,142.845
1.0,0.25072804,173.70178
1.0,0.9999969,20294.586
1.0,0.03202626,123713.41
1.0,0.9994766,11849.836
1.0,0.46356755,87.97749
1.0,0.9879347,124.41226
1.0,0.42687127,31127.076
1.0,0.99999964,179.05588
1.0,0.22762926,1271.4207
1.0,0.30705765,666.0749
1.0,0.5407416,6359.8765
1.0,1.0,1.8042597e+08
1.0,0.9615455,2378.8762
1.0,0.20185018,856.3584
1.0,1.0,1474.9537
1.0,0.17535976,68.88681
1.0,0.85035247,6815.2837
1.0,0.39398918,379.9056
1.0,0.4582201,824.09174
1.0,0.4806312,222.67845
1.0,0.21358639,406.02246
1.0,0.51740044,422.46045
1.0,0.9899323,6050.074
1.0,0.30938473,80.41319
1.0,0.22180335,74.92082
1.0,0.16719174,147.88326
1.0,0.38224077,22405.576
1.0,0.40137666,504.52563
1.0,0.20580117,546.5104
1.0,0.35755697,69.05526
1.0,0.13355167,130.58803
1.0,0.23827791,2981.7588
1.0,0.37150085,1022.6825
1.0,0.27104035,101.17158
1.0,0.9895864,1128.1992
1.0,0.15781936,1617.2173
1.0,0.34640822,78.621605
1.0,0.28407103,593.8892
1.0,0.08716946,3489.3682
1.0,0.2705993,65.955
1.0,0.31607014,124.34268
1.0,0.39879984,3250.579
1.0,0.22960591,659.11707
1.0,0.17554967,1134.4379
1.0,0.24153925,1266.7507
1.0,0.13862488,46689.633
1.0,0.2772233,101.554756
1.0,0.3200305,3959.0625
1.0,0.47945452,73.76021
1.0,0.17631848,69.206345
1.0,0.2540753,1957.1842
1.0,0.2436885,215.0791
1.0,0.07343653,2793.946
1.0,1.0,14560.62
1.0,0.50035524,981.2869
1.0,0.32064918,81.75027
1.0,0.46537283,144.08585
1.0,0.35304958,696.9462
1.0,0.9966967,421.84006
1.0,0.29152688,1040.1559
1.0,0.18607752,99.96605
1.0,0.8726522,758.66736
1.0,0.33589616,10265.795
1.0,0.70054054,69.70198
1.0,0.434955,709.73956
1.0,0.42814097,86.6145
1.0,0.34019154,118.79825
1.0,0.46670625,75.64193
1.0,0.99516195,1588.0051
1.0,0.99983716,74445.27
1.0,0.29867473,164.67099
1.0,0.9994276,15724.18
1.0,0.14758635,66.34785
1.0,0.39334163,87.80637
1.0,1.0,1113.5323
1.0,0.70971256,24760.654
1.0,0.41928974,903.9355
1.0,0.36945164,471.95813
1.0,0.12893726,1305.188
1.0,0.39879984,400.69568
1.0,0.3739307,137.67004
1.0,0.36096683,661.81396
1.0,0.18539724,268.98053
1.0,0.24026796,80.02447
1.0,0.9535853,1334.2216
1.0,0.9367672,631929.6
1.0,0.53625125,92.6783
1.0,0.40162885,1404.5084
1.0,0.42518637,110.1476
1.0,0.9999988,117.40585
1.0,0.99993694,21710.982
1.0,0.305077,149.02438
1.0,0.46651414,65.9856
1.0,0.9637353,1584.8037
1.0,0.453236,665.97906
1.0,0.18907583,2788.7283
1.0,0.9999999,9476.439
1.0,0.70153075,187.25421
1.0,0.38397706,294.39035
1.0,0.9127169,2935.7532
1.0,0.1848515,71.69491
1.0,0.9999511,11236.673
1.0,0.4298888,820.72144
1.0,1.0,1336.6937
1.0,0.8063079,236.02678
1.0,0.72082686,8293.838
1.0,0.31938738,96.45282
1.0,0.48940465,93.42247
1.0,0.32359007,97.29852
1.0,0.3294975,167.6852
1.0,0.31331986,156.17383
1.0,0.40660632,113.6412
1.0,0.25390586,423.69165
1.0,1.0,30647.32
1.0,0.15240188,21891.514
1.0,1.0,1250.2285
1.0,0.99999964,36747.316
1.0,0.3231924,518.64874
1.0,0.33806214,82.36833
1.0,0.4654625,1005.9543
1.0,0.9999596,633.0897
1.0,0.24240497,2235.146
1.0,0.4476894,232.42876
1.0,0.09599337,76.1915
1.0,0.3867364,21628.447
1.0,0.9979144,1696.409
1.0,0.99998987,514.8542
1.0,0.43940488,2569.8262
1.0,0.42141044,3580.016
1.0,0.9999982,3888.4714
1.0,0.44474918,642.7648
1.0,0.33588597,116.23501
1.0,0.26799706,105.95366
1.0,0.24553894,141.14449
1.0,0.17798284,2888.1401
1.0,0.38689926,69.71585
1.0,0.53783005,288.45163
1.0,0.26749584,6120.8716
1.0,0.988111,21736.55
1.0,1.0,3663.4878
1.0,0.2020795,108.07192
1.0,0.5311226,233.27423
1.0,0.99886835,146.18478
1.0,0.99907184,869730.0
1.0,0.9999999,1404.0112
1.0,0.402346,105.48043
1.0,0.38257283,136.66476
1.0,0.99999726,17936.588
1.0,0.19094856,77.22027
1.0,0.27684534,147.53473
1.0,0.23697297,67.13107
1.0,0.35041076,4307.458
1.0,0.9995265,2230.8394
1.0,0.29042184,100.70633
1.0,0.18645413,95.11804
1.0,0.2656166,484.04846
1.0,0.5301291,91.647804
1.0,0.12125605,2051.4766
1.0,0.19501443,151.09703
1.0,0.4304048,80.1325
1.0,0.51286507,570.67725
1.0,0.6714268,666.94244
1.0,0.23517095,91.18842
1.0,0.17918669,1883.36
1.0,0.64645535,250.097
1.0,0.69432646,15296.288
1.0,0.4748837,146.50656
1.0,0.2693999,1628.8932
1.0,0.438874,791.42816
1.0,0.5219476,90.93767
1.0,0.24023427,331.9033
1.0,0.39400786,2103.4756
1.0,0.2781269,81.77868
1.0,0.24243775,1424.1692
1.0,0.27307293,976.9508
1.0,0.52674323,68.47587
1.0,0.35107163,771.1449
1.0,0.8104507,4050.5535
1.0,0.57549435,433.39557
1.0,0.9999763,25198.26
1.0,0.95881194,4096.2544
1.0,0.9988751,739.24023
1.0,0.27584758,209.72112
1.0,0.5487927,144.10324
1.0,0.5865594,4242.2793
1.0,0.9999958,333.27435
1.0,0.99962246,87.568855
1.0,0.6818423,2654.6624
1.0,0.686058,928.1374
1.0,0.4182106,1920.5541
1.0,0.83330137,34641.336
1.0,0.7323206,155.20589
1.0,0.30331504,450.7492
1.0,0.99908435,33596.035
1.0,0.9972084,4570.2983
1.0,0.29761183,9547.63
1.0,0.45061272,781.3269
1.0,0.28021908,342.09262
1.0,0.7353191,2443.1716
1.0,0.13607824,93.34644
1.0,0.26618403,220.32672
1.0,0.3995684,476.54135
1.0,0.8529175,100.15779
1.0,0.5085834,610.0502
1.0,0.261256,247.74428
1.0,0.27658364,3680.849
1.0,0.5598194,21248.848
1.0,0.46212766,732.2121
1.0,0.14085895,104.21747
1.0,0.46443903,26295.842
1.0,0.4597491,410.64813
1.0,0.13908882,167.57265
1.0,0.9884116,9284.569
1.0,0.18154782,28800.29
1.0,1.0,1592.9366
1.0,0.99958414,76469.984
1.0,0.40037367,1307.8949
1.0,0.39816898,1215.8823
1.0,0.20747952,82.431076
1.0,0.21644676,344.95953
1.0,0.3406722,1096.7585
1.0,0.9381395,24349.918
1.0,0.9989506,115.53755
1.0,0.35351285,44962.715
1.0,0.99981934,60356.5
1.0,0.14626335,2167.2397
1.0,0.75326306,3832.486
1.0,0.2770706,419.74277
1.0,0.1455538,6595.536
1.0,0.41629574,120.90425
1.0,0.5546133,2434.6174
1.0,0.42941293,128.88455
1.0,0.9714769,18257.777
1.0,0.17410654,341.7491
1.0,0.26773328,232.60426
1.0,0.99999964,1624.858
1.0,0.5059121,11638.883
1.0,0.99211097,1469.1272
1.0,0.6064006,422.9171
1.0,0.505784,4470.939
1.0,0.2683855,990.64716
1.0,0.49317482,114.615715
1.0,0.07239485,1980.1718
1.0,0.11545867,3323.2139
1.0,0.13582525,40042.52
1.0,0.22291401,84.99041
1.0,0.19432728,153.11586
1.0,0.83735716,3021.869
1.0,0.99597424,69.34544
1.0,1.0,6131.5293
1.0,0.38017118,72.91759
1.0,0.9988255,263.08838
1.0,0.8725995,198.27542
1.0,0.4599877,570.8562
1.0,0.6788674,180.92815
1.0,0.30786178,137.99382
1.0,0.9999796,2.7210722e+06
1.0,0.13569564,82.4986
1.0,0.22350769,1305.1005
1.0,0.25037748,403.74686
1.0,0.23036647,406.39175
1.0,0.27938503,504.13858
1.0,0.9999949,2126.3643
1.0,0.24978966,955.4966
1.0,0.9999577,20427.848
1.0,0.11823251,16069.195
1.0,0.22356156,478.62833
1.0,0.9859147,1427.5068
1.0,0.4586437,942.47144
1.0,0.4052465,77.82323
1.0,0.25206527,683.80963
1.0,0.9990363,1024.564
1.0,0.28662342,7159.705
1.0,0.9999232,45873.812
1.0,0.4669783,874.50433
1.0,0.16890043,4363.983
1.0,0.46583638,183.85849
1.0,0.36047518,3133.7146
1.0,0.16633423,592.5293
1.0,0.545994,10231.936
1.0,0.15494101,233.45538
1.0,0.4840813,6602.5825
1.0,0.1805162,1271.6322
1.0,0.71661836,603.26587
1.0,0.55809885,711.4115
1.0,0.27507514,466.73514
1.0,0.9976434,268.6864
1.0,0.5751498,11569.572
1.0,0.9957,428.20724
1.0,0.36279705,4700.612
1.0,0.85175365,154.9794
1.0,0.3340037,158.63853
1.0,0.30105156,556.6841
1.0,0.16510262,755.4351
1.0,0.19133765,356.0874
1.0,0.999998,543.8055
1.0,0.29601595,102.41585
1.0,0.31412965,208.95218
1.0,0.2770076,3593.2715
1.0,0.2770076,3593.2715
1.0,0.42403919,108.13548
1.0,0.9992149,1990.3215
1.0,0.20704909,730.70746
1.0,0.86469156,144.34886
1.0,0.49940598,1267.4617
1.0,0.26095927,7510.7915
1.0,0.896165,779.75385
1.0,0.5839051,83.02525
1.0,0.111192584,13603.399
1.0,0.5478005,305.87564
1.0,0.37691,8259.891
1.0,0.14426349,13653.616
1.0,0.29555774,119.8158
1.0,0.28992957,2226.293
1.0,0.26430267,93.493095
1.0,0.726095,12952.022
1.0,0.97097147,90.14987
1.0,0.30799407,103.542885
1.0,0.23043299,2576.3225
1.0,0.2542825,83818.4
1.0,0.38805202,308.45615
1.0,0.3758345,3948.6914
1.0,0.30500907,280.0222
1.0,0.20541762,130.37321
1.0,0.9987626,641.0613
1.0,0.25762358,1234.6576
1.0,0.24611774,34287.72
1.0,0.6361409,706.7605
1.0,0.8907628,439.05292
1.0,0.9999999,3521.7202
1.0,0.9999963,3182.7559
1.0,0.5002241,70.83655
1.0,0.15209237,144.87012
1.0,0.19714624,114.30568
1.0,0.9433691,9141.383
1.0,0.44534266,124.81252
1.0,0.99981993,1526.4604
1.0,0.67492163,495.8414
1.0,0.57672095,98.80702
1.0,0.3458858,453.00888
1.0,0.5205281,222.95465
1.0,0.63389957,3126.748
1.0,0.17492284,80.684456
1.0,0.2158704,94.15204
1.0,0.99589634,120.7098
1.0,0.24172947,1810.6508
1.0,0.9952064,251.30649
1.0,0.5180219,19891.648
1.0,0.44071648,85.117
1.0,0.24371347,71.80145
1.0,0.34881836,336.83517
1.0,0.35998958,97.96152
1.0,0.93611586,3662.0842
1.0,0.9998091,1522.3682
1.0,0.7447118,1083.5516
1.0,1.0,313.82626
1.0,0.42597526,109.14772
1.0,0.1878988,101.01236
1.0,0.38993564,1241.4583
1.0,0.2444253,2779.48
1.0,0.44030073,125.28524
1.0,0.5243906,84.43213
1.0,0.20839092,7748.929
1.0,0.20780827,1411.9835
1.0,0.66143566,486.8061
1.0,0.48591697,21730.896
1.0,0.9999982,65.36575
1.0,0.36396492,75.626045
1.0,0.27459347,106.48202
1.0,0.3359943,157.39397
1.0,0.4397681,576.8167
1.0,0.31024745,80.97544
1.0,0.9997875,1520.4589
1.0,0.29947123,214.31557
1.0,0.9998574,2278.2314
1.0,0.6102731,205.93843
1.0,0.19842267,470.04858
1.0,0.3123028,103.56403
1.0,0.29526016,131.96951
1.0,0.14315684,96.32868
1.0,0.999992,2100.6807
1.0,0.51717705,481.98654
1.0,0.2419708,606.5182
1.0,0.22242433,424.24817
1.0,0.16085866,157.04683
1.0,0.4558814,268.75308
1.0,0.97120506,3744.1792
1.0,0.2068154,77.36384
1.0,0.4231073,106.49973
1.0,0.99990916,685.6169
1.0,0.55855787,537.2123
1.0,0.10408426,16244.514
1.0,0.99999845,828.0599
1.0,0.55056465,354.40805
1.0,0.29382363,326.78253
1.0,0.20158674,6683.106
1.0,0.99174786,80.209236
1.0,0.59061575,1888.5077
1.0,0.48768198,1171.3423
1.0,0.9999758,2572.357
1.0,0.24771354,2746.5664
1.0,0.2432738,768.67316
1.0,0.37813544,1367.1678
1.0,0.14388034,16572.791
1.0,0.9999999,669.06537
1.0,0.99916875,1338.5919
1.0,0.29877052,1227.8402
1.0,0.9998536,2833.5637
1.0,0.67936987,4754.381
1.0,0.57619196,102.89701
1.0,0.9999995,367.93317
1.0,0.34470707,89.23639
1.0,0.28975898,370.5332
1.0,1.0,6347.2393
1.0,0.26595643,665.78204
1.0,0.53125185,357.66943
1.0,0.12890677,172.50555
1.0,0.57035935,1021.9574
1.0,0.1311523,90.44244
1.0,0.47721085,844.01117
1.0,0.99999833,4195.7295
1.0,0.40175396,4420.504
1.0,0.42556396,139.1748
1.0,0.6034239,78.32362
1.0,0.4240326,828.96497
1.0,0.9866166,120.79074
1.0,1.0,375.19632
1.0,0.59985185,81.614395
1.0,0.17458,132.38712
1.0,0.9994289,249.17989
1.0,0.25476596,632.59534
1.0,0.37883785,108.9918
1.0,0.19394983,4074.493
1.0,0.3113811,467.73727
1.0,0.29406655,1306.5745
1.0,0.98248464,74.19451
1.0,0.99997985,384.20102
1.0,1.0,473.75708
1.0,1.0,13438.454
1.0,0.9982596,73.67037
1.0,0.39879984,86.28798
1.0,0.9984718,118247.52
1.0,0.33479562,258.99133
1.0,0.19597822,1035.5403
0.0,0.7188549,1379.1265
0.0,0.8312311,697.0717
0.0,0.31177175,2817.3855
0.0,0.63843364,1473.6572
0.0,0.2606095,70.131355
0.0,0.18121386,47690.3
0.0,0.1846895,71.986305
0.0,0.29575884,1178.4508
0.0,0.53348446,2455.1233
0.0,0.73956865,84.23629
0.0,0.54388237,2244.5266
0.0,0.34669948,64088.043
0.0,0.27647957,70.25385
0.0,0.21171954,89.24442
0.0,0.18345483,116.90734
0.0,0.14635912,671.19543
0.0,0.5329843,79.10281
0.0,0.39440218,1858.4882
0.0,0.7407631,1858.5739
0.0,0.2668149,111.76872
0.0,0.79398453,157.66708
0.0,0.37841308,2002.3749
0.0,0.31095263,1826.668
0.0,0.14521782,6298.924
0.0,0.33747658,529.16614
0.0,0.28102276,68.95593
0.0,0.22087307,1582.9048
0.0,0.6270396,76.1381
0.0,0.99586487,249.95837
0.0,0.5698548,227.6896
0.0,0.2722927,992.14386
0.0,0.16077076,96.44117
0.0,0.20780149,152.39911
0.0,0.19537653,1739.5906
0.0,0.23799181,7280.2915
0.0,0.15606815,28811.232
0.0,0.31283632,574.72327
0.0,0.44871128,1602.2667
0.0,0.29851317,4063.2751
0.0,0.2902747,521.78845
0.0,0.24345033,93.37248
0.0,0.5433491,536.1607
0.0,0.27593282,72.600784
0.0,0.3644451,461.6325
0.0,0.2633132,3476.4504
0.0,0.25172046,91.60286
0.0,0.40541175,103629.266
0.0,0.352608,587.63873
0.0,0.50319016,1040.951
0.0,0.36054826,14640.421
0.0,0.22357912,291.0265
0.0,0.2541922,1981.6508
0.0,0.14001122,1261.5714
0.0,0.2692872,94.04459
0.0,0.1352402,1251.1685
0.0,0.35732862,3476.4524
0.0,0.21112747,653.748
0.0,0.1986107,4286.12
0.0,0.99996686,392.22214
0.0,0.3468362,2821.5273
0.0,0.284114,72.343925
0.0,0.36147448,23266.123
0.0,0.40114236,227.58626
0.0,0.29149488,3875.4438
0.0,0.30297506,83.78321
0.0,0.21729481,921.32513
0.0,0.18265438,115.51389
0.0,0.3592831,5080.4487
0.0,0.2785208,1481.5986
0.0,0.12342037,255.38315
0.0,0.14286865,11491.713
0.0,0.66048795,7604.787
0.0,0.28648153,757.6385
0.0,0.21732159,692.3674
0.0,0.6633066,957.1761
0.0,0.44052458,156.00964
0.0,0.34887958,442.36725
0.0,0.45157003,981.2465
0.0,0.3703083,2096.9014
0.0,0.48706594,110.295
0.0,0.4471919,5913.731
0.0,0.09068235,42400.855
0.0,0.23016267,105.369774
0.0,0.18022034,231.74965
0.0,0.35647577,65.14265
0.0,0.31467992,711.64197
0.0,0.5317164,76.736336
0.0,0.17294139,24970.244
0.0,0.9396876,3781.3945
0.0,0.36323383,177.17068
0.0,0.035675533,73752.69
0.0,0.50235766,34802.023
0.0,0.99698824,743.7073
0.0,0.99698824,743.7073
0.0,0.28490004,1263.7501
0.0,0.30831587,355.39606
0.0,0.2087639,407.8156
0.0,0.33077314,309.81824
0.0,0.25175905,1281.5664
0.0,0.20758492,6254.202
0.0,0.21942545,347.63608
0.0,0.3299889,73.561844
0.0,0.29045027,790.06555
0.0,0.74618775,1651.5072
0.0,0.09664131,47100.87
0.0,0.23659812,668.05566
0.0,0.20753473,79.42523
0.0,0.36761487,1898.0325
0.0,0.20033938,201.78615
0.0,0.1945781,90.79559
0.0,0.59071636,855.1055
0.0,0.3866452,75.25647
0.0,0.13434584,3967.3933
0.0,0.3757352,1895.7592
0.0,0.17735556,300.32516
0.0,0.17488918,23085.508
0.0,0.4498667,69.48278
0.0,0.37921286,862.1241
0.0,0.22304584,301.90533
0.0,0.23762679,105.41253
0.0,0.43059036,890.2691
0.0,0.206131,123.95087
0.0,0.6631592,4872.183
0.0,0.23438922,67.86137
0.0,0.20394245,1862.7557
0.0,0.5231612,163120.36
0.0,0.3155737,216.6161
0.0,0.21488169,79.764984
0.0,0.19890754,1473.5504
0.0,0.3884488,70.67709
0.0,0.1967502,111.88291
0.0,0.26444483,509.9601
0.0,0.17917435,427.48453
0.0,0.21661307,17688.232
0.0,0.17643836,565.52014
0.0,0.24445453,38418.41
0.0,0.21932831,16433.613
0.0,0.2796219,827.3242
0.0,0.25374013,125.314545
0.0,0.9994167,2779.5562
0.0,1.0,3501.8435
0.0,0.3968318,4340.9395
0.0,0.6240979,3074.624
0.0,0.0703126,24789.625
0.0,0.22524145,2531.0195
0.0,0.62179255,203.33585
0.0,0.6631106,57913.297
0.0,0.3668181,1095.1702
0.0,0.3387628,505.96823
0.0,0.7780886,1790.8517
0.0,0.28347483,302.2594
0.0,0.31021786,335.74982
0.0,0.30474615,95.60546
0.0,0.51133,137.32434
0.0,0.089261234,39817.438
0.0,0.5005469,18234.52
0.0,0.20047763,274.84018
0.0,0.2410471,156.55049
0.0,0.10690841,43315.652
0.0,0.59097433,18317.975
0.0,0.43451855,157.97466
0.0,0.26976302,166.3283
0.0,0.39870802,785.7915
0.0,0.19587742,3521.519
0.0,0.47534043,818.03375
0.0,0.20483708,17220.256
0.0,0.29755908,14346.577
0.0,0.16794617,1191.6952
0.0,0.30387017,115.87198
0.0,0.21412653,176.9209
0.0,0.3500305,711.13464
0.0,0.5395678,1971.293
0.0,0.34133822,323.683
0.0,0.26176888,127.457184
0.0,0.84328365,2047.923
0.0,0.14822423,1469.9114
0.0,0.18586673,2028.3336
0.0,0.45508218,1180.2844
0.0,0.5171323,115.0128
0.0,0.20151402,2500.0364
0.0,0.28872633,69.616875
0.0,0.22404869,239.11026
0.0,0.24562874,283.44257
0.0,0.15842836,3972.7527
0.0,0.23084919,691.2595
0.0,0.10432219,28950.28
0.0,0.35054606,5306.4653
0.0,0.44792402,9801.067
0.0,0.10640884,30779.611
0.0,0.25547773,18374.498
0.0,0.23139867,613.4849
0.0,0.3895359,3792.9375
0.0,0.69544715,10083.794
0.0,0.28497797,302.72852
0.0,0.1326896,36295.883
0.0,0.17148942,697.8509
0.0,0.39947444,1757.6201
0.0,0.23916522,533.9589
0.0,0.4979367,230.13887
0.0,0.5817077,5804.695
0.0,0.18850484,689.4036
0.0,0.27985176,746.2872
0.0,0.9304012,298.00568
0.0,0.18900014,8979.849
0.0,0.21284522,33718.465
0.0,0.35958546,159.74246
0.0,0.99884737,152.08986
0.0,0.22049013,4879.5767
0.0,0.43436438,1548.0663
0.0,0.24503183,71.97546
0.0,0.3380998,152.25812
0.0,0.10513133,31686.865
0.0,0.5062941,2084.2803
0.0,0.16939394,7007.005
0.0,0.18761715,68.346275
0.0,0.18709065,130.11923
0.0,0.04764906,33117.438
0.0,0.0836708,25060.69
0.0,0.410966,1124.4226
0.0,0.71418035,5981.921
0.0,0.30504748,3936.441
0.0,0.5396308,4887.85
0.0,0.50443745,68.59926
0.0,0.5001727,98.91739
0.0,0.36486167,2053.3896
0.0,0.16050711,72.53264
0.0,0.1791883,7730.8027
0.0,0.21053535,535.71735
0.0,0.39988688,904.64886
0.0,0.27547193,710.57855
0.0,0.3167782,314.61874
0.0,0.17417918,9839.646
0.0,0.5311192,69.64948
0.0,0.59156513,8284.363
0.0,0.49586412,10465.204
0.0,0.25384024,98.02973
0.0,0.41420722,199.62888
0.0,0.3279793,94.33061
0.0,0.13137151,22625.443
0.0,0.33967957,31453.104
0.0,0.5134717,4210.037
0.0,0.46582788,233.4755
0.0,0.47150442,339.5926
0.0,0.23539287,526.711
0.0,0.5208421,190785.02
0.0,0.33432987,1487.718
0.0,0.27213392,1842.6945
0.0,0.71187586,3766.2976
0.0,0.5716826,1514.4159
0.0,0.8463789,782.0942
0.0,0.3173733,1254.4202
0.0,0.99384946,7960.8555
0.0,0.21995318,91.15714
0.0,0.4702957,79.184975
0.0,0.31116968,1487.6804
0.0,0.22871862,1586.3567
0.0,0.2622082,129.4485
0.0,0.09541297,5915.1562
0.0,0.89197344,200.11649
0.0,0.14341381,21272.05
0.0,0.4374411,922.9157
0.0,0.30085385,391.19254
0.0,0.39878172,11829.738
0.0,0.18200488,71.20179
0.0,0.564408,5482.9663
0.0,0.6073917,2316.399
0.0,0.1724914,14768.725
0.0,0.33688056,2518.4165
0.0,0.26328662,77.99212
0.0,0.18124695,103.14796
0.0,0.31515175,2678.4507
0.0,0.24466817,314.92477
0.0,0.15654461,29654.865
0.0,0.11531321,8181.254
0.0,0.25178373,251.03664
0.0,0.3114747,84.85445
0.0,0.41964048,74.65965
0.0,0.46910915,95.93946
0.0,0.48574725,84.68286
0.0,0.99945,42811.207
0.0,0.19469862,98.34674
0.0,0.18762499,112.082275
0.0,0.24329229,594.141
0.0,0.68145925,988.7059
0.0,0.21102853,67.31552
0.0,0.14731908,84.14473
0.0,0.20497268,564.083
0.0,0.17562279,114.52388
0.0,0.50134057,150.54767
0.0,0.2617016,2890.1274
0.0,0.13295035,20153.473
0.0,0.35693347,502.2419
0.0,0.17185123,2895.365
0.0,0.4120352,69.26836
0.0,0.44438925,69.01035
0.0,0.99993265,225.90419
0.0,0.15290993,1132.164
0.0,0.27997193,2832.7783
0.0,0.16517076,2531.3071
0.0,0.20544781,3619.3372
0.0,0.18199436,12835.837
0.0,0.23407042,437.63458
0.0,0.19856769,4856.124
0.0,0.40897655,6867.722
0.0,0.3274994,3499.1743
0.0,0.38029623,83.241165
0.0,0.47852117,161.84998
0.0,0.28787142,2402.0435
0.0,0.3303554,65.72656
0.0,0.19861431,1194.248
0.0,0.47879517,6119.121
0.0,0.19253486,2695.766
0.0,0.59536326,731.8954
0.0,0.27087912,490.60287
0.0,0.41461095,16749.19
0.0,0.29172963,79.54973
0.0,0.48873132,88.00952
0.0,0.37547204,2492.6018
0.0,0.52166224,3931.2837
0.0,0.36390623,120.69641
0.0,0.29102644,4134.7534
0.0,0.19106656,778.4472
0.0,0.23364316,1911.2216
0.0,0.16406661,290.76553
0.0,0.50603205,5504.7603
0.0,0.2655329,97.268456
0.0,0.31563753,83.82851
0.0,0.30532262,565.2818
0.0,0.2161314,131.41609
0.0,0.3415195,233.40091
0.0,0.26729137,4413.029
0.0,0.9993376,3723.734
0.0,0.24647821,463.64682
0.0,0.20243637,85.44976
0.0,0.20243637,85.44976
0.0,0.20453586,101.20852
0.0,0.09334239,35588.098
0.0,0.41213572,383.5372
0.0,0.1481109,24249.229
0.0,0.23998836,71.04315
0.0,0.16444029,10797.668
0.0,0.23674114,4855.7773
0.0,0.39034846,7103.6675
0.0,0.4237892,91.32943
0.0,0.2618272,5263.647
0.0,0.22485079,3210.5637
0.0,0.20315045,139.93866
0.0,0.2667634,318.0178
0.0,0.33636898,7239.6626
0.0,0.24922742,711.1706
0.0,0.31366313,346.9737
0.0,0.3347129,162.54272
0.0,0.34141058,516.5103
0.0,0.35570055,468.2393
0.0,0.43646774,514.3976
0.0,0.21922968,2364.0542
0.0,0.17202829,13639.592
0.0,0.24806204,155.58055
0.0,0.15445505,7095.6934
0.0,0.14239801,548.19727
0.0,0.15547805,94.0
0.0,0.37934104,4171.243
0.0,0.5981952,7832.2847
0.0,0.212657,83.10024
0.0,0.28031328,122.31342
0.0,0.30904058,205.63657
0.0,0.57458067,10079.532
0.0,0.2664301,69292.21
0.0,0.1989223,85.21219
0.0,0.47424677,1563.4181
0.0,0.10606691,4929.159
0.0,0.20523287,4511.978
0.0,0.54843676,124.32657
0.0,0.21322319,149.20988
0.0,0.25843656,1308.57
0.0,0.27284718,83.308464
0.0,0.38340357,1087.1768
0.0,0.18469034,112.37943
0.0,0.4886202,578.28406
0.0,0.48985437,391.09763
0.0,0.13385239,92.47823
0.0,0.23812899,1858.0597
0.0,0.5133442,74.04823
0.0,0.62889653,109.75874
0.0,0.3640731,1806.7236
0.0,0.31823188,115.91054
0.0,0.39227727,814.6994
0.0,0.18626644,75.567696
0.0,0.28913915,11602.469
0.0,0.23925894,774.3214
0.0,0.5321592,29577.346
0.0,0.1386645,2053.7087
0.0,0.24666718,818.45557
0.0,0.097951464,12969.512
0.0,0.24343532,1611.9274
0.0,0.5442712,208.77228
0.0,0.2646423,1102.3833
0.0,0.41170502,1500.7262
0.0,0.5539177,11775.338
0.0,0.3795496,291.89835
0.0,0.7938879,20676.334
0.0,0.2790654,140.62892
0.0,0.1664909,358.90723
0.0,0.17466852,73.766815
0.0,0.056981724,56048.594
0.0,0.36159325,1557.1001
0.0,0.20703532,10103.1875
0.0,0.21376093,85.851524
0.0,0.9994106,6407.9736
0.0,0.99406475,472.00815
0.0,0.2766043,813.1123
0.0,0.30016744,7135.1187
0.0,0.23513661,1330.4554
0.0,0.38338712,79.435455
0.0,0.47267258,129.3335
0.0,0.18088332,110.89656
0.0,0.15482004,6541.864
0.0,0.2527955,1632.1567
0.0,0.3088091,78.63757
0.0,0.11041935,28094.621
0.0,0.76347685,1177.0897
0.0,0.32306632,169.80536
0.0,0.2692719,43892.207
0.0,0.33451054,174.4332
0.0,0.36018562,1616.8711
0.0,0.7108966,2292.2622
0.0,0.35015222,987.5331
0.0,0.16710956,95.84223
0.0,0.13264652,9233.49
0.0,0.15123405,284.77063
0.0,0.31269142,2332.2644
0.0,0.3783282,509.4682
0.0,0.2329968,3084.775
0.0,0.47910604,290.97522
0.0,0.28873828,722.9511
0.0,0.9981987,9032.167
0.0,0.56358117,22874.703
0.0,0.17286877,74.434235
0.0,0.1717085,2103.0276
0.0,0.12880994,62702.395
0.0,0.32093072,114.79581
0.0,0.40205872,1083.4934
0.0,0.16886573,962.45105
0.0,0.47083578,3147.3884
0.0,0.5553421,1070.9458
0.0,0.43025154,2056.2234
0.0,0.28741667,6380.548
0.0,0.17659806,203.77199
0.0,0.0841237,75309.56
0.0,0.2898898,1107.34
0.0,0.21216507,87.22353
0.0,0.51139045,985.2052
0.0,0.19995268,366.70975
0.0,0.62358415,1358.6145
0.0,0.370897,15287.91
0.0,0.20257488,127.02222
0.0,0.6319152,1316.1796
0.0,0.15354061,176.37347
0.0,0.34251624,1982.3776
0.0,0.24897996,250.63826
0.0,0.1334342,7376.313
0.0,0.19785124,1689.4749
0.0,0.098627135,30170.62
0.0,0.19076605,74.58256
0.0,0.192012,11322.957
0.0,0.3352643,711.2537
0.0,0.16630901,5921.999
0.0,0.16635014,3907.2056
0.0,0.5911344,639.7046
0.0,0.5911344,639.7046
0.0,0.23151152,10144.771
0.0,0.23524101,70.19895
0.0,0.18211234,621.8702
0.0,0.27091423,1091.8696
0.0,0.3594236,94.17277
0.0,0.22802481,104.823685
0.0,0.34756732,157.93701
0.0,0.14136505,1242.887
0.0,0.21622041,8766.317
0.0,0.19089402,3665.9343
0.0,0.12430113,3462.1262
0.0,0.7969074,7783.835
0.0,0.20014885,75.971405
0.0,0.17416042,80741.33
0.0,0.16304906,59934.395
0.0,0.1080208,2860.2593
0.0,0.2432672,71.10277
0.0,0.28991002,508.70187
0.0,0.27203134,94.93963
0.0,0.24161066,2413.6575
0.0,0.35375565,334.35263
0.0,0.25695646,192.90085
0.0,0.16639376,323.11453
0.0,0.16382551,57682.492
0.0,0.25521848,536.9761
0.0,0.20713612,131.25854
0.0,0.48160315,14125.968
0.0,0.88094586,669.42175
0.0,0.6670841,7068.3267
0.0,0.5069561,6792.1074
0.0,0.74091405,1542.7358
0.0,0.48802188,73.751144
0.0,0.49776655,995.0211
0.0,0.22941232,117.549545
0.0,0.3307629,6924.1104
0.0,0.7121431,2875.8926
0.0,0.22539362,160.95187
0.0,0.22859342,189.0022
0.0,0.24318162,155.01965
0.0,0.10427744,76499.72
0.0,0.67129123,6168.4956
0.0,0.36651456,1536.2535
0.0,0.35737526,109.62302
0.0,0.17409724,26670.643
0.0,0.29249355,557.7875
0.0,0.22375152,8928.769
0.0,0.99999976,1725.4021
0.0,0.5131031,8608.149
0.0,0.2651086,4018.7517
0.0,0.26246127,290.20007
0.0,0.19286478,1757.213
0.0,0.3187565,305.25583
0.0,0.2725355,7946.2935
0.0,0.2571141,1609.5055
0.0,0.37246275,68.56583
0.0,0.30182713,252.44754
0.0,0.2065199,3344.703
0.0,0.4291943,1782.3071
0.0,0.48071867,9128.785
0.0,0.17302155,3563.1658
0.0,0.47585976,569.569
0.0,0.34146196,237.73997
0.0,0.378356,71.28482
0.0,0.28314,111.50146
0.0,0.46346742,8712.42
0.0,0.40969262,2861.5142
0.0,0.24380028,6797.9194
0.0,0.24314992,742.8532
0.0,0.40699187,97.722336
0.0,0.31888536,4531.4395
0.0,0.14599667,4524.395
0.0,0.18241169,3226.356
0.0,0.1958095,29907.033
0.0,0.9932219,146.79356
0.0,0.18079536,476.17
0.0,0.18554923,66.10264
0.0,0.37172952,1148.4498
0.0,0.3139935,192.67816
0.0,0.08492422,36870.215
0.0,0.3805698,957.2927
0.0,0.09018104,2996.3071
0.0,0.5333294,4065.3145
0.0,0.29077262,868.2545
0.0,0.1397601,13378.08
0.0,0.8714321,790.907
0.0,0.23127197,395.5721
0.0,0.20348208,8903.923
0.0,0.4234345,1318.6573
0.0,0.15374973,95.262825
0.0,0.29875183,67.87101
0.0,0.2875827,173.16745
0.0,0.04161389,68851.81
0.0,0.2468602,137.64209
0.0,0.042746965,57531.707
0.0,0.27097192,257.97192
0.0,0.9204417,5787.63
0.0,0.2774345,67.15022
0.0,0.30891114,80.75811
0.0,0.29148433,4190.0767
0.0,0.30885014,10914.143
0.0,0.27564788,90.42809
0.0,0.19532837,1239.9102
0.0,0.10595463,70192.32
0.0,0.4113019,18002.762
0.0,0.47219157,278.51083
0.0,0.22257869,81678.266
0.0,0.27823755,145.52693
0.0,0.2984162,75.31341
0.0,0.23722264,82.94532
0.0,0.573909,4709.6216
0.0,0.20370401,56187.477
0.0,0.19252564,65.50594
0.0,0.37835258,139.15884
0.0,0.33708397,110.55373
0.0,0.08839236,924.7405
0.0,0.34810263,180.99957
0.0,0.4406376,795.3643
0.0,0.2238346,12567.403
0.0,0.22548856,4392.701
0.0,0.3778219,566.5008
0.0,0.45063913,303.88275
0.0,0.29899248,826.80975
0.0,0.2145098,777.3646
0.0,0.28411156,186.74924
0.0,0.34646937,1998.9667
0.0,0.45277062,115.86734
0.0,0.17474803,105.31928
0.0,0.30000687,329.18558
0.0,0.47666305,145.5239
0.0,0.41052574,25185.646
0.0,0.29070827,203.77245
0.0,0.5029519,1264.9626
0.0,0.43131694,190.40407
0.0,0.29452956,83.62537
0.0,0.2268553,16631.395
0.0,0.18174693,1504.098
0.0,0.17244352,1633.5659
0.0,0.11615904,42624.49
0.0,0.56987476,141.01546
0.0,0.4406022,148.30814
0.0,0.2959978,6011.9854
0.0,0.3025432,85.216255
0.0,0.2109884,121.967026
0.0,0.46360746,86.07342
0.0,0.46060938,137.31966
0.0,0.12130133,47400.21
0.0,0.43182197,594.1488
0.0,0.22283667,4094.919
0.0,0.17676456,207.53915
0.0,0.21238935,70.39556
0.0,0.3315016,959.24817
0.0,0.9470253,14132.468
0.0,0.9985033,529.61804
0.0,0.28738478,232.5652
0.0,0.4685869,3071.3884
0.0,0.25893134,274.86884
0.0,0.2007202,25040.695
0.0,0.18891932,2221.8523
0.0,0.22825687,3623.4922
0.0,0.32502064,10321.094
0.0,0.47302777,938.01587
0.0,0.35534707,125.67803
0.0,0.20478109,89.92821
0.0,0.3021888,198.4138
0.0,0.30008304,980.13745
0.0,0.21782446,1349.2025
0.0,0.22602327,385.05194
0.0,0.3059798,129.47878
0.0,0.082570344,41825.934
0.0,0.2659071,194.68324
0.0,0.40056157,68.74176
0.0,0.04928015,36059.7
0.0,0.266983,108.7784
0.0,0.26499766,7168.027
0.0,0.30423737,112.37024
0.0,0.3311084,86.0601
0.0,0.8127039,1907.0209
0.0,0.27602324,87.98926
0.0,0.24938408,72.17301
0.0,0.4632388,12459.045
0.0,0.4921105,1598.508
0.0,0.07183941,17293.697
0.0,0.5833701,425.13528
0.0,0.3036673,1189.8778
0.0,0.15679084,1029.9608
0.0,0.3777706,2186.941
0.0,0.379966,32999.473
0.0,0.3306393,1417.9796
0.0,0.5388803,9688.41
0.0,0.2148348,30610.664
0.0,0.35717216,91.57222
0.0,0.63774925,10728.796
0.0,0.63774925,10728.796
0.0,0.07705894,18397.39
0.0,0.2403776,3026.2285
0.0,0.27306896,3693.0217
0.0,0.19799268,1567.4357
0.0,0.20883612,79.558266
0.0,0.18177947,2901.1262
0.0,0.5217435,180.69736
0.0,0.3200647,218.32344
0.0,0.31568784,77.52226
0.0,0.21042137,196.28247
0.0,0.2514158,1270.2019
0.0,0.5824344,85.11639
0.0,0.30517527,104.86104
0.0,0.5411271,82.45228
0.0,0.36515927,80.41593
0.0,0.5977895,86.04096
0.0,0.18563959,139.5303
0.0,0.24892685,360.263
0.0,0.4527769,131.00888
0.0,0.43060672,103.74995
0.0,0.25464845,75.19019
0.0,0.25264433,101.12293
0.0,0.46427202,79.95815
0.0,0.15782206,111.89477
0.0,0.72970873,187.55226
0.0,0.3043551,93.68183
0.0,0.34177527,459.39108
0.0,0.40496692,175.09932
0.0,0.25720888,69.359
0.0,0.7217494,767.59955
0.0,0.7112834,77.77061
0.0,0.2701435,66.76205
0.0,0.23794872,326.06253
0.0,0.47434086,152.15851
0.0,0.36105165,187.42484
0.0,0.18847957,100.734474
0.0,0.21267214,74.66267
0.0,0.54142374,124.74334
0.0,0.37772807,100.579414
0.0,0.4476202,123.63091
0.0,0.29455358,584.617
0.0,0.7551113,100.92732
0.0,0.3060933,83.01967
0.0,0.30803353,79.15503
0.0,0.37928134,72.56044
0.0,0.32403252,145.83595
0.0,0.5463575,82.17069
0.0,0.36808807,111.63051
0.0,0.29796132,104.28019
0.0,0.3532467,70.401955
0.0,0.29942524,97.4787
0.0,0.15044966,71.27923
0.0,0.24601224,65.4468
0.0,0.27072665,161.3638
0.0,0.30313253,91.12652
0.0,0.6988799,83.50648
0.0,0.20099099,68.64477
0.0,0.28147998,99.13152
0.0,0.2731902,90.53764
0.0,0.17670697,71.932396
0.0,0.27066806,134.2779
0.0,0.77837807,70.43551
0.0,0.37138268,67.7353
0.0,0.43295428,345.30417
0.0,0.3126716,80.70915
0.0,0.20737666,72.59036
0.0,0.66430116,682.46704
0.0,0.32878673,71.03131
0.0,0.36352593,100.87188
0.0,0.42588693,98.92298
0.0,0.26768526,67.64277
0.0,0.3328873,307.45193
0.0,0.28698397,108.06011
0.0,0.20018446,91.35056
0.0,0.23759218,143.51414
0.0,0.2766386,74.82784
0.0,0.37977555,482.38412
0.0,0.4396242,96.567154
0.0,0.3762888,159.07135
0.0,0.2583357,136.71445
0.0,0.29239357,75.51664
0.0,0.2459186,137.36618
0.0,0.57129985,99.80404
0.0,0.3142161,71.192116
0.0,0.16015783,67.252174
0.0,0.3697354,102.06807
0.0,0.14794873,173.97702
0.0,0.61740583,329.11908
0.0,0.25529534,91.46954
0.0,0.23862997,109.42243
0.0,0.5846272,93.655914
0.0,0.44020638,152.74059
0.0,0.19346882,594.1772
0.0,0.2846181,73.806854
0.0,0.3704989,78.11527
0.0,0.32637808,763.346
0.0,0.45494342,257.48438
0.0,0.3858676,230.68518
0.0,0.3242501,180.25844
0.0,0.23070017,271.72028
0.0,0.4541633,135.07054
0.0,0.25230327,780.0955
0.0,0.3708453,88.86258
0.0,0.43436617,107.0947
0.0,0.27389196,89.38203
0.0,0.37767693,177.3847
0.0,0.40884033,77.22307
0.0,0.38451383,69.03895
0.0,0.25686893,75.5599
0.0,0.34997475,106.38993
0.0,0.45251563,79.31242
0.0,0.27412558,112.84743
0.0,0.26843446,178.69696
0.0,0.26485983,66.88268
0.0,0.19719565,68.84048
0.0,0.49040002,180.68398
0.0,0.40298817,80.18491
0.0,0.45628628,95.847145
0.0,0.2445267,206.6501
0.0,0.5081918,895.4413
0.0,0.15300421,70.68998
0.0,0.33000487,501.612
0.0,0.7541707,90.958664
0.0,0.49759972,70.29072
0.0,0.29885685,129.34514
0.0,0.21888405,83.394485
0.0,0.32172817,506.0652
0.0,0.47199726,569.83075
0.0,0.47741127,121.723816
0.0,0.20260154,151.25563
0.0,0.77776164,83.484886
0.0,0.22913559,702.0104
0.0,0.30837187,67.359566
0.0,0.4815698,158.72163
0.0,0.5385009,78.83022
0.0,0.24933317,67.62194
0.0,0.36323097,83.24021
0.0,0.46318975,98.64078
0.0,0.50481594,124.5328
0.0,0.34671503,92.550026
0.0,0.22389036,78.1326
0.0,0.46658087,80.84428
0.0,0.4411433,73.26978
0.0,0.28446957,84.60243
0.0,0.31388128,201.48119
0.0,0.22497308,76.3387
0.0,0.44339615,70.982216
0.0,0.9800286,5048.875
0.0,0.32243183,906.9193
0.0,0.15489745,11212.21
0.0,0.19174926,893.5502
0.0,0.23021515,6794.233
0.0,0.23016089,198.28477
0.0,0.26289162,908.07715
0.0,0.26936796,1122.5808
0.0,0.37375203,159.41246
0.0,0.3507522,464.71454
0.0,0.18085733,17518.113
0.0,0.14853527,6270.5977
0.0,0.47850314,307.00296
0.0,0.7575108,87.13659
0.0,0.29628855,8133.3906
0.0,0.22150984,355.80228
0.0,0.51760566,301.5901
0.0,0.35676947,3404.8188
0.0,0.7223489,162.2951
0.0,0.3415887,2864.293
0.0,0.13300799,70.1955
0.0,0.32656482,463.85355
0.0,0.1537306,15306.653
0.0,0.26588145,1193.2139
0.0,0.33970886,31615.07
0.0,0.11131593,8750.465
0.0,0.21758527,94.300476
0.0,0.2460579,123.552345
0.0,0.27193254,6188.2495
0.0,0.23259646,147.90956
0.0,0.21996523,62463.89
0.0,0.20058152,762.10913
0.0,0.2669115,106.44748
0.0,0.32889235,182.49931
0.0,0.110813186,12038.691
0.0,0.193071,68.62043
0.0,0.1457013,27020.51
0.0,0.42183226,7327.658
0.0,0.29743195,1070.3228
0.0,0.28205863,1724.6028
0.0,0.33687592,333.27875
0.0,0.4431469,47341.285
0.0,0.5437685,1562.9066
0.0,0.26135883,68.69185
0.0,0.19134185,1063.204
0.0,0.9923373,9381.203
0.0,0.20265643,66.175514
0.0,0.5146512,3590.7473
0.0,0.24750969,2674.1047
0.0,0.23102762,79.23933
0.0,0.2981938,375.7378
0.0,0.14823295,113.451385
0.0,0.27660847,260.02792
0.0,0.17566778,1234.6263
0.0,0.14562528,94.44655
0.0,0.24674276,96.32154
0.0,0.48323435,74.82998
0.0,0.20288998,2820.6912
0.0,0.9656488,1745.6108
0.0,0.18650872,65.03613
0.0,0.40976486,311.8492
0.0,0.04377679,40640.69
0.0,0.35236645,239.31657
0.0,0.25753248,647.6048
0.0,0.17487027,82.44603
0.0,0.21688831,673.50275
0.0,0.43139434,1354.1884
0.0,0.36750734,68.79639
0.0,0.20699708,728.8969
0.0,0.4353249,196.45226
0.0,0.31599966,727.1133
0.0,0.24341798,76.41795
0.0,0.28014997,334.09155
0.0,0.24538758,475.95047
0.0,0.35024318,547.46045
0.0,0.21490377,443.66742
0.0,0.31190485,1738.9318
0.0,0.3981191,137.74844
0.0,0.25373262,74.54899
0.0,0.19391744,5287.442
0.0,0.20120287,473.9964
0.0,0.41185012,3023.2993
0.0,0.24881226,1211.0958
0.0,0.47801414,349.27603
0.0,0.3917834,5112.7847
0.0,0.20850705,72.98487
0.0,0.1751683,83.15795
0.0,0.4253777,434.03247
0.0,0.35915813,6032.198
0.0,0.28670242,3128.6711
0.0,0.3826545,71.44994
0.0,0.24535102,352.22617
0.0,0.24821122,1255.83
0.0,0.3370676,3356.5764
0.0,0.61761796,3876.5398
0.0,0.27430034,340.41852
0.0,0.38463438,134.0169
0.0,0.2275126,4516.5107
0.0,0.28770423,76798.9
0.0,0.4218603,83.5552
0.0,0.1611087,114.41341
0.0,0.1203732,10144.86
0.0,0.14388777,149.04958
0.0,0.48773068,94.2393
0.0,0.37268072,8987.621
0.0,0.21330665,186.02408
0.0,0.43890515,3577.1165
0.0,0.3924142,10022.853
0.0,0.99817,219.52408
0.0,0.17829295,78.54904
0.0,0.99999976,2033.2301
0.0,0.40295067,1367.2864
0.0,0.21408252,1901.5879
0.0,0.07935577,12007.551
0.0,0.21743321,82.737236
0.0,0.74806094,211.35066
0.0,0.38297403,826.1247
0.0,0.28454253,107.73705
0.0,0.29614967,270.13864
0.0,0.22101367,11977.029
0.0,0.21220547,3557.0522
0.0,0.19922459,303.8212
0.0,0.30010667,364.8403
0.0,0.34712163,88.3501
0.0,0.6722355,1321.4517
0.0,0.23765925,16638.555
0.0,0.3903927,175.04175
0.0,0.53850305,700.45435
0.0,0.31432682,101.76577
0.0,0.13301086,1104.3713
0.0,0.15418345,3524.068
0.0,0.22181775,377.19296
0.0,0.38740727,3084.018
0.0,0.21903643,85.182816
0.0,0.23539707,318.4203
0.0,0.21341452,13856.439
0.0,0.19476874,537.86383
0.0,0.3275979,852.1195
0.0,0.23839429,186.52403
0.0,0.45879737,109.636314
0.0,0.24975395,71.97395
0.0,0.28859976,253.83026
0.0,0.21061027,2356.5764
0.0,0.39775348,5675.5044
0.0,0.1298533,7348.8364
0.0,0.22335044,2799.939
0.0,0.11055164,1626.1573
0.0,0.32968882,83.740166
0.0,0.3267495,206.56071
0.0,0.19020624,7329.9717
0.0,0.42874342,26369.625
0.0,0.6935279,72.30448
0.0,0.40842,108.288155
0.0,0.5431342,17473.22
0.0,0.38458592,88.7493
0.0,0.24693964,5914.594
0.0,0.25651488,393.41293
0.0,0.40393776,938.28107
0.0,0.3916995,69.7875
0.0,0.13601422,14269.616
0.0,0.25214544,423.10617
0.0,0.7234894,90.916275
0.0,0.36902043,853.59155
0.0,0.20943059,88.39258
0.0,0.26886207,1437.5148
0.0,0.32833377,357.59286
0.0,0.25484657,1436.8536
0.0,0.21637958,5122.885
0.0,0.27330482,4848.553
0.0,0.17980525,541.72925
0.0,0.6094921,1153.7776
0.0,0.23798345,150.15082
0.0,0.13869844,40217.53
0.0,0.46572763,101.70501
0.0,0.75771147,564.2676
0.0,0.23357898,1203.9021
0.0,0.084336385,16499.893
0.0,0.3194144,13343.885
0.0,0.2752076,17845.422
0.0,0.1889392,95.040535
0.0,0.17070515,347.8581
0.0,0.9995901,8072.684
0.0,0.44202617,267.09882
0.0,0.31450456,778.38995
0.0,0.3298959,121.80276
0.0,0.16100056,1006.6692
0.0,0.25316247,382.256
0.0,0.83626014,4646.3647
0.0,0.49876556,6319.747
0.0,0.44945124,91.63867
0.0,0.2504237,1724.5422
0.0,1.0,87.1165
0.0,0.4325077,7396.7017
0.0,0.15268436,3792.9958
0.0,0.23786101,1760.2302
0.0,0.52354866,89.167046
0.0,0.15958261,308.6867
0.0,0.26870322,337.05307
0.0,0.5370079,10727.265
0.0,0.24012937,301.63263
0.0,0.057159785,97278.234
0.0,0.02298804,64441.05
0.0,0.24974233,2878.385
0.0,0.31475195,771.7594
0.0,0.19130772,157.16629
0.0,0.32085213,2204.281
0.0,0.23665649,261.53574
0.0,0.13516182,3570.252
0.0,0.18675736,108.10942
0.0,0.23858732,117.33575
0.0,0.3124525,58220.723
0.0,0.43161374,92.1002
0.0,0.23705177,78.68918
0.0,0.2700765,136.07745
0.0,0.05040123,80758.0
0.0,0.024287762,33748.652
0.0,0.13457952,873.4929
0.0,0.26854125,905.9947
0.0,0.277972,87.33083
0.0,0.27395198,72.17622
0.0,0.22151682,126.06112
0.0,0.4954674,2715.7417
0.0,0.29932284,81.57945
0.0,0.2980553,419.15097
0.0,0.3657875,2741.4822
0.0,0.9999937,104.140945
0.0,0.21504417,2685.9795
0.0,0.23244281,977.403
0.0,0.33151037,208.45035
0.0,0.26796445,3399.2158
0.0,0.09512437,11022.999
0.0,0.35916048,301.98093
0.0,0.07365016,23305.213
0.0,0.10688808,28368.604
0.0,0.210316,2945.8564
0.0,0.18854122,3982.7146
0.0,0.26746124,406.1063
0.0,0.20327137,110.69978
0.0,0.26242268,158.57854
0.0,0.342465,72.58793
0.0,0.53124315,1155.2157
0.0,0.2806142,185.35779
0.0,0.083457895,25868.555
0.0,0.286618,1659.4658
0.0,0.47765318,140.92252
0.0,0.25716707,94.6349
0.0,0.438523,1015.3096
0.0,0.61377716,11338.172
0.0,0.22474758,67.52842
0.0,0.9030228,2571.5408
0.0,0.2768196,290.8952
0.0,0.31829798,21333.072
0.0,0.2235692,100.328606
0.0,0.9922172,80.133224
0.0,0.43525866,19986.133
0.0,0.49365672,4880.0347
0.0,0.34107852,74860.92
0.0,0.2949067,327.85764
0.0,0.26579005,436.62164
0.0,0.97826594,897.291
0.0,0.123421066,18242.309
0.0,0.043283362,39284.617
0.0,0.3370435,922.94104
0.0,0.41178852,222.55624
0.0,0.5449114,130.07367
0.0,0.17584133,983.60394
0.0,0.46327206,149.1429
0.0,0.24404813,19460.395
0.0,0.4592896,583.75977
0.0,0.17803009,1643.4226
0.0,0.20096098,4000.8813
0.0,0.9703296,1419.3441
0.0,0.21803352,270.34903
0.0,0.18331191,307.86673
0.0,0.33935526,526.4257
0.0,0.51208,7898.4824
0.0,0.43180192,8621.591
0.0,0.08582092,12512.056
0.0,0.18719101,133.83846
0.0,0.15794198,161.55888
0.0,0.09425667,343.4171
0.0,0.56278133,8336.995
0.0,0.4684942,66.63788
0.0,0.13782874,5845.7334
0.0,0.7766439,77.74615
0.0,0.3034319,90.75396
0.0,0.40661767,2171.3865
0.0,0.12116754,10649.436
0.0,0.1554839,16117.77
0.0,0.5349675,1363.8424
0.0,0.10389941,27419.367
0.0,0.19684482,2576.9507
0.0,0.48206717,109.84995
0.0,0.37707934,231.61012
0.0,0.5234188,114.89757
0.0,0.46212298,755.1565
0.0,0.26322547,9139.526
0.0,0.15960021,4611.5557
0.0,0.17457163,255.23303
0.0,0.73812443,2773.837
0.0,0.18744561,4446.3687
0.0,0.19115406,32465.576
0.0,0.22475131,979.79694
0.0,0.24730566,330.2651
0.0,0.45970035,100.51081
0.0,0.18925054,62247.406
0.0,0.07246681,40392.906
0.0,0.12877886,10005.81
0.0,0.31926638,33623.23
0.0,0.5967763,4641.3477
0.0,0.33227542,94440.28
0.0,0.5717498,15124.311
0.0,0.30122775,190.56102
0.0,0.17643282,70.47351
0.0,0.9999987,5125.2085
0.0,0.5745033,137.50327
0.0,0.24288459,1421.3386
0.0,0.071952835,5852.7915
0.0,0.20375742,1464.8846
0.0,0.120127544,1666.4607
0.0,0.29990098,124.56445
0.0,0.50634253,2194.754
0.0,0.26667264,2431.0193
0.0,0.26353225,2764.1462
0.0,0.50324196,81.121025
0.0,0.102426425,18753.783
0.0,0.25666016,9729.959
0.0,0.14889644,4758.9087
0.0,0.26404598,5602.995
0.0,0.46032256,105.93883
0.0,0.22996643,73.7359
0.0,0.2884656,815.8729
0.0,0.39449677,196.04501
0.0,0.38180733,600.3222
0.0,0.350896,326.06717
0.0,0.3285765,144.35075
0.0,0.55856305,1486.0985
0.0,0.116876334,11319.526
0.0,0.20112143,116.2204
0.0,0.029515732,90441.25
0.0,0.26775283,72.24653
0.0,0.346667,494.30365
0.0,0.39317608,193.09494
0.0,0.50772685,9208.767
0.0,0.3690163,15979.694
0.0,0.2502713,983.68005
0.0,0.17870198,4816.572
0.0,0.27706984,22090.225
0.0,0.3256287,18198.637
0.0,0.29104725,411.3279
0.0,0.17597865,101.649635
0.0,0.2007496,4049.5752
0.0,0.15894502,134.302
0.0,0.17768946,4705.1895
0.0,0.24457,1761.7123
0.0,0.19943751,2093.4324
0.0,0.19992152,2523.8933
0.0,0.2879147,8217.281
0.0,0.16879353,523.3836
0.0,0.15605289,301.42078
0.0,0.22352673,1148.2279
0.0,0.2646848,6525.2676
0.0,0.40761265,801.053
0.0,0.24713527,94.11163
0.0,0.376781,523.59766
0.0,0.47808972,85.781944
0.0,0.28354973,63625.934
0.0,0.70867574,1979.9565
0.0,0.21270742,72.125244
0.0,0.33419237,34797.78
0.0,0.48227358,42619.574
0.0,0.085922375,25815.299
0.0,0.3333691,7004.359
0.0,0.2099855,70.588745
0.0,0.24559619,194.26816
0.0,0.65251523,3282.472
0.0,0.13129473,25988.236
0.0,0.19024536,5717.312
0.0,0.22265719,1229.2255
0.0,0.24033113,195.47554
0.0,0.18325233,127.03505
0.0,0.1952484,3187.428
0.0,0.24108171,833.20624
0.0,0.21299805,69.358505
0.0,0.13232285,346.91238
0.0,0.534381,122.29724
0.0,0.29339555,104.118706
0.0,0.36708748,9584.254
0.0,0.24358027,389.16534
0.0,0.075168796,2510.0935
0.0,0.37985846,652.5629
0.0,0.23612583,85.059425
0.0,0.12815933,109.501755
0.0,0.24952084,14462.426
0.0,0.4374287,3115.9373
0.0,0.37931895,10615.417
0.0,0.7625642,3714.016
0.0,0.6463913,1627.9108
0.0,0.53802633,35476.406
0.0,0.29249403,404.01425
0.0,0.7785626,2980.8914
0.0,0.23937982,21254.773
0.0,0.21869047,1140.0887
0.0,0.32014608,106.41359
0.0,0.2913387,71.4593
0.0,0.23413163,74.886795
0.0,0.37356547,2082.2275
0.0,0.2464644,991.5498
0.0,0.2345667,2402.732
0.0,0.45593137,144.9129
0.0,0.25682425,582.0657
0.0,0.2934162,1027.7214
0.0,0.26109448,210.89795
0.0,0.19857992,1673.3638
0.0,0.27250072,377.54703
0.0,0.5073008,20414.664
0.0,0.27892148,147.82433
0.0,0.35247302,5735.032
0.0,0.21234621,147.50444
0.0,0.03572027,33481.07
0.0,0.31685302,112.51437
0.0,0.13874012,26456.045
0.0,0.18113746,74.18598
0.0,0.33078733,3021.1292
0.0,0.23857996,1602.4004
0.0,0.2953098,374.46664
0.0,0.29660484,1627.0735
0.0,0.2450351,145.76503
0.0,0.255831,71.91506
0.0,0.25464532,120.054016
0.0,0.14616595,4857.6543
0.0,0.66181874,1533.4098
0.0,0.23929776,2892.2544
0.0,0.61104506,91.50154
0.0,0.22715345,2797.4592
0.0,0.49119174,128.58858
0.0,0.28860474,83.8738
0.0,0.03042392,24770.525
0.0,0.21469037,5690.9175
0.0,0.99998355,96097.64
0.0,0.18213703,107.609726
0.0,0.17645742,1468.3419
0.0,0.22503616,288.6991
0.0,0.21856223,1849.506
0.0,0.28058615,1594.8187
0.0,0.24314518,101.13565
0.0,0.15368505,1765.24
0.0,0.21514167,4815.559
0.0,0.051708,3574.9236
0.0,0.71487355,95.51497
0.0,0.26393652,139.20064
0.0,0.3861994,246.66931
0.0,0.23298976,3180.2373
0.0,0.21217586,1865.0192
0.0,0.43894258,916.9454
0.0,0.19658035,71.12049
0.0,0.57361364,464.3649
0.0,0.22372423,1225.9785
0.0,0.2509121,3092.018
0.0,0.34598115,4027.5154
0.0,0.44815177,70.06855
0.0,0.46642837,78.940605
0.0,0.16532665,453.71497
0.0,0.2751582,1062.9985
0.0,0.37679008,1481.4458
0.0,0.94591457,706.75275
0.0,0.41147316,17117.125
0.0,0.3692318,151.11288
0.0,0.61971956,7146.189
0.0,0.18873931,9220.026
0.0,0.361992,957.30853
0.0,0.6074922,1072.4708
0.0,0.24150565,1023.2958
0.0,0.49208066,208.7144
0.0,0.22836584,92.35589
0.0,0.22397803,223.47545
0.0,0.19270921,137.99944
0.0,0.26100215,840.97345
0.0,0.82436216,1568.7278
0.0,0.33412907,1937.0841
0.0,0.18387513,7272.1147
0.0,0.32753667,69.141426
0.0,0.42694932,83.218575
0.0,0.3667447,2857.4705
0.0,0.32829487,2453.773
0.0,0.5803872,13260.911
0.0,0.22963814,1036.0913
0.0,0.22385098,217.07335
0.0,0.28839004,73.62497
0.0,0.27362743,2325.8486
0.0,0.47832957,2936.2754
0.0,0.59633243,7379.3345
0.0,0.3474887,174.6416
0.0,0.27477136,67.876785
0.0,0.71341974,1272.4933
0.0,0.3504692,90.849396
0.0,0.20278059,275.81116
0.0,0.29142085,409.11035
0.0,0.52094394,399.88196
0.0,0.68819064,209.94402
0.0,0.5051442,80.58364
0.0,0.12656648,27089.01
0.0,0.58116287,2085.2842
0.0,0.39879984,1004.6099
0.0,0.6056003,730.0022
0.0,0.7996939,18250.121
0.0,0.3103577,3781.5813
0.0,0.6113366,2491.5361
0.0,0.51047677,6701.0894
0.0,0.2066523,3136.2515
0.0,0.23566249,7065.0366
0.0,0.45142388,1019.3737
0.0,0.25613946,79.007484
0.0,0.30062503,157.84601
0.0,0.31067294,13957.583
0.0,0.73517215,8255.951
0.0,0.3220691,325.06485
0.0,0.31881976,1004.3061
0.0,0.14789258,422.98935
0.0,0.23636657,105.47916
0.0,0.2955981,78.79137
0.0,0.39458933,284.98175
0.0,0.21022256,104.26829
0.0,0.026149346,71212.81
0.0,0.2968546,82.49898
0.0,0.5330639,2177.9204
0.0,0.22892988,69.119095
0.0,0.28000036,66.152756
0.0,0.34991547,1329.7238
0.0,0.34325728,5319.6846
0.0,0.2664851,66.08187
0.0,0.41891497,2552.7927
0.0,0.26006442,1446.241
0.0,0.36087954,336.93134
0.0,0.24800311,411.8985
0.0,0.53334534,4293.76
0.0,0.20499006,2267.6863
0.0,0.5315071,398.4136
0.0,0.036221463,13293.376
0.0,0.11348445,3888.6208
0.0,0.45243764,3690.229
0.0,0.39239156,10600.369
0.0,0.3522543,103.32365
0.0,0.38204917,98.86956
0.0,0.45590895,898.512
0.0,0.30735663,474.51062
0.0,0.27498558,1250.7838
0.0,0.573929,606.9635
0.0,0.20833994,116.79245
0.0,0.32950687,102.55166
0.0,0.2106857,93.55332
0.0,0.6495371,1457.1943
0.0,0.22361764,5177.9067
0.0,0.17099531,1129.8157
0.0,0.6163361,8549.149
0.0,0.21681587,1733.32
0.0,0.6534838,243.3511
0.0,0.20742334,138.2911
0.0,0.29403907,106.49576
0.0,0.8648203,7346.198
0.0,0.21674582,1619.3672
0.0,0.13017294,131.39127
0.0,0.1764466,89.36586
0.0,0.40198943,118.50057
0.0,0.13051558,2053.816
0.0,0.24815671,216.14178
0.0,0.59924203,1083.6754
0.0,0.21728759,662.87933
0.0,0.27438515,713.38806
0.0,0.1354234,12082.854
0.0,0.45985436,1098.9169
0.0,0.27319884,108.89814
0.0,0.2688569,11597.361
0.0,0.70701927,5452.093
0.0,0.1531511,21269.645
0.0,0.23829897,12246.655
0.0,0.10684947,50219.12
0.0,0.09271858,1796.7258
0.0,0.4280847,68.834076
0.0,0.2675839,76.332794
0.0,0.99999964,1113.4126
0.0,0.9905945,29028.102
0.0,0.5228975,1987.9727
0.0,0.29189256,9601.189
0.0,0.27388644,6410.085
0.0,0.23986503,1863.6139
0.0,0.9756836,74.433464
0.0,0.77320915,176.52855
0.0,0.11862279,18738.244
0.0,0.23205933,17217.893
0.0,0.4289526,2414.7017
0.0,0.5254622,123.88998
0.0,0.131613,54556.434
0.0,0.45550326,691.3764
0.0,0.21889472,413.01138
0.0,0.17850758,336.89343
0.0,0.36310518,814.1776
0.0,0.012889215,78612.5
0.0,0.2845363,65.25581
0.0,0.3772717,2353.4348
0.0,0.8667574,1027.951
0.0,0.43806726,535.3057
0.0,0.17424832,4789.4004
0.0,0.1607264,76.24124
0.0,0.8032279,113.940544
0.0,0.3544733,91.282585
0.0,0.2707968,93.60302
0.0,0.19558433,98.18873
0.0,0.19743106,96.63769
0.0,0.23087834,66.90593
0.0,0.5020738,110.92859
0.0,0.24101533,128.83829
0.0,0.21449159,85.17561
0.0,0.4358845,72.58562
0.0,0.26778838,71.21797
0.0,0.3288971,340.38696
0.0,0.28057647,67.52675
0.0,0.51581943,77.56181
0.0,0.4321472,97.1281
0.0,0.3262478,204.80421
0.0,0.3791994,85.003944
0.0,0.34772763,83.12474
0.0,0.1999911,84.6596
0.0,0.46727893,80.37835
0.0,0.30463648,100.23953
0.0,0.32121307,115.66772
0.0,0.3950846,78.36719
0.0,0.2389212,82.571884
0.0,0.38844144,279.1505
0.0,0.20621298,211.64116
0.0,0.4708765,267.53027
0.0,0.38442895,74.69261
0.0,0.48833302,65.5875
0.0,0.5295279,67.723755
0.0,0.3774352,76.887825
0.0,0.21510512,87.25183
0.0,0.13630675,224.03264
0.0,0.122318946,84.71913
0.0,0.29968143,77.06984
0.0,0.14673458,90.06696
0.0,0.25275987,65.496506
0.0,0.22064948,68.39241
0.0,0.22622311,83.80874
0.0,0.32019365,101.01901
0.0,0.27465263,73.44464
0.0,0.2963461,106.92364
0.0,0.5041187,92.537346
0.0,0.40255398,66.94247
0.0,0.6093995,67.96947
0.0,0.5165689,81.768036
0.0,0.38741767,84.31947
0.0,0.41994995,86.5601
0.0,0.21791907,138.0712
0.0,0.542508,84.45723
0.0,0.36611384,144.43367
0.0,0.29825842,347.7084
0.0,0.5660769,77.71988
0.0,0.35531807,110.11882
0.0,0.2154376,73.496025
0.0,0.5160773,67.61637
0.0,0.40652952,90.23518
0.0,0.31556338,200.11891
0.0,0.52549314,69.42807
0.0,0.28568533,495.60355
0.0,0.20125142,72.002075
0.0,0.5741101,142.88821
0.0,0.24314901,275.5844
0.0,0.37559044,147.51773
0.0,0.40994444,503.07666
0.0,0.37562683,152.07484
0.0,0.37578478,68.592575
0.0,0.45206794,67.254814
0.0,0.42683506,76.82055
0.0,0.50576764,69.243454
0.0,0.47379565,117.56994
0.0,0.7067554,89.53333
0.0,0.25750664,78.80222
0.0,0.3250064,119.5209
0.0,0.26401925,74.62134
0.0,0.32774097,278.0148
0.0,0.25522858,73.08157
0.0,0.28048605,74.27437
0.0,0.27784735,113.93029
0.0,0.4155504,181.0266
0.0,0.63876724,121.46128
0.0,0.86113065,65.65141
0.0,0.40881065,76.61672
0.0,0.48117098,130.12994
0.0,0.38178712,98.40307
0.0,0.20805554,87.60966
0.0,0.30587596,83.175964
0.0,0.3493033,224.65657
0.0,0.25619552,103.06475
0.0,0.28262934,115.93008
0.0,0.3240851,65.91305
0.0,0.25830534,218.25513
0.0,0.29245597,179.7444
0.0,0.2069826,100.59455
0.0,0.50918424,85.10639
0.0,0.28465804,4.0435683e+11
0.0,0.31889737,86.61612
0.0,0.21804982,90.57485
0.0,0.2991569,388.6892
0.0,0.23408791,75.27978
0.0,0.5084894,121.65019
0.0,0.29113388,116.42436
0.0,0.24330293,65.297615
0.0,0.11757775,97.61419
0.0,0.3543927,77.73496
0.0,0.5471076,91.57315
0.0,0.35834143,125.91809
0.0,0.39080766,96.331795
0.0,0.21474852,322.21414
0.0,0.54121596,70.157196
0.0,0.6348591,212.98001
0.0,0.68620974,106.13966
0.0,0.13721474,100.904
0.0,0.32655478,148.31326
0.0,0.51762044,494.286
0.0,0.2088385,90.64663
0.0,0.269968,165.55748
0.0,0.5070376,73.2237
0.0,0.21750124,67.20659
0.0,0.39588684,73.807945
0.0,0.28336027,653.9113
0.0,0.19950789,156.63423
0.0,0.14141615,180.73328
0.0,0.27386892,378.98132
0.0,0.3688615,126.50863
0.0,0.40383273,82.309654
0.0,0.35315466,69.386536
0.0,0.23158789,89.44812
0.0,0.5306,65.091064
0.0,0.28901145,100.09095
0.0,0.30979735,168.60985
0.0,0.46431428,84.65751
0.0,0.24928528,133.41914
0.0,0.22261727,114.10279
0.0,0.31957182,106.587875
0.0,0.17296976,103.87612
0.0,0.24615318,104.8105
0.0,0.33240432,143.35524
0.0,0.38378078,87.20086
0.0,0.315266,95.57164
0.0,0.2521845,115.519035
0.0,0.2432093,163.91328
0.0,0.31888896,343.27988
0.0,0.25915888,423.4403
0.0,0.372539,181.90726
0.0,0.34562922,84.91542
0.0,0.23536463,100.66836
0.0,0.58996063,128.17346
0.0,0.30642465,79.26582
0.0,0.1826646,84.28979
0.0,0.16729179,88.3534
0.0,0.37428537,89.08018
0.0,0.42826074,86.294655
0.0,0.29153264,96.07734
0.0,0.40955016,75.16952
0.0,0.3328083,104.28203
0.0,0.3785111,104.81712
0.0,0.45781934,194.36513
0.0,0.37786278,128.68765
0.0,0.5669602,101.693504
0.0,0.46208805,176.74615
0.0,0.16672604,71.2545
0.0,0.40686116,66.07202
0.0,0.26278248,340.27988
0.0,0.31866607,74.91757
0.0,0.5346689,252.85573
0.0,0.24553736,164.04768
0.0,0.7317463,67.85902
0.0,0.23793392,73.96316
0.0,0.30039558,127.87392
0.0,0.25904065,534.0149
0.0,0.25930083,83.56082
0.0,0.36291298,443.0373
0.0,0.22031721,90.57669
0.0,0.27394232,105.18263
0.0,0.28806922,485.2303
0.0,0.2477558,71.32494
0.0,0.22477885,90.63798
0.0,0.46351433,72.92171
0.0,0.23164181,103.854515
0.0,0.19579951,254.39706
0.0,0.3837847,100.011696
0.0,0.3293843,880.30566
0.0,0.28988707,100.046234
0.0,0.26855215,71.87441
0.0,0.169425,67.891655
0.0,0.2643144,71.05169
0.0,0.23203734,94.5501
0.0,0.19975749,196.61075
0.0,0.45492136,107.79959
0.0,0.47360027,65.10479
0.0,0.665233,83.04162
0.0,0.274136,88.965645
0.0,0.4805449,85.127
0.0,0.2621644,75.61538
0.0,0.30553964,71.192566
0.0,0.20077297,90.5929
0.0,0.28730524,69.832535
0.0,0.22537294,173.47707
0.0,0.21795353,108.54593
0.0,0.4394337,666.16046
0.0,0.35827628,94.00415
0.0,0.26135662,101.43168
0.0,0.24505824,136.24452
0.0,0.38353574,125.607956
0.0,0.33644292,103.54181
0.0,0.3660751,497.0542
0.0,0.26689225,127.783455
0.0,0.20119128,88.33691
0.0,0.48817784,66.35615
0.0,0.14059371,69.36003
0.0,0.31062615,153.93365
0.0,0.3508409,79.11015
0.0,0.4676943,168.19115
0.0,0.4365342,365.61423
0.0,0.5267094,70.97834
0.0,0.22524296,90.92167
0.0,0.44465116,68.36395
0.0,0.45532233,88.30689
0.0,0.21973705,299.61737
0.0,0.27701855,249.89703
0.0,0.19243048,81.33246
0.0,0.29137,85.9465
0.0,0.25337982,65.45945
0.0,0.37859502,110.93705
0.0,0.37128428,68.2582
0.0,0.1745074,68.93014
0.0,0.54522246,169.74841
0.0,0.3623794,93.15693
0.0,0.4726053,70.10149
0.0,0.41741344,147.01332
0.0,0.23887391,155.3172
0.0,0.24059284,380.86786
0.0,0.23717391,126.515366
0.0,0.71519196,70.49234
0.0,0.2680558,271.75757
0.0,0.1957608,67.965324
0.0,0.19531135,71.830315
0.0,0.30638358,229.05313
0.0,0.32583797,75.0714
0.0,0.14510514,74.492676
0.0,0.5230505,120.78424
0.0,0.49163368,82.67598
0.0,0.2674462,93.874886
0.0,0.55031407,67.34572
0.0,0.28801477,130.31783
0.0,0.2602499,81.19931
0.0,0.45944706,90.01857
0.0,0.4442107,65.04138
0.0,0.4034601,127.15701
0.0,0.31194052,145.46455
0.0,0.22695321,76.76655
0.0,0.43747735,171.82033
0.0,0.14117035,81.33895
0.0,0.2744005,286.4859
0.0,0.51791376,68.4788
0.0,0.50584394,657.1606
0.0,0.25762457,67.66543
0.0,0.34085456,180.89279
0.0,0.6437884,75.006874
0.0,0.44261447,240.88895
0.0,0.27207473,87.76158
0.0,0.1631729,76.42173
0.0,0.38471565,173.99153
0.0,0.3631134,105.49908
0.0,0.14375845,67.13446
0.0,0.28367597,148.04579
0.0,0.20400335,135.64561
0.0,0.37566367,77.56449
0.0,0.2769504,209.96072
0.0,0.25536978,134.16884
0.0,0.538834,160.73766
0.0,0.1828688,131.67953
0.0,0.48823014,66.27031
0.0,0.3364591,77.942726
0.0,0.43350527,87.24304
0.0,0.42291957,83.39144
0.0,0.50520366,77.40488
0.0,0.42203054,96.7009
0.0,0.43406266,104.88867
0.0,0.22195122,93.83153
0.0,0.25731537,112.246994
0.0,0.30988127,111.12088
0.0,0.5532751,159.6831
0.0,0.35917628,83.931816
0.0,0.28238672,694.8168
0.0,0.2797626,214.0348
0.0,0.4291451,290.62207
0.0,0.36664632,84.79537
0.0,0.42940372,137.12794
0.0,0.38030016,73.41469
0.0,0.20959131,79.11098
0.0,0.35585198,96.36552
0.0,0.20705055,72.15436
0.0,0.48945794,93.16677
0.0,0.35262346,469.94745
0.0,0.28451958,70.987595
0.0,0.5256484,79.76827
0.0,0.15249409,76.87953
0.0,0.5064211,152.6799
0.0,0.43424314,69.42376
0.0,0.4325937,177.11954
0.0,0.3460208,84.98395
0.0,0.1494863,90.28162
0.0,0.36472538,113.53812
0.0,0.5773392,123.31741
0.0,0.5001707,322.9175
0.0,0.2162415,246.02193
0.0,0.2865795,219.86612
0.0,0.5077661,65.21038
0.0,0.3140351,109.07613
0.0,0.2844413,78.89501
0.0,0.39326137,83.017006
0.0,0.51787835,104.17691
0.0,0.23963158,109.28736
0.0,0.33672884,108.18714
0.0,0.17319727,81.63966
0.0,0.7460593,68.77124
0.0,0.2639016,187.82738
0.0,0.25552577,108.05543
0.0,0.31524065,492.15778
0.0,0.24796206,67.80085
0.0,0.3238951,71.55145
0.0,0.341153,69.826096
0.0,0.36047816,111.93691
0.0,0.303671,161.47643
0.0,0.44691235,85.19095
0.0,0.7168435,83.89441
0.0,0.42377257,98.63744
0.0,0.24809611,90.77461
0.0,0.27490678,68.05951
0.0,0.15802523,106.31071
0.0,0.18568467,69.555565
0.0,0.6469746,199.30824
0.0,0.61386764,86.110664
0.0,0.41302887,168.58449
0.0,0.3224116,83.91329
0.0,0.42635605,117.268326
0.0,0.5854829,76.11468
0.0,0.2768562,136.18889
0.0,0.28857,289.9674
0.0,0.19474109,152.01291
0.0,0.25588605,84.47923
0.0,0.42692134,79.27501
0.0,0.4426664,205.4585
0.0,0.33695212,77.441574
0.0,0.4825785,184.56477
0.0,0.33666846,74.324356
0.0,0.28477636,71.65658
0.0,0.44750828,465.22046
0.0,0.44740298,691.73364
0.0,0.49179763,280.80252
0.0,0.5300354,66.91722
0.0,0.43056375,504.5439
0.0,0.23959407,296.46222
0.0,0.42608318,84.91696
0.0,0.30626285,120.90093
0.0,0.28785235,515.2432
0.0,0.23926432,88.020515
0.0,0.45867008,84.815605
0.0,0.23164827,65.822395
0.0,0.2345102,77.776886
0.0,0.49929497,81.90169
0.0,0.17339544,331.26273
0.0,0.4732578,300.36407
0.0,0.27779555,68.8632
0.0,0.5890201,72.156494
0.0,0.47522515,110.878845
0.0,0.25989082,776.51715
0.0,0.18345548,72.14853
0.0,0.68705773,209.26213
0.0,0.18085547,101.47267
0.0,0.3760193,286.0201
0.0,0.2582273,70.59758
0.0,0.17861594,78.89696
0.0,0.421902,65.12799
0.0,0.23058167,97.90636
0.0,0.18734014,78.344604
0.0,0.42140514,67.69075
0.0,0.14750521,132.3635
0.0,0.18484247,155.25992
0.0,0.5883803,74.23316
0.0,0.3114107,141.07323
0.0,0.4238307,245.03351
0.0,0.22671874,96.811646
0.0,0.3152079,257.47702
0.0,0.26998094,70.14838
0.0,0.32632592,72.269356
0.0,0.5923237,132.8638
0.0,0.517115,100.849785
0.0,0.29803553,370.3372
0.0,0.3170672,175.2503
0.0,0.39977556,74.8966
0.0,0.30826446,107.53762
0.0,0.18833491,82.548454
0.0,0.36654738,105.65047
0.0,0.2891324,139.0059
0.0,0.14828832,147.90193
0.0,0.56020033,96.300446
0.0,0.5328569,109.15766
0.0,0.4139373,270.36386
0.0,0.41188416,79.554115
0.0,0.2706131,67.61426
0.0,0.326837,98.771255
0.0,0.31294876,74.979866
0.0,0.19101307,125.83164
0.0,0.3574203,77.552315
0.0,0.22235756,76.917274
0.0,0.5534091,119.10157
0.0,0.6446978,109.16072
0.0,0.16334793,90.79141
0.0,0.20625283,108.84877
0.0,0.5510916,102.18194
0.0,0.23908094,66.88442
0.0,0.40551692,87.947044
0.0,0.44076464,79.1751
0.0,0.27401873,69.44522
0.0,0.3550739,73.23894
0.0,0.26642665,91.35031
0.0,0.2719122,71.0553
0.0,0.44919062,218.64993
0.0,0.21882123,110.56477
0.0,0.15283312,92.540474
0.0,0.26761764,974.3488
0.0,0.23193263,89.03556
0.0,0.4488697,93.27048
0.0,0.5585507,94.19521
0.0,0.48018384,129.72318
0.0,0.19254874,73.435104
0.0,0.37636337,210.5835
0.0,0.43382964,76.0955
0.0,0.2763342,121.861885
0.0,0.20820194,65.01328
0.0,0.24097472,66.98779
0.0,0.22449304,201.77718
0.0,0.48208207,80.00782
0.0,0.25407317,99.98383
0.0,0.20882937,335.39905
0.0,0.31614158,519.3117
0.0,0.35710168,134.3619
0.0,0.54397255,68.10649
0.0,0.30721554,329.33902
0.0,0.3417103,195.15376
0.0,0.13200802,181.45963
0.0,0.44813496,68.90279
0.0,0.34381434,172.94714
0.0,0.5579721,95.54169
0.0,0.2916129,208.50871
0.0,0.38176975,233.12854
0.0,0.5248725,77.82451
0.0,0.4117021,70.794235
0.0,0.30025384,67.19541
0.0,0.33474317,296.3958
0.0,0.34146106,83.93218
0.0,0.5447615,66.98121
0.0,0.3065836,283.06345
0.0,0.29709396,74.83006
0.0,0.61190873,65.08528
0.0,0.2654856,126.196976
0.0,0.68494445,453.42166
0.0,0.2167534,573.3565
0.0,0.53434724,94.133125
0.0,0.5247858,624.9846
0.0,0.29316154,85.93975
0.0,0.3468815,252.61417
0.0,0.40882626,688.6993
0.0,0.3355956,100.14982
0.0,0.16384517,111.56312
0.0,0.6857726,72.80503
0.0,0.5178691,97.05454
0.0,0.19559671,110.74428
0.0,0.17645086,84.45094
0.0,0.26614574,89.21332
0.0,0.24923061,89.17853
0.0,0.21075535,125.2741
0.0,0.14850286,526.7619
0.0,0.44168374,113.00496
0.0,0.2095512,182.39404
0.0,0.20868418,91.39375
0.0,0.32245097,180.90074
0.0,0.25326046,168.81427
0.0,0.35793442,122.0054
0.0,0.28397688,74.12907
0.0,0.18702017,110.76514
0.0,0.24384876,119.197525
0.0,0.51264215,95.234406
0.0,0.58146244,81.417694
0.0,0.5686342,189.59871
0.0,0.3934838,198.8894
0.0,0.528344,423.29248
0.0,0.25844657,117.95609
0.0,0.24722502,1090.9697
0.0,0.44852495,125.13168
0.0,0.42994213,73.85247
0.0,0.1314923,228.55083
0.0,0.31781757,85.76485
0.0,0.5687808,294.83722
0.0,0.42620996,65.454124
0.0,0.33544698,176.91302
0.0,0.21748315,238.71613
0.0,0.32007298,260.99802
0.0,0.45300624,97.142784
0.0,0.19222037,197.00208
0.0,0.50275236,181.77847
0.0,0.1888314,581.80304
0.0,0.26160568,90.07643
0.0,0.20548698,722.5781
0.0,0.29444677,151.80234
0.0,0.4211949,77.8184
0.0,0.2690193,285.8261
0.0,0.2690193,285.8261
0.0,0.19621676,148.04222
0.0,0.25121644,88.12628
0.0,0.47604477,69.00909
0.0,0.31859905,173.87007
0.0,0.32571268,346.21738
0.0,0.5029928,204.23677
0.0,0.43685478,65.59339
0.0,0.17568532,69.1183
0.0,0.21297699,75.228195
0.0,0.5302499,100.07123
0.0,0.30756953,104.549545
0.0,0.24213496,75.889496
0.0,0.5347002,94.170105
0.0,0.26129544,99.37803
0.0,0.3548177,96.32109
0.0,0.24839693,77.81438
0.0,0.46676588,97.157295
0.0,0.21830758,76.65674
0.0,0.44879112,82.20137
0.0,0.40238613,83.469696
0.0,0.5429283,138.54643
0.0,0.2754809,65.068756
0.0,0.29412416,89.73233
0.0,0.29915577,70.28979
0.0,0.37100813,281.83646
0.0,0.2106374,132.41618
0.0,0.20957729,70.684975
0.0,0.1716677,69.83441
0.0,0.21792042,112.74575
0.0,0.19525878,297.74405
0.0,0.67249686,4.8413136e+07
0.0,0.42110378,76.693375
0.0,0.18859783,522.4282
0.0,0.447541,68.49639
0.0,0.6961659,77.36173
0.0,0.41128546,72.839096
0.0,0.2037579,90.71728
0.0,0.34708834,78.50282
0.0,0.19353104,258.0099
0.0,0.2044577,73.65816
0.0,0.3516965,104.58548
0.0,0.37798408,69.07995
0.0,0.33102292,66.50703
0.0,0.43954358,99.783226
0.0,0.1965573,151.30447
0.0,0.20434919,133.84412
0.0,0.15868898,99.9514
0.0,0.5720507,79.23211
0.0,0.43804896,653.0897
0.0,0.49237537,171.62065
0.0,0.22734028,293.4941
0.0,0.45455888,304.9056
0.0,0.294169,81.56481
0.0,0.62045175,85.8515
0.0,0.38312703,98.97572
0.0,0.3855872,96.68975
0.0,0.20723866,66.4106
0.0,0.3136215,65.65851
0.0,0.28488812,157.56506
0.0,0.14769223,84.359085
0.0,0.4219538,80.10231
0.0,0.17820993,75.95403
0.0,0.1974175,74.247406
0.0,0.3435133,103.80823
0.0,0.5784072,176.8142
0.0,0.19648874,98.58393
0.0,0.28720543,97.15799
0.0,0.2292483,84.5201
0.0,0.22548833,161.11258
0.0,0.3816031,423.11102
0.0,0.5250484,101.177185
0.0,0.3931957,81.180405
0.0,0.2402134,98.15251
0.0,0.23887186,65.39537
0.0,0.31247157,74.36789
0.0,0.18970475,93.54256
0.0,0.20765974,86.58847
0.0,0.2450249,71.78226
0.0,0.2378134,137.70558
0.0,0.14599133,255.20067
0.0,0.1688545,87.96081
0.0,0.44386524,183.33206
0.0,0.5026668,172.50081
0.0,0.21189454,70.00342
0.0,0.19325708,237.88228
0.0,0.28690934,90.828
0.0,0.30298373,69.51811
0.0,0.5854351,77.78098
0.0,0.30341518,85.570526
0.0,0.3454113,86.54881
0.0,0.2812659,226.4264
0.0,0.2975361,104.60661
0.0,0.18059115,73.83816
0.0,0.3154222,82.89531
0.0,0.16355132,96.38602
0.0,0.26932096,72.93953
0.0,0.23555031,164.76865
0.0,0.14885572,67.00059
0.0,0.2778601,695.41284
0.0,0.18689047,67.39863
0.0,0.41882318,123.63417
0.0,0.5388088,69.88484
0.0,0.16040353,84.37833
0.0,0.23694623,122.66073
0.0,0.5876944,78.0354
0.0,0.17995438,514.19855
0.0,0.3225246,74.457985
0.0,0.51551586,74.010864
0.0,0.22791803,96.05608
0.0,0.19978619,96.952934
0.0,0.25140718,152.22151
0.0,0.3412123,212.74303
0.0,0.34230378,114.73734
0.0,0.27265704,77.96333
0.0,0.1847535,124.389656
0.0,0.24736926,65.675385
0.0,0.25280914,83.59971
0.0,0.4064518,90.7423
0.0,0.2142403,79.30796
0.0,0.58783364,131.05406
0.0,0.39986417,111.645035
0.0,0.23245595,76.50402
0.0,0.48955974,85.55427
0.0,0.46293306,110.702156
0.0,0.68245965,104.309166
0.0,0.6061007,69.650116
0.0,0.39124566,194.59563
0.0,0.1961443,205.69527
0.0,0.38626623,84.06162
0.0,0.3183567,119.20028
0.0,0.2672954,1021.34155
0.0,0.21359155,80.02104
0.0,0.45013654,385.7188
0.0,0.25608402,138.9216
0.0,0.4905737,127.97413
0.0,0.65381753,262.46042
0.0,0.44811434,68.31164
0.0,0.38146624,160.00093
0.0,0.41390094,128.53113
0.0,0.24316359,104.412636
0.0,0.4210177,71.836975
0.0,0.27584776,95.45864
0.0,0.3762865,77.49499
0.0,0.40676242,157.78908
0.0,0.20276755,67.1265
0.0,0.16502307,100.257256
0.0,0.46239138,75.31388
0.0,0.5514811,149.7806
0.0,0.5333619,71.49126
0.0,0.41417983,539.35944
0.0,0.1694381,66.62361
0.0,0.34614074,89.831474
0.0,0.18773404,204.72272
0.0,0.16453813,66.11585
0.0,0.42264658,87.43709
0.0,0.58483434,98.93683
0.0,0.5190682,88.797745
0.0,0.37742946,341.59042
0.0,0.2536948,180.65332
0.0,0.31169134,66.39758
0.0,0.29841146,66.77521
0.0,0.40936282,189.90028
0.0,0.27407187,85.524635
0.0,0.42802408,169.69559
0.0,0.277537,86.926414
0.0,0.19948024,82.797844
0.0,0.24310882,437.2496
0.0,0.23549865,386.19724
0.0,0.9684087,117.340256
0.0,0.22943749,70.411194
0.0,0.17854863,75.443794
0.0,0.29473302,169.23824
0.0,0.2300602,65.235374
0.0,0.4763878,358.7904
0.0,0.14289016,86.45987
0.0,0.34589246,65.43846
0.0,0.15228716,74.25248
0.0,0.20187289,86.91678
0.0,0.29588747,194.58932
0.0,0.2296697,132.43903
0.0,0.28763026,86.007904
0.0,0.4144575,186.75856
0.0,0.40828604,66.426254
0.0,0.64501673,76.89479
0.0,0.38249925,68.37951
0.0,0.23135881,365.62186
0.0,0.7760566,81.52129
0.0,0.37820268,87.618866
0.0,0.21243021,163.41292
0.0,0.26046896,75.000656
0.0,0.31938416,115.78303
0.0,0.27249742,89.79412
0.0,0.3173491,88.74735
0.0,0.2605928,72.64091
0.0,0.2550797,68.29144
0.0,0.40731803,98.77234
0.0,0.25071263,130.9469
0.0,0.41278908,132.28903
0.0,0.37208608,88.7934
0.0,0.29581252,75.9866
0.0,0.2478502,78.264244
0.0,0.24969912,79.52713
0.0,0.34502828,69.85874
0.0,0.32435212,97.97286
0.0,0.25733393,1015.6284
0.0,0.45204967,115.73536
0.0,0.18785867,108.37207
0.0,0.4059273,125.90654
0.0,0.29712838,128.09903
0.0,0.46664014,79.90234
0.0,0.31936458,138.8113
0.0,0.24366257,65.962166
0.0,0.3843618,174.4489
0.0,0.18491301,68.30097
0.0,0.34663862,399.84222
0.0,0.24144465,188.79727
0.0,0.7224273,658.1954
0.0,0.28600878,72.561516
0.0,0.26718462,103.67678
0.0,0.6440673,67.265945
0.0,0.25936022,82.599724
0.0,0.3928807,88.70278
0.0,0.29523423,84.58209
0.0,0.2899828,136.94649
0.0,0.3485267,77.32728
0.0,0.2340213,214.23747
0.0,0.54622537,72.432724
0.0,0.47034168,69.336235
0.0,0.42967594,160.25429
0.0,0.31216413,93.784485
0.0,0.4765691,65.73995
0.0,0.2933158,233.20265
0.0,0.26303235,118.13767
0.0,0.2649888,80.04125
0.0,0.23377818,171.5779
0.0,0.5202579,93.146545
0.0,0.35134554,97.23023
0.0,0.22804481,69.54924
0.0,0.55389166,74.89434
0.0,0.20404881,81.784065
0.0,0.9384974,189.3211
0.0,0.28180197,98.46605
0.0,0.46590963,124.17051
0.0,0.5132326,77.92099
0.0,0.39023545,68.38907
0.0,0.30160803,68.50337
0.0,0.23051727,71.20656
0.0,0.6702802,98.46532
0.0,0.26279762,244.5626
0.0,0.5899083,71.473656
0.0,0.44613078,87.25119
0.0,0.40306097,543.6658
0.0,0.19045071,89.67707
0.0,0.29831716,73.56848
0.0,0.46746907,267.2625
0.0,0.47987762,72.77942
0.0,0.2912167,80.254425
0.0,0.34552535,98.29055
0.0,0.6035464,91.77652
0.0,0.6582392,90.30377
0.0,0.26856926,815.99835
0.0,0.26855332,81.75318
0.0,0.24029772,98.57987
0.0,0.2680134,68.20989
0.0,0.29957843,146.7138
0.0,0.13873197,82.91609
0.0,0.3317615,79.58159
0.0,0.25701597,98.735695
0.0,0.2443727,163.68515
0.0,0.25163972,229.00687
0.0,0.5049686,167.5525
0.0,0.24735267,138.843
0.0,0.37111074,85.88434
0.0,0.84442896,69.337074
0.0,0.47471732,149.12848
0.0,0.20556876,74.89085
0.0,0.25872466,98.7574
0.0,0.543992,374.2455
0.0,0.27948093,107.954216
0.0,0.40361655,75.814354
0.0,0.27116686,75.36862
0.0,0.20743224,84.000496
0.0,0.298517,120.36266
0.0,0.36163467,153.02922
0.0,0.4798629,74.56012
0.0,0.14877224,86.72491
0.0,0.2522494,110.84287
0.0,0.2561604,260.50113
0.0,0.2451579,120.18452
0.0,0.34915185,70.43795
0.0,0.13266002,81.49087
0.0,0.40751833,270.5646
0.0,0.49230695,633.43286
0.0,0.24655506,80.29162
0.0,0.3244333,68.532524
0.0,0.40168977,141.76146
0.0,0.3541129,94.00211
0.0,0.4030496,78.62752
0.0,0.26085886,65.27677
0.0,0.44537964,473.20108
0.0,0.13948475,922.6609
0.0,0.30392316,288.78485
0.0,0.35528103,7.397392e+12
0.0,0.2664816,120.52003
0.0,0.17250213,66.16712
0.0,0.22235662,106.64974
0.0,0.40639743,145.52325
0.0,0.2509065,69.01579
0.0,0.17730327,65.67598
0.0,0.15791117,100.68897
0.0,0.49656785,74.56458
0.0,0.20487258,316.62155
0.0,0.24130976,112.06942
0.0,0.36152628,86.09705
0.0,0.21473728,91.77052
0.0,0.59773546,83.52947
0.0,0.17600791,134.29044
0.0,0.41833168,74.98081
0.0,0.4530664,66.9274
0.0,0.34076828,651.12866
0.0,0.54235655,110.45412
0.0,0.4842749,443.25867
0.0,0.26912352,81.70674
0.0,0.26262864,73.60432
0.0,0.25884727,84.18976
0.0,0.26457846,330.65552
0.0,0.7865647,97.22127
0.0,0.3675203,86.00342
0.0,0.36634552,109.906105
0.0,0.24961647,81.28039
0.0,0.3813804,77.2547
0.0,0.24727336,116.411705
0.0,0.6643786,72.46371
0.0,0.4336634,284.71375
0.0,0.17867205,67.22973
0.0,0.42267776,91.43884
0.0,0.20969486,101.91303
0.0,0.4815666,77.19113
0.0,0.37243,116.34526
0.0,0.40904126,122.25327
0.0,0.261775,114.9536
0.0,0.1851855,67.809265
0.0,0.30501133,91.74129
0.0,0.37100554,268.30478
0.0,0.40240282,72.52284
0.0,0.46004412,67.97415
0.0,0.5244131,405.9966
0.0,0.18585837,71.50953
0.0,0.287994,81.217606
0.0,0.19649656,89.50795
0.0,0.33921146,199.44331
0.0,0.2943826,107.97312
0.0,0.5555171,76.61496
0.0,0.30987212,727.22186
0.0,0.27248615,98.49375
0.0,0.38905624,143.07738
0.0,0.16198994,250.05788
0.0,0.24840744,466.864
0.0,0.25328553,68.60421
0.0,0.39657626,160.84816
0.0,0.36192012,106.28602
0.0,0.2525232,91.761
0.0,0.18054025,454.65048
0.0,0.30610964,467.62534
0.0,0.256441,66.503845
0.0,0.46242976,84.99263
0.0,0.20814322,109.583244
0.0,0.3529725,98.36412
0.0,0.5506099,468.99435
0.0,0.4002469,70.555756
0.0,0.39561325,66.92808
0.0,0.25895998,72.2088
0.0,0.22189572,80.74629
0.0,0.36580318,66.857956
0.0,0.31240115,107.38211
0.0,0.46726492,78.43222
0.0,0.21238922,89.29215
0.0,0.25076795,103.16857
0.0,0.5218125,339.60022
0.0,0.37363082,99.73974
0.0,0.24403559,80.05909
0.0,0.6520577,66.827614
0.0,0.6578672,107.56826
0.0,0.18903358,79.69841
0.0,0.33967438,125.32046
0.0,0.4159966,658.3092
0.0,0.40399155,183.10817
0.0,0.3542243,96.354965
0.0,0.19912717,91.13147
0.0,0.48458564,72.43853
0.0,0.47882318,92.478714
0.0,0.37850848,67.0512
0.0,0.40377414,100.234856
0.0,0.39659336,585.7542
0.0,0.40358812,74.316826
0.0,0.15908931,108.43134
0.0,0.64167553,100.24036
0.0,0.45650122,139.22731
0.0,0.14263918,102.26578
0.0,0.24140452,78.35321
0.0,0.3169869,478.97607
0.0,0.33026192,67.11839
0.0,0.28032938,91.88168
0.0,0.2548749,65.72023
0.0,0.45878226,111.11973
0.0,0.2900415,241.19832
0.0,0.3163645,77.48546
0.0,0.24021573,258.7685
0.0,0.4215458,72.60092
0.0,0.20611037,248.0445
0.0,0.58262664,75.28995
0.0,0.24015328,98.91847
0.0,0.68029934,72.84393
0.0,0.46208042,136.60783
0.0,0.14639184,133.63957
0.0,0.44179642,120.58336
0.0,0.23858167,88.832436
0.0,0.30206034,192.91757
0.0,0.3579833,68.30106
0.0,0.43138254,219.07912
0.0,0.3971804,100.03794
0.0,0.19497056,93.67468
0.0,0.42405763,76.949814
0.0,0.2619057,598.2551
0.0,0.19611426,333.8039
0.0,0.3060615,86.47244
0.0,0.38953117,163.03943
0.0,0.20763607,114.30574
0.0,0.42789188,85.89282
0.0,0.21991253,66.22588
0.0,0.3041245,100.18496
0.0,0.37115642,72.29535
0.0,0.19844176,77.21948
0.0,0.2880063,91.65261
0.0,0.31864405,120.33921
0.0,0.28090107,79.983795
0.0,0.8005089,68.10283
0.0,0.28494674,71.080696
0.0,0.2511647,97.93189
0.0,0.5262487,75.63626
0.0,0.423471,68.49291
0.0,0.1447843,80.58138
0.0,0.5201481,123.35506
0.0,0.21561632,98.76789
0.0,0.5924692,104.62476
0.0,0.38929522,110.60739
0.0,0.6491192,83.858536
0.0,0.34171352,71.88128
0.0,0.25266233,73.253006
0.0,0.43991902,72.462814
0.0,0.20329975,113.270164
0.0,0.57566327,400.78128
0.0,0.26661313,179.0426
0.0,0.39654776,71.47554
0.0,0.32684696,93.57887
0.0,0.4883639,74.04037
0.0,0.4956099,83.407585
0.0,0.2638599,409.99713
0.0,0.22649828,106.62966
0.0,0.21686466,87.95764
0.0,0.43341407,160.01236
0.0,0.2160005,187.25844
0.0,0.33914775,110.64158
0.0,0.48492047,65.07102
0.0,0.23986964,127.10669
0.0,0.22552112,71.01833
0.0,0.22561385,150.27278
0.0,0.23296566,135.62892
0.0,0.39919344,73.98224
0.0,0.2360002,236.37572
0.0,0.21816544,214.68922
0.0,0.45909423,123.67599
0.0,0.3708097,76.57968
0.0,0.28175128,78.55163
0.0,0.21699928,81.55183
0.0,0.18840785,71.11478
0.0,0.20382565,106.20734
0.0,0.31004047,95.97544
0.0,0.24287339,87.29481
0.0,0.3878096,152.61261
0.0,0.5099437,68.45292
0.0,0.21861018,85.74122
0.0,0.2696264,105.887955
0.0,0.19787546,74.09963
0.0,0.31085864,76.474815
0.0,0.5579769,114.45425
0.0,0.33562154,426.1997
0.0,0.22483887,85.8381
0.0,0.23948137,81.62071
0.0,0.25442797,68.37679
0.0,0.52639586,73.676155
0.0,0.5196793,159.038
0.0,0.3534314,132.74371
0.0,0.31966203,89.54383
0.0,0.45039168,185.34619
0.0,0.23560625,66.048355
0.0,0.38232648,79.46147
0.0,0.31248018,468.40588
0.0,0.23861556,170.24013
0.0,0.41470832,76.54534
0.0,0.29509637,262.2373
0.0,0.2175495,110.375015
0.0,0.34468904,71.55003
0.0,0.23145416,68.32054
0.0,0.06940937,267.97668
0.0,0.7674847,100.18517
0.0,0.17240392,68.32433
0.0,0.3922855,73.1028
0.0,0.14662571,276.26212
0.0,0.35136732,66.018
0.0,0.23376389,99.94226
0.0,0.5905272,89.3339
0.0,0.123898774,80.60488
0.0,0.2208723,87.076294
0.0,0.3686896,70.66018
0.0,0.20227306,377.12857
0.0,0.34615096,70.95506
0.0,0.18023834,99.949615
0.0,0.45187843,89.42237
0.0,0.2264376,695.7245
0.0,0.22170992,76.4775
0.0,0.24807382,380.07144
0.0,0.25580996,107.3395
0.0,0.1498871,71.02161
0.0,0.34084934,148.16939
0.0,0.58156496,219.69986
0.0,0.3766436,117.928185
0.0,0.46755454,162.92392
0.0,0.24469666,97.574326
0.0,0.4134148,155.61276
0.0,0.29791468,72.141426
0.0,0.23778361,79.39515
0.0,0.60780245,132.79306
0.0,0.31733182,68.75431
0.0,0.14520173,99.56763
0.0,0.34549388,181.9452
0.0,0.3544947,150.08168
0.0,0.31572554,161.77571
0.0,0.18349484,76.78577
0.0,0.2106958,77.98536
0.0,0.31087607,339.71118
0.0,0.2666487,78.46493
0.0,0.2666487,78.46493
0.0,0.44857955,75.74552
0.0,0.4497508,71.18252
0.0,0.45252672,77.61092
0.0,0.21473353,77.77635
0.0,0.29487005,143.23221
0.0,0.22595988,401.16098
0.0,0.3961325,74.84374
0.0,0.19740663,84.08915
0.0,0.34188977,75.888245
0.0,0.31333882,289.2645
0.0,0.22396913,78.01888
0.0,0.38211286,110.309715
0.0,0.3831533,462.04935
0.0,0.2206194,137.2348
0.0,0.31521237,69.21397
0.0,0.40343943,363.57565
0.0,0.41555724,71.905136
0.0,0.16363017,70.38163
0.0,0.2659379,675.4819
0.0,0.27599347,89.75038
0.0,0.50053203,241.0281
0.0,0.239443,88.67459
0.0,0.41935307,94.08399
0.0,0.32456726,97.67299
0.0,0.4565406,274.15753
0.0,0.4565406,274.15753
0.0,0.21429089,82.32597
0.0,0.2609544,93.46592
0.0,0.48938575,92.31665
0.0,0.2594404,254.99509
0.0,0.26042816,133.79549
0.0,0.27685368,103.653564
0.0,0.2878349,72.03451
0.0,0.3081971,74.41659
0.0,0.2510582,132.41373
0.0,0.33365294,347.54028
0.0,0.19617978,65.41842
0.0,0.28956112,69.14803
0.0,0.18442647,68.34821
0.0,0.24662772,393.55704
0.0,0.2694293,133.23184
0.0,0.3757069,660.84094
0.0,0.4618599,66.02638
0.0,0.29020277,262.1124
0.0,0.45329762,87.33064
0.0,0.4549258,93.36523
0.0,0.28281742,179.08252
0.0,0.39680225,74.11588
0.0,0.28699285,102.51445
0.0,0.2380859,96.99699
0.0,0.3834933,67.38819
0.0,0.336368,102.44964
0.0,0.25286898,431.0517
0.0,0.35944423,274.56693
0.0,0.111960866,112.34008
0.0,0.23855825,88.64432
0.0,0.4745296,136.07036
0.0,0.366355,78.30969
0.0,0.3218243,189.75386
0.0,0.2132099,69.15593
0.0,0.44043964,89.67754
0.0,0.28831705,85.26834
0.0,0.43363363,126.64963
0.0,0.45589843,66.54718
0.0,0.7102803,101.53508
0.0,0.4461809,101.78991
0.0,0.40873492,84.724434
0.0,0.37464285,108.39944
0.0,0.5119943,66.22628
0.0,0.2754797,80.98211
0.0,0.4716992,162.4569
0.0,0.13123672,70.53612
0.0,0.15959224,75.50197
0.0,0.418285,127.68213
0.0,0.43993655,111.39066
0.0,0.54765433,96.783005
0.0,0.15573823,82.388725
0.0,0.56912655,164.87271
0.0,0.2533592,119.71941
0.0,0.54659826,230.1419
0.0,0.15376382,121.43921
0.0,0.3062362,870.9819
0.0,0.66424793,118.42358
0.0,0.33176404,93.34465
0.0,0.50676095,70.69669
0.0,0.27156132,100.739006
0.0,0.42742342,88.68107
0.0,0.15708175,84.12533
0.0,0.5892789,66.393265
0.0,0.3338409,143.48476
0.0,0.3634878,77.80697
0.0,0.3274677,163.96844
0.0,0.2597901,79.02503
0.0,0.37946966,69.31089
0.0,0.1427952,973.65314
0.0,0.30367535,108.44825
0.0,0.2789687,237.47035
0.0,0.22751214,80.34272
0.0,0.13039996,77.9331
0.0,0.4810541,80.30154
0.0,0.20192404,88.0543
0.0,0.20822315,160.09952
0.0,0.48240167,82.78026
0.0,0.2790519,124.48304
0.0,0.38120526,305.01627
0.0,0.20697735,107.95665
0.0,0.33381468,119.63775
0.0,0.5542935,66.77163
0.0,0.35224685,117.59421
0.0,0.6008608,79.91015
0.0,0.34419268,70.95578
0.0,0.37861222,69.621574
0.0,0.2955663,75.09505
0.0,0.49834526,74.51476
0.0,0.22292557,543.8216
0.0,0.32123697,66.619446
0.0,0.34346035,788.6304
0.0,0.32089654,396.26328
0.0,0.15576719,74.546326
0.0,0.2045286,193.81691
0.0,0.23053244,959.70276
0.0,0.3593559,175.14441
0.0,0.26291326,103.906296
0.0,0.28423244,65.10286
0.0,0.19939697,803.9488
0.0,0.187893,76.08909
0.0,0.44979107,67.90066
0.0,0.7099195,108.18987
0.0,0.15997359,66.919464
0.0,0.44602576,75.36022
0.0,0.23405573,102.42765
0.0,0.35105464,206.81058
0.0,0.26474634,160.69336
0.0,0.22349572,97.104614
0.0,0.34477344,187.0359
0.0,0.2383258,124.654205
0.0,0.2704332,65.57267
0.0,0.4648517,106.81076
0.0,0.4333418,113.95481
0.0,0.21424043,103.98161
0.0,0.33756408,253.68901
0.0,0.52854085,144.11606
0.0,0.2921663,461.26013
0.0,0.23895015,89.632996
0.0,0.3851015,947.3642
0.0,0.49829802,77.28473
0.0,0.22593276,114.61653
0.0,0.34533888,136.86456
0.0,0.17733708,96.74507
0.0,0.7492988,101.94426
0.0,0.13342702,181.6151
0.0,0.5988098,128.5758
0.0,0.14216776,69.13141
0.0,0.42618033,75.18518
0.0,0.29173914,319.0721
0.0,0.43189797,70.94809
0.0,0.4266184,205.5966
0.0,0.4929979,102.094185
0.0,0.25695515,75.577446
0.0,0.40007833,122.74978
0.0,0.35298046,178.27005
0.0,0.25107503,68.00192
0.0,0.15395683,71.324905
0.0,0.29407713,127.19967
0.0,0.6469329,222.87793
0.0,0.3817709,67.02877
0.0,0.20930192,242.07556
0.0,0.24902835,65.455925
0.0,0.34884074,68.32165
0.0,0.33854663,321.96396
0.0,0.21152352,66.066795
0.0,0.45550612,102.99976
0.0,0.30548066,107.821365
0.0,0.23234202,99.463715
0.0,0.29561773,65.5105
0.0,0.43776897,71.49208
0.0,0.3349602,416.76517
0.0,0.3822327,197.3554
0.0,0.4404413,549.55414
0.0,0.3351145,182.74243
0.0,0.6108292,75.43622
0.0,0.33035675,188.2068
0.0,0.21937287,285.42688
0.0,0.33239487,86.487404
0.0,0.24466065,286.6094
0.0,0.20068352,141.98444
0.0,0.2532879,118.02475
0.0,0.18089695,110.21958
0.0,0.28545758,89.60975
0.0,0.27891532,81.41803
0.0,0.3041371,178.41808
0.0,0.9607397,403.00766
0.0,0.32139027,105.797775
0.0,0.19913848,75.53186
0.0,0.19853698,92.11603
0.0,0.18107094,68.148476
0.0,0.41713387,78.00287
0.0,0.27477235,117.032814
0.0,0.24980357,106.08549
0.0,0.4085034,86.415665
0.0,0.2750231,118.123085
0.0,0.4033424,84.50395
0.0,0.5102823,76.723694
0.0,0.19172664,66.39151
0.0,0.33277553,119.135574
0.0,0.27860254,73.70051
0.0,0.4731092,92.13378
0.0,0.5214363,126.69413
0.0,0.4296753,125.4715
0.0,0.4140895,873.2321
0.0,0.1947202,531.3567
0.0,0.39087233,387.48505
0.0,0.39853278,92.604454
0.0,0.21806295,79.09445
0.0,0.43141094,91.71668
0.0,0.18535645,70.20975
0.0,0.4776064,66.02746
0.0,0.27005467,176.3483
0.0,0.3300244,96.5194
0.0,0.5922733,65.55741
0.0,0.29400492,96.36552
0.0,0.16412954,147.43434
0.0,0.184253,66.69525
0.0,0.23692136,76.26586
0.0,0.49907574,391.01797
0.0,0.39682353,83.14366
0.0,0.40534282,402.5199
0.0,0.25777704,291.00906
0.0,0.3296992,94.90695
0.0,0.39879984,248.20877
0.0,0.21875285,90.6597
0.0,0.2731751,97.7329
0.0,0.3688531,178.8643
0.0,0.2001197,265.87958
0.0,0.48110282,84.26036
0.0,0.32268625,248.45593
0.0,0.3987736,68.456825
0.0,0.23112243,229.8833
0.0,0.3515146,167.99303
0.0,0.57396317,107.817345
0.0,0.29521596,73.81514
0.0,0.33544666,153.77975
0.0,0.25633568,68.32167
0.0,0.33252645,113.087616
0.0,0.3461856,99.7861
0.0,0.4104773,67.19895
0.0,0.5253002,67.25613
0.0,0.2276468,77.65516
0.0,0.60896873,71.63888
0.0,0.46441734,133.5982
0.0,0.27368852,107.82658
0.0,0.46741045,76.631615
0.0,0.72676903,379.1803
0.0,0.24078111,101.53815
0.0,0.17595947,74.709526
0.0,0.35074762,148.29071
0.0,0.18506688,97.8743
0.0,0.42973506,134.10757
0.0,0.22664763,98.602875
0.0,0.71729445,74.96871
0.0,0.21835755,168.14546
0.0,0.4436815,90.80926
0.0,0.5042324,65.59481
0.0,0.48676986,124.88819
0.0,0.3892754,79.41257
0.0,0.27280796,134.2255
0.0,0.46797025,137.39816
0.0,0.41885397,195.3616
0.0,0.5793529,74.17401
0.0,0.26506257,303.23517
0.0,0.39656344,86.80024
0.0,0.20378669,71.70268
0.0,0.53530174,92.44339
0.0,0.46464798,102.98314
0.0,0.5336323,140.19624
0.0,0.38280946,131.51453
0.0,0.33047193,433.71094
0.0,0.433352,231.07025
0.0,0.17818947,195.19415
0.0,0.18144809,85.88601
0.0,0.28422043,74.10917
0.0,0.3524407,88.6902
0.0,0.45365918,112.7616
0.0,0.19129647,73.61353
0.0,0.2365444,178.74327
0.0,0.22786647,87.797646
0.0,0.24950278,155.45291
0.0,0.6054086,297.6955
0.0,0.42265597,141.59276
0.0,0.16204,74.67285
0.0,0.33904067,132.34991
0.0,0.54676664,121.951096
0.0,0.8110966,764.39606
0.0,0.27947876,87.17071
0.0,0.28440318,125.77494
0.0,0.19043477,102.8319
0.0,0.16956483,118.09611
0.0,0.36183247,85.61401
0.0,0.23398802,73.37339
0.0,0.19359651,103.85816
0.0,0.2644062,85.30852
0.0,0.33989006,246.74203
0.0,0.22741206,75.90612
0.0,0.55113906,130.19397
0.0,0.32122505,88.4307
0.0,0.40720737,71.59945
0.0,0.4152345,254.3461
0.0,0.5172303,88.33095
0.0,0.46225357,245.1215
0.0,0.37401646,119.09366
0.0,0.33748505,71.63172
0.0,0.56503344,250.73543
0.0,0.17222494,198.23329
0.0,0.2772869,201.56216
0.0,0.2615524,89.23247
0.0,0.46207768,111.210106
0.0,0.28612724,145.9343
0.0,0.17145754,94.632614
0.0,0.22385299,95.59866
0.0,0.3421206,173.75366
0.0,0.42445764,104.71055
0.0,0.53020746,76.40402
0.0,0.39920333,106.42188
0.0,0.20478372,87.40343
0.0,0.30541718,82.093185
0.0,0.92611283,628.96423
0.0,0.9908234,353.3894
0.0,0.18280838,66.71885
0.0,0.24314113,74.91539
0.0,0.33383667,140.11137
0.0,0.16639888,98.17687
0.0,0.27163097,65.83569
0.0,0.30863973,85.00063
0.0,0.26558414,71.42523
0.0,0.2228005,167.7886
0.0,0.42162395,70.933815
0.0,0.33264515,90.340614
0.0,0.3517862,70.21904
0.0,0.19104011,72.286736
0.0,0.22467084,77.7534
0.0,0.16519561,96.14171
0.0,0.34200722,94.53386
0.0,0.2089479,73.17017
0.0,0.21757185,1003.0328
0.0,0.2979884,182.85382
0.0,0.2780628,96.8973
0.0,0.33673254,75.91822
0.0,0.21683241,83.56928
0.0,0.46439055,75.430336
0.0,0.15451911,110.0353
0.0,0.21719654,85.2396
0.0,0.24368085,87.83916
0.0,0.20249519,97.02913
0.0,0.21652304,102.01093
0.0,0.2540884,96.2644
0.0,0.21430251,171.14844
0.0,0.41002268,270.47076
0.0,0.53461474,65.963295
0.0,0.39636528,556.7149
0.0,0.55699503,106.960976
0.0,0.47359326,78.91565
0.0,0.24070783,76.35103
0.0,0.3185719,139.64757
0.0,0.14664215,70.093155
0.0,0.4407144,110.35623
0.0,0.4751905,542.3321
0.0,0.30083513,114.175476
0.0,0.2575098,88.72139
0.0,0.29754394,177.57509
0.0,0.5129682,97.523285
0.0,0.20371495,78.50281
0.0,0.3736229,77.5636
0.0,0.37371287,67.68846
0.0,0.36563462,74.79741
0.0,0.69054127,68.033066
0.0,0.5433731,127.58081
0.0,0.5709686,66.08464
0.0,0.22365236,875.8621
0.0,0.14216588,68.03579
0.0,0.4131972,78.64902
0.0,0.45890635,69.03121
0.0,0.25188786,77.66987
0.0,0.26057565,85.59232
0.0,0.433416,66.82017
0.0,0.56243086,68.37142
0.0,0.43240273,139.69986
0.0,0.45750806,74.54669
0.0,0.33415127,67.422554
0.0,0.38707432,93.16416
0.0,0.17050086,138.70761
0.0,0.21317635,81.16129
0.0,0.31073982,72.53296
0.0,0.37757474,69.561386
0.0,0.50859815,77.13375
0.0,0.89238507,78.69076
0.0,0.32962313,166.03653
0.0,0.23110704,77.86902
0.0,0.18873133,75.20578
0.0,0.286839,244.68791
0.0,0.21202432,161.0131
0.0,0.21950625,119.8087
0.0,0.23283693,147.02512
0.0,0.47616476,152.53127
0.0,0.55812687,75.95833
0.0,0.403919,88.83997
0.0,0.24636853,75.359314
0.0,0.34504175,615.3711
0.0,0.4214654,134.0216
0.0,0.38175958,85.393326
0.0,0.43237004,83.511566
0.0,0.2870812,390.96365
0.0,0.39325386,209.51202
0.0,0.5603419,276.78403
0.0,0.1402409,106.31957
0.0,0.5487638,76.188736
0.0,0.17069165,84.78071
0.0,0.3250582,132.29005
0.0,0.55989635,88.03033
0.0,0.26208356,161.89458
0.0,0.517156,160.70174
0.0,0.1940356,67.42825
0.0,0.17970875,150.10252
0.0,0.36959386,278.90283
0.0,0.31628928,100.43193
0.0,0.4098393,516.8864
0.0,0.20385058,120.008026
0.0,0.36108947,104.30281
0.0,0.18766277,79.85423
0.0,0.66496634,70.009026
0.0,0.24154538,76.17276
0.0,0.20621246,71.411476
0.0,0.17827961,66.183266
0.0,0.49088213,149.29256
0.0,0.39879984,93.1216
0.0,0.5183155,118.0254
0.0,0.36694977,101.78063
0.0,0.2860759,247.8365
0.0,0.77135473,111.42503
0.0,0.21360977,124.75519
0.0,0.35862213,82.76681
0.0,0.38407528,74.53098
0.0,0.33071253,245.31186
0.0,0.48579443,229.44252
0.0,0.4741252,89.22507
0.0,0.3063966,99.07766
0.0,0.29099667,101.84301
0.0,0.285177,303.20853
0.0,0.34851268,168.77544
0.0,0.1995026,87.90544
0.0,0.33691296,72.604744
0.0,0.47693655,109.69056
0.0,0.5471653,215.9398
0.0,0.2439481,66.1923
0.0,0.36872953,91.34916
0.0,0.36451063,112.720436
0.0,0.29510427,68.22314
0.0,0.20584118,87.86081
0.0,0.34670433,97.0706
0.0,0.40463972,76.06455
0.0,0.9985915,93.73122
0.0,0.4378527,102.04303
0.0,0.48743102,679.9285
0.0,0.5521514,82.48005
0.0,0.3210167,430.25897
0.0,0.30184585,82.57062
0.0,0.23781405,65.5897
0.0,0.4980606,68.85348
0.0,0.28395516,296.79166
0.0,0.22098169,73.55217
0.0,0.38124657,71.23025
0.0,0.23903216,83.686264
0.0,0.20812714,655.0028
0.0,0.16542755,71.71802
0.0,0.21342675,111.56716
0.0,0.41545498,118.12425
0.0,0.22824226,82.80403
0.0,0.4264248,66.45212
0.0,0.2662575,68.76133
0.0,0.43135548,320.84915
0.0,0.32264933,589.5591
0.0,0.14355445,350.05655
0.0,0.35022116,73.709045
0.0,0.18534356,112.44121
0.0,0.35296315,73.077446
0.0,0.42174453,162.01808
0.0,0.35733604,84.59957
0.0,0.23252699,185.81862
0.0,0.69898653,90.061134
0.0,0.2730775,92.128265
0.0,0.31179702,139.5061
0.0,0.17338116,80.42441
0.0,0.34376794,65.36615
0.0,0.23626618,165.91943
0.0,0.31944418,84.170555
0.0,0.27205053,66.948494
0.0,0.24712569,81.1526
0.0,0.36130178,94.34783
0.0,0.56642544,76.13597
0.0,0.3643385,96.1053
0.0,0.5728568,111.74155
0.0,0.49520966,69.997635
0.0,0.3666255,95.36677
0.0,0.19986552,84.1481
0.0,0.47614196,124122.39
0.0,0.15707907,91.66469
0.0,0.4353441,69.5333
0.0,0.31542736,80.37868
0.0,0.4906786,514.6965
0.0,0.53807855,105.920456
0.0,0.34702197,120.568665
0.0,0.2529567,96.76388
0.0,0.1698836,110.53947
0.0,0.38317406,111.47092
0.0,0.308306,183.24684
0.0,0.5303137,123.63363
0.0,0.31541544,164.59552
0.0,0.31364834,93.02089
0.0,0.36194712,66.61685
0.0,0.6585858,197.98402
0.0,0.36738363,237.60728
0.0,0.45705184,167.03424
0.0,0.33030623,148.08408
0.0,0.51707524,241.54921
0.0,0.44887906,108.88792
0.0,0.6708948,81.27539
0.0,0.16279265,76.633255
0.0,0.19459109,77.6344
0.0,0.27670446,257.869
0.0,0.32632154,179.07358
0.0,0.3512842,66.319
0.0,0.16863067,108.32347
0.0,0.31033498,147.29204
0.0,0.25653663,115.07173
0.0,0.31316197,171.96092
0.0,0.35902286,83.8736
0.0,0.68509495,77.746445
0.0,0.29027113,227.2337
0.0,0.4313892,87.20565
0.0,0.24362542,109.64215
0.0,0.3351229,141.49376
0.0,0.681304,67.24483
0.0,0.34112856,69.79377
0.0,0.48195052,68.85639
0.0,0.45328048,427.8832
0.0,0.3617706,121.8578
0.0,0.2965072,438.83868
0.0,0.45984387,122.68443
0.0,0.2654794,65.04122
0.0,0.49688804,82.02763
0.0,0.32084322,65.26532
0.0,0.23036705,79.23226
0.0,0.53121275,105.67924
0.0,0.4870536,87.11564
0.0,0.36085007,273.0808
0.0,0.44097096,78.75392
0.0,0.3136137,138.95364
0.0,0.42741838,99.85079
0.0,0.34293368,239.74011
0.0,0.6019453,108.90071
0.0,0.14498506,133.05292
0.0,0.5383097,151.08327
0.0,0.48112285,67.03144
0.0,0.24323131,68.19956
0.0,0.14996238,78.950836
0.0,0.21807736,225.774
0.0,0.27016422,81.99216
0.0,0.3407222,447.8343
0.0,0.52403784,78.821526
0.0,0.5270328,131.79466
0.0,0.966282,292.2317
0.0,0.41141754,244.95657
0.0,0.19358768,74.108315
0.0,0.2823988,512.7702
0.0,0.16650423,84.12131
0.0,0.31654167,83.544304
0.0,0.4792669,67.335846
0.0,0.24446815,460.45078
0.0,0.21642864,65.9651
0.0,0.6487811,87.263016
0.0,0.41471875,145.782
0.0,0.5663728,278.35507
0.0,0.24476847,159.1892
0.0,0.37336135,372.97488
0.0,0.1476182,122.53514
0.0,0.23949786,84.33172
0.0,0.40442836,90.19519
0.0,0.31928715,211.3219
0.0,0.31784648,65.485
0.0,0.50538355,75.29336
0.0,0.25318435,85.9297
0.0,0.47034207,141.28055
0.0,0.5242087,415.24963
0.0,0.23726945,87.288506
0.0,0.6047496,66.6623
0.0,0.3762452,85.07393
0.0,0.21742381,66.820786
0.0,0.30669117,183.68053
0.0,0.23883909,89.59507
0.0,0.6986171,68.39083
0.0,0.32502872,72.885086
0.0,0.42233968,108.55559
0.0,0.3857194,115.10629
0.0,0.2362534,81.06506
0.0,0.2859904,67.52768
0.0,0.5672454,66.83663
0.0,0.2528295,72.01951
0.0,0.20377916,107.322
0.0,0.24039796,97.92028
0.0,0.5093887,89.99518
0.0,0.54536647,66.98787
0.0,0.28231254,93.969475
0.0,0.5050389,120.16413
0.0,0.86091566,110.14687
0.0,0.40172824,85.071335
0.0,0.38995913,107.49831
0.0,0.38658696,521.79767
0.0,0.23452893,88.84619
0.0,0.43738696,65.656944
0.0,0.23424773,140.99548
0.0,0.37634128,120.08058
0.0,0.45351833,96.289185
0.0,0.29642752,95.79231
0.0,0.9520092,470.2491
0.0,0.30094182,132.84177
0.0,0.3134673,87.78704
0.0,0.29246315,66.66503
0.0,0.36553937,89.50152
0.0,0.5144384,86.05424
0.0,0.35384807,364.2363
0.0,0.20855053,80.85952
0.0,0.42334118,399.6469
0.0,0.2672867,306.37057
0.0,0.34728363,135.19101
0.0,0.56403327,70.97098
0.0,0.33112505,103.86489
0.0,0.38047567,79.10112
0.0,0.49159873,81.85912
0.0,0.5064081,68.13613
0.0,0.19664784,289.26212
0.0,0.47705817,238.76175
0.0,0.43481985,537.18604
0.0,0.45597497,253.30115
0.0,0.20848164,68.734436
0.0,0.28946236,132.34991
0.0,0.48902434,456.38696
0.0,0.23378024,65.345665
0.0,0.5878438,88.11378
0.0,0.3842412,68.811195
0.0,0.29307553,89.1891
0.0,0.935274,234.94899
0.0,0.8374905,86.701225
0.0,0.26417935,105.51646
0.0,0.12624429,88.50646
0.0,0.29784116,97.552765
0.0,0.27984673,109.698326
0.0,0.20676266,384.68094
0.0,0.3765063,77.20967
0.0,0.40551898,67.33838
0.0,0.5216374,66.30937
0.0,0.20333648,101.4348
0.0,0.36007032,77.352516
0.0,0.4512013,86.46395
0.0,0.32678714,187.78334
0.0,0.32678714,187.78334
0.0,0.4047703,133.75098
0.0,0.28173348,66.14023
0.0,0.4262472,139.23204
0.0,0.37884647,80.49453
0.0,0.28797752,191.33853
0.0,0.2087791,179.04997
0.0,0.29656342,81.073654
0.0,0.28800383,76.14575
0.0,0.27271518,170.83116
0.0,0.25785407,545.0141
0.0,0.2686496,280.8045
0.0,0.2686496,280.8045
0.0,0.2918771,122.773636
0.0,0.29198602,80.6228
0.0,0.37569556,73.35708
0.0,0.4521827,178.86096
0.0,0.36810255,179.2823
0.0,0.261864,328.77054
0.0,0.17291783,239.4539
0.0,0.40311667,95.7749
0.0,0.40311667,95.7749
0.0,0.43330088,76.810196
0.0,0.45283407,571.85864
0.0,0.16847308,280.52084
0.0,0.23210578,84.655235
0.0,0.2249953,192.8894
0.0,0.45048803,100.87448
0.0,0.24208854,74.81416
0.0,0.20351578,68.821625
0.0,0.19218798,82.44872
0.0,0.18121517,73.74027
0.0,0.28285357,78.79279
0.0,0.5890483,65.59244
0.0,0.39218652,72.7644
0.0,0.71949315,90.90176
0.0,0.20813963,79.26548
0.0,0.27409327,69.812485
0.0,0.41041628,90.23826
0.0,0.38468784,82.40397
0.0,0.4781532,369.8518
0.0,0.17585267,98.3962
0.0,0.19094124,75.75638
0.0,0.5424587,75.36674
0.0,0.3289995,72.13455
0.0,0.22954783,101.88377
0.0,0.18795168,76.71789
0.0,0.4480287,73.30776
0.0,0.1522035,75.53348
0.0,0.23230307,563.254
0.0,0.4288364,140.01726
0.0,0.40836558,454.4753
0.0,0.75546134,80.2025
0.0,0.27719238,77.23244
0.0,0.5638931,76.961685
0.0,0.17765717,562.06635
0.0,0.4270912,96.15052
0.0,0.39879984,85.505646
0.0,0.31879961,128.985
0.0,0.16234817,96.49196
0.0,0.5973399,157.44937
0.0,0.5035271,66.93298
0.0,0.23018748,68.265434
0.0,0.21562208,67.53372
0.0,0.29879826,438.44617
0.0,0.5017249,180.36208
0.0,0.1794056,95.49874
0.0,0.33343792,128.96114
0.0,0.33135834,66.25906
0.0,0.21584578,69.985054
0.0,0.19892071,97.04199
0.0,0.31160226,96.199524
0.0,0.36811364,97.24972
0.0,0.5405066,104.74424
0.0,0.22057903,122.73219
0.0,0.2829955,174.81445
0.0,0.22023319,83.141975
0.0,0.584207,83.182465
0.0,0.20092578,893.7999
0.0,0.12464942,88.894806
0.0,0.39497176,65.50077
0.0,0.40057448,85.87061
0.0,0.36779383,268.71237
0.0,0.25681415,311.92078
0.0,0.6201371,89.80435
0.0,0.20607233,73.220406
0.0,0.37212223,67.3435
0.0,0.14557937,86.894325
0.0,0.28405184,72.19651
0.0,0.22417,255.04843
0.0,0.30673453,169.48601
0.0,0.37129182,106.66825
0.0,0.18105462,85.69981
0.0,0.40124163,112.72254
0.0,0.17830954,151.41457
0.0,0.54362375,196.9291
0.0,0.22628684,72.21451
0.0,0.25513944,79.04572
0.0,0.41433638,179.3588
0.0,0.60033125,121.83827
0.0,0.34654263,108.33394
0.0,0.26219416,80.07157
0.0,0.197096,70.86282
0.0,0.3162345,642.6543
0.0,0.38008747,65.277824
0.0,0.33342698,209.76498
0.0,0.38535127,286.2908
0.0,0.44855183,89.83098
0.0,0.28726768,428.78876
0.0,0.48594078,330.87924
0.0,0.16260782,69.60797
0.0,0.30431342,69.25047
0.0,0.22189079,87.1574
0.0,0.14598991,97.645004
0.0,0.14827745,69.70858
0.0,0.44605416,81.82637
0.0,0.14410229,556.29974
0.0,0.6421365,78.34413
0.0,0.47209948,115.97425
0.0,0.26634082,89.10666
0.0,0.58280045,74.37168
0.0,0.58817,91.6143
0.0,0.34854585,122.01605
0.0,0.41074866,247.37625
0.0,0.26331124,175.62689
0.0,0.43751144,76.81382
0.0,0.24495514,225.32205
0.0,0.26922974,76.74183
0.0,0.45157048,148.57126
0.0,0.23220178,85.54267
0.0,0.4924012,79.6778
0.0,0.21619165,67.44891
0.0,0.1823815,189.0381
0.0,0.36771092,95.5749
0.0,0.1900892,117.07812
0.0,0.42025182,105.6967
0.0,0.5189409,80.347374
0.0,0.47203782,96.61281
0.0,0.27757028,120.77781
0.0,0.39733243,141.06207
0.0,0.3358017,344.3153
0.0,0.21677501,122.3953
0.0,0.60200065,106.553825
0.0,0.7147092,68.89175
0.0,0.21914655,604.7238
0.0,0.5467418,104.38403
0.0,0.39355192,84.64933
0.0,0.3048797,205.77863
0.0,0.52296215,86.34385
0.0,0.34999025,101.48582
0.0,0.58373195,86.44183
0.0,0.33459806,84.51031
0.0,0.35193676,103.813866
0.0,0.2914437,102.21807
0.0,0.14148906,349.68353
0.0,0.33048567,284.60107
0.0,0.5450568,131.85004
0.0,0.6692797,74.762024
0.0,0.3514336,287.45258
0.0,0.46882316,113.58431
0.0,0.2725397,101.7946
0.0,0.36693025,67.06381
0.0,0.47760165,245.42918
0.0,0.4606699,78.65204
0.0,0.6045222,67.03045
0.0,0.47087368,191.78958
0.0,0.5895568,81.986176
0.0,0.20890722,151.2999
0.0,0.5755374,81.32618
0.0,0.19733284,159.18666
0.0,0.38231936,98.524414
0.0,0.2334326,294.07034
0.0,0.32695496,72.55506
0.0,0.15175477,124.11388
0.0,0.21463318,125.19593
0.0,0.16593136,78.57837
0.0,0.3162974,149.51819
0.0,0.30539244,71.87082
0.0,0.2151595,170.43959
0.0,0.50481254,65.66421
0.0,0.25284374,95.346954
0.0,0.32814395,66.32277
0.0,0.42843008,73.55445
0.0,0.44982806,193.66556
0.0,0.33007333,73.28145
0.0,0.46159923,69.54002
0.0,0.4384909,103.56608
0.0,0.31252378,352.74283
0.0,0.84972334,69.25059
0.0,0.35331059,100.97887
0.0,0.24851318,136.54883
0.0,0.54870015,498.96716
0.0,0.38021654,113.23137
0.0,0.36044058,176.6702
0.0,0.3099919,242.99321
0.0,0.24825089,66.83634
0.0,0.23465717,717.8155
0.0,0.32666525,76.82918
0.0,0.5342002,120.05962
0.0,0.35765514,95.1497
0.0,0.25028557,267.90326
0.0,0.40805393,68.11696
0.0,0.23116592,203.01115
0.0,0.4254905,101.20691
0.0,0.23996997,71.14371
0.0,0.28422245,138.27919
0.0,0.7350856,76.18439
0.0,0.99615484,133.34518
0.0,0.6718354,95.95668
0.0,0.97981435,246.37982
0.0,0.7216016,9.910176e+08
0.0,0.7216016,9.910176e+08
0.0,0.54101855,3.6282456e+07
0.0,0.96369,280.31827
0.0,0.45703766,144.70781
0.0,0.87516737,2.3106504e+08
0.0,0.6577284,3.214599e+07
0.0,0.8677173,92.71896
0.0,0.8677173,92.71896
0.0,0.5195051,757531.56
0.0,0.64063376,246.24635
0.0,0.6238607,98.589455
0.0,0.86352015,22511.73
0.0,0.49966642,87.8762
0.0,0.9846752,93381.66
0.0,0.92894536,171.23245
0.0,0.7376831,153.73334
0.0,0.91972685,182.5878
0.0,0.3940439,231.69101
0.0,0.9965538,1248.8168
0.0,0.48931482,1.7646258e+10
0.0,0.7211571,94.984436
0.0,0.44054568,68.924805
0.0,0.88444024,402.72546
0.0,0.7382759,308.01822
0.0,0.42815763,174.29784
0.0,0.37656242,80.375435
0.0,0.42907152,158.76425
0.0,0.657743,85.05207
0.0,0.96130455,147.08574
0.0,0.74517417,27635.377
0.0,0.69326776,3.8726557e+08
0.0,0.7190007,2815.3013
0.0,0.8081762,190.06047
0.0,0.5870414,6.1828976e+07
0.0,0.8960287,1271.1193
0.0,0.5992167,69.815285
0.0,0.7001961,151.00888
0.0,0.55773413,2243.806
0.0,0.89357835,163.8369
0.0,0.41124022,195.11252
0.0,0.69373196,76.44128
0.0,0.7545688,1.1975373e+08
0.0,0.6110211,107.49884
0.0,0.9228493,130.30188
0.0,0.5523437,239.04753
0.0,0.77191573,210.52132
0.0,0.4862974,108.51244
0.0,0.49331346,4.5892854e+08
0.0,0.6914892,99.589935
0.0,0.51661193,75.310036
0.0,0.8996748,1197.9382
0.0,0.9198273,67.77439
0.0,0.4952776,67.58292
0.0,0.61950153,176.98842
0.0,0.5817386,65.332535
0.0,0.5402375,514.54987
0.0,0.5258765,91.87765
0.0,0.69706994,28267.615
0.0,0.7631727,246.9323
0.0,0.5872872,74.962685
0.0,0.5372755,107.05267
0.0,0.6361052,8.2928085e+06
0.0,0.9582087,61612.055
0.0,0.9978581,102.72064
0.0,0.9978581,102.72064
0.0,0.6238513,67.36372
0.0,0.23771301,71.95487
0.0,0.6152576,93.25215
0.0,0.11852088,112.23239
0.0,0.41738346,73.762985
0.0,0.70049804,70.02686
0.0,0.2619483,172.37585
0.0,0.7266906,704.6545
0.0,0.4456646,454.11493
0.0,0.25775304,89.336525
0.0,0.43981346,131.89491
0.0,0.42808953,66.793175
0.0,0.14867751,81.7807
0.0,0.3545745,137.58006
0.0,0.24400719,128.29715
0.0,0.47126535,69.47359
0.0,0.37283376,82.21464
0.0,0.16035473,442.85175
0.0,0.2794546,113.63745
0.0,0.21496512,66.15368
0.0,0.45463577,98.46283
0.0,0.33481815,68.38385
0.0,0.40497294,113.09438
0.0,0.30538484,73.16684
0.0,0.4754648,108.952675
0.0,0.28385007,226.96204
0.0,0.64968586,79.84626
0.0,0.2390503,961.8753
0.0,0.42189333,99.70511
0.0,0.30638358,76.76174
0.0,0.38254908,625.42706
0.0,0.28875482,80.70679
0.0,0.19398206,82.6039
0.0,0.54175794,97.85158
0.0,0.2434652,82.72824
0.0,0.19163026,190.58739
0.0,0.26285702,84.54428
0.0,0.3862511,410.0892
0.0,0.32782695,386.7852
0.0,0.93852764,80.5705
0.0,0.24094793,85.98876
0.0,0.19608939,110.02352
0.0,0.252021,85.5958
0.0,0.38917646,73.81635
0.0,0.21882054,84.4909
0.0,0.37385526,290.20358
0.0,0.19022872,105.53482
0.0,0.45271793,79.573685
0.0,0.49531043,1257.0232
0.0,0.19200993,83.90173
0.0,0.3733428,141.5006
0.0,0.46094823,67.44702
0.0,0.39704654,77.41862
0.0,0.24445862,164.75336
0.0,0.2918931,180.95586
0.0,0.4636719,232.99509
0.0,0.2556267,195.80666
0.0,0.53278613,148.52527
0.0,0.22586244,67.18173
0.0,0.20776907,87.13468
0.0,0.15114193,76.62261
0.0,0.23912531,87.77863
0.0,0.48936826,70.20146
0.0,0.4482619,103.28202
0.0,0.44041544,115.04779
0.0,0.26988426,190.10847
0.0,0.181984,136.23831
0.0,0.44272006,186.02469
0.0,0.25787574,96.26194
0.0,0.4754862,79.0507
0.0,0.28964725,66.31946
0.0,0.15443689,334.9409
0.0,0.28254682,128.47229
0.0,0.3007442,102.919044
0.0,0.20078628,152.22034
0.0,0.33964023,98.877754
0.0,0.4450254,83.08544
0.0,0.25031564,162.67583
0.0,0.3877462,65.715706
0.0,0.287792,132.67662
0.0,0.26546398,76.133545
0.0,0.45518017,70.71133
0.0,0.41106793,75.561806
0.0,0.38807294,599.5104
0.0,0.23923416,106.29011
0.0,0.23625064,106.28795
0.0,0.21166322,119.01092
0.0,0.48673692,227784.88
0.0,0.48673692,227784.88
0.0,0.35842746,74.694824
0.0,0.21318518,113.57035
0.0,0.4948661,76.38029
0.0,0.41067177,68.00285
0.0,0.29292122,80.54857
0.0,0.32421988,199.55962
0.0,0.19614264,114.75574
0.0,0.3200533,73.03906
0.0,0.2382141,70.44508
0.0,0.17556874,130.66182
0.0,0.27492687,258.1605
0.0,0.42665187,81.570854
0.0,0.17829637,71.69855
0.0,0.31822705,72.202614
0.0,0.48940003,251.11093
0.0,0.27186197,237.78592
0.0,0.52533925,247.60191
0.0,0.3061291,205.37268
0.0,0.5304484,69.798615
0.0,0.45986372,229.93985
0.0,0.24897881,74.43136
0.0,0.8082175,76.781654
0.0,0.38490978,97.72282
0.0,0.20650768,113.567604
0.0,0.4890881,93.686455
0.0,0.34590977,67.332115
0.0,0.21302518,65.33365
0.0,0.53204733,88.75198
0.0,0.4962473,77.74606
0.0,0.23420702,73.962975
0.0,0.33067152,79.716965
0.0,0.2840803,94.25496
0.0,0.29231444,80.2228
0.0,0.7882595,77.63108
0.0,0.49666974,177.00562
0.0,0.23616007,237.21654
0.0,0.48371708,72.14041
0.0,0.43750477,150.65457
0.0,0.4056565,91.87593
0.0,0.14524108,108.37956
0.0,0.2512828,112.284836
0.0,0.45934832,82.54333
0.0,0.42723155,76.694496
0.0,0.16837473,82.540794
0.0,0.522648,65.71062
0.0,0.44504336,67.59682
0.0,0.2375297,115.25077
0.0,0.25751716,136.87448
0.0,0.28848502,592.1966
0.0,0.29513732,74.39998
0.0,0.30830568,169.10617
0.0,0.44049895,114.4092
0.0,0.42238668,67.999344
0.0,0.93841237,4837.2593
0.0,0.44884783,70.328
0.0,0.39779338,748.95123
0.0,0.27042726,83.682495
0.0,0.3231649,148.25815
0.0,0.22119789,66.03137
0.0,0.14672738,67.0971
0.0,0.43101713,123.133675
0.0,0.43101713,123.133675
0.0,0.27592432,70.97513
0.0,0.26985604,297.71707
0.0,0.34753284,107.51224
0.0,0.25803325,72.902016
0.0,0.2848011,67.26956
0.0,0.2565035,68.36938
0.0,0.323403,67.96512
0.0,0.21017198,300.84216
0.0,0.2455775,82.790436
0.0,0.15648435,101.364655
0.0,0.609316,80.517044
0.0,0.5856,67.22054
0.0,0.57753325,73.21134
0.0,0.19714281,81.00834
0.0,0.2428607,87.6434
0.0,0.39958176,88.97844
0.0,0.4053287,74.82121
0.0,0.3058662,237.48366
0.0,0.25848535,124.82054
0.0,0.104170956,328.2881
0.0,0.53748095,89.947784
0.0,0.22000273,67.16432
0.0,0.3836768,106.46834
0.0,0.4774604,116.71169
0.0,0.3954121,469.4338
0.0,0.4834138,98.86983
0.0,0.47243944,67.972824
0.0,0.16745803,113.39665
0.0,0.29193503,149.58018
0.0,0.18478972,96.56843
0.0,0.13334368,76.04783
0.0,0.31874114,154.8492
0.0,0.29379988,85.84733
0.0,0.19979969,163.06207
0.0,0.4061806,77.44982
0.0,0.34917927,88.512924
0.0,0.15437405,130.67007
0.0,0.4864545,377.40094
0.0,0.43014276,95.80367
0.0,0.47902077,311.95963
0.0,0.39911792,108.68904
0.0,0.47421226,86.60494
0.0,0.22718674,135.29205
0.0,0.25449473,85.644875
0.0,0.46708924,65.70856
0.0,0.41078055,212.77434
0.0,0.33880252,86.49068
0.0,0.22444503,377.07703
0.0,0.38688973,298.11664
0.0,0.5696911,65.545105
0.0,0.47305882,150.46248
0.0,0.31705457,110.06769
0.0,0.30794886,70.95426
0.0,0.14357011,127.273224
0.0,0.42617843,180.53693
0.0,0.25505748,98.06294
0.0,0.57746834,189.92635
0.0,0.17261389,69.45149
0.0,0.40988332,73.56364
0.0,0.22131531,78.23969
0.0,0.22131531,78.23969
0.0,0.5095578,213.87001
0.0,0.22284444,434.65744
0.0,0.47537327,65.47149
0.0,0.66611737,76.09331
0.0,0.3000227,82.16555
0.0,0.34369883,96.450966
0.0,0.5284974,73.20218
0.0,0.29692876,69.71268
0.0,0.18165904,65.4172
0.0,0.19970302,68.64318
0.0,0.30134538,304.61316
0.0,0.26444292,65.07266
0.0,0.28021526,89.55838
0.0,0.35094574,76.85419
0.0,0.27648827,65.76312
0.0,0.4447304,209.62971
0.0,0.454212,414.49667
0.0,0.3059903,74.578705
0.0,0.20902513,83.98579
0.0,0.21318534,77.94626
0.0,0.36869642,94.582184
0.0,0.4496344,270.89514
0.0,0.265714,78.67743
0.0,0.3273935,116.79745
0.0,0.30031303,94.73398
0.0,0.22669262,68.40578
0.0,0.28048465,175.74426
0.0,0.28187302,180.98209
0.0,0.4353151,130.69849
0.0,0.27680355,80.335205
0.0,0.40576458,134.18431
0.0,0.184687,81.95193
0.0,0.21637858,76.808784
0.0,0.20049074,139.15678
0.0,0.30836454,74.83606
0.0,0.419026,86.802475
0.0,0.2074588,66.785835
0.0,0.1768427,100.954315
0.0,0.14491834,66.30573
0.0,0.16179682,88.41075
0.0,0.39879984,301.77344
0.0,0.3287582,296.12112
0.0,0.39701876,76.17788
0.0,0.41074175,103.387085
0.0,0.29857022,110.78186
0.0,0.20265882,90.04084
0.0,0.33379132,66.94379
0.0,0.40720916,291.59644
0.0,0.17511128,75.80849
0.0,0.37761098,220.09485
0.0,0.23265885,170.13661
0.0,0.4136939,114.35124
0.0,0.57247746,225.95193
0.0,0.28006873,228.60266
0.0,0.2481019,113.7154
0.0,0.29091454,68.84297
0.0,0.44596002,97.17281
0.0,0.31760558,93.75587
0.0,0.59473747,623.55554
0.0,0.71186244,83.49321
0.0,0.2332665,71.679596
0.0,0.41557848,143.62527
0.0,0.25616968,362.23465
0.0,0.23230614,74.72452
0.0,0.3182727,181.67542
0.0,0.2367342,91.147156
0.0,0.42774224,86.258705
0.0,0.58007234,83.241806
0.0,0.36336645,430.99634
0.0,0.2965166,102.781105
0.0,0.6784293,200.42532
0.0,0.2088385,68.04976
0.0,0.1951999,70.13582
0.0,0.25694665,253.11447
0.0,0.450258,172.0561
0.0,0.25524315,70.94552
0.0,0.2397093,101.18197
0.0,0.5064575,1227.1057
0.0,0.38322657,162.59868
0.0,0.3736006,77.19967
0.0,0.50236416,120.9087
0.0,0.18962017,583.605
0.0,0.1693394,77.12253
0.0,0.12081311,215.07863
0.0,0.29984966,68.359634
0.0,0.2824982,170.5505
0.0,0.27014607,80.27421
0.0,0.15542054,187.97302
0.0,0.4652953,130.79904
0.0,0.34647474,109.412346
0.0,0.3645605,94.4254
0.0,0.20448393,108.948845
0.0,0.31009686,235.60631
0.0,0.17905901,95.42754
0.0,0.17756687,88.13259
0.0,0.37062666,192.81636
0.0,0.24375463,364.49716
0.0,0.2428654,160.05199
0.0,0.32990938,81.04709
0.0,0.18119736,213.73515
0.0,0.34447658,71.194756
0.0,0.6391561,82.64023
0.0,0.47006288,72.06841
0.0,0.24467437,85.69068
0.0,0.3413959,218.91753
0.0,0.3945829,76.75966
0.0,0.41706222,158.50604
0.0,0.7176409,86.421646
0.0,0.22698914,71.61824
0.0,0.3958411,68.53865
0.0,0.23398271,74.127785
0.0,0.28869417,95.33473
0.0,0.33778197,153.87518
0.0,0.2107521,105.598976
0.0,0.35693344,220.42606
0.0,0.5373348,141.13348
0.0,0.33963874,199.01959
0.0,0.33282512,80.610054
0.0,0.27682614,92.850914
0.0,0.25832027,69.02655
0.0,0.6196067,187.87357
0.0,0.4192948,117.31991
0.0,0.3168138,260.7488
0.0,0.27858225,201.64418
0.0,0.34159002,285.261
0.0,0.18007903,84.42288
0.0,0.2681702,448.23914
0.0,0.17141755,190.13907
0.0,0.54018426,65.70791
0.0,0.25580347,111.2167
0.0,0.5866864,93.48932
0.0,0.6783701,90.543434
0.0,0.31011975,234.99904
0.0,0.3505541,331.0582
0.0,0.26731527,263.59232
0.0,0.21311517,66.998314
0.0,0.34004208,93.04193
0.0,0.257599,162.57646
0.0,0.3158185,87.016365
0.0,0.39566755,195.28151
0.0,0.7938735,678.9058
0.0,0.23950016,103.93345
0.0,0.32085636,87.278206
0.0,0.50986224,91.00139
0.0,0.2162652,70.36869
0.0,0.43023938,355.51138
0.0,0.4483129,92.30006
0.0,0.24994855,436.0051
0.0,0.48163533,84.4809
0.0,0.46069646,579.57794
0.0,0.28331688,115.712555
0.0,0.47583675,70.021484
0.0,0.22084352,84.48818
0.0,0.37466046,95.372
0.0,0.29065117,66.06143
0.0,0.48917127,66.929085
0.0,0.7605783,171.80429
0.0,0.40965328,87.27193
0.0,0.45622247,92.49743
0.0,0.5365306,108.39361
0.0,0.2572791,77.272385
0.0,0.27356103,83.55199
0.0,0.5265384,84.19125
0.0,0.4504922,86.88271
0.0,0.6148933,91.6338
0.0,0.59626645,96.751656
0.0,0.30856806,77.66369
0.0,0.5087506,95.88033
0.0,0.3684408,71.3962
0.0,0.16044682,77.20264
0.0,0.21378501,71.491196
0.0,0.37916398,97.531906
0.0,0.18803875,392.0766
0.0,0.44208902,95.049194
0.0,0.29886237,606.9042
0.0,0.50469714,140.61302
0.0,0.28247055,83.059875
0.0,0.1889787,88.37916
0.0,0.26465493,177.48756
0.0,0.31609893,222.302
0.0,0.26037136,337.48578
0.0,0.2763377,76.142365
0.0,0.45520452,69.5669
0.0,0.8690135,192.02927
0.0,0.43380857,367.50964
0.0,0.4977345,285.6219
0.0,0.40118685,66.814644
0.0,0.26809698,277.82425
0.0,0.4542484,70.03659
0.0,0.4951763,73.86528
0.0,0.39016253,104.97082
0.0,0.15440424,151.93065
0.0,0.3487467,107.90137
0.0,0.38705495,114.245575
0.0,0.15925345,65.85608
0.0,0.18637653,198.85916
0.0,0.34085798,95.29345
0.0,0.2383277,105.51298
0.0,0.27438408,136.736
0.0,0.26340982,217.7905
0.0,0.27413142,636.0358
0.0,0.14418319,94.235344
0.0,0.15011683,103.467995
0.0,0.21937278,110.330666
0.0,0.2756184,65.37042
0.0,0.17865548,83.069725
0.0,0.31035143,68.23856
0.0,0.21470638,72.38184
0.0,0.31071323,72.587036
0.0,0.24697784,71.04073
0.0,0.45644796,124.054405
0.0,0.367684,96.34444
0.0,0.41448206,326.34726
0.0,0.31995314,73.01853
0.0,0.45549053,76.93626
0.0,0.35384646,74.02685
0.0,0.23598573,66.121056
0.0,0.40990314,130.5461
0.0,0.29647735,311.56464
0.0,0.24522008,137.9814
0.0,0.19456863,65.71433
0.0,0.43092445,240.96036
0.0,0.38180286,326.85574
0.0,0.17552961,99.67342
0.0,0.4933202,106.49699
0.0,0.2683073,103.60634
0.0,0.16193716,809.9078
0.0,0.22370754,91.65654
0.0,0.27794155,84.420235
0.0,0.44883472,69.944046
0.0,0.47666585,116.788216
0.0,0.3565011,181.3012
0.0,0.35393962,296.04294
0.0,0.26723316,78.520515
0.0,0.2550839,88.73249
0.0,0.39033556,72.02775
0.0,0.12358474,66.50872
0.0,0.32134366,105.889465
0.0,0.44082755,358.87314
0.0,0.28784633,276.46603
0.0,0.49778092,94.53158
0.0,0.3930656,75.47667
0.0,0.38405517,75.018364
0.0,0.19101086,394.6858
0.0,0.46686676,66.44788
0.0,0.25580147,95.79157
0.0,0.43996346,79.32681
0.0,0.24251291,66.284294
0.0,0.41996944,77.01386
0.0,0.50540614,79.21178
0.0,0.21390235,117.59337
0.0,0.2172206,284.68982
0.0,0.5003224,134.6059
0.0,0.38682848,77.18831
0.0,0.30205807,132.45094
0.0,0.3957628,117.55619
0.0,0.2507133,71.3336
0.0,0.2162658,99.062675
0.0,0.28832555,121.39395
0.0,0.28411448,83.70229
0.0,0.52247226,108.04594
0.0,0.7614403,75.64648
0.0,0.21964735,222.46829
0.0,0.2167378,75.07252
0.0,0.4600967,181.95529
0.0,0.29465836,86.87661
0.0,0.22137858,203.45744
0.0,0.38571575,96.66263
0.0,0.3531662,341.8711
0.0,0.39234614,455.0003
0.0,0.36905047,131.77159
0.0,0.20835447,107.599976
0.0,0.26620513,225.98257
0.0,0.21577543,221.65054
0.0,0.27561384,117.249596
0.0,0.3404664,130.04839
0.0,0.4542447,68.28972
0.0,0.2851822,80.78487
0.0,0.39879984,72.166916
0.0,0.17755854,95.10841
0.0,0.43978035,388.85696
0.0,0.211941,230.5815
0.0,0.25297403,83.03975
0.0,0.46215415,76.85465
0.0,0.4264952,99.45845
0.0,0.57427794,77.57934
0.0,0.20279408,72.25714
0.0,0.48443297,78.63952
0.0,0.34959313,72.19794
0.0,0.2686136,128.12604
0.0,0.4965682,70.526054
0.0,0.23387949,122.44698
0.0,0.3448696,343.80984
0.0,0.24555294,65.36238
0.0,0.22371757,156.34007
0.0,0.47450647,74.31452
0.0,0.31323835,111.903244
0.0,0.5073439,79.22104
0.0,0.4162213,82.8995
0.0,0.28571323,152.92207
0.0,0.24653175,70.371506
0.0,0.43247515,91.58898
0.0,0.27775148,124.84912
0.0,0.3341341,113.76029
0.0,0.6060361,65.26833
0.0,0.32681632,71.11702
0.0,0.06566505,193.39984
0.0,0.40774697,129.25911
0.0,0.40703037,108.3754
0.0,0.51079804,68.089355
0.0,0.18855183,67.11103
0.0,0.24234591,271.40915
0.0,0.21579954,114.86528
0.0,0.47961465,178.95859
0.0,0.23121428,80.95908
0.0,0.39792627,104.068474
0.0,0.39475223,67.81895
0.0,0.22373043,159.8889
0.0,0.21957086,76.43834
0.0,0.37819543,113.10482
0.0,0.292314,321.6682
0.0,0.23072816,92.01942
0.0,0.25345635,65.00472
0.0,0.2229218,66.490814
0.0,0.28395814,68.793274
0.0,0.2550424,124.960266
0.0,0.3752099,81.83201
0.0,0.25233135,128.58618
0.0,0.37422216,271.89548
0.0,0.32533514,128.57616
0.0,0.31543428,96.56679
0.0,0.40020406,68.46566
0.0,0.24647552,74.14557
0.0,0.26860982,68.739136
0.0,0.336476,208.97925
0.0,0.3213791,88.68516
0.0,0.22007078,95.26627
0.0,0.20251961,122.90804
0.0,0.34270582,258.3214
0.0,0.52731776,82.162254
0.0,0.22992045,91.90282
0.0,0.32251713,95.754295
0.0,0.27179918,71.58345
0.0,0.49093848,81.76741
0.0,0.3381319,80.09536
0.0,0.1813193,76.72692
0.0,0.338146,80.1672
0.0,0.1882413,67.60752
0.0,0.54597265,81.1522
0.0,0.31703332,91.52932
0.0,0.32964545,97.11218
0.0,0.24825488,140.49757
0.0,0.28605404,79.4847
0.0,0.22792767,68.4306
0.0,0.56887263,67.8204
0.0,0.37699974,66.036285
0.0,0.15355955,181.00027
0.0,0.24205649,87.38632
0.0,0.47674724,83.96988
0.0,0.16226065,153.69283
0.0,0.6784772,100.69969
0.0,0.3224911,88.51308
0.0,0.56941,667.9937
0.0,0.19267505,86.96333
0.0,0.45609936,92.366684
0.0,0.31058243,78.56758
0.0,0.18836404,152.023
0.0,0.3444705,253.05417
0.0,0.1643963,69.82111
0.0,0.45958474,71.58628
0.0,0.46574464,98.43197
0.0,0.41374215,84.32505
0.0,0.34681594,90.88995
0.0,0.31879136,75.922516
0.0,0.26693717,165.12552
0.0,0.38885647,138.1571
0.0,0.16448589,85.6808
0.0,0.20669486,78.7408
0.0,0.20321429,71.73703
0.0,0.5456762,68.399956
0.0,0.22804463,185.64049
0.0,0.60432553,118.31402
0.0,0.32423285,263.3502
0.0,0.44499445,107.79545
0.0,0.24217033,132.3409
0.0,0.22200058,106.241974
0.0,0.17682685,96.03099
0.0,0.33857423,65.271286
0.0,0.5556493,107.26245
0.0,0.30947244,69.43863
0.0,0.40764636,236.53006
0.0,0.1795256,117.50206
0.0,0.3436304,76.56913
0.0,0.88306075,79.45303
0.0,0.383258,145.97107
0.0,0.18229541,67.71076
0.0,0.46884,167.812
0.0,0.37174365,157.16249
0.0,0.3373486,122.38166
0.0,0.20098042,96.09164
0.0,0.6400149,85.77123
0.0,0.16953209,65.48288
0.0,0.53767276,141.42798
0.0,0.28455466,65.727486
0.0,0.44091922,338.1523
0.0,0.47270527,80.12438
0.0,0.27863243,74.207
0.0,0.52845794,227.24231
0.0,0.19737522,112.909584
0.0,0.49106988,336.10388
0.0,0.24305531,74.62068
0.0,0.23262087,177.68059
0.0,0.18523626,100.63299
0.0,0.25707427,132.61429
0.0,0.2822364,100.02169
0.0,0.5686089,109.37547
0.0,0.4125251,90.9161
0.0,0.12494383,67.5737
0.0,0.26056072,84.96345
0.0,0.27738166,182.2413
0.0,0.18173751,86.6359
0.0,0.24688385,84.737976
0.0,0.23351768,76.56591
0.0,0.36932763,143.10158
0.0,0.3573702,178.1995
0.0,0.21097349,109.278
0.0,0.1710048,114.46348
0.0,0.10295539,101.26037
0.0,0.28524128,103.14468
0.0,0.29201758,947.1988
0.0,0.27518517,96.71778
0.0,0.5577229,70.302734
0.0,0.22935872,148.42493
0.0,0.3307779,561.5784
0.0,0.4592431,95.09384
0.0,0.2939047,120.496605
0.0,0.20708545,68.181366
0.0,0.73879135,69.21564
0.0,0.2880243,92.24016
0.0,0.24536778,70.096016
0.0,0.24249157,719.4654
0.0,0.36292073,67.388214
0.0,0.44384798,82.72847
0.0,0.15816143,114.532814
0.0,0.21644075,84.09439
0.0,0.27577978,68.61607
0.0,0.32256335,68.83849
0.0,0.36410767,126.12391
0.0,0.50102764,114.32796
0.0,0.25955728,80.63249
0.0,0.2794858,87.15561
0.0,0.30243295,312.01154
0.0,0.5012796,90.237686
0.0,0.18294916,67.604866
0.0,0.18953736,123.30333
0.0,0.20311378,105.310616
0.0,0.21378703,65.75239
0.0,0.5493542,172.70416
0.0,0.26601025,76.241325
0.0,0.26601025,76.241325
0.0,0.5760875,73.95938
0.0,0.3709757,83.837685
0.0,0.14866102,105.85883
0.0,0.25420144,154.74713
0.0,0.48590344,70.2346
0.0,0.175264,70.15781
0.0,0.32607597,462.1706
0.0,0.1779382,88.50161
0.0,0.23260729,183.63869
0.0,0.3830715,81.23533
0.0,0.4734558,84.939476
0.0,0.21282443,101.66571
0.0,0.226712,110.90386
0.0,0.3490716,100.37251
0.0,0.27162609,151.42986
0.0,0.31593284,182.2358
0.0,0.4656572,241.5012
0.0,0.44075537,71.732506
0.0,0.3651917,77.37983
0.0,0.45340514,70.18383
0.0,0.3492152,91.82984
0.0,0.5478623,87.89434
0.0,0.2061524,160.23775
0.0,0.49440113,290.9685
0.0,0.24021181,90.486984
0.0,0.32356444,119.980354
0.0,0.16106611,203.60571
0.0,0.26961562,85.816444
0.0,0.50382084,79.93952
0.0,0.3068155,116.27254
0.0,0.17423317,70.738075
0.0,0.32089096,68.114136
0.0,0.17376319,304.81238
0.0,0.21123855,104.73004
0.0,0.30340406,78.25017
0.0,0.2846686,146.81024
0.0,0.29628637,76.76547
0.0,0.262996,71.13084
0.0,0.29096064,747.98645
0.0,0.23770022,119.705154
0.0,0.2506902,142.22261
0.0,0.42741922,145.98149
0.0,0.3171566,110.31892
0.0,0.38352382,90.52966
0.0,0.23634692,515.76025
0.0,0.3531638,134.65807
0.0,0.42273936,68.16621
0.0,0.87364304,783.1829
0.0,0.19936575,66.44223
0.0,0.38786474,72.753494
0.0,0.5941863,1562.8525
0.0,0.30227718,66.68102
0.0,0.44964612,134.05943
0.0,0.30719873,73.95816
0.0,0.184423,101.670616
0.0,0.21691312,68.66774
0.0,0.22146776,68.0132
0.0,0.4505403,120.172646
0.0,0.14107199,85.12557
0.0,0.5717562,84.436806
0.0,0.25493637,76.865074
0.0,0.21945415,97.22767
0.0,0.32308176,359.41315
0.0,0.25747976,102.497574
0.0,0.32048696,96.16673
0.0,0.376852,75.22339
0.0,0.14944506,103.97049
0.0,0.33172843,103.25832
0.0,0.32510647,163.427
0.0,0.31424284,250.19643
0.0,0.4148883,75.79182
0.0,0.3033263,277.2415
0.0,0.5630937,69.235245
0.0,0.25942403,84.00624
0.0,0.3747948,184.9103
0.0,0.4111762,358.44174
0.0,0.30034107,345.25034
0.0,0.25578538,929.704
0.0,0.55020416,145.15176
0.0,0.3424643,225.60042
0.0,0.1982899,87.4374
0.0,0.7139919,81.75805
0.0,0.2474195,76.196304
0.0,0.3464645,256.26062
0.0,0.5424901,68.19395
0.0,0.5361001,66.52881
0.0,0.30866936,112.587845
0.0,0.14761087,73.9069
0.0,0.24873026,478.5939
0.0,0.51915246,76.15043
0.0,0.16549511,99.9207
0.0,0.22543673,249.66173
0.0,0.24477187,297.9471
0.0,0.4830008,70.078514
0.0,0.3854113,85.15551
0.0,0.3996785,89.123146
0.0,0.35142878,76.33185
0.0,0.4573626,97.833984
0.0,0.3162713,110.07379
0.0,0.37230656,247.72795
0.0,0.37346765,87.52111
0.0,0.38473716,66.537865
0.0,0.33079916,115.64968
0.0,0.7416658,69.52063
0.0,0.53118855,68.48694
0.0,0.27187607,104.55684
0.0,0.5522943,78.34555
0.0,0.44694504,171.51555
0.0,0.7204303,104.847336
0.0,0.5357342,77.573586
0.0,0.5338517,119.522934
0.0,0.25955296,91.03162
0.0,0.5061067,81.833755
0.0,0.3292839,77.51392
0.0,0.6899843,74.39998
0.0,0.28438145,398.28503
0.0,0.32230556,87.86351
0.0,0.39623505,100.02767
0.0,0.29599458,65.34706
0.0,0.44010693,83.326805
0.0,0.46202657,109.76248
0.0,0.19838338,138.28937
0.0,0.37645125,100.308395
0.0,0.3693535,79.14586
0.0,0.6300484,192.24243
0.0,0.6866983,75.21273
0.0,0.42737374,103.7627
0.0,0.25967944,95.17926
0.0,0.37715256,78.520195
0.0,0.53543234,68.94778
0.0,0.22446959,87.12004
0.0,0.28173012,66.078186
0.0,0.20375611,155.76413
0.0,0.23500672,68.49615
0.0,0.43009,156.45874
0.0,0.3583812,183.64977
0.0,0.40065506,93.28676
0.0,0.251341,135.4157
0.0,0.36927864,67.562126
0.0,0.4823798,92.17876
0.0,0.5450185,80.042015
0.0,0.4490177,96.61933
0.0,0.29325643,78.32975
0.0,0.33219138,71.01975
0.0,0.14157596,130.08195
0.0,0.26666892,165.3031
0.0,0.46946692,81.28092
0.0,0.50110304,81.84182
0.0,0.2787975,102.56388
0.0,0.28748542,755.7214
0.0,0.30166796,108.70205
0.0,0.34070024,208.98384
0.0,0.23757295,78.51662
0.0,0.46749502,113.27881
0.0,0.22881286,155.42842
0.0,0.20303695,65.3709
0.0,0.37898663,78.825935
0.0,0.18369976,70.033745
0.0,0.3426192,118.20904
0.0,0.21191695,111.94619
0.0,0.4343569,88.590706
0.0,0.2692743,114.37158
0.0,0.20097673,68.99189
0.0,0.46235758,102.51164
0.0,0.18271166,83.084755
0.0,0.4889313,70.22922
0.0,0.2781679,509.176
0.0,0.329492,282.8129
0.0,0.34174713,71.70723
0.0,0.28982517,91.11354
0.0,0.28027326,116.028824
0.0,0.5065992,92.464554
0.0,0.15461126,88.225296
0.0,0.44255492,104.12682
0.0,0.22298922,66.00542
0.0,0.52943933,75.108116
0.0,0.4304681,150.33797
0.0,0.5199275,91.59499
0.0,0.364874,154.78894
0.0,0.37333715,85.63982
0.0,0.3483629,148.20795
0.0,0.5254224,82.68452
0.0,0.4517955,548.18823
0.0,0.35799453,98.11334
0.0,0.26370388,80.3811
0.0,0.3210172,71.02389
0.0,0.2715041,65.10949
0.0,0.26775092,395.18988
0.0,0.12365818,68.31357
0.0,0.19833891,77.36301
0.0,0.44204265,89.961365
0.0,0.22330914,332.64575
0.0,0.2901278,83.37251
0.0,0.48245928,65.97387
0.0,0.18814419,123.05191
0.0,0.46824828,574.2789
0.0,0.3063262,80.293274
0.0,0.32272232,76.69592
0.0,0.45785806,305.50778
0.0,0.33534467,144.22624
0.0,0.55618167,256.98447
0.0,0.41045582,94.569984
0.0,0.51997524,86.937126
0.0,0.3421016,91.067635
0.0,0.24268936,83.668434
0.0,0.32273403,398.03235
0.0,0.22436924,81.3093
0.0,0.34971586,72.69959
0.0,0.65735406,65.74854
0.0,0.3526912,102.39993
0.0,0.5756401,191.87625
0.0,0.50521123,72.60993
0.0,0.1955074,87.30044
0.0,0.37482965,113.12053
0.0,0.3253219,90.14247
0.0,0.5954329,65.61826
0.0,0.31114182,75.91337
0.0,0.19500849,88.18607
0.0,0.27557832,107.226364
0.0,0.40719873,96.26603
0.0,0.8109319,92.33396
0.0,0.56143343,87.5815
0.0,0.35043558,78.60035
0.0,0.16977653,402.10535
0.0,0.45760688,84.803474
0.0,0.14726163,71.69624
0.0,0.5772889,68.19363
0.0,0.3089447,124.196754
0.0,0.3830421,101.10134
0.0,0.28436327,143.73601
0.0,0.5158471,178.2497
0.0,0.20661108,565.8046
0.0,0.81309336,73.32156
0.0,0.3958072,81.216385
0.0,0.22334102,98.0904
0.0,0.3750922,68.35085
0.0,0.41836232,297.5736
0.0,0.30060446,385.04306
0.0,0.45561805,136.01277
0.0,0.22434317,89.71312
0.0,0.3033755,86.27744
0.0,0.16423027,77.25198
0.0,0.4042142,94.36016
0.0,0.44895542,83.062775
0.0,0.4091148,65.93534
0.0,0.31184784,68.90396
0.0,0.29447722,85.26497
0.0,0.19579981,78.49132
0.0,0.39190823,125.559555
0.0,0.46281767,67.35324
0.0,0.4640183,68.90778
0.0,0.4173909,127.92285
0.0,0.2798949,67.55532
0.0,0.10376685,214.25981
0.0,0.6489931,96.489204
0.0,0.6489931,96.489204
0.0,0.29030672,103.76834
0.0,0.24554288,209.36623
0.0,0.5332425,65.6964
0.0,0.22429276,111.24717
0.0,0.2867047,118.33409
0.0,0.22297174,80.771385
0.0,0.6031029,81.36836
0.0,0.4224505,72.583206
0.0,0.60951006,102.62324
0.0,0.19417188,86.88603
0.0,0.41701144,222.9079
0.0,0.18937103,146.2181
0.0,0.4950636,72.03447
0.0,0.41047397,86.404205
0.0,0.2833878,545.9025
0.0,0.34594658,115.49069
0.0,0.36004645,185.67076
0.0,0.38745576,89.02999
0.0,0.26991355,116.678635
0.0,0.4558768,82.02575
0.0,0.20265862,95.81403
0.0,0.34634775,102.060394
0.0,0.32698372,97.58266
0.0,0.49134612,325.2105
0.0,0.36297995,77.7584
0.0,0.4600095,80.22293
0.0,0.23999053,103.521576
0.0,0.53007144,173.37015
0.0,0.26577556,73.47575
0.0,0.40897983,122.45155
0.0,0.29112652,67.60034
0.0,0.24913368,70.40524
0.0,0.2848792,111.28553
0.0,0.31970832,71.81939
0.0,0.21933043,111.10045
0.0,0.42762682,75.70848
0.0,0.676738,65.702286
0.0,0.29952276,145.77423
0.0,0.21692124,155.59686
0.0,0.1483073,112.82216
0.0,0.279752,110.0228
0.0,0.4760645,78.891136
0.0,0.35459474,67.33006
0.0,0.14236502,129.8711
0.0,0.2501338,74.6106
0.0,0.2754092,81.16374
0.0,0.61684,232.0831
0.0,0.4067727,73.01176
0.0,0.2953967,203.50592
0.0,0.5409468,76.59351
0.0,0.44930696,66.15499
0.0,0.2588008,67.28788
0.0,0.3656009,126.65964
0.0,0.25044522,139.26698
0.0,0.26662204,118.4397
0.0,0.2709759,1165.9001
0.0,0.26467204,99.79928
0.0,0.39309472,82.006454
0.0,0.2705784,189.09384
0.0,0.5819421,68.38182
0.0,0.17520528,85.782555
0.0,0.2891736,220.73242
0.0,0.5074865,83.07096
0.0,0.42326167,508.06778
0.0,0.29807502,95.38284
0.0,0.24930723,65.954636
0.0,0.20937383,145.92508
0.0,0.24682677,76.83917
0.0,0.15668987,69.39934
0.0,0.4022902,338.58102
0.0,0.25427634,248.59264
0.0,0.3270378,142.63005
0.0,0.29879722,69.57336
0.0,0.20342733,66.20011
0.0,0.22608939,68.34932
0.0,0.2705666,73.43984
0.0,0.5966068,370.51553
0.0,0.38301837,72.92157
0.0,0.2780196,101.45284
0.0,0.2452668,127.67687
0.0,0.6367042,84.335075
0.0,0.48549584,104.04385
0.0,0.17987934,112.34378
0.0,0.31768763,78.50002
0.0,0.37499636,123.95434
0.0,0.35757637,116.24184
0.0,0.46390584,75.247696
0.0,0.3605952,147.05118
0.0,0.24783488,109.75971
0.0,0.84484994,158.82893
0.0,0.45079383,77.27141
0.0,0.12685777,80.24694
0.0,0.30978042,73.72426
0.0,0.6231072,8.194775e+10
0.0,0.13893951,71.04685
0.0,0.34815437,71.92166
0.0,0.1326651,70.135284
0.0,0.22286016,119.936104
0.0,0.4292006,354.5277
0.0,0.5264207,70.47574
0.0,0.33366412,68.53301
0.0,0.15524836,70.41641
0.0,0.41683394,169.29584
0.0,0.20804144,511.15134
0.0,0.32956645,109.91425
0.0,0.23511711,65.7578
0.0,0.24017407,79.47995
0.0,0.19396491,614.73096
0.0,0.21387574,71.74577
0.0,0.56951916,154.11562
0.0,0.4203824,79.690315
0.0,0.2606143,82.17204
0.0,0.19849525,82.1545
0.0,0.32491174,93.98322
0.0,0.4254341,69.36658
0.0,0.5140641,119.05705
0.0,0.32282865,157.5661
0.0,0.18388286,100.7087
0.0,0.2547549,205.6666
0.0,0.34155864,172.64624
0.0,0.3545098,69.22548
0.0,0.19845927,531.2006
0.0,0.33393407,129.38455
0.0,0.33118665,79.66906
0.0,0.57953644,68.739914
0.0,0.42675397,72.38087
0.0,0.5161894,68.59696
0.0,0.469995,88.082146
0.0,0.43594587,66.329796
0.0,0.18254454,222.03441
0.0,0.47748873,114.51074
0.0,0.5255899,69.69349
0.0,0.21626227,69.72213
0.0,0.5247709,85.9465
0.0,0.35161144,82.676575
0.0,0.18873236,84.64947
0.0,0.25320655,75.596596
0.0,0.3908931,74.23624
0.0,0.51075786,329.6127
0.0,0.19898704,67.8772
0.0,0.26655763,72.16802
0.0,0.31689593,135.88657
0.0,0.17090553,75.564606
0.0,0.55884266,68.652756
0.0,0.34897545,68.94278
0.0,0.33082843,94.3282
0.0,0.54944736,147.61696
0.0,0.16186745,66.44741
0.0,0.4442195,110.40938
0.0,0.30467892,75.938255
0.0,0.29763725,82.01485
0.0,0.4662667,66.563515
0.0,0.49131224,77.95935
0.0,0.20280522,68.54151
0.0,0.24505141,92.17655
0.0,0.25060683,67.51971
0.0,0.51273733,373.34033
0.0,0.2326039,85.26038
0.0,0.34541595,78.14581
0.0,0.55283564,97.338165
0.0,0.31634587,89.10211
0.0,0.4396492,72.54749
0.0,0.229006,591.7878
0.0,0.35808924,77.537506
0.0,0.3724475,156.77548
0.0,0.3164098,117.70569
0.0,0.21517077,222.46841
0.0,0.527307,158.97052
0.0,0.17912441,140.58994
0.0,0.29296625,68.386475
0.0,0.2279857,77.003334
0.0,0.27292535,69.2246
0.0,0.5156941,80.57607
0.0,0.46931985,180.46202
0.0,0.43397912,154.28839
0.0,0.5870571,72.93624
0.0,0.4702011,152.47174
0.0,0.39783564,173.01903
0.0,0.27611637,647.0266
0.0,0.41407382,141.77827
0.0,0.7042651,276.1205
0.0,0.15305547,72.43547
0.0,0.66023344,79.50569
0.0,0.1743588,83.26313
0.0,0.37028724,175.71455
0.0,0.21486077,101.419426
0.0,0.22493175,124.82287
0.0,0.5300681,98.573296
0.0,0.26253897,69.38735
0.0,0.23384705,671.65216
0.0,0.41444874,199.9487
0.0,0.31674492,158.56374
0.0,0.5240479,71.862755
0.0,0.31540725,72.06849
0.0,0.41647264,110.12178
0.0,0.29455605,89.97932
0.0,0.29976597,81.262314
0.0,0.38241592,457.86557
0.0,0.19457471,100.37191
0.0,0.26951137,86.04172
0.0,0.28245485,73.86346
0.0,0.23474298,88.02909
0.0,0.32854563,157.4472
0.0,0.19862467,68.35142
0.0,0.52133095,110.98426
0.0,0.33981466,94.15659
0.0,0.37546307,671.77124
0.0,0.40141556,69.22905
0.0,0.2610272,138.43741
0.0,0.2794205,93.236176
0.0,0.2820355,221.51138
0.0,0.36101893,67.67893
0.0,0.39745745,86.189835
0.0,0.29466197,74.71944
0.0,0.4087934,72.68762
0.0,0.2077807,79.25708
0.0,0.30935144,272.36786
0.0,0.5069251,107.597496
0.0,0.2688253,103.97699
0.0,0.35585648,350.14554
0.0,0.35401046,93.9889
0.0,0.1854362,88.3117
0.0,0.39614117,138.80443
0.0,0.24477243,305.1342
0.0,0.22554865,79.28014
0.0,0.35235587,100.65896
0.0,0.52847004,239.37952
0.0,0.39602223,119.81922
0.0,0.47400278,67.914696
0.0,0.3501454,82.202774
0.0,0.27301857,101.09929
0.0,0.37131995,79.18006
0.0,0.35517016,72.813545
0.0,0.27904752,78.529854
0.0,0.55160314,71.897064
0.0,0.13508616,77.12719
0.0,0.26746902,156.70561
0.0,0.2440164,153.87366
0.0,0.22309473,71.265495
0.0,0.17451783,84.46124
0.0,0.4151803,189.84598
0.0,0.3445127,65.912544
0.0,0.16848382,249.18892
0.0,0.19792293,166.62175
0.0,0.49998987,129.99821
0.0,0.4686284,76.237976
0.0,0.25499815,107.65741
0.0,0.29547495,104.82357
0.0,0.20532057,288.88425
0.0,0.24842289,74.090965
0.0,0.20882995,131.2334
0.0,0.37560484,298.78806
0.0,0.45790818,67.02614
0.0,0.46955165,69.39019
0.0,0.49834374,108.10954
0.0,0.60828686,69.42507
0.0,0.4950414,65.954926
0.0,0.21044861,93.55468
0.0,0.4845743,88.51042
0.0,0.39885,108.06949
0.0,0.49690422,71.292336
0.0,0.26212886,70.23315
0.0,0.51257026,96.50409
0.0,0.4971846,70.37935
0.0,0.26607472,142.25533
0.0,0.60779274,95.25035
0.0,0.420354,245.7421
0.0,0.23463202,287.09537
0.0,0.42784587,925.004
0.0,0.1798837,184.87294
0.0,0.31413728,173.87007
0.0,0.2851008,88.21406
0.0,0.2667477,101.431786
0.0,0.25008008,120.335045
0.0,0.35260925,94.5071
0.0,0.301834,83.6362
0.0,0.2352409,65.30955
0.0,0.22502625,69.283646
0.0,0.18818566,91.02917
0.0,0.34327698,147.13638
0.0,0.5794677,335.08435
0.0,0.29647988,75.153854
0.0,0.3673064,259.17368
0.0,0.33212408,107.1864
0.0,0.39688042,66.63755
0.0,0.34358782,76.055756
0.0,0.6326533,96.026245
0.0,0.3008643,94.01808
0.0,0.33346516,122.700195
0.0,0.2772379,157.45248
0.0,0.35283142,215.69704
0.0,0.33186656,148.03296
0.0,0.43201593,156.19441
0.0,0.34342554,98.09845
0.0,0.2917395,66.388084
0.0,0.20597833,290.45398
0.0,0.34784356,72.67358
0.0,0.39538842,74.885376
0.0,0.17738092,88.25552
0.0,0.49860024,463.56998
0.0,0.4235051,118.27148
0.0,0.18274859,71.32514
0.0,0.4734413,97.69699
0.0,0.43461376,97.441246
0.0,0.32789004,89.84553
0.0,0.48251766,94.89031
0.0,0.40387887,178.49391
0.0,0.10410861,73.602295
0.0,0.39767888,71.45877
0.0,0.36698836,90.45445
0.0,0.52335674,90.63688
0.0,0.8370445,66.042175
0.0,0.32469898,139.06522
0.0,0.43861613,72.782776
0.0,0.21392766,87.3386
0.0,0.35232952,81.86744
0.0,0.28336042,241.4568
0.0,0.22143762,274.368
0.0,0.46404415,79.47083
0.0,0.3608237,82.88152
0.0,0.47306517,83.11724
0.0,0.40415117,221.77177
0.0,0.28267905,115.59516
0.0,0.41229865,99.08536
0.0,0.4075991,68.70011
0.0,0.27227584,88.20287
0.0,0.35356638,151.06825
0.0,0.43845007,428.32553
0.0,0.30277818,82.397865
0.0,0.5992077,130.617
0.0,0.2731413,78.6865
0.0,0.3545884,185.37662
0.0,0.55626416,94.37909
0.0,0.37515008,203.40485
0.0,0.13679937,91.56782
0.0,0.26894692,71.00521
0.0,0.31976068,86.662445
0.0,0.3834787,107.867195
0.0,0.5923585,90.792305
0.0,0.43045062,124.000206
0.0,0.47967553,92.89343
0.0,0.26475558,65.39987
0.0,0.63485384,286.42
0.0,0.18308148,88.65186
0.0,0.3389058,330.5183
0.0,0.6107594,99.59105
0.0,0.18636352,115.49849
0.0,0.21483427,152.16528
0.0,0.33439228,88.41182
0.0,0.3382319,112.26462
0.0,0.17563368,113.68756
0.0,0.9659299,81.37812
0.0,0.13744307,77.01359
0.0,0.3549014,70.03453
0.0,0.3961344,98.647385
0.0,0.45189765,65.29295
0.0,0.16102505,92.044395
0.0,0.52504957,2.1659768e+06
0.0,0.3997965,67.793144
0.0,0.21737967,127.07181
0.0,0.23914899,191.59206
0.0,0.57622546,66.76443
0.0,0.3543619,88.076515
0.0,0.30497378,69.02445
0.0,0.30493551,80.58214
0.0,0.21360768,78.03487
0.0,0.32372588,354.0998
0.0,0.3703934,568.9974
0.0,0.2076695,65.33442
0.0,0.23578662,113.63122
0.0,0.26388362,86.03728
0.0,0.41528314,80.95348
0.0,0.26095694,121.48836
0.0,0.30835494,168.56932
0.0,0.44712567,69.84618
0.0,0.4063074,660.50073
0.0,0.3308786,79.39308
0.0,0.31907767,458.97818
0.0,0.31907767,458.97818
0.0,0.4805553,75.14408
0.0,0.5397959,173.10063
0.0,0.4566532,65.468575
0.0,0.14946726,103.6395
0.0,0.4327953,126.67035
0.0,0.32094425,111.48989
0.0,0.6524407,68.431274
0.0,0.50879055,75.35832
0.0,0.21247464,72.940285
0.0,0.21384488,85.25117
0.0,0.6685915,474.5854
0.0,0.4108612,113.55632
0.0,0.24203598,111.31388
0.0,0.40570304,67.942215
0.0,0.25195274,156.76775
0.0,0.5193118,96.74778
0.0,0.24721791,231.45073
0.0,0.20235315,104.298515
0.0,0.23635077,108.67508
0.0,0.3499236,125.925415
0.0,0.23938157,77.06607
0.0,0.17963625,139.76093
0.0,0.20447329,148.86044
0.0,0.28995782,70.14618
0.0,0.3050846,91.170555
0.0,0.559167,65.20961
0.0,0.18793124,128.6743
0.0,0.4762596,67.5223
0.0,0.3801018,80.078255
0.0,0.24453592,76.557106
0.0,0.34670818,360.30432
0.0,0.22616036,77.706375
0.0,0.28188506,245.8213
0.0,0.23318374,526.7515
0.0,0.5569049,186.37714
0.0,0.5487603,66.79143
0.0,0.29594892,429.92676
0.0,0.2799413,89.72285
0.0,0.21088536,98.88239
0.0,0.24318093,138.635
0.0,0.25009805,278.70248
0.0,0.3683267,70.97435
0.0,0.23659478,84.51931
0.0,0.20505244,135.60674
0.0,0.20880008,78.8485
0.0,0.47783926,75.99908
0.0,0.21676843,85.55934
0.0,0.4922265,74.28475
0.0,0.42300215,261.94235
0.0,0.35670534,526.43463
0.0,0.29035288,147.89998
0.0,0.55031383,85.585884
0.0,0.23192216,175.29996
0.0,0.231698,133.23448
0.0,0.41878894,181.43541
0.0,0.3943417,73.1917
0.0,0.1905081,152.52867
0.0,0.12809695,68.05394
0.0,0.39274153,89.90123
0.0,0.28952834,78.324585
0.0,0.2544696,420.84473
0.0,0.37363112,69.257065
0.0,0.5254622,333.28113
0.0,0.28479993,181.50525
0.0,0.2821213,86.7737
0.0,0.40159413,165.21411
0.0,0.2966014,96.65958
0.0,0.13899353,91.91488
0.0,0.45360172,98.33772
0.0,0.48729795,103.64696
0.0,0.31178796,68.41254
0.0,0.41620407,170.7704
0.0,0.18165363,80.43977
0.0,0.31366804,76.677025
0.0,0.24185157,174.64304
0.0,0.27006418,66.09438
0.0,0.31660476,70.49393
0.0,0.41022748,128.21625
0.0,0.5046202,86.71184
0.0,0.2950312,353.90118
0.0,0.15151797,71.12237
0.0,0.27341226,79.26071
0.0,0.5087755,72.88807
0.0,0.38328615,72.51606
0.0,0.19946757,73.40703
0.0,0.29695168,85.07077
0.0,0.25215417,66.28692
0.0,0.8397082,209.33795
0.0,0.4204607,101.67157
0.0,0.47098392,94.31841
0.0,0.6462989,85.36619
0.0,0.23454235,86.608604
0.0,0.24033237,102.67559
0.0,0.4842489,75.60396
0.0,0.22884117,107.55551
0.0,0.6154041,159.56726
0.0,0.16481298,70.771095
0.0,0.46712363,131.36595
0.0,0.2818124,203.60114
0.0,0.29086548,86.74441
0.0,0.5112432,86.213356
0.0,0.2657571,94.531105
0.0,0.22819376,132.21187
0.0,0.30524567,75.71769
0.0,0.26393494,383.14197
0.0,0.28336737,102.91944
0.0,0.33666268,69.99623
0.0,0.21257855,133.72697
0.0,0.29220214,136.52402
0.0,0.27239117,70.86948
0.0,0.18075517,84.24771
0.0,0.3191179,116.10733
0.0,0.3333103,188.66756
0.0,0.27986094,81.473625
0.0,0.17171453,74.67447
0.0,0.1894309,67.83862
0.0,0.31693926,77.608025
0.0,0.32543588,265.09344
0.0,0.3227518,102.63242
0.0,0.6423732,126.18818
0.0,0.20316964,79.15663
0.0,0.49351174,73.806145
0.0,0.70217896,101.33456
0.0,0.45252627,67.38592
0.0,0.57230383,66.887726
0.0,0.42636806,270.89188
0.0,0.25791228,103.98007
0.0,0.30059516,67.4898
0.0,0.2883042,66.30217
0.0,0.28390092,94.101814
0.0,0.43127936,74.90482
0.0,0.46668652,65.69729
0.0,0.36039764,209.3151
0.0,0.12594664,72.09318
0.0,0.24287407,108.21797
0.0,0.16981786,113.69337
0.0,0.24871364,110.376526
0.0,0.6599775,75.66433
0.0,0.24199188,208.68896
0.0,0.21162179,784.76544
0.0,0.21141122,126.93613
0.0,0.19629337,88.279366
0.0,0.5191455,91.20495
0.0,0.14727442,70.76612
0.0,0.22608697,236.71245
0.0,0.38749242,74.142624
0.0,0.5496254,70.74561
0.0,0.30874923,106.82436
0.0,0.28516686,88.9571
0.0,0.34877774,69.483986
0.0,0.41203257,125.75215
0.0,0.37010247,114.181435
0.0,0.22785419,69.99927
0.0,0.43359572,66.38042
0.0,0.21799771,83.10806
0.0,0.3636495,98.471375
0.0,0.38271222,177.03506
0.0,0.33960783,1020.92
0.0,0.19357146,68.21471
0.0,0.16860363,199.3552
0.0,0.20022093,78.7062
0.0,0.31250364,145.31729
0.0,0.437563,176.45212
0.0,0.16439584,110.678215
0.0,0.3546541,100.63619
0.0,0.34501222,68.562874
0.0,0.5044683,68.74195
0.0,0.31863973,91.813614
0.0,0.47051492,132.86452
0.0,0.26037508,85.75355
0.0,0.57017916,69.888756
0.0,0.27714342,82.946686
0.0,0.25445977,68.54074
0.0,0.5845905,428.50897
0.0,0.4015168,78.231705
0.0,0.30157056,318.51608
0.0,0.31927156,131.28961
0.0,0.30066484,130.28256
0.0,0.47858876,107.01207
0.0,0.16594118,115.021774
0.0,0.2137679,150.03769
0.0,0.24935499,118.04024
0.0,0.24827969,528.83417
0.0,0.32750556,214.88283
0.0,0.41919816,123.890656
0.0,0.24925798,70.549576
0.0,0.51851845,119.62658
0.0,0.46098736,85.3279
0.0,0.2692827,154.96426
0.0,0.3069582,102.41624
0.0,0.2761806,174.06041
0.0,0.23614587,72.210106
0.0,0.38413754,211.5825
0.0,0.37774408,70.198494
0.0,0.23704058,66.700134
0.0,0.31341904,103.20142
0.0,0.38404053,435.78543
0.0,0.6852579,110.7379
0.0,0.23744342,84.22126
0.0,0.66065925,69.8182
0.0,0.46806613,129.74382
0.0,0.30873644,298.11893
0.0,0.27549255,72.51988
0.0,0.26566833,95.94349
0.0,0.2624588,108.08865
0.0,0.30735356,140.73929
0.0,0.14827995,80.423965
0.0,0.34299952,134.57397
0.0,0.17807484,97.61467
0.0,0.30071488,79.01527
0.0,0.35620606,69.37522
0.0,0.32868394,384.71936
0.0,0.18189976,68.53911
0.0,0.28255957,130.11302
0.0,0.37533057,66.054504
0.0,0.2532651,82.93623
0.0,0.41212672,128.55865
0.0,0.27491874,165.93237
0.0,0.18530922,116.14992
0.0,0.21985418,74.309265
0.0,0.523222,244.80077
0.0,0.15960395,79.179016
0.0,0.1458243,143.1925
0.0,0.57185996,749.0055
0.0,0.40352878,275.6224
0.0,0.23274767,75.603065
0.0,0.20857233,91.43064
0.0,0.5499908,97.0778
0.0,0.24753276,144.70923
0.0,0.22117148,86.08084
0.0,0.26959172,70.45965
0.0,0.15694954,233.01031
0.0,0.4093812,204.34433
0.0,0.4602383,221.64763
0.0,0.14761046,176.88118
0.0,0.30625644,307.9482
0.0,0.5743083,155.73274
0.0,0.7629783,65.913155
0.0,0.23981698,203.25961
0.0,0.54679227,109.8833
0.0,0.43784082,146.9955
0.0,0.2633211,531.247
0.0,0.4587649,83.41363
0.0,0.24485049,81.242516
0.0,0.21949619,70.42236
0.0,0.30325526,192.19284
0.0,0.47851068,84.27588
0.0,0.19322443,76.8847
0.0,0.44313642,187.51685
0.0,0.25810766,159.2253
0.0,0.2930631,84.51597
0.0,0.30216053,122.73328
0.0,0.19448484,79.64321
0.0,0.33324,123.48901
0.0,0.38503277,147.1148
0.0,0.2747121,265.66745
0.0,0.3561005,84.48113
0.0,0.3020315,69.4432
0.0,0.21817343,80.82078
0.0,0.18180133,67.48061
0.0,0.39879984,90.41653
0.0,0.21954374,89.27074
0.0,0.41358566,79.8782
0.0,0.2107029,65.13049
0.0,0.19224504,110.44708
0.0,0.1299129,440.98492
0.0,0.51782906,131.23218
0.0,0.96007663,158.58072
0.0,0.5593969,79.68822
0.0,0.29305205,586.6112
0.0,0.25955,144.07375
0.0,0.5204288,84.22887
0.0,0.38729143,82.18181
0.0,0.1321847,815.7699
0.0,0.20504275,138.77899
0.0,0.43611538,81.01283
0.0,0.61519945,66.74046
0.0,0.31960765,212.5943
0.0,0.39461285,158.93849
0.0,0.49951255,103.365005
0.0,0.3446828,67.6513
0.0,0.19832957,97.69232
0.0,0.3626826,70.341324
0.0,0.5577221,168.39516
0.0,0.23667403,84.34892
0.0,0.19189496,104.82702
0.0,0.25170362,116.532936
0.0,0.19156528,76.00117
0.0,0.23740192,680.3811
0.0,0.673655,71.20777
0.0,0.52381223,70.26087
0.0,0.43278635,83.520096
0.0,0.17482284,106.87492
0.0,0.23645787,93.2989
0.0,0.32250986,69.98878
0.0,0.13392071,96.499954
0.0,0.63373744,71.82276
0.0,0.22426747,82.24155
0.0,0.38144204,121.71426
0.0,0.36497217,96.24307
0.0,0.2935202,128.8134
0.0,0.21250801,134.45375
0.0,0.19432704,271.06592
0.0,0.27552712,99.5778
0.0,0.34666952,68.26734
0.0,0.21294025,118.52263
0.0,0.19345209,175.13556
0.0,0.18067747,100.68615
0.0,0.27296996,111.849075
0.0,0.20332198,65.23688
0.0,0.41036558,589.32965
0.0,0.6280548,67.01534
0.0,0.39035678,76.74116
0.0,0.4006723,106.09941
0.0,0.36264774,104.0454
0.0,0.6885242,79.485535
0.0,0.37394097,113.25761
0.0,0.1353763,108.55231
0.0,0.31076908,203.10045
0.0,0.4247257,274.09372
0.0,0.41510916,79.77572
0.0,0.2779504,150.34912
0.0,0.21907528,73.18506
0.0,0.19040632,81.98271
0.0,0.23240736,338.11963
0.0,0.38453045,302.1869
0.0,0.40782416,75.48261
0.0,0.40415916,127.04851
0.0,0.3987969,133.36577
0.0,0.33362162,99.009636
0.0,0.5108061,89.5562
0.0,0.21911724,72.691414
0.0,0.260263,77.60679
0.0,0.25064597,137.6059
0.0,0.24339509,97.37844
0.0,0.5390705,98.2173
0.0,0.41546315,74.40672
0.0,0.7596564,724.37213
0.0,0.35406405,87.16856
0.0,0.40835616,79.74353
0.0,0.24380417,210.01582
0.0,0.39217886,87.40964
0.0,0.61165863,92.94983
0.0,0.39102414,117.95816
0.0,0.16683742,70.15238
0.0,0.16406763,125.46943
0.0,0.26930183,456.6792
0.0,0.2561431,114.26214
0.0,0.29838315,171.61444
0.0,0.11975331,66.76186
0.0,0.41466466,150.33806
0.0,0.32276973,360.37415
0.0,0.3092559,142.20021
0.0,0.47598222,78.3992
0.0,0.37972334,343.29233
0.0,0.2463356,106.442566
0.0,0.5174174,74.73646
0.0,0.28731754,129.43962
0.0,0.4920113,103.664604
0.0,0.41802043,101.86023
0.0,0.20679602,83.70956
0.0,0.25988132,82.083405
0.0,0.48058087,121.65561
0.0,0.26289317,66.19655
0.0,0.34034595,131.43167
0.0,0.2837368,65.84809
0.0,0.44071305,77.25395
0.0,0.26831657,350.56964
0.0,0.3221685,75.545334
0.0,0.26386866,89.84146
0.0,0.26924095,82.87229
0.0,0.30934602,1230.615
0.0,0.214146,66.86394
0.0,0.30555913,337.83594
0.0,0.21701118,65.80039
0.0,0.20663022,94.969444
0.0,0.2650613,525.77325
0.0,0.20984566,990.2556
0.0,0.5702164,97.33005
0.0,0.41568056,107.83037
0.0,0.3443039,66.718376
0.0,0.283765,73.35422
0.0,0.37158942,178.59615
0.0,0.19123606,120.62944
0.0,0.26679406,125.72979
0.0,0.16433424,182.48398
0.0,0.39132598,100.63056
0.0,0.24054165,135.93185
0.0,0.43282637,109.26306
0.0,0.39399526,104.36902
0.0,0.33063084,123.48806
0.0,0.32294986,91.18627
0.0,0.5199328,67.32513
0.0,0.16651767,78.16928
0.0,0.3726714,102.345985
0.0,0.4652601,216.36902
0.0,0.6433047,100.0269
0.0,0.39294618,84.69835
0.0,0.20771082,120.63428
0.0,0.17846356,92.06777
0.0,0.2120229,74.91387
0.0,0.3358958,228.03786
0.0,0.25032535,248.19868
0.0,0.14437343,92.92207
0.0,0.53613734,81.639084
0.0,0.22170427,90.26236
0.0,0.26314107,67.02914
0.0,0.23135018,101.26821
0.0,0.27129316,351.6581
0.0,0.17945644,90.55225
0.0,0.3927503,139.68835
0.0,0.4390848,250.65244
0.0,0.3165407,167.26503
0.0,0.49365476,71.33049
0.0,0.42070696,90.88057
0.0,0.2633515,84.79088
0.0,0.3243598,86.326355
0.0,0.311969,67.21893
0.0,0.40081376,329.52313
0.0,0.29475173,77.74674
0.0,0.44079903,88.65444
0.0,0.20053208,177.74274
0.0,0.3232333,70.662544
0.0,0.4382456,71.55618
0.0,0.22546235,65.571846
0.0,0.21598154,69.34122
0.0,0.52918154,83.994064
0.0,0.68186915,65.77977
0.0,0.23532464,76.288765
0.0,0.35631794,164.83153
0.0,0.33382413,143.33131
0.0,0.27760923,152.74956
0.0,0.18733637,70.66317
0.0,0.35009855,72.08869
0.0,0.16352873,85.56724
0.0,0.21702293,166.75415
0.0,0.2453387,97.72823
0.0,0.38269034,135.64226
0.0,0.2581492,114.57193
0.0,0.31466025,723.02734
0.0,0.1845431,69.88717
0.0,0.26772445,107.712395
0.0,0.2759017,80.76775
0.0,0.6335548,67.83114
0.0,0.18897271,67.28888
0.0,0.7152402,114.09822
0.0,0.39972594,86.011284
0.0,0.45058227,220.58548
0.0,0.14859244,78.16325
0.0,0.2109041,175.16614
0.0,0.24748333,130.9725
0.0,0.47257522,421.178
0.0,0.2981491,106.256325
0.0,0.29046333,220.07468
0.0,0.18776865,84.79458
0.0,0.48299134,71.2206
0.0,0.243538,381.22974
0.0,0.34914452,95.76968
0.0,0.21540534,260.0322
0.0,0.19253723,87.18174
0.0,0.45365366,71.117
0.0,0.19670705,74.47736
0.0,0.47162262,103.837296
0.0,0.3298927,297.30743
0.0,0.25163618,97.780205
0.0,0.19798088,114.98957
0.0,0.4045522,68.07577
0.0,0.48039943,66.21847
0.0,0.23875684,77.22909
0.0,0.36626357,212.74548
0.0,0.35474193,81.17428
0.0,0.25608322,96.28131
0.0,0.1832304,139.2965
0.0,0.4129943,105.93958
0.0,0.26580998,67.0191
0.0,0.31024665,89.85687
0.0,0.45436084,138.46727
0.0,0.19150296,76.37949
0.0,0.47457206,69.20258
0.0,0.3760138,120.414276
0.0,0.26051763,66.479004
0.0,0.51036733,362.13284
0.0,0.46825987,107.94646
0.0,0.786978,71.847015
0.0,0.23510154,837.7893
0.0,0.34022442,76.48456
0.0,0.40049377,115.45107
0.0,0.15368953,85.50706
0.0,0.317545,100.86778
0.0,0.40569508,1123.666
0.0,0.47583234,114.15492
0.0,0.2398606,125.384186
0.0,0.4863942,77.456795
0.0,0.39879984,80.07564
0.0,0.27523828,266.48193
0.0,0.99478036,177.23518
0.0,0.26354915,91.6098
0.0,0.17057241,192.50223
0.0,0.23053688,106.16478
0.0,0.37003583,248.5311
0.0,0.45735022,626.47375
0.0,0.15966322,90.78483
0.0,0.22803178,158.99356
0.0,0.34354675,92.952965
0.0,0.18285425,92.23803
0.0,0.29011816,84.107086
0.0,0.39651725,105.67228
0.0,0.24801196,242.87344
0.0,0.23451675,274.3388
0.0,0.26897174,121.76211
0.0,0.5366313,74.18022
0.0,0.30013642,67.04209
0.0,0.31180996,109.215385
0.0,0.2736047,80.88223
0.0,0.17298041,79.74178
0.0,0.47935745,121.01668
0.0,0.15439592,150.49115
0.0,0.45344228,73.129456
0.0,0.2766948,66.92667
0.0,0.45161536,74.18698
0.0,0.25735366,138.71553
0.0,0.3208614,85.011086
0.0,0.36710742,80.574486
0.0,0.43194467,71.85778
0.0,0.42990655,69.54109
0.0,0.3133355,81.61726
0.0,0.36055705,130.2393
0.0,0.3000694,173.86922
0.0,0.42853802,104.554085
0.0,0.29855666,65.185616
0.0,0.4471181,72.47982
0.0,0.759976,84.95323
0.0,0.29899538,98.19649
0.0,0.24677832,1118.5847
0.0,0.22394098,277.21637
0.0,0.662159,149.36429
0.0,0.33312532,86.64636
0.0,0.19749531,442.96942
0.0,0.48396567,473.61484
0.0,0.121411614,74.26477
0.0,0.40814042,135.61195
0.0,0.23244193,97.21753
0.0,0.25822774,150.2162
0.0,0.44520053,117.51954
0.0,0.25586098,502.53287
0.0,0.24309146,128.39325
0.0,0.5318249,102.48339
0.0,0.24683292,257.07025
0.0,0.65620154,85.656906
0.0,0.25191364,203.16568
0.0,0.32544056,76.22714
0.0,0.43726858,91.88965
0.0,0.3021434,66.00332
0.0,0.42480022,86.85727
0.0,0.25263187,73.686386
0.0,0.28557,132.32376
0.0,0.30672517,97.995674
0.0,0.20290552,361.83755
0.0,0.2916745,106.92933
0.0,0.2849494,548.69525
0.0,0.45820636,259.38663
0.0,0.43944988,499.40945
0.0,0.3986234,305.63947
0.0,0.39199898,87.55643
0.0,0.34662756,81.89791
0.0,0.4739166,71.58823
0.0,0.44917172,105.51541
0.0,0.3038295,84.371796
0.0,0.23678589,639.33594
0.0,0.45775953,79.07854
0.0,0.40394056,101.902405
0.0,0.17225781,95.69308
0.0,0.3434173,492.40152
0.0,0.3112841,67.3665
0.0,0.31439984,126.80943
0.0,0.2846364,529.6375
0.0,0.40360713,219.55566
0.0,0.22763182,97.42269
0.0,0.2539561,72.7522
0.0,0.38602683,104.91102
0.0,0.17029479,193.94028
0.0,0.54239374,70.57747
0.0,0.20860994,425.14883
0.0,0.22932935,105.41837
0.0,0.22932935,105.41837
0.0,0.23461461,91.13332
0.0,0.40229133,297.79227
0.0,0.5172896,76.09213
0.0,0.28990543,160.2527
0.0,0.40209654,200.10484
0.0,0.5790397,67.76571
0.0,0.46015576,70.3928
0.0,0.42682353,80.489204
0.0,0.3551234,251.34677
0.0,0.43002853,289.2648
0.0,0.27671552,65.27231
0.0,0.32218713,116.582146
0.0,0.37985504,242.77519
0.0,0.3383205,88.74031
0.0,0.43553844,214.05525
0.0,0.6266227,110.38586
0.0,0.360139,76.05115
0.0,0.611219,79.47953
0.0,0.2636315,97.56225
0.0,0.20389426,74.64834
0.0,0.2674019,83.30604
0.0,0.19384357,70.64603
0.0,0.24864362,154.27036
0.0,0.18153237,104.39074
0.0,0.31351924,157.7786
0.0,0.3186594,66.462875
0.0,0.28522512,71.59202
0.0,0.32468253,97.078384
0.0,0.30395764,112.41621
0.0,0.1876701,134.61292
0.0,0.26660252,371.13297
0.0,0.24352047,95.60326
0.0,0.26199204,183.56036
0.0,0.13539183,88.676445
0.0,0.23535278,139.85878
0.0,0.3929742,81.36923
0.0,0.3533395,88.180115
0.0,0.40215576,100.83666
0.0,0.4500758,266.68784
0.0,0.13433522,65.83972
0.0,0.2377443,111.9867
0.0,0.769836,81.895035
0.0,0.2983605,101.464424
0.0,0.23482962,212.10445
0.0,0.20550333,81.574524
0.0,0.20464396,70.48626
0.0,0.24808666,68.482635
0.0,0.18207368,84.47671
0.0,0.2939455,141.32042
0.0,0.1695374,105.31419
0.0,0.2547782,69.91355
0.0,0.55689865,93.630875
0.0,0.33760896,205.49042
0.0,0.22881892,603.091
0.0,0.4777337,337.5721
0.0,0.15391803,72.18034
0.0,0.46532917,74.538574
0.0,0.30617672,495.8305
0.0,0.25333282,551.6443
0.0,0.19342777,294.55716
0.0,0.5237918,100.60123
0.0,0.9863131,89.7326
0.0,0.5013054,473.32605
0.0,0.4148516,95.351906
0.0,0.31786954,188.34871
0.0,0.22692592,138.8757
0.0,0.358962,144.4351
0.0,0.7190699,69.869156
0.0,0.24003316,225.48181
0.0,0.59564114,106.808235
0.0,0.23256978,65.72121
0.0,0.52823937,76.19467
0.0,0.45846474,73.285286
0.0,0.241141,380.08102
0.0,0.94261086,238.8244
0.0,0.17889634,144.04187
0.0,0.22461449,67.198586
0.0,0.37019396,89.28044
0.0,0.45126963,72.43346
0.0,0.1732323,123.586876
0.0,0.14965549,87.70496
0.0,0.18876247,112.68066
0.0,0.2614291,83.52406
0.0,0.25450954,67.24401
0.0,0.6718382,79.34271
0.0,0.4581431,217.83379
0.0,0.1870703,82.15637
0.0,0.32533076,138.49008
0.0,0.510496,67.72922
0.0,0.41574082,134.43575
0.0,0.21082066,121.17556
0.0,0.63757885,84.96984
0.0,0.14361516,579.6263
0.0,0.26774424,76.06983
0.0,0.1361164,137.6789
0.0,0.1729626,110.13937
0.0,0.32338855,77.39149
0.0,0.6087641,87.213165
0.0,0.47504312,65.20583
0.0,0.56561977,112.208115
0.0,0.6078275,108.39468
0.0,0.5710682,200.07343
0.0,0.28435454,94.50555
0.0,0.6052211,145.3615
0.0,0.24155691,71.04268
0.0,0.42173544,563.4761
0.0,0.3577081,349.0487
0.0,0.15457141,195.27217
0.0,0.28482103,135.34978
0.0,0.51229596,66.8937
0.0,0.3337799,68.767166
0.0,0.25855523,148.90016
0.0,0.50855815,73.91355
0.0,0.42200506,107.10958
0.0,0.44316748,69.33281
0.0,0.20960897,69.01208
0.0,0.19293796,67.20532
0.0,0.16619213,72.2452
0.0,0.32602936,241.16231
0.0,0.30675215,77.64097
0.0,0.24553315,95.99789
0.0,0.22343372,65.641426
0.0,0.2558597,99.946106
0.0,0.43554813,67.66231
0.0,0.2381643,77.47181
0.0,0.20463261,74.08708
0.0,0.29752788,78.85333
0.0,0.529019,68.31567
0.0,0.36375841,113.98071
0.0,0.38260144,193.10745
0.0,0.4754533,93.29168
0.0,0.5858197,67.73928
0.0,0.17027302,90.73842
0.0,0.42071223,82.40614
0.0,0.41683644,70.556725
0.0,0.18112993,218.516
0.0,0.7918374,116.20923
0.0,0.21783641,86.06482
0.0,0.4363052,227.95625
0.0,0.13947934,77.23309
0.0,0.21456441,70.45222
0.0,0.13833183,86.63742
0.0,0.23156942,126.862976
0.0,0.26059103,127.10795
0.0,0.3653871,65.64689
0.0,0.20096803,84.8585
0.0,0.23283806,108.279
0.0,0.25556314,98.92227
0.0,0.24598257,71.41541
0.0,0.21946187,79.790474
0.0,0.32016924,75.705986
0.0,0.2658379,85.86524
0.0,0.2952097,70.32173
0.0,0.62266445,72.35048
0.0,0.26985905,70.87564
0.0,0.5131081,172.976
0.0,0.38644576,111.166466
0.0,0.5281647,87.874535
0.0,0.19443712,160.6012
0.0,0.16466798,130.76924
0.0,0.49377105,112.04703
0.0,0.2547417,168.47781
0.0,0.3518541,66.075554
0.0,0.29358423,83.65888
0.0,0.3776108,76.64908
0.0,0.22135305,79.23498
0.0,0.23607835,104.20854
0.0,0.49329147,73.642914
0.0,0.1298547,66.631294
0.0,0.3100529,85.02173
0.0,0.26385978,83.194115
0.0,0.23043758,67.70909
0.0,0.30302498,159.60362
0.0,0.42530876,69.25342
0.0,0.280859,160.73871
0.0,0.859223,71.08142
0.0,0.18459383,68.89526
0.0,0.25218797,72.528496
0.0,0.3762402,137.96246
0.0,0.22427148,95.26196
0.0,0.2584831,96.05577
0.0,0.3018437,73.87534
0.0,0.28095335,185.59596
0.0,0.34498522,67.16359
0.0,0.52685714,74.16801
0.0,0.25378254,68.99672
0.0,0.2868588,124.6306
0.0,0.5755141,65.23795
0.0,0.33660686,83.529175
0.0,0.29839125,107.934006
0.0,0.21653967,190.10587
0.0,0.2904488,81.651184
0.0,0.1943665,71.1062
0.0,0.5050436,149.88045
0.0,0.42773718,77.22387
0.0,0.30647698,129.97166
0.0,0.26524082,164.092
0.0,0.15362887,119.30011
0.0,0.23239039,78.12702
0.0,0.3476518,120.55993
0.0,0.23073411,91.37577
0.0,0.29801697,82.639046
0.0,0.4240638,691.4929
0.0,0.42263407,73.200424
0.0,0.34638098,76.59656
0.0,0.21503389,67.22237
0.0,0.3611071,134.92587
0.0,0.5106266,115.50483
0.0,0.29396608,128.32095
0.0,0.9852241,761.07806
0.0,0.55645376,68.47724
0.0,0.35861984,86.52774
0.0,0.54585457,94.68292
0.0,0.37839204,90.12226
0.0,0.35161304,78.84532
0.0,0.33416232,68.05663
0.0,0.22928806,394.90622
0.0,0.50234866,71.83323
0.0,0.3328548,175.95511
0.0,0.44045556,107.77686
0.0,0.47787434,206.32272
0.0,0.43798506,69.37343
0.0,0.38331616,184.52809
0.0,0.11658101,79.64028
0.0,0.15525146,346.26202
0.0,0.5340834,146.93845
0.0,0.42722812,483.60727
0.0,0.5547524,98.364555
0.0,0.57139516,72.648026
0.0,0.46882558,199.19383
0.0,0.3022266,136.97806
0.0,0.15038462,67.42536
0.0,0.21028881,74.61607
0.0,0.21589276,65.44394
0.0,0.12145228,145.9722
0.0,0.2842393,136.79132
0.0,0.34004134,482.3947
0.0,0.28954592,105.18488
0.0,0.29526898,70.05124
0.0,0.27962658,88.5122
0.0,0.2852923,74.16613
0.0,0.4964802,570.8769
0.0,0.23533921,420.96143
0.0,0.55276775,133.67221
0.0,0.4657973,72.72494
0.0,0.2300554,162.8759
0.0,0.14715151,90.26298
0.0,0.41335166,103.67183
0.0,0.4582189,69.47237
0.0,0.57498914,73.51483
0.0,0.20067738,78.47152
0.0,0.32700962,225.11038
0.0,0.32511926,76.42743
0.0,0.5080552,79.69922
0.0,0.38029963,120.16149
0.0,0.42162254,115.11937
0.0,0.26988173,278.68518
0.0,0.29736042,91.96121
0.0,0.23726992,1259.8778
0.0,0.50894666,97.12732
0.0,0.27991116,88.113144
0.0,0.26996532,118.89886
0.0,0.44147947,85.834656
0.0,0.41384196,137.97527
0.0,0.5247261,75.38071
0.0,0.14809899,95.73814
0.0,0.32250923,139.32074
0.0,0.2613123,110.653
0.0,0.22030927,72.21344
0.0,0.59011775,160.25754
0.0,0.31428248,143.35452
0.0,0.178588,89.64811
0.0,0.43004453,119.36137
0.0,0.5596261,152.46806
0.0,0.55592114,66.7105
0.0,0.6157161,99.51612
0.0,0.34944338,378.83365
0.0,0.220389,276.83267
0.0,0.4007932,70.159584
0.0,0.23447092,65.94877
0.0,0.33382437,92.1704
0.0,0.28944317,82.454605
0.0,0.1896585,162.86642
0.0,0.28687155,85.28077
0.0,0.6615322,73.44843
0.0,0.42860582,103.678604
0.0,0.37417263,76.976456
0.0,0.40701857,86.25123
0.0,0.31569046,75.08457
0.0,0.2115396,76.240135
0.0,0.75103253,539.5341
0.0,0.23148632,549.93744
0.0,0.3354639,69.63713
0.0,0.21680343,71.92869
0.0,0.3942935,98.62524
0.0,0.36632627,342.57938
0.0,0.30677742,79.97001
0.0,0.6063287,74.06476
0.0,0.3069309,78.29041
0.0,0.21933848,67.27813
0.0,0.44290417,79.970276
0.0,0.2564532,342.95532
0.0,0.41588518,83.66164
0.0,0.45753053,87.75341
0.0,0.49242237,93.59269
0.0,0.48483565,68.011406
0.0,0.41052696,104.445946
0.0,0.7874949,80.735435
0.0,0.14905937,157.96425
0.0,0.20648292,176.7874
0.0,0.48314822,72.65686
0.0,0.43920845,215.93993
0.0,0.2448611,76.106026
0.0,0.22224896,68.52255
0.0,0.30682892,173.6359
0.0,0.35693887,86.95758
0.0,0.41211993,78.53459
0.0,0.18950586,897.7384
0.0,0.42402428,80.93586
0.0,0.5992164,67.38503
0.0,0.48313057,129.00844
0.0,0.46576276,737.47864
0.0,0.24357426,197.64879
0.0,0.38844514,95.09977
0.0,0.3067455,69.083755
0.0,0.2178427,144.67365
0.0,0.28989613,72.68571
0.0,0.44373834,68.35671
0.0,0.53893536,175.37976
0.0,0.2931402,79.81694
0.0,0.11959491,94.72087
0.0,0.19322586,221.52306
0.0,0.23597518,94.01063
0.0,0.20873342,107.307976
0.0,0.2112573,136.21266
0.0,0.25398815,68.74486
0.0,0.6866567,658.67755
0.0,0.2136046,75.885765
0.0,0.29433036,97.09859
0.0,0.24801716,192.24327
0.0,0.40234834,224.70258
0.0,0.20093323,76.314606
0.0,0.279546,140.49156
0.0,0.21404983,613.0799
0.0,0.33164993,188.78421
0.0,0.26748696,153.08603
0.0,0.7771486,4.9614227e+08
0.0,0.31548458,170.52785
0.0,0.30521894,92.54388
0.0,0.11876498,65.61587
0.0,0.2170521,88.23179
0.0,0.48327377,66.035286
0.0,0.2859655,67.265724
0.0,0.4674537,82.095345
0.0,0.34344065,105.39274
0.0,0.40696728,88.13288
0.0,0.23219593,144.7697
0.0,0.45387143,275.56598
0.0,0.5946342,98.30674
0.0,0.25319543,256.9283
0.0,0.23250203,170.15884
0.0,0.17463745,97.953476
0.0,0.4312171,74.68056
0.0,0.26351377,139.59567
0.0,0.33594346,95.52315
0.0,0.20012681,68.778656
0.0,0.2541186,92.484604
0.0,0.20982163,76.04265
0.0,0.14475289,136.36642
0.0,0.60306484,66.15797
0.0,0.5371066,79.17802
0.0,0.17972459,189.7274
0.0,0.23657434,299.88742
0.0,0.1307911,114.55897
0.0,0.18610752,93.727356
0.0,0.23457216,565.4466
0.0,0.26635748,75.41125
0.0,0.31908843,101.03942
0.0,0.28774515,69.82774
0.0,0.29893222,133.96843
0.0,0.45348907,92.563896
0.0,0.38847518,231.197
0.0,0.4222149,159.67812
0.0,0.24893261,91.426796
0.0,0.3679548,94.018524
0.0,0.41869262,171.26997
0.0,0.32230425,165.9014
0.0,0.43139407,161.23079
0.0,0.28897983,89.95561
0.0,0.16070916,94.67247
0.0,0.33697802,262.6925
0.0,0.17136459,70.09556
0.0,0.19733545,65.94946
0.0,0.11600003,145.53476
0.0,0.39136717,77.548996
0.0,0.2807489,76.910835
0.0,0.44963977,97.19805
0.0,0.22940312,73.861916
0.0,0.41000986,80.96717
0.0,0.3646985,96.917625
0.0,0.24047412,105.519356
0.0,0.5445401,65.64611
0.0,0.2841377,125.08896
0.0,0.38845673,143.4223
0.0,0.2731967,68.662254
0.0,0.29516366,107.0562
0.0,0.38989216,125.34929
0.0,0.22215654,116.03781
0.0,0.5532665,66.37976
0.0,0.22976616,65.8976
0.0,0.39655548,92.67072
0.0,0.27473375,570.7227
0.0,0.21100593,81.76723
0.0,0.5487661,243.19565
0.0,0.43484902,383.56793
0.0,0.4503058,66.736946
0.0,0.44030702,79.56582
0.0,0.11934828,67.50549
0.0,0.39474365,117.123634
0.0,0.30296797,101.55531
0.0,0.3874305,72.15447
0.0,0.35502496,121.41448
0.0,0.29499936,119.410385
0.0,0.40082136,129.88979
0.0,0.42591512,79.568
0.0,0.37524775,123.701996
0.0,0.30312103,122.37495
0.0,0.3732183,242.97693
0.0,0.41357476,69.413185
0.0,0.78458863,114.68054
0.0,0.4632506,328.6498
0.0,0.3419151,131.72067
0.0,0.36037245,74.124794
0.0,0.1848469,129.13081
0.0,0.51043445,74.76861
0.0,0.4250087,113.07328
0.0,0.5228861,90.570724
0.0,0.18361475,68.578514
0.0,0.3343959,119.94835
0.0,0.25125682,104.38432
0.0,0.29743975,98.550575
0.0,0.2904835,94.815765
0.0,0.49782583,98.888176
0.0,0.24846913,129.12479
0.0,0.34857753,186.1157
0.0,0.2705548,115.4737
0.0,0.95706373,82.08345
0.0,0.2466192,82.635666
0.0,0.3327477,102.79697
0.0,0.36664578,80.82051
0.0,0.22297674,113.61082
0.0,0.551733,207.91696
0.0,0.51893246,76.59221
0.0,0.3128915,880.426
0.0,0.2959516,98.72523
0.0,0.2177245,421.11282
0.0,0.2767757,73.59684
0.0,0.27793515,69.6296
0.0,0.21229175,129.8443
0.0,0.51285756,74.45802
0.0,0.2556888,92.32152
0.0,0.20866807,124.58914
0.0,0.2500608,79.91015
0.0,0.56668407,86.06926
0.0,0.49727696,74.75452
0.0,0.21500327,80.4239
0.0,0.15666372,620.24524
0.0,0.14287393,83.41427
0.0,0.3333152,84.214554
0.0,0.6107964,138.80954
0.0,0.56516176,107.01712
0.0,0.29387343,67.05262
0.0,0.3596345,290.93704
0.0,0.4939888,270.66235
0.0,0.46789205,90.462845
0.0,0.39152253,67.5137
0.0,0.4133188,183.74518
0.0,0.55208844,132.86446
0.0,0.23843691,76.47719
0.0,0.2225258,75.31341
0.0,0.24657251,89.84355
0.0,0.28602296,402.59106
0.0,0.19388615,75.4122
0.0,0.43432155,1008.21387
0.0,0.62954575,319.18686
0.0,0.26567137,142.21582
0.0,0.40444276,119.66501
0.0,0.2382251,91.42165
0.0,0.26808333,156.9491
0.0,0.30858597,109.7479
0.0,0.30934152,80.03549
0.0,0.21274425,80.231346
0.0,0.3713893,113.67133
0.0,0.28630364,88.56907
0.0,0.15292776,75.11618
0.0,0.60439956,149.05891
0.0,0.31263986,102.00013
0.0,0.32514822,704.68463
0.0,0.46348286,86.99086
0.0,0.24716593,88.600555
0.0,0.23805952,69.977486
0.0,0.21129307,77.57116
0.0,0.30641037,94.613785
0.0,0.39879984,67.907036
0.0,0.25694382,69.911224
0.0,0.13010216,82.95044
0.0,0.37115526,73.71645
0.0,0.26884755,88.64763
0.0,0.1686481,233.83337
0.0,0.2800634,93.7075
0.0,0.21028191,88.4073
0.0,0.2763533,93.90401
0.0,0.5063295,74.286705
0.0,0.2647824,93.90401
0.0,0.3904807,87.64465
0.0,0.22777735,82.922485
0.0,0.35418785,232.16045
0.0,0.26462758,80.40701
0.0,0.24818343,76.40482
0.0,0.1687321,70.760895
0.0,0.42309797,142.07848
0.0,0.26121196,233.81271
0.0,0.46901834,92.05728
0.0,0.21202113,171.62112
0.0,0.39847216,76.99346
0.0,0.20205599,66.732735
0.0,0.1961917,749.72955
0.0,0.19018164,65.91985
0.0,0.26996034,198.5171
0.0,0.47442532,761.3171
0.0,0.57498014,70.90713
0.0,0.17967096,100.45289
0.0,0.273105,85.692795
0.0,0.27293345,87.91968
0.0,0.29004693,80.94562
0.0,0.14843668,102.323906
0.0,0.5459215,110.15425
0.0,0.43430355,82.84304
0.0,0.34040773,73.02192
0.0,0.24718061,180.27805
0.0,0.4509934,124.55967
0.0,0.39932775,453.36765
0.0,0.15242673,68.25183
0.0,0.33313012,366.99292
0.0,0.29606795,244.41618
0.0,0.19327259,272.79358
0.0,0.32034704,109.84766
0.0,0.64387506,65.48737
0.0,0.8480022,87.06522
0.0,0.2653761,67.55801
0.0,0.30178893,66.19589
0.0,0.2122491,192.61777
0.0,0.49414292,90.78429
0.0,0.21491335,236.80017
0.0,0.34980652,86.02736
0.0,0.29543173,83.18226
0.0,0.6303242,80.451126
0.0,0.24984768,505.69193
0.0,0.41059333,76.46978
0.0,0.49037123,164.94223
0.0,0.16455989,546.73425
0.0,0.25968444,191.28812
0.0,0.27471787,65.20983
0.0,0.27203226,83.48358
0.0,0.18584573,67.082146
0.0,0.5518989,94.24254
0.0,0.45896068,140.91888
0.0,0.20657392,140.79616
0.0,0.53376067,66.61939
0.0,0.24400316,254.18013
0.0,0.62470466,80.70809
0.0,0.30208388,74.51273
0.0,0.1902605,126.63795
0.0,0.1819818,75.29687
0.0,0.2691493,88.9371
0.0,0.27632883,116.76725
0.0,0.15890892,85.28976
0.0,0.2633297,177.69249
0.0,0.30220887,176.04718
0.0,0.41036287,170.5462
0.0,0.2886693,104.55546
0.0,0.3075268,115.63635
0.0,0.30119762,239.62
0.0,0.36342677,107.31517
0.0,0.4063507,92.778175
0.0,0.82992846,188.68869
0.0,0.26186916,68.59455
0.0,0.40346768,80.993866
0.0,0.17792474,77.80133
0.0,0.4290757,74.068535
0.0,0.19138107,98.16973
0.0,0.49605715,195.53477
0.0,0.2585885,74.692444
0.0,0.37007546,967.84753
0.0,0.31816238,131.81218
0.0,0.2856469,641.532
0.0,0.3431416,258.74152
0.0,0.225724,83.084915
0.0,0.28545406,93.56521
0.0,0.2339646,141.28915
0.0,0.36433995,84.6576
0.0,0.27063802,118.173805
0.0,0.34583086,76.666855
0.0,0.28805998,67.84952
0.0,0.39789864,70.60632
0.0,0.16448963,71.09838
0.0,0.18619479,640.02216
0.0,0.3067218,112.52673
0.0,0.14495565,72.90428
0.0,0.28906167,78.48714
0.0,0.27071413,66.14491
0.0,0.2567889,70.412254
0.0,0.2705247,83.168976
0.0,0.16090001,96.748795
0.0,0.34602994,79.71639
0.0,0.14992264,162.30429
0.0,0.29996812,97.97219
0.0,0.55857205,315.0946
0.0,0.26558182,97.70468
0.0,0.2639804,145.37521
0.0,0.15624104,67.9474
0.0,0.38602695,118.54977
0.0,0.27065092,201.0441
0.0,0.37815467,93.60677
0.0,0.24985242,77.88652
0.0,0.3646057,338.51004
0.0,0.35037276,83.47762
0.0,0.5065044,463.80618
0.0,0.42147857,78.238144
0.0,0.47005814,66.57321
0.0,0.2367288,97.03065
0.0,0.20201041,112.82401
0.0,0.2282567,140.10393
0.0,0.3668366,82.16111
0.0,0.30794197,69.50957
0.0,0.31837878,71.1699
0.0,0.29367635,77.87066
0.0,0.31816444,86.03799
0.0,0.4760984,272.4471
0.0,0.3085492,348.28784
0.0,0.5019355,168.69725
0.0,0.4783018,67.51204
0.0,0.5536738,70.18809
0.0,0.181114,94.12297
0.0,0.37539253,118.86276
0.0,0.26050523,145.85765
0.0,0.43402538,84.40036
0.0,0.47602835,188.30333
0.0,0.43847147,186.13492
0.0,0.31979042,1145.1785
0.0,0.4492011,132.74146
0.0,0.20917061,92.18202
0.0,0.33359578,75.09373
0.0,0.4900012,66.67877
0.0,0.26237804,162.49776
0.0,0.18907784,84.16009
0.0,0.23388992,68.683464
0.0,0.40050325,77.11667
0.0,0.33460587,125.28538
0.0,0.3135862,77.54236
0.0,0.46755427,90.30102
0.0,0.4735946,103.34583
0.0,0.26162136,165.67496
0.0,0.6313854,104.107506
0.0,0.17921713,73.312836
0.0,0.27825937,289.22955
0.0,0.43052942,70.73398
0.0,0.33596855,267.2075
0.0,0.2610755,98.70589
0.0,0.48952544,463.88995
0.0,0.5035704,131.61232
0.0,0.41101047,78.68836
0.0,0.6510311,113.98109
0.0,0.21764162,65.04699
0.0,0.40550482,159.56778
0.0,0.38464722,68.3231
0.0,0.6985861,78.42155
0.0,0.147376,164.72252
0.0,0.34525293,105.37128
0.0,0.4088994,428.2042
0.0,0.3195603,172.51616
0.0,0.3540097,75.05496
0.0,0.31721362,1075.2002
0.0,0.27290785,71.57219
0.0,0.28229046,89.69694
0.0,0.34700972,120.35474
0.0,0.3776529,188.06252
0.0,0.45203486,94.52545
0.0,0.20608105,86.13
0.0,0.42503607,68.02574
0.0,0.35750163,6.216852e+06
0.0,0.34020558,83.363434
0.0,0.31782603,145.36852
0.0,0.16193824,152.46187
0.0,0.4401128,279.0353
0.0,0.27208945,100.72861
0.0,0.15819824,198.39648
0.0,0.29576382,149.56557
0.0,0.2199419,108.115715
0.0,0.24719973,107.164986
0.0,0.41555282,73.53263
0.0,0.21410994,68.703804
0.0,0.8561561,698.1916
0.0,0.57051855,76.69176
0.0,0.5314913,158.31984
0.0,0.1736706,68.09393
0.0,0.23826535,66.616776
0.0,0.42807826,70.19075
0.0,0.29976398,193.78107
0.0,0.30478674,138.69437
0.0,0.6616829,201.83755
0.0,0.43161714,87.557846
0.0,0.34381598,421.659
0.0,0.49717847,68.34054
0.0,0.16161245,86.70137
0.0,0.41810134,82.20544
0.0,0.41807956,142.48856
0.0,0.17813013,77.4363
0.0,0.308859,67.61742
0.0,0.3505672,92.72588
0.0,0.23092845,69.96435
0.0,0.5142028,100.95531
0.0,0.17193167,73.97456
0.0,0.5733634,107.38182
0.0,0.24180783,129.143
0.0,0.37477988,73.928894
0.0,0.6706823,90.666245
0.0,0.10817536,77.77189
0.0,0.45991084,78.00454
0.0,0.38693875,85.05123
0.0,0.16731544,218.34885
0.0,0.3698866,65.708015
0.0,0.3072282,68.44849
0.0,0.6593682,65.36985
0.0,0.51466346,74.10549
0.0,0.25400773,90.45043
0.0,0.92801553,72.554985
0.0,0.29851794,184.5375
0.0,0.24302825,238.32631
0.0,0.366358,113.27091
0.0,0.26363453,65.063095
0.0,0.23432949,67.20255
0.0,0.19728029,109.81076
0.0,0.23546697,77.57129
0.0,0.19122751,91.386375
0.0,0.29534173,66.82504
0.0,0.51070154,92.674385
0.0,0.27989483,138.46257
0.0,0.2680868,168.34607
0.0,0.34820923,224.7428
0.0,0.23951069,95.39329
0.0,0.33009395,122.486786
0.0,0.4695901,74.216064
0.0,0.3132736,94.67239
0.0,0.7534396,73.430084
0.0,0.29389426,79.58039
0.0,0.31553584,175.12134
0.0,0.46505412,103.83701
0.0,0.3613633,140.80962
0.0,0.40807506,84.17822
0.0,0.2813369,113.759544
0.0,0.28885198,113.237526
0.0,0.20718288,68.936615
0.0,0.38915932,76.28233
0.0,0.5227514,93.13913
0.0,0.24467255,93.25397
0.0,0.47291368,118.686775
0.0,0.28557637,147.60149
0.0,0.25158477,115.24274
0.0,0.30391833,103.64065
0.0,0.27351996,362.57547
0.0,0.28468567,204.43364
0.0,0.14393741,77.39678
0.0,0.2527276,84.80431
0.0,0.34743568,105.78651
0.0,0.6375891,135.1028
0.0,0.42973423,224.4751
0.0,0.25616956,66.71398
0.0,0.27386615,328.04092
0.0,0.75399184,82.55203
0.0,0.23772158,69.6578
0.0,0.19782719,134.72565
0.0,0.358814,104.903244
0.0,0.23030624,93.79952
0.0,0.27056056,87.37478
0.0,0.3311115,178.61418
0.0,0.58216536,96.867546
0.0,0.24521153,83.39851
0.0,0.24955991,68.23309
0.0,0.33766106,76.65505
0.0,0.41819212,120.24147
0.0,0.53485996,76.05376
0.0,0.38247728,89.4315
0.0,0.30436435,593.869
0.0,0.30013534,221.62682
0.0,0.5246135,354.11282
0.0,0.30928668,73.76213
0.0,0.21281795,106.43246
0.0,0.4944407,81.99072
0.0,0.4723988,478.11597
0.0,0.36462665,1000.7952
0.0,0.33679986,251.51048
0.0,0.34770057,75.735794
0.0,0.25813353,88.469185
0.0,0.3474107,638.0632
0.0,0.27253246,65.946495
0.0,0.25826812,102.43569
0.0,0.42442098,126.21859
0.0,0.53816617,226.47066
0.0,0.30750388,266.0611
0.0,0.4270576,103.2505
0.0,0.27605757,67.054794
0.0,0.6227231,107.65316
0.0,0.38645047,407.38733
0.0,0.47200218,1798.738
0.0,0.22656986,384.0416
0.0,0.7531246,73.52835
0.0,0.4370222,66.09266
0.0,0.2496748,100.220215
0.0,0.26159918,82.967155
0.0,0.13056892,79.82723
0.0,0.7343961,135.1637
0.0,0.24486446,78.45251
0.0,0.24698569,74.41871
0.0,0.3420989,80.07047
0.0,0.18917614,85.96441
0.0,0.33428755,84.49755
0.0,0.36286095,93.11183
0.0,0.13730268,106.77722
0.0,0.26211542,996.1585
0.0,0.47914818,95.24664
0.0,0.17781365,91.111916
0.0,0.38176042,160.26256
0.0,0.5067147,65.21339
0.0,0.14509511,98.41741
0.0,0.11878536,169.1162
0.0,0.17018557,90.44792
0.0,0.33947834,119.79173
0.0,0.51007676,91.402435
0.0,0.39923543,87.4225
0.0,0.19987558,66.390785
0.0,0.6412763,67.76305
0.0,0.44442764,101.17119
0.0,0.26212314,74.714554
0.0,0.55950266,103.32359
0.0,0.20048732,83.62325
0.0,0.36351907,94.50664
0.0,0.4695623,105.00413
0.0,0.6128904,72.99705
0.0,0.34744123,82.60557
0.0,0.338603,96.47538
0.0,0.16834302,87.721985
0.0,0.63970745,99.68215
0.0,0.28798035,77.360886
0.0,0.5909861,968.3865
0.0,0.58054614,244.63405
0.0,0.3527742,516.73944
0.0,0.35651827,111.31199
0.0,0.29882255,98.94503
0.0,0.5701053,70.67236
0.0,0.21035291,79.5665
0.0,0.38362303,292.08636
0.0,0.41970977,94.32038
0.0,0.5787227,168.94138
0.0,0.53241485,68.61007
0.0,0.34542423,360.56256
0.0,0.16226389,312.73453
0.0,0.32539037,104.15381
0.0,0.42155755,146.59723
0.0,0.30705047,606.5984
0.0,0.20112538,267.97388
0.0,0.19647038,176.35953
0.0,0.27140534,78.0263
0.0,0.09375341,90.16992
0.0,0.43449292,79.23344
0.0,0.35159436,150.68874
0.0,0.20540255,85.70879
0.0,0.48440456,87.529015
0.0,0.3181452,116.95259
0.0,0.24960081,1083.8884
0.0,0.4330204,88.776276
0.0,0.4721044,71.3588
0.0,0.27098086,319.16794
0.0,0.62755746,235.4059
0.0,0.2724955,92.78241
0.0,0.61140454,88.98157
0.0,0.46834987,141.08925
0.0,0.5215988,115.11122
0.0,0.79144067,67.06699
0.0,0.24983037,76.32305
0.0,0.33296055,69.48593
0.0,0.3745256,81.141
0.0,0.2558198,68.87892
0.0,0.45542234,286.74884
0.0,0.21327215,746.12573
0.0,0.34753576,174.41154
0.0,0.24506636,65.32332
0.0,0.21490164,97.409424
0.0,0.19548102,96.44091
0.0,0.4565485,1189.307
0.0,0.25917125,116.71592
0.0,0.37252966,68.17499
0.0,0.50049293,93.225784
0.0,0.5278219,70.65062
0.0,0.29235703,146.95023
0.0,0.38359642,203.6662
0.0,0.5060602,73.52326
0.0,0.30404207,69.51697
0.0,0.3930503,65.681114
0.0,0.6404338,81.98917
0.0,0.2792762,66.06163
0.0,0.5732361,72.93188
0.0,0.5757625,75.006836
0.0,0.11412178,68.947624
0.0,0.3895968,101.5154
0.0,0.2934995,82.920166
0.0,0.24228542,77.83314
0.0,0.3464875,71.09278
0.0,0.16810529,244.54878
0.0,0.3127352,766.2275
0.0,0.16642745,1828.0704
0.0,0.39272144,85.284164
0.0,0.27571163,70.427216
0.0,0.27638897,65.96467
0.0,0.21341252,105.12404
0.0,0.39714673,172.03665
0.0,0.21405016,65.08006
0.0,0.33787015,79.02117
0.0,0.47772193,140.59032
0.0,0.5353464,80.742485
0.0,0.2160083,120.48854
0.0,0.2537459,118.00784
0.0,0.3645312,87.14697
0.0,0.4820838,76.26523
0.0,0.39442182,91.44966
0.0,0.2005689,78.55719
0.0,0.2995575,246.43163
0.0,0.23185354,91.67209
0.0,0.46021867,85.485725
0.0,0.3364418,266.76648
0.0,0.44621783,66.24815
0.0,0.4281684,89.848236
0.0,0.18333061,67.85302
0.0,0.25218004,658.538
0.0,0.62238306,94.116745
0.0,0.13413957,89.937164
0.0,0.2040958,66.70854
0.0,0.3650136,68.80528
0.0,0.250992,82.11464
0.0,0.28227586,123.58796
0.0,0.54181904,70.95214
0.0,0.22726725,87.61196
0.0,0.3324759,161.0314
0.0,0.145167,81.21326
0.0,0.32788283,111.38039
0.0,0.1877504,81.32087
0.0,0.49710023,112.81887
0.0,0.4370757,82.77471
0.0,0.38849995,251.35396
0.0,0.2830127,84.61077
0.0,0.19833201,103.30346
0.0,0.48786008,104.12643
0.0,0.57009274,89.2407
0.0,0.35965693,87.821075
0.0,0.42382106,89.714424
0.0,0.30419245,68.059364
0.0,0.22813064,76.87326
0.0,0.53062177,65.03062
0.0,0.6308752,65.56887
0.0,0.87787706,109.372345
0.0,0.3842236,78.57483
0.0,0.17735037,89.84353
0.0,0.2435729,165.34468
0.0,0.35448894,68.44766
0.0,0.2948612,102.50461
0.0,0.30805784,147.29147
0.0,0.14526089,807.6053
0.0,0.45120895,937.3302
0.0,0.19907121,85.19245
0.0,0.4740923,68.24752
0.0,0.5013377,85.552414
0.0,0.33662233,691.13806
0.0,0.36167103,90.992226
0.0,0.3899248,253.4806
0.0,0.28215653,538.8684
0.0,0.25961182,124.337425
0.0,0.54895407,95.31124
0.0,0.39549497,76.07748
0.0,0.25021052,68.41952
0.0,0.47360516,98.83792
0.0,0.3824788,240.22217
0.0,0.24298573,179.49492
0.0,0.21578757,69.47952
0.0,0.36361814,69.131676
0.0,0.32762986,74.5487
0.0,0.23846275,66.38127
0.0,0.48720714,124.85995
0.0,0.24278404,85.32659
0.0,0.2855904,116.23252
0.0,0.3476081,174.79324
0.0,0.24903433,115.406395
0.0,0.33600533,113.741936
0.0,0.3709264,101.04214
0.0,0.6898336,204.73137
0.0,0.24359655,124.33108
0.0,0.30358,102.036415
0.0,0.29715756,206.0875
0.0,0.6200971,83.86938
0.0,0.15238488,81.21741
0.0,0.23497418,74.16829
0.0,0.33119506,298.10794
0.0,0.45233798,150.63612
0.0,0.49030554,92.3165
0.0,0.3008058,69.16842
0.0,0.28868943,364.11655
0.0,0.31691986,73.00667
0.0,0.31241792,118.82225
0.0,0.26822633,94.7306
0.0,0.21044545,83.61627
0.0,0.22885229,66.80934
0.0,0.45005497,92.46501
0.0,0.4420011,65.428085
0.0,0.11976105,138.56134
0.0,0.3429951,143.03984
0.0,0.5073761,321.10043
0.0,0.29663566,67.784294
0.0,0.2829621,73.67336
0.0,0.37142092,208.20229
0.0,0.24344459,96.99741
0.0,0.2115662,84.02187
0.0,0.22277156,71.49026
0.0,0.18974067,526.8666
0.0,0.47163162,149.62247
0.0,0.49455902,65.84112
0.0,0.7350487,98.58307
0.0,0.3541104,715.5917
0.0,0.26525316,90.51058
0.0,0.14006267,609.29645
0.0,0.2623895,116.958626
0.0,0.3968649,82.575966
0.0,0.20691554,142.14206
0.0,0.24774565,111.706345
0.0,0.42959914,80.66384
0.0,0.3090908,82.18977
0.0,0.38572186,76.1765
0.0,0.2966237,134.10963
0.0,0.24344315,66.020515
0.0,0.39536613,195.4971
0.0,0.39157212,263.54907
0.0,0.2658231,98.1273
0.0,0.16408817,67.30628
0.0,0.2398838,99.77791
0.0,0.2951981,105.918304
0.0,0.17655122,69.608315
0.0,0.3208595,100.603386
0.0,0.45909432,249.20506
0.0,0.38525522,84.5924
0.0,0.2873061,148.68811
0.0,0.22160985,102.5904
0.0,0.26252756,74.8945
0.0,0.38772118,126.37522
0.0,0.17575336,184.92278
0.0,0.25062507,139.48053
0.0,0.4941506,303.8879
0.0,0.3732675,87.824905
0.0,0.41569018,187.69461
0.0,0.36722973,72.044556
0.0,0.29099905,66.39097
0.0,0.29358244,83.837685
0.0,0.17017749,70.86492
0.0,0.51383996,83.64212
0.0,0.17040932,92.91911
0.0,0.17744063,94.1844
0.0,0.25632218,72.37348
0.0,0.19388025,92.12392
0.0,0.8497079,70.027016
0.0,0.60504955,81.05098
0.0,0.5659814,102.12446
0.0,0.27302405,173.54794
0.0,0.4709825,621.8162
0.0,0.51231,93.14092
0.0,0.5057983,415.06662
0.0,0.24026017,192.6458
0.0,0.3101931,245.23322
0.0,0.22589341,80.216064
0.0,0.26262176,90.8793
0.0,0.18355407,89.72225
0.0,0.13636976,107.52546
0.0,0.28734583,105.8686
0.0,0.19825432,65.26969
0.0,0.2120451,91.9007
0.0,0.28079015,130.98508
0.0,0.39212403,260.05106
0.0,0.37221044,293.71042
0.0,0.24030311,127.615555
0.0,0.34870887,218.93352
0.0,0.35527924,171.04709
0.0,0.34231582,221.85165
0.0,0.4322302,94.49821
0.0,0.17327069,140.42772
0.0,0.3338938,72.10763
0.0,0.3700615,109.335846
0.0,0.40042514,80.24714
0.0,0.32631877,144.9052
0.0,0.1922022,103.54005
0.0,0.21251169,571.7472
0.0,0.18319286,68.06358
0.0,0.33554432,188.5285
0.0,0.34841493,176.19656
0.0,0.3796492,91.41581
0.0,0.3082228,327.8803
0.0,0.28174067,416.88873
0.0,0.22308035,75.45225
0.0,0.4638548,110.54905
0.0,0.4178301,70.353004
0.0,0.3335521,90.60086
0.0,0.5936079,213.64505
0.0,0.3168722,67.44195
0.0,0.35933074,108.68898
0.0,0.3353406,151.75142
0.0,0.29358295,68.25183
0.0,0.26967248,71.11815
0.0,0.1779856,135.59238
0.0,0.34134465,106.501366
0.0,0.22903986,153.35503
0.0,0.30131835,115.78055
0.0,0.4947982,73.95244
0.0,0.38205,401.08105
0.0,0.25821993,207.82669
0.0,0.22710952,66.126396
0.0,0.37526044,92.47517
0.0,0.42832193,69.74504
0.0,0.5554493,119.44081
0.0,0.5307768,119.03581
0.0,0.28870773,74.45978
0.0,0.39238217,136.85606
0.0,0.38249436,451.70587
0.0,0.43084928,97.20603
0.0,0.3438049,78.61951
0.0,0.5946507,97.91291
0.0,0.29491162,98.132256
0.0,0.32975292,703.5443
0.0,0.48524073,97.01557
0.0,0.27343228,140.76811
0.0,0.41043943,73.53521
0.0,0.1891384,111.274536
0.0,0.30468568,643.31757
0.0,0.31079307,90.578735
0.0,0.2438826,160.17442
0.0,0.29812777,87.575294
0.0,0.4365447,198.8358
0.0,0.39879984,190.92627
0.0,0.44234413,67.32532
0.0,0.20143394,82.53799
0.0,0.29003847,239.94803
0.0,0.9704578,92.99829
0.0,0.21172218,80.78897
0.0,0.45716622,758.3713
0.0,0.2712235,146.42044
0.0,0.22792143,111.3192
0.0,0.2882133,123.607025
0.0,0.29503933,382.88922
0.0,0.27996713,109.42886
0.0,0.2922688,214.34416
0.0,0.3919509,83.413445
0.0,0.5673271,74.936615
0.0,0.36235717,70.104065
0.0,0.26594833,68.071205
0.0,0.6077277,67.75813
0.0,0.26398763,117.04894
0.0,0.22101182,135.31552
0.0,0.23248257,74.51507
0.0,0.3480667,150.27765
0.0,0.5573786,76.182465
0.0,0.5048492,250.72029
0.0,0.2438258,71.55359
0.0,0.483236,155.97728
0.0,0.49477282,296.92233
0.0,0.32684273,330.9043
0.0,0.2820147,77.47164
0.0,0.31407902,304.29477
0.0,0.523819,88.303795
0.0,0.24464725,487.41418
0.0,0.25971955,86.28755
0.0,0.17776176,66.73039
0.0,0.16581017,67.25457
0.0,0.31540018,79.04186
0.0,0.40099692,267.5169
0.0,0.23398691,87.13894
0.0,0.18780804,107.23572
0.0,0.34810704,72.53614
0.0,0.18145,109.20561
0.0,0.3377534,65.62424
0.0,0.18112049,340.60828
0.0,0.7686415,97.70908
0.0,0.3973677,179.05882
0.0,0.26952296,132.90355
0.0,0.21714002,91.38405
0.0,0.41886476,111.46272
0.0,0.41061136,100.14965
0.0,0.10542443,113.29585
0.0,0.18875548,114.96136
0.0,0.2528178,201.85773
0.0,0.26014608,97.32599
0.0,0.2653741,102.756004
0.0,0.33797133,74.877426
0.0,0.29500553,82.737686
0.0,0.48116976,72.226524
0.0,0.20604292,81.12877
0.0,0.35199636,390.5994
0.0,0.25110078,109.352715
0.0,0.2901123,195.984
0.0,0.41440955,153.07166
0.0,0.4294336,118.93039
0.0,0.21242136,85.42066
0.0,0.23294427,314.02704
0.0,0.2245058,109.07476
0.0,0.42808682,146.7565
0.0,0.44559807,67.38318
0.0,0.35020444,275.81857
0.0,0.37553108,90.82571
0.0,0.44774225,168.46875
0.0,0.2902531,176.96092
0.0,0.28878787,71.24879
0.0,0.29357523,790.1072
0.0,0.42096287,84.31665
0.0,0.4133086,193.62144
0.0,0.2285379,118.267975
0.0,0.40520558,66.63971
0.0,0.5020893,69.92919
0.0,0.37757066,69.89501
0.0,0.2327022,230.9215
0.0,0.6787137,82.07124
0.0,0.5107241,94.85112
0.0,0.19878028,110.323944
0.0,0.5714497,150.42606
0.0,0.35373953,95.33552
0.0,0.4759439,68.456604
0.0,0.46113062,118.84959
0.0,0.43538934,122.863716
0.0,0.42953065,67.89576
0.0,0.5587032,80.48505
0.0,0.22817613,71.530945
0.0,0.2953137,145.03914
0.0,0.52946365,74.03876
0.0,0.31639388,122.53844
0.0,0.24724413,263.74664
0.0,0.6382741,147.75098
0.0,0.5045072,85.794235
0.0,0.29350215,94.892365
0.0,0.2129496,1110.9563
0.0,0.16757073,88.26371
0.0,0.2148436,86.050224
0.0,0.8360891,507.15375
0.0,0.3448028,115.54015
0.0,0.30534288,66.59081
0.0,0.36949322,168.27963
0.0,0.3200865,74.9388
0.0,0.2676373,611.679
0.0,0.39638257,250.86595
0.0,0.50272167,281.29993
0.0,0.35332188,159.73642
0.0,0.17753407,138.29065
0.0,0.3092004,71.435135
0.0,0.2523266,66.385826
0.0,0.5222956,86.94326
0.0,0.4228488,180.13934
0.0,0.71106327,188.62717
0.0,0.26612496,67.610214
0.0,0.31232148,78.40355
0.0,0.31652653,452.595
0.0,0.28429458,114.56187
0.0,0.42001507,97.02958
0.0,0.44449607,66.67623
0.0,0.32530946,74.67828
0.0,0.67912245,101.49273
0.0,0.25904915,123.304886
0.0,0.23940004,140.38216
0.0,0.32145563,77.44825
0.0,0.40662748,70.909
0.0,0.23469317,76.608734
0.0,0.13631149,70.007416
0.0,0.43890348,67.20954
0.0,0.40348536,88.62508
0.0,0.43505934,192.2378
0.0,0.4333314,146.2254
0.0,0.2337339,300.4962
0.0,0.33798516,66.704094
0.0,0.41710874,85.26282
0.0,0.25061575,70.06961
0.0,0.19750337,66.80666
0.0,0.4246657,113.98603
0.0,0.5432298,70.769226
0.0,0.2776993,118.70632
0.0,0.1351763,179.19836
0.0,0.54749006,135.37541
0.0,0.72030026,79.1479
0.0,0.38557917,69.064705
0.0,0.6234109,69.17191
0.0,0.3368999,196.96779
0.0,0.31172952,65.626945
0.0,0.27589452,171.8075
0.0,0.33633798,85.03484
0.0,0.18301423,323.86874
0.0,0.17999206,131.29668
0.0,0.28157124,120.26504
0.0,0.2098105,115.497345
0.0,0.16766986,98.340126
0.0,0.19578765,77.904396
0.0,0.21262516,180.03938
0.0,0.41497752,302.89676
0.0,0.9999609,111.05148
0.0,0.39399874,123.17303
0.0,0.50682306,158.02461
0.0,0.4117249,103.35003
0.0,0.2026019,150.71413
0.0,0.32836264,68.564354
0.0,0.42109558,85.46977
0.0,0.30546433,74.30706
0.0,0.56230336,735.3009
0.0,0.2753808,79.12709
0.0,0.17909625,98.30469
0.0,0.35908705,149.19318
0.0,0.5187999,144.01854
0.0,0.67395884,109.58998
0.0,0.48642966,91.19473
0.0,0.2998944,513.5909
0.0,0.34063727,129.93279
0.0,0.33778054,165.82437
0.0,0.20730884,68.177155
0.0,0.39102548,66.87745
0.0,0.22026089,110.16628
0.0,0.3219096,159.86906
0.0,0.3462597,86.14937
0.0,0.6354349,333.15692
0.0,0.51384026,90.937515
0.0,0.28394648,67.093864
0.0,0.52500886,101.3636
0.0,0.26725098,121.13492
0.0,0.39714554,151.86368
0.0,0.25682646,80.71755
0.0,0.49557865,257.0618
0.0,0.1869757,109.66238
0.0,0.22876419,94.03992
0.0,0.5297036,68.003395
0.0,0.22231704,65.84894
0.0,0.5297393,159.40686
0.0,0.38241068,165.35875
0.0,0.3966335,99.64716
0.0,0.41741487,95.37703
0.0,0.43933252,87.87996
0.0,0.25957748,94.94911
0.0,0.40222195,104.14632
0.0,0.35301787,69.63107
0.0,0.3998717,101.257706
0.0,0.244192,774.3903
0.0,0.24105896,98.50711
0.0,0.468265,89.35875
0.0,0.26229268,120.684555
0.0,0.21759132,324.8934
0.0,0.20080781,521.33295
0.0,0.13227539,69.78662
0.0,0.252717,103.727905
0.0,0.34920457,88.256004
0.0,0.34937242,186.02397
0.0,0.23875673,95.14243
0.0,0.5555961,68.01641
0.0,0.5603086,65.00968
0.0,0.61734325,74.46959
0.0,0.26290947,65.09543
0.0,0.2801709,132.83206
0.0,0.32299313,66.49813
0.0,0.30099374,214.68344
0.0,0.15482613,140.52936
0.0,0.32640743,65.47026
0.0,0.41242093,91.41867
0.0,0.16227616,66.00901
0.0,0.31968844,153.86505
0.0,0.27924603,79.50033
0.0,0.3000389,73.37947
0.0,0.30976954,92.84447
0.0,0.22683127,479.24805
0.0,0.39631593,105.946335
0.0,0.26504734,66.596886
0.0,0.24906532,115.099846
0.0,0.27115673,125.93205
0.0,0.21034582,66.289536
0.0,0.4658433,68.401115
0.0,0.14766234,95.860855
0.0,0.16911975,85.34346
0.0,0.34176865,401.31958
0.0,0.26505396,65.44321
0.0,0.6272813,75.7303
0.0,0.22672246,70.895996
0.0,0.5638327,114.24608
0.0,0.6360173,69.77743
0.0,0.6096049,140.33755
0.0,0.4841214,93.88618
0.0,0.23294999,71.52837
0.0,0.5952649,78.84325
0.0,0.3268698,70.118225
0.0,0.16437344,110.57958
0.0,0.28526258,235.97586
0.0,0.22489195,74.254906
0.0,0.70331967,65.12225
0.0,0.39531732,77.870575
0.0,0.3577168,92.0681
0.0,0.43684325,87.45101
0.0,0.19312261,100.47544
0.0,0.5284324,164.86247
0.0,0.300585,99.47483
0.0,0.27463445,74.31403
0.0,0.24981226,708.0844
0.0,0.2865581,78.663956
0.0,0.50411445,65.84325
0.0,0.31608456,500.73544
0.0,0.52025515,72.43978
0.0,0.4960321,66.95101
0.0,0.33600914,204.41411
0.0,0.32076624,69.44785
0.0,0.69613576,360.22937
0.0,0.29176518,773.9143
0.0,0.3870695,141.09073
0.0,0.18070486,79.09705
0.0,0.265458,66.14361
0.0,0.42254573,125.61995
0.0,0.12049739,74.81815
0.0,0.22974154,94.98475
0.0,0.4912644,84.02923
0.0,0.36785167,247.51685
0.0,0.18389171,175.06174
0.0,0.14844443,110.17923
0.0,0.27975318,103.32762
0.0,0.32696855,561.48004
0.0,0.33062097,111.91737
0.0,0.5795446,81.65249
0.0,0.30625078,73.12867
0.0,0.26506916,79.71576
0.0,0.26404285,72.35334
0.0,0.47538805,107.258156
0.0,0.39879984,90.846054
0.0,0.2262175,103.98961
0.0,0.28314942,78.06953
0.0,0.35588565,76.18861
0.0,0.5040622,408.7945
0.0,0.26162085,66.62446
0.0,0.49870062,100.09755
0.0,0.27486673,69.63006
0.0,0.12780204,10019.508
0.0,0.4133598,99.08324
0.0,0.41123623,4185.2485
0.0,0.07153688,53601.39
0.0,0.33688083,323.90555
0.0,0.42745528,1204.1566
0.0,0.42650747,650.4152
0.0,0.19229306,4718.234
0.0,0.49696887,4449.0474
0.0,0.28694975,93.684555
0.0,0.071451336,24130.295
0.0,0.9998272,71.93891
0.0,0.51302445,7897.368
0.0,0.22963731,920.62286
0.0,0.45962164,280.4143
0.0,0.21671747,107.07877
0.0,0.19843046,1261.9392
0.0,0.21529326,3467.3645
0.0,0.44007522,559.0416
0.0,0.18442555,1541.8197
0.0,0.19016688,17127.184
0.0,0.19024591,150.88583
0.0,0.18503416,631.2725
0.0,0.1065677,28796.715
0.0,0.2936792,549.52277
0.0,0.24548209,59584.477
0.0,0.34600493,82.50274
0.0,0.40948564,135.87717
0.0,0.19363779,5025.464
0.0,0.12579599,66.88685
0.0,0.32716325,87.23151
0.0,0.35991207,254.7698
0.0,0.23257783,243.45174
0.0,0.07334642,1144.5764
0.0,0.1700802,480.7841
0.0,0.41057664,479.51044
0.0,0.28149173,1541.2129
0.0,0.3731054,142.80336
0.0,0.18590765,21745.527
0.0,0.4888375,2409.8787
0.0,0.45430484,5690.483
0.0,0.30291542,346.8297
0.0,0.09498145,29454.457
0.0,0.99999535,1902.8817
0.0,0.2036918,225.65195
0.0,0.10818509,2026.6619
0.0,0.7618379,89.73543
0.0,0.25078365,415.15982
0.0,0.16291408,77025.125
0.0,0.33058727,169.01494
0.0,0.17769542,331.08273
0.0,0.47300935,2089.4001
0.0,0.53479624,610608.4
0.0,0.4492007,1391.5663
0.0,0.1430876,1741.539
0.0,0.2813304,2633.113
0.0,0.33606443,9419.185
0.0,0.29152292,1257.447
0.0,0.2942021,129.25627
0.0,0.1790816,1056.8109
0.0,0.20815475,115.85385
0.0,0.4039949,659.6937
0.0,0.18685338,10507.863
0.0,0.25151458,154.79532
0.0,0.27774683,76.64016
0.0,0.24379858,145.52565
0.0,0.16000208,2740.6968
0.0,0.7510114,9560.229
0.0,0.2890972,474.94272
0.0,0.17926034,1291.7682
0.0,0.3179812,327.83945
0.0,0.30335072,348.2232
0.0,0.28829777,1100.0468
0.0,0.30654016,1010.86084
0.0,0.18877624,976.51917
0.0,0.58164525,2186.2327
0.0,0.1894111,10377.182
0.0,0.20552288,5237.3506
0.0,0.32010666,1908.0126
0.0,0.27540445,1084.6396
0.0,0.13339,485.4445
0.0,0.16792725,158.39339
0.0,0.16901745,27460.01
0.0,0.02617839,53331.527
0.0,0.3118213,74302.125
0.0,0.2437278,67725.67
0.0,0.27887663,697.39325
0.0,0.41290596,916.29974
0.0,0.31828648,11628.549
0.0,0.3213543,660.6705
0.0,0.4648836,594.01544
0.0,0.99836975,104.56562
0.0,0.10496643,55106.016
0.0,0.21280304,1704.9434
0.0,0.5285994,27490.055
0.0,0.40736246,2180.0461
0.0,0.1810196,1291.6731
0.0,0.537972,8919.245
0.0,0.21669523,5833.4746
0.0,0.34335408,3598.961
0.0,0.24264914,300.10217
0.0,0.13054247,24691.346
0.0,0.4171243,857.9668
0.0,0.20180167,90.29968
0.0,0.99975055,5577.2476
0.0,0.359791,439.05725
0.0,0.21954806,75.75532
0.0,0.701943,1862.3253
0.0,0.24176057,2367.0542
0.0,0.33958298,1519.9323
0.0,0.2731135,115.62537
0.0,0.31931338,7074.8096
0.0,0.2616738,80.801346
0.0,0.042321887,96328.15
0.0,0.3386637,88.11271
0.0,0.5049309,4253.529
0.0,0.17060578,177.69484
0.0,0.12749362,3303.7756
0.0,0.33491114,2415.5425
0.0,0.31916544,2167.5076
0.0,0.2474859,712.35803
0.0,0.29900375,141.08282
0.0,0.28677252,10148.815
0.0,0.10507776,9094.371
0.0,0.29206052,450.48178
0.0,0.10075542,12904.286
0.0,0.26131013,82.00395
0.0,0.33949262,3304.697
0.0,0.2213447,2226.38
0.0,0.20982334,217.67862
0.0,0.30289567,89.215324
0.0,0.06947712,33540.53
0.0,0.23297417,3932.6653
0.0,0.23371576,11332.223
0.0,0.40301588,8135.4185
0.0,0.43800953,451.53033
0.0,0.6370528,107.16445
0.0,0.38723734,8536.66
0.0,0.41393736,2884.366
0.0,0.7317814,9400.304
0.0,0.36506963,79.89778
0.0,0.39689624,521.50354
0.0,0.47152993,1499.9421
0.0,0.28859678,74.138084
0.0,0.36013293,111.88371
0.0,0.6461547,1331.0209
0.0,0.35216752,601.90393
0.0,0.39446926,3360.6401
0.0,0.40050927,69.49613
0.0,0.25933272,81.12356
0.0,0.25613037,25313.031
0.0,0.46171835,228.45337
0.0,0.53879875,11335.085
0.0,0.34784368,149.56664
0.0,0.044254623,96540.44
0.0,0.3109641,89.25618
0.0,0.21046682,393.58316
0.0,0.2746206,564.07806
0.0,0.16223562,2424.5312
0.0,0.18008469,87.88799
0.0,0.16694348,9191.549
0.0,0.6730673,534.44135
0.0,0.24958338,6745.9355
0.0,0.22014242,159.08148
0.0,0.8180771,823.12054
0.0,0.22233431,3394.3135
0.0,0.7705438,4333.0728
0.0,0.20208469,1306.6289
0.0,0.36293948,5479.5
0.0,0.24976002,94.06271
0.0,0.22202238,11768.049
0.0,0.1993523,164.701
0.0,0.5480643,1087.7021
0.0,0.21745686,97.27054
0.0,0.36803186,156.32849
0.0,0.21678136,80.1572
0.0,0.15242901,123.41121
0.0,0.59782326,1335.9982
0.0,0.15796374,2941.6416
0.0,0.4449275,4938.607
0.0,0.1769168,2274.0503
0.0,0.19124539,81.68701
0.0,0.2293032,1120.2833
0.0,0.21569371,14238.519
0.0,0.35212392,5470.093
0.0,0.26852834,6532.02
0.0,0.14168671,11155.748
0.0,0.20386274,137.11566
0.0,0.32111305,7266.843
0.0,0.6557577,572.7544
0.0,0.36273253,417.56052
0.0,0.38211077,194.36801
0.0,0.47648707,1369.8289
0.0,0.3776177,1410.994
0.0,0.4577736,6366.982
0.0,0.35146484,255.75565
0.0,0.4411962,765.677
0.0,0.12387993,990.63135
0.0,0.27785468,249.75975
0.0,0.94741106,14428.753
0.0,0.18919142,7172.089
0.0,0.21459536,8727.087
0.0,0.32467926,228.13779
0.0,0.34464464,201.43507
0.0,0.49130383,114.6013
0.0,0.17545234,787.9777
0.0,0.15176214,2154.1196
0.0,0.09471717,22195.666
0.0,0.2788435,29902.469
0.0,0.2866823,1281.0979
0.0,0.5016431,1112.3898
0.0,0.8486786,3309.737
0.0,0.058499157,48008.832
0.0,0.23256473,157.69633
0.0,0.3459754,267.72507
0.0,0.505692,66.9253
0.0,0.3893598,216.89038
0.0,0.33021805,1632.2948
0.0,0.40624955,595.352
0.0,0.18588422,1933.4188
0.0,0.280748,5450.8
0.0,0.20801587,236.73961
0.0,0.26011676,75.91776
0.0,0.21501748,117.033394
0.0,0.3981859,173.72066
0.0,0.39557132,30416.35
0.0,0.24772297,505.37
0.0,0.08163521,19390.629
0.0,0.39879984,677.6257
0.0,0.99910957,179.52321
0.0,0.28462687,210.42691
0.0,0.25452667,3489.075
0.0,0.14183854,7850.1836
0.0,0.99931943,75.392914
0.0,0.16310912,11010.879
0.0,0.17003264,96.74884
0.0,0.23200828,117.538635
0.0,0.5333118,19033.33
0.0,0.69891214,3955.2217
0.0,0.31706518,76.32642
0.0,0.86675245,1655.9749
0.0,0.20345066,120.53835
0.0,0.22745854,100.09788
0.0,0.17184125,224.91435
0.0,0.22980626,78.778
0.0,0.6812873,234.03154
0.0,0.016313815,95812.555
0.0,0.16874914,3344.8958
0.0,0.33105323,110.33097
0.0,0.30605194,77.880196
0.0,0.56366915,70.59233
0.0,0.28930733,113.18383
0.0,0.293431,16086.46
0.0,0.21043995,1095.626
0.0,0.23907991,108.68737
0.0,0.49586478,1415.4302
0.0,0.24554814,267.76712
0.0,0.735011,315.97302
0.0,0.735011,315.97302
0.0,0.23465168,215.99399
0.0,0.118281536,15229.908
0.0,0.057895523,27273.773
0.0,0.31712946,432.6294
0.0,0.9999999,208.97845
0.0,0.6570242,96.26682
0.0,0.36040282,8909.14
0.0,0.19833985,480.7944
0.0,0.27251303,74.23791
0.0,0.42767268,590.9622
0.0,0.23255898,1201.3873
0.0,0.165481,10873.857
0.0,0.26097462,1196.924
0.0,0.44429135,1457.4343
0.0,0.26667446,2252.251
0.0,0.25148147,7208.4907
0.0,0.23988281,226.04015
0.0,0.26603994,107.4573
0.0,0.3011264,176.68417
0.0,0.24902439,71.53413
0.0,0.24458663,110.36089
0.0,0.6659459,193.45718
0.0,0.25927672,5807.2573
0.0,0.46984327,103.60094
0.0,0.25068083,908.50946
0.0,0.20998684,377.29443
0.0,0.56698453,3625.1655
0.0,0.2685256,99.41573
0.0,0.081340425,20204.83
0.0,0.23002684,15503.906
0.0,0.55771935,201.23247
0.0,0.25828046,90.27294
0.0,0.43511164,605.07446
0.0,0.15610778,457.48416
0.0,0.22686163,1496.0425
0.0,0.18144794,64675.883
0.0,0.33377412,188.58824
0.0,0.2124831,86.78146
0.0,0.27740484,2360.15
0.0,0.22790511,52072.74
0.0,0.11322649,9220.573
0.0,0.6058756,1181.8029
0.0,0.30783108,5235.1807
0.0,0.0705348,34014.934
0.0,0.23033786,19082.271
0.0,0.260877,108.933235
0.0,0.3435867,45998.945
0.0,0.30668256,9820.597
0.0,0.3625228,322.0131
0.0,0.7779214,7865.8086
0.0,0.32048184,365.87384
0.0,0.31861496,148.16035
0.0,0.10567168,20027.014
0.0,0.28857276,145.17941
0.0,0.93391776,6084.171
0.0,0.16120951,5519.3364
0.0,0.99089855,481.4719
0.0,0.3783544,75.68976
0.0,0.29172957,1335.0817
0.0,0.2795619,2547.6113
0.0,0.31058902,68.45658
0.0,0.31343785,42545.426
0.0,0.23068918,5870.358
0.0,0.39771667,381.36456
0.0,0.25118947,139.17755
0.0,0.012271004,131199.83
0.0,0.21685328,1728.5155
0.0,0.351169,1661.1849
0.0,0.19884925,1695.5999
0.0,0.38183153,125.56521
0.0,0.4376459,205.93979
0.0,0.121249855,691.7929
0.0,0.22706398,9066.341
0.0,0.3124782,9856.32
0.0,0.47419307,7014.849
0.0,0.24956588,127.194435
0.0,0.35331297,351.9884
0.0,0.3254551,5967.0044
0.0,0.16085936,90.955666
0.0,0.15764418,315.33218
0.0,0.4048425,40015.973
0.0,0.24146616,211.3553
0.0,0.24450581,116.52942
0.0,0.29015094,1630.7167
0.0,0.3589377,1943.633
0.0,0.50687015,8556.868
0.0,0.8844845,15152.566
0.0,0.38519087,2390.5408
0.0,0.61621696,150.05812
0.0,0.06564675,47934.566
0.0,0.1613088,1270.9475
0.0,0.34602574,142.2405
0.0,0.18286727,30655.127
0.0,0.3900612,1100.8949
0.0,0.48576996,15167.647
0.0,0.40056583,193.05774
0.0,0.19658934,3288.2615
0.0,0.39281148,560.5657
0.0,0.4708898,152.20271
0.0,0.18656248,119.57215
0.0,0.22416982,536.5697
0.0,0.2572186,2876.1958
0.0,0.39225352,756.37134
0.0,0.48461768,1058.6819
0.0,0.27103913,117.32029
0.0,0.334607,313.13498
0.0,0.2807827,84.48039
0.0,0.20980932,79.68334
0.0,0.3241874,285.40118
0.0,0.24877295,3776.6353
0.0,0.14476533,405.62122
0.0,0.6576348,27789.58
0.0,0.47759482,72.41721
0.0,0.29100206,3984.6545
0.0,0.40027592,287.96558
0.0,0.23841809,216.93028
0.0,0.46719834,87.18497
0.0,0.20373015,41179.062
0.0,0.27665535,71.56182
0.0,0.10844385,4733.2627
0.0,0.39879984,221.43028
0.0,0.6888062,6973.63
0.0,0.44155982,338.07974
0.0,0.24780281,953.5551
0.0,0.22266535,1036.1823
0.0,0.43495715,180.80602
0.0,0.35984766,94.901955
0.0,0.14941739,84.85698
0.0,0.4011236,693.5938
0.0,0.4891885,1355.9574
0.0,0.17274356,1391.6305
0.0,0.6460083,707.96
0.0,0.58233935,91.54839
0.0,0.23245232,463.77768
0.0,0.53734356,82.761765
0.0,0.90225476,2699.6255
0.0,0.20460175,4404.277
0.0,0.101673186,11530.311
0.0,0.2775446,1654.3439
0.0,0.33530825,411.58994
0.0,0.35438004,74.16707
0.0,0.13512003,370.8523
0.0,0.34180683,596.9914
0.0,0.13384059,2737.4307
0.0,0.1515081,6231.141
0.0,0.11054544,2173.4067
0.0,0.20726119,15832.715
0.0,0.23477301,722.3838
0.0,0.25170562,506.52826
0.0,0.30514908,74.89623
0.0,0.40610182,20321.7
0.0,0.32330903,380.36972
0.0,0.6399427,8985.623
0.0,0.45051396,332.06134
0.0,0.32385024,1431.1769
0.0,0.32131866,3484.3167
0.0,0.2717054,18861.35
0.0,0.03936693,41959.094
0.0,0.3058247,186.8407
0.0,0.22793174,13940.368
0.0,0.29112253,313.087
0.0,0.2122547,1915.9636
0.0,0.483403,20820.24
0.0,0.21320899,69.91597
0.0,0.21939212,712.4977
0.0,0.6983985,373.51828
0.0,0.1822598,1039.0806
0.0,0.33818012,587.8862
0.0,0.21983257,1481.794
0.0,0.23948725,6298.298
0.0,0.4636174,4070.0798
0.0,0.3052106,68.59687
0.0,0.21409717,5192.484
0.0,0.24324717,4002.9026
0.0,0.27157047,201.96878
0.0,0.18272862,27676.764
0.0,0.33150324,69.23565
0.0,0.38558137,110.59695
0.0,0.15916957,14514.746
0.0,0.5312867,11341.907
0.0,0.04510073,25386.594
0.0,0.17789918,211.24162
0.0,0.52271324,78.08502
0.0,0.22610058,3135.511
0.0,0.2472728,1973.3351
0.0,0.26097804,297.22113
0.0,0.17119436,28179.672
0.0,0.25894007,493.4748
0.0,0.31344754,675.2958
0.0,0.40184617,606.7609
0.0,0.23830615,780.9821
0.0,0.2325235,65.576416
0.0,0.19206466,1177.0232
0.0,0.07021572,83858.34
0.0,0.18025747,1508.3324
0.0,0.34247875,179.56056
0.0,0.25722796,4187.315
0.0,0.24718942,3680.849
0.0,0.26670042,1139.3135
0.0,0.19645752,6905.1685
0.0,0.5539639,6252.441
0.0,0.53964305,622.30865
0.0,0.24085066,251.05318
0.0,0.22257808,427.64767
0.0,0.2927436,396.16214
0.0,0.2288096,422.5623
0.0,0.3259303,823.58655
0.0,0.11023152,80544.945
0.0,0.21474652,127.27951
0.0,0.424606,2305.6833
0.0,0.22850169,7248.4277
0.0,0.42635033,542.20496
0.0,0.3107365,4173.492
0.0,0.10801825,4131.8667
0.0,0.19643675,1119.2272
0.0,0.20473982,192.77296
0.0,0.19839433,81.52611
0.0,0.31557256,255.90044
0.0,0.21550277,1362.2172
0.0,0.30949593,8640.78
0.0,0.45131528,147.88683
0.0,0.27273303,174.20294
0.0,0.19839007,88.565956
0.0,0.29170665,1343.5858
0.0,0.2606526,344.11877
0.0,0.5482113,4131.724
0.0,0.43685332,11631.984
0.0,0.18493122,165.96909
0.0,0.15710853,140.24281
0.0,0.23977517,123.76585
0.0,0.5314983,73.35003
0.0,0.5787959,3383.7327
0.0,0.26187742,92.10121
0.0,0.47686747,317.33676
0.0,0.46341333,83.24956
0.0,0.30023012,213.51572
0.0,0.3257324,746.6683
0.0,0.22260803,104.449036
0.0,0.59012014,5938.86
0.0,0.99999917,131.371
0.0,0.34296548,347.48724
0.0,0.22403574,269.01953
0.0,0.5444312,5228.6636
0.0,0.17096666,1610.5979
0.0,0.35471594,2012.0342
0.0,0.9900739,1964.9592
0.0,0.39319468,323.12305
0.0,0.21718816,145.77016
0.0,0.21676695,173.07127
0.0,0.20560184,959.3166
0.0,0.18931307,1246.6515
0.0,0.2690792,439.1515
0.0,0.18616466,45302.754
0.0,0.5060915,57517.055
0.0,0.15434463,1766.3102
0.0,0.8865162,10760.081
0.0,0.30465016,247.65126
0.0,0.05789079,25482.828
0.0,0.20612626,489.09695
0.0,0.42887706,3678.0857
0.0,0.24173646,11585.563
0.0,0.4866111,71.624664
0.0,0.21368778,235.7512
0.0,0.38693297,2536.6643
0.0,0.17099193,10382.982
0.0,0.30469248,362.6778
0.0,0.22676797,96.238716
0.0,0.30111203,5446.068
0.0,0.23770626,811.854
0.0,0.32120663,80.84987
0.0,0.36434978,144.84244
0.0,0.2786091,96.76494
0.0,0.041796315,53360.58
0.0,0.2242105,2874.917
0.0,0.32090577,238.79071
0.0,0.39879984,117.77453
0.0,0.25291497,148.07977
0.0,0.34613803,183.54979
0.0,0.6345085,9977.89
0.0,0.45363227,77.186295
0.0,0.3596417,238.31192
0.0,0.32275975,2754.6587
0.0,0.15250137,5787.2456
0.0,0.19158097,1362.7588
0.0,0.13226484,111.15664
0.0,0.030029701,74799.3
0.0,0.1876367,3369.4224
0.0,0.8168106,146.29076
0.0,0.23617887,558.37665
0.0,0.5519737,592.2642
0.0,0.12230087,10210.567
0.0,0.29843447,11779.0625
0.0,0.21923271,298.6398
0.0,0.6592471,6188.137
0.0,0.18648918,378.74652
0.0,0.7177996,190.80482
0.0,0.14696658,8467.735
0.0,0.25160694,574.7775
0.0,0.30083477,66.0499
0.0,0.8258183,109040.69
0.0,0.208051,1756.7838
0.0,0.77173066,5460.4556
0.0,0.27437314,3763.3088
0.0,0.25326738,94.90388
0.0,0.28013313,657.65106
0.0,0.25277257,981.023
0.0,0.2650501,12832.723
0.0,0.13196887,39283.668
0.0,0.27383783,476.76062
0.0,0.32447198,4254.0728
0.0,0.38842478,93.10971
0.0,0.4780464,207.56502
0.0,0.34965116,69.54365
0.0,0.5018776,245.62543
0.0,0.48514795,7705.2114
0.0,0.3814595,90.9906
0.0,0.40631244,803.7316
0.0,0.14533253,1812.2965
0.0,0.23096962,165.62239
0.0,0.4227257,455.61044
0.0,0.411588,375.7279
0.0,0.2530094,19034.541
0.0,0.38827375,144.19576
0.0,0.09962024,3622.647
0.0,0.32316607,2323.281
0.0,0.20626172,65.71999
0.0,0.31440106,133.90703
0.0,0.18414313,15086.314
0.0,0.20062695,148.99272
0.0,0.16123281,298.11563
0.0,0.33981457,68.319046
0.0,0.22781773,923.01654
0.0,0.35820386,255.64503
0.0,0.24730794,1279.0319
0.0,0.51500607,2077.4297
0.0,0.31511268,93.07399
0.0,0.48762235,291.15674
0.0,0.35546318,69.21784
0.0,0.3310826,337.90402
0.0,0.16216725,265.51523
0.0,0.7014933,9605.634
0.0,0.1738629,127.4094
0.0,0.2284392,10650.663
0.0,0.25932154,863.98755
0.0,0.39573646,617.6994
0.0,0.2186866,86.041626
0.0,0.31420323,333.6949
0.0,0.2290424,104.422035
0.0,0.5310241,66.28157
0.0,0.46997005,3712.7236
0.0,1.0,489.73212
0.0,0.2758764,849.84204
0.0,0.3685579,106.763626
0.0,0.25843155,4694.366
0.0,0.19718885,103.28707
0.0,0.68881905,1034.9021
0.0,0.9980684,111564.586
0.0,0.60674185,1501.9576
0.0,0.31100017,789.2978
0.0,0.14240506,2678.5212
0.0,0.2800697,832.63654
0.0,0.50814456,117.65994
0.0,0.015486706,95537.85
0.0,0.24107665,89.17456
0.0,0.21725325,430.53873
0.0,0.3518162,1481.0814
0.0,0.51655513,144.77574
0.0,0.4531704,515.32385
0.0,0.3396619,956.2564
0.0,0.13837254,11561.801
0.0,0.31073496,842.43085
0.0,0.9774105,3005.574
0.0,0.14095064,10714.775
0.0,0.99644345,959.1576
0.0,0.10611604,7417.7046
0.0,0.27512914,71.674934
0.0,0.18725671,2199.3347
0.0,0.14603268,26961.922
0.0,0.4874166,86.14404
0.0,0.20248353,858.2659
0.0,0.12224302,40870.785
0.0,0.2536053,4840.9893
0.0,0.23258951,2328.1865
0.0,0.31422156,840.17236
0.0,0.1570634,239.04713
0.0,0.51413363,3778.4126
0.0,0.27835694,464.4085
0.0,0.24248686,115.48562
0.0,0.24248686,115.48562
0.0,0.26022172,115.325516
0.0,0.77958786,19240.438
0.0,0.34967646,735.114
0.0,0.15423034,698.9789
0.0,0.517021,10971.513
0.0,0.31818524,168.6518
0.0,0.26145732,785.8368
0.0,0.20984283,100.88977
0.0,0.39879984,1428.7511
0.0,0.39919078,207.79065
0.0,0.2284759,2946.631
0.0,0.21131332,15422.548
0.0,0.24491769,3619.9272
0.0,0.09259112,52571.555
0.0,0.18162242,2968.089
0.0,0.22097996,1057.187
0.0,0.4875558,421.4359
0.0,0.17242104,1306.4797
0.0,0.53220475,2791.8853
0.0,0.9280715,5826.9517
0.0,0.20058133,2949.5361
0.0,0.4106924,88.52756
0.0,0.06971442,20435.34
0.0,0.26805076,183.39186
0.0,0.4519389,3796.5957
0.0,0.25864026,4870.477
0.0,0.13038617,15614.949
0.0,0.9999963,851.86786
0.0,0.35026175,110.35617
0.0,0.55287975,528.84814
0.0,0.27508926,309.57443
0.0,0.37703004,84.049255
0.0,0.3754093,104.5014
0.0,0.4090322,2555.1313
0.0,0.135897,1339.6351
0.0,0.52233535,7805.346
0.0,0.28579676,541.67096
0.0,0.2605176,536.51373
0.0,0.23133367,331.00443
0.0,0.33147582,1938.0159
0.0,0.52846146,83.04053
0.0,0.47807848,5645.387
0.0,0.34722295,2710.2607
0.0,0.09186065,35771.164
0.0,0.06660452,39848.008
0.0,0.51189584,191.39767
0.0,0.52936244,11489.908
0.0,0.18947685,14184.546
0.0,0.3014011,330.3625
0.0,0.2968721,248.43384
0.0,0.27675483,2583.7415
0.0,0.39349884,1624.6761
0.0,0.3019277,355.1961
0.0,0.16071121,12166.75
0.0,0.20219399,680.72144
0.0,0.11442392,18945.637
0.0,0.29879475,91.91256
0.0,0.14844956,9722.457
0.0,0.2665632,1282.2131
0.0,0.4881324,6056.754
0.0,0.5275629,147.60262
0.0,0.1377316,298.7654
0.0,0.18533416,79.485054
0.0,0.36650836,2030.5819
0.0,0.16658542,656.344
0.0,0.23754449,2538.329
0.0,0.20629753,330.19025
0.0,0.2541563,9465.412
0.0,0.19005378,97.069565
0.0,0.19882739,66.08361
0.0,0.2256733,1564.8572
0.0,0.1138541,66.75151
0.0,0.21218038,83.34572
0.0,0.24293518,319.16565
0.0,0.31826207,79.020996
0.0,0.28315285,153.5997
0.0,0.13961375,58537.11
0.0,0.34896925,115.731804
0.0,0.24321274,103.29376
0.0,0.20656496,123.020164
0.0,0.2469842,408.25916
0.0,0.41004977,378.58145
0.0,0.3342254,42293.73
0.0,0.22356932,72.28574
0.0,0.548887,781.4285
0.0,0.1749236,4305.5386
0.0,0.28989288,9485.866
0.0,0.9622582,662.01196
0.0,0.20692192,284.5317
0.0,0.13760796,1356.3207
0.0,0.5100035,506.08936
0.0,0.11428524,16316.873
0.0,0.56592894,4892.5054
0.0,0.5251309,8409.993
0.0,0.17868942,1210.1846
0.0,0.28382853,81.12873
0.0,0.21038365,18665.656
0.0,0.16984957,1372.3413
0.0,0.4648578,92.61976
0.0,0.08948938,36502.06
0.0,0.77333367,7955.6084
0.0,0.39879984,3202.4592
0.0,0.40035173,873.90735
0.0,0.15329571,22043.78
0.0,0.13817619,2510.325
0.0,0.10250216,572.72485
0.0,0.112238154,847.7796
0.0,0.42699108,195.02255
0.0,0.75619996,37001.246
0.0,0.41851202,67.03234
0.0,0.16308017,199.21165
0.0,0.29399917,30526.086
0.0,0.4689387,5011.4243
0.0,0.20565835,4554.464
0.0,0.28715888,1667.5717
0.0,0.20657004,2433.2678
0.0,0.22362375,1860.9977
0.0,0.35936633,72.76348
0.0,0.22721092,286.9542
0.0,0.25424498,1049.4316
0.0,0.25491676,105.633766
0.0,0.17673951,1113.311
0.0,0.20628458,692.6992
0.0,0.09320343,18512.828
0.0,0.16095757,13337.353
0.0,0.25391543,139.18039
0.0,0.2994507,90.75829
0.0,0.24563445,1805.504
0.0,0.16218044,31634.584
