true_label,prob_tau,reco_energy_tev
1.0,0.095946744,19990.7
1.0,0.564321,112.6986
1.0,0.41186768,426.112
1.0,0.49327412,688.88116
1.0,0.4592057,179.5309
1.0,0.97118956,88.67513
1.0,0.59242964,252.07639
1.0,0.2877822,3248.7808
1.0,0.99999833,4033.361
1.0,1.0,775.4636
1.0,0.381296,70.94883
1.0,0.99950194,1122.5167
1.0,0.9999974,274696.56
1.0,0.27150717,609.42523
1.0,0.9974759,6390.893
1.0,0.0047316244,376.06137
1.0,0.09054866,65.092224
1.0,0.68359125,70.145676
1.0,0.22100689,73.75859
1.0,0.4735736,275.45615
1.0,0.9994537,757.782
1.0,0.071664,173.02663
1.0,0.8406805,235.53401
1.0,0.37240383,263.5666
1.0,0.56459624,955.09015
1.0,0.17343688,67.17354
1.0,0.5712309,199.24698
1.0,0.288525,22340.209
1.0,0.76755846,73.64522
1.0,0.49440283,75.26773
1.0,0.55935276,155.3253
1.0,0.88137203,1.6593875e+06
1.0,0.7953982,71.435844
1.0,0.6895017,28459.762
1.0,0.48002353,156.03654
1.0,0.69449085,151.05698
1.0,0.5221002,150.0517
1.0,0.5592456,87.29737
1.0,0.5519158,227.50955
1.0,0.5251172,3208.2012
1.0,0.68701476,360.57642
1.0,0.85028327,71.363976
1.0,0.96156806,333.60056
1.0,0.30757862,1107.1345
1.0,0.8245011,149.56647
1.0,0.93643206,683.43317
1.0,0.80723727,77.353195
1.0,0.5540388,89.51218
1.0,0.8131818,126.21942
1.0,0.812984,160.47385
1.0,0.6773713,94.3195
1.0,0.786111,142.05702
1.0,0.9878848,111.367424
1.0,0.8030802,3.56531e+07
1.0,0.83650553,1249.7708
1.0,0.6479113,146.50679
1.0,0.78587115,139.00049
1.0,0.27047303,115.627594
1.0,0.5253302,141.95544
1.0,0.6339758,169.05707
1.0,0.32573432,1531.7784
1.0,0.9997204,188.40063
1.0,0.735732,77.48636
1.0,0.9863669,519.007
1.0,0.6910741,173.6073
1.0,0.9007301,115.54954
1.0,0.56359893,160.38895
1.0,0.9704616,77.766846
1.0,0.70486116,142.30563
1.0,0.9881649,461.68802
1.0,0.4117173,45032.824
1.0,0.7922308,82.45999
1.0,0.03345767,216.60767
1.0,0.6951808,1602.8658
1.0,0.49720064,107.46084
1.0,0.8315731,95.590034
1.0,0.38674974,198.42764
1.0,0.5942528,318.4881
1.0,0.47581518,98.54262
1.0,0.99991035,470.05917
1.0,0.86457884,227.59912
1.0,0.9072249,99.36243
1.0,0.53696626,77.67356
1.0,0.5875521,258.13315
1.0,0.7762107,108.15929
1.0,0.85641736,3136.885
1.0,0.5374751,1471.725
1.0,0.86497337,174.58887
1.0,0.7018873,1.5549782e+06
1.0,0.734518,86.49751
1.0,0.94540566,408.3257
1.0,0.88545316,81.70488
1.0,0.5937798,284.11307
1.0,0.98696274,2525.7673
1.0,0.6835844,111.41145
1.0,0.834801,92.89204
1.0,0.51724595,105021.88
1.0,0.79487115,175.46643
1.0,0.29316208,134.56194
1.0,0.519657,114.43916
1.0,0.050430126,115.57168
1.0,0.7576132,81.34786
1.0,0.49440283,234.3069
1.0,0.7705614,181.91205
1.0,0.95493406,120.63474
1.0,0.37837225,2940.179
1.0,0.8403015,4017.8936
1.0,0.45465013,334.54874
1.0,0.43632817,136.97392
1.0,0.49440283,78.11107
1.0,0.49440283,265.9139
1.0,0.6071785,83.17315
1.0,0.63464785,78.698685
1.0,0.9800593,419.4684
1.0,0.91610235,194.88054
1.0,0.7756958,26226.553
1.0,0.82610506,85.916405
1.0,0.8284446,158.82013
1.0,0.70310503,83.20448
1.0,0.7566448,81133.31
1.0,0.98766476,403.9701
1.0,0.5492273,3.2970717e+08
1.0,0.96135813,102.64679
1.0,0.99371135,227.66847
1.0,0.70493746,190.84726
1.0,0.69764876,142.47049
1.0,0.70306414,510.06345
1.0,0.5589388,217.785
1.0,0.5442165,1.5550346e+06
1.0,3.0008023e-05,145.21983
1.0,0.535646,105.74505
1.0,0.9315491,284633.84
1.0,0.92124265,82.49893
1.0,0.469217,4.267108e+08
1.0,0.60635287,2709.0989
1.0,0.026729774,107.32318
1.0,0.5752511,70030.82
1.0,0.6453486,114.794426
1.0,0.585609,143.77927
1.0,0.70837283,22661.244
1.0,0.6160626,149.58633
1.0,0.6192495,125.48562
1.0,0.95115316,232.42747
1.0,0.85802716,865.1765
1.0,0.8568943,146.93925
1.0,0.9999056,1561.1898
1.0,0.47173914,2774.5222
1.0,0.9974523,70.01691
1.0,0.3074952,7598.5527
1.0,0.4905661,3.329342e+06
1.0,0.32506663,66.14468
1.0,0.49757653,1648.7996
1.0,0.9311888,548170.2
1.0,0.61892146,119.579506
1.0,0.6097276,153.42441
1.0,0.6534288,257.03708
1.0,0.6669314,70.28389
1.0,0.2749703,1.1032188e+14
1.0,0.74945664,140.91014
1.0,0.787866,1430.0576
1.0,0.9818459,385.93634
1.0,0.9346312,179.04536
1.0,0.9671332,184.5209
1.0,0.6982412,4.4167565e+08
1.0,0.85999256,94.807755
1.0,0.88300365,97.00151
1.0,0.51561344,87.88894
1.0,0.8013458,125.97133
1.0,0.57469326,162.29128
1.0,0.5390043,78.75694
1.0,0.6684069,522.76215
1.0,0.85370475,174.23297
1.0,0.98785895,353.61667
1.0,0.83528334,6.0575716e+07
1.0,0.9904198,275.34836
1.0,0.9245643,67038.01
1.0,0.9819758,70.488045
1.0,0.5535743,103.85982
1.0,0.49440283,70.13016
1.0,0.4879752,76.19037
1.0,0.4911881,1477.2665
1.0,0.8007488,225.95926
1.0,0.5715398,186.2224
1.0,0.6522641,146.24933
1.0,0.9556653,97.76639
1.0,0.51280105,2428.417
1.0,0.008362993,79.39966
1.0,0.4813852,252.02339
1.0,0.50946057,553.906
1.0,0.7435377,75158.89
1.0,0.6839502,74.883156
1.0,0.97997504,117.14298
1.0,0.7400188,1.2066944e+06
1.0,0.8753325,73.27151
1.0,0.5241607,1.0189525e+08
1.0,0.6867131,289.50803
1.0,0.83939993,224.50542
1.0,0.8320313,69.962616
1.0,0.46881163,115.70239
1.0,0.7660598,107.457245
1.0,0.7462043,84.410645
1.0,0.6074064,173.61455
1.0,0.66065127,97.476
1.0,0.8575192,5279.338
1.0,0.88104314,117.76942
1.0,0.99855286,144.21008
1.0,0.60235673,3.8281818e+08
1.0,0.91838425,75.085625
1.0,0.8554692,180.2341
1.0,0.6338769,98.68947
1.0,0.49440283,7.257729e+06
1.0,0.9448132,505.8802
1.0,0.9958639,509.70877
1.0,0.52662826,1473.2924
1.0,0.8833532,147.4808
1.0,0.62860566,97.47635
1.0,0.77741426,159.59196
1.0,0.15793245,185.61461
1.0,0.90876704,1985.9438
1.0,0.75684226,68.14524
1.0,0.39632404,226.4913
1.0,0.85177463,66.32441
1.0,0.8354152,120898.61
1.0,0.76329285,98.69773
1.0,0.508325,920.02216
1.0,0.6130341,165.84048
1.0,0.9785649,114.3584
1.0,0.62368107,1.3750456e+06
1.0,0.6638719,92.39131
1.0,0.49440283,2.0703366e+07
1.0,0.82281953,67.73905
1.0,0.9450318,608661.25
1.0,0.49097705,12126.154
1.0,0.50831914,43880.254
1.0,0.96854824,146.83548
1.0,0.82765657,237.95581
1.0,0.48588058,70.56025
1.0,0.5115147,4.4032764e+07
1.0,0.94473594,66.73799
1.0,0.67158794,120.55007
1.0,0.9991761,354.30942
1.0,0.7640755,5.148248e+07
1.0,0.5935159,118.821594
1.0,0.19677126,179.6426
1.0,0.9648606,394.46594
1.0,0.8584106,223.34152
1.0,0.70870835,268.83365
1.0,0.70151925,128.51828
1.0,0.3364503,345.0817
1.0,0.49440283,1456.1292
1.0,0.49440283,744578.6
1.0,0.99285203,871.0388
1.0,0.8539081,119.270905
1.0,0.4844788,8.859382e+06
1.0,0.47610262,72.124214
1.0,0.9287117,116.57837
1.0,0.7453093,77.095314
1.0,0.9762063,82.21753
1.0,0.84343094,202.16003
1.0,0.11716192,243.47298
1.0,0.48525515,163.07184
1.0,0.46604145,6955.4497
1.0,0.48245072,68.17214
1.0,0.9975314,733.5051
1.0,0.9073897,236.3272
1.0,0.9073897,236.3272
1.0,0.8699677,93.858604
1.0,0.101102814,106.5154
1.0,0.47662264,172.84795
1.0,0.69190377,133.25554
1.0,0.8687783,67.179
1.0,0.62622154,102.29318
1.0,0.9643589,559.99664
1.0,0.49151132,4.2906544e+08
1.0,0.56423223,1357.3844
1.0,0.22475564,78.9014
1.0,0.22475561,78.9014
1.0,0.9814543,285.992
1.0,0.49147666,177.9461
1.0,0.8393872,150.52998
1.0,0.67764324,125.99311
1.0,0.6585076,117.0616
1.0,0.5171059,78.199066
1.0,0.7687101,96.552574
1.0,0.82529783,171.28464
1.0,0.9308278,339.96378
1.0,0.40581116,326.12393
1.0,0.83427244,1040.4026
1.0,0.9959347,1266.9789
1.0,0.7551432,208.07535
1.0,0.91655475,77.06349
1.0,0.83693683,1139.6063
1.0,0.8423014,146.19298
1.0,0.4046667,84120.52
1.0,0.62950915,12518.665
1.0,0.94460785,366.58798
1.0,0.7871248,109.33825
1.0,0.5109484,3957.272
1.0,0.7164721,118.13554
1.0,0.6794028,146.84177
1.0,0.87277126,101.18558
1.0,0.94566387,1990.4429
1.0,0.11458357,243.65054
1.0,0.73467135,145.12611
1.0,0.7124263,144.6808
1.0,0.89259267,34935.715
1.0,0.6236363,89.915985
1.0,0.7488777,2.6564148e+07
1.0,0.023295065,90.10759
1.0,0.6894681,19175.967
1.0,0.36436543,91.13192
1.0,0.92949295,112.13625
1.0,0.8397296,165.02374
1.0,0.82114226,72.89479
1.0,0.5456184,142.2954
1.0,0.59248626,70.40528
1.0,0.15977937,277.05237
1.0,0.9621285,310.21274
1.0,0.6200427,89.741714
1.0,0.516411,750.3484
1.0,0.96656513,138.76207
1.0,0.63696146,124.79032
1.0,0.4476842,5918.2354
1.0,0.4803536,333.74234
1.0,0.58533895,1.6593e+08
1.0,0.866862,134.68846
1.0,0.78289026,187.86325
1.0,0.37317047,6.5281445e+06
1.0,0.63510317,101.08802
1.0,0.02833387,172.333
1.0,0.682258,101.16697
1.0,0.9281542,80.37837
1.0,0.49440283,2.090474e+07
1.0,0.9679109,3.1833465e+06
1.0,0.87318254,46491.0
1.0,0.57793653,73.202156
1.0,0.2635226,133.03824
1.0,0.72272253,1871.2721
1.0,0.9770716,115.57841
1.0,0.47974962,135.33076
1.0,0.49338323,59430.543
1.0,0.91951996,80.18841
1.0,0.49440283,155.59021
1.0,0.99506015,786.5023
1.0,0.41738564,65.89934
1.0,0.9691729,202.93082
1.0,0.8190835,141.09871
1.0,0.8066621,84.705765
1.0,0.49440283,181.6089
1.0,0.9068176,104.45815
1.0,0.49440283,121.004585
1.0,0.8064735,112.44904
1.0,0.99948776,778.30963
1.0,0.64207494,376.69324
1.0,0.9791834,180.28418
1.0,0.7667593,66.67647
1.0,0.8593991,115.49658
1.0,0.96346813,303.73465
1.0,0.49440283,108.32621
1.0,0.5752953,114.035034
1.0,0.7626443,90.91835
1.0,0.75618815,2645.1223
1.0,0.4881483,1180.4049
1.0,0.53459567,429.58206
1.0,0.6255172,94.61854
1.0,0.85067177,81.0429
1.0,0.8864294,112.146965
1.0,0.5034657,125.89099
1.0,0.20474486,52234.734
1.0,0.49470723,1963.5834
1.0,0.984797,600.703
1.0,0.5584158,78.125435
1.0,0.82881606,106.37743
1.0,0.91230303,142.33696
1.0,0.83264786,87.19344
1.0,0.81285435,809.33575
1.0,0.9476619,6.411901e+06
1.0,0.801037,71.13205
1.0,0.013624724,122.21958
1.0,0.9819048,82.242744
1.0,0.5575451,71.08255
1.0,0.9575003,81.02338
1.0,0.80805796,99.19859
1.0,0.5805969,105.77147
1.0,0.94555455,69.33863
1.0,0.6680803,91.68736
1.0,0.75003666,103.50214
1.0,0.30206072,151.62668
1.0,0.5946105,90.23353
1.0,0.21498288,102.216896
1.0,0.5292893,71.39734
1.0,0.9292189,1491.5895
1.0,0.9990305,66.841805
1.0,0.28613704,201.99939
1.0,0.22047815,123.4863
1.0,0.58465075,80.92531
1.0,0.63040173,5599.594
1.0,0.997303,88.28741
1.0,0.5176095,72.79308
1.0,0.9989962,76.187355
1.0,0.34375697,183.10204
1.0,0.61577505,70.32557
1.0,0.60048723,75.10296
1.0,0.15198189,67.91361
1.0,0.31393525,99.13261
1.0,0.21336849,166.81963
1.0,0.6144058,99.818726
1.0,0.31682312,323.3367
1.0,0.63799256,87.559
1.0,0.66289717,85.16764
1.0,0.99985933,168.45691
1.0,0.48833296,92.71018
1.0,0.98255116,425.68552
1.0,0.99999964,245.63783
1.0,0.30362535,78.37472
1.0,0.99999857,6311.049
1.0,0.02488255,82.78469
1.0,0.83952665,126.0167
1.0,0.548021,82.56112
1.0,0.49075657,426.3743
1.0,0.5264668,114.99468
1.0,0.44953135,159.64839
1.0,0.80471873,20941.451
1.0,0.41078755,82.86505
1.0,0.5800104,71.815544
1.0,0.75337565,87.03142
1.0,0.7332515,75.90993
1.0,1.0,11448.44
1.0,0.21836416,95.983315
1.0,0.4083764,70.73567
1.0,0.96930707,600.8343
1.0,0.51647484,197.91231
1.0,0.84072614,71.17205
1.0,0.747214,140.66258
1.0,0.89618623,1038.1786
1.0,0.3043372,92.49529
1.0,0.7810939,73.280846
1.0,0.15473191,71.57478
1.0,0.5984668,104.80872
1.0,0.22179218,68.35716
1.0,0.14293541,278.34543
1.0,0.99995756,69.59118
1.0,0.8806064,71.2983
1.0,0.004512684,450.62253
1.0,0.99974793,212.5874
1.0,1.0,28819.236
1.0,0.22496931,104.655556
1.0,0.4859249,191.01308
1.0,0.7915958,70.85711
1.0,0.19142465,173.1646
1.0,0.06337804,257.41187
1.0,0.89026535,133.23645
1.0,0.5834862,73.61009
1.0,0.28176236,110.28452
1.0,0.44438615,69.22103
1.0,0.7893695,68.149315
1.0,0.4229793,166.70995
1.0,0.49440283,167.9213
1.0,0.86534077,71.68155
1.0,0.9841828,178.67107
1.0,0.5952475,98.718864
1.0,0.78676265,84.91542
1.0,0.16066568,37754.535
1.0,0.9904918,117.538704
1.0,0.99844533,666.3609
1.0,0.15281509,146.59706
1.0,0.2188658,218.33566
1.0,0.8389514,424.98828
1.0,0.62141585,66.11063
1.0,0.40490234,89.84649
1.0,0.5964225,92.732605
1.0,0.5061811,80.451744
1.0,0.2171668,92.944115
1.0,0.99951243,357.27673
1.0,0.33606514,87.24606
1.0,0.64060014,90.15309
1.0,0.31849647,96.99672
1.0,0.23132123,83.13924
1.0,0.5806941,108.15418
1.0,0.64810336,84.50182
1.0,0.99948394,1888.7234
1.0,0.86484784,143.12358
1.0,0.06696446,77.79211
1.0,0.74505246,69.03944
1.0,0.9915896,161.56447
1.0,0.99419504,99.10053
1.0,0.5120694,66.060234
1.0,0.09493303,122.34465
1.0,0.98952734,95.15983
1.0,0.35067543,67.09296
1.0,0.1450207,87.188484
1.0,0.30720162,104.73061
1.0,0.38664007,73.27891
1.0,0.44986165,132.03328
1.0,0.9880008,83.38364
1.0,0.48048043,73.12217
1.0,0.34075323,87.06611
1.0,1.0,236.89171
1.0,0.3067484,75.63134
1.0,0.9999932,1821.3529
1.0,0.54837805,86.39147
1.0,0.957822,229.63141
1.0,0.9725637,74.49135
1.0,0.6301821,91.56098
1.0,0.021067305,389.13693
1.0,0.79140186,124.623
1.0,0.9999827,190.15117
1.0,0.3635334,171.68304
1.0,0.39046124,84.55535
1.0,0.40044636,103.5052
1.0,0.4983191,393.958
1.0,0.5828167,160.12009
1.0,0.29136372,114.78882
1.0,0.99995637,1868.9897
1.0,0.14599195,664.9474
1.0,0.6448882,91.58366
1.0,0.68957347,516.6297
1.0,0.9999193,154.60738
1.0,0.58997655,115.61661
1.0,0.6294186,65.98029
1.0,0.44198573,76.92608
1.0,0.7163841,74.53974
1.0,0.3561289,80.3489
1.0,0.1675761,109.063324
1.0,0.39190882,133.85353
1.0,0.26309222,148.2912
1.0,0.587342,377.31186
1.0,0.7755874,109.2981
1.0,0.7252693,106.06686
1.0,0.6835315,126.38375
1.0,0.25909102,87.10366
1.0,0.64264864,76.27913
1.0,0.022930164,224.90114
1.0,0.51612127,65.851166
1.0,0.45426676,154.40804
1.0,0.66325384,99.52801
1.0,0.249138,180.0898
1.0,0.998871,123.95148
1.0,0.29186854,86.87441
1.0,0.25048834,124.11605
1.0,0.5412744,204.41624
1.0,0.56706184,88.09834
1.0,0.2646755,154.3427
1.0,0.6241498,90.625885
1.0,0.34820715,151.77858
1.0,0.43872115,99.65096
1.0,0.9976162,70.83237
1.0,0.7669269,98.169754
1.0,0.7588616,423.33478
1.0,0.15554741,360.00024
1.0,0.999946,128.24673
1.0,1.0,18179.385
1.0,0.19402778,146.08339
1.0,0.98989093,885.9849
1.0,0.9890764,114.93788
1.0,0.6557295,79.632965
1.0,1.0,49666.66
1.0,0.39116353,83.21892
1.0,0.015985975,84.691864
1.0,0.26522857,116.32795
1.0,0.049534082,106.875046
1.0,0.8306489,1120.4008
1.0,0.58849823,97.686874
1.0,0.16151038,107.4225
1.0,0.6058621,69.432945
1.0,0.5086772,2.0070357e+08
1.0,0.9040713,70.30243
1.0,0.28638652,78.37569
1.0,0.40377718,246.0792
1.0,0.66703725,70.881714
1.0,0.11726724,81.81074
1.0,0.6061066,69.326355
1.0,0.63195485,89.77621
1.0,0.6569556,89.720726
1.0,0.43696913,137.94406
1.0,0.15307704,208.42232
1.0,0.19545388,68.32143
1.0,0.6165747,101.13437
1.0,0.064359464,255.22281
1.0,0.6179463,66.861404
1.0,0.51605445,68.801094
1.0,0.43265402,73.93332
1.0,0.24528317,128.41983
1.0,0.999984,263.55298
1.0,0.557191,65.24759
1.0,0.6627676,231.7083
1.0,0.6250511,91.96515
1.0,0.5739014,233.18959
1.0,0.4700857,71.133415
1.0,0.86028814,79.381744
1.0,0.5186768,249.11806
1.0,0.48407203,148.7642
1.0,0.23350653,107.55817
1.0,0.9999058,129.5979
1.0,0.22972398,152.06833
1.0,0.6741857,67.40612
1.0,0.5269738,69.78079
1.0,0.99543804,454.5671
1.0,0.61862487,736.889
1.0,0.4818634,563.38666
1.0,0.72397625,65.21461
1.0,0.99562484,261.6499
1.0,0.4756176,67.04945
1.0,0.15802707,66.59648
1.0,0.6257023,201.94174
1.0,0.7463287,129.97324
1.0,0.771213,492.67517
1.0,0.07322946,97.67524
1.0,0.84070504,69.63945
1.0,0.98040056,198.4233
1.0,0.15263334,115.28279
1.0,0.5122665,213.61081
1.0,0.94487184,190.9227
1.0,0.97152823,128.95242
1.0,0.11007824,73.45532
1.0,0.09410646,189.59851
1.0,0.61058235,75.75336
1.0,0.5272187,475.17117
1.0,0.75696594,324.82404
1.0,0.47182548,92.89626
1.0,0.65678644,68.733154
1.0,0.6024804,79.74117
1.0,0.57467234,81.15955
1.0,0.44359976,132.21432
1.0,0.54945827,65.47641
1.0,0.9997943,70.13467
1.0,0.7614575,99.32403
1.0,0.15700762,70.247955
1.0,0.7311598,85.34467
1.0,0.3935113,384.26978
1.0,0.5737767,85.065475
1.0,0.06360573,76.02848
1.0,0.38945362,248.95824
1.0,0.55187905,536.9684
1.0,0.9999995,152.30176
1.0,0.773543,348.18863
1.0,0.51614076,404.52426
1.0,0.6610847,66.76866
1.0,0.6147474,69.637054
1.0,0.19373158,119.46947
1.0,0.99301404,88.194374
1.0,0.7162775,95.78164
1.0,0.9772135,74.01706
1.0,0.9998658,66.290375
1.0,0.26345676,132.26057
1.0,0.5724663,112.56504
1.0,0.60720813,871.2932
1.0,0.3290278,66.08851
1.0,0.56914943,213.19
1.0,0.9880441,2458.1926
1.0,0.33677834,105.43666
1.0,0.4105345,181.46849
1.0,0.999995,4316.297
1.0,0.85217416,139.65662
1.0,0.10699494,134.33084
1.0,0.9830899,66.25996
1.0,0.57509315,114.58407
1.0,0.40191925,236.19698
1.0,0.59783775,93.07199
1.0,0.83586055,590.6469
1.0,0.42664567,89.96596
1.0,0.52810496,677.6681
1.0,0.13930054,195.96269
1.0,0.51814127,71.42027
1.0,0.42595106,72.49952
1.0,0.99999917,19100.445
1.0,0.9999832,2108.146
1.0,0.48866636,68.47446
1.0,0.93410057,519.913
1.0,0.8702185,553.1351
1.0,0.56678134,85.88532
1.0,0.75982845,330.1743
1.0,0.8086194,112.95316
1.0,0.38693258,229.11702
1.0,0.61245537,134.9778
1.0,0.8742676,68.19673
1.0,0.39368054,88.90945
1.0,0.1484084,112.46028
1.0,0.98256487,270.10336
1.0,0.5548049,90.035576
1.0,0.5163259,75.51894
1.0,0.28520048,76.281586
1.0,0.31435266,686.6746
1.0,0.6021413,67.22423
1.0,0.38831365,96.38136
1.0,0.1646096,69.95593
1.0,1.0,101.62274
1.0,0.7394083,90.648224
1.0,1.0,24216.396
1.0,0.5508098,349.53018
1.0,0.99999833,162.94048
1.0,0.17328686,66.5736
1.0,0.3409013,94.49131
1.0,0.3250416,475.65845
1.0,0.59191626,117.5569
1.0,0.9333092,101.74231
1.0,0.99999845,80.89973
1.0,0.49440283,113.05428
1.0,0.5239274,131.45058
1.0,0.99995923,209.40532
1.0,0.9994466,100.09403
1.0,0.6801853,903.9841
1.0,0.6418294,90.929756
1.0,0.17218259,168.32944
1.0,0.15570892,86.33849
1.0,0.41265413,539.2916
1.0,0.7804628,322.72876
1.0,0.7265492,73.48846
1.0,0.03244692,84.65988
1.0,0.9988527,67.694595
1.0,0.39361846,68.16709
1.0,0.5604709,72.79692
1.0,0.44651246,85.39335
1.0,0.06523286,102.457405
1.0,0.027366085,96.53262
1.0,0.26272136,76.93184
1.0,0.9985209,7821.526
1.0,0.82141376,129.58452
1.0,0.6570214,90.016815
1.0,0.38271794,96.609764
1.0,0.99998283,812719.56
1.0,0.9923604,70.09396
1.0,0.23126379,177.07675
1.0,0.20460023,150.06018
1.0,0.4840356,117.550964
1.0,0.1306306,81.68335
1.0,1.0,181.3452
1.0,1.0,16058.754
1.0,0.47080803,67.7783
1.0,0.054232422,488.06027
1.0,0.9825425,831.86896
1.0,0.45496744,121.05541
1.0,0.4696139,81.68537
1.0,0.9310563,169.95747
1.0,0.53974795,72.85483
1.0,0.2748434,79.03918
1.0,0.7290924,483.29834
1.0,0.67210746,71.4144
1.0,0.07450724,75.10572
1.0,0.5464062,88.49806
1.0,0.325949,88.65836
1.0,0.89752287,770.2255
1.0,0.49686554,86.65421
1.0,0.95166886,163.63177
1.0,0.9383459,9.952767e+06
1.0,0.2303586,68.61517
1.0,0.2858864,115.48834
1.0,0.38276157,103.58103
1.0,0.31281313,70.62293
1.0,0.40368876,96.44125
1.0,0.12898584,66.76347
1.0,0.5065619,179.07112
1.0,0.9419453,151.17535
1.0,0.27431846,86.07063
1.0,0.9999547,2810.0483
1.0,0.13408993,95.90023
1.0,0.5744651,87.66061
1.0,0.7758579,91.33467
1.0,0.9834005,73.091644
1.0,0.59589726,105.62182
1.0,0.49440283,2973.1301
1.0,0.99638844,668.9849
1.0,0.12379435,83.90339
1.0,0.56160754,346.6179
1.0,0.44047335,71.7203
1.0,0.5476362,75.3937
1.0,0.10125578,7922.95
1.0,0.9765662,101.88059
1.0,0.49703425,67.05352
1.0,1.0,200.98009
1.0,0.5881895,76.80765
1.0,0.4500419,75.49045
1.0,0.10140596,1.0881596e+10
1.0,0.8521114,698.4699
1.0,0.9999999,5959.645
1.0,0.059698194,74.4104
1.0,0.8248928,233.78242
1.0,0.981895,594.1045
1.0,0.3951794,73.00887
1.0,0.13146792,71.10819
1.0,0.3205415,70.49671
1.0,0.11973067,86.8316
1.0,0.9771846,142.05594
1.0,0.5094986,68.47564
1.0,0.4314279,97.79118
1.0,0.2914133,117.41127
1.0,0.5427651,78.22968
1.0,0.673347,95.00511
1.0,0.33618486,335.261
1.0,0.23675098,79.29349
1.0,0.69935125,77.534355
1.0,0.7282062,268.72137
1.0,0.99137574,178.1193
1.0,0.43260157,71.68251
1.0,0.3687695,73.51233
1.0,0.65657854,105.6246
1.0,0.95154107,343.75586
1.0,1.0,93.27916
1.0,0.9999777,3961.0996
1.0,0.23483512,74.213356
1.0,0.90001553,220.74927
1.0,0.9996063,375.2064
1.0,0.9950536,1059.9072
1.0,0.05872987,97.08012
1.0,0.9945269,65.98334
1.0,0.6385747,71.31934
1.0,0.9945797,184.5908
1.0,0.64287055,214.6125
1.0,0.8344556,663.7143
1.0,0.17986026,223.57018
1.0,0.18732165,84.12205
1.0,0.5335234,67.808914
1.0,0.49440283,92.59482
1.0,0.4538414,369.11932
1.0,0.5968806,108.75559
1.0,0.50960386,76.2325
1.0,0.22798377,96.12767
1.0,0.7927008,75.764755
1.0,0.87260187,408.0799
1.0,0.3704444,142.26251
1.0,0.40631697,122.06892
1.0,0.21926777,132.2385
1.0,0.9999782,205.98128
1.0,0.3009646,80.03879
1.0,0.54861164,157.87833
1.0,0.67330414,110.178444
1.0,0.28472108,149.929
1.0,0.4988729,105.67083
1.0,0.55703205,117.39722
1.0,0.48796925,92.33049
1.0,0.5484154,107.78077
1.0,0.99983215,71.83599
1.0,0.6652122,86.6928
1.0,0.51808804,148.47627
1.0,0.5269992,97.10221
1.0,0.99998736,326.13412
1.0,0.39717284,128.52519
1.0,0.70131683,87.3538
1.0,0.29286012,108.21565
1.0,0.44998512,169.29631
1.0,0.72739947,91.61227
1.0,0.2963726,196.12596
1.0,0.6751462,106.709366
1.0,0.28176603,166.94588
1.0,0.9434014,88.47853
1.0,0.947626,73.162224
1.0,0.1446433,121.405945
1.0,0.99999976,72.92095
1.0,0.6315395,125.30333
1.0,0.23845273,106.45537
1.0,0.30806953,126.488144
1.0,0.37779272,204.28409
1.0,0.61008185,78.31685
1.0,0.5288226,465.50735
1.0,0.6356262,100.245804
1.0,0.5526503,67.260666
1.0,0.5318857,72.96019
1.0,0.40850136,65.22422
1.0,0.45549494,67.85969
1.0,0.73756546,297.16272
1.0,0.6840938,117.49168
1.0,0.6962944,81.39242
1.0,0.9999958,5838.8506
1.0,0.5360038,104.41642
1.0,0.7576944,82.109726
1.0,0.39511034,65.873146
1.0,0.56701845,100.89503
1.0,0.87218636,236.3896
1.0,0.18650167,93.00779
1.0,0.49440283,95.46304
1.0,0.3644158,278.2906
1.0,0.49440283,8.536918e+15
1.0,0.99999726,7832.1816
1.0,0.34884384,100.233475
1.0,0.23673706,181.10146
1.0,0.56329536,82.046104
1.0,0.39217642,93.72972
1.0,0.48308095,180.83987
1.0,0.98704547,151.77509
1.0,0.67116886,94.06995
1.0,0.97397566,226.70476
1.0,0.9997948,792.5203
1.0,0.57876223,75.9972
1.0,0.5231706,70.41935
1.0,0.119170554,65.45677
1.0,0.5860818,70.149376
1.0,0.5756183,85.745735
1.0,0.9203111,84.01747
1.0,0.31903037,75.62945
1.0,0.8758044,80.94586
1.0,0.53137517,182.59451
1.0,0.20121697,65.70643
1.0,0.517749,127.084366
1.0,0.10572237,72.87145
1.0,0.20154233,65.36034
1.0,0.12296763,166.90344
1.0,0.5131412,121.53758
1.0,0.51364726,79.76258
1.0,0.4390269,72.38101
1.0,0.99991906,372.48605
1.0,1.0,195.59178
1.0,0.2502426,255.7614
1.0,0.9946345,136.12901
1.0,0.9507956,127.85637
1.0,0.49268723,100.28202
1.0,0.9984043,231.55635
1.0,0.4998667,243.33708
1.0,0.8202646,93.958305
1.0,0.49440283,98.78291
1.0,0.524847,86.13118
1.0,0.39763394,376.96423
1.0,0.15690583,107.3494
1.0,0.705047,94.04893
1.0,0.4120054,128.61569
1.0,0.3760319,90.54733
1.0,0.5217942,75.73473
1.0,0.7056504,75.578026
1.0,0.5614996,79.18024
1.0,0.4066587,67.827805
1.0,0.09488232,78.52519
1.0,0.31636852,98.131065
1.0,0.21845105,171.93082
1.0,0.8609769,79.330734
1.0,0.26946005,84.889694
1.0,0.39093867,84.40691
1.0,0.12342798,80.862564
1.0,0.17266496,84.26161
1.0,0.56416315,79.26724
1.0,0.81322914,67.84453
1.0,0.22376949,66.74786
1.0,0.9999989,3031.8591
1.0,0.8778451,188.73386
1.0,0.98812824,326.86865
1.0,0.30509138,148.97546
1.0,0.85563046,31889.928
1.0,0.9999993,4772.668
1.0,0.6712811,134.97676
1.0,0.6644121,66.338066
1.0,0.5675416,75.05404
1.0,0.55364376,168.41539
1.0,0.46847066,121.84797
1.0,0.9475636,94.79791
1.0,0.23609053,80.878456
1.0,0.36250278,67.19187
1.0,0.4460554,67.37055
1.0,0.12217711,78.18615
1.0,0.2880848,388.6429
1.0,0.4111991,95.148285
1.0,0.6453533,161.00789
1.0,0.33389303,73.7919
1.0,0.43036574,68.0824
1.0,0.52301896,69.47058
1.0,0.4106165,77.78674
1.0,0.23744312,76.63833
1.0,0.5586066,75.35108
1.0,0.53269756,81.59173
1.0,0.8417767,291.82706
1.0,0.49001276,78.80711
1.0,0.36730233,90.007034
1.0,0.97305435,71.430275
1.0,0.9999347,78.55764
1.0,0.96914357,231.9081
1.0,0.20611049,82.12848
1.0,0.25376183,68.00222
1.0,0.67902035,73.02824
1.0,0.9997539,75.728165
1.0,0.6162057,113.940796
1.0,0.9100878,132.29419
1.0,0.9944404,160.57053
1.0,0.9997886,101.493614
1.0,0.9998317,83.123535
1.0,0.29505536,126.056274
1.0,0.702686,259.76883
1.0,0.69232434,75.835266
1.0,0.70776457,6181.391
1.0,0.7034123,87.00672
1.0,0.55299586,70.23461
1.0,0.9991529,3240.9038
1.0,0.9999987,79.65686
1.0,0.94066906,183.8813
1.0,0.5059652,90.24527
1.0,0.8100789,195.05093
1.0,0.6541606,79.01974
1.0,0.10861264,76.449104
1.0,0.09602795,115.40044
1.0,0.52115977,113.54928
1.0,0.6665966,73.74822
1.0,0.5269375,92.53658
1.0,0.5424642,135.60391
1.0,0.99999034,1196.1797
1.0,0.5706871,96.55568
1.0,0.64336216,71.164505
1.0,0.23118743,71.85197
1.0,0.10428544,620.85944
1.0,0.5660224,104.59605
1.0,0.29976758,68.55201
1.0,0.99999976,191.09236
1.0,0.3979775,78.763214
1.0,0.25532708,198.21185
1.0,0.057036113,10035.207
1.0,0.21039832,281.5564
1.0,0.2928001,121.75636
1.0,0.28199854,120.5647
1.0,0.558137,80.06403
1.0,0.32115924,72.96073
1.0,0.99834895,170.17061
1.0,0.2304425,79.07869
1.0,0.47455874,147.15245
1.0,0.6229593,150147.94
1.0,0.9996742,79.588776
1.0,0.44689658,67.97912
1.0,0.5412541,81.71769
1.0,0.76137865,101.99649
1.0,0.2175942,151.478
1.0,0.9407168,136.82828
1.0,0.14460333,182.30554
1.0,0.18977857,346.09613
1.0,1.0,225.90816
1.0,0.3314658,137.17365
1.0,0.94403446,291.30844
1.0,0.49440283,183.02335
1.0,0.99957114,101.23158
1.0,0.99965775,1937.7819
1.0,0.57676756,65.98464
1.0,0.3113014,80.57373
1.0,0.9608322,757.48914
1.0,0.999998,430.5567
1.0,0.9812056,76.82612
1.0,0.6375089,67.39484
1.0,0.38201633,187.50696
1.0,0.40658042,72.80955
1.0,0.08459962,103.98361
1.0,0.03660725,114.73495
1.0,0.27745092,89.416115
1.0,0.5260181,69.40574
1.0,0.3548594,78.84422
1.0,0.59252393,85.64219
1.0,0.99977344,516.4025
1.0,0.03277414,84.74372
1.0,0.3545628,97.68138
1.0,0.47957823,263.1158
1.0,0.98634875,181.33275
1.0,0.9659689,65.33799
1.0,0.52108675,67.29924
1.0,0.20323974,70.55053
1.0,0.44696048,74.15251
1.0,1.0,778.18787
1.0,0.8617836,148.50522
1.0,0.17227086,88.698814
1.0,0.85151404,135.45169
1.0,0.42698008,95.23728
1.0,0.99613804,132.76442
1.0,0.3061569,65.006966
1.0,0.97082704,164.97783
1.0,0.5056283,91.76332
1.0,0.55297875,94.03984
1.0,0.7231992,88.6616
1.0,0.84972626,236.3503
1.0,0.24122475,73.019295
1.0,0.8145348,71.13131
1.0,0.7113598,76.99566
1.0,0.98479146,122.306305
1.0,0.50147784,348.24597
1.0,0.46388066,71.53536
1.0,0.44171175,99.69395
1.0,0.43803424,75.04211
1.0,0.9996331,521.2877
1.0,0.996743,1670.214
1.0,0.23755679,112.94399
1.0,0.042172812,92.90029
1.0,0.37973312,70.89401
1.0,0.39815748,123.685356
1.0,0.9998876,65.51755
1.0,0.7462663,82.74082
1.0,0.51569545,79.53918
1.0,0.6022832,224.79251
1.0,0.64901304,67.11517
1.0,1.0,6936.4067
1.0,0.9989882,330.84564
1.0,0.99979776,466.04535
1.0,0.50176316,145.81273
1.0,0.54374284,79.47427
1.0,0.5305336,68.35521
1.0,0.9536329,302.80597
1.0,0.614639,65.95913
1.0,0.5367459,74.24184
1.0,0.534389,131.59187
1.0,0.5498714,97.09243
1.0,0.45750818,94.32673
1.0,0.9627239,603.67267
1.0,0.5104249,93.15283
1.0,0.9261215,66.26931
1.0,0.6936947,68.02268
1.0,0.9999727,217.147
1.0,0.33601204,75.404045
1.0,0.6706696,78.3887
1.0,0.6438462,84.21474
1.0,0.9260269,509.28085
1.0,0.9971413,133.21553
1.0,0.6964988,91.72882
1.0,0.45619413,72.186485
1.0,0.30597842,80.872635
1.0,0.5107659,100.18611
1.0,0.48091322,74.73925
1.0,0.96178454,91.069885
1.0,0.76138127,411.8666
1.0,0.500393,111.37207
1.0,0.29601339,219.19363
1.0,0.99999595,764.3155
1.0,0.55941594,152.56996
1.0,0.83420867,66.33757
1.0,0.99988616,11899.863
1.0,0.5159243,113.33734
1.0,0.45048887,166.84215
1.0,0.98624045,490.79575
1.0,0.9999988,356.27277
1.0,0.9966403,2659.088
1.0,0.50373226,71.31328
1.0,0.33280364,119.664024
1.0,0.08479398,72.89886
1.0,0.92194533,161.54904
1.0,0.2493909,81.26205
1.0,0.16579996,77.06231
1.0,0.99967265,29825.219
1.0,0.74121606,97.456604
1.0,0.6798859,88.81137
1.0,0.9971693,775.0546
1.0,0.060586534,90.40019
1.0,0.96480864,719.45746
1.0,0.99231917,99.59119
1.0,0.9897148,74.254456
1.0,0.27718127,242.48602
1.0,0.54648507,84.750275
1.0,0.603711,347.25687
1.0,0.9890041,81.86789
1.0,0.5570174,163.12054
1.0,0.27361503,102.40275
1.0,0.09685333,129.8915
1.0,0.998409,284.81488
1.0,0.08639259,582.82184
1.0,0.45153862,285.6683
1.0,0.45153862,285.6683
1.0,0.97580546,126.38084
1.0,0.46062845,207.25179
1.0,0.6039353,102.21936
1.0,0.5220551,70.28514
1.0,0.5137343,193.97754
1.0,0.99469614,124.64784
1.0,0.19581136,73.80424
1.0,0.5970973,66.92587
1.0,0.9999745,1246.23
1.0,0.85444874,52586.39
1.0,0.94529134,3860.7258
1.0,0.81679,73.88146
1.0,0.5915522,66.31989
1.0,0.7045828,123.96284
1.0,0.6128329,124.69486
1.0,0.59993184,83.86816
1.0,0.5065795,99.58272
1.0,0.92804974,397.05942
1.0,0.5397989,115.53692
1.0,0.89398193,66.74032
1.0,0.57696867,74.22032
1.0,0.39191434,83.96025
1.0,0.49581748,114.14252
1.0,0.35506445,68.32722
1.0,0.5388179,113.514
1.0,0.048618387,69.82976
1.0,0.62684894,117.2635
1.0,0.61983377,459.42087
1.0,1.0,69.97026
1.0,0.22877444,483.74243
1.0,0.36632845,113.25786
1.0,0.9999875,943.28827
1.0,0.9991553,240.58432
1.0,0.56376296,66.28273
1.0,0.19643804,79.39138
1.0,0.61847675,151.51268
1.0,0.9988154,97.477684
1.0,0.54535717,84.37282
1.0,0.9999987,1052.8998
1.0,0.5306202,67.953896
1.0,0.560434,75.52784
1.0,0.99961746,98.25173
1.0,0.7141967,69.73794
1.0,0.4894994,888.47186
1.0,0.9866377,181.13675
1.0,0.9999993,82.75865
1.0,0.9294417,526.0025
1.0,0.39043775,97.16249
1.0,0.3218813,81.64569
1.0,0.112343185,68.62868
1.0,0.8481733,247.66812
1.0,0.6351804,78.35411
1.0,0.56697255,113.71284
1.0,0.110268824,103.31486
1.0,0.86016756,252.85948
1.0,0.638037,83.53493
1.0,0.16436318,71.01414
1.0,0.999992,110.13871
1.0,0.9071574,404.33554
1.0,0.9949988,758.17145
1.0,0.74621725,88.33058
1.0,0.9999821,199.8553
1.0,0.5765748,70.84917
1.0,0.33618915,68.89795
1.0,0.9170983,82.10808
1.0,0.49190533,67.847
1.0,0.090913326,113.13724
1.0,0.74180615,137.85594
1.0,0.2604146,87.15477
1.0,0.9750668,845.66974
1.0,0.9998597,1215.6227
1.0,0.66381943,170.46739
1.0,0.28799123,75.12614
1.0,0.4683722,94.64805
1.0,0.562824,78.31285
1.0,0.22158505,85.094666
1.0,0.64092577,98.43265
1.0,0.54183096,97.47543
1.0,0.536107,77.098404
1.0,0.49440283,118.55725
1.0,0.20594613,81.23511
1.0,0.65595824,79.89227
1.0,0.39490014,110.556335
1.0,0.5157722,68.63814
1.0,0.4422259,135.11696
1.0,0.9946109,787.0854
1.0,0.55657345,80.79895
1.0,1.0,295.53662
1.0,0.5165424,78.21354
1.0,0.19074829,141.27364
1.0,0.87709254,131.6361
1.0,0.57254946,79.44501
1.0,0.3514611,78.54848
1.0,0.66314954,74.43467
1.0,0.23082004,66.454636
1.0,0.40646726,71.90954
1.0,0.8717221,121.79293
1.0,1.0,88.56948
1.0,0.20916449,88.795746
1.0,0.81378806,88.540436
1.0,0.5401733,76.46646
1.0,0.9999833,112.57728
1.0,0.27160382,230.63315
1.0,0.34021047,114.407005
1.0,0.542087,102.78828
1.0,0.9892708,77.75263
1.0,0.57183355,97.83909
1.0,0.5628133,70.36878
1.0,0.71522146,261.80737
1.0,0.21215944,76.28839
1.0,0.50525975,622.28613
1.0,0.5468702,111.705605
1.0,0.65969193,136.8421
1.0,0.1527147,298.26364
1.0,0.34528625,171.79448
1.0,0.13669764,312.24612
1.0,0.08430264,92.52028
1.0,0.3771417,210.1435
1.0,0.5111097,87.732124
1.0,0.84071267,220.5276
1.0,0.18765646,264.91187
1.0,0.13992178,111.39861
1.0,0.9506315,88.645294
1.0,0.20866728,89.16161
1.0,0.99250764,196.68329
1.0,0.70863676,72.568565
1.0,0.27532005,1.1196684e+08
1.0,0.65184176,78.61729
1.0,0.71068645,90.01496
1.0,0.9999994,12470.596
1.0,0.47303447,10444.6
1.0,0.32559556,78.30496
1.0,0.7162547,656.9514
1.0,0.2406291,230.23819
1.0,0.7669273,75.952385
1.0,0.27605972,267.6322
1.0,0.58854234,90.18524
1.0,1.0,137.64163
1.0,0.41997835,248.71686
1.0,0.50217456,65.4073
1.0,0.24407123,69.16223
1.0,0.951266,139.41423
1.0,0.819588,91.02287
1.0,0.63622844,134.0545
1.0,0.2930961,79.68323
1.0,0.3468592,104.887924
1.0,0.63508934,104.90664
1.0,0.37418222,503.63208
1.0,0.37897512,95.85301
1.0,0.6525048,90.592384
1.0,0.957339,80.08432
1.0,0.21918614,170.39629
1.0,0.9992773,1051.7034
1.0,0.6609744,121.39755
1.0,0.94859385,444.8786
1.0,0.5384973,89.44846
1.0,0.99092686,223.63991
1.0,0.99787843,1796.8323
1.0,0.87888867,590.9544
1.0,1.0,5045.0566
1.0,0.5179202,89.06084
1.0,0.5536193,126.50502
1.0,0.1871818,66.82554
1.0,0.7939404,82.42569
1.0,0.4189492,77.062325
1.0,0.4182564,85.14555
1.0,0.7499928,71.25513
1.0,0.6024196,94.47098
1.0,0.5961676,101.27166
1.0,0.9562588,65.30306
1.0,0.48354694,226.07776
1.0,0.0719754,327.44122
1.0,0.7985985,111.53562
1.0,0.69883627,66.23941
1.0,0.5093178,91.71563
1.0,0.99997306,79.56595
1.0,0.48885825,126.72724
1.0,0.99708027,80.29012
1.0,0.3695975,86.84542
1.0,0.5634197,67.47698
1.0,0.65976685,65.07463
1.0,0.22221749,75.535736
1.0,0.50732476,71.44184
1.0,0.9999865,83.79407
1.0,0.6088485,137.02011
1.0,1.0,426.62366
1.0,0.9988637,670.2631
1.0,0.6269965,72.506004
1.0,1.0,28810.094
1.0,0.059764348,304.3058
1.0,0.9976624,139.36342
1.0,0.43935663,121.04551
1.0,0.29537767,205.59773
1.0,0.9999999,2002.1902
1.0,0.9968273,235.2315
1.0,0.09089579,104.72325
1.0,0.7208135,70.26481
1.0,0.6913993,193.80978
1.0,0.4570827,247.72986
1.0,0.19262333,88.112785
1.0,0.78374296,95.9972
1.0,0.9999999,131.8808
1.0,0.5123879,70.58179
1.0,0.96656924,98.21482
1.0,0.8906321,74.23314
1.0,0.33199587,86.948654
1.0,1.0,8924.123
1.0,0.07320732,376.11176
1.0,0.5598924,464.37817
1.0,0.8876666,80.60875
1.0,0.85292685,71.36445
1.0,0.5394692,89.8293
1.0,0.9999999,243.13292
1.0,0.99847656,3267.6426
1.0,0.64940774,82.14941
1.0,0.999744,98.909294
1.0,0.25986263,154.18289
1.0,0.15236777,610.84576
1.0,0.65665525,82.75663
1.0,0.2598804,91.70128
1.0,0.2677114,70.45036
1.0,0.99993336,127.00492
1.0,0.24986924,80.36945
1.0,0.9999691,550.45544
1.0,0.34817895,188.54445
1.0,0.49434504,117.51683
1.0,0.9299308,79.02961
1.0,0.57236934,490.7955
1.0,0.5869651,80.696
1.0,0.5959814,66.521484
1.0,0.2631429,170.13026
1.0,0.26314288,170.13026
1.0,0.608001,82.80392
1.0,0.9997845,76.70266
1.0,0.97141504,100.31005
1.0,0.54259896,78.857796
1.0,0.36694407,138.51503
1.0,0.96562076,99.044754
1.0,0.9999244,117.67377
1.0,0.39409372,168.6878
1.0,0.9958016,85.71333
1.0,0.9416021,198.96574
1.0,0.21075845,262.192
1.0,0.99939585,1212.5188
1.0,0.20274554,88.34433
1.0,0.99993443,778.8195
1.0,0.290842,155.11644
1.0,0.6078081,66.16669
1.0,0.9999988,67.136635
1.0,0.9278151,349.29654
1.0,0.42203698,71.024826
1.0,0.9765055,163.44467
1.0,0.5603792,65.30138
1.0,0.9999449,74.51366
1.0,0.37879077,71.922485
1.0,0.6472959,74.56258
1.0,0.44154167,67.66112
1.0,1.0,6790.534
1.0,0.6209259,1.356675e+06
1.0,0.5084146,96.54012
1.0,0.4560765,93.07381
1.0,0.46293166,421.19977
1.0,0.44534782,111.49999
1.0,0.71470547,126.841736
1.0,0.9984511,14058.137
1.0,0.31150192,72.77184
1.0,0.15457167,116.416306
1.0,0.55283326,286.12204
1.0,0.28790802,138.7806
1.0,0.31239617,187.33801
1.0,0.9998753,1719.5243
1.0,0.9997162,100.69477
1.0,0.8441764,73.809875
1.0,0.56667787,103.76242
1.0,0.37356845,90.90582
1.0,0.36195913,142.95828
1.0,0.2893405,66.758545
1.0,0.9980221,65.74935
1.0,0.22672948,87.94695
1.0,0.48761338,94.638435
1.0,0.48761338,94.638435
1.0,0.40653557,86.16722
1.0,0.30177137,66.1079
1.0,0.8662703,77.12706
1.0,0.38864407,85.53849
1.0,0.5990831,74.67435
1.0,0.5938926,387.40762
1.0,0.354743,96.56668
1.0,0.44603828,93.05516
1.0,0.57157177,91.93754
1.0,0.33091414,66.631676
1.0,0.49440283,1068.7382
1.0,0.46160382,117.19361
1.0,0.80505824,269.39313
1.0,0.37068403,76.56362
1.0,0.647586,142.19818
1.0,0.6102022,74.44926
1.0,0.63461196,318.8751
1.0,0.9145339,82.17126
1.0,0.7499357,170.83969
1.0,0.5207995,267.67834
1.0,0.7233177,67.73892
1.0,0.9879996,74.84436
1.0,0.94231415,237.10262
1.0,0.99981385,81.47119
1.0,0.045560412,138.77296
1.0,0.3408057,290.64282
1.0,0.97047925,217.6988
1.0,0.7749432,458.6384
1.0,0.58918196,224.04924
1.0,0.9963804,1162.4796
1.0,0.53713197,109.483
1.0,0.58100694,77.3611
1.0,0.7793362,66.7064
1.0,0.5299781,209.04741
1.0,0.37032855,75.20541
1.0,0.9998857,133.10771
1.0,0.4664353,126.63044
1.0,0.9985341,72.300804
1.0,0.51918375,72.632355
1.0,0.4836972,126.53954
1.0,0.5638161,71.081985
1.0,0.6867164,69.64828
1.0,0.99994755,350.8234
1.0,0.5032159,109.56616
1.0,0.49440283,76.05363
1.0,0.6038985,81.91412
1.0,0.21574524,74.581696
1.0,1.0,1977.8794
1.0,0.33551422,153.66954
1.0,0.5007395,69.37271
1.0,0.18237798,74.80248
1.0,0.95076543,107.87856
1.0,0.6792108,88.99505
1.0,0.9992594,357.33893
1.0,0.84835887,101.53552
1.0,0.5775252,185.08925
1.0,0.88924044,65.71049
1.0,0.9876489,108.06011
1.0,0.49816236,69.4501
1.0,0.1874326,241.6386
1.0,0.9998368,471.32068
1.0,0.09657111,149.46346
1.0,0.1967476,73.44883
1.0,0.0019622291,427.3916
1.0,0.59746855,87.15568
1.0,0.06995053,76.93558
1.0,0.9999989,10635.799
1.0,0.9294134,266.9477
1.0,0.560101,65.622475
1.0,0.6478491,126.40034
1.0,0.5131372,110.06527
1.0,0.9929162,766.37256
1.0,0.20921616,86.532
1.0,0.20866129,162.24086
1.0,0.5086117,216.95445
1.0,0.60580707,139.4751
1.0,0.5432354,81.4902
1.0,0.5007815,118.37236
1.0,0.53709,65.628296
1.0,0.8591134,79.16274
1.0,0.9996705,211.40695
1.0,0.9993587,2126.5825
1.0,0.38494566,92.69097
1.0,0.20329672,148.98373
1.0,0.9999993,4687.31
1.0,0.938733,77.834015
1.0,0.61034214,97.58362
1.0,0.462793,189.98996
1.0,0.5635785,100.479416
1.0,0.9996654,318.1456
1.0,0.5453738,196.28236
1.0,0.5436622,65.53819
1.0,0.6735861,315.0972
1.0,0.6347119,147.5797
1.0,0.4090588,92.76471
1.0,0.4247979,735.9268
1.0,0.21635085,96.642944
1.0,0.99999857,6193.0483
1.0,0.4540606,79.11321
1.0,0.5470922,108.54718
1.0,0.35939965,140.40004
1.0,0.80470854,124.74484
1.0,0.58690685,87.81288
1.0,0.6973029,105.45531
1.0,0.3745291,76.75643
1.0,0.62358004,74.04981
1.0,0.19855869,105.42775
1.0,0.22445723,70.63947
1.0,0.9999993,38622.098
1.0,0.8685663,76.16571
1.0,0.96753705,289.13495
1.0,0.3339196,94.17437
1.0,0.19194853,79.89609
1.0,0.4862784,70.761185
1.0,0.49120128,260.08246
1.0,0.091910504,82.68075
1.0,0.9986701,292.63095
1.0,0.5535381,86.261955
1.0,0.39268422,66.05225
1.0,0.13421547,80.99211
1.0,0.6876189,69.7201
1.0,0.10754908,78.83476
1.0,0.99999976,82.785484
1.0,0.99999285,500.4378
1.0,0.38672358,117.1929
1.0,0.256813,65.41474
1.0,0.22249404,205.21974
1.0,0.95703524,91.31867
1.0,0.13488752,75.41837
1.0,0.6482977,177.66206
1.0,0.26674592,68.58329
1.0,0.99999845,147.96185
1.0,0.96879655,86.8163
1.0,0.9999689,74.00588
1.0,0.6399033,76.103035
1.0,0.9517597,185.49512
1.0,0.3602233,72.23227
1.0,0.52569306,199.52676
1.0,0.52569306,199.52676
1.0,0.20213209,218.33255
1.0,0.74942243,81.639755
1.0,0.07364373,117.83603
1.0,0.9967339,65.77511
1.0,0.3415645,119.57523
1.0,0.49034062,66.40392
1.0,0.89488345,487.23788
1.0,0.38983926,103.23945
1.0,0.047365863,88.92165
1.0,0.17871873,78.2189
1.0,0.60113406,69.458145
1.0,0.99658453,67.362434
1.0,0.64764744,69.23724
1.0,0.51707906,87.94258
1.0,0.76940775,71.24159
1.0,1.0,173.95467
1.0,0.4664638,101.02073
1.0,0.2931507,86.52093
1.0,0.5013786,89.54204
1.0,0.6715292,85.95547
1.0,0.14637057,86.35776
1.0,0.47318915,92.202034
1.0,0.6385682,247.19827
1.0,0.31771854,84.212616
1.0,0.9999982,3801.382
1.0,0.37913406,75.04176
1.0,0.6612055,212.8039
1.0,0.566495,226128.77
1.0,0.5069831,72.30908
1.0,0.06580853,144.12888
1.0,0.65647364,76.583885
1.0,0.9960659,2561.9338
1.0,0.4431798,73.57565
1.0,0.9487037,1235.3484
1.0,0.53240275,114.409515
1.0,0.6128097,76.66347
1.0,0.70627314,87.99307
1.0,0.51786363,95.56314
1.0,0.36635214,87.02162
1.0,0.16148543,143.07031
1.0,0.99992394,1181.153
1.0,0.5051065,199.02866
1.0,0.7005454,88.717545
1.0,0.14605646,91.995346
1.0,0.6667686,94.01166
1.0,0.6161926,84.97119
1.0,0.46364078,468.5525
1.0,0.49440283,183.44653
1.0,0.6843278,75.407196
1.0,0.4827339,66.32201
1.0,0.31637105,208.83061
1.0,0.5946068,66.30555
1.0,0.836887,99.60136
1.0,0.53325945,71.37532
1.0,0.9547278,123.977066
1.0,0.9999994,2140.5688
1.0,0.55213696,95.65783
1.0,0.56160265,92.54436
1.0,0.53321916,72.58721
1.0,0.897028,143.42198
1.0,0.10768349,106.848175
1.0,0.5057313,78.96891
1.0,0.9999778,242.40683
1.0,0.46588957,111.66465
1.0,0.5891104,82.848114
1.0,0.14502785,103.089424
1.0,0.73629737,77.15387
1.0,0.4694941,67.2425
1.0,0.15769681,79.58058
1.0,0.999273,78.86279
1.0,0.5729457,214.4587
1.0,0.1881865,68.863304
1.0,0.9999994,1307.8317
1.0,0.9030206,91.803024
1.0,0.29307932,98.10734
1.0,0.18699,107.35029
1.0,0.030684387,257.4247
1.0,0.97500515,392.7798
1.0,0.8399138,72.94801
1.0,0.99999845,66.122314
1.0,0.9978669,143.64467
1.0,0.5189975,128.37247
1.0,0.55843514,96.605385
1.0,0.56073195,106.81029
1.0,0.5812849,90.55934
1.0,0.9935867,95.47958
1.0,0.7635552,147.60376
1.0,0.9284078,302.6976
1.0,0.4257686,151.08377
1.0,1.0,151.0243
1.0,0.1979242,133.97931
1.0,0.20787938,100.1181
1.0,0.030746037,148.74109
1.0,0.37387845,75.79188
1.0,0.17225279,78.99109
1.0,1.0,261.5847
1.0,0.2362021,99.87787
1.0,0.6393669,77.00906
1.0,0.9139583,104.70003
1.0,0.11025652,130.07445
1.0,0.9764233,120.75136
1.0,0.6529154,70.97247
1.0,0.74311656,94.93103
1.0,0.66206694,67.31892
1.0,0.48842996,221.79185
1.0,0.55934817,78.27045
1.0,0.99922836,129.8669
1.0,0.056810923,71.65524
1.0,0.37809393,89.86541
1.0,0.24080057,294.53485
1.0,0.50029,116.03622
1.0,0.46631128,137.91249
1.0,0.17144348,82.16253
1.0,0.56392026,88.44842
1.0,0.6926291,86.46347
1.0,0.31647888,69.52491
1.0,0.6596865,107.35094
1.0,0.051364806,79.20228
1.0,0.086132444,5.9219635e+09
1.0,0.6495689,78.91361
1.0,0.41729078,107.87963
1.0,0.421863,83.98957
1.0,0.98519254,901.8477
1.0,0.9970702,65.21368
1.0,0.21046641,88.36567
1.0,0.2093409,65.790405
1.0,0.7802973,79.332825
1.0,0.7273188,72.65602
1.0,0.13021111,154.23538
1.0,0.99993026,1787.1628
1.0,0.2707001,78.64608
1.0,0.25282955,88.32222
1.0,0.20426285,80.48154
1.0,0.9991015,4412.8833
1.0,0.99996126,656.83203
1.0,0.61295635,74.03254
1.0,0.31780475,419.98087
1.0,0.47886458,568.9555
1.0,0.4960554,99.705605
1.0,0.8965597,65.973015
1.0,0.4497996,95.203384
1.0,0.5146357,147.09091
1.0,0.10743611,72.73097
1.0,0.89077073,66.350464
1.0,0.38240772,121.638176
1.0,0.69678915,101.975266
1.0,0.12593402,464.9396
1.0,0.53142506,67.09342
1.0,0.10779567,127.93591
1.0,0.9999999,161.03874
1.0,0.42891,75.30741
1.0,0.634144,124.44293
1.0,0.38946345,80.952324
1.0,0.09000408,121.48342
1.0,0.3769747,76.20687
1.0,0.4997046,229.98163
1.0,0.9999989,683.3492
1.0,0.4486811,105.56032
1.0,0.40383345,134.33688
1.0,0.9257578,203.04192
1.0,0.999987,399.28375
1.0,1.0,66.5653
1.0,0.67108214,113.84332
1.0,0.9363079,162.74174
1.0,0.46813732,70.7355
1.0,0.5715988,71.3649
1.0,0.54655063,85.860245
1.0,0.54862666,142.32782
1.0,0.52186406,66.42637
1.0,0.49440283,265.99084
1.0,0.1545513,95.96087
1.0,0.51401955,77.74589
1.0,0.76562786,67.84267
1.0,0.8157374,263.32663
1.0,0.4782928,66.535164
1.0,0.5428693,94.908
1.0,0.99988973,108.257545
1.0,0.45354736,118.44438
1.0,0.74400383,80.34554
1.0,0.57767516,82.16109
1.0,0.5927671,95.020134
1.0,0.5344837,126.47343
1.0,0.6294525,187.83685
1.0,0.9955924,130.48642
1.0,0.5889371,91.05801
1.0,0.46268374,4.9651393e+10
1.0,0.036482636,248.64627
1.0,0.36000255,216.90897
1.0,0.3308911,70.69227
1.0,0.33537754,70.59028
1.0,0.1575699,100.16582
1.0,0.36378953,65.001114
1.0,0.17213559,535.5294
1.0,0.48503822,268.19757
1.0,0.36920166,96.12978
1.0,0.13788927,454.18024
1.0,0.34679762,84.702675
1.0,0.13176423,68.50649
1.0,0.37619895,104.91954
1.0,0.5487547,66.62822
1.0,0.5280762,98.16714
1.0,0.55512685,92.83371
1.0,0.11631882,263.65225
1.0,0.13370016,95.44905
1.0,0.42175767,109.700195
1.0,0.43180427,110.66235
1.0,0.6731834,74.46837
1.0,0.032348894,85.550934
1.0,0.99999547,8152.9043
1.0,0.7440519,103.78367
1.0,0.4492206,191.43907
1.0,0.9999999,157.25267
1.0,0.202546,69.97998
1.0,0.5586219,68.22883
1.0,0.10249321,152.54048
1.0,0.444179,82.22118
1.0,0.9999976,83.44395
1.0,0.2698697,76.039185
1.0,0.32992914,67.55733
1.0,0.60750467,277.28134
1.0,0.2997911,159.77658
1.0,0.35126096,65.61619
1.0,0.53305495,79.18693
1.0,0.7328657,66.80245
1.0,0.6928858,77.759445
1.0,0.25101155,91.55307
1.0,0.56907666,75.96688
1.0,0.82094675,78.3656
1.0,0.37726495,77.93019
1.0,0.6142406,71.81659
1.0,0.5893095,151.34459
1.0,0.45010766,70.45088
1.0,0.82795304,96.03549
1.0,0.99950325,279.86652
1.0,0.3643368,122.842476
1.0,0.34190246,127.58397
1.0,0.99999917,107.651505
1.0,0.09483595,328.80646
1.0,0.3519879,179.48488
1.0,0.9999999,890.3224
1.0,0.9986331,95.786736
1.0,0.3123944,110.35738
1.0,0.7057588,84.22456
1.0,0.28465492,344.7121
1.0,0.61258787,78.27655
1.0,0.10475732,69.618095
1.0,0.4045617,108.939095
1.0,0.98798895,13925.346
1.0,0.8011863,70.45179
1.0,0.99998426,942.0561
1.0,0.88075024,79.802086
1.0,0.70336306,81.29293
1.0,0.5806591,78.29434
1.0,0.20575866,245.12997
1.0,0.6942774,68.19445
1.0,0.02886324,74.09894
1.0,0.99963224,336.47147
1.0,0.7439796,83.74288
1.0,0.3877061,105.18795
1.0,0.49017775,169.40648
1.0,0.4914984,472.0027
1.0,0.49617755,223.57263
1.0,0.46821693,68.43505
1.0,0.34435293,126.022995
1.0,0.5271081,67.530235
1.0,0.60010487,70.5012
1.0,0.51456416,97.252785
1.0,0.7754221,83.412895
1.0,0.14140034,75.64444
1.0,0.46591938,113.73919
1.0,0.9410677,88.07939
1.0,0.805774,991.1982
1.0,0.49994922,234.53868
1.0,0.5733262,101.890884
1.0,0.37189358,191.76779
1.0,0.25662634,130.7867
1.0,0.46842557,67.57246
1.0,0.18936178,515.82513
1.0,0.9995827,74.610176
1.0,0.60358775,188.382
1.0,0.974139,839005.3
1.0,0.09511181,75.63904
1.0,0.2574293,113.34083
1.0,0.9624768,68.108864
1.0,0.9968078,528.4601
1.0,0.15472198,5059.36
1.0,0.5115284,80.79469
1.0,0.54151446,71.346344
1.0,0.505039,103.3927
1.0,0.9999677,134.96913
1.0,0.99999034,68.31683
1.0,0.99351805,2507.8938
1.0,0.559724,75.100464
1.0,0.8491804,66.779884
1.0,0.9971945,957.829
1.0,0.85785836,150.29753
1.0,0.077596836,109.81841
1.0,0.515339,78.79513
1.0,0.9975535,184.84848
1.0,0.99762136,111.97748
1.0,0.918281,73.6711
1.0,0.5551938,377.0739
1.0,0.45068574,254.44287
1.0,0.28145438,68.250145
1.0,0.34434915,93.13701
1.0,0.8055834,278.78128
1.0,0.49440283,264.86768
1.0,0.6607953,101.43597
1.0,0.99275464,75.66523
1.0,0.009364803,144.5748
1.0,0.5061204,645.41595
1.0,0.9543526,67.13999
1.0,0.75878227,250.89873
1.0,0.960996,84.59841
1.0,0.9363521,261.77777
1.0,0.08348744,72.0357
1.0,0.08348748,72.0357
1.0,0.9147258,305.36844
1.0,0.999632,109.82312
1.0,1.0,13872.103
1.0,0.69535214,363.91672
1.0,0.9999738,121.8065
1.0,0.3832294,162.0767
1.0,0.046580847,98.89133
1.0,0.40620235,66.81851
1.0,0.31862208,168.97884
1.0,0.9883167,1770.4497
1.0,0.17454454,65.16665
1.0,0.9942445,88.22404
1.0,0.97830623,640.05835
1.0,0.4599045,69.158134
1.0,0.10828609,501.32404
1.0,0.5426552,86.6859
1.0,0.30254638,122.47589
1.0,0.98301744,345.33487
1.0,0.98731726,417.26538
1.0,0.5328723,130.68341
1.0,0.65622914,109.45885
1.0,0.5192346,91.874115
1.0,0.6907545,83.933105
1.0,0.99572515,5327.8916
1.0,0.99967,495.2119
1.0,0.40501553,302.164
1.0,0.08765031,101.90677
1.0,0.59004885,67.47406
1.0,1.0,69.78378
1.0,0.53185403,81.47682
1.0,0.5178157,99.86666
1.0,0.56081307,95.296906
1.0,0.9068143,906.79333
1.0,0.99999976,14162.759
1.0,0.9984269,3323.3489
1.0,0.2575002,85.73345
1.0,0.11213639,175.21115
1.0,0.9999666,25835.572
1.0,0.9996568,651.84894
1.0,0.4989992,67.91033
1.0,0.99989676,302.5627
1.0,0.43489528,292.6491
1.0,0.92548835,179.33673
1.0,0.99961925,168.74217
1.0,0.97746325,354.34402
1.0,0.5154084,71.63601
1.0,0.49440283,66.24455
1.0,0.2983032,183.25127
1.0,0.5881798,107.580605
1.0,0.8790107,240.33917
1.0,0.58313125,253.0632
1.0,0.99999416,2582.0798
1.0,0.3124324,70.09806
1.0,0.55503315,70.76426
1.0,0.374631,449.81528
1.0,0.3995774,71.64708
1.0,0.42890194,430.6834
1.0,0.10613154,115.84927
1.0,0.62552536,105.222084
1.0,0.77032125,68.80619
1.0,0.014412276,84.65068
1.0,0.61519176,158.11765
1.0,0.30387393,308.77872
1.0,0.49006286,587.8662
1.0,0.9791179,340.9177
1.0,0.49469417,133.7084
1.0,0.50163513,105.045006
1.0,0.9941789,266.5065
1.0,0.597389,105.90702
1.0,0.03960383,219.14311
1.0,0.7523165,116.43318
1.0,0.560932,80.811195
1.0,0.52463436,72.35177
1.0,0.93591654,67.89513
1.0,0.9999956,94.647064
1.0,0.5451959,102.758545
1.0,0.47826177,330.90576
1.0,0.31527337,67.36772
1.0,0.14932834,84.5729
1.0,0.6638219,71.88597
1.0,0.16478321,70.95386
1.0,0.44640338,81.184105
1.0,0.8704603,176.97559
1.0,0.19328469,87.377495
1.0,0.18661529,85.82916
1.0,0.8901473,158.12076
1.0,0.61633825,93.20077
1.0,0.7521543,128.21977
1.0,0.36527014,70.30972
1.0,0.942665,3912.836
1.0,0.26757628,137.10362
1.0,0.30541587,81.433266
1.0,0.39321318,78.09276
1.0,0.5957847,185.16943
1.0,0.2714018,65.270645
1.0,0.99707675,65.37243
1.0,0.49330536,93.08858
1.0,0.8631291,130.28264
1.0,0.7711028,176.35295
1.0,0.45910445,74.319664
1.0,0.4950473,73.25369
1.0,0.9999987,407.21448
1.0,0.16484734,78.328995
1.0,0.6998825,186.20369
1.0,0.06414513,65.3631
1.0,0.31062135,80.24579
1.0,0.9985642,73.01476
1.0,0.65625405,80.624664
1.0,0.94254255,727.64996
1.0,0.95792294,13994.6875
1.0,0.49440283,93.215294
1.0,1.0,67.06661
1.0,0.49876532,114.36744
1.0,0.5714497,68.15478
1.0,0.9897489,381.8508
1.0,0.17641667,210.90837
1.0,0.37048182,406.7529
1.0,0.28422388,141.10793
1.0,0.6317769,70.897514
1.0,0.5852733,69.7002
1.0,0.60066676,84.93225
1.0,0.99999416,480.59647
1.0,0.9942416,70.20683
1.0,0.1906151,65.50956
1.0,0.5279433,87.41228
1.0,0.45616898,235.9335
1.0,0.6053059,79.14955
1.0,0.4956931,348.19455
1.0,0.57303977,73.961266
1.0,0.5642828,68.23059
1.0,0.9166809,177.76021
1.0,0.765872,65.68692
1.0,0.6030064,72.937126
1.0,0.94689196,85.8923
1.0,0.29472268,78.47198
1.0,0.07543877,151.68112
1.0,0.6872379,94.51392
1.0,0.11316483,239.62828
1.0,0.5086629,292.04294
1.0,0.9418867,109.26792
1.0,0.9642633,201.76399
1.0,0.4434298,163.40152
1.0,0.7055479,69.51569
1.0,0.23366903,233.35146
1.0,0.9744349,6146.665
1.0,0.22677699,209.17484
1.0,0.4731894,728.8037
1.0,0.59440625,66.98316
1.0,0.99999964,9428.958
1.0,0.9999999,163.49673
1.0,0.603207,144.6314
1.0,0.07224503,101.92758
1.0,0.40502477,224.79585
1.0,0.9661097,257.5385
1.0,0.60803723,112.31776
1.0,0.5612496,80.021324
1.0,0.34387898,165.43701
1.0,0.49440283,1219.6843
1.0,0.9757061,552.78784
1.0,0.9875545,171.19627
1.0,0.5746284,409.78604
1.0,0.8912562,227.83777
1.0,0.2904643,65.169334
1.0,0.9439432,838.7718
1.0,0.5457793,85.88856
1.0,0.34451154,120.41851
1.0,0.47808263,69.375145
1.0,0.7413002,77.9066
1.0,0.2928776,323.91586
1.0,0.43944132,102.834045
1.0,0.4013516,151.17651
1.0,0.46067825,72.63979
1.0,0.4681075,175.50911
1.0,0.9946239,513.8162
1.0,0.49440283,1.1398421e+14
1.0,0.86172533,81.88128
1.0,0.988906,71.11358
1.0,0.34639055,97.472145
1.0,0.7572929,185.81412
1.0,0.57850236,87.176834
1.0,0.43535545,78.76218
1.0,0.54834193,86.291794
1.0,0.44085228,433.5381
1.0,0.2588339,151.46112
1.0,0.3958968,83.77723
1.0,0.6243181,70.92365
1.0,1.0,1357.1832
1.0,0.6629839,67.157745
1.0,0.5935638,68.07343
1.0,0.17257893,448.08044
1.0,0.22565623,70.01839
1.0,0.46336132,67.99468
1.0,0.23910289,90.2129
1.0,0.98123485,338.49777
1.0,0.9999784,3626.4456
1.0,0.9999994,329.6536
1.0,0.5328426,80.45238
1.0,0.52806973,140.06824
1.0,0.55167013,74.92874
1.0,0.999964,274.4566
1.0,0.7440601,331.66687
1.0,0.3797745,103.7455
1.0,0.20771806,193.86055
1.0,0.43227398,86.1361
1.0,0.86730564,431.825
1.0,0.1963281,84.78788
1.0,0.51436955,76.34436
1.0,0.5072438,68.47104
1.0,0.22577268,68.72829
1.0,0.7447944,361.49765
1.0,0.5721679,74.33019
1.0,0.9991091,71.9247
1.0,0.2351667,88.00387
1.0,1.0,635.4809
1.0,0.69448763,80.23438
1.0,0.8833346,74.330315
1.0,0.9694491,262.834
1.0,0.49417803,557.2855
1.0,0.73675686,68.11939
1.0,0.56336457,74.53135
1.0,0.5780743,86.28699
1.0,0.064920716,97.48443
1.0,0.2799716,113.82989
1.0,0.186562,104.33997
1.0,1.0,6744.547
1.0,0.23091938,81.92357
1.0,0.9989881,127.0317
1.0,0.5432535,124.97605
1.0,0.45330793,76.614456
1.0,0.4123865,82.7306
1.0,0.33473817,197.47179
1.0,0.5719751,95.49245
1.0,0.49440283,193.7717
1.0,0.11775934,88.45677
1.0,0.48941943,82.30955
1.0,0.99999845,36561.14
1.0,0.507393,111.389565
1.0,0.28057063,116.878265
1.0,0.3365209,77.23231
1.0,0.84894145,86.744194
1.0,0.2736637,81.60691
1.0,0.20454197,144.92604
1.0,0.50317305,87.04974
1.0,0.5180042,97.27657
1.0,0.7639159,77.88233
1.0,0.24244538,107.312164
1.0,0.20677817,133.48479
1.0,0.17698306,68.73387
1.0,0.5075164,102.974266
1.0,0.7708939,241.39755
1.0,0.9811947,187.41722
1.0,0.79303783,80.13356
1.0,0.89703774,107.53408
1.0,0.44447714,68.58326
1.0,0.9998529,4651.301
1.0,0.14687113,80.743324
1.0,1.0,315.8934
1.0,0.45912707,201.62326
1.0,0.8322955,107.8862
1.0,0.21184064,69.07159
1.0,0.9446489,387.18118
1.0,0.075607285,77.40294
1.0,0.9474663,100.59201
1.0,0.990341,71.227356
1.0,0.26734388,74.307526
1.0,0.54145277,68.166756
1.0,0.99985003,96.038635
1.0,0.99999976,2386.6907
1.0,0.123225175,138.39531
1.0,0.63985884,106.30107
1.0,0.56821376,233.26245
1.0,0.75726163,215.26266
1.0,0.3487503,115.934975
1.0,0.1429823,70.74039
1.0,0.25807133,150.55486
1.0,0.67686135,138.02261
1.0,0.99152046,560.1995
1.0,0.57126176,67.7762
1.0,0.105922855,132.38203
1.0,0.64567953,65.44119
1.0,0.4897166,79.62345
1.0,0.6203671,233.6386
1.0,0.7384343,76.52059
1.0,0.53043735,97.57427
1.0,0.4396803,106.99122
1.0,0.07150721,68.33178
1.0,0.21527322,77.361946
1.0,0.5318163,89.329315
1.0,0.88346344,92.84816
1.0,0.6187107,100.812035
1.0,0.24535963,65.4749
1.0,0.0015594949,82.32195
1.0,0.41193992,83.60418
1.0,0.53240085,73.86423
1.0,0.99999976,131.13503
1.0,0.13476714,66.68487
1.0,0.43738008,76.177864
1.0,0.98659235,90.69736
1.0,0.9816558,91.26715
1.0,0.18958917,65.874
1.0,0.50117564,71.05349
1.0,0.9980051,254.90453
1.0,0.91250664,292.2057
1.0,0.23923184,109.59545
1.0,0.7262029,135.88695
1.0,0.30763003,296.6281
1.0,0.66241825,159.65944
1.0,0.70112,574.20325
1.0,0.60770035,98.59492
1.0,0.9999951,2432.114
1.0,0.39761028,143.47302
1.0,0.22024207,72.15352
1.0,0.7906832,122.29744
1.0,0.625246,67.391304
1.0,0.64690274,120.67276
1.0,0.9999864,796.09863
1.0,0.37085223,138.01678
1.0,0.9971077,138.20656
1.0,0.99999166,1725.065
1.0,0.29841313,77.12949
1.0,0.4792038,141.43225
1.0,0.48479602,71.2795
1.0,0.80419064,99.32422
1.0,0.4687738,91.45353
1.0,0.53078413,103.35287
1.0,1.0,122.39745
1.0,0.5858002,67.74712
1.0,0.9999999,168.28232
1.0,0.49348387,84.277016
1.0,0.8512558,92.76667
1.0,0.9999982,157.75955
1.0,0.21797363,65.48793
1.0,0.47853655,68.24303
1.0,0.10464338,114.85582
1.0,0.7250071,96.05748
1.0,0.9943309,80.41531
1.0,0.54934835,80.86452
1.0,0.49360526,122.28415
1.0,0.09425355,80.8991
1.0,0.09847861,136.8092
1.0,0.52078223,114.18363
1.0,0.30737886,163.6846
1.0,0.43180427,452.66904
1.0,0.30239356,195.554
1.0,0.52050245,69.13729
1.0,0.98715067,110.04056
1.0,1.0,264.8697
1.0,0.5772225,127.70344
1.0,0.68932563,81.249245
1.0,0.60702735,71.537254
1.0,0.060490012,124.09337
1.0,0.08302763,110.20548
1.0,0.33908978,78.60227
1.0,0.3700523,67.937744
1.0,0.2500513,202.55074
1.0,0.9950211,74.69868
1.0,0.9999248,69.36159
1.0,1.0,173.42432
1.0,0.1294381,234.75044
1.0,0.38371372,149.7293
1.0,0.95672405,368.76468
1.0,0.7211663,66.0603
1.0,0.5029805,156.73625
1.0,0.66764075,66.13195
1.0,0.24826449,471.76202
1.0,0.5279186,72.2473
1.0,0.58184314,73.12963
1.0,0.6295126,99.07412
1.0,0.2207107,92.80245
1.0,0.5616377,107.93484
1.0,1.0,19473.818
1.0,0.45216936,91.71122
1.0,0.58465296,74.05522
1.0,1.0,125.04983
1.0,0.98963237,81.10615
1.0,0.47191584,907.1922
1.0,0.9992824,87.347664
1.0,0.16340655,84.61734
1.0,0.6330148,66.58122
1.0,0.78251386,88.288376
1.0,0.5265456,76.828285
1.0,0.9999994,72.35989
1.0,1.0,261.22922
1.0,0.6532331,74.259796
1.0,0.8119374,184.77583
1.0,0.7689798,77.536224
1.0,0.39918894,90.38417
1.0,0.99956423,73.37915
1.0,0.2845028,65.60367
1.0,0.740017,604.3926
1.0,0.86722726,72.522804
1.0,0.39819905,302.70227
1.0,0.6520487,74.86639
1.0,0.2856149,80.739204
1.0,0.88586354,8166.8223
1.0,0.07437284,104.755974
1.0,0.76712406,81.498116
1.0,0.13948478,357.5322
1.0,0.45951107,100.42344
1.0,0.40979773,147.5715
1.0,0.40139577,126.51343
1.0,0.57918763,126.59047
1.0,0.20319152,159.76413
1.0,0.9980769,4499.4814
1.0,0.70288485,81.98793
1.0,0.33078408,71.499146
1.0,0.49579555,124.22785
1.0,0.9999187,141.28342
1.0,1.0,1957.9816
1.0,0.40906814,83.81739
1.0,0.224154,376.6035
1.0,0.5257967,191.8614
1.0,0.573002,78.18958
1.0,0.4894256,65.02803
1.0,0.20594276,151.84134
1.0,0.51566076,92.62108
1.0,0.45501265,73.27744
1.0,0.97884035,66.54897
1.0,0.32865563,65.17729
1.0,0.120518416,80.77321
1.0,0.9806213,99.66259
1.0,0.9983242,109.075356
1.0,0.09924618,77.31138
1.0,0.20885803,149.65886
1.0,0.22595772,137.4076
1.0,0.3645985,203.89755
1.0,0.49440283,258.46808
1.0,0.21852823,202.66017
1.0,0.91501784,1055.5063
1.0,0.12841746,69.046906
1.0,0.15587032,130.29515
1.0,0.8462332,342.25134
1.0,0.47128442,72.97996
1.0,0.6697992,76.59998
1.0,0.33088973,118.260765
1.0,0.15100022,133.99277
1.0,0.11886819,248.76561
1.0,0.63912266,83.14896
1.0,0.4090214,71.45724
1.0,0.3767903,454.6058
1.0,0.6953644,164.03769
1.0,0.44945964,77.63389
1.0,0.988951,176.9683
1.0,0.99992394,375.81
1.0,0.49294218,76.49168
1.0,0.4014007,211.61736
1.0,0.3069856,84.888664
1.0,0.5586547,81.61018
1.0,0.8409593,118.33182
1.0,0.06497055,217.45848
1.0,0.6987191,72.84319
1.0,0.39494953,91.32439
1.0,0.5331675,90.28275
1.0,0.5387429,103.07618
1.0,0.26695,75.72955
1.0,0.48743,66.030716
1.0,0.37205407,111.511314
1.0,0.9978223,92.51462
1.0,0.6874042,70.41881
1.0,0.52116823,136.9855
1.0,0.16230774,192.20813
1.0,0.49440283,286.62262
1.0,0.19971785,460.47607
1.0,0.8697359,183.4706
1.0,0.013592868,374.70807
1.0,0.8450479,297.2366
1.0,0.12800029,348.41635
1.0,0.7005545,81.960075
1.0,0.36882257,69.10667
1.0,0.93792963,320.37692
1.0,0.7228875,97.61708
1.0,0.5490264,83.50517
1.0,0.9999976,1719.3732
1.0,0.20479068,107.57623
1.0,0.49440283,339.4619
1.0,0.472155,269.79495
1.0,0.42816654,72.126434
1.0,0.4353602,94.56983
1.0,0.88877654,66.83447
1.0,0.36030284,281.98846
1.0,0.9995449,582.71375
1.0,0.3744731,74.25021
1.0,0.51034707,229.25618
1.0,0.34270126,183.11017
1.0,0.2783467,214.85121
1.0,0.9977701,70.48514
1.0,0.9999629,2537.344
1.0,0.9599475,99.57383
1.0,0.65207446,76.41342
1.0,0.45917726,79.61185
1.0,0.17674339,248.25114
1.0,0.19003324,88.50423
1.0,0.9280988,1973.1151
1.0,0.4896816,113.95888
1.0,0.19034791,80.88885
1.0,0.5379792,91.62952
1.0,0.27165738,124.55283
1.0,0.63161826,79.2764
1.0,0.38459057,99.2316
1.0,0.9518595,66.897865
1.0,0.6902694,85.179634
1.0,0.059006862,72.28271
1.0,0.42561945,95.818184
1.0,0.20540872,112.02913
1.0,0.5918912,131.67628
1.0,0.31365353,82.69223
1.0,0.247371,66.89933
1.0,0.91306865,301.39264
1.0,0.4133233,66.380196
1.0,0.5229331,373.6354
1.0,0.3083775,121.0491
1.0,0.20560165,154.44823
1.0,0.25773627,70.28597
1.0,0.59450495,75.29243
1.0,0.031058818,85.63368
1.0,0.57980907,66.95331
1.0,0.564319,66.47273
1.0,0.41786465,100.87083
1.0,0.9994105,102.83444
1.0,0.7452322,225.04205
1.0,0.56902385,72.28475
1.0,0.5947742,78.88888
1.0,0.39649057,68.6449
1.0,0.9981072,68.95463
1.0,0.2241009,97.23901
1.0,0.2650241,102.70395
1.0,0.9164211,244.54327
1.0,0.9999933,2646.6125
1.0,0.5086648,125.21359
1.0,0.999806,273.20917
1.0,0.9999926,855.81464
1.0,0.81904227,67.731094
1.0,0.48727712,68.05431
1.0,0.58231825,219.52625
1.0,0.43978193,196.44028
1.0,0.56300646,68.69656
1.0,0.3597788,104.573715
1.0,0.6845829,2678.2139
1.0,0.16564924,95.1766
1.0,0.18081021,68.40536
1.0,0.62703794,65.02357
1.0,0.99994147,139.77443
1.0,0.5846969,294.74448
1.0,0.4488548,69.25612
1.0,0.9999999,116.85511
1.0,0.9572707,357.7517
1.0,0.33591795,97.64205
1.0,0.4809173,325.26675
1.0,0.48979414,162.89673
1.0,1.0,7279.7837
1.0,0.97246337,1793.9927
1.0,0.28871584,92.37607
1.0,0.48422202,100.79433
1.0,0.50133055,177.34361
1.0,0.48656723,81.80243
1.0,0.61961854,68.27587
1.0,0.98283684,85.405045
1.0,0.25930858,83.88414
1.0,0.84585196,781.7147
1.0,0.08281599,111.67059
1.0,0.99932027,253.66129
1.0,0.50943446,143.31282
1.0,0.9891432,67.3942
1.0,0.47605392,88.925995
1.0,0.42673066,116.52373
1.0,0.9708109,269.38928
1.0,0.9681907,137.4306
1.0,0.93953836,1052.575
1.0,0.27815354,1319.819
1.0,0.42096913,82.64993
1.0,0.5279091,81.25148
1.0,0.7252083,141.84943
1.0,0.22711559,97.80267
1.0,0.5250049,416.25732
1.0,0.99992466,97.075325
1.0,1.0,23513.377
1.0,0.2841981,68.73912
1.0,0.15106279,184.15355
1.0,0.6303031,99.62487
1.0,0.54399097,83.45659
1.0,0.59224457,161.93752
1.0,0.43295416,87.54204
1.0,0.56471205,70.7472
1.0,0.86979747,204.03998
1.0,0.99902654,92.604965
1.0,0.5396337,66.83522
1.0,0.042019412,92.72472
1.0,0.41638836,260.8562
1.0,0.97537845,68.991585
1.0,0.50890326,136.03802
1.0,0.8596754,108.38355
1.0,0.32423767,204.68822
1.0,0.124769665,67.758896
1.0,0.28967145,103.3582
1.0,0.7889055,159.74721
1.0,0.7000287,106.6124
1.0,0.7237001,67.51928
1.0,0.8612918,194.76086
1.0,0.99997735,117.18132
1.0,0.9999999,13882.464
1.0,0.775513,86.47674
1.0,0.71957994,80.68745
1.0,0.95786256,342.27277
1.0,0.987805,999.3491
1.0,0.67388713,112.600204
1.0,0.6663703,70.55746
1.0,0.6310646,131.51294
1.0,0.61460084,66.00942
1.0,0.5459579,100.310486
1.0,0.89772433,184.80191
1.0,0.60095304,79.21093
1.0,0.73269165,67.57156
1.0,0.3266088,76.25108
1.0,0.5035307,771.65607
1.0,0.035851974,75.51217
1.0,0.37589088,67.49321
1.0,0.55399764,65.69655
1.0,0.300263,140.04309
1.0,0.70120585,65.72122
1.0,0.37521458,360.71857
1.0,0.4529644,88.465515
1.0,0.60971975,69.96058
1.0,0.52112436,77.272026
1.0,0.36475405,72.553345
1.0,0.99983454,1292.9658
1.0,0.98540837,97.52495
1.0,0.3747476,77.25283
1.0,0.9999994,169.42303
1.0,0.44007513,257.5306
1.0,0.9982717,92.648285
1.0,0.27631068,307.85727
1.0,0.5050488,229.15048
1.0,0.9999888,8282.3125
1.0,0.92085814,69.35388
1.0,0.92594683,309.3028
1.0,0.5354249,142.36932
1.0,0.4528019,103.00078
1.0,0.997142,246.82115
1.0,0.99905664,486.9253
1.0,0.9462312,76.69224
1.0,0.0823778,651.77563
1.0,0.5877833,153.98935
1.0,0.5341339,77.17789
1.0,0.59428895,184.11646
1.0,0.59428895,184.11646
1.0,0.3901644,67.03188
1.0,0.9988004,81.82435
1.0,0.14840421,66.81202
1.0,0.08183437,188.29878
1.0,0.50109327,101.99391
1.0,0.44654554,112.20596
1.0,0.72218347,82.69523
1.0,0.69706565,68.208885
1.0,0.99999535,7226.888
1.0,0.95808005,647.9899
1.0,0.439676,175.9468
1.0,0.26549432,80.96466
1.0,0.95402616,174.72656
1.0,0.79252064,131.32954
1.0,0.4773231,72.76488
1.0,0.70107263,368.64
1.0,0.5425914,77.277985
1.0,0.22476868,400.75684
1.0,0.44653326,66.95867
1.0,0.60342884,440.93915
1.0,0.45661223,117.7031
1.0,0.7676683,731.00714
1.0,0.7007117,564.5858
1.0,0.5780769,70.17194
1.0,0.12667294,176.58138
1.0,0.67912537,66.276695
1.0,0.4806398,69.87142
1.0,0.62862575,160.50372
1.0,0.12158503,149.11906
1.0,0.81897694,71.56467
1.0,0.42052206,111.39886
1.0,0.6712559,83.207954
1.0,0.9756605,308.81348
1.0,0.9669648,208.22824
1.0,0.52524436,69.13642
1.0,0.5207618,133.09631
1.0,0.44594932,80.62315
1.0,0.33315384,69.90269
1.0,0.0057171048,126.12785
1.0,0.890715,2025.6697
1.0,0.5666649,85.121155
1.0,0.5316261,77.682236
1.0,0.5165996,86.19095
1.0,0.9553545,260.39606
1.0,0.99994886,1289.3098
1.0,0.61214525,130.57089
1.0,0.1006345,76.56786
1.0,0.13527496,170.78522
1.0,0.24385959,79.40738
1.0,0.38109887,308.95847
1.0,0.33562425,75.61069
1.0,0.5521224,108.499756
1.0,0.41954556,95.602554
1.0,0.5738411,106.627556
1.0,0.5946394,123.26834
1.0,0.7338606,155.297
1.0,0.9217713,210.95515
1.0,0.8606939,937.66473
1.0,0.49436823,150.31949
1.0,0.66606575,124.377365
1.0,0.5147052,65.92438
1.0,0.4804487,129.04074
1.0,0.26511857,82.5465
1.0,0.5909053,201.7434
1.0,0.67207336,65.6518
1.0,0.6356903,74.50249
1.0,0.62713885,117.80776
1.0,0.7681875,76.92994
1.0,0.5350594,97.704575
1.0,0.9881926,1112.2238
1.0,0.9805698,102.39364
1.0,1.0,113.22758
1.0,0.10771492,93.765854
1.0,0.4428023,66.73874
1.0,0.51458627,78.860695
1.0,0.6326945,6322.2837
1.0,0.57344055,147.66438
1.0,0.5944418,121.05335
1.0,0.21833426,66.27293
1.0,0.5459274,101.28272
1.0,0.75965744,72.563866
1.0,0.13970125,110.58256
1.0,0.15553425,75.50222
1.0,0.99960464,69.76356
1.0,0.8159813,99.79777
1.0,0.999998,79.56394
1.0,0.3095827,88.6323
1.0,0.105899364,65.846176
1.0,0.9968995,442.512
1.0,0.2584532,159.73405
1.0,0.2429904,163.03236
1.0,0.98910636,3461.71
1.0,0.3748864,81.61058
1.0,0.70676064,70.42942
1.0,0.4235195,89.7196
1.0,0.5557717,485.83908
1.0,0.26327738,80.58616
1.0,0.047781076,146.41151
1.0,0.98820376,218.0173
1.0,0.20522998,301.7802
1.0,0.99488926,205.17535
1.0,0.34844977,74.82244
1.0,0.5387943,83.61361
1.0,0.9158467,88.7675
1.0,0.47387406,75.8756
1.0,0.3899747,91.184395
1.0,0.33002752,92.21636
1.0,0.6493623,78.5094
1.0,0.2805954,137.2611
1.0,0.73882943,109.50536
1.0,0.6122815,135.81274
1.0,0.58965683,127.517654
1.0,0.2824401,298.3062
1.0,0.28538194,79.22533
1.0,0.6102416,3068.7424
1.0,0.121096715,99.25115
1.0,0.5071684,72.524635
1.0,0.2574875,76.1774
1.0,0.9998129,5746.927
1.0,0.6058561,269.47018
1.0,0.17943113,65.03929
1.0,0.9999988,90.81302
1.0,0.071420096,66.242935
1.0,0.49440283,142.24916
1.0,0.87763673,98.33945
1.0,1.0,102.26477
1.0,0.9974049,154.38931
1.0,1.0,35006.21
1.0,0.1802482,103.33443
1.0,0.25087672,89.38892
1.0,0.99628985,765.52277
1.0,0.4374554,156.95425
1.0,0.025169639,154.61942
1.0,0.85069007,93.08224
1.0,0.48486966,97.66318
1.0,0.30760378,76.53786
1.0,0.9564051,344.34442
1.0,0.94584805,126.313
1.0,0.12161997,142.8203
1.0,0.9619321,2468.255
1.0,0.47596085,105.84448
1.0,0.20563842,75.26236
1.0,0.99999535,1800.0243
1.0,0.6254839,73.16363
1.0,0.27859503,79.52549
1.0,0.35173345,77.710175
1.0,0.91982335,364.2131
1.0,0.14837117,95.81114
1.0,0.9693609,67.87517
1.0,0.44637978,166.3544
1.0,0.407814,547.3183
1.0,0.53362,99.905014
1.0,0.53721786,66.39749
1.0,0.19947533,115.85392
1.0,0.9811585,141.60123
1.0,0.22943299,155.9855
1.0,0.57533264,126.26405
1.0,0.6434243,84.225235
1.0,0.59258354,80.71713
1.0,0.49440283,493.94016
1.0,0.16409844,343.74454
1.0,0.2467352,509.91336
1.0,0.40079388,209.65492
1.0,0.47808394,96.64554
1.0,0.5460168,78.43855
1.0,0.98481697,229.8534
1.0,0.42530614,440.08115
1.0,0.85279393,283.55414
1.0,0.6442693,166.8079
1.0,0.89175117,87.952576
1.0,0.06918716,90.74945
1.0,0.45107484,65.5559
1.0,0.60050154,77.39487
1.0,0.66466206,85.80964
1.0,0.5016086,90.45565
1.0,0.20676926,121.951225
1.0,0.23496519,233.8018
1.0,0.43871078,176.78217
1.0,0.47166356,165.11528
1.0,0.22063042,172.87282
1.0,0.08333294,71.350815
1.0,0.99997926,154.26501
1.0,0.5643693,87.34469
1.0,0.99390477,514.1977
1.0,0.057306107,245.49454
1.0,0.9090323,1146.054
1.0,0.51763344,166.134
1.0,0.9999771,456.29178
1.0,0.27196985,105.88691
1.0,0.49440283,133.31108
1.0,0.76855576,94.51845
1.0,0.99998045,80.946594
1.0,0.12368737,325.2023
1.0,0.26133662,356.99265
1.0,0.9968935,78.65044
1.0,0.99856657,95.447845
1.0,0.36164084,127.12651
1.0,0.9528507,70.00661
1.0,0.99999964,1336.974
1.0,0.66227746,74.672806
1.0,0.21145241,100.053925
1.0,0.029452551,189.96367
1.0,0.53941464,83.32438
1.0,0.5169666,79.0745
1.0,0.8638775,153.72397
1.0,0.9472383,98.615326
1.0,0.4603605,67.622055
1.0,0.9794922,91.368996
1.0,0.5410036,198.37123
1.0,0.11108052,202.55074
1.0,0.3875015,123.94311
1.0,0.99999,1166.7375
1.0,0.9771194,80.809616
1.0,0.5992035,142.35501
1.0,0.4452379,66.55808
1.0,0.61533225,68.59459
1.0,0.5902472,116.55872
1.0,0.22625668,73.53699
1.0,0.3991952,165.99242
1.0,0.5730943,94.396194
1.0,0.6293443,76.90675
1.0,0.94374937,65.16719
1.0,0.7324258,66.24075
1.0,0.9999856,180.80879
1.0,0.5902786,67.11136
1.0,0.5992542,142.27065
1.0,0.9918576,104.48924
1.0,0.15072383,67.95524
1.0,0.24429968,91.72557
1.0,0.99402374,1503.2164
1.0,0.15547538,93.82332
1.0,0.9600084,153.96078
1.0,0.99999976,10410.265
1.0,0.9998803,818.17566
1.0,0.054357316,89.454994
1.0,0.9471651,125.59768
1.0,0.46495992,90.601036
1.0,0.99999416,75.45888
1.0,0.9988821,3386.8848
1.0,0.5445197,78.965744
1.0,0.36780834,91.587524
1.0,0.55008554,176.22858
1.0,0.9999951,321.4147
1.0,0.70511645,105.2776
1.0,0.49440283,139.57283
1.0,0.53627646,87.56741
1.0,0.71192634,70.0959
1.0,0.46082512,82.137405
1.0,0.5261737,151.79726
1.0,0.32883337,182.4432
1.0,0.3686654,82.03457
1.0,0.49440283,17854.986
1.0,0.50427103,102.00461
1.0,0.5561524,76.20082
1.0,0.99992085,348.2146
1.0,0.23037723,276.76944
1.0,0.6878938,75.13863
1.0,0.9003107,857037.06
1.0,0.03673183,982.4372
1.0,0.86945003,65.32317
1.0,0.43462953,72.25123
1.0,0.9999975,11228.385
1.0,0.39167613,98.01047
1.0,0.112521335,161.0155
1.0,0.26727962,65.79335
1.0,0.98825395,101.75371
1.0,0.5661873,131.38875
1.0,0.9204041,69.58314
1.0,0.60734695,72.72498
1.0,0.99704736,98.40723
1.0,0.76503855,88.6358
1.0,0.66911274,127.58397
1.0,0.923744,83.537155
1.0,0.5109433,90.49543
1.0,0.49517798,198.56276
1.0,0.49617732,72.35882
1.0,0.422002,209.52997
1.0,0.44112214,98.002396
1.0,0.98378974,1346.8824
1.0,0.51381165,70.27364
1.0,0.99939156,223.45018
1.0,0.50234747,84.915375
1.0,0.99801093,404.0737
1.0,0.5167184,68.70462
1.0,0.61174655,82.28485
1.0,0.7572245,263.10193
1.0,0.24506496,220.44722
1.0,0.49440283,2.1456515e+08
1.0,0.24581282,153.93626
1.0,0.38247135,69.17922
1.0,0.82206553,1318.0537
1.0,0.25524226,70.59119
1.0,0.53761125,68.044846
1.0,0.29203522,71.28568
1.0,0.1697454,95.441826
1.0,0.9658924,121.580765
1.0,0.12245211,126.75298
1.0,0.9994061,72.32105
1.0,0.99999917,9444.898
1.0,0.9999993,352.73236
1.0,0.5232613,106.65841
1.0,0.0986791,113.30916
1.0,0.5841904,66.84302
1.0,0.40591446,118.63948
1.0,0.48617187,70.772644
1.0,0.96107095,179.3519
1.0,0.60150653,85.672195
1.0,0.5093844,75.59919
1.0,0.9999765,135.43666
1.0,0.9403502,81.03249
1.0,0.44483247,269.86444
1.0,0.9852799,8095.584
1.0,0.9775205,289.26102
1.0,0.13488868,147.01648
1.0,0.5937906,96.761696
1.0,0.93926096,122.78024
1.0,0.15331517,69.94359
1.0,0.7549483,78.91799
1.0,0.99993134,109.82366
1.0,0.6679879,80.16399
1.0,0.1869622,200.94302
1.0,0.9650181,93.81245
1.0,0.47969568,73.14688
1.0,0.9995427,107.2684
1.0,0.39768335,134.00056
1.0,0.7824206,23603.156
1.0,0.45990306,434.22003
1.0,0.5712178,193.91568
1.0,0.48924932,66.3617
1.0,0.53744125,83.452515
1.0,0.4092988,94.500725
1.0,0.99885166,192.10855
1.0,0.57747334,95.59625
1.0,0.99188656,118.672966
1.0,0.48471648,73.01302
1.0,0.56750196,196.14383
1.0,0.21708879,238.36531
1.0,0.097212225,78.77154
1.0,0.9991911,4278.2446
1.0,0.99562126,1961.5363
1.0,0.6355766,86.67734
1.0,0.30580893,127.5757
1.0,0.5888846,406.80917
1.0,0.44625163,71.58199
1.0,0.9999989,102.69859
1.0,0.4450851,130.88028
1.0,0.99726665,88.81651
1.0,0.6996694,71.02221
1.0,0.5622586,76.849594
1.0,0.21016765,70.40103
1.0,0.056976054,79.273094
1.0,0.5886207,67.605125
1.0,0.48322633,71.42173
1.0,0.9895734,268.7786
1.0,0.29955533,373.6389
1.0,0.9977319,74.80359
1.0,0.6202087,78.57574
1.0,0.863534,143.57364
1.0,0.53116494,83.6531
1.0,0.6423336,110.58383
1.0,0.49440283,85.21998
1.0,0.39278117,105.92947
1.0,0.9998293,174.29784
1.0,0.6364958,73.16419
1.0,0.99830496,299.70392
1.0,0.6253349,72.06685
1.0,0.71963286,82.88157
1.0,0.9999057,3453.0303
1.0,0.4785869,113.57733
1.0,0.9999945,91310.01
1.0,0.6777704,82.16111
1.0,0.54828936,380.15805
1.0,0.14429922,118.02469
1.0,0.9871847,250.8749
1.0,0.20398784,69.17866
1.0,0.34900978,504.82043
1.0,0.56664264,104.66216
1.0,0.20573781,154.12027
1.0,0.4971011,89.379845
1.0,0.5198852,210.4656
1.0,0.42871815,86.63181
1.0,0.9812651,90.97062
1.0,0.6788257,70.57942
1.0,0.9933148,4709.2236
1.0,0.26373017,76.69967
1.0,0.95726806,191.91797
1.0,0.5935764,153.87569
1.0,0.71274066,92.407135
1.0,0.50694454,76.81155
1.0,0.915609,147.75479
1.0,0.9988595,241.98375
1.0,0.1496263,182.229
1.0,0.47678885,78.84611
1.0,0.82315695,71.54507
1.0,0.49862882,100.10403
1.0,0.5909009,92.243195
1.0,0.23530261,556.8852
1.0,0.21866038,141.10614
1.0,1.0,772.1065
1.0,0.23495142,83.83626
1.0,0.22280627,65.99039
1.0,0.45176396,75.21125
1.0,0.6041756,234.8684
1.0,0.54350865,141.37567
1.0,0.49635977,73.56493
1.0,0.47927552,118.65818
1.0,0.5410422,183.98015
1.0,0.6158063,137.82022
1.0,0.28463334,237.42043
1.0,0.5975375,85.1808
1.0,0.5654008,101.97449
1.0,0.71763396,481.01193
1.0,0.62453586,65.83197
1.0,0.30938333,74.23536
1.0,0.8648682,406.23807
1.0,0.34400058,67.06755
1.0,0.4398369,329.51337
1.0,0.42420027,599.4762
1.0,0.5914315,199.6419
1.0,0.2645579,219.73375
1.0,0.99954116,6581.5166
1.0,0.6320414,83.577774
1.0,0.64734024,68.60513
1.0,0.99820507,5493.9463
1.0,0.1206852,106.96738
1.0,0.5121006,76.2909
1.0,0.54501194,75.07551
1.0,0.9968855,359.59314
1.0,0.5352704,142.58073
1.0,0.09247656,65.571594
1.0,0.4002096,163.51396
1.0,0.2726943,110.93827
1.0,0.5257726,114.01432
1.0,0.978885,110.50725
1.0,0.30243784,158.53015
1.0,0.17567623,103.20301
1.0,0.41910166,100.772194
1.0,0.9989442,937.21027
1.0,0.72098756,72.38566
1.0,0.7684764,96.03536
1.0,1.0,3550.8752
1.0,0.42918095,175.77939
1.0,0.5373964,267.66748
1.0,0.62373894,111.13845
1.0,0.17373547,81.03803
1.0,0.5544508,66.07088
1.0,0.2980785,66.891914
1.0,0.8992424,66.77623
1.0,0.99796885,231.14967
1.0,0.50655675,74.02819
1.0,0.5241574,65.18426
1.0,0.34374234,81.97956
1.0,0.96907747,65.98984
1.0,0.5921285,80.56148
1.0,0.9999969,47490.96
1.0,0.46808523,121.62769
1.0,0.46354863,81.54074
1.0,0.99999785,6404.784
1.0,0.9938938,496.81766
1.0,0.43775383,99.69526
1.0,0.99968016,1383.9836
1.0,0.01523893,138.92465
1.0,0.2361186,84.11346
1.0,0.9950177,344.0249
1.0,0.99998474,20595.13
1.0,0.7818924,138.09628
1.0,0.48910245,105.342125
1.0,0.5512094,105.74127
1.0,0.52801585,224.24379
1.0,0.67195904,65.14231
1.0,0.15963319,213.81143
1.0,0.5532327,218.48506
1.0,0.065512866,76.658
1.0,0.68227,68.05875
1.0,0.33300856,122.20395
1.0,1.0,245.25032
1.0,0.39732406,68.58115
1.0,0.6133382,68.5518
1.0,0.4212255,73.34971
1.0,0.9814068,705.293
1.0,0.54011756,93.35308
1.0,0.80891436,86.354065
1.0,0.5462595,79.99622
1.0,0.24836573,81.17648
1.0,0.4912151,80.4337
1.0,0.7294013,72.32528
1.0,0.404634,70.98456
1.0,0.04322688,79.18386
1.0,0.9934496,3599.3484
1.0,0.9831813,689.00446
1.0,0.1251198,96.77976
1.0,0.39776093,70.22054
1.0,1.0,278.26065
1.0,0.20528354,106.36587
1.0,0.5503055,91.792595
1.0,0.319471,93.50672
1.0,0.5148628,71.86548
1.0,0.98949975,93.26776
1.0,0.6328349,75.38488
1.0,0.70785785,99.56407
1.0,0.81078064,71.64997
1.0,0.74278474,148.30032
1.0,0.10834997,73.384544
1.0,0.519178,75.62331
1.0,0.71396744,107.40823
1.0,0.22922051,90.52425
1.0,0.96046597,660.0955
1.0,0.9998512,66.119774
1.0,0.44515473,81.416466
1.0,0.99999344,114.20808
1.0,0.9999893,6258.224
1.0,0.21950313,71.19592
1.0,0.57777,65.63975
1.0,0.8898158,101.88009
1.0,0.74903876,72.80467
1.0,0.5671013,106.30948
1.0,0.65153503,237.02023
1.0,0.6340253,84.97017
1.0,0.044618376,138.76299
1.0,0.6103175,98.40393
1.0,0.9960821,93.16631
1.0,0.8626132,90.61564
1.0,0.49567094,144.62202
1.0,0.9752111,102.39409
1.0,0.9993343,1742.0161
1.0,0.39836207,81.444984
1.0,0.42535698,92.9632
1.0,1.0,20014.285
1.0,0.9999641,6876.607
1.0,0.53446054,93.91855
1.0,0.9876887,91.509476
1.0,0.21687897,196.24637
1.0,0.72726357,155.31506
1.0,0.49440283,566.99396
1.0,0.33582366,80.91563
1.0,0.6304008,86.48429
1.0,0.6680561,186.12245
1.0,0.94550073,117.286995
1.0,0.38297242,95.29565
1.0,0.9998903,1477.9487
1.0,0.23282321,144.19481
1.0,0.067586705,103.22126
1.0,0.97538936,82.81153
1.0,0.52096796,118.73285
1.0,0.7698466,65.62397
1.0,0.0463604,67.10974
1.0,0.5394584,83.24944
1.0,0.34021893,122.43213
1.0,0.9999995,157.67348
1.0,0.31452635,75.34686
1.0,0.9998697,395.39365
1.0,0.9795997,66.64033
1.0,0.43754584,92.90224
1.0,0.71357596,118.67159
1.0,0.8427223,71.35107
1.0,0.7941137,65.41063
1.0,0.49599174,97.36208
1.0,0.9990515,193.91972
1.0,0.29081932,119.78503
1.0,0.49440283,84.630165
1.0,0.45927227,107.64169
1.0,0.99911433,3955.4866
1.0,0.9996829,482.32745
1.0,0.17814592,75.90787
1.0,0.4313879,70.79701
1.0,0.6040438,93.46325
1.0,0.48251387,197.8089
1.0,0.73074174,236.61201
1.0,0.1533021,237.70761
1.0,0.49283543,67.850914
1.0,0.46465412,69.474655
1.0,0.99998844,84.29714
1.0,0.44121245,93.937836
1.0,1.0,4704.8823
1.0,1.0,114.65977
1.0,0.45544764,89.11451
1.0,0.9522273,166.25371
1.0,0.6669761,70.84188
1.0,0.3497557,165.61748
1.0,0.9751475,199.8122
1.0,0.3376473,76.677025
1.0,0.5493996,73.144066
1.0,0.56332314,94.07604
1.0,0.99996495,1917.7
1.0,0.39870447,73.02098
1.0,0.5410171,87.760735
1.0,0.91924775,22000.98
1.0,0.98931724,88.12848
1.0,0.2598992,110.83314
1.0,0.9999852,65.20575
1.0,0.62190807,65.00497
1.0,0.8059139,556.954
1.0,0.38847306,92.480446
1.0,0.25409502,161.0284
1.0,0.7661743,65.83016
1.0,0.7576952,81.14434
1.0,0.58364964,100.30311
1.0,0.091251515,81.0729
1.0,0.6283896,67.7273
1.0,0.31341437,75.87252
1.0,0.079140574,94.842186
1.0,0.7262524,109.744644
1.0,0.9823731,378.89252
1.0,0.9089757,567.5243
1.0,0.37550843,87.96906
1.0,0.544905,386.81256
1.0,0.82962155,71.22474
1.0,0.062013112,133.24457
1.0,0.8157165,70.83784
1.0,0.6466186,76.43033
1.0,0.97170246,81.46126
1.0,0.49559912,110.609634
1.0,0.37583402,95.06271
1.0,0.5126137,281.3705
1.0,0.7975353,374.2295
1.0,0.4160134,359.83527
1.0,0.65633535,72.80424
1.0,0.9999993,168.48872
1.0,0.083290175,81.4736
1.0,0.5610573,177.17331
1.0,0.6126748,67.69075
1.0,0.7561911,71.55889
1.0,0.99931896,94.39355
1.0,0.47423553,334.29095
1.0,0.64646506,81.00892
1.0,0.69653213,71.214966
1.0,0.9286242,182.496
1.0,0.99984705,82.38312
1.0,0.5426078,102.23311
1.0,0.65719664,138.10023
1.0,0.7964839,73.698746
1.0,0.38184372,95.128334
1.0,0.72169644,153.87552
1.0,0.5516586,79.75936
1.0,0.54441965,71.71461
1.0,0.50771624,72.093735
1.0,0.12438152,671.4777
1.0,0.43852967,99.94314
1.0,0.24457042,235.251
1.0,0.17280315,133.64853
1.0,0.5123346,73.36332
1.0,0.7649629,199.0172
1.0,0.54337573,93.18306
1.0,0.04929098,75.3529
1.0,0.40819278,85.40769
1.0,0.2829505,70.56594
1.0,0.626777,67.28914
1.0,0.9761865,121.02996
1.0,0.117816016,82.208206
1.0,0.5359142,384.6087
1.0,0.0672415,770.45264
1.0,0.3376048,75.20941
1.0,0.999137,2841.143
1.0,0.50228244,78.10185
1.0,0.20999266,141.32747
1.0,0.635078,68.57868
1.0,0.39803612,66.31988
1.0,0.54592496,166.73412
1.0,0.33463427,73.07937
1.0,0.99786925,76.95036
1.0,0.8589134,349.31055
1.0,1.0,12189.507
1.0,0.69925946,68.41832
1.0,0.5905135,369.53296
1.0,0.47346672,166.23381
1.0,0.09978445,86.835175
1.0,0.57712495,66.80704
1.0,0.99733776,148.78104
1.0,0.7172126,76.35561
1.0,0.5145699,124.67645
1.0,0.4739139,65.70573
1.0,0.96826327,70.97739
1.0,0.583744,71.40793
1.0,0.49334368,236.3887
1.0,0.39832538,79.16854
1.0,0.5946604,109.819984
1.0,0.45429558,127.13859
1.0,0.40735283,140.64111
1.0,0.24049881,72.119385
1.0,0.99820197,105.075516
1.0,0.95137054,140.01996
1.0,0.35087577,83.01092
1.0,0.823637,550.667
1.0,0.6415878,134.15315
1.0,0.65420693,78.44803
1.0,0.75024873,264.8354
1.0,0.10709141,116.30797
1.0,0.58025867,113.31576
1.0,0.4813247,73.41533
1.0,0.9999262,1692.2651
1.0,0.19372398,65.657936
1.0,0.58962643,80.94586
1.0,0.99911815,631.36646
1.0,0.61519605,228.47154
1.0,0.39695668,151.34999
1.0,0.25408387,69.964554
1.0,0.4232931,105.77118
1.0,0.9999347,616.2125
1.0,0.8044222,354.6712
1.0,0.9998375,132.32281
1.0,0.64239943,82.595665
1.0,0.6742074,491.1297
1.0,0.87063634,89.32713
1.0,0.60325587,68.15153
1.0,0.5010417,84.93323
1.0,0.5949467,66.18534
1.0,0.54633594,96.70254
1.0,0.6178858,72.7975
1.0,0.5223159,127.55252
1.0,0.9959305,93.47388
1.0,0.29369044,138.44167
1.0,0.6904949,207.34886
1.0,0.4264105,69.98647
1.0,0.24835613,93.556015
1.0,0.96258414,252.0894
1.0,0.30393848,80.072586
1.0,0.5679557,65.42589
1.0,0.9999995,142.85762
1.0,0.9738981,109.71995
1.0,0.40491095,87.01957
1.0,0.74946964,82.86701
1.0,0.105045296,169.41187
1.0,0.7720394,148.59834
1.0,0.56798863,67.29204
1.0,0.22008194,109165.03
1.0,0.22355004,249.17099
1.0,0.9950482,612.0905
1.0,0.34959665,150.53601
1.0,0.4404611,73.550674
1.0,0.6234204,426.16345
1.0,0.06816845,87.94772
1.0,0.7519525,563.9737
1.0,0.91109276,145.64865
1.0,0.5312802,66.37391
1.0,0.99922156,12276.138
1.0,0.4992362,79.74108
1.0,0.9982659,71.42126
1.0,0.1970963,159.05371
1.0,0.46176115,749.3946
1.0,0.9910533,1892.8141
1.0,0.97877526,271.659
1.0,0.170217,95.242744
1.0,0.8450796,180.25795
1.0,0.1505132,243.079
1.0,0.64135313,98.816
1.0,0.61268574,69.159744
1.0,0.9984951,925.6522
1.0,0.24729533,3.2660643e+08
1.0,0.9999522,2088.3384
1.0,0.9961592,1028.1158
1.0,0.5102136,107.34586
1.0,0.47018853,70.69576
1.0,0.67876035,83.99628
1.0,0.49440283,93.54487
1.0,0.9784889,220.25972
1.0,0.58118033,71.906494
1.0,0.56067777,71.032074
1.0,0.69710517,79.69909
1.0,0.7559575,81.18393
1.0,0.6520723,77.45063
1.0,0.4112159,95.27428
1.0,0.48858133,85.03645
1.0,0.884079,239.98372
1.0,0.020125829,83.36007
1.0,0.44097382,88.35243
1.0,0.6360915,181.98277
1.0,0.6115473,70.97178
1.0,0.9716581,486.9905
1.0,0.60038733,83.58112
1.0,0.6932701,152.25578
1.0,0.3127139,113.10445
1.0,0.2393041,73.250275
1.0,0.88109595,140.00397
1.0,0.23329882,87.22583
1.0,0.11895511,137.22441
1.0,0.8353434,160.5178
1.0,0.108454704,67.00993
1.0,0.7945292,143.6595
1.0,0.43595546,131.72588
1.0,0.9627176,78.99068
1.0,0.48766997,1.3750758e+07
1.0,0.5810458,89.65701
1.0,0.61673397,70.98876
1.0,0.43460128,200.04488
1.0,1.0,547.7749
1.0,0.5429142,70.70717
1.0,0.7707224,281.5796
1.0,0.0690024,118.4518
1.0,0.62933856,181.04936
1.0,0.90664023,809.01105
1.0,0.79802585,87.94739
1.0,0.25541386,81.78647
1.0,0.39221287,96.61708
1.0,0.61738646,81.190926
1.0,1.0,270.75806
1.0,0.50435144,135.81013
1.0,0.5315334,75.43305
1.0,0.5114136,124.87983
1.0,0.8405344,6620.189
1.0,0.5064042,101.541824
1.0,0.604324,186.35802
1.0,0.5706483,158.56017
1.0,0.8925133,85.761765
1.0,0.3711602,56868.2
1.0,0.41608775,67.661545
1.0,0.7737448,149.86252
1.0,0.42245525,90.33054
1.0,0.5870203,126.0931
1.0,0.57021844,147.85321
1.0,0.10863449,65.890686
1.0,0.54137653,87.233894
1.0,0.22945003,84.08876
1.0,0.5039186,103.05287
1.0,0.56922656,218.3123
1.0,0.2662173,110.421616
1.0,0.9979923,24687.713
1.0,0.9925478,33820.836
1.0,0.46323276,80.34489
1.0,0.6318853,73.7529
1.0,0.8577316,88.961296
1.0,0.33654463,65.30941
1.0,0.975573,841.35345
1.0,0.42153022,164.40453
1.0,0.59418035,99.79596
1.0,0.41397774,76.432236
1.0,0.36576787,77.88131
1.0,0.61281556,97.3491
1.0,0.17660122,127.79391
1.0,0.4771453,242.40018
1.0,0.13045783,71.20304
1.0,0.29909515,69.79053
1.0,0.9999993,7480.0
1.0,0.84650004,217.94359
1.0,0.48843497,127.39359
1.0,0.26781583,178.0362
1.0,0.48866978,74.02636
1.0,0.40185127,66.10451
1.0,0.22171474,88.035614
1.0,1.0,6221.164
1.0,0.99999976,1023.0638
1.0,0.48209813,101.26598
1.0,0.65945524,83.57678
1.0,0.4635764,69.024734
1.0,0.8602715,66.26927
1.0,0.56811285,69.68247
1.0,0.36596668,70.51475
1.0,0.26442045,247.35927
1.0,0.531083,186.89272
1.0,0.811578,96.764885
1.0,0.941462,153.57533
1.0,0.6275367,93.52181
1.0,0.6275367,93.52181
1.0,0.9990639,85.37612
1.0,0.9999968,169.91689
1.0,0.97122777,90.35976
1.0,0.14321612,80.24945
1.0,0.33333406,72.086136
1.0,0.37595457,151.52982
1.0,0.9999943,1192.3319
1.0,0.40372342,124.086006
1.0,0.36621568,72.48107
1.0,0.58815277,95.06172
1.0,0.99509096,244.83612
1.0,0.6772046,125.64444
1.0,0.68343216,97.347336
1.0,0.4650362,87.196815
1.0,0.680421,74.868546
1.0,0.6466669,368.60843
1.0,0.998418,86.33048
1.0,0.28030768,69.19785
1.0,0.99999976,3970.0623
1.0,0.5271276,149.5425
1.0,0.6934052,124.39211
1.0,0.30847442,403.95148
1.0,0.9999982,20529.906
1.0,0.46300474,73.18207
1.0,0.99570566,135.77412
1.0,0.9675537,178.65714
1.0,0.36577457,80.971436
1.0,0.5422786,101.16497
1.0,0.07175681,80.00268
1.0,0.313199,86.68914
1.0,0.8354182,318.9644
1.0,0.16087055,241.1332
1.0,0.8669834,1281.7184
1.0,0.6687633,81.824326
1.0,0.25057933,73.1677
1.0,0.17203248,251.20993
1.0,0.2274072,80.24245
1.0,0.55867785,78.77809
1.0,0.9999914,110.486015
1.0,0.15790102,92.141945
1.0,0.56880337,4432.438
1.0,0.47044003,121.71593
1.0,0.7966298,292.7455
1.0,0.61063534,115.95375
1.0,0.65811694,77.1393
1.0,0.34578487,214.49954
1.0,0.7056482,174.7823
1.0,0.33113024,97.54476
1.0,0.9782588,90.27507
1.0,0.9993685,71.06572
1.0,0.19979751,117.46826
1.0,0.33264923,100.33924
1.0,0.87834585,67.916595
1.0,0.68237525,197.71748
1.0,0.75378686,75.24447
1.0,0.16195129,98.96046
1.0,0.419187,67.52327
1.0,0.16294912,69.88703
1.0,0.58309096,184.27927
1.0,1.0,88.17726
1.0,0.09796276,90.59136
1.0,0.085044414,427.6911
1.0,0.5146114,77.4474
1.0,0.33489943,222.83083
1.0,0.6886896,75.6849
1.0,0.81798285,684.8104
1.0,0.9999981,2308.8904
1.0,0.49065226,1339.8535
1.0,0.22351207,156.75053
1.0,0.65350074,117.83707
1.0,0.996166,66.16229
1.0,0.38552514,77.91847
1.0,0.62640846,78.21321
1.0,0.86073774,217.1258
1.0,0.3543674,76.01494
1.0,0.45036978,140.02226
1.0,0.5697156,164.6615
1.0,0.12768485,101.36188
1.0,0.50215155,70.53999
1.0,0.9973361,66.152664
1.0,0.5726674,75.53787
1.0,0.5721912,80.819824
1.0,0.49440283,287.6799
1.0,0.56294775,82.25071
1.0,0.71626735,94.65491
1.0,0.90238917,561.01263
1.0,0.9994363,502.35275
1.0,0.4569272,83.28592
1.0,0.24306262,77.83296
1.0,0.99998605,7364.2637
1.0,0.4086631,78.29208
1.0,0.5648138,92.442986
1.0,0.2563397,77.44489
1.0,0.681766,90.3997
1.0,0.4613404,82.76985
1.0,0.1452438,132.73555
1.0,0.99158514,66.56344
1.0,0.5392866,68.42728
1.0,0.5824447,67.637535
1.0,0.7375394,73.713554
1.0,0.99929595,649.68005
1.0,0.9024122,79.60964
1.0,0.5995988,78.81361
1.0,0.033615533,249.31233
1.0,0.44621855,248.78937
1.0,0.14136983,102.6233
1.0,0.56127465,254.8445
1.0,0.776403,69.94787
1.0,0.36156458,89.47828
1.0,0.9993917,90.65141
1.0,0.5483606,116.880196
1.0,0.5353344,228.52461
1.0,0.66542816,69.6835
1.0,0.42525917,83.16334
1.0,0.1184196,101.26643
1.0,0.878754,66.54294
1.0,0.493779,1.2580864e+10
1.0,0.59360975,83.18014
1.0,0.23432198,92.00676
1.0,0.55107254,75.60145
1.0,0.051505957,131.01054
1.0,0.38828835,67.04651
1.0,0.5476093,290.8045
1.0,0.45408165,142.12755
1.0,0.29070643,107.12769
1.0,0.85970664,84.88433
1.0,0.6330404,151.21877
1.0,0.30045322,80.68951
1.0,0.9380625,683.0307
1.0,0.022308229,89.016945
1.0,0.3124325,72.52607
1.0,0.9591917,164.58342
1.0,0.4815828,140.61726
1.0,0.105259545,138.78676
1.0,0.8801484,96.19604
1.0,0.9048329,71.382256
1.0,0.44363222,72.51667
1.0,0.965076,86.64739
1.0,0.76736957,368.90988
1.0,0.9943053,3117.1023
1.0,0.20065114,182.90703
1.0,0.6135487,73.216286
1.0,0.3937484,73.16881
1.0,0.9999361,897.29645
1.0,0.99312663,83.16028
1.0,0.60025483,82.82458
1.0,0.9998672,2778.9124
1.0,0.47030982,93.230804
1.0,0.20470904,105.25495
1.0,0.51824296,197.15094
1.0,0.69889235,139.90231
1.0,0.9999186,3889.3296
1.0,0.38850904,72.8315
1.0,0.7175345,131.59274
1.0,0.9211252,269.45584
1.0,0.88153756,310.30862
1.0,0.19161119,80.75317
1.0,0.5218586,93.82195
1.0,0.9999641,1636.3187
1.0,0.60887176,86.995544
1.0,0.9551132,87.03283
1.0,0.99968874,104.67009
1.0,0.91944873,148.6265
1.0,0.40706897,98.63671
1.0,0.43299797,267.22012
1.0,0.8800433,2.6215815e+06
1.0,0.7191819,238.47368
1.0,0.56910825,87.2969
1.0,0.94689816,137.28809
1.0,0.68234694,103.60145
1.0,0.9963245,197.82214
1.0,0.63749444,74.243675
1.0,0.37043,73.573715
1.0,0.30189395,117.4838
1.0,0.9997003,3778.2737
1.0,0.5750317,249.18275
1.0,0.26102477,75.921684
1.0,0.90560144,372.43594
1.0,0.54266703,69.06754
1.0,0.20637892,1105.0822
1.0,0.2969544,67.65499
1.0,0.99999535,1030.2018
1.0,0.9994925,144.38293
1.0,0.44766003,81.03136
1.0,0.49440283,418.5782
1.0,0.91707903,304.60464
1.0,0.995911,408.16165
1.0,0.9999368,222.45058
1.0,0.4115415,66.28255
1.0,0.99970704,173.0537
1.0,0.92778736,426.68198
1.0,1.0,4183.659
1.0,0.78489685,82.641266
1.0,0.8418763,171.48541
1.0,0.99937683,308.35455
1.0,0.28122973,72.947136
1.0,0.5646758,65.62392
1.0,0.14820218,109.973465
1.0,0.17104286,128.90033
1.0,0.5771207,65.88006
1.0,0.38947812,69.9611
1.0,0.6045086,65.80718
1.0,0.61321753,85.66462
1.0,0.5954417,70.14983
1.0,0.7877608,70.48117
1.0,0.22777764,172.21033
1.0,0.6495992,77.2863
1.0,1.0,2886.6946
1.0,0.79837817,105.05988
1.0,0.20727295,85.19682
1.0,0.99999845,7422.2305
1.0,1.0,128686.59
1.0,0.96439373,216.18071
1.0,0.7231448,79.68859
1.0,0.23860632,99.04421
1.0,0.9999988,153.77208
1.0,0.3690777,71.12174
1.0,0.37248585,93.41124
1.0,0.27296412,79.7638
1.0,0.99400526,67.13594
1.0,0.7253447,86.9667
1.0,0.29002714,86.99024
1.0,0.06589949,297.2407
1.0,0.08908489,146.8171
1.0,0.5241987,298.668
1.0,0.11357882,314.74295
1.0,0.7054789,136.64984
1.0,0.3638349,320.61816
1.0,0.584664,84.84815
1.0,0.19399238,69.88903
1.0,0.43994966,101.592735
1.0,0.9999988,4955.0615
1.0,0.5076221,68.10529
1.0,0.25771856,138.6015
1.0,0.9995757,194.05455
1.0,0.9851172,593.7324
1.0,0.9965745,142.57681
1.0,0.62713856,161.74977
1.0,0.9247079,228.08105
1.0,0.72229624,384.64862
1.0,0.26001942,89.960625
1.0,0.49440283,283.10324
1.0,0.7980373,1082.1416
1.0,0.9597146,161.79373
1.0,0.9434365,222.84929
1.0,0.9960978,350.46475
1.0,0.9999685,130.73651
1.0,0.1913741,92.701965
1.0,0.598997,82.29208
1.0,0.94140124,298.06573
1.0,0.254441,75.48761
1.0,0.38441622,282.79724
1.0,0.9947672,688.90424
1.0,0.55832225,93.977135
1.0,0.909692,216.22154
1.0,0.4284748,118.381065
1.0,0.5918531,463.40305
1.0,0.5156521,573.2549
1.0,0.09109666,105.003784
1.0,0.5145408,894.6074
1.0,0.46492168,415.3374
1.0,0.46587926,83.4905
1.0,0.48169476,72.957664
1.0,0.5676818,114.20714
1.0,0.99529475,111.94853
1.0,0.99909675,412.16745
1.0,0.99331576,1921.5907
1.0,0.23762012,91.20325
1.0,0.7672709,379.06665
1.0,0.43481693,138.1499
1.0,0.9999987,73.00414
1.0,0.44719008,65.96
1.0,0.41971096,77.308365
1.0,0.54958314,86.277985
1.0,0.58973795,81.01266
1.0,0.59667397,75.86419
1.0,0.2248114,71.23068
1.0,0.16118483,85.58499
1.0,0.9999273,434.63574
1.0,0.8806462,86.12097
1.0,0.7289419,91.046165
1.0,0.9990464,72.64288
1.0,0.23936889,112.04986
1.0,0.5473744,87.37994
1.0,0.39870477,822.6218
1.0,0.98744094,232.29086
1.0,0.40549985,69.6172
1.0,0.5328247,243.98906
1.0,0.13176982,71.36409
1.0,0.47791004,259.28128
1.0,0.49582785,111.73572
1.0,0.9537929,134.63834
1.0,0.3171479,101.03282
1.0,0.04816659,150.23798
1.0,0.28643057,184.02055
1.0,0.4475077,152.15785
1.0,0.99993074,81.15069
1.0,1.0,14655.957
1.0,0.5801102,374.3174
1.0,0.9999999,17827.6
1.0,0.78823906,70.18763
1.0,0.49440283,158.3155
1.0,0.9999999,2598.8206
1.0,0.5527508,263.856
1.0,0.5382833,77.38913
1.0,0.69631857,95.83497
1.0,0.49440283,173.06017
1.0,0.10539879,113.91853
1.0,0.8244433,575.0531
1.0,0.39208227,67.28616
1.0,0.988559,73.42688
1.0,0.9967032,75.174835
1.0,0.5279871,70.297104
1.0,0.38037536,127.40227
1.0,0.6446334,138.44516
1.0,0.9590181,107.25038
1.0,0.37693176,84.87907
1.0,0.9819103,65.92604
1.0,0.60655403,1057.36
1.0,0.3632787,143.28844
1.0,0.99999547,221.87114
1.0,0.49892786,76.3553
1.0,0.18549955,67.333855
1.0,0.98603165,81.14543
1.0,0.8848593,126.42775
1.0,0.9796734,1091.1836
1.0,0.5795634,67.48015
1.0,0.5093474,226.2825
1.0,0.5257596,96.077415
1.0,0.62594765,80.36028
1.0,0.36343962,81.548
1.0,0.16723022,159.15642
1.0,0.1703505,65.402695
1.0,0.39448342,111.00291
1.0,0.42698306,130.51866
1.0,0.084548816,108.71136
1.0,0.19504103,110.13351
1.0,0.15260614,69.444534
1.0,0.68070304,75.06658
1.0,0.78063524,79.70368
1.0,0.28300825,92.71614
1.0,0.51189667,92.95886
1.0,0.5321243,83.02161
1.0,0.60384643,109.114525
1.0,0.35835987,69.222664
1.0,0.56116295,90.86082
1.0,0.1050975,340.01978
1.0,0.9991716,74.46992
1.0,0.35060677,244.92673
1.0,0.8329068,271.25797
1.0,0.80271554,76.35989
1.0,0.46094248,160.88474
1.0,0.9947968,307.6015
1.0,0.98986316,79.67383
1.0,0.73440075,304.2792
1.0,0.99999964,533.3917
1.0,0.546807,123.06894
1.0,0.7527385,73.06793
1.0,0.11191594,171.23518
1.0,1.0,831.5927
1.0,0.13478014,69.4702
1.0,0.9206036,423.96344
1.0,0.6597551,121.59738
1.0,0.5050528,259.2629
1.0,0.5362061,73.088036
1.0,0.33453652,72.74525
1.0,0.58139735,117.23447
1.0,0.27807525,93.69641
1.0,0.47771683,98.62461
1.0,0.49440283,318.0108
1.0,0.3656026,71.27672
1.0,0.7985301,118.61923
1.0,0.7190802,66.89625
1.0,1.0,81.21052
1.0,0.7199197,82.03444
1.0,0.99925584,350.7369
1.0,0.3266816,1.6966056e+07
1.0,0.03753738,70.11403
1.0,0.3067264,83.375305
1.0,0.9997898,68.09356
1.0,0.99873227,97.372696
1.0,0.5998333,70.58566
1.0,0.55042255,116.78976
1.0,0.24082409,142.52126
1.0,0.66541255,83.1527
1.0,0.2410514,81.366776
1.0,0.11693907,70.18291
1.0,0.13538493,120.39861
1.0,0.58264697,88.77791
1.0,0.27427733,134.73164
1.0,0.15384479,215.54222
1.0,0.9987801,8286.701
1.0,0.07871018,71.98013
1.0,0.19829363,167.39537
1.0,0.57211876,86.74369
1.0,0.49924898,72.28138
1.0,0.11193106,208.7873
1.0,0.99999833,93.57877
1.0,0.5641316,107.63478
1.0,0.56110805,101.83049
1.0,0.36875075,66.2966
1.0,0.9999981,153.72827
1.0,0.99635506,448.9262
1.0,0.98259854,772.36597
1.0,0.5401226,77.664856
1.0,0.24871223,99.74291
1.0,0.6185611,96.24083
1.0,0.62841153,728.33734
1.0,0.53358316,85.55427
1.0,0.69922477,76.093094
1.0,0.9950454,104.99681
1.0,0.2964824,92.865135
1.0,0.99999726,3216.064
1.0,0.69115835,71.5985
1.0,0.9978143,517.20605
1.0,0.47405854,172.35097
1.0,0.58483225,97.06192
1.0,0.36094695,73.449394
1.0,0.51089746,73.96405
1.0,0.54569924,132.98639
1.0,0.71260875,81.64193
1.0,0.16183506,66.88057
1.0,0.9999846,145.81793
1.0,0.53846115,106.65133
1.0,0.06488151,105.08982
1.0,0.853875,65.92372
1.0,0.64550155,146.95135
1.0,0.49217534,76.96172
1.0,0.99999976,96.97308
1.0,0.41331443,74.45312
1.0,0.17326017,71.67039
1.0,0.38330868,138.27972
1.0,1.0,890.4138
1.0,0.35532105,69.24042
1.0,0.19953124,68.25621
1.0,0.65512043,75.85357
1.0,0.46538812,377.70706
1.0,0.1907533,85.155716
1.0,0.3664287,968.6868
1.0,1.0,137.80487
1.0,1.0,137.80487
1.0,0.37078765,85.61796
1.0,0.55546635,69.37096
1.0,0.80157113,80.70858
1.0,0.9996086,107.688034
1.0,0.99998224,368.36285
1.0,0.37222236,77.45986
1.0,0.8337034,114.41529
1.0,0.36039582,75.0745
1.0,0.85177714,92.94508
1.0,0.57249206,82.131454
1.0,0.12500708,69.06017
1.0,0.39039907,78.87329
1.0,0.39750668,131.31656
1.0,0.7434464,6628.011
1.0,0.4686465,65.84265
1.0,0.25038972,147.71716
1.0,0.39928907,65.980965
1.0,0.18306185,100.99899
1.0,0.9641781,76.322235
1.0,0.99999607,11433.543
1.0,0.31643844,65.62381
1.0,0.98087597,254.97003
1.0,0.80820096,173.86168
1.0,0.51537293,74.18109
1.0,0.9341614,71.83201
1.0,0.089865774,70.0929
1.0,0.54177505,1491.2938
1.0,0.071615815,79.969925
1.0,0.6587644,74.06023
1.0,0.54945976,66.62204
1.0,0.6340171,73.56372
1.0,0.31441694,68.94388
1.0,0.60611546,192.79413
1.0,0.6237285,249.22626
1.0,0.086517416,88.11078
1.0,0.43409607,105.62634
1.0,0.20193648,274.10034
1.0,0.6287107,136.82489
1.0,0.1589811,260.485
1.0,0.41700095,81.18845
1.0,0.1712557,125.43506
1.0,0.16498159,132.01894
1.0,0.27669722,80.84827
1.0,0.53640616,132.8002
1.0,0.24977377,146.86104
1.0,0.17793295,179.69496
1.0,0.99372673,88.755516
1.0,0.38524684,84.57923
1.0,0.8016444,95.79552
1.0,0.48772484,79.27144
1.0,0.5249419,71.37701
1.0,0.66912276,75.317085
1.0,0.84598064,211.28233
1.0,0.9999949,12849.528
1.0,0.33835787,91.7502
1.0,0.3105529,291.33453
1.0,0.82936925,73.82685
1.0,0.9992105,67.69655
1.0,0.56711555,70.34474
1.0,0.28545266,68.63441
1.0,0.43175733,438.85266
1.0,0.39219892,128.77055
1.0,0.112928726,100.65974
1.0,0.42506686,134.81569
1.0,0.99832827,290.97122
1.0,0.92808104,362.84985
1.0,0.15337175,74.6079
1.0,0.94158363,145.6501
1.0,1.0,14464.395
1.0,0.54616505,155.71736
1.0,0.4949061,243.13478
1.0,0.9788881,107.47471
1.0,0.17663562,84.43136
1.0,0.70629454,65.39422
1.0,0.9123557,1888.6196
1.0,0.32876724,136.52791
1.0,0.664423,91.53045
1.0,0.12847884,228.8847
1.0,0.999962,124.461105
1.0,0.69078666,142.64172
1.0,0.43088496,85.217705
1.0,0.08313948,65.800156
1.0,0.9999771,68.066574
1.0,0.58258426,327.06845
1.0,0.5955687,256.23486
1.0,0.7179096,69.68683
1.0,0.58134055,73.427
1.0,0.32815894,75.20751
1.0,0.33791736,6.8664145e+06
1.0,0.62096614,73.68054
1.0,0.3528228,230.19395
1.0,0.97846234,161.63864
1.0,0.5631027,70.52946
1.0,0.55709976,77.993744
1.0,0.99970335,69.026855
1.0,0.60308313,76.93499
1.0,1.0,6216.0874
1.0,0.40575144,116.89482
1.0,0.50946826,223.58711
1.0,0.63620895,75.53974
1.0,0.3716345,148.03247
1.0,0.9999919,114.5413
1.0,0.16336694,144.09352
1.0,0.26378128,230.47304
1.0,1.0,129.34877
1.0,0.5460943,136.32286
1.0,0.9999988,96.75099
1.0,0.98364997,139.9478
1.0,0.61954653,77.52992
1.0,0.44283462,208.96204
1.0,0.9247336,106.1515
1.0,0.6001089,65.86456
1.0,0.1401603,120.60256
1.0,0.40039796,141.8221
1.0,0.62262666,143.19014
1.0,0.46578473,74.8421
1.0,0.04487992,545.95917
1.0,0.9999453,3331.344
1.0,0.5029103,98.95065
1.0,0.09406183,114.2393
1.0,0.70718616,148.36073
1.0,0.71123314,77.01075
1.0,0.9981713,1377.0664
1.0,0.50432193,76.33698
1.0,0.9260582,85.50736
1.0,0.99994564,2536.1323
1.0,0.9992693,196.30595
1.0,0.9997507,163.47322
1.0,0.7507717,2696.9768
1.0,0.49996746,3.4270069e+10
1.0,0.17115974,247.4943
1.0,0.20682117,67.23692
1.0,0.5409969,70.24664
1.0,0.31853887,84.47102
1.0,0.96267956,312.19247
1.0,0.44266686,66.07753
1.0,0.88291043,118.801506
1.0,0.9999876,136.36844
1.0,0.49440283,204.86235
1.0,0.99174094,274.69778
1.0,0.8664769,90.459915
1.0,0.8336904,95.75895
1.0,0.2022905,157.6818
1.0,0.5333996,87.01503
1.0,0.9665873,69.280014
1.0,0.5539975,102.60927
1.0,0.53187364,92.04905
1.0,0.9998087,87.28865
1.0,0.61845183,103.73981
1.0,0.5500336,112.97189
1.0,0.13615413,182.72066
1.0,0.99993837,116.998314
1.0,0.99997675,523.57526
1.0,0.27099317,81.328705
1.0,0.18065844,77.34549
1.0,0.20855999,118.72118
1.0,0.9224655,267.77652
1.0,0.16930802,68.485435
1.0,0.9999999,6968.184
1.0,0.5136842,92.636185
1.0,0.6021037,73.25647
1.0,0.8312054,71.69077
1.0,0.70872825,101.785385
1.0,0.9955844,82.05565
1.0,0.35008863,69.38162
1.0,0.45183977,77.721436
1.0,0.44573042,85.10032
1.0,0.2232346,80.65667
1.0,0.52479887,112.925514
1.0,0.22110286,68.27949
1.0,0.66942936,78.95452
1.0,0.5310727,76.1912
1.0,0.16337717,102.634735
1.0,0.9924589,172.70567
1.0,0.99998736,139.38301
1.0,0.21949962,245.14047
1.0,0.99995065,1668.166
1.0,0.5413676,66.44993
1.0,0.3396376,470.1735
1.0,0.18921517,75.77994
1.0,0.9999964,7137.43
1.0,0.22568005,101.98445
1.0,0.39087182,67.34794
1.0,1.0,10652.523
1.0,0.9999999,25714.93
1.0,0.6417986,375.91522
1.0,0.5441293,93.60574
1.0,0.5461211,96.04119
1.0,0.4150074,247.52283
1.0,0.5773482,105.668915
1.0,0.9358372,221.55322
1.0,0.20284544,82.564224
1.0,0.5077706,69.98426
1.0,0.9655717,100.03426
1.0,0.8220925,213.12236
1.0,0.14809532,172.88818
1.0,0.34398866,298.49655
1.0,0.3350668,157.99443
1.0,0.3635335,94.57061
1.0,0.27685902,85.88929
1.0,0.56740516,138.7335
1.0,0.5706164,83.01858
1.0,0.9741134,3062.0144
1.0,0.99931943,107.34887
1.0,0.617037,197.5222
1.0,0.5563583,116.58451
1.0,0.5900185,150.70404
1.0,0.5009905,88.986626
1.0,0.58681506,94.14777
1.0,0.24125747,260.74738
1.0,0.46960613,87.7077
1.0,0.021284506,182.83234
1.0,0.5047967,123.08373
1.0,0.5914675,84.97516
1.0,0.5580319,1669.2919
1.0,0.30797288,102.51265
1.0,0.99979264,615.9136
1.0,0.9967663,129.24706
1.0,0.9999958,71.90267
1.0,0.21373133,207.78232
1.0,0.64966124,78.338394
1.0,0.99999714,19810.828
1.0,0.48685178,69.91036
1.0,0.2518994,73.91262
1.0,0.9999734,3062.216
1.0,0.53890854,125.382324
1.0,0.31793973,87.7248
1.0,0.9978186,202.70769
1.0,0.5580406,115.85017
1.0,0.9999653,100.16158
1.0,0.99999964,575.1175
1.0,0.96079355,155.34969
1.0,0.4934811,166.91829
1.0,0.5358332,128.78865
1.0,0.8245963,1032.8253
1.0,0.4152578,209.23616
1.0,0.99372476,672.6798
1.0,0.4614382,124.184074
1.0,0.513415,138.903
1.0,0.5222135,83.978546
1.0,0.9996526,180.35435
1.0,0.65484476,239.64958
1.0,0.093154624,101.116
1.0,0.42595786,71.894775
1.0,0.99999857,128.2958
1.0,0.54759616,163.93605
1.0,0.99660313,785.2098
1.0,0.3154795,78.62406
1.0,0.49440283,124.586685
1.0,0.43221083,71.28732
1.0,0.2688041,148.67627
1.0,0.25255683,235.66606
1.0,0.28428885,89.18198
1.0,0.99999964,133.71149
1.0,0.6457784,70.90164
1.0,0.7437537,808.7966
1.0,0.62131584,226.16043
1.0,0.28631923,80.16867
1.0,1.0,14040.783
1.0,0.6914505,575.1412
1.0,0.35029644,76.15003
1.0,0.41059723,68.68416
1.0,0.22822851,178.84584
1.0,0.061598267,167.47093
1.0,0.47735205,69.42689
1.0,0.72902715,121.27585
1.0,0.9787411,85.07803
1.0,0.5943655,226.77509
1.0,0.38211465,2.42529e+06
1.0,0.5091873,1127.8512
1.0,0.6974316,65.33232
1.0,0.46064013,86.82549
1.0,0.9996768,67.6055
1.0,0.11983767,461.35004
1.0,0.30897143,322.3555
1.0,0.8366122,65.35293
1.0,0.99998057,174.27774
1.0,0.55262023,76.38029
1.0,1.0,69.257996
1.0,0.99999976,6131.186
1.0,0.432826,104.15644
1.0,0.51399004,121.734505
1.0,0.7372674,89.40335
1.0,0.99076277,77.12054
1.0,0.5374533,102.90859
1.0,0.4057999,77.58626
1.0,0.92302054,68.834435
1.0,0.08619568,114.57205
1.0,0.5849051,395.74805
1.0,0.21609204,143.36105
1.0,0.14932218,85.83581
1.0,0.7655093,285.32648
1.0,0.53039086,65.03276
1.0,0.34390852,125.58024
1.0,0.24132535,142.11865
1.0,0.43325737,195.00351
1.0,1.0,202.77681
1.0,0.59886557,85.193855
1.0,0.637164,83.2883
1.0,1.0,103920.16
1.0,0.6748101,74.39275
1.0,0.09409654,179.08546
1.0,0.24373657,74.057076
1.0,0.49284384,82.566765
1.0,0.7176178,76.34344
1.0,0.4533043,93.119705
1.0,0.67074025,748.9763
1.0,0.55437577,94.28114
1.0,0.5465658,106.764915
1.0,0.61165124,111.25383
1.0,0.5373209,157.46848
1.0,0.5589254,66.349754
1.0,0.62835354,77.14552
1.0,0.50392646,169.11406
1.0,0.9999871,95.33845
1.0,0.49440283,379.16675
1.0,0.2707911,72.301544
1.0,0.578988,176.18437
1.0,0.31314638,79.44143
1.0,0.28749245,1706.7994
1.0,0.103127606,97.250786
1.0,0.5164035,87.03395
1.0,0.5665036,82.61267
1.0,0.5392513,81.85499
1.0,0.9993451,437.0293
1.0,0.2936753,78.082726
1.0,0.40922546,137.05057
1.0,0.65498114,69.820076
1.0,0.5158259,124.0619
1.0,0.5922781,81.87488
1.0,0.9932469,120.613686
1.0,0.7978655,86.866974
1.0,0.9819727,552.9162
1.0,0.59658325,106.94682
1.0,0.815807,68.63708
1.0,0.17598063,81.22004
1.0,0.45914376,70.305786
1.0,0.99998784,93.11613
1.0,0.49744967,84.08811
1.0,0.7558959,98.77432
1.0,0.9983368,78.60516
1.0,0.99712414,149.26149
1.0,0.50559175,239.66301
1.0,0.52991563,122.919716
1.0,1.0,14320.312
1.0,0.62816274,76.11307
1.0,0.16882166,176.51498
1.0,0.59705853,77.23358
1.0,0.49440283,302.75958
1.0,0.9999503,178.91684
1.0,0.70160675,83.73249
1.0,0.6908162,455.14194
1.0,0.46730995,135.86046
1.0,0.46349218,86.01709
1.0,0.5877284,112.49838
1.0,0.3838152,66.222305
1.0,0.17446594,69.053955
1.0,0.6680282,105.983795
1.0,0.112455174,195.86461
1.0,0.7089938,106.91307
1.0,0.28661212,78.07859
1.0,0.55301833,226.3025
1.0,0.99640673,182.15248
1.0,0.47465423,915.2817
1.0,0.99999654,67.740616
1.0,0.25032452,167.18213
1.0,0.6884505,80.0005
1.0,0.40808713,74.89444
1.0,0.99999917,85.566086
1.0,0.2412311,88.91936
1.0,0.31813538,234.1477
1.0,0.9998437,435.1844
1.0,0.6090542,103.583084
1.0,0.4952561,79.516174
1.0,0.91259384,70.16066
1.0,0.4145391,115.058846
1.0,0.095928535,66.7593
1.0,0.99996305,95.63995
1.0,0.247727,80.69537
1.0,0.5003642,138.34122
1.0,0.5764975,68.34226
1.0,0.56099254,232.85085
1.0,0.77047867,84.9177
1.0,0.8359599,517.73444
1.0,0.9999999,5950.7593
1.0,0.22898684,174.44928
1.0,0.17543195,92.874954
1.0,0.57935166,68.56951
1.0,0.99999285,3468.6038
1.0,0.64079887,176.01442
1.0,0.23068522,91.37373
1.0,0.9871365,665.9323
1.0,0.9999999,181.06894
1.0,0.44107398,127.06706
1.0,0.40097222,317.59924
1.0,0.040581815,96.350945
1.0,0.42562503,91.55837
1.0,0.81309813,153.00739
1.0,0.896042,88.761925
1.0,0.9999926,130.8833
1.0,0.6923294,1641.2119
1.0,0.9956677,944.5355
1.0,0.5783749,65.89673
1.0,0.34296447,207.67216
1.0,0.53042156,69.68155
1.0,0.2526154,240.00375
1.0,0.86292166,91.43643
1.0,0.99952924,501.17545
1.0,0.5643737,90.524994
1.0,0.704981,444.6686
1.0,0.5462538,77.9248
1.0,0.1274322,81.403946
1.0,0.47098202,3544.8918
1.0,0.99958664,523.0814
1.0,0.5790028,51555.22
1.0,0.78071773,185.55978
1.0,0.9081682,153.24057
1.0,1.0,84.40316
1.0,0.99912983,108.46998
1.0,0.28633028,92.98239
1.0,0.7094338,154.64276
1.0,0.43709224,72.16293
1.0,0.9990061,12767.358
1.0,0.963232,87.40388
1.0,0.17678308,104.73998
1.0,0.9479071,109.681526
1.0,0.29169586,114.68614
1.0,0.49637508,123.10097
1.0,0.3542265,255.0543
1.0,0.23459323,100.71832
1.0,0.64985967,112.91944
1.0,0.5475239,401.109
1.0,0.9945932,209.30992
1.0,0.3063253,72.684265
1.0,1.0,824.22656
1.0,0.87342155,1247.8251
1.0,0.5416861,226.46097
1.0,0.54482096,80.51267
1.0,0.9981938,112.33256
1.0,0.53377897,121.80924
1.0,0.05707563,316.49817
1.0,0.08156309,74.00312
1.0,0.5601274,93.70538
1.0,0.52173555,85.41222
1.0,0.1881173,98.20385
1.0,0.5437725,69.28548
1.0,0.9980446,103.6638
1.0,0.12000422,80.01173
1.0,0.83867973,193.14139
1.0,0.04978323,99.11269
1.0,0.60297155,86.48897
1.0,0.861845,67.58726
1.0,0.3593288,72.38027
1.0,0.9994723,3004.2776
1.0,0.60368085,92.84403
1.0,0.9940303,1118.4226
1.0,0.74249476,86.59092
1.0,0.23924477,102.96036
1.0,1.0,2510.8335
1.0,0.77671504,93.05588
1.0,0.35763583,152.14932
1.0,0.75249666,99.62559
1.0,0.44392332,97.17351
1.0,0.53810644,69.444115
1.0,0.27616593,84.6537
1.0,0.67345756,70.34003
1.0,0.47352868,204.96169
1.0,0.9999999,88.01646
1.0,0.25561666,296.96686
1.0,0.9707949,100.774185
1.0,0.947395,70.282036
1.0,0.1905417,93.08091
1.0,0.5909209,98.03027
1.0,0.60413665,65.89104
1.0,0.2847467,78.61731
1.0,0.36800057,72.25909
1.0,0.5595378,168.33368
1.0,0.10497176,129.85106
1.0,0.5577559,78.89605
1.0,0.43318525,91.31065
1.0,0.4282551,110.44235
1.0,0.66006625,80.91127
1.0,1.0,1270.5757
1.0,0.4432732,66.81531
1.0,0.36710536,140.99239
1.0,0.5791611,88.68316
1.0,0.9999974,1988.9486
1.0,0.9961045,739.13354
1.0,0.5407008,70.937065
1.0,0.9475356,344.62637
1.0,0.533924,75.8691
1.0,0.4469431,200.0875
1.0,0.8187657,84.68638
1.0,0.17276165,256.66638
1.0,0.9139616,119.78772
1.0,0.99991524,3755.891
1.0,0.47551832,220.43973
1.0,0.31839696,104.684975
1.0,0.64974964,81.18063
1.0,0.26051867,1688.6598
1.0,0.29061854,70.69316
1.0,0.09874769,240.80577
1.0,0.27111074,97.54588
1.0,0.52425724,72.40935
1.0,1.0,230.76816
1.0,0.3779352,68.70528
1.0,0.77547634,83.08598
1.0,0.99915636,356.48523
1.0,0.84774995,140.72908
1.0,0.5401832,72.37324
1.0,0.88092005,488.1991
1.0,0.5959121,86.23489
1.0,0.32629916,75.378426
1.0,0.5947819,66.63525
1.0,0.99994147,117.35823
1.0,0.49440283,76.2646
1.0,0.97145295,173.41023
1.0,0.29767454,631.8481
1.0,0.31707838,127.79489
1.0,0.49902076,66.458206
1.0,0.8474403,291.0022
1.0,0.31426245,88.4109
1.0,0.947122,524.66547
1.0,0.43831128,121.161125
1.0,0.4734659,189.5345
1.0,0.6719096,66.82137
1.0,0.9999732,152.47678
1.0,0.74887,147.78749
1.0,0.8447169,72.257614
1.0,0.010457786,877.98517
1.0,0.9995179,519.8865
1.0,0.2336431,65.09178
1.0,0.8402109,354.71286
1.0,0.31910717,115.11906
1.0,0.99758685,302.5647
1.0,0.1670262,80.95028
1.0,0.16444632,108.288574
1.0,0.18088809,201.39758
1.0,0.17035152,72.67932
1.0,0.5412085,181.62357
1.0,0.21493801,115.90926
1.0,0.26653862,138.87753
1.0,0.52674234,80.519455
1.0,0.6348729,295.48584
1.0,0.27939236,72.68263
1.0,0.42219913,102.30846
1.0,1.0,125.755745
1.0,0.603275,101.364876
1.0,0.9990004,66.274506
1.0,1.0,3657.5154
1.0,0.40562335,137.84967
1.0,0.31146163,80.26641
1.0,0.8125866,345.2221
1.0,0.9681681,517.6054
1.0,0.6641896,86.05393
1.0,0.363585,267.1525
1.0,0.28118518,128.41434
1.0,0.2722788,69.17233
1.0,0.99867576,105.19794
1.0,0.9084609,608.52795
1.0,0.99574924,151.58623
1.0,0.5899152,72.39507
1.0,0.12040048,82.602325
1.0,0.5622329,67.77809
1.0,0.9999839,23520.14
1.0,0.3391247,208.59848
1.0,0.58021855,71.195984
1.0,0.011702552,68.63776
1.0,0.5285235,68.65441
1.0,0.23075576,120.47333
1.0,0.5275012,84.91472
1.0,0.99931467,98.19673
1.0,0.35186765,95.629585
1.0,0.44785434,162.71985
1.0,0.9999864,112.344215
1.0,0.27344254,76.5965
1.0,0.29946733,101.37779
1.0,0.8425983,122.1951
1.0,0.18427815,77.362434
1.0,0.2010091,137.95837
1.0,0.2925548,115.403984
1.0,0.48092955,97.87124
1.0,0.7747654,104.68411
1.0,0.7292869,95.14097
1.0,0.54159355,78.933716
1.0,0.995843,181.9514
1.0,0.47447973,79.13083
1.0,0.855498,217.1575
1.0,0.28945947,74.07039
1.0,0.3055399,462.5823
1.0,0.999944,152.52055
1.0,0.95745564,106.81287
1.0,0.86267394,311.08728
1.0,1.0,102.96533
1.0,0.968198,68.19507
1.0,0.5157909,71.533424
1.0,0.0089431135,292.4514
1.0,0.082499824,213.7213
1.0,0.62095165,264.38913
1.0,0.5380536,82.71121
1.0,0.98432827,309.2765
1.0,0.8808108,110.70544
1.0,0.5993065,68.203026
1.0,0.99848515,1138.7339
1.0,0.05046805,344.23215
1.0,0.48471984,68.60975
1.0,0.99854577,115.31754
1.0,0.31952322,313.3152
1.0,0.58896464,76.06536
1.0,0.8673936,119.02764
1.0,0.43074,125.130104
1.0,0.35493594,95.10452
1.0,0.5415834,98.03097
1.0,0.99998224,72.62871
1.0,0.24439767,84.47427
1.0,1.0,136.94167
1.0,0.4058215,73.10931
1.0,0.9972154,759.1831
1.0,0.9049494,108177.695
1.0,0.047893472,66.81279
1.0,0.5899513,97.34346
1.0,0.99440235,1056.3016
1.0,0.23711379,156.41261
1.0,0.48389477,99.24557
1.0,0.25383297,97.57807
1.0,0.7249621,107.20635
1.0,0.3499715,69.64409
1.0,0.258982,109.824326
1.0,0.21751453,93.4236
1.0,0.7524684,111.82421
1.0,0.9999999,162.81099
1.0,0.58866477,1694.5651
1.0,0.42688224,81.68443
1.0,0.6019513,67.71829
1.0,0.31471482,158.0437
1.0,0.37940693,262.65442
1.0,0.91293687,338.2405
1.0,0.9097789,90.31408
1.0,0.12318959,168.79878
1.0,0.5930069,76.58905
1.0,0.22796245,123.367584
1.0,0.6380538,72.7134
1.0,0.13385284,83.36789
1.0,0.46815056,162.1584
1.0,0.36907285,106.83938
1.0,0.525894,76.624504
1.0,0.4033533,74.46642
1.0,0.99999976,263.18283
1.0,0.2858648,66.5081
1.0,0.20830846,69.009445
1.0,0.37928766,176.26022
1.0,0.87375015,99.59778
1.0,0.7689614,427.6878
1.0,0.29646608,68.24123
1.0,0.5074727,183.10716
1.0,0.6361496,156.91325
1.0,0.78088087,75.894516
1.0,0.9409372,83.69807
1.0,0.6835007,98.73
1.0,0.6835007,98.73
1.0,0.88535506,186.93765
1.0,0.52985084,240.0624
1.0,0.9971564,148.36229
1.0,0.2199376,74.49832
1.0,0.9207701,396279.84
1.0,0.99999523,928.40643
1.0,0.6650809,66.287224
1.0,0.23588377,98.183556
1.0,0.64324486,68.98238
1.0,0.18302292,180.75948
1.0,0.3826033,118.969765
1.0,0.9757278,463.85178
1.0,0.99919766,2027.7358
1.0,0.67889917,217.85196
1.0,0.7120576,218.65929
1.0,0.57106763,123.04083
1.0,0.99865925,363.06564
1.0,0.99594444,423.15192
1.0,0.9963406,81.38002
1.0,0.99558455,99.0064
1.0,0.34589007,77.21605
1.0,0.4939538,108.15163
1.0,0.48784444,116.984955
1.0,0.5552295,69.176834
1.0,0.13246681,383.11526
1.0,0.10119617,73.04527
1.0,0.43253586,188.06262
1.0,0.9999814,8742.023
1.0,0.5850131,68.01118
1.0,0.29225123,77.179306
1.0,0.23957852,104.3649
1.0,0.67334783,76.15917
1.0,0.6168455,69.96469
1.0,0.40740684,75.173744
1.0,0.8895926,66.58412
1.0,0.05626008,116.415985
1.0,0.4188705,69.95206
1.0,0.32792318,103.026054
1.0,0.7237919,210.29445
1.0,0.79498696,79.9949
1.0,0.44473678,122.254616
1.0,0.44434753,144.50822
1.0,0.5267845,79.05037
1.0,0.3407258,82.1923
1.0,0.63394386,105.65679
1.0,0.3668615,258.1751
1.0,0.9989213,18542.895
1.0,0.9999714,3788.5547
1.0,0.703762,76.13638
1.0,0.98591787,2819.9604
1.0,0.49906495,245.30673
1.0,0.9871258,87.66712
1.0,0.6895619,66.17711
1.0,0.19368407,301.47324
1.0,0.13325171,66.16156
1.0,0.79360336,196.99927
1.0,0.49695662,144.07611
1.0,0.3685203,262.377
1.0,0.30224198,133.27193
1.0,0.9995565,166.73833
1.0,0.67196333,174.54814
1.0,0.8334914,125.65016
1.0,0.94755024,76.52595
1.0,0.46374357,114.978775
1.0,0.9741054,116.02277
1.0,0.99999785,403.61032
1.0,0.9999981,3240.5781
1.0,0.8531922,152.12961
1.0,0.5433427,75.91174
1.0,0.9553716,201.25258
1.0,0.99999976,3454.0579
1.0,0.14658587,81.55955
1.0,0.80237925,92.33678
1.0,0.37676194,82.39845
1.0,0.9229193,116.229454
1.0,0.99999607,31845.945
1.0,0.9921301,75.41274
1.0,0.9870156,336.00925
1.0,0.618973,98.8834
1.0,0.57220703,77.338036
1.0,0.1852136,721.087
1.0,0.4301807,68.79242
1.0,0.31195465,69.60835
1.0,0.39308453,263.57498
1.0,0.6763754,82.76969
1.0,0.44505644,86.791756
1.0,0.34342742,69.373985
1.0,0.53099465,65.848564
1.0,0.3386341,145.80624
1.0,0.8979322,1261.3284
1.0,0.025401525,120.06476
1.0,0.99269485,71.432076
1.0,0.08563616,209.3175
1.0,0.41960016,98.85452
1.0,0.28446224,84.10995
1.0,0.2027179,671.1829
1.0,0.40851814,142.65598
1.0,0.59516525,81.67876
1.0,0.35689917,335.0253
1.0,0.09823047,75.374535
1.0,0.5910285,71.1121
1.0,0.4635295,75.20305
1.0,0.42112246,160.4254
1.0,0.5874135,73.44073
1.0,0.9967809,218.85829
1.0,0.51618785,102.698875
1.0,0.50230306,227.10861
1.0,0.5249859,87.45281
1.0,0.75318944,1276.7413
1.0,0.32087806,77.44561
1.0,0.7820148,107.01595
1.0,0.52518356,68.10743
1.0,0.930618,288.16785
1.0,0.39924964,119.18477
1.0,0.45717734,132.0839
1.0,0.5667908,87.939705
1.0,0.99970454,1390.9683
1.0,0.28254333,130.71591
1.0,0.52911353,308.552
1.0,0.9999999,186.80788
1.0,0.9994591,583.3378
1.0,0.9940434,686.1053
1.0,0.9999999,45889.53
1.0,0.61757153,87.91649
1.0,0.2992072,120.7985
1.0,0.49440283,73.450966
1.0,0.99998057,231.52342
1.0,0.1424765,71.343544
1.0,0.5358861,83.75398
1.0,0.6277038,127.56611
1.0,0.11364522,92.25196
1.0,0.091055974,111.46945
1.0,0.5413055,77.437065
1.0,0.78666496,87.18109
1.0,0.403966,84.450294
1.0,0.59458196,149.14543
1.0,0.15918395,205.62245
1.0,0.55563974,71.129295
1.0,0.49959388,90.37303
1.0,0.109188095,757.25134
1.0,0.38487932,70.77346
1.0,0.9887544,246.85747
1.0,0.99028885,80.15593
1.0,0.8099215,271.20496
1.0,0.27705088,76.578835
1.0,0.65242934,68.84365
1.0,0.31019896,284.80832
1.0,0.76554346,68.27619
1.0,0.99392337,494.92953
1.0,0.77154064,267.11115
1.0,0.55327445,77.75041
1.0,0.6526709,71.112724
1.0,0.9445028,109.2972
1.0,0.999889,444.09338
1.0,0.6682258,155.63232
1.0,0.2999616,80.11388
1.0,0.3631295,132.0915
1.0,0.99961746,464.82706
1.0,0.9482535,104.39068
1.0,0.96631193,67.100746
1.0,0.54542136,347.75784
1.0,0.41545704,121.02026
1.0,0.5378247,79.135864
1.0,0.7501072,109.50254
1.0,0.5373353,66.52902
1.0,0.34849468,108.20989
1.0,0.7147013,139.3293
1.0,0.46926966,70.25298
1.0,1.0,24248.377
1.0,0.62965816,68.26823
1.0,0.7123622,121.37596
1.0,0.41377166,67.69742
1.0,0.23511197,120.05876
1.0,0.5639611,101.93183
1.0,0.69688785,92.57637
1.0,0.13807197,118.3489
1.0,0.31215954,143.47018
1.0,0.6213486,72.799995
1.0,0.58579475,83.881424
1.0,0.059404794,128.65778
1.0,0.3756246,102.995636
1.0,0.6112318,117.033005
1.0,0.5732909,528.75726
1.0,0.2339259,80.82967
1.0,0.48197678,97.9406
1.0,0.5021375,387.0709
1.0,0.69042736,73.04299
1.0,0.2750724,174.98814
1.0,0.44802383,100.7676
1.0,0.2330042,74.00064
1.0,0.20445003,158.38026
1.0,0.6182546,207.01651
1.0,0.767931,70.54898
1.0,0.15640925,1.3928205e+10
1.0,0.99982005,203.57454
1.0,0.12565863,129.34003
1.0,0.21027656,79.01176
1.0,0.48419484,123.60045
1.0,0.9954848,203.86061
1.0,0.3668948,72.20668
1.0,0.5724992,102.68371
1.0,0.1384919,76.36553
1.0,0.062309023,474.50723
1.0,0.6168614,92.46666
1.0,0.12368221,267.91754
1.0,0.9991548,2059.0405
1.0,0.38871294,77.93977
1.0,0.4744518,133.73975
1.0,0.9998398,94.23744
1.0,0.9500032,94.55664
1.0,0.4859441,66.62599
1.0,0.7169262,138.8033
1.0,0.21335162,199.43619
1.0,0.31854436,113.23678
1.0,0.60733557,68.85023
1.0,0.08950732,5.9371845e+06
1.0,0.8873449,73.83467
1.0,0.99284875,159.60948
1.0,0.8648596,209.01103
1.0,0.99906355,413.2831
1.0,0.691203,1248.1361
1.0,0.745271,99.07015
1.0,0.9467813,767.53467
1.0,0.69493955,142.61784
1.0,0.99946207,558.8017
1.0,0.5149333,98.91285
1.0,0.47085273,65.278595
1.0,0.46207157,145.85957
1.0,0.81178397,241.66739
1.0,0.50462186,130.6738
1.0,0.23814917,85.74623
1.0,1.0,12147.355
1.0,0.99653155,11084.36
1.0,0.40752798,337.98953
1.0,0.43957147,176.7222
1.0,0.9995433,1606.8472
1.0,0.6091451,73.88493
1.0,0.5165776,93.234795
1.0,0.55104357,95.42456
1.0,0.50437605,171.15323
1.0,0.7946411,85.24143
1.0,0.24591462,328.50244
1.0,0.5280454,552.11725
1.0,0.7300288,87.15216
1.0,0.26805994,74.61053
1.0,0.8870872,130.25624
1.0,0.45015907,142.9878
1.0,0.91223407,151.84875
1.0,0.45898062,168.39967
1.0,0.14324318,128.58017
1.0,0.7357344,89.72908
1.0,0.10116881,123.739624
1.0,0.4173027,112.09877
1.0,0.8693681,77.59863
1.0,0.60864466,107.17398
1.0,1.0,12621.472
1.0,0.42454922,91.04946
1.0,0.84900206,152.6292
1.0,0.999998,123.077515
1.0,0.45000902,103.395256
1.0,0.53035074,89.90518
1.0,0.05820452,93.656784
1.0,0.23990098,631.371
1.0,0.44683412,212.6404
1.0,0.5088555,73.33368
1.0,0.9999994,6416.373
1.0,0.4770292,78.08232
1.0,0.33917892,76.282715
1.0,0.9975641,2768.301
1.0,0.6047145,79.50526
1.0,0.64528954,112.72582
1.0,0.94132,137.97087
1.0,0.3106215,89.12931
1.0,0.9996973,520.8807
1.0,0.34095466,93.33225
1.0,0.4477234,382.40503
1.0,0.6349017,86.624344
1.0,1.0,652.6894
1.0,0.99999475,1.5303511e+07
1.0,0.33173147,46738.152
1.0,0.4742978,70.806145
1.0,0.9914424,4980.539
1.0,0.7494135,85.04866
1.0,0.47803816,72.10102
1.0,0.4677173,78.37272
1.0,0.99600756,116.50562
1.0,0.9907222,128.57939
1.0,0.9994092,114.6188
1.0,0.10282475,1076.5693
1.0,0.47064528,67.37415
1.0,0.99968374,94.06362
1.0,0.50776184,258.82135
1.0,0.8924451,73.827705
1.0,0.9995352,631.6015
1.0,0.8924899,234.4169
1.0,0.76604563,218.03993
1.0,0.5790638,100.42791
1.0,0.6570508,74.06415
1.0,1.0,591.11664
1.0,0.99999976,144.90034
1.0,0.4580551,74.820946
1.0,0.30833074,322.42914
1.0,0.4844054,166.51677
1.0,0.99476373,75.90947
1.0,1.0,39640.645
1.0,0.29293144,110.16961
1.0,0.53215796,123.61422
1.0,0.20210387,129.85756
1.0,0.9998721,2812.641
1.0,1.0,6258.0557
1.0,0.20987348,96.390915
1.0,0.6878047,66.47722
1.0,0.8309179,69.074715
1.0,0.864947,71.49445
1.0,0.32950172,312.16248
1.0,0.99928504,6163.926
1.0,0.6885524,66.50565
1.0,0.99561393,128.3361
1.0,0.32087684,74.18115
1.0,0.5765636,73.58032
1.0,0.9997857,320.45468
1.0,0.12182157,128.81326
1.0,0.6847875,116.23156
1.0,0.20549023,232.15395
1.0,0.882661,67.7295
1.0,0.39720985,131.69313
1.0,0.028675444,75.371185
1.0,0.99926275,66.35923
1.0,0.44532079,73.01136
1.0,0.37852335,122.762314
1.0,0.49440283,320.91803
1.0,0.51519585,87.042694
1.0,0.6064291,74.49709
1.0,0.8334004,71.250626
1.0,0.44433257,96.21769
1.0,0.40554896,68.07479
1.0,0.55511,119.04758
1.0,0.73776424,69.32851
1.0,0.36674702,198.28989
1.0,0.93067425,77.06692
1.0,0.9999999,10033.72
1.0,0.25398242,3.7150723e+08
1.0,0.545503,68.89849
1.0,0.99949145,2522.9678
1.0,0.07048711,152.2766
1.0,0.7235548,185.05653
1.0,0.72927004,121.406815
1.0,0.33791646,65.89778
1.0,0.19744584,372.32352
1.0,0.3696678,86.55033
1.0,0.53629464,71.646904
1.0,0.9009158,72.18599
1.0,0.3841789,179.45245
1.0,0.321792,66.94739
1.0,0.9567971,66.051384
1.0,0.5374937,87.86284
1.0,0.9999976,508.80774
1.0,0.52585727,108.820984
1.0,0.60899204,119.466644
1.0,0.5310176,75.70374
1.0,0.99550503,122.694336
1.0,0.54756093,67.03503
1.0,0.26648593,482.71048
1.0,0.25329334,176.79381
1.0,0.9020585,3.6823488e+08
1.0,0.5179949,65.02342
1.0,0.5798297,249.19849
1.0,0.7692638,23275.422
1.0,0.46253434,81.6771
1.0,0.313719,67.41238
1.0,0.41105136,101.716736
1.0,0.2797115,69.711494
1.0,0.46207494,161.09932
1.0,0.5254579,73.03373
1.0,0.79467,145.06772
1.0,0.32044384,81.92276
1.0,0.86212456,66.107285
1.0,0.14032522,66.08327
1.0,0.24993874,73.70852
1.0,0.79977554,97.70211
1.0,0.9937105,87.82561
1.0,0.49574652,73.348335
1.0,0.08814832,105.5398
1.0,0.7666572,73.94921
1.0,0.5456666,71.40385
1.0,0.9999994,102.59102
1.0,0.45644003,95.345856
1.0,0.5841025,95.09727
1.0,0.40237918,123.84999
1.0,0.28806517,68.32388
1.0,0.7884771,84.65867
1.0,0.98762053,74.413155
1.0,0.58518785,105.87331
1.0,0.44328728,329.27756
1.0,0.5674136,310.2824
1.0,0.5014814,477.4833
1.0,0.51276433,123.27247
1.0,0.3025391,114.032906
1.0,0.48790163,267.95636
1.0,0.9729696,736.6843
1.0,0.99592626,1096.339
1.0,0.8262833,121.34671
1.0,0.31100556,194.29823
1.0,0.9999999,15389.124
1.0,0.9996413,682.9516
1.0,0.5605546,67.840355
1.0,0.575506,79.101944
1.0,0.35959077,94.250244
1.0,0.9999964,522.81213
1.0,0.49440283,292.5548
1.0,0.19305503,140.89644
1.0,0.9918901,82.42406
1.0,0.31963333,184.39604
1.0,0.43740276,87.95197
1.0,0.35057116,68.5954
1.0,0.6139733,70.35258
1.0,0.4471589,94.98889
1.0,0.9950826,116.80386
1.0,0.55997866,440.23965
1.0,0.538217,67.21899
1.0,0.43761587,120.11724
1.0,0.15401147,354.43158
1.0,0.81392777,128.08385
1.0,0.11625394,1006.2929
1.0,0.9261815,154.0241
1.0,0.10277872,721.01373
1.0,0.20350255,78.53641
1.0,0.12648696,85.79108
1.0,0.293002,75.768105
1.0,0.1095527,161.76256
1.0,0.37196934,104.61052
1.0,1.0,2860.267
1.0,0.06008276,90.89479
1.0,0.26859725,121.22666
1.0,0.9751863,65.5394
1.0,0.5265033,116.71777
1.0,0.31764734,112.232574
1.0,0.49340346,254.43658
1.0,0.083150096,73.13604
1.0,0.06578776,136.79883
1.0,0.984993,108.48528
1.0,0.49659923,84.67048
1.0,0.24319616,77.32696
1.0,0.88999027,527.6919
1.0,0.26288444,159.01022
1.0,0.14906286,75.024666
1.0,0.61752594,68.23753
1.0,0.03500062,77.85369
1.0,0.9925895,111.58462
1.0,0.12060663,107.78669
1.0,0.998439,83.8514
1.0,0.44314706,147.60092
1.0,0.71157265,334.38162
1.0,0.05807863,175.24347
1.0,0.3427646,148.38965
1.0,0.47517586,136.3656
1.0,0.65710276,135.00107
1.0,0.6957736,88.91672
1.0,0.28226483,74.98052
1.0,0.57341594,123.77278
1.0,0.59474653,89.19245
1.0,0.42307067,123.68305
1.0,0.5589071,72.600426
1.0,0.3226718,116.831055
1.0,0.9999995,155.18262
1.0,0.37463814,90.990875
1.0,0.58967733,83.32555
1.0,0.9421718,107.40481
1.0,0.15174128,84.155075
1.0,0.5104407,122.175575
1.0,0.48091683,329.23654
1.0,0.52171105,76.38645
1.0,0.3390688,69.61502
1.0,0.6865246,82.216194
1.0,0.39688104,109.80515
1.0,0.40511298,111.52931
1.0,0.5592246,76.01511
1.0,0.590398,76.75532
1.0,0.5431809,78.408714
1.0,0.5009935,105.08071
1.0,0.86153716,161.82794
1.0,0.649738,131.94046
1.0,0.5466157,99.88204
1.0,0.639368,336.26926
1.0,0.7924967,77.986725
1.0,0.3426547,80.08384
1.0,0.6091123,67.310936
1.0,0.05494332,165.89566
1.0,0.9844961,433.50598
1.0,0.9988965,4634.646
1.0,0.37241125,162.22491
1.0,0.24959938,107.859024
1.0,0.7096814,75.18539
1.0,0.26749924,70.202774
1.0,0.39848658,84.10436
1.0,0.999962,91.50953
1.0,0.50701654,65.549866
1.0,0.33530742,86.98293
1.0,0.16038498,105.034225
1.0,0.99966335,141.2676
1.0,0.070987634,950.2055
1.0,0.9999994,879.83704
1.0,0.57025504,86.620995
1.0,0.47041574,67.64238
1.0,0.9999858,148.8093
1.0,0.7897423,70.48839
1.0,0.82794476,75.97753
1.0,0.71670926,499.86807
1.0,0.37433997,86.19067
1.0,0.6677047,78.66262
1.0,0.38462386,70.594696
1.0,0.10999325,81.26731
1.0,0.25574788,342.359
1.0,0.56709594,123.15734
1.0,0.5634765,153.47429
1.0,0.5273056,72.549484
1.0,0.9083428,176.70706
1.0,0.99999857,78.57634
1.0,0.44304568,155.57808
1.0,0.5181158,81.65011
1.0,0.48186573,95.61499
1.0,0.67011,82.82658
1.0,0.8817271,158.4294
1.0,0.5188235,65.25729
1.0,0.55144703,369.29303
1.0,0.5869588,81.756836
1.0,0.9994771,258.6803
1.0,0.9999988,4887.4424
1.0,0.69921505,97.26819
1.0,0.64927816,126.39014
1.0,0.999992,107067.19
1.0,0.49569014,112.4151
1.0,0.49569014,112.4151
1.0,0.50176007,108.91147
1.0,0.6164372,276.76245
1.0,0.9999018,86.5528
1.0,0.5406589,122.92484
1.0,0.28649816,170.06134
1.0,0.30853578,215.76158
1.0,0.66111386,84.31327
1.0,0.037231278,141.58871
1.0,0.38801277,111.22952
1.0,0.53793114,74.08977
1.0,0.84793764,81.32243
1.0,0.49972096,138.33257
1.0,0.98315203,279.1214
1.0,0.64684206,75.0861
1.0,0.37437096,106.10523
1.0,0.34699196,157.2575
1.0,0.7632103,113.73856
1.0,0.14051858,90.451225
1.0,0.9495602,274.70865
1.0,0.9963696,117.36274
1.0,0.35399684,85.624725
1.0,0.16804282,72.33326
1.0,0.9999945,228.2959
1.0,0.830797,84.00921
1.0,0.99999654,65.43559
1.0,0.14348826,138.14003
1.0,0.93864614,106.23562
1.0,0.22189291,94.75192
1.0,0.4605834,69.25463
1.0,0.48152497,343.6706
1.0,0.2816481,125.210846
1.0,0.6121749,92.02972
1.0,0.57891375,70.3756
1.0,0.8636125,120.52658
1.0,0.63350004,66.163086
1.0,0.35605684,82.65529
1.0,0.7087311,185.27997
1.0,0.4143274,158.60379
1.0,0.7830953,113.286705
1.0,0.10004079,474.73547
1.0,0.6355058,76.44841
1.0,0.59393287,177.62413
1.0,0.14705321,82.349655
1.0,0.99112177,169.38545
1.0,0.14761107,71.38998
1.0,0.9999906,733.6606
1.0,0.014155767,145.0576
1.0,0.99980706,121.04784
1.0,0.3141734,84.0634
1.0,0.90316504,144.61536
1.0,0.41878948,102.281166
1.0,0.6178629,92.75974
1.0,0.36623,87.89381
1.0,0.6095627,84.927635
1.0,0.12468982,85.15813
1.0,0.16125758,103.01497
1.0,0.56220996,116.78918
1.0,0.22127202,138.05202
1.0,0.98045564,197.97577
1.0,0.10215208,529.2219
1.0,0.6710355,4204.556
1.0,0.9998927,119.69648
1.0,0.48361567,184.6799
1.0,0.518539,430.25378
1.0,0.33313987,71.401344
1.0,0.7323756,71.1539
1.0,0.5369716,65.053345
1.0,0.48480308,90.824066
1.0,0.9232817,95.05546
1.0,0.45941472,72.233086
1.0,0.24803197,68.21516
1.0,0.531284,66.77935
1.0,0.2885326,124.7241
1.0,0.13505985,92.1356
1.0,0.42063358,145.08978
1.0,0.6498541,106.16478
1.0,0.58284116,91.14338
1.0,0.5223437,331.38495
1.0,0.99724555,78.98634
1.0,0.99999714,2707.025
1.0,0.54465544,121.845024
1.0,0.37894684,65.86588
1.0,0.41337594,599.2633
1.0,0.48338878,68.33431
1.0,0.19447774,281.97064
1.0,0.45624024,83.44922
1.0,0.6648408,106.60889
1.0,0.12593359,172.72131
1.0,0.45554435,92.70044
1.0,0.52087337,88.30888
1.0,0.42551932,151.85243
1.0,0.9998511,91.31311
1.0,0.6028866,77.04063
1.0,0.99997485,272.8219
1.0,0.9976394,2094.328
1.0,0.39752752,346.18222
1.0,0.31324893,358.16183
1.0,0.047967672,144.82416
1.0,0.6445205,70.145874
1.0,0.27414805,83.04312
1.0,0.99964607,78.022995
1.0,0.25104943,368.77866
1.0,0.2176963,146.54509
1.0,0.07732711,87.58222
1.0,0.99880314,315.0306
1.0,0.49440283,452212.53
1.0,0.99999857,113.77035
1.0,0.46952286,220502.9
1.0,0.43403,74.8185
1.0,0.72566545,70.689316
1.0,0.3068233,75.31227
1.0,0.5630166,86.686066
1.0,0.20027062,103.959526
1.0,0.7632495,126.673965
1.0,0.9996842,252.71362
1.0,0.9200577,88.738556
1.0,0.6310342,79.94565
1.0,0.5612016,118.98394
1.0,0.3332624,80.101776
1.0,0.8735984,382.70093
1.0,0.508743,267.95535
1.0,0.9999999,25758.814
1.0,0.97040546,306.29523
1.0,0.979186,156.2578
1.0,0.9999999,3231.7131
1.0,0.70823485,90.65002
1.0,0.8268669,70.88763
1.0,0.21712422,81.021484
1.0,0.29899383,166.38994
1.0,0.12285145,155.6876
1.0,0.9830822,253.63387
1.0,0.27601054,69.21148
1.0,0.65411633,75.18621
1.0,0.99999833,4606.1816
1.0,0.48386824,67.33452
1.0,0.6730178,104.52665
1.0,0.29433882,348.97742
1.0,0.6048021,245.20522
1.0,0.9997743,1209.0769
1.0,1.0,191.53915
1.0,0.30844113,116.787704
1.0,0.9993787,88.3984
1.0,0.49188125,69.123215
1.0,0.485824,630.58466
1.0,0.2640059,69.98196
1.0,0.7882042,106.30393
1.0,0.9999989,129.64706
1.0,0.8026979,68.45613
1.0,0.23966774,85.33559
1.0,0.6792558,111.99131
1.0,0.16958801,100.10315
1.0,0.97196364,114.71631
1.0,0.5298041,67.75544
1.0,0.26637617,106.44613
1.0,0.99999917,28727.021
1.0,0.42251876,76.53
1.0,0.62781,81.537636
1.0,0.9999994,79.87425
1.0,0.9445131,1.0995499e+06
1.0,0.99127614,185.50061
1.0,0.6282026,75.848656
1.0,0.9792534,83.2823
1.0,0.8706346,79.371025
1.0,0.14045519,127.28028
1.0,0.99785477,607.7327
1.0,0.4962548,76.74166
1.0,0.99999976,428.72943
1.0,0.60887885,75.368996
1.0,0.11523583,78.35996
1.0,0.4421475,75.10987
1.0,0.9596343,179.80302
1.0,0.61984485,229.55742
1.0,0.1474559,177.23265
1.0,0.9472935,225.07542
1.0,0.5759037,69.119644
1.0,0.22889067,142.59106
1.0,0.48693293,144.69223
1.0,0.9982297,178.73816
1.0,0.95908225,89.89225
1.0,0.5125868,66.41484
1.0,0.968404,698.08
1.0,0.30908436,244.81381
1.0,0.6291383,100.72142
1.0,0.9795012,83.091736
1.0,0.7127526,75.870766
1.0,0.07769937,81.4893
1.0,0.59838444,223.775
1.0,0.6342072,118.35923
1.0,0.4914797,404.26184
1.0,0.9999999,1269.9746
1.0,0.666749,65.85794
1.0,0.5969152,70.661095
1.0,0.9684756,298.58914
1.0,0.22554705,122.673996
1.0,0.5734821,426.03458
1.0,0.3540872,131.27988
1.0,0.19197936,79.76306
1.0,0.5284747,69.89405
1.0,0.20618215,663.11957
1.0,0.5319559,84.54393
1.0,0.27434945,88.54146
1.0,0.55209786,87.23531
1.0,0.6360726,101.74611
1.0,0.5458361,76.41245
1.0,1.0,14907.644
1.0,0.013148697,137.07104
1.0,0.5666786,121.38116
1.0,0.19271897,70.50112
1.0,0.9911479,69.44446
1.0,0.6352389,65.45957
1.0,0.4783642,195.17026
1.0,0.5056345,80.24782
1.0,0.2737387,103.56762
1.0,0.9999999,1480.6864
1.0,0.25710422,79.99407
1.0,0.1548413,87.22489
1.0,0.12995315,74.66623
1.0,0.83690757,936.42957
1.0,0.18628839,77.309044
1.0,0.6595505,65.11094
1.0,0.75675136,264.2359
1.0,0.5553087,75.67096
1.0,0.9998272,127.98713
1.0,0.37808725,67.36757
1.0,0.12723331,85.79278
1.0,0.58259857,107.37722
1.0,1.0,34037.61
1.0,0.78888637,89.37258
1.0,0.509031,67.213234
1.0,0.19256178,175.11989
1.0,0.22811203,440.34576
1.0,0.3369053,95.89876
1.0,0.37465507,425.56052
1.0,0.6590264,65.45338
1.0,0.99695045,116.02405
1.0,0.96592903,1125.9952
1.0,0.5426876,84.32827
1.0,0.97296417,73.44343
1.0,0.48804447,109.980286
1.0,0.35851583,179.47235
1.0,0.99942577,854.8934
1.0,0.7822365,180.95447
1.0,0.6355338,69.08789
1.0,0.54900146,97.274704
1.0,0.6757429,71.060585
1.0,0.9823406,2.0905614e+11
1.0,0.6818009,78.54714
1.0,0.98967046,157.41194
1.0,0.98045784,1465.5217
1.0,0.47507143,217.00758
1.0,0.53036326,550.90466
1.0,1.0,5794.758
1.0,0.51368296,84.51302
1.0,0.3605854,69.08051
1.0,0.6169172,67.714165
1.0,0.9888728,75.44384
1.0,0.40740344,98.31726
1.0,0.9764153,937.8207
1.0,0.3037977,69.76448
1.0,0.28620934,109.453316
1.0,0.5447824,86.41538
1.0,0.60285604,66.89544
1.0,0.74685204,68.22234
1.0,0.38975537,100.75809
1.0,0.61150944,153.59862
1.0,0.91866946,96.93476
1.0,0.12746654,131.04118
1.0,0.24738903,67.819016
1.0,0.3004123,399.33438
1.0,0.9989718,1071.9893
1.0,0.45842004,77.27947
1.0,0.5836836,123.77618
1.0,0.31311265,146.60922
1.0,0.44171044,85.42938
1.0,0.003246016,74.85636
1.0,0.5970922,80.525
1.0,0.58845156,108.040596
1.0,0.7124974,65.52891
1.0,0.2663752,195.17657
1.0,0.93300295,174.8443
1.0,0.99999976,933.75964
1.0,0.92753786,92.59866
1.0,0.6624573,230.904
1.0,0.99695945,2622.5618
1.0,0.9990056,17734.75
1.0,0.22593057,469.746
1.0,0.47800887,113.9687
1.0,0.91525525,220.52106
1.0,0.7007927,81.007675
1.0,0.88543254,229.52957
1.0,0.9993926,484.62918
1.0,1.0,10430.63
1.0,0.27480835,103.074486
1.0,0.5010434,83.81808
1.0,0.3311371,874.8424
1.0,0.5644789,66.8986
1.0,0.4976437,93.35541
1.0,0.039363287,109.7614
1.0,0.47078884,162.72726
1.0,0.49594194,102.1281
1.0,0.9981316,469.2045
1.0,0.39080802,141.18967
1.0,0.5819846,112.02513
1.0,0.487294,87.754326
1.0,0.5138781,72.05591
1.0,0.4858851,139.37766
1.0,0.14467908,81.115326
1.0,0.9775759,292.2312
1.0,0.4804112,77.92886
1.0,0.76381,75.09241
1.0,0.9997502,744.83704
1.0,0.9999585,65.02353
1.0,0.8808828,117.63133
1.0,0.36203936,86.07451
1.0,0.40187556,65.23863
1.0,0.23911062,94.87226
1.0,0.6821863,122.82528
1.0,0.60559124,65.57386
1.0,0.6793575,297.80225
1.0,0.6037095,82.93373
1.0,0.6078462,78.8342
1.0,0.5739951,87.75553
1.0,1.0,8612.905
1.0,0.99931335,75.004196
1.0,0.71491283,99.41044
1.0,0.54565495,71.72262
1.0,0.9489691,88.60841
1.0,0.62932295,79.52248
1.0,0.7021432,81.77246
1.0,0.43026337,158.4294
1.0,0.43026337,158.4294
1.0,0.99467295,120.64547
1.0,0.9739677,82.62199
1.0,0.9999621,95.91102
1.0,0.08108838,81.46305
1.0,0.34515947,109.66768
1.0,0.16416723,76.42185
1.0,0.70383555,66.33435
1.0,0.49073085,73.23968
1.0,0.18892935,75.59809
1.0,0.99500656,6915.8706
1.0,0.3280151,89.85226
1.0,0.9973865,69.09412
1.0,0.99996066,116.6486
1.0,0.17909336,105.07713
1.0,0.87601084,65.00479
1.0,0.28735095,97.38515
1.0,0.55477047,75.11667
1.0,0.20792495,81.34545
1.0,0.28703636,69.6531
1.0,0.6005592,75.08315
1.0,0.9807788,78.62754
1.0,0.63896775,75.21744
1.0,0.567373,303.9917
1.0,0.46624225,103.05638
1.0,0.29081383,320.6412
1.0,0.5515049,68.5341
1.0,0.27798033,70.30658
1.0,0.7097205,69.25378
1.0,0.6695612,81.61641
1.0,0.9971886,252.08746
1.0,0.08518055,91.612015
1.0,0.01971252,85.92093
1.0,0.96008235,73.12392
1.0,0.9986004,216.62871
1.0,0.99185646,1279.3542
1.0,0.05441503,88.48368
1.0,0.45938918,225.4057
1.0,0.81575274,68.52037
1.0,0.28307393,65.82959
1.0,0.6704,81.292435
1.0,0.71521086,1238.7589
1.0,0.7190134,66.07234
1.0,0.7073101,69.65344
1.0,0.29935136,106.689095
1.0,0.46251976,92.41462
1.0,0.23634307,110.62658
1.0,0.57232857,72.83949
1.0,0.12149419,161.96632
1.0,0.33061424,82.86637
1.0,0.36625218,2.1102442e+06
1.0,0.51685154,4.346791e+07
1.0,0.74260193,156.59433
1.0,0.1527741,71.72298
1.0,0.9999988,141.94789
1.0,0.9999738,144.13742
1.0,0.38515592,140.18724
1.0,0.31563073,73.41932
1.0,0.99274313,858.1133
1.0,0.52556705,77.007965
1.0,0.9988381,11255.812
1.0,0.8165357,114.35715
1.0,0.44470182,171.10391
1.0,0.56184053,80.73645
1.0,0.9621592,86.736885
1.0,0.46631742,109.07596
1.0,0.9999839,462.98398
1.0,0.050512623,167.56557
1.0,0.57800287,104.43339
1.0,0.0747269,117.99197
1.0,1.0,147.63544
1.0,0.45349962,141.73679
1.0,0.501395,177.44957
1.0,0.92335325,530.8715
1.0,0.9998147,69.15441
1.0,0.6561298,67.04971
1.0,0.2592023,81.54088
1.0,0.9969553,214.01013
1.0,0.8512202,86.77017
1.0,0.99946994,350.34222
1.0,0.54706436,76.66721
1.0,0.4328631,92.79007
1.0,0.41625926,290.48187
1.0,0.40379918,161.2183
1.0,0.3165667,110.330124
1.0,0.94350207,732.5804
1.0,0.553005,79.38349
1.0,0.98182976,78.273544
1.0,0.5648867,67.397964
1.0,0.68254936,311.13834
1.0,0.49014294,82.4372
1.0,0.1930634,101.106064
1.0,1.0,8027.3687
1.0,1.0,109.367546
1.0,0.6022544,143.90877
1.0,0.9999981,2339.2979
1.0,0.51450765,68.968315
1.0,0.5332771,109.59275
1.0,0.4773388,83.34433
1.0,0.9496014,368.06995
1.0,0.9854966,10957.909
1.0,0.09798205,97.42707
1.0,0.5587767,105.259346
1.0,0.5329625,77.80863
1.0,0.33361953,78.348045
1.0,0.20758994,102.41051
1.0,0.49440283,211.31586
1.0,0.6447296,91.07796
1.0,0.53102934,66.37077
1.0,0.22376615,127.98537
1.0,0.6005592,65.3511
1.0,0.55939186,82.5562
1.0,0.50615543,92.14941
1.0,1.0,10349.418
1.0,0.43606257,78.1229
1.0,0.8909927,122.01947
1.0,0.35685042,80.53192
1.0,0.2546971,91.64481
1.0,0.972375,358.77423
1.0,0.12861286,387.8564
1.0,0.20667966,100.23601
1.0,0.89356524,135.80417
1.0,0.18778178,65.41684
1.0,0.45830792,149.36708
1.0,0.20668332,256.32196
1.0,0.3116116,110.881035
1.0,0.5959297,78.221054
1.0,0.14955688,90.418015
1.0,0.037592165,86.47432
1.0,0.98950946,1114.0337
1.0,0.49346966,66.818054
1.0,0.87044144,140.73952
1.0,0.28151688,117.78209
1.0,0.99999905,26680.895
1.0,0.54261696,131.41609
1.0,0.16278218,149.64966
1.0,0.95729506,99.15424
1.0,0.289268,69.59668
1.0,0.33310995,105.977974
1.0,0.8766992,1415.1178
1.0,0.4956177,72.99016
1.0,0.4304505,86.12057
1.0,0.8492003,78.11094
1.0,0.4804784,97.36738
1.0,0.24224648,83.80973
1.0,0.2984244,161.99683
1.0,0.9786265,832.8011
1.0,0.42399505,91.61795
1.0,0.47776046,494.4643
1.0,0.9494387,68.06553
1.0,0.9747979,234.46864
1.0,0.8042874,82.58118
1.0,0.999701,98.47716
1.0,0.5562565,66.68886
1.0,0.88542867,433.99817
1.0,0.8559384,73.45458
1.0,0.038615517,552.4062
1.0,0.4126852,75.59114
1.0,0.99564266,591.26044
1.0,0.63478357,75.07765
1.0,0.9997178,133.35983
1.0,0.37762251,69.59691
1.0,0.050979093,120.7432
1.0,0.5697844,168.85588
1.0,0.99406517,388.09348
1.0,0.68386865,93.783
1.0,0.9983399,74.5158
1.0,0.25419605,582.8884
1.0,0.27555266,68.534706
1.0,0.13848013,101.86325
1.0,0.26356262,97.4825
1.0,0.6239252,98.21358
1.0,1.0,3688.1228
1.0,0.46455392,111.18667
1.0,0.93722886,697.92444
1.0,0.3430695,203.07893
1.0,0.5279412,159.755
1.0,0.9999994,2672.6165
1.0,0.41608962,77.32216
1.0,0.99998224,153.26042
1.0,0.34316593,69.115456
1.0,0.36862704,153.49207
1.0,0.14058854,76.732315
1.0,0.9999999,69.27271
1.0,0.54912055,217.8015
1.0,0.49666744,65.2178
1.0,0.9999057,362.22708
1.0,0.6090821,81.418495
1.0,0.7199806,65.096176
1.0,0.2532392,76.497116
1.0,0.35742083,67.75531
1.0,0.28870398,139.76614
1.0,0.5215524,81.351074
1.0,0.266075,309.42474
1.0,0.24599452,82.05401
1.0,0.9812491,304.28674
1.0,0.9758021,454.1421
1.0,0.05483059,87.73658
1.0,0.9998776,20291.377
1.0,0.105331324,91.52078
1.0,0.6311168,71.46736
1.0,0.9461047,430.3419
1.0,0.9971103,3183.5142
1.0,0.47773314,70.246414
1.0,0.283205,201.97
1.0,0.501736,176.59592
1.0,0.6320851,87.90042
1.0,0.6607965,164.24846
1.0,0.47174403,91.574905
1.0,0.9999839,819.3979
1.0,0.2555909,324.36642
1.0,0.76877344,68.927666
1.0,0.26869684,550.52313
1.0,1.0,3967.33
1.0,0.21361473,179.90433
1.0,0.00027442144,287.7663
1.0,0.34388864,95.82568
1.0,0.9946003,131.95206
1.0,0.78858143,80.47385
1.0,0.18968919,690.54987
1.0,0.5918101,89.41604
1.0,0.50295764,163.09941
1.0,0.36620858,84.68001
1.0,1.0,241.50745
1.0,0.45951793,115.59275
1.0,0.03434606,545.37714
1.0,0.6815682,362.2826
1.0,0.9999999,2484.7366
1.0,0.32415465,67.60134
1.0,0.034366205,168.41817
1.0,0.99999297,2286.8374
1.0,0.5760742,69.72512
1.0,0.4778225,463.1594
1.0,0.44102168,78.96943
1.0,0.6317527,66.91785
1.0,0.9764315,255.30772
1.0,0.951358,8.704895e+07
1.0,0.9194537,384.62054
1.0,0.65628034,122.77883
1.0,0.4060717,74.87859
1.0,0.11430672,81.16241
1.0,0.34269422,115.05758
1.0,0.8598248,67.63323
1.0,0.44103003,253.40811
1.0,0.2702398,96.48211
1.0,0.9999933,5475.5337
1.0,0.23754346,80.64547
1.0,0.64813644,76.71333
1.0,0.6024906,227.72023
1.0,0.6006614,91.0282
1.0,0.59309906,66.30502
1.0,0.29324737,88.837845
1.0,0.51509666,182.6694
1.0,0.37923628,67.80599
1.0,0.5477244,182.9497
1.0,0.55099314,103.65817
1.0,0.999881,116.28128
1.0,0.13259892,110.5269
1.0,0.49440283,140.65872
1.0,0.12606668,215.13165
1.0,0.22362635,73.07921
1.0,0.6034718,88.418465
1.0,0.46602395,112.689995
1.0,0.99364555,84.805824
1.0,0.99965954,463.52975
1.0,0.2599292,295.99857
1.0,0.62017643,91.2652
1.0,0.6001497,65.72061
1.0,0.38106,139.07071
1.0,0.57153845,95.753746
1.0,0.26860762,206.20518
1.0,0.999966,162.30696
1.0,0.4102202,69.634056
1.0,0.8974133,3386.7527
1.0,0.34015122,67.75367
1.0,0.18506545,304.2276
1.0,1.0,119.568085
1.0,0.5519905,72.95857
1.0,0.6448685,66.68967
1.0,0.1897846,211.87204
1.0,0.33422008,67.78044
1.0,0.3350712,261.73395
1.0,0.9229929,265.29697
1.0,0.49440283,271.5986
1.0,0.4631775,93.7779
1.0,0.18154751,79.302734
1.0,0.24146233,242.72136
1.0,0.5514854,114.99986
1.0,0.5083751,106.934204
1.0,0.8201331,119.72434
1.0,0.1843103,136.09747
1.0,0.24184264,437.38815
1.0,0.5830885,75.94578
1.0,0.8111522,70.91102
1.0,0.61690295,68.20787
1.0,0.9704691,300.76108
1.0,0.32715708,100.88933
1.0,0.9999517,301.66525
1.0,0.8915838,72.29045
1.0,0.09951089,66.792145
1.0,0.13034639,138.19867
1.0,0.58876723,92.24051
1.0,0.96724856,202.7335
1.0,0.48485526,86.6948
1.0,0.95766956,368.98196
1.0,0.9231225,64268.008
1.0,0.49440283,89.241875
1.0,0.27452517,127.07509
1.0,0.69093454,76.58292
1.0,0.66510046,76.31067
1.0,0.83009714,338.85492
1.0,0.4962819,73.7707
1.0,0.33415025,76.58544
1.0,0.92016876,67.448135
1.0,0.743112,77.804214
1.0,0.5914702,92.798805
1.0,0.57473147,99.232086
1.0,0.1341574,88.387314
1.0,0.5872057,85.172905
1.0,0.23024829,72.828735
1.0,0.8347725,65.19921
1.0,0.6849218,74.26709
1.0,0.99999964,52671.215
1.0,0.89194024,474.85458
1.0,0.12915826,92.5718
1.0,0.37944546,112.86645
1.0,0.790093,69.23221
1.0,0.6411829,98.29125
1.0,0.9982475,197.03258
1.0,0.49793777,82.64299
1.0,0.012030197,206.65962
1.0,0.6857451,460.25467
1.0,0.15991147,65.41452
1.0,0.15991148,65.41452
1.0,0.4200608,79.38626
1.0,0.9095006,95.152985
1.0,0.5853444,76.311554
1.0,0.53134245,102.62724
1.0,0.60968506,98.49735
1.0,0.35392892,555.02466
1.0,0.7742746,342.33252
1.0,0.26944253,75.42771
1.0,0.999979,937.0071
1.0,0.25609186,105.68376
1.0,0.11850893,95.12901
1.0,0.9434311,188.22333
1.0,0.9987943,295.52316
1.0,0.99846315,252.18408
1.0,0.9982748,303.9298
1.0,0.4857559,84.381874
1.0,0.9999069,140.33478
1.0,0.48272717,214.53653
1.0,0.99988353,78.37272
1.0,0.99879825,106.04217
1.0,0.9999994,152.2877
1.0,0.22880998,199.80034
1.0,0.5663764,102.40275
1.0,0.16107465,78.61107
1.0,0.85429144,101.39482
1.0,0.5488159,78.36871
1.0,0.99649906,39778.94
1.0,0.9999962,67.04861
1.0,0.25144503,308.21765
1.0,0.5879822,66.80362
1.0,0.16857769,68.66523
1.0,0.2541412,85.30578
1.0,0.99674594,1533.3921
1.0,1.0,3762.4888
1.0,1.0,10207.283
1.0,0.99999964,429.87885
1.0,0.84967065,66.74679
1.0,0.42333302,88.79136
1.0,0.6088053,84.01631
1.0,0.37613237,82.91061
1.0,0.22951926,200.87486
1.0,0.5710303,110.341995
1.0,0.87154984,170.03418
1.0,0.62868387,91.38979
1.0,0.3236205,81.89567
1.0,0.12574022,195.162
1.0,0.99568105,198.11232
1.0,0.17316782,237.61589
1.0,0.57328063,79.36236
1.0,0.9742265,255.25952
1.0,0.99444515,107.260155
1.0,0.54254454,72.30698
1.0,0.8944838,138.71204
1.0,0.38554132,81.382904
1.0,0.9993637,4769.3022
1.0,0.49440283,81.47946
1.0,0.9956736,69.95025
1.0,0.99967647,128.45734
1.0,0.42167813,374.3955
1.0,0.99982786,1400.0812
1.0,0.49516353,468.52344
1.0,0.37069944,397.0823
1.0,0.6322576,144.81946
1.0,0.43184108,112.19112
1.0,0.5722222,456.42004
1.0,0.5073511,99.057205
1.0,0.6300947,87.134224
1.0,0.17789158,329.80237
1.0,0.49598137,74.32265
1.0,0.4987776,169.73872
1.0,0.49440283,594.3997
1.0,0.4847241,98.921326
1.0,0.5102361,74.44212
1.0,0.5700222,88.22227
1.0,0.17647517,179.13266
1.0,0.4307444,74.59521
1.0,0.75965637,90.831116
1.0,0.78520465,66.14751
1.0,0.096931145,74.42472
1.0,0.99474216,110.04871
1.0,0.31303507,79.04321
1.0,0.12490326,86.811005
1.0,0.53101027,67.534836
1.0,0.57361615,66.7823
1.0,0.46093938,72.368614
1.0,0.0024637536,147.03407
1.0,0.00075277407,113.59099
1.0,0.9971451,75.50611
1.0,0.62528855,83.96191
1.0,0.22513385,96.653366
1.0,0.93495154,181.3193
1.0,0.49716422,169.5935
1.0,0.5547105,105.33241
1.0,0.89442927,204.51053
1.0,0.2698636,116.1568
1.0,0.2559206,71.1196
1.0,0.6550451,77.95717
1.0,0.49401432,86.80067
1.0,0.99999094,3259.3296
1.0,0.5788847,156.95789
1.0,0.54959446,88.64116
1.0,0.88412935,66.68934
1.0,0.9999999,26567.912
1.0,0.5200857,67.24573
1.0,0.6053606,115.36313
1.0,0.8448756,75.074066
1.0,0.9524849,140.37129
1.0,0.12414822,105.006035
1.0,0.57083076,378.47568
1.0,0.99995637,164.44
1.0,0.34630984,157.07831
1.0,0.5395713,80.07643
1.0,0.6506058,108.868965
1.0,0.5951513,177.81262
1.0,0.36591214,159.14516
1.0,0.9505019,161.92471
1.0,0.78276795,381.06256
1.0,0.22367865,410.44888
1.0,0.5693179,95.59368
1.0,0.32941708,89.301956
1.0,0.64500296,109.39853
1.0,0.055553995,245.89297
1.0,0.17018016,81.13109
1.0,0.6835677,83.421364
1.0,0.99999976,5057.2856
1.0,0.5534471,69.91225
1.0,0.008358307,173.00781
1.0,0.9960878,73.755554
1.0,0.5331718,86.601234
1.0,0.4300419,170.89146
1.0,0.27166834,73.559235
1.0,0.48088965,89.37864
1.0,0.6744985,67.14935
1.0,0.5100971,76.672035
1.0,0.9968387,1519.3516
1.0,0.2862242,69.07155
1.0,0.96875775,101.63535
1.0,0.35601446,66.35516
1.0,0.5458949,85.773346
1.0,0.13331768,764.63696
1.0,0.50840855,73.73236
1.0,0.17168544,115.189606
1.0,0.4084945,208.22069
1.0,0.017397115,92.242485
1.0,0.09693623,66.28648
1.0,0.66227686,143.3332
1.0,0.48628607,2016.9167
1.0,0.49414888,129.84073
1.0,0.77834666,65.50927
1.0,0.5403473,123.13104
1.0,0.20137544,109.64161
1.0,0.9165649,355.74
1.0,0.4432837,82.85973
1.0,0.8411089,106.106514
1.0,0.54899967,106.07495
1.0,0.98028505,524.1772
1.0,0.16908705,354.41077
1.0,0.21001165,88.49714
1.0,0.3164774,517.73926
1.0,0.8469131,89.78232
1.0,0.62487316,67.13045
1.0,0.7326342,159.69792
1.0,0.6970879,137.72826
1.0,0.996101,1065.6161
1.0,0.32098362,85.423004
1.0,0.68578225,73.231255
1.0,0.99465704,1043.1443
1.0,0.1903155,69.37507
1.0,0.75882643,68.730965
1.0,0.24870197,71.14336
1.0,0.48004293,67.86598
1.0,0.6195287,1.0274478e+08
1.0,0.61008567,134.49435
1.0,1.0,72.136314
1.0,0.42469707,69.65155
1.0,0.55521697,69.67388
1.0,0.9998361,546.72943
1.0,0.17153248,334.45764
1.0,0.5870969,66.4962
1.0,0.98875564,77.918045
1.0,0.6371038,78.86619
1.0,0.21884894,112.20941
1.0,0.29540855,88.53164
1.0,0.65858924,98.832085
1.0,0.89662725,89.740456
1.0,0.96428907,79.66053
1.0,0.23808008,78.8768
1.0,0.6429312,84.558014
1.0,0.6074139,364.60223
1.0,0.62823486,78.370674
1.0,0.6213536,73.99648
1.0,0.596684,109.08296
1.0,0.5001811,113.91703
1.0,0.50674045,102.72419
1.0,0.5132703,98.20436
1.0,0.19301394,182.61066
1.0,0.5686501,216.80777
1.0,0.84500825,359.7361
1.0,0.49440283,231.30022
1.0,0.018889775,109.03967
1.0,0.5659944,70.98865
1.0,0.8977587,66.17657
1.0,0.5155443,67.03199
1.0,0.48661286,151.25008
1.0,0.9999995,1028.4049
1.0,0.9962457,2656.8962
1.0,0.20557657,67.276985
1.0,0.65825635,100.1463
1.0,0.5781327,173.80356
1.0,0.57688826,77.724
1.0,0.72019976,99.989456
1.0,0.17789184,86.187965
1.0,0.010472194,108.68809
1.0,0.05756153,114.046936
1.0,0.2639251,72.762436
1.0,0.84268653,101.426445
1.0,0.99999976,80.51123
1.0,0.6161872,104.19539
1.0,0.99991226,148.6815
1.0,0.57571197,73.73159
1.0,0.9225062,139.4751
1.0,0.8504143,81.55035
1.0,0.38164613,506.96335
1.0,0.49259135,72.23172
1.0,0.62322867,84.913086
1.0,0.69460624,73.21546
1.0,0.284295,69.33829
1.0,0.53507197,74.083786
1.0,0.9774598,286.8603
1.0,0.9850366,101.53452
1.0,0.99967647,1775.7264
1.0,0.9734673,254.6311
1.0,0.5314418,82.75445
1.0,1.0,5444.896
1.0,0.8800373,122.299385
1.0,0.13963738,147.25815
1.0,0.70606124,160.62817
1.0,0.059743367,1159.7476
1.0,0.26113474,145.1709
1.0,0.21449359,181.08305
1.0,0.8122258,158.5962
1.0,0.15720707,90.85101
1.0,0.26543662,78.65577
1.0,0.21495226,72.38681
1.0,0.51690525,78.60205
1.0,0.6991178,65.151344
1.0,0.5625711,114.17918
1.0,0.31725964,79.334915
1.0,0.38967597,75.52703
1.0,0.8456887,131.11378
1.0,0.11329189,76.6959
1.0,0.4465465,116.41401
1.0,0.886971,99.2256
1.0,0.9999982,2782.0598
1.0,0.4592026,90.359955
1.0,0.4771481,96.77222
1.0,0.5144519,85.72747
1.0,0.999992,2992.1453
1.0,0.45685872,329.2958
1.0,0.47561887,83.4461
1.0,0.9412408,100.866066
1.0,0.5584466,75.95395
1.0,0.28878766,100.673386
1.0,0.5466398,71.31903
1.0,0.9913594,245.92929
1.0,0.9958632,602.7908
1.0,0.9778846,186.61221
1.0,0.67066944,69.52382
1.0,0.5189898,80.14676
1.0,0.99889565,4.1480558e+06
1.0,0.99801135,80.442116
1.0,0.93080443,188.37756
1.0,0.9994746,251.12224
1.0,0.8332646,67.55764
1.0,0.9996112,698.00836
1.0,0.9996761,67.2332
1.0,0.515158,83.59612
1.0,0.5040567,69.455956
1.0,0.60469514,80.79059
1.0,0.12283518,69.44806
1.0,0.16783297,106.78895
1.0,0.25944597,72.80503
1.0,0.18603921,590.65247
1.0,0.47849506,85.62781
1.0,0.99894506,105.1275
1.0,0.9999993,457.75424
1.0,0.9996037,2444.4045
1.0,0.009393202,65.28267
1.0,0.34737185,114.3923
1.0,0.4715065,156.39682
1.0,0.2168813,156.44637
1.0,0.9677817,4127.2397
1.0,0.9999993,111.69488
1.0,0.26416117,425.91342
1.0,0.8852244,388.79294
1.0,0.7022783,159.65208
1.0,0.7428193,157.59439
1.0,0.7940781,66.54685
1.0,0.7765721,88.668655
1.0,0.7284098,1743.4741
1.0,0.5256698,101.612366
1.0,0.0934786,246.08757
1.0,0.48681504,463.5117
1.0,0.2306106,307.0424
1.0,0.35858688,167.6343
1.0,0.5357424,334.88223
1.0,0.40962207,93.270706
1.0,0.54043,71.35949
1.0,0.18961383,77.992744
1.0,0.9999981,12983.46
1.0,0.5755855,82.17435
1.0,0.3099255,254.74785
1.0,0.68208545,111.04752
1.0,0.7657655,229.3176
1.0,0.5921484,152.33086
1.0,0.22435091,111.64908
1.0,0.12986937,68.330635
1.0,0.41253585,67.504715
1.0,0.59254134,436.8343
1.0,0.62394553,108.95704
1.0,0.9624026,237.82652
1.0,0.298194,204.97238
1.0,0.6162326,293.5761
1.0,0.39162928,125.38983
1.0,0.9965726,67.15155
1.0,0.9947031,290.0865
1.0,1.0,8612.98
1.0,0.61737615,82.85127
1.0,0.46109414,77.06979
1.0,0.32749364,65.24197
1.0,0.5180081,249.91418
1.0,0.98154056,138.97165
1.0,0.19622524,220.36809
1.0,0.530396,70.02613
1.0,0.6275518,82.15166
1.0,0.997018,187.3806
1.0,0.667762,75.448685
1.0,0.57384384,185.84248
1.0,0.9961654,189.9202
1.0,0.9756014,68.845634
1.0,1.0,3865.6272
1.0,0.9990042,461.74377
1.0,0.5307243,93.5308
1.0,0.643192,68.91041
1.0,0.5083946,173.21938
1.0,0.5562113,133.69122
1.0,0.42239103,75.57369
1.0,0.5761958,69.777466
1.0,0.9936052,108.47433
1.0,0.32667744,109.78062
1.0,0.49152884,313.04422
1.0,0.92720723,67.891716
1.0,0.69577855,303.32907
1.0,0.5143901,232.09978
1.0,0.6094887,80.16957
1.0,0.69339657,186.2496
1.0,0.32645822,79.574776
1.0,0.1393839,85.79708
1.0,0.09033805,91.59228
1.0,0.09033804,91.59228
1.0,0.6127039,132.28061
1.0,0.04100693,116.609344
1.0,0.41592467,154.55899
1.0,0.1350789,467.184
1.0,0.9112068,83.99842
1.0,0.06367221,266.75256
1.0,0.3131044,127.279305
1.0,0.07627126,70.67958
1.0,0.998387,1619.6891
1.0,0.5232317,135.4734
1.0,0.99999976,74.35043
1.0,0.99993336,127.111786
1.0,0.37257805,66.654564
1.0,0.63879955,86.59938
1.0,0.5549591,69.9814
1.0,0.5301887,101.72232
1.0,0.8844227,75.0861
1.0,0.32460728,211.3176
1.0,0.4518506,98.16749
1.0,0.12925835,131.59802
1.0,0.19530231,86.57267
1.0,0.56660056,94.16879
1.0,0.5429515,87.81247
1.0,0.4776375,130.85455
1.0,0.45502195,662.06433
1.0,0.55669105,73.44226
1.0,0.33685443,68.37525
1.0,0.9557011,674.40625
1.0,0.59701437,66.351944
1.0,0.62984234,82.39913
1.0,0.47087047,76.74057
1.0,0.8295391,67.571434
1.0,0.767027,258.71582
1.0,0.9999999,117.97416
1.0,0.58645445,74.055855
1.0,0.47483608,84.335815
1.0,0.32372943,65.02817
1.0,0.18282896,90.6765
1.0,0.620774,67.02018
1.0,0.9999988,79.92834
1.0,0.9999211,257.5839
1.0,0.18045774,90.089935
1.0,0.8778338,139.47556
1.0,0.9881986,1.7480418e+07
1.0,0.4972846,107.143745
1.0,0.99977356,742.79614
1.0,0.9998659,113.06608
1.0,0.8509442,73.63653
1.0,0.49101382,203052.4
1.0,0.94671035,495.59076
1.0,0.34142944,296.49963
1.0,0.38307807,279.8287
1.0,0.6559793,237.72719
1.0,0.94553334,71.17924
1.0,0.9991794,458.8555
1.0,0.9552585,432.24362
1.0,0.14846261,73.16283
1.0,0.9997923,93.45679
1.0,0.9967715,71.20105
1.0,0.5345809,71.04839
1.0,0.8374313,109.39901
1.0,0.44343084,84.26011
1.0,0.40870017,76.778114
1.0,0.44181868,84.506874
1.0,0.50611895,76.04862
1.0,0.9997694,524.7516
1.0,0.9980075,764.8196
1.0,0.999231,9006.133
1.0,0.62501335,85.524826
1.0,0.9272038,174.78278
1.0,0.41069257,80.40812
1.0,0.65328676,71.904564
1.0,0.44466752,74.850685
1.0,0.35617578,98.07468
1.0,0.94257224,97.13015
1.0,0.61353964,186.09782
1.0,0.57076293,90.899185
1.0,0.52915925,145.78424
1.0,0.65335387,67.981445
1.0,0.13395566,67.245125
1.0,0.9988092,77.72615
1.0,0.44006145,72.878174
1.0,0.5622534,777.0195
1.0,0.9999819,158.54425
1.0,0.5621866,68.32823
1.0,0.61473453,81.05011
1.0,0.40705502,73.41864
1.0,0.9331148,157.63142
1.0,0.98498243,121.06731
1.0,0.5777228,106.58232
1.0,0.591968,113.547905
1.0,0.9999844,13064.497
1.0,0.33140993,354.78705
1.0,0.21956107,75.25102
1.0,0.5747764,72.17749
1.0,0.99994016,832.6859
1.0,0.34542185,65.769066
1.0,0.55247134,96.13764
1.0,0.4555161,181.96008
1.0,0.6967648,102.92289
1.0,0.8234546,76.10789
1.0,0.20191689,78.43834
1.0,0.3145186,92.65663
1.0,0.55115676,68.142395
1.0,0.9140082,93.72972
1.0,0.9726415,5428.588
1.0,0.21615659,92.89219
1.0,0.38191742,132.79109
1.0,0.8795991,664.766
1.0,0.4555756,91.68965
1.0,0.64376837,66.98952
1.0,0.99564785,435.79834
1.0,0.5092038,419.1818
1.0,0.2382921,243.87938
1.0,0.13035959,102.3711
1.0,1.0,175.0186
1.0,0.48334584,108.023994
1.0,0.6983152,83.205284
1.0,0.6682791,326.90887
1.0,0.71926874,1134.3525
1.0,0.09753506,301.5002
1.0,0.7911381,66.06531
1.0,0.19028743,66.85502
1.0,0.5274045,389.45792
1.0,0.7591415,185.93637
1.0,0.16167034,73.79853
1.0,0.21696886,92.149254
1.0,0.52963847,3.9592668e+06
1.0,0.99999094,3772.8762
1.0,0.49440283,85.21981
1.0,0.5767937,85.82697
1.0,0.99960643,5629.591
1.0,0.63098836,82.003456
1.0,1.0,82.85684
1.0,0.9778682,101.45835
1.0,0.7041475,243.4933
1.0,0.3925014,188.69832
1.0,0.68298125,75.12657
1.0,0.65322983,85.583534
1.0,0.15010974,191.07202
1.0,0.49181068,90.90457
1.0,0.9999422,165.94293
1.0,0.41253176,118.22552
1.0,0.16014962,65.899826
1.0,0.31674832,289.23544
1.0,0.9999329,866.909
1.0,0.6322293,101.50203
1.0,0.55066353,66.41842
1.0,0.944156,97.090164
1.0,0.99684155,117.344444
1.0,0.62698084,191.7159
1.0,0.2885645,99.105835
1.0,1.0,175.01753
1.0,0.17302097,185.6193
1.0,0.44307515,224.69011
1.0,0.39134994,380.80222
1.0,0.60664934,137.06728
1.0,0.6708019,80.39847
1.0,0.77090883,67.124695
1.0,0.951903,655.98517
1.0,0.4839707,79.289764
1.0,0.13017614,3038.993
1.0,0.48777878,383.3734
1.0,0.64098626,157.56013
1.0,0.42760924,106.83281
1.0,0.66422427,100.75665
1.0,0.17271698,124.56309
1.0,0.41914588,74.258125
1.0,0.8430607,104.47227
1.0,0.11313534,863.37585
1.0,0.8408125,108.30783
1.0,0.52818155,329.9324
1.0,0.6857848,164.35507
1.0,0.23383437,116.91273
1.0,0.9999982,102.612816
1.0,0.5879689,162.99648
1.0,0.1434212,83.969925
1.0,0.7752033,955180.3
1.0,0.61766666,68.39586
1.0,0.7503693,101.128654
1.0,0.51244396,536.1802
1.0,0.68028504,65.75215
1.0,0.45718408,102.94674
1.0,0.30305144,75.0533
1.0,0.37988546,139.59276
1.0,0.60312307,83.51796
1.0,0.603123,83.51796
1.0,0.55683106,91.60978
1.0,0.31033415,67.94061
1.0,0.64383394,345.5784
1.0,0.35378045,142.55295
1.0,0.1712037,104.228226
1.0,0.35863587,70.95495
1.0,0.99999976,15135.59
1.0,0.7191646,83.89694
1.0,0.92577344,280.3378
1.0,0.742613,92.774635
1.0,0.7377116,78.38797
1.0,0.49785957,82.959
1.0,0.15596282,98.65889
1.0,0.25820848,199.53223
1.0,0.26380017,556.5606
1.0,0.28637913,74.20417
1.0,0.5406068,84.68991
1.0,0.9998491,420.27008
1.0,0.9879319,71.714745
1.0,0.39813367,168.029
1.0,0.19676377,177.27557
1.0,0.54380995,65.32285
1.0,0.7452644,74.71451
1.0,0.9557064,85163.32
1.0,0.5467952,65.44163
1.0,0.7902853,701.6752
1.0,0.5394356,83.615906
1.0,0.6068565,73.25683
1.0,0.33890057,716.8231
1.0,1.0,2606.8696
1.0,0.8177783,139.83698
1.0,0.985128,45218.125
1.0,0.55599904,69.392265
1.0,0.40023983,182.68956
1.0,0.9999969,116.170006
1.0,0.65046805,103.3788
1.0,0.13506308,67.23222
1.0,0.43572104,80.43019
1.0,0.61422765,167.75958
1.0,0.88069355,65.98281
1.0,0.5374442,90.57127
1.0,1.0,30663.98
1.0,0.528929,120.307236
1.0,0.66029066,79.67665
1.0,0.99999905,8923.535
1.0,0.9993217,384.90823
1.0,0.38517398,82.06889
1.0,0.5294097,112.19408
1.0,0.77093863,118.718254
1.0,0.9840805,75.54065
1.0,0.5174462,84.645195
1.0,0.43471837,78.79087
1.0,0.59733766,86.38111
1.0,0.27882916,88.74652
1.0,0.3001572,184.72838
1.0,0.69011223,66.55982
1.0,0.5978521,2274.8745
1.0,0.96308035,261.71497
1.0,0.4869553,200.30345
1.0,0.50435185,65.314514
1.0,0.31166372,81.135895
1.0,0.47623277,115.14383
1.0,0.996548,243.1221
1.0,0.6265373,86.954285
1.0,0.43957654,89.80655
1.0,0.5734654,69.15912
1.0,0.9960955,605.8014
1.0,0.370285,65.78109
1.0,0.26569474,104.15741
1.0,0.8279383,65.82926
1.0,0.99659246,245.03903
1.0,0.44002867,68.59338
1.0,0.75239956,341.52292
1.0,0.4283608,70.84094
1.0,0.55204374,84.00898
1.0,0.31628615,67.15651
1.0,0.55522996,101.61008
1.0,0.2533467,70.63544
1.0,0.5278466,252.33377
1.0,0.6953791,67.19006
1.0,0.4863754,154.87335
1.0,0.50306237,112.74823
1.0,0.40108073,75.19205
1.0,0.85727525,69.682335
1.0,0.57872033,130.55019
1.0,0.573569,141.9669
1.0,0.8989303,99.50514
1.0,0.28488708,82.05268
1.0,0.9999813,7568.303
1.0,0.20214893,182.83595
1.0,0.08637356,633.2778
1.0,0.51655793,95.72959
1.0,0.118856065,104.07265
1.0,0.63598907,101.05784
1.0,0.77473134,391.80164
1.0,0.44433394,97.81556
1.0,0.54150045,108.028145
1.0,0.9543531,77.09984
1.0,0.6447929,227.38107
1.0,0.9980878,138.43323
1.0,0.99996746,401.46393
1.0,0.3146786,105.17184
1.0,0.40591434,123.606415
1.0,0.6456919,87.2214
1.0,0.32109186,73.903046
1.0,0.5824592,74.3914
1.0,0.99999857,288.33923
1.0,0.997088,2105.8257
1.0,0.6545987,83.73621
1.0,0.99999857,610.2019
1.0,0.53468657,77.013794
1.0,0.05079698,67.97742
1.0,1.0,802.9365
1.0,0.84711903,113.95556
1.0,0.45523793,214.472
1.0,0.037688065,256.16595
1.0,0.9999951,384.1527
1.0,0.47425205,358.7774
1.0,0.4274842,101.207855
1.0,0.32157683,177.35744
1.0,0.14603563,110.732124
1.0,0.29218778,73.70737
1.0,0.5450071,1135.178
1.0,0.5665625,84.167274
1.0,0.9999249,1821.7179
1.0,0.1822956,77.67908
1.0,0.7392673,216.72745
1.0,0.83092695,101.579735
1.0,0.5288416,68.49427
1.0,0.99746406,69.062294
1.0,0.2738229,109.8599
1.0,0.49440283,247.54823
1.0,0.50920826,70.337906
1.0,0.94116277,69.628494
1.0,0.5629853,85.724365
1.0,0.5411288,67.77395
1.0,0.48965004,104.88706
1.0,0.7173722,1.1118232e+09
1.0,0.54708487,70.74775
1.0,0.983077,65.18261
1.0,0.9199302,128.2744
1.0,0.6043489,88.90042
1.0,0.027897961,462.3797
1.0,0.46526587,97.24406
1.0,0.96129864,295.67734
1.0,1.0,12187.901
1.0,0.35505545,112.31461
1.0,0.6302706,67.319214
1.0,0.9984908,127.67744
1.0,0.59961134,105.6786
1.0,0.11235269,664.15063
1.0,0.6207035,172.24011
1.0,0.36257723,81.10357
1.0,0.5729798,82.27397
1.0,0.99951375,386.24304
1.0,0.17520705,117.825935
1.0,0.21959433,378.00806
1.0,0.5774204,91.99411
1.0,0.14345568,80.29365
1.0,0.9997843,282.65396
1.0,0.9995419,675.1371
1.0,0.47792998,105.45588
1.0,0.67282885,72.739975
1.0,0.61166173,96.992065
1.0,0.2932636,191.822
1.0,0.2909123,147.84518
1.0,0.17455815,75.19219
1.0,0.19350275,109.1437
1.0,0.9994605,7373.3574
1.0,0.9998066,994.6082
1.0,0.7490091,76.349686
1.0,0.20673618,65.68212
1.0,0.46514803,84.1655
1.0,0.8050798,779.49835
1.0,0.2937204,74.1171
1.0,0.48480064,127.54027
1.0,0.25153407,101.14831
1.0,0.6492148,81.04904
1.0,0.9999988,96.099915
1.0,0.6785473,65.32345
1.0,0.42100015,72.65688
1.0,1.0,4478.633
1.0,0.9316289,135.5946
1.0,0.4689691,110.2844
1.0,0.54423845,97.554214
1.0,0.41958228,355.31195
1.0,0.5266871,184.2308
1.0,0.49817008,98.55009
1.0,0.49473932,67.261665
1.0,1.0,335.85986
1.0,0.54376674,88.50141
1.0,0.22855923,93.08579
1.0,0.15937233,231.23877
1.0,0.999998,539078.8
1.0,0.8685321,2951.2498
1.0,0.5478261,6401.265
1.0,0.20471503,92.30629
1.0,0.99299145,287.04382
1.0,0.10885733,80.43924
1.0,0.06170976,1420.1796
1.0,0.076286845,938.6711
1.0,0.98587567,150.46083
1.0,0.06639416,256.18088
1.0,1.0,3648.1826
1.0,0.9999999,1.398214e+06
1.0,0.1642924,502.4962
1.0,0.10040346,735.3893
1.0,0.524584,1179.0513
1.0,0.110212855,301.22507
1.0,0.22580604,693.14545
1.0,0.08166583,67.05463
1.0,0.9992405,665.8252
1.0,0.18462017,3679.37
1.0,0.018604899,882.8426
1.0,0.9999994,5159.4346
1.0,0.06926557,92.87562
1.0,0.21821526,193.45963
1.0,0.06742799,67.76305
1.0,0.1434308,2446.722
1.0,0.009655866,12427.376
1.0,0.0782374,593.4082
1.0,0.9770682,143.29694
1.0,0.12968111,76.86687
1.0,1.0,11686.697
1.0,0.39623097,111.650246
1.0,0.9997271,94.54917
1.0,0.9999999,24158.633
1.0,0.008920155,9519.802
1.0,1.0,19761.58
1.0,0.6129292,86.472015
1.0,0.59004986,865.797
1.0,0.2229509,1550.5013
1.0,0.9976406,1545.3652
1.0,0.47267517,2963.7224
1.0,0.6289418,1523.9276
1.0,0.19348282,208.89677
1.0,0.2772496,399.84045
1.0,0.49818498,124.80368
1.0,0.37699622,84.870636
1.0,1.0,13076.207
1.0,0.5301778,499.75778
1.0,0.07104907,2221.812
1.0,0.9995097,66.25596
1.0,0.25107884,68.827156
1.0,0.025398156,1045.2006
1.0,0.999671,23719.18
1.0,0.3037216,303.58694
1.0,0.9997458,353.92392
1.0,0.7692244,247.96974
1.0,0.12710609,220.84187
1.0,0.03469556,492.1548
1.0,0.007101359,8760.458
1.0,0.37775236,14075.28
1.0,0.02942876,552.79144
1.0,0.999998,623.8089
1.0,0.09100653,1627.4059
1.0,0.007739423,573.6084
1.0,1.0,3.8415208e+06
1.0,0.0027049012,953.1176
1.0,0.34759536,214.02269
1.0,0.9999999,23359.473
1.0,0.29675862,2131.8086
1.0,0.8120548,7558.168
1.0,0.7319081,712.80634
1.0,0.2815845,69122.375
1.0,0.064447194,387.95844
1.0,0.07032016,1014.82587
1.0,0.13790593,70.106064
1.0,0.11501975,140.25244
1.0,0.49440283,147.21289
1.0,0.011785187,241.72789
1.0,0.7402737,397.75055
1.0,0.5104071,28581.168
1.0,0.5397736,3480.2407
1.0,0.7887778,1257.7977
1.0,0.99999964,28615.613
1.0,0.03172685,30366.598
1.0,0.93512625,2227.5571
1.0,0.47237632,381.15192
1.0,0.038475357,70.0807
1.0,0.63173026,163.73422
1.0,0.5724865,1068.4396
1.0,0.05362161,1255.027
1.0,0.6739094,254.92426
1.0,0.03525987,18481.246
1.0,0.4336921,889.4245
1.0,0.056943756,681.9936
1.0,0.25281078,726.85266
1.0,0.37285274,2079.7747
1.0,0.14664938,280.1598
1.0,0.015983509,1641.4048
1.0,0.2765907,5575.3677
1.0,0.14980482,253.72745
1.0,0.61145735,74.801865
1.0,0.9695589,1160.0061
1.0,0.9957742,2234.6023
1.0,0.019544853,2693.0576
1.0,0.9893027,2691.974
1.0,0.99994946,26004.248
1.0,0.05275974,1456.0348
1.0,0.3472048,3009.8787
1.0,0.20795259,121.0107
1.0,0.9896912,157.22894
1.0,0.1676247,115.78385
1.0,0.73137563,111.24082
1.0,0.09182136,2384.3713
1.0,1.0,9843.094
1.0,0.09325364,124.051
1.0,0.99999607,10950.741
1.0,0.21182667,218.57384
1.0,0.9999927,35898.723
1.0,0.49272618,66.345566
1.0,0.116324574,421.15234
1.0,0.4164868,8851.316
1.0,0.34069404,24887.83
1.0,0.111956686,68.757195
1.0,0.7469425,2015.5841
1.0,0.98824537,1396.9525
1.0,0.46205387,436.50565
1.0,0.46205387,436.50565
1.0,0.98853,1965.8549
1.0,0.14809422,1209.3246
1.0,0.9969995,11249.894
1.0,0.46258953,72.263405
1.0,0.9999999,4279.2925
1.0,0.98488563,394994.9
1.0,0.06601568,338.03387
1.0,1.0,6.1231635e+06
1.0,0.696411,1851.2014
1.0,0.05650781,963.36237
1.0,0.48706615,1886.2727
1.0,0.9999356,446.74133
1.0,0.515412,2833.2588
1.0,0.1697585,308.02362
1.0,0.337672,18641.982
1.0,1.0,1080.2511
1.0,0.55535746,397.27002
1.0,0.71297914,354.55594
1.0,0.0026901416,66223.484
1.0,0.48613977,2016.3334
1.0,0.71769994,1516.7997
1.0,0.19225961,157.3925
1.0,0.3988126,697.00323
1.0,0.49333146,83.76695
1.0,0.32296652,98.68562
1.0,1.0,2610.3196
1.0,0.34894243,118.43164
1.0,0.5010173,66.79101
1.0,0.008188959,9473.792
1.0,0.6479565,806.0147
1.0,1.0,15610.304
1.0,0.5082738,23946.914
1.0,0.07866036,1662.2522
1.0,0.53322834,110.59834
1.0,0.1410112,20757.355
1.0,0.5353587,370.58917
1.0,0.99745196,226.02054
1.0,0.008515718,3270.8228
1.0,0.28979298,73.3609
1.0,1.0,37829.31
1.0,0.040816497,1373.8369
1.0,0.24826282,1038.654
1.0,1.0,5522.2974
1.0,0.6506707,66.661316
1.0,0.44748256,789.827
1.0,0.9818632,96.49434
1.0,0.2369891,292.26666
1.0,0.524903,521.25165
1.0,0.9868596,80.78983
1.0,0.9731766,91.70083
1.0,0.999944,2984.7625
1.0,0.09013669,1479.656
1.0,0.14890276,65.03035
1.0,0.14266978,95.30284
1.0,0.105024986,70.78794
1.0,0.02067794,1922.5361
1.0,0.9999876,6252.0635
1.0,0.7436999,15732.037
1.0,0.012544536,281.74844
1.0,0.41077724,589.49243
1.0,0.59889627,71.47395
1.0,0.62769425,426.3125
1.0,1.0,3266.6597
1.0,1.0,1138.8857
1.0,0.14107269,1081.1903
1.0,0.19705974,119.6143
1.0,0.49440283,488.63452
1.0,0.20385058,378.07303
1.0,0.0057885605,202.84027
1.0,0.39944246,73.210594
1.0,0.17102186,84.67977
1.0,0.12309328,226.27827
1.0,0.05747414,71.456825
1.0,0.16019054,367.6265
1.0,1.0,1006.741
1.0,0.4483147,81.10335
1.0,0.25072476,766.22363
1.0,0.18180545,68.707954
1.0,0.30843228,1906.012
1.0,0.4812529,117.30239
1.0,0.0076518753,256.86584
1.0,0.40523195,273.11935
1.0,0.9999863,2730.0874
1.0,0.18237433,10256.421
1.0,0.9168151,147.25768
1.0,0.013892537,5396.0825
1.0,0.027710168,9363.904
1.0,0.3872231,232.87463
1.0,0.2000967,764.69403
1.0,0.4150103,86.41203
1.0,0.20565048,3942.2627
1.0,0.23982976,91.26926
1.0,0.9995016,65.23613
1.0,0.98584265,768.77106
1.0,0.5047835,2860.1604
1.0,0.013518896,6241.7617
1.0,0.50146216,215.86703
1.0,0.30795822,88.18496
1.0,0.6568803,643.54364
1.0,0.10531607,216.20813
1.0,0.51710963,131.02003
1.0,0.5520643,524.76746
1.0,0.9999999,69325.01
1.0,0.08885874,5178.5806
1.0,0.15347047,116.804565
1.0,0.9298216,66.00423
1.0,0.024589853,347.26144
1.0,0.42601386,539.1001
1.0,0.25615144,2016.6588
1.0,0.65040785,201.81506
1.0,0.99999917,1193.1498
1.0,1.0,441.09024
1.0,0.0724284,113.1737
1.0,0.99999964,18025.37
1.0,0.082367726,256.58157
1.0,0.50490886,136.49539
1.0,0.3047583,94.963554
1.0,0.52542317,186.37366
1.0,0.012641538,358.96457
1.0,0.17679174,2855.421
1.0,0.44122052,383.5757
1.0,0.088499136,249.59349
1.0,0.008797647,10395.645
1.0,0.54898113,138.45276
1.0,0.03514593,16326.013
1.0,0.9999999,1046.4205
1.0,0.006988974,1712.0623
1.0,0.11283061,636.9195
1.0,0.12010228,70.251656
1.0,0.34598887,115.54592
1.0,0.73178834,85.26141
1.0,0.9999889,1.9390929e+06
1.0,0.18873581,109.59341
1.0,0.49238524,9807.693
1.0,0.20524123,104.6239
1.0,0.051222537,180.35545
1.0,0.035855453,436.34415
1.0,0.22217718,73.74778
1.0,0.21293849,665.98566
1.0,0.5433028,150.99687
1.0,0.14864016,393.0071
1.0,0.45011723,230.27043
1.0,0.36152363,144.02045
1.0,0.23728818,1529.6104
1.0,0.08774696,151.2142
1.0,0.37646878,424.83246
1.0,0.99998486,10806.753
1.0,0.23721273,70.23465
1.0,0.45848313,117.80123
1.0,0.1877768,2261.017
1.0,0.039887596,217.83104
1.0,0.96705115,44737.33
1.0,0.11292868,186.79517
1.0,0.22651823,218.11943
1.0,0.019789735,671.6293
1.0,1.0,1124.9116
1.0,0.29388162,2112.1194
1.0,0.23165806,313.6704
1.0,0.23875785,243.77779
1.0,0.050136868,1865.4758
1.0,0.19364987,161.06395
1.0,0.15305024,67.73279
1.0,0.16234405,86.83823
1.0,0.109450094,297.164
1.0,1.0,3373.8462
1.0,0.17499167,2420.988
1.0,0.99542457,101.51429
1.0,0.9999186,45019.277
1.0,0.49876234,68.84543
1.0,0.0092273,752.0058
1.0,0.8829294,876.31085
1.0,0.8633824,189.64702
1.0,0.16589649,3918.9346
1.0,0.49440283,890.47687
1.0,0.022124,166.56842
1.0,0.22220093,76.90306
1.0,0.49440283,1923.782
1.0,0.015621585,243.0371
1.0,0.19588633,344.31567
1.0,0.54195386,510.3337
1.0,0.99999714,6209.062
1.0,0.15191586,76.55229
1.0,0.5729073,91.39157
1.0,0.9999995,1705.9452
1.0,0.35044396,175.38841
1.0,0.99994254,866.85425
1.0,0.999998,4838.731
1.0,0.49525884,227.54079
1.0,0.9976413,11005.633
1.0,0.26483452,3708.2666
1.0,0.014084463,146.25359
1.0,0.13302507,72.222435
1.0,0.99998367,46094.297
1.0,0.045057457,1641.3002
1.0,0.12565307,2604.6768
1.0,0.99954695,71.51375
1.0,0.05324993,446.14258
1.0,0.3097745,205.26729
1.0,0.21099259,206.26541
1.0,0.013897327,327.41284
1.0,0.49440283,635.7244
1.0,0.110696614,273.37827
1.0,0.15003909,109.40585
1.0,0.14510511,74.17533
1.0,0.03349177,3304.269
1.0,0.70560586,93.25148
1.0,0.07453656,84.15101
1.0,0.49382046,382.73624
1.0,0.4342812,282.38193
1.0,0.07294936,3130.042
1.0,1.0,320833.66
1.0,0.1907813,127.26561
1.0,0.4988041,75.29244
1.0,0.9995654,10484.722
1.0,0.17238668,128.07239
1.0,0.2430385,250.06035
1.0,0.594019,872.1963
1.0,0.09813584,7860.8096
1.0,0.4176369,246.63194
1.0,0.08379495,42024.055
1.0,0.56606865,222.79852
1.0,0.9987087,67.04489
1.0,0.34760556,6725.5054
1.0,0.20878598,167.22362
1.0,0.5654414,70.38082
1.0,0.56544137,70.38082
1.0,0.44271117,437.56995
1.0,0.66928065,6850.796
1.0,0.97249097,476.86246
1.0,0.9716622,4987.368
1.0,0.4716186,2082.6184
1.0,1.0,3689.0906
1.0,0.61774296,273.84015
1.0,0.66969997,533.9469
1.0,0.6625153,633.77234
1.0,0.47232583,145.50616
1.0,0.6092823,537.1621
1.0,0.274446,257.8407
1.0,0.051771168,3734.8877
1.0,0.99913245,123.76741
1.0,0.17958073,79.16906
1.0,0.40274197,1743.185
1.0,0.116478674,412.22446
1.0,0.4802562,431.36227
1.0,0.36881965,2273.284
1.0,1.0,10802.02
1.0,0.16414149,332.5258
1.0,0.020968562,504.58603
1.0,0.1425108,3401.6558
1.0,0.056541443,1277.899
1.0,0.52125216,854.8173
1.0,0.6218493,68.86664
1.0,0.014174664,593.79895
1.0,0.28137556,180.8493
1.0,0.09559082,118.15058
1.0,0.9999999,13350.274
1.0,0.23734084,1921.7932
1.0,0.12804672,256.03113
1.0,0.994439,89.90143
1.0,0.9879866,6923.8594
1.0,0.027868908,197.32635
1.0,0.19676246,1682.2559
1.0,0.157226,921.62213
1.0,0.12127024,6265.1543
1.0,0.47664657,2277.8975
1.0,0.4397514,403.22098
1.0,0.013101983,794.3912
1.0,0.3059353,452.28104
1.0,0.35348955,69.1538
1.0,0.16580752,71.13998
1.0,0.9257849,2688.8281
1.0,0.52893525,93.59557
1.0,0.37593123,486.19366
1.0,0.075777,69.827934
1.0,1.0,7286.525
1.0,0.015052572,335.27036
1.0,0.34636447,511.052
1.0,0.26364794,16781.348
1.0,0.19977275,1611.508
1.0,0.97911626,155.91248
1.0,0.31985813,66.88869
1.0,0.9959209,4769.36
1.0,0.4087561,72.18656
1.0,0.898015,87.74729
1.0,0.27524284,722.9674
1.0,0.97740513,319.67963
1.0,0.99989724,20052.559
1.0,0.99999774,417.78293
1.0,0.0022146145,13967.486
1.0,0.83427435,435.3918
1.0,0.9921943,25002.342
1.0,0.26826105,78.40551
1.0,0.33110824,12886.701
1.0,0.41407132,2197.8164
1.0,0.00826703,1568.652
1.0,0.19433448,191.25577
1.0,0.6913632,8460.124
1.0,1.0,10977.61
1.0,0.08800563,77.566795
1.0,0.34372887,195.94872
1.0,0.9906722,1803.016
1.0,0.3268144,67.82254
1.0,0.71465075,1171.9888
1.0,1.0,6621.5996
1.0,0.21520254,11611.491
1.0,0.98292416,484.23505
1.0,0.082820624,403.8131
1.0,0.41005048,76.91121
1.0,0.08944686,84.449554
1.0,0.1288247,114.55633
1.0,0.57898146,114.085884
1.0,0.9978467,653.6705
1.0,0.3036011,72.48836
1.0,0.16504286,35317.953
1.0,0.14080836,96.19839
1.0,0.038176373,82.93405
1.0,0.03491878,77.93362
1.0,0.08114056,169.31935
1.0,0.9999838,1213.3265
1.0,0.25601873,1093.7462
1.0,0.06692155,127.917656
1.0,0.99995244,849.20825
1.0,0.49440283,539.6568
1.0,0.4495842,5374.362
1.0,0.16978054,432.9908
1.0,0.12460571,22118.451
1.0,0.579378,253.70976
1.0,0.16697372,29809.963
1.0,0.79003936,91.43109
1.0,0.9999999,3385.6355
1.0,0.42379257,325.92453
1.0,0.12085367,68.17888
1.0,0.013241743,7627.436
1.0,0.33988547,2334.2024
1.0,0.11420558,484.37595
1.0,0.0666753,3081.8333
1.0,0.94309485,616.2217
1.0,0.10152605,1314.194
1.0,0.21614072,544.93243
1.0,0.99999964,1154.9862
1.0,0.99998486,14457.631
1.0,0.99999666,182.70631
1.0,0.5333314,117.294464
1.0,0.021469163,2184.12
1.0,0.31252643,2816.7004
1.0,0.09110078,300.95615
1.0,0.1988701,3605.784
1.0,0.008768957,2832.7363
1.0,0.27825674,526.5075
1.0,0.13228993,410.1734
1.0,0.19304864,106.19684
1.0,0.20605274,426.51358
1.0,0.0013218102,288.8833
1.0,0.05053227,2731.3452
1.0,0.58449906,110.969635
1.0,0.95387167,277.8732
1.0,0.07190729,7354.43
1.0,0.07818144,1407.7892
1.0,0.24757618,7742.9507
1.0,1.0,6375.0825
1.0,1.0,799.8367
1.0,0.15282375,88.5471
1.0,0.522345,108.08242
1.0,0.0018249501,5567.391
1.0,0.5192089,114.30317
1.0,0.08559065,232.40082
1.0,0.006602489,6841.2573
1.0,0.15057978,410.0419
1.0,0.088060424,598.9462
1.0,0.7283743,2594.3276
1.0,0.60052943,82.578255
1.0,0.99960226,174.68724
1.0,0.006820171,1085.2305
1.0,0.47897133,179.308
1.0,0.28951538,1960.972
1.0,0.9824839,76.37513
1.0,0.23735866,1369.3446
1.0,0.21315865,363.3448
1.0,0.24415804,72.31059
1.0,0.0542758,224.76772
1.0,0.09657175,1242.1748
1.0,0.28211334,246.72415
1.0,0.1152108,118.21702
1.0,0.30659133,9560.291
1.0,0.07335082,78.50797
1.0,0.050818056,581.5913
1.0,0.99999857,1.2226984e+06
1.0,0.0026817177,2908.8848
1.0,0.22079082,2706.12
1.0,1.0,3196.7893
1.0,0.22787836,187.9658
1.0,0.04225166,4908.0005
1.0,0.99999607,7281.3145
1.0,0.84754103,10478.082
1.0,0.47458768,459.51495
1.0,0.49440283,13394.703
1.0,0.9943984,95.25302
1.0,0.7506815,233.03731
1.0,0.24923304,133.53119
1.0,0.9992563,125.214005
1.0,0.04600712,20633.654
1.0,0.00423941,124914.38
1.0,0.9692662,501.75824
1.0,0.8010561,6421.377
1.0,0.46343607,104.37733
1.0,0.007908066,1548.8424
1.0,0.14569154,130.2885
1.0,0.3691412,721.54395
1.0,0.16070586,1521.0758
1.0,0.1467034,292.1507
1.0,0.49546373,582.6974
1.0,0.61422765,3688.1147
1.0,0.9999132,67.903694
1.0,1.0,2.1982218e+06
1.0,0.22499985,1153.2855
1.0,0.063266836,1529.3064
1.0,0.5269754,1979.7391
1.0,0.13220882,801.8617
1.0,0.46433246,108.479744
1.0,0.24542871,119.801796
1.0,0.3944062,1956.022
1.0,0.19041713,542.03564
1.0,0.45028567,149.44778
1.0,1.0,11669.721
1.0,0.8101146,660.3318
1.0,0.030291017,984.78394
1.0,0.47750765,6060.8315
1.0,0.05814017,124.79978
1.0,0.5300458,214.06241
1.0,0.9999149,103.22868
1.0,0.20004788,73.68566
1.0,0.3875342,1272.5903
1.0,0.68207276,84.5456
1.0,0.11005291,69.351135
1.0,0.99999464,88.685356
1.0,0.052581493,4928.675
1.0,0.30508938,66.963524
1.0,0.41392586,69.89258
1.0,0.15735212,33134.35
1.0,0.9999788,7303.397
1.0,0.8510365,493.95615
1.0,0.17162713,75.4983
1.0,1.0,1929.7434
1.0,0.12263383,243.37422
1.0,0.1750914,78.57058
1.0,0.06137843,86.688705
1.0,0.39866245,3200.8916
1.0,0.999923,114.250404
1.0,0.49350476,1114.878
1.0,1.0,285.8352
1.0,0.99999964,436.05392
1.0,0.060510736,139.98944
1.0,0.2674148,2870.0884
1.0,0.23757201,515.05347
1.0,0.045187283,276.93222
1.0,0.6431422,179.6132
1.0,0.0914649,189.47156
1.0,0.08356329,459.62546
1.0,0.40458107,234.5191
1.0,0.49862817,553.75244
1.0,0.5295665,112.91318
1.0,0.45145693,290.9728
1.0,0.18953986,432.46106
1.0,0.9976356,73.43347
1.0,0.10318,164.41472
1.0,0.090981446,73.13865
1.0,0.6059274,77.96828
1.0,0.5807714,194.04591
1.0,0.34343314,4226.973
1.0,0.4343423,1683.1298
1.0,0.0067254445,15342.375
1.0,0.19775547,65.07808
1.0,1.0,14760.295
1.0,0.2962017,949.8795
1.0,0.6546445,85.438805
1.0,0.49897406,80.892395
1.0,0.5267261,118.82251
1.0,0.070648156,117.46994
1.0,0.88504446,2314.5073
1.0,0.9916755,667.4127
1.0,0.11273694,278.7799
1.0,0.25553155,111.13796
1.0,0.2413874,714.8519
1.0,0.16041382,2374.612
1.0,0.27932665,79.67719
1.0,0.1771683,4298.175
1.0,0.12911546,238.55919
1.0,0.39473626,129.92393
1.0,0.3741446,3243.7961
1.0,0.0066858456,72.4466
1.0,0.48913702,68.48066
1.0,0.0010378017,2260.5232
1.0,0.250568,3289.787
1.0,0.010302693,364.79163
1.0,0.55730754,515.50214
1.0,0.9162126,910.3332
1.0,0.008644573,22002.455
1.0,0.70497006,7925.1206
1.0,0.4587898,81.406944
1.0,0.54608035,547.9066
1.0,0.99999774,2690.7878
1.0,0.24742027,77.6758
1.0,0.42344525,81.43573
1.0,1.0,682846.25
1.0,0.008725536,260.33444
1.0,0.49722078,83.21595
1.0,0.28546506,130.24852
1.0,0.1257419,96.53768
1.0,0.9999995,791.44904
1.0,0.009851048,4418.2114
1.0,0.36410633,222.89763
1.0,0.9983291,147.96771
1.0,0.16561481,809.34644
1.0,0.329991,204.89081
1.0,0.36317062,7334.1294
1.0,0.33582583,362.49805
1.0,0.5972218,80.05707
1.0,0.40344125,16664.918
1.0,0.039687358,1459.8334
1.0,0.8408687,3708.6963
1.0,0.019952953,783.5016
1.0,0.9999671,67213.49
1.0,0.62625706,200.23276
1.0,0.4708937,112.50783
1.0,0.44021067,3802.4695
1.0,0.39201164,94.12871
1.0,0.0033904226,1162.4413
1.0,0.9999999,17751.387
1.0,1.0,71279.06
1.0,0.999961,2948.5146
1.0,0.14194353,474.5669
1.0,0.01596862,1336.3987
1.0,0.052232098,136.21416
1.0,0.0099274395,776.84375
1.0,0.6400662,98.56104
1.0,0.99998915,287.41077
1.0,0.45633206,6112.504
1.0,0.07084374,201.8555
1.0,0.03982477,18502.361
1.0,0.8956738,96.56477
1.0,0.15412614,12217.202
1.0,0.57678497,263.71115
1.0,0.99999034,4924.8584
1.0,0.9924986,171.7298
1.0,0.99990153,65188.12
1.0,0.16785805,435.0922
1.0,1.0,1618.482
1.0,0.1761236,92.74472
1.0,0.015856266,8188.443
1.0,0.99323297,596.93665
1.0,0.12045081,347.26642
1.0,0.11239153,103.58621
1.0,0.28454614,89.41675
1.0,0.6742605,73.34772
1.0,0.095117636,35093.145
1.0,0.5970687,107.828354
1.0,0.093201235,399.87823
1.0,0.99999976,4162.911
1.0,0.9708561,181.4909
1.0,0.23213828,817.8101
1.0,0.055887807,1110.8458
1.0,0.17870884,49263.3
1.0,0.001792904,38829.93
1.0,0.08984805,276.8898
1.0,1.0,332520.28
1.0,0.14723822,203.9617
1.0,0.16957662,7110.3433
1.0,0.2739576,2081.7085
1.0,0.42520297,1711.551
1.0,0.21591783,194.18584
1.0,0.6930642,2682.029
1.0,0.26956278,3114.0186
1.0,0.2910553,244.1548
1.0,0.55036974,366.63245
1.0,0.45845535,715.0337
1.0,0.123182744,281.9654
1.0,0.81824565,6009.2236
1.0,0.45852748,2215.481
1.0,0.4011837,2113.6912
1.0,1.0,4.726852e+06
1.0,0.03932613,841.7568
1.0,0.51049066,1605.306
1.0,0.21055189,68.60371
1.0,0.4273006,288.49915
1.0,0.4856729,95.69255
1.0,0.109133326,98.64386
1.0,0.9999919,249.39516
1.0,0.08604088,84.92532
1.0,1.0,1199.5914
1.0,0.8669115,1663.8198
1.0,0.9999901,68592.26
1.0,0.5263978,65.43857
1.0,0.5493572,127.768234
1.0,0.610237,79.559265
1.0,0.0055673006,2170.0876
1.0,0.19857012,6518.2964
1.0,0.50560653,1183.4974
1.0,0.9961677,1880.4218
1.0,0.16846916,1360.0652
1.0,1.0,185.3524
1.0,0.9999995,1.117389e+06
1.0,0.94072914,463.76596
1.0,0.13380462,384.06583
1.0,0.14202349,4483.971
1.0,0.7344582,97.21689
1.0,0.058581773,88.655876
1.0,0.11977722,257.9531
1.0,0.398634,382.40503
1.0,0.27473533,491.49786
1.0,0.002702835,1270.029
1.0,0.41702086,2317.7002
1.0,0.47892955,202.71025
1.0,0.007157782,1673.7258
1.0,0.8257591,7830.8745
1.0,0.4382437,199.35136
1.0,0.4172504,85.51375
1.0,0.13872215,171.9717
1.0,0.10896254,370.9474
1.0,0.3672019,77.91915
1.0,0.34869382,445.7866
1.0,0.21687163,4028.0505
1.0,0.577167,76.58052
1.0,1.0,21800.031
1.0,0.3284172,524.65393
1.0,0.6705482,8115.613
1.0,0.0034004787,1329.758
1.0,0.05203673,302.43134
1.0,0.2807412,114.79196
1.0,0.7089958,1194.4789
1.0,0.08072727,3498.531
1.0,0.58247477,2156.1143
1.0,0.09796613,78.93961
1.0,0.072449125,91.03512
1.0,0.49440283,1116.2241
1.0,0.5797674,521.06085
1.0,0.21245144,91.62449
1.0,0.5849913,102.35357
1.0,0.09943659,555.8754
1.0,0.057915084,13166.103
1.0,1.0,3613.7085
1.0,0.96570987,90.61096
1.0,0.77217925,214.04678
1.0,0.32607034,465.8318
1.0,0.29860213,778.92255
1.0,0.3332741,2385.5498
1.0,0.68322134,792.8829
1.0,0.06732321,203.53609
1.0,1.0,330.81094
1.0,0.23160198,84.68656
1.0,0.987435,3563.2673
1.0,1.0,12634.421
1.0,0.081971414,670.26056
1.0,0.55096155,80.91092
1.0,0.59647113,3562.313
1.0,0.034739975,593.8097
1.0,0.3895114,79.451546
1.0,0.0126742665,564.11554
1.0,0.4188159,230.0363
1.0,0.6001281,125.119316
1.0,0.7433966,73.95837
1.0,1.0,1303.3328
1.0,1.0,16313.649
1.0,0.10625648,956.8325
1.0,0.9996959,1569.7684
1.0,0.80246615,73.3756
1.0,0.6740161,2797.883
1.0,0.14683302,3752.6946
1.0,0.14935638,68.89987
1.0,1.0,1194.6631
1.0,0.99998856,1085.0172
1.0,0.09418108,810.09143
1.0,0.121359505,503.87158
1.0,0.5106352,138.53114
1.0,0.999482,31827.035
1.0,0.54964006,90.22384
1.0,0.5336733,7980.6206
1.0,0.6702546,21114.84
1.0,0.99975187,66.63678
1.0,0.5797272,166.05266
1.0,0.4982964,415.49933
1.0,0.9999994,677.9386
1.0,1.0,22531.068
1.0,0.9999858,552029.7
1.0,0.18854931,92.961006
1.0,0.6663845,107.855705
1.0,0.18816125,5987.3486
1.0,0.14596955,502.66504
1.0,1.0,3370.6694
1.0,0.9622382,118.06272
1.0,0.02600661,388.0436
1.0,0.20221223,138.30537
1.0,0.5778741,112.233376
1.0,0.06580258,74.946884
1.0,0.3090062,415.38757
1.0,0.028286533,694.5849
1.0,0.0063605504,802.0228
1.0,0.9932175,9178.902
1.0,0.13002558,889.48505
1.0,0.24279556,149.72255
1.0,0.11579758,135.95425
1.0,0.45390865,2657.1414
1.0,0.23331413,77752.72
1.0,0.048236728,13470.658
1.0,0.09115306,786.63055
1.0,0.43397266,517.0192
1.0,0.52847385,100.72098
1.0,0.43981725,1204.1923
1.0,0.40982988,496.53983
1.0,0.32321212,218.85193
1.0,0.0038380548,1290.3323
1.0,0.14770813,120.969444
1.0,0.08923929,274.45178
1.0,0.1495167,379.8497
1.0,0.9999231,5116.5386
1.0,1.0,3727.2722
1.0,0.30711985,2929.4583
1.0,0.33897036,284.9209
1.0,0.08114273,156.33931
1.0,0.08342191,131.79178
1.0,0.0015568852,4183.3926
1.0,0.025608474,382.9727
1.0,0.4315144,26966.748
1.0,0.18891211,5608.07
1.0,0.16322623,228.24138
1.0,0.058202222,205.38373
1.0,0.02803836,3633.7273
1.0,0.902208,320.94254
1.0,0.4276119,205.91876
1.0,0.016190168,1276.0568
1.0,0.9999999,91.86347
1.0,0.013149526,875.7112
1.0,0.32738602,1773.0321
1.0,0.07650622,217.61816
1.0,0.06513675,5060.9434
1.0,0.94240075,175.42502
1.0,0.57134765,87.51549
1.0,0.49154872,346.36642
1.0,0.14766873,78.06342
1.0,0.113809146,70.71423
1.0,0.050131273,496.3455
1.0,0.983336,577.0204
1.0,0.47909376,556.02435
1.0,0.23643519,1012.12634
1.0,0.023653958,991.56396
1.0,0.73692554,1532.0425
1.0,0.36204696,66.896324
1.0,0.99988294,146.26964
1.0,0.564105,106.977295
1.0,0.25258458,91.66909
1.0,0.54367477,479.73978
1.0,0.015686907,241.10115
1.0,0.9998079,3256.4788
1.0,0.6393185,1891.9154
1.0,0.12218713,358.83353
1.0,0.2097815,68.82279
1.0,0.9978969,13163.992
1.0,0.15067358,552.13513
1.0,0.80793345,117.29131
1.0,0.22363815,66.890335
1.0,0.0987853,67656.41
1.0,0.18774329,150.29738
1.0,0.34924373,387.99442
1.0,0.004466452,10307.55
1.0,0.999995,12630.44
1.0,0.15385805,2546.6938
1.0,0.7628963,827.5645
1.0,0.49440283,180.06104
1.0,0.053140715,71.67411
1.0,0.12297949,96.22408
1.0,0.62172693,71.67511
1.0,0.15489212,4040.3354
1.0,0.73070514,362.37906
1.0,0.023250418,159.6065
1.0,0.84449095,172.72786
1.0,1.0,13131.454
1.0,0.9999981,4012.037
1.0,0.2811032,110.46903
1.0,0.99999845,3772.5676
1.0,0.9992887,1166.9989
1.0,0.99999595,1422.5143
1.0,0.091069944,679.51697
1.0,0.09779303,72.303444
1.0,0.76239365,809.8989
1.0,0.9999969,5373.0166
1.0,0.96998423,256.7666
1.0,0.15964659,551.0453
1.0,0.008651846,854.15216
1.0,0.2929239,354.19507
1.0,0.521091,70.01193
1.0,0.119844295,15755.235
1.0,0.01806629,383.1161
1.0,0.33138445,5244.3394
1.0,0.13592944,1226.4658
1.0,0.09870172,3377.801
1.0,0.4538232,66.739365
1.0,0.16153435,473.22577
1.0,0.3382374,118.77568
1.0,0.42734578,92.23636
1.0,0.45379734,5027.478
1.0,0.07293644,97.16268
1.0,0.052080687,109.816666
1.0,0.06569134,19915.904
1.0,0.9999434,240.60188
1.0,0.08810371,368.41888
1.0,0.10507381,6537.0386
1.0,0.46242476,519.9316
1.0,0.049401585,371.8437
1.0,1.0,5.943994e+11
1.0,0.10859486,77.29657
1.0,0.40989414,77.69447
1.0,0.90631443,718.37134
1.0,0.021712115,74.54444
1.0,0.014741884,466.76614
1.0,0.017910752,13375.687
1.0,0.50027686,257.5774
1.0,0.024510538,1196.1245
1.0,0.2331866,65.43613
1.0,0.9894651,5416.555
1.0,1.0,17329.621
1.0,0.20835617,1611.4948
1.0,0.4549486,183.9129
1.0,0.4482388,112.01326
1.0,0.13444695,136.12236
1.0,0.9912437,24132.838
1.0,0.9268021,7665.2656
1.0,0.0036129018,5177.8955
1.0,0.409602,69.12763
1.0,0.046193488,102.625046
1.0,0.0035581242,532.8125
1.0,0.19292673,177.5128
1.0,0.23379123,65.73995
1.0,1.0,4.3047965e+06
1.0,0.31422168,203.0757
1.0,0.27939063,96.938965
1.0,0.16299404,111.6969
1.0,0.99704105,2.4602422e+11
1.0,0.99998415,3013.177
1.0,0.0958516,74.47732
1.0,0.9999943,1723.3517
1.0,0.67802525,161.80307
1.0,0.49118575,571.9968
1.0,0.57704926,262.25516
1.0,0.5250796,219.13228
1.0,0.43228522,1628.3263
1.0,0.99991107,14401.53
1.0,0.14303067,1937.2883
1.0,0.73909074,199.46652
1.0,0.54064363,5636.0107
1.0,0.9997453,73.03473
1.0,0.99857426,6981.7393
1.0,0.52565235,91.28715
1.0,0.28865826,88.98721
1.0,0.97753316,83579.09
1.0,0.11549485,154.53583
1.0,0.07519604,142.77153
1.0,0.2161527,18250.162
1.0,0.04324617,706.77136
1.0,0.012010779,5632.45
1.0,0.62169766,309.50934
1.0,0.6110818,138.32162
1.0,1.0,8727.796
1.0,0.052941956,5343.375
1.0,0.35492396,73.88406
1.0,0.0031938322,98.98779
1.0,1.0,4483.2676
1.0,0.9999999,2704.194
1.0,0.99999964,1206.4507
1.0,0.7888104,1527.6726
1.0,0.9987999,420.38638
1.0,0.21599428,2902.7207
1.0,0.25506765,790.066
1.0,0.57691634,652.0451
1.0,1.0,12434.828
1.0,0.18368544,2637.3997
1.0,0.41691366,170.29575
1.0,0.89762276,139.92352
1.0,0.8518685,4749.6226
1.0,0.6698579,71.88668
1.0,0.49440283,712.12537
1.0,0.65141517,116.21057
1.0,0.2605947,1096.1868
1.0,0.9961085,245.2611
1.0,0.47867876,366.89923
1.0,0.20163682,120.10385
1.0,0.6887873,4412.9995
1.0,0.781146,2715.4167
1.0,0.85331744,6447.396
1.0,0.042002827,13713.096
1.0,0.61634004,710.4849
1.0,0.17539775,74.456184
1.0,0.79153794,1144.3502
1.0,0.0038312604,2029.911
1.0,0.21656646,4890.98
1.0,0.26883894,83.266945
1.0,0.46189448,206.8737
1.0,0.19807298,72.86473
1.0,0.7076898,108.743706
1.0,1.0,18881.074
1.0,0.9998037,22450.59
1.0,0.13077854,80.32158
1.0,0.9975803,3093.288
1.0,0.028982809,279.88864
1.0,0.74822927,841.33453
1.0,0.2777748,104.58318
1.0,0.02243056,119682.74
1.0,0.65691,1030.3182
1.0,0.524485,1038.1854
1.0,0.9999579,4956.3154
1.0,0.19699396,142.90697
1.0,0.050180353,3027.538
1.0,0.22238418,95.12815
1.0,0.99999964,179.11732
1.0,0.9998553,16431.537
1.0,0.9999685,2.1509208e+07
1.0,0.9935156,14419.71
1.0,0.011452461,3971.2764
1.0,0.3116948,7503.027
1.0,0.48785058,256.22516
1.0,0.18044746,3249.721
1.0,0.9992828,76.245155
1.0,0.14592774,75.5127
1.0,0.53605163,118.98851
1.0,0.1839581,72.325874
1.0,0.32135135,141.4054
1.0,0.10372249,158.65865
1.0,0.07264711,405.38525
1.0,0.17029026,1116.7562
1.0,0.6964673,449.27087
1.0,0.18109879,96.18014
1.0,0.7226318,2007.2428
1.0,0.24854515,19946.52
1.0,1.0,1.4547756e+06
1.0,0.7999391,226.80037
1.0,0.081315964,74.91206
1.0,0.15164444,332.5214
1.0,1.0,8299.668
1.0,0.19723186,3737.3674
1.0,0.99999475,1767.4984
1.0,0.045009047,1352.6868
1.0,0.34255704,162.3599
1.0,0.3546695,84.38813
1.0,0.009419576,357.16006
1.0,0.21423578,449.6126
1.0,0.42474377,88.446625
1.0,0.51081246,434.36642
1.0,0.17346716,608.4471
1.0,0.9907554,496.9066
1.0,0.094460264,291.62125
1.0,0.13925228,4722.362
1.0,0.0756292,125.94747
1.0,0.18920337,113.211105
1.0,0.16100018,106.38071
1.0,0.99999845,123.832726
1.0,0.03780013,161.89156
1.0,0.10229462,99.00067
1.0,0.17978524,508.20224
1.0,0.5544363,76.86436
1.0,0.7661999,1573.4517
1.0,0.50274307,272.74222
1.0,0.16878678,116.6114
1.0,0.0003568109,6188.202
1.0,0.07478443,958.5428
1.0,0.08631481,69.412155
1.0,0.004459905,42434.527
1.0,0.0065275687,153.93086
1.0,0.22592568,204.13768
1.0,0.008849258,204.26704
1.0,0.06257922,140629.69
1.0,0.004820103,1187.7653
1.0,0.7461534,90.46648
1.0,0.1145254,80.33917
1.0,0.110089906,134.17032
1.0,0.7024252,2722.979
1.0,0.039463725,1271.3035
1.0,0.93212235,1360.7732
1.0,0.9999999,369.41733
1.0,0.17795165,198.61073
1.0,0.48008338,70.06062
1.0,0.2754471,123.9442
1.0,0.033533156,52452.09
1.0,0.039160173,93.21412
1.0,0.99618536,1098.9343
1.0,0.48372656,75.89187
1.0,0.1482489,150.14893
1.0,0.06130634,74.54375
1.0,0.99999976,215.71196
1.0,0.086540364,65.64878
1.0,0.021377131,7042.1826
1.0,0.31465068,166.79031
1.0,0.3907474,688.8937
1.0,0.6559438,91.253174
1.0,0.30527604,600.91016
1.0,0.05547922,251.95493
1.0,0.03723564,122.37427
1.0,0.41766185,113.335976
1.0,1.0,58673.07
1.0,0.06214703,3025.9727
1.0,0.32284477,180.15714
1.0,0.99985385,738.4064
1.0,0.20553935,292.258
1.0,0.9975579,72.045845
1.0,0.9999937,890.71106
1.0,0.01318926,2261.4802
1.0,0.25243846,863.26166
1.0,0.19989471,238.48914
1.0,0.0039553903,4387.11
1.0,0.17174484,4970.1626
1.0,0.054806955,2174.5083
1.0,0.99951994,863.0882
1.0,0.6200421,261.75577
1.0,0.9369725,782.302
1.0,0.330117,106.706024
1.0,0.57530665,96.17766
1.0,0.010605991,9031.651
1.0,0.00350935,1406.3556
1.0,0.22596532,128.6462
1.0,0.33278,4217.099
1.0,0.92205405,718.28894
1.0,0.5231003,635.35565
1.0,0.9417512,248.7234
1.0,0.34997138,126.75166
1.0,0.7412033,158.51709
1.0,0.9999871,7514.817
1.0,0.99727196,234.94203
1.0,0.517741,2314.0017
1.0,1.0,12707.139
1.0,0.0136755975,2484.832
1.0,0.52819437,6562.06
1.0,0.5841637,264.4054
1.0,0.18214718,81.385765
1.0,0.009151694,1391.2448
1.0,0.9118381,2596.62
1.0,0.63286555,2627.196
1.0,0.30618128,1496.4187
1.0,0.9955603,1601.2484
1.0,0.23477761,175.75584
1.0,0.016977247,4851.28
1.0,0.43194667,35051.668
1.0,0.9164941,1534.5618
1.0,0.11217805,84.6172
1.0,0.5289638,95.31194
1.0,0.14321522,505.22495
1.0,0.20441814,99.81133
1.0,0.27273875,66.68998
1.0,0.9988784,2788.9993
1.0,0.9551707,785.89545
1.0,0.20189543,118.016266
1.0,0.5090221,913.96313
1.0,0.15888233,241.14153
1.0,0.9927128,2945.591
1.0,0.27186045,219.39854
1.0,0.056253064,8323.888
1.0,0.22478838,68.06166
1.0,0.7113085,595.3549
1.0,0.23760383,237.92564
1.0,0.9999957,1704.3894
1.0,0.17701736,1642.0527
1.0,0.62811077,71.0326
1.0,0.99851114,3997.4302
1.0,0.5590693,94.45858
1.0,0.5427187,244.67851
1.0,0.96823174,87.92233
1.0,0.89623946,195.93762
1.0,0.1655672,68.402374
1.0,0.06841451,2523.1287
1.0,0.12724382,651.40326
1.0,0.9792118,14863.336
1.0,0.13012992,85.98496
1.0,0.5676714,488.49667
1.0,0.9999521,569.2436
1.0,0.0035069245,3073.895
1.0,0.5999633,2396.4458
1.0,0.9999777,700.4101
1.0,0.014852629,17437.344
1.0,0.70874035,73.111916
1.0,0.25060952,188.62303
1.0,0.13456799,73.46964
1.0,0.019809939,376.36435
1.0,0.17586756,570.30457
1.0,0.047557395,974.4949
1.0,1.0,6487.2314
1.0,0.10175671,2192.3455
1.0,0.9999963,580.8036
1.0,0.22879486,710.82434
1.0,0.03773332,215.31456
1.0,0.5230878,77.29033
1.0,0.221403,88.950874
1.0,0.035993405,701.0006
1.0,0.3165995,1260.0259
1.0,0.1293542,78.02126
1.0,0.5534782,86.349106
1.0,0.14106652,66.979774
1.0,0.9999708,2337.8716
1.0,0.9999192,768.37195
1.0,0.35017094,6522.37
1.0,0.21729623,100.09364
1.0,0.41721234,117.03969
1.0,0.7320555,9983.412
1.0,0.20185597,189.82492
1.0,0.118000455,390.6455
1.0,0.11414849,497.89618
1.0,0.18202798,709.09033
1.0,0.11399045,1390.7163
1.0,0.9999994,76.86976
1.0,0.030530198,226.71298
1.0,0.6050568,70.57845
1.0,1.0,43158.66
1.0,0.06643512,11051.234
1.0,0.31887677,144.37422
1.0,0.47134754,129.25563
1.0,0.96861434,9412.485
1.0,0.26473993,1358.5227
1.0,0.66060257,125.09061
1.0,0.7473666,946.8401
1.0,0.043650962,158.64568
1.0,0.36638245,72.03693
1.0,0.7993598,79.05883
1.0,1.0,16500.545
1.0,0.13493069,1065.4043
1.0,0.047221676,213.63884
1.0,0.999982,15075.948
1.0,0.29077783,106.671585
1.0,0.17475438,4107.814
1.0,0.6624504,2159.743
1.0,0.50376767,134.47604
1.0,0.04893772,75.666824
1.0,0.43913105,256.0418
1.0,0.013305358,1127.9045
1.0,0.44367793,391.45117
1.0,0.14459518,4875.6
1.0,0.12799342,355.06628
1.0,0.9985593,313.9948
1.0,0.41333097,170.67639
1.0,0.49498695,73.607956
1.0,0.9091091,3194.27
1.0,0.9997483,264.19806
1.0,0.9124343,105.71754
1.0,0.058260124,72.4575
1.0,0.04123607,295.86472
1.0,0.3364191,103.27306
1.0,0.053883605,144.02338
1.0,0.5573737,2637.9875
1.0,0.06191584,86.91014
1.0,0.06370874,90.8036
1.0,0.17057467,489.65146
1.0,0.22092779,205.8645
1.0,1.0,2169.256
1.0,0.08786304,136.07603
1.0,0.51821667,915.59576
1.0,0.24736646,1615.8063
1.0,0.9999999,3529.7644
1.0,0.5123906,2180.295
1.0,0.20067646,574.4952
1.0,0.99175066,325.35712
1.0,0.9999591,72018.54
1.0,1.0,137.426
1.0,0.22149867,545.88275
1.0,0.2041063,160.65472
1.0,0.17002295,21267.94
1.0,0.5405527,401.07224
1.0,0.9968274,3374.4019
1.0,0.15266612,18462.02
1.0,0.08302657,237.40102
1.0,0.21018821,90.32479
1.0,0.14580862,12832.2295
1.0,1.0,995.6167
1.0,0.9999958,4415.6143
1.0,0.21742839,368.33353
1.0,0.106376745,261.70404
1.0,0.9419987,3718.043
1.0,0.42715663,876.3527
1.0,0.16774754,515.80896
1.0,0.1896137,723.0305
1.0,0.13163127,945.98126
1.0,0.4743794,1085.3496
1.0,0.9988392,656.1963
1.0,0.026220936,2680.076
1.0,0.25871962,573.5363
1.0,0.17013644,97.93848
1.0,0.10207527,310.67117
1.0,0.18269853,1098.9023
1.0,0.28104323,124.358925
1.0,0.5606975,447.97934
1.0,0.21123776,396.47653
1.0,0.7789385,67.037865
1.0,0.13374358,269.07773
1.0,0.04519376,175.53156
1.0,0.4666204,526.7969
1.0,0.18759586,12291.851
1.0,0.448634,246.7362
1.0,0.3451544,647.0774
1.0,1.0,207.14612
1.0,0.16033463,3093.8484
1.0,0.35167083,147.5856
1.0,0.9999548,248.01004
1.0,0.7712449,1677.0525
1.0,0.19781333,1132.65
1.0,0.1278067,72.0916
1.0,0.08570579,78.69398
1.0,0.03329543,9025.654
1.0,0.48585004,199.08789
1.0,0.5390433,7906.105
1.0,0.009833435,1098.2456
1.0,1.0,76074.97
1.0,1.0,23132.701
1.0,0.03906124,22456.31
1.0,0.46167597,1170.8878
1.0,0.7792526,3203.7395
1.0,0.9999999,4337.3115
1.0,0.095914386,99.177025
1.0,0.22035852,7032.6787
1.0,0.12257951,100.213615
1.0,0.64853686,705.18695
1.0,0.091477424,31615.139
1.0,0.017995039,4942.556
1.0,0.3605967,1118.9348
1.0,0.99991333,2429.7651
1.0,0.9148879,412.54797
1.0,0.9999988,69583.75
1.0,0.67132246,124.5371
1.0,0.15912655,208.7552
1.0,0.08185192,3334.3574
1.0,0.9821708,2010.9663
1.0,0.99454015,501.52087
1.0,0.08532662,132.31316
1.0,0.6738375,2305.334
1.0,0.29680386,970.17755
1.0,0.07301509,377.44092
1.0,0.30589247,2700.829
1.0,0.81908876,625.58295
1.0,0.28745762,389.7576
1.0,0.9999999,6.8671835e+06
1.0,0.19358723,1621.7177
1.0,0.006325669,2571.9673
1.0,0.622789,79.19436
1.0,1.0,4730.0083
1.0,1.0,18029.883
1.0,0.2640928,940.00775
1.0,0.68461657,5495.3335
1.0,0.16548984,68.306145
1.0,0.54377836,443.73636
1.0,0.88375485,114.59721
1.0,0.45955527,23991.285
1.0,0.49440283,2512.171
1.0,0.5064797,239.78592
1.0,0.77684844,115.868996
1.0,0.5944725,6524.648
1.0,0.51436126,77.591705
1.0,0.48596156,3382.1467
1.0,0.018755756,29801.094
1.0,0.32266378,324.08984
1.0,0.18805608,110.48893
1.0,0.9999988,1620.6034
1.0,0.16027719,111.34591
1.0,0.99684405,1908.5972
1.0,0.4262224,179.18903
1.0,0.38642755,118.97773
1.0,0.07770241,478.76395
1.0,0.9999999,894.1449
1.0,0.9365499,83.75318
1.0,0.35363176,94.91956
1.0,0.99999726,387.32977
1.0,0.03057347,163.70384
1.0,0.9999443,195.79536
1.0,0.24811763,2438.842
1.0,1.0,72.14354
1.0,0.97338325,1635.7421
1.0,0.25020218,206.30925
1.0,0.30377254,67.3177
1.0,0.31005913,436.05896
1.0,0.26370603,388.45157
1.0,0.9963838,304.69763
1.0,0.21682861,3283.236
1.0,0.54050046,69.97725
1.0,0.9979721,634.5957
1.0,0.27255902,3229.0422
1.0,0.9950708,744.7148
1.0,0.024337,15381.708
1.0,0.99405473,1804.6489
1.0,0.21565999,3070.1343
1.0,0.9035219,1439.3943
1.0,0.15052177,377.2901
1.0,0.15052179,377.2901
1.0,0.31542528,463.13754
1.0,0.510809,72.63732
1.0,0.4174216,117.31063
1.0,0.34831753,81.59535
1.0,0.8316831,152.35645
1.0,0.9999163,94.10605
1.0,0.0025383194,2532.992
1.0,0.19088505,127.93395
1.0,0.17259806,5311.2744
1.0,0.00479303,14605.372
1.0,0.066200055,153.57643
1.0,0.6155614,6667.085
1.0,0.24285842,1958.1213
1.0,0.07554187,186.63997
1.0,0.19325455,120.1927
1.0,0.9922408,4033.1707
1.0,0.50545734,552.7514
1.0,0.99999976,1216.4464
1.0,0.0077939364,2356.9932
1.0,0.70163107,79.482956
1.0,0.90554076,10018.209
1.0,1.0,3937.4631
1.0,0.99999964,11835.247
1.0,0.9999702,4382.592
1.0,0.0012744343,1530.1058
1.0,0.030331142,127.846115
1.0,0.99990726,7127.7505
1.0,0.32111126,170.82732
1.0,0.055005413,284.00952
1.0,0.53373736,183.60834
1.0,0.57435066,3147.428
1.0,0.6615193,8401.839
1.0,0.41243598,3016.0269
1.0,0.029091155,213.3073
1.0,0.32737464,28429.781
1.0,0.68692213,71.010124
1.0,0.99869245,885.7826
1.0,0.2781497,84.27327
1.0,0.36474514,444.779
1.0,0.34981194,456.39874
1.0,0.31212986,90.39945
1.0,1.0,4499.2197
1.0,0.2203258,398.7287
1.0,0.12980227,230.1486
1.0,0.20186472,455.93594
1.0,0.45025775,17844.52
1.0,0.6914254,77.17499
1.0,0.2166496,1870.0448
1.0,0.5835857,2183.3325
1.0,0.25151634,2499.4985
1.0,0.99999976,13862.191
1.0,0.5342055,90.9681
1.0,0.4912647,993.4055
1.0,0.5401485,74.36983
1.0,0.1582281,568.60583
1.0,0.08894829,70.348625
1.0,0.8977633,1336.8419
1.0,0.28913516,65262.168
1.0,0.10910607,94.96486
1.0,0.39652404,358.8891
1.0,0.13669144,86.60528
1.0,0.9998282,3718.139
1.0,0.46299273,609.53564
1.0,0.99999464,296.32635
1.0,0.2082124,71.32579
1.0,0.1960531,919.65906
1.0,0.49936363,1118.4017
1.0,0.44807196,14361.597
1.0,0.14798853,283.55588
1.0,0.1684005,84.5304
1.0,0.2894127,28571.504
1.0,0.67550635,258.6407
1.0,0.50117314,507.11478
1.0,0.535183,95.525375
1.0,0.2484324,220.87169
1.0,0.066445075,120.59402
1.0,1.0,3185.5842
1.0,0.36098933,114.91258
1.0,0.16995218,5422.982
1.0,0.8678382,87.460014
1.0,0.019409789,3765.0715
1.0,1.0,438322.94
1.0,0.49440283,36110.332
1.0,0.45269048,6413.457
1.0,0.38733763,69.62154
1.0,0.22468564,17846.5
1.0,0.5333435,1940.8981
1.0,0.99944156,8399.403
1.0,0.44652468,352.616
1.0,0.2660897,106.1452
1.0,1.0,1024.691
1.0,0.5479024,69.16783
1.0,0.03190687,170.05948
1.0,0.08054332,32837.73
1.0,0.09571584,135.99352
1.0,0.041900028,629.4212
1.0,0.49440283,272.77576
1.0,0.48921114,2771.0378
1.0,0.9999937,1852.4081
1.0,1.0,3978.8335
1.0,0.054056294,192.19821
1.0,0.07381333,97.10653
1.0,0.052161746,221.55905
1.0,0.305196,181.36133
1.0,1.0,3231.619
1.0,0.37125054,121.503426
1.0,0.8961919,218.23956
1.0,0.114812285,352.20004
1.0,0.40899083,66.793755
1.0,0.99262005,165.9413
1.0,0.68479776,6816.6943
1.0,0.63861287,86.861206
1.0,0.28043592,102.37015
1.0,0.98523396,3097.7368
1.0,0.0010486895,5785.4697
1.0,0.3875873,280.68552
1.0,0.09619726,7465.343
1.0,0.57636535,174.25708
1.0,0.14142404,76.05509
1.0,0.30241942,746.44244
1.0,0.9954992,2754.1687
1.0,0.16984797,69.53934
1.0,0.31369254,111.89765
1.0,0.9999976,11163.737
1.0,0.087493286,123.82327
1.0,1.0,13682.865
1.0,0.15338717,66.60262
1.0,0.49440283,446.30792
1.0,1.0,12475.211
1.0,1.0,547242.3
1.0,0.008883417,984.61316
1.0,0.99999464,1446.1989
1.0,0.9999465,250.78319
1.0,0.99998355,4212.7563
1.0,0.2903712,197.99033
1.0,0.22281657,789.03394
1.0,0.13568176,963.9507
1.0,0.19404988,663.152
1.0,0.084070444,65.73418
1.0,0.004531799,21580.15
1.0,0.14872552,1635.19
1.0,0.07736221,857.01685
1.0,0.6338263,81.20497
1.0,0.159227,203.39021
1.0,0.84525687,569.41547
1.0,0.026743665,927.11786
1.0,0.09616658,66.26971
1.0,0.29706153,106.35816
1.0,0.2735334,162.86661
1.0,1.0,48151.734
1.0,0.4920339,84.31869
1.0,0.99999976,108.6149
1.0,0.26197013,132.1192
1.0,0.4907158,138.6299
1.0,0.9999945,4611.5786
1.0,0.060204506,136.86891
1.0,1.0,154.93083
1.0,0.9999981,4686.034
1.0,0.5211478,4141.1978
1.0,0.63869506,78.82122
1.0,0.3858663,5542.2695
1.0,0.98880297,1241.7576
1.0,0.70020026,104.69267
1.0,0.4859256,215.53606
1.0,0.0009149409,1208.211
1.0,0.11014631,871.3999
1.0,0.40005982,220.32527
1.0,0.17794101,246.47182
1.0,0.71144736,297.63943
1.0,0.3803159,375.62994
1.0,0.039915882,80.44247
1.0,0.30403173,1073.3638
1.0,0.9146753,1176.9735
1.0,0.9999999,4950.73
1.0,0.13026616,2070.9756
1.0,0.61965996,4955.45
1.0,0.49223667,94.704544
1.0,0.29029784,2763.4087
1.0,0.6262681,92.73691
1.0,0.054547895,315.44336
1.0,0.4776673,381.0067
1.0,0.08737194,154.61917
1.0,0.1046939,78.19106
1.0,0.4918366,4137.3394
1.0,0.4022402,223.31491
1.0,0.08700385,117.627785
1.0,0.6419846,76.77816
1.0,0.009256689,8314.727
1.0,0.21988007,866.1179
1.0,0.99978644,251.65466
1.0,0.99990594,24648.656
1.0,0.061096087,114.0981
1.0,0.46573436,535.4368
1.0,0.20376177,74.65072
1.0,0.3206054,1233.327
1.0,0.52816635,130.85844
1.0,0.18667328,2009.0044
1.0,0.58215815,109.40009
1.0,0.14516394,68.687965
1.0,0.2655349,82.24136
1.0,0.08264301,143.55984
1.0,0.15112273,586.2757
1.0,0.99999976,371.87555
1.0,0.4130973,38285.348
1.0,0.04270671,291.94128
1.0,0.22801015,209.05074
1.0,0.0151458215,1248.9491
1.0,1.0,685.37946
1.0,0.0033547874,1032.7709
1.0,0.51224524,124.929474
1.0,0.07924474,125.28414
1.0,0.43854097,1073.7987
1.0,0.981343,441.71106
1.0,0.048030023,69.47778
1.0,0.49440283,4065.0444
1.0,0.9999999,92737.336
1.0,0.26042467,142.81873
1.0,0.6105753,360.45944
1.0,0.9383729,5502.6543
1.0,0.50189215,1700.4883
1.0,0.0035630304,1102.8784
1.0,0.068878934,2770.8918
1.0,0.46338585,2642.6272
1.0,0.99981576,10192.266
1.0,0.61403966,70.46789
1.0,1.0,14651.726
1.0,0.99915457,153.90948
1.0,0.10386803,1222.6985
1.0,0.526699,7764.0117
1.0,0.44989774,772.6382
1.0,0.015416249,4409.9746
1.0,0.9988772,6598.6724
1.0,1.0,17169.83
1.0,0.80115575,2299.0261
1.0,0.21587564,130.65536
1.0,0.98959374,143.1914
1.0,0.35651073,81.75327
1.0,0.9570479,2797.4224
1.0,0.037244197,6896.5347
1.0,0.051334187,429.35574
1.0,0.36073294,2167.304
1.0,0.11140421,77.44387
1.0,0.51422703,66.72039
1.0,0.83310634,204.89441
1.0,0.21903811,3342.4617
1.0,0.5750171,868.2707
1.0,0.2077848,1581.1608
1.0,0.29049912,522.5975
1.0,0.26151532,5454.095
1.0,0.19954889,127.01273
1.0,0.45358518,4241.1475
1.0,0.13974449,462.90546
1.0,0.19199067,71.33624
1.0,0.4281548,82.86121
1.0,0.5214323,878.8165
1.0,0.9999999,830.1308
1.0,0.001425799,1588.7621
1.0,0.99974865,13170.614
1.0,0.99460214,1216.4852
1.0,0.95678866,13951.99
1.0,0.02190125,131.40295
1.0,0.542127,140.2198
1.0,1.0,3555.4866
1.0,0.46650702,329.03598
1.0,0.9225782,72.6812
1.0,0.53150606,75.4204
1.0,0.5590943,243.04243
1.0,0.33547422,73.32537
1.0,0.67598337,91.6774
1.0,0.29751232,580.40735
1.0,0.10441763,106.816444
1.0,0.13813655,65.65836
1.0,0.66285145,1689.5063
1.0,0.0028118186,1911.232
1.0,0.87490624,89.90804
1.0,0.48168036,86.17124
1.0,0.099499546,104.86622
1.0,0.19343232,176.67834
1.0,0.9998871,9122.362
1.0,0.34321418,3474.6626
1.0,0.00028726488,1304.3083
1.0,0.0343128,70.30239
1.0,0.99999905,15727.029
1.0,0.25575393,383.2278
1.0,0.9999906,2692.623
1.0,0.47423768,7089.2646
1.0,0.5609142,71.762794
1.0,0.57272965,83.522224
1.0,0.52484065,9743.429
1.0,0.0054550096,13032.935
1.0,0.035045613,5344.091
1.0,0.044494204,188.72546
1.0,0.671387,9482.888
1.0,0.26345372,293.63028
1.0,0.0788654,105.9001
1.0,0.1269672,28600.756
1.0,0.22872299,1372.3458
1.0,0.23243925,830.51324
1.0,0.477193,340.3892
1.0,0.52333534,211.99234
1.0,1.0,137.7678
1.0,0.00640441,664.34393
1.0,0.1737048,1774.8951
1.0,0.025697455,219.5489
1.0,0.99999845,3410.5415
1.0,0.45248166,150.21225
1.0,0.50399286,4959.7017
1.0,0.26179263,196.08171
1.0,0.007886308,25683.863
1.0,0.0046606567,306.22427
1.0,0.9934022,80.86591
1.0,0.33525005,94.657715
1.0,0.008203239,774.39795
1.0,0.4712555,95.86022
1.0,0.32347915,2883.5093
1.0,0.12578712,5717.8926
1.0,0.029479772,1534.8862
1.0,0.090952605,584.4482
1.0,0.29982078,569.3939
1.0,0.19535507,67.450356
1.0,0.18602015,263.63385
1.0,0.5097804,7456.749
1.0,0.99999964,12169.342
1.0,0.11988291,571.8759
1.0,0.9999989,5613.7466
1.0,0.044140305,95.93714
1.0,0.58152705,118.47013
1.0,0.99999976,1228.002
1.0,0.68952644,105.23404
1.0,0.030182945,1359.995
1.0,0.99995303,2624.9514
1.0,0.72219694,83.64467
1.0,0.75793856,69.06641
1.0,0.6681229,148.8695
1.0,0.16188264,640.6148
1.0,0.70691043,490.81866
1.0,0.19225518,165.98267
1.0,0.07558432,1611.662
1.0,0.9720395,4604.7656
1.0,0.58493006,2380.896
1.0,0.23080282,112.11902
1.0,0.57504946,121.2061
1.0,0.22153684,220.95963
1.0,0.1831921,3401.4297
1.0,0.15696399,13707.255
1.0,0.5850252,164.5228
1.0,0.7553613,1252.3064
1.0,0.11899553,1563.3768
1.0,0.9996774,4318.807
1.0,0.558726,69.44629
1.0,1.0,2790.1143
1.0,0.4769883,114.24131
1.0,0.9112731,332.60886
1.0,0.1325,164.95981
1.0,0.29074126,356.17145
1.0,0.5790015,168.4386
1.0,0.038440198,4029.331
1.0,0.30211794,312.4831
1.0,0.49965346,5292.3237
1.0,0.48157606,1012.1902
1.0,0.574032,130.13852
1.0,0.057670645,2198.5332
1.0,0.02223075,137.53566
1.0,0.9522691,749.4464
1.0,0.1516836,67.43993
1.0,0.076597095,117.73005
1.0,0.9831534,2403.9275
1.0,0.49447417,198.11298
1.0,0.38619614,136.24751
1.0,0.5423188,2083.7163
1.0,0.17574932,925.40625
1.0,0.16210586,12803.983
1.0,0.49906382,247.06613
1.0,0.20674112,318.2609
1.0,0.00047166043,61752.11
1.0,0.528537,1904.3071
1.0,0.2681644,91.12689
1.0,0.009096119,2891.994
1.0,0.59430206,19346.248
1.0,0.09584674,150.97581
1.0,0.18833789,1687.0077
1.0,0.9999999,19690.064
1.0,0.5401913,88.39828
1.0,0.7549341,566.08484
1.0,0.7549341,566.08484
1.0,1.0,1755.8071
1.0,0.04371651,279.72733
1.0,0.068837,109.53043
1.0,0.73124546,647.25323
1.0,0.15844549,447.1344
1.0,0.04206842,250.72717
1.0,0.017149732,97.720024
1.0,0.4832221,98.07307
1.0,0.99999213,932.4058
1.0,0.08258049,140.33978
1.0,0.63336617,120.410576
1.0,0.5701396,106.92809
1.0,0.08895839,4556.3496
1.0,0.018163249,456.7549
1.0,0.68231696,105.77199
1.0,0.009751779,6444.5864
1.0,0.024280123,407.79166
1.0,0.471075,546.43506
1.0,0.20463312,67.13938
1.0,0.18745072,98.11496
1.0,0.6233625,79.28423
1.0,0.11479944,1132.1465
1.0,0.23193891,6789.1587
1.0,0.40677837,151.96475
1.0,0.986262,1095.2706
1.0,0.53000504,815.0237
1.0,0.7544756,1701.6594
1.0,1.0,5829.844
1.0,0.12488001,449.49884
1.0,0.32546306,62942.016
1.0,0.3799473,639.02545
1.0,0.10983077,3035.4531
1.0,0.9999976,23171.008
1.0,0.9999852,119.32821
1.0,0.59062874,65.8471
1.0,0.49664664,227.29707
1.0,0.72898656,1620.325
1.0,0.2271959,4532.5464
1.0,0.17099698,2098.6013
1.0,0.11476607,62342.07
1.0,0.99653566,495.051
1.0,0.6600694,72.196396
1.0,0.47436297,82.030655
1.0,0.07713304,356.3064
1.0,0.057241198,528.0776
1.0,0.009669929,2289.7092
1.0,0.047566686,263.5887
1.0,0.20345624,67.85187
1.0,0.17185585,528.1814
1.0,0.5650102,74.01464
1.0,0.23889479,2885.4065
1.0,0.05252261,144.87552
1.0,0.9995497,154.14946
1.0,0.25243253,691.4189
1.0,0.36298028,77.81459
1.0,0.99999785,2227.304
1.0,0.15300499,251.05594
1.0,0.20650728,1782.6407
1.0,0.011254225,174.04283
1.0,0.32978463,160.56876
1.0,0.17566139,112.60441
1.0,0.10210674,4977.005
1.0,0.033253342,3367.3755
1.0,0.07979323,13616.325
1.0,0.24297056,168.45479
1.0,0.48843753,309.87454
1.0,0.8869324,381.23102
1.0,1.0,9711.526
1.0,0.9533501,531.76495
1.0,0.09927159,245.06406
1.0,0.65694135,135.0153
1.0,0.04041474,88803.79
1.0,0.037105076,1053.0951
1.0,0.9332235,93.874374
1.0,0.37976488,256.2114
1.0,0.35884798,98.207565
1.0,0.9633906,351.56644
1.0,0.4475555,530.5568
1.0,0.49440283,199.76634
1.0,0.99903774,16824.775
1.0,0.18487613,1293.8917
1.0,0.46057025,70.32835
1.0,0.16569826,193.60094
1.0,0.1164763,396.69055
1.0,0.9999187,18279.762
1.0,0.596445,134.16972
1.0,0.34786487,3550.503
1.0,0.0022170257,381.9533
1.0,0.31679228,887.571
1.0,0.45850632,19603.541
1.0,0.5372834,1720.8822
1.0,0.43617892,210.33186
1.0,0.069862895,6573.096
1.0,0.4006732,311.6221
1.0,0.12914282,499.49115
1.0,0.5529457,70.1481
1.0,0.119961716,82.42139
1.0,0.95395315,168.73514
1.0,0.55929303,5772.5195
1.0,1.0,7015.8193
1.0,0.75176823,204.82019
1.0,0.11153556,537.0846
1.0,0.99905175,75.6214
1.0,0.8686663,893.76654
1.0,0.5592907,196.1784
1.0,0.0015336946,105.125084
1.0,1.0,1688.632
1.0,0.3282455,67.37623
1.0,0.080185816,2623.3652
1.0,0.35979867,93.54456
1.0,0.9999944,269.3964
1.0,0.17093025,65.01664
1.0,0.9999809,1071.9569
1.0,0.9960263,1375.9835
1.0,0.03219893,75.995995
1.0,0.4199767,93.35295
1.0,0.14299361,101.29818
1.0,0.9999907,508878.97
1.0,0.5619381,1193.0383
1.0,0.030059686,593.19324
1.0,0.5230756,1980.3262
1.0,0.4936192,88.2044
1.0,0.072122,658.0198
1.0,0.70930475,1325.6631
1.0,0.03203179,6611.7847
1.0,0.51188374,97.926834
1.0,0.3385813,521.92255
1.0,0.9990582,985.20465
1.0,0.47389373,2130.8657
1.0,0.38962612,71.78257
1.0,0.98171484,1584.7428
1.0,0.7358104,281.36975
1.0,0.48742253,73.12468
1.0,0.3757574,1148.2241
1.0,0.9999987,49858.766
1.0,0.53838223,695.91736
1.0,0.9987232,2337.651
1.0,1.0,23352.984
1.0,0.16048492,451.63544
1.0,0.073836364,10092.123
1.0,0.22686565,161.32889
1.0,0.24389033,845.2506
1.0,0.50818276,496.3305
1.0,0.15297277,209.64917
1.0,0.99977595,5088.5103
1.0,1.0,19873.855
1.0,0.5313498,126.31238
1.0,0.07471553,1021.124
1.0,1.0,15338.484
1.0,0.3183374,90.31738
1.0,0.03929271,72.50131
1.0,0.9999999,81.5196
1.0,0.6737007,1584.9622
1.0,0.1179165,65.365005
1.0,0.21185048,103.86375
1.0,0.08959174,86.999794
1.0,0.026063016,1290.5178
1.0,0.65696466,93.421394
1.0,1.0,8700.834
1.0,0.5098446,107.19181
1.0,0.6622636,4105.9697
1.0,0.6083029,123.49884
1.0,0.5257641,1416.9221
1.0,0.99982435,57774.145
1.0,0.056960143,1383.4541
1.0,0.9989679,8355.694
1.0,0.58784765,212.74081
1.0,0.1330516,463.96585
1.0,0.4130213,2474.4185
1.0,0.53663415,78.84281
1.0,0.9999629,151.63318
1.0,0.9987878,116.98149
1.0,0.999992,2114.486
1.0,0.99853826,714.7527
1.0,0.32348382,67.508514
1.0,0.2740548,117.51909
1.0,0.44523308,1767.9711
1.0,0.15739757,4847.1533
1.0,0.37822556,5880.0503
1.0,0.39773598,4057.9807
1.0,0.62624174,84.85684
1.0,0.34270763,331.15164
1.0,0.23146226,463.0849
1.0,0.34516028,110.24427
1.0,0.468887,122.54355
1.0,0.5377521,99.22794
1.0,0.3641737,1087.8275
1.0,0.12165686,2005.3594
1.0,0.4733895,81364.37
1.0,0.5430677,187.44356
1.0,0.116582796,667.3244
1.0,0.49440283,1927.9126
1.0,0.32859835,77.156685
1.0,0.012183081,1537.0549
1.0,0.40404466,822.4751
1.0,0.57522213,1636.5963
1.0,0.0027000653,63179.156
1.0,1.0,388481.44
1.0,0.31212485,6548.2847
1.0,0.36888498,68.446495
1.0,1.0,4101.518
1.0,0.0113454275,77.03079
1.0,0.313114,75.81768
1.0,0.36092874,32325.576
1.0,0.17251961,3348.5942
1.0,0.60553455,103.6395
1.0,0.00066257274,5055.495
1.0,0.89714193,4507.9424
1.0,0.18633735,109.70309
1.0,0.0042632394,22145.352
1.0,0.0191775,666.11
1.0,0.7321403,555.73413
1.0,0.7087357,217.68423
1.0,0.08291948,98.42389
1.0,0.30327603,92.79764
1.0,0.36719507,240.28865
1.0,0.24523407,116.27726
1.0,0.02040183,1094.5463
1.0,0.9992798,1473.3644
1.0,0.22868279,1513.5707
1.0,0.7039898,2353.538
1.0,0.2593434,6019.938
1.0,0.9854622,691.9695
1.0,0.54266304,70.288284
1.0,0.144401,172.61961
1.0,0.069250554,187.15329
1.0,0.85472316,2224.9783
1.0,0.18441732,73.63746
1.0,0.9999999,761.44543
1.0,0.93939674,72.11256
1.0,0.2638103,113.66291
1.0,0.6796764,527.98016
1.0,0.12916635,84.50801
1.0,0.079685405,207.9826
1.0,0.012118919,251.2927
1.0,0.99999607,22304.328
1.0,0.5263917,147.26932
1.0,0.9998574,377.05075
1.0,0.06356122,17489.324
1.0,1.0,456026.3
1.0,0.99999976,11443.716
1.0,0.21306862,186.3222
1.0,0.05832327,104.17234
1.0,0.5736554,95.21232
1.0,0.86251163,3874.1313
1.0,0.47912627,10946.497
1.0,0.43134686,208.01367
1.0,0.49440283,305.31985
1.0,0.8480849,3136.8833
1.0,0.7989708,2835.4854
1.0,0.9999901,139.4342
1.0,0.4408611,75.16751
1.0,0.014871081,524.9694
1.0,0.10245718,1871.4827
1.0,0.99871254,65.020676
1.0,0.54999393,341.0635
1.0,0.47761336,1055.4983
1.0,0.36663395,5472.231
1.0,0.6927203,114.388794
1.0,0.42454928,443.37817
1.0,0.9959486,69.76938
1.0,0.99993646,3.0483918e+07
1.0,0.6314644,102.66268
1.0,0.2796935,113.43638
1.0,0.57698965,2608.191
1.0,0.7671702,387.04623
1.0,0.58181864,1080.0157
1.0,0.10141421,387.83194
1.0,0.049486164,8467.266
1.0,0.34574524,20521.568
1.0,0.49440283,1438.9929
1.0,0.094270796,237.69887
1.0,0.47224432,119.21768
1.0,1.0,1283.0933
1.0,0.6488148,82.59702
1.0,0.82402974,680.9659
1.0,0.5022523,89.68473
1.0,0.4192735,106.16723
1.0,0.163698,448.67242
1.0,0.15068556,1721.7799
1.0,0.65775317,70.42952
1.0,0.671319,67.750435
1.0,0.017672736,1255.0153
1.0,1.0,240.24117
1.0,0.9999931,3189.469
1.0,0.06702998,1406.5107
1.0,0.19435976,70.419464
1.0,0.26279032,3003.278
1.0,0.086714394,333.1549
1.0,0.999493,844.1275
1.0,0.114822365,74.13462
1.0,0.14685968,9147.698
1.0,0.15534182,607.2405
1.0,0.9999529,322.93826
1.0,0.10226388,95.50081
1.0,0.49763682,389.20187
1.0,0.999997,25738.967
1.0,0.015557168,1064.2656
1.0,0.49159312,235.22389
1.0,0.3253695,6258.293
1.0,0.021932334,158.34097
1.0,0.99996066,5028.947
1.0,0.62286216,479.69104
1.0,0.08339323,199.34468
1.0,0.39779383,164.6193
1.0,0.99996114,43549.414
1.0,0.57869864,2322.2468
1.0,0.64592874,85.51957
1.0,0.578454,7194.0215
1.0,1.0,698.1379
1.0,0.99998987,59691.21
1.0,0.1648065,102.61299
1.0,0.080497414,479.40726
1.0,0.57276636,126.68662
1.0,0.20711671,1701.0374
1.0,0.41232634,19362.504
1.0,0.07911899,170.05257
1.0,0.31486014,11624.732
1.0,0.5785659,211.9088
1.0,0.97554535,344.1118
1.0,0.1451887,143.826
1.0,0.053385485,102.11056
1.0,1.0,637.271
1.0,0.2809734,12197.674
1.0,0.18898705,4491.3574
1.0,1.0,7709.125
1.0,0.2283105,690.66095
1.0,0.6863027,70.7954
1.0,0.5073445,24335.54
1.0,0.37814385,98.953835
1.0,0.8796215,120.49727
1.0,0.015098616,26467.174
1.0,0.06858014,470.21143
1.0,0.36976606,82.82335
1.0,0.20865922,153.84967
1.0,0.9984889,7145.8276
1.0,0.17492731,153.0867
1.0,0.3719794,1981.889
1.0,0.54316694,15428.307
1.0,0.49440283,104.458496
1.0,0.0011567165,830.12445
1.0,0.41732547,65.18429
1.0,0.14845532,125.75678
1.0,0.08284651,135.41742
1.0,0.3000432,512.3158
1.0,0.16257387,104.56235
1.0,0.32576498,92.83761
1.0,0.48858342,169.6697
1.0,0.99301153,369.68045
1.0,0.6562298,321.83124
1.0,0.1330877,1178.8856
1.0,0.10116922,5850.6587
1.0,0.52816296,81.78483
1.0,0.99985456,4383.2124
1.0,0.5529436,548.4462
1.0,0.93018365,1520.2694
1.0,0.49440283,1863.1597
1.0,0.24376515,617.5482
1.0,0.9997825,5013.3613
1.0,0.9962502,1937.3723
1.0,0.9999378,9316.209
1.0,0.27709228,168.5298
1.0,0.47074023,603840.7
1.0,0.0071367486,8279.749
1.0,0.42040727,69.12809
1.0,0.99322504,118.78651
1.0,0.119722925,2123.8723
1.0,0.9962388,85100.23
1.0,0.9948055,679786.7
1.0,0.79218256,80.074585
1.0,0.79815507,1696.2684
1.0,0.1807232,310.2216
1.0,0.48539814,234.61671
1.0,0.7298055,3076.4172
1.0,1.0,1.203881e+06
1.0,0.056296583,122.152306
1.0,0.9951958,551.3028
1.0,0.6830995,66.45554
1.0,0.11069998,71.73286
1.0,0.059964113,8284.072
1.0,0.9999976,470.4872
1.0,0.99862444,8347.978
1.0,0.41225272,80.36553
1.0,0.6025811,110.548874
1.0,0.1773532,91.69031
1.0,0.01168299,13523.369
1.0,0.12695308,961.0514
1.0,0.35558525,1307.3795
1.0,0.600698,803.53796
1.0,0.2767493,76.96929
1.0,0.095255084,111.03356
1.0,0.01213472,10380.019
1.0,1.0,5.841435e+06
1.0,0.5297079,70.25062
1.0,0.55735016,323.3546
1.0,0.01600329,7531.1714
1.0,0.99924076,147984.78
1.0,0.011226629,1142.9916
1.0,0.3846329,122.544556
1.0,0.30768198,529.621
1.0,0.043195587,1796.925
1.0,0.08425544,9999.286
1.0,0.20258169,169.90076
1.0,0.023534242,10580.079
1.0,0.39431825,3127.5342
1.0,0.3247267,232.41013
1.0,0.01145449,92.707405
1.0,0.08572959,528.7503
1.0,0.26223242,282.156
1.0,0.09228965,304.0054
1.0,0.101143405,282.32892
1.0,0.8414923,122.439995
1.0,0.7298863,1110.469
1.0,1.0,1305.2223
1.0,0.9999852,2325.3853
1.0,1.0,3730.8137
1.0,0.09650261,67.885544
1.0,0.727254,93.6023
1.0,0.5364653,66.99323
1.0,0.016854148,501.42285
1.0,0.36099666,1.4416575e+10
1.0,1.0,906.4325
1.0,0.5203521,130.23944
1.0,0.0023487424,4563.4087
1.0,0.91175884,201.3905
1.0,0.1595343,587.2501
1.0,0.22438212,162.35455
1.0,0.04035405,90.231445
1.0,0.99999976,685.06384
1.0,0.0021245345,2422.7166
1.0,1.0,3547.4636
1.0,0.66533476,74.35872
1.0,0.06913037,5925.449
1.0,0.19142005,128.86758
1.0,0.12039321,134.39987
1.0,0.12104544,83.61954
1.0,0.11812776,315.9331
1.0,0.44793242,66.651985
1.0,0.44475842,700.9814
1.0,1.0,583.1729
1.0,0.9543507,3933.7534
1.0,0.29321042,538.3832
1.0,0.5141954,535.3243
1.0,0.9811267,118.24039
1.0,0.04935185,125.63444
1.0,0.7621668,79.089134
1.0,0.05079117,16099.553
1.0,0.15571524,86.43574
1.0,1.0,4628.821
1.0,0.03138898,8068.931
1.0,0.34005886,655.4607
1.0,0.9997178,2594.1594
1.0,0.4961769,73.33546
1.0,0.522094,96.229095
1.0,0.9999993,113.9448
1.0,0.7463357,3.4559126e+08
1.0,0.17479919,69.36562
1.0,0.28291985,116.92313
1.0,0.4787541,10567.413
1.0,0.6400558,1389.088
1.0,0.8312696,740.6714
1.0,0.21083347,4074.9805
1.0,0.17549339,77.92609
1.0,0.0028390584,338.2097
1.0,0.28180227,795.98676
1.0,0.015966192,41186.387
1.0,0.33671948,265.86703
1.0,0.99979275,77.671616
1.0,0.12088365,244.75455
1.0,0.61381274,629.73535
1.0,0.18986082,152.71837
1.0,0.020492464,1112.4705
1.0,0.11879626,112.751816
1.0,0.49799806,188.93912
1.0,0.41596532,2230.6802
1.0,0.45067304,223.46747
1.0,0.56507957,1359.1292
1.0,0.32230204,83.79554
1.0,0.006405254,121.8382
1.0,0.9988055,104.47863
1.0,0.99998724,1693.6285
1.0,0.5038273,11972.007
1.0,0.9998553,38862.305
1.0,0.6497309,312.43695
1.0,0.2592464,102.45943
1.0,0.132593,870.25256
1.0,0.005420176,2166.4438
1.0,0.27250588,109.1763
1.0,0.63169986,3547.2942
1.0,0.8331847,1301.2216
1.0,0.5231878,8590.055
1.0,0.39786652,75.631065
1.0,0.084089,68.25591
1.0,0.19541171,2497.263
1.0,0.021131568,1333.6766
1.0,0.20837572,209.11627
1.0,0.99999964,7826.826
1.0,0.3491752,2462.6555
1.0,0.16696161,1151.3632
1.0,0.010187106,975.39777
1.0,0.15601437,2427.3787
1.0,0.3856612,67.58698
1.0,0.9991165,11116.72
1.0,0.036042467,1454.933
1.0,0.89100474,73.53263
1.0,0.17427261,67.68389
1.0,0.1252019,148.15068
1.0,0.34535682,106.35355
1.0,0.09404671,274.3983
1.0,0.5417327,205.64119
1.0,0.032417145,34798.01
1.0,0.38928077,667.89215
1.0,0.18175796,229.95374
1.0,1.0,5612.967
1.0,0.7659016,80.63783
1.0,0.11337273,4055.6936
1.0,0.78504324,13197.234
1.0,0.9999335,2565.2805
1.0,0.38050476,19992.41
1.0,0.8128737,338.57303
1.0,0.5632145,111.10094
1.0,0.37408915,2064.716
1.0,0.8624439,3282.5242
1.0,0.9999999,1179.919
1.0,0.9999939,760.0192
1.0,0.49440283,105.410446
1.0,0.999995,3170.7903
1.0,0.16093785,608.63586
1.0,0.19800809,65.03619
1.0,0.40788758,681.6107
1.0,0.54492795,73.35919
1.0,0.53775,406.2405
1.0,1.0,1.1586759e+07
1.0,0.994709,64537.844
1.0,0.39212707,81.13625
1.0,0.22609784,503.63928
1.0,0.23402293,760.3381
1.0,0.9999789,168082.31
1.0,0.11664966,173.39433
1.0,0.18177192,73.23536
1.0,0.9999995,27088.623
1.0,0.97558945,297.46075
1.0,0.74452883,1482.16
1.0,0.52945375,95.85094
1.0,0.64982593,1607.1719
1.0,0.9530739,6029.705
1.0,0.55026,81.42359
1.0,0.4177036,83.763985
1.0,0.99999917,12017.838
1.0,0.48622575,105.71376
1.0,0.034206577,1524.6917
1.0,1.0,3589.7559
1.0,0.5558838,66.9522
1.0,0.2618783,96.885445
1.0,0.99309546,2760.0051
1.0,0.3139318,683.1155
1.0,0.121796854,247.381
1.0,0.99999905,266.67526
1.0,0.3531026,72.90846
1.0,0.9895237,314.3829
1.0,0.4563756,911.29425
1.0,0.076797515,82.190094
1.0,0.99354386,2977.653
1.0,0.17739934,1141.018
1.0,0.5614837,93.90855
1.0,0.9800387,408.18362
1.0,0.42601866,109.320244
1.0,0.13937913,923.70087
1.0,0.99999523,2536.7898
1.0,0.4975351,449.9467
1.0,0.14332071,244.98967
1.0,0.0021826623,159.89047
1.0,0.23799,74.54275
1.0,0.50593174,427.68195
1.0,0.8345134,1018.65826
1.0,0.9407379,96.882065
1.0,0.10936326,10791.505
1.0,0.080551684,353.30795
1.0,0.8081551,73.58844
1.0,0.97823596,476.17993
1.0,0.9998336,1283.1609
1.0,0.3099723,1136.4694
1.0,0.921434,267.60562
1.0,1.0,3884.797
1.0,0.9639162,285.01773
1.0,0.9999907,2562.9634
1.0,0.999961,99.98161
1.0,0.023503697,5902.9814
1.0,0.9999949,574.42615
1.0,0.5830386,272.7563
1.0,0.99999964,101.339676
1.0,0.8837595,287.3393
1.0,0.2896715,1611.5258
1.0,0.19838038,83.12782
1.0,0.19723777,79.855705
1.0,1.0,42779.82
1.0,0.07732037,79.73204
1.0,0.3058214,200.44469
1.0,0.022005778,2579.419
1.0,0.77424437,88.03373
1.0,0.99999833,4112.4233
1.0,0.25580582,1988.0643
1.0,0.35444754,73.07479
1.0,0.11915742,144.26947
1.0,0.56307226,136.62704
1.0,0.28455433,598.86176
1.0,0.57125115,252.64455
1.0,0.86045325,79.33117
1.0,0.2748371,866.02374
1.0,0.20960164,98.98649
1.0,0.49728087,137.98352
1.0,0.021138694,222.39746
1.0,0.40073967,39668.99
1.0,0.82212466,242.75813
1.0,0.09585129,421.8785
1.0,1.0,6021.875
1.0,0.3677143,246.40363
1.0,0.27953243,269.15662
1.0,0.30897367,1436.9349
1.0,0.02904966,6408.797
1.0,0.5743763,114.586586
1.0,0.31489775,91.44389
1.0,0.8362705,3970.5571
1.0,0.0036527156,1102.6188
1.0,0.59324294,69.77704
1.0,0.2200924,1572.7832
1.0,0.49440283,1457.0719
1.0,0.99984574,26561.203
1.0,0.32109538,170.45747
1.0,0.027702143,6159.244
1.0,0.29269308,289.44717
1.0,1.0,685.4829
1.0,0.5331381,147.49927
1.0,0.004514661,6300.7085
1.0,0.0836243,1597.1748
1.0,0.8537284,73.53699
1.0,0.35768735,135.71562
1.0,0.63635385,87.50648
1.0,0.9999999,2395.5486
1.0,0.22357798,80.45404
1.0,0.4566359,450.61163
1.0,0.54419035,84.15452
1.0,0.009261207,555.36664
1.0,0.100226805,6994.6523
1.0,0.17063755,7807.9175
1.0,0.26840496,69.01272
1.0,0.23678704,121.69154
1.0,0.47549593,1212.2252
1.0,0.49836013,79.28367
1.0,0.5025109,18207.012
1.0,0.91394156,27511.613
1.0,0.09875846,88.22423
1.0,0.5263997,340.93265
1.0,0.57247007,8527.025
1.0,0.4320449,71.032715
1.0,0.600557,81.220436
1.0,0.6082854,254.79555
1.0,0.5251271,204.59239
1.0,0.9998487,41113.83
1.0,0.14374281,588.57086
1.0,0.6791111,164.69794
1.0,0.49440283,300.17123
1.0,0.18038337,606.4313
1.0,1.0,518.45856
1.0,0.14416663,125.28277
1.0,0.9988226,3917.1086
1.0,0.49441817,2510.2217
1.0,0.12176272,97.810036
1.0,0.5929898,191.71841
1.0,0.87626433,656.7574
1.0,0.5811667,732.39056
1.0,0.9998266,1902.1715
1.0,0.4588207,272.04373
1.0,1.0,6709.361
1.0,0.4379105,318.03104
1.0,0.99951553,5648.3755
1.0,0.9984504,1841.2333
1.0,0.7548054,304.97107
1.0,0.029141856,904.88824
1.0,0.52533686,2646.3162
1.0,0.9896054,490.8766
1.0,0.08431825,131.78345
1.0,0.08172723,656.3883
1.0,0.488999,185.82565
1.0,0.5015545,6175.0415
1.0,1.0,6131.1357
1.0,0.9993649,1971.0548
1.0,0.47842914,291.9953
1.0,0.28127888,8593.475
1.0,0.68192434,71.32569
1.0,0.3934675,660.2691
1.0,0.8472934,67.555824
1.0,0.15706004,101.06272
1.0,0.1856368,65.4002
1.0,0.008009739,1385.9626
1.0,0.34704465,66.304695
1.0,0.5438527,114.18777
1.0,0.99999964,12372.0205
1.0,0.8323079,66.718704
1.0,0.77329284,101.80265
1.0,0.13860133,964.97626
1.0,0.326925,70.91379
1.0,0.05835691,2754.9883
1.0,0.16139114,71.7836
1.0,0.66553193,78.289894
1.0,0.31511894,320.13168
1.0,0.50939715,121.03023
1.0,0.6446732,97.07892
1.0,0.022011371,4481.4316
1.0,0.999998,171.57262
1.0,0.9985684,230.36792
1.0,0.5410643,537.5406
1.0,0.055683378,1239.6243
1.0,0.9999999,88.61398
1.0,0.9990671,2275.1943
1.0,0.018879894,149.70119
1.0,0.566403,1577.0552
1.0,0.7570719,2651.595
1.0,0.01747702,2690.0168
1.0,0.22104122,322.3555
1.0,0.99992085,757.1042
1.0,0.997494,140.69548
1.0,0.14509071,5437.07
1.0,0.7160635,66.24756
1.0,0.10897312,25841.36
1.0,1.0,3638.9116
1.0,0.42887938,20314.383
1.0,0.9170967,282.1487
1.0,0.1212694,123.253586
1.0,0.28223982,118.24052
1.0,0.09502732,225.21422
1.0,0.9449357,19760.451
1.0,0.50101805,66.36753
1.0,0.37129933,1118.107
1.0,0.37129933,1118.107
1.0,0.2560454,87.13267
1.0,0.033836577,632.55646
1.0,0.75562984,1159.8903
1.0,0.2058222,118.57567
1.0,0.99398005,629.6448
1.0,0.8697276,831.29694
1.0,0.99999976,1209.6566
1.0,0.1850057,161.82555
1.0,0.3079715,75.77946
1.0,0.2863568,3280.6091
1.0,0.13607448,285.97946
1.0,1.0,696.517
1.0,0.9994448,118.17529
1.0,0.73432875,94.729866
1.0,0.5503919,74.140915
1.0,0.16258647,3286.991
1.0,0.13252988,6765.0684
1.0,0.28915453,540.5867
1.0,0.6384813,8203.714
1.0,0.9232544,76.08591
1.0,0.06267366,481.5586
1.0,0.9739059,1209.3777
1.0,0.07726246,346.1902
1.0,0.5262372,200.88345
1.0,0.12175294,738.97205
1.0,0.1645491,91.89308
1.0,0.39280087,294.98712
1.0,0.042681236,315.8986
1.0,0.01284981,8341.738
1.0,0.027293453,9819.142
1.0,1.0,31568.242
1.0,0.14061493,76.57102
1.0,0.99997425,205.92361
1.0,0.08680429,4570.3257
1.0,0.03284518,69.463066
1.0,0.88956416,309.2393
1.0,0.99996614,6520.562
1.0,0.73712087,154.34914
1.0,0.10880094,402.28174
1.0,0.04447882,684.88074
1.0,0.6662528,15341.162
1.0,0.36716595,124.24674
1.0,0.34695485,174.94069
1.0,0.9999999,2834.877
1.0,0.3988449,17296.07
1.0,0.55774164,737.8249
1.0,0.5234691,121.010826
1.0,0.1678358,768.7487
1.0,0.48591894,194.17326
1.0,0.5999334,78.94637
1.0,0.027212828,1431.572
1.0,0.8613885,1823.8142
1.0,0.39634055,9529.245
1.0,0.21066585,869.22595
1.0,0.51594394,65.11641
1.0,0.4262627,136.58766
1.0,0.37728992,3505.6252
1.0,0.20228268,864.68695
1.0,0.015795447,10674.452
1.0,1.0,1.1122689e+06
1.0,0.6072833,66.07305
1.0,0.10836776,76.17464
1.0,0.63073695,153.43814
1.0,0.08525468,415.35382
1.0,0.008516764,72797.4
1.0,0.48687267,96.14218
1.0,0.26895544,66.725044
1.0,0.8179863,5204.1245
1.0,0.22244301,5610.8594
1.0,0.6258575,3965.7622
1.0,0.6927255,1112.1792
1.0,0.99471843,3873.8718
1.0,0.9863557,1261.8727
1.0,0.08346534,65.063095
1.0,0.9999317,935.685
1.0,0.05499427,116.55482
1.0,1.0,7297.2134
1.0,0.3222059,255.10667
1.0,0.09124643,1999.4036
1.0,0.19345434,82.11081
1.0,0.5998474,462.45612
1.0,0.38154545,225.1162
1.0,0.19876532,165.8717
1.0,0.22628008,2049.3357
1.0,0.49440283,764.7058
1.0,0.8016323,125.332016
1.0,0.26982754,256.0601
1.0,0.5366045,72.01684
1.0,1.0,1.3549959e+07
1.0,0.52669704,99.5453
1.0,0.49018463,147.6065
1.0,0.92095095,611.62024
1.0,0.99671704,109489.734
1.0,0.2908388,83.42613
1.0,0.11036129,364.79083
1.0,0.8604584,618.303
1.0,0.48490655,71.593
1.0,0.035407107,155.99997
1.0,0.37438527,1059.6797
1.0,0.019718897,1645.6869
1.0,0.02018757,1288.5088
1.0,0.018939644,1791.5273
1.0,0.99999905,1.6950155e+06
1.0,0.4360355,167.80481
1.0,0.56978047,1477.681
1.0,0.5747885,68.27506
1.0,0.45367497,4873.3657
1.0,0.5119874,347.05106
1.0,0.058845878,3408.009
1.0,0.059348483,90.687744
1.0,0.3148146,8982.422
1.0,0.29439476,756.6106
1.0,0.07696498,432.24054
1.0,0.36892024,9875.905
1.0,0.9999201,4647.508
1.0,1.0,2843.896
1.0,0.13928576,104.0028
1.0,0.515277,2097.2031
1.0,0.23491216,503.59808
1.0,0.100200176,215.10449
1.0,0.49440283,371.63126
1.0,0.26363492,72071.77
1.0,0.5428619,137.40767
1.0,0.11994657,550.3893
1.0,0.78871137,269.45865
1.0,0.21236481,414.03342
1.0,0.42018506,148.51678
1.0,0.27511466,1489.153
1.0,0.20265768,246.57588
1.0,0.055463843,94.5392
1.0,0.9990246,34901.78
1.0,0.16423479,109.2064
1.0,0.8420755,427.53146
1.0,0.07257526,65.98932
1.0,0.9626794,273.8923
1.0,0.19960016,167.87189
1.0,0.66184944,1324.26
1.0,0.6318425,102.00114
1.0,0.74049896,497.8568
1.0,0.09939919,1191.4374
1.0,0.27723882,2241.5676
1.0,0.1797729,77.35702
1.0,0.14806685,83.4265
1.0,0.20389308,3054.0132
1.0,0.5377872,3389.1074
1.0,0.37565252,82.85186
1.0,0.0544702,4267.8296
1.0,0.21055941,527.91003
1.0,0.06905443,72.78533
1.0,0.041368842,1339.1072
1.0,0.142433,903.4106
1.0,0.24817544,14599.264
1.0,0.9999924,1015.3859
1.0,0.9607332,1370.092
1.0,0.5137188,195.70854
1.0,0.99977154,457.93973
1.0,0.034185342,7.598198e+07
1.0,0.9696885,2729.6902
1.0,0.19993475,434.9427
1.0,0.46788853,500.18622
1.0,0.07849927,285.79095
1.0,0.16456357,72.573944
1.0,0.9999207,4899.2812
1.0,0.30290258,210.45822
1.0,0.07980681,76.90349
1.0,0.033762936,348.17505
1.0,0.08203051,300.9307
1.0,0.0059908163,723.22424
1.0,0.9999192,5823.8306
1.0,0.18502095,76.36616
1.0,0.3100896,170.31828
1.0,0.11601959,280.3515
1.0,0.1452408,68.87518
1.0,0.12395304,248.01112
1.0,0.16161437,342.3314
1.0,0.99771655,76.48372
1.0,0.9942695,294.32925
1.0,0.43144506,520.50305
1.0,0.99683195,111.01875
1.0,0.040350266,4985.135
1.0,0.9999976,724.27594
1.0,0.8317146,1929.7604
1.0,0.1657877,347.74106
1.0,0.23239484,15563.122
1.0,0.49440283,1176.2881
1.0,0.7557195,424.43732
1.0,0.11102724,32919.316
1.0,0.56459475,78.63425
1.0,0.24345697,70.92001
1.0,0.17120697,117.72675
1.0,0.33617094,74.09758
1.0,0.22481923,3147.9897
1.0,0.63335764,159.49072
1.0,1.0,3.3017885e+06
1.0,0.6654806,220.3497
1.0,0.9830883,277.36523
1.0,0.17222106,79.808304
1.0,0.6095333,168.15349
1.0,0.6414996,1688.5262
1.0,0.31784874,78.27958
1.0,0.5551888,2640.7812
1.0,0.9598047,1017.6354
1.0,0.6983657,211.05338
1.0,0.03453633,209.56631
1.0,0.9999999,10119.485
1.0,0.0810165,11349.106
1.0,0.02241182,1256.0492
1.0,0.25248742,209.19481
1.0,0.8105257,1134.1198
1.0,0.3449683,4347.2495
1.0,0.12018887,7376.1914
1.0,0.35813838,499.268
1.0,0.91791695,7678.4736
1.0,0.28249648,387.30322
1.0,1.0,6768.8203
1.0,0.3020579,104.0951
1.0,0.33432102,40496.02
1.0,0.37509438,16211.871
1.0,0.119941294,2483.7915
1.0,0.47636384,102.86318
1.0,0.056006122,138.83705
1.0,0.9990558,433.29016
1.0,0.9999975,597.5084
1.0,0.9988244,79.520256
1.0,0.72579896,2151.5703
1.0,0.46237352,9338.586
1.0,0.058776043,6719.523
1.0,0.03136215,300.08734
1.0,0.25456586,75.7477
1.0,0.0148979295,1696.0059
1.0,0.30321822,1076.71
1.0,0.25545803,1298.2063
1.0,0.4098373,74.03634
1.0,0.6524748,1353.1636
1.0,0.48102713,92.28574
1.0,0.099376686,141.20238
1.0,0.57647437,133.053
1.0,0.034493502,402.87537
1.0,0.320665,244.9925
1.0,0.20613784,155.74693
1.0,0.37190378,190.38097
1.0,0.5850557,223.87846
1.0,0.092981145,1409.3582
1.0,0.14176987,77.25932
1.0,0.34160858,7557.4917
1.0,0.3086382,78.65238
1.0,0.104461245,86.086555
1.0,0.7620422,66.23839
1.0,0.07060081,843.742
1.0,0.22814798,903.8273
1.0,0.17918544,1283.9628
1.0,0.18569224,308.97525
1.0,0.11919302,85.40516
1.0,1.0,1.0072463e+06
1.0,0.10282296,7559.994
1.0,0.13863643,105.778435
1.0,1.0,80.12034
1.0,0.5940224,66.19798
1.0,0.99999905,109.36826
1.0,0.18703352,272.63385
1.0,0.5777562,630.40533
1.0,0.1435266,525.0046
1.0,0.30916348,104.88643
1.0,0.27937302,133.17993
1.0,0.9670661,397.27637
1.0,0.40151387,73.895035
1.0,0.988863,6078.132
1.0,0.15770009,112.891426
1.0,0.9997924,576.27386
1.0,0.021499047,1890.9457
1.0,0.41296503,87.10969
1.0,0.37636986,112.78531
1.0,0.036447626,80.6909
1.0,0.43202978,80.75423
1.0,0.54907256,384.32715
1.0,0.15458563,134.32295
1.0,0.054551337,231.28891
1.0,0.46542326,364.94205
1.0,0.25362742,86.53499
1.0,0.2553176,158.72356
1.0,0.44313225,2733.0042
1.0,0.48250133,81.14902
1.0,0.94061524,545.5532
1.0,0.79723954,69.5372
1.0,0.6069048,166.62796
1.0,0.49440283,1112.6226
1.0,0.052942324,258.36182
1.0,0.2946176,255.1889
1.0,0.23755498,84.53263
1.0,0.22448635,112.967804
1.0,0.51990485,215.35722
1.0,0.156692,80.613464
1.0,0.034738686,3289.7095
1.0,0.9532197,2132.6584
1.0,0.009381903,525.28394
1.0,0.050255418,111.999306
1.0,0.01615307,39257.668
1.0,0.21028031,87.46839
1.0,0.9008293,103.38118
1.0,0.12640767,93.30008
1.0,0.09694926,540.19684
1.0,0.40300077,110.40192
1.0,0.3484154,202.20743
1.0,0.88113964,12406.244
1.0,0.01860745,75.51963
1.0,0.33982155,11479.758
1.0,0.39988083,16008.6875
1.0,1.0,8359.498
1.0,0.13287048,105.667404
1.0,0.28745615,152.14656
1.0,0.9994653,8501.318
1.0,0.39631766,24775.72
1.0,0.12656955,137.1116
1.0,0.16992968,136.39307
1.0,0.18122774,68.793594
1.0,0.2614785,555.60297
1.0,0.44148496,9939.216
1.0,0.06120664,1103.4913
1.0,0.8357733,697956.25
1.0,0.88181806,874.09784
1.0,0.99999964,5498.804
1.0,0.1706621,813.60345
1.0,0.065116554,108.76508
1.0,0.088247895,100.20877
1.0,0.38930365,516.1987
1.0,0.05419751,23850.98
1.0,0.10964329,84.43943
1.0,0.07996514,661.0579
1.0,0.038787052,90.66982
1.0,0.9999999,18809.215
1.0,0.52236044,200.54991
1.0,0.99980444,7.0426155e+06
1.0,0.28190932,95.94523
1.0,0.26899177,276.3897
1.0,0.18057482,160.57396
1.0,0.9269346,69.35294
1.0,0.99999976,1175.689
1.0,0.7420253,52090.18
1.0,0.28398764,408.5347
1.0,0.5421192,142.09103
1.0,0.039924584,8657.39
1.0,0.29041487,470.00446
1.0,0.4798063,102.98286
1.0,0.07301113,4525.433
1.0,0.7251969,98.92091
1.0,0.046849675,23489.611
1.0,0.12686451,2079.0967
1.0,0.00089327537,746.93146
1.0,0.004694547,2399.3735
1.0,0.29450372,11134.383
1.0,0.99991703,22276.99
1.0,0.2151825,72.711845
1.0,0.22363849,216.61896
1.0,0.54400593,527.2859
1.0,0.027712226,2466.035
1.0,0.995871,2969.7583
1.0,0.45280683,1127.2081
1.0,0.61197615,1336.6702
1.0,0.40293443,85.97246
1.0,0.31404808,84.78728
1.0,0.32782066,308.384
1.0,0.17705037,221.82584
1.0,0.09124254,1990.2396
1.0,0.31740594,4238.2056
1.0,0.03517902,1914.706
1.0,0.9573545,2934.4417
1.0,0.9964652,223.18156
1.0,0.20859773,412.9742
1.0,0.008769238,13417.548
1.0,0.9138633,15642.318
1.0,0.3792452,94.45013
1.0,0.63451016,96.94655
1.0,0.025936255,179.4033
1.0,0.024400208,657.12744
1.0,0.23435985,1451.073
1.0,0.06516776,3651.7373
1.0,0.31697538,72.27035
1.0,0.16282412,741.2502
1.0,0.40975034,85.50821
1.0,0.9997391,740.54535
1.0,0.025424916,545.1398
1.0,0.21058397,76.86993
1.0,0.048372243,144.48204
1.0,0.032357804,92.78167
1.0,0.04957252,2602.6484
1.0,0.14559567,82.63968
1.0,0.08298065,1533.5167
1.0,0.050664265,68.00879
1.0,0.085798405,560.56964
1.0,0.1695612,90.01284
1.0,0.00030372912,10362.4375
1.0,0.31790698,85.570595
1.0,0.57455486,205.8211
1.0,0.0740843,79.88291
1.0,0.24331258,3228.7515
1.0,0.2844816,98.093414
1.0,0.2863716,307.2191
1.0,0.5944813,131.21172
1.0,1.0,3.46072e+06
1.0,0.9999889,347.6288
1.0,0.9997367,35472.785
1.0,0.99991095,1588.9645
1.0,0.98560345,4740.063
1.0,0.39405498,7084.386
1.0,0.22926086,941.7779
1.0,0.9915651,98.48324
1.0,0.18837185,76.34243
1.0,0.4541481,4153.8394
1.0,0.5684634,75.91118
1.0,0.037673783,270.94006
1.0,0.19669804,92.19141
1.0,0.990217,137.74202
1.0,0.22588563,70.12685
1.0,0.25507888,78.15195
1.0,0.31606716,602.331
1.0,0.18836267,2515.6653
1.0,0.114686385,87.56378
1.0,0.0054249642,5100.1694
1.0,0.99999976,4124.7075
1.0,0.5727666,68.69566
1.0,0.16834131,302.94083
1.0,1.0,1569.2911
1.0,0.4447562,573.5999
1.0,0.04866983,690.297
1.0,0.42556375,103.15045
1.0,0.20024744,103.004456
1.0,0.7798398,2182.163
1.0,0.076090485,614.6665
1.0,0.121017896,3262.5286
1.0,0.9999542,1380.6431
1.0,0.44207513,20033.854
1.0,0.99995697,8000.0
1.0,0.1571948,12005.612
1.0,0.7866353,352.277
1.0,0.012507844,5976.945
1.0,0.3799941,105.93674
1.0,0.22544123,171.51065
1.0,1.0,61785.137
1.0,0.99999917,12669.789
1.0,0.9398139,86.3056
1.0,0.44267958,163.28217
1.0,0.002032683,1694.3428
1.0,0.14797466,685.2068
1.0,0.27140984,118.28427
1.0,0.27387178,87.505615
1.0,0.85425514,4046.655
1.0,0.015325735,195.49013
1.0,0.3216824,135.58821
1.0,0.37851122,87.86614
1.0,1.0,6837.0522
1.0,0.24175008,422.1148
1.0,0.24175014,422.1148
1.0,0.063496366,122.67467
1.0,0.8079728,87.025444
1.0,0.4966738,8881.694
1.0,0.997724,2755.5193
1.0,0.36673972,70.7083
1.0,0.68376786,101.58693
1.0,0.17275372,275.8702
1.0,0.43350098,127.92068
1.0,0.3106996,36033.934
1.0,0.5015166,495.65985
1.0,0.5854921,1713.8622
1.0,0.17216413,101.409294
1.0,0.26800323,117.41049
1.0,0.04745631,1558.3898
1.0,0.36458138,1019.582
1.0,0.4583442,169.2898
1.0,0.999801,3029.2505
1.0,0.9999894,167.54228
1.0,0.16305123,73.76787
1.0,0.2077645,3153.8035
1.0,0.4645545,134.91106
1.0,0.9999821,2835.3843
1.0,0.15415868,102.403305
1.0,0.3908176,175.4175
1.0,0.51366436,162.4808
1.0,0.99998844,1301.6488
1.0,0.57550734,934.8809
1.0,0.028873306,7229.638
1.0,0.16456501,181.85513
1.0,0.34170595,2078.9597
1.0,0.02302254,516.022
1.0,0.026827376,232.43654
1.0,0.19611044,77.465195
1.0,0.19611043,77.465195
1.0,0.059699997,85.3644
1.0,0.9324519,352.83792
1.0,0.09837382,115.82543
1.0,0.3725757,176.41782
1.0,0.072337195,624.00653
1.0,0.4293436,4201.2383
1.0,0.32114333,158.8197
1.0,0.618581,5293.3955
1.0,0.2761739,82.76544
1.0,0.079625756,366.39343
1.0,0.52435625,644.2018
1.0,0.04467504,1140.5458
1.0,0.49440283,656.8814
1.0,0.26739484,78.68145
1.0,0.13868114,83.41658
1.0,0.06307513,15188.662
1.0,0.25128317,130.97617
1.0,0.95465,86.38173
1.0,0.47976726,1166.6864
1.0,0.51100004,83.24821
1.0,0.7150487,89.79716
1.0,0.4486136,1547.593
1.0,0.49440283,727.28534
1.0,0.1276469,173.7651
1.0,0.043669004,91.84436
1.0,0.23155689,1745.6166
1.0,1.0,592.2132
1.0,0.052990444,1151.982
1.0,0.14332111,83.508286
1.0,0.9955954,1848.7883
1.0,0.7321926,3376.761
1.0,0.40645158,94.94469
1.0,0.32813936,120.3252
1.0,0.4917801,3216.857
1.0,1.0,8943.8545
1.0,0.43444824,2545.0698
1.0,0.4279798,355.70563
1.0,0.25336888,484.59964
1.0,0.38466197,149.9905
1.0,0.3743651,135.38678
1.0,0.27174154,158.82196
1.0,0.047969718,1087.3732
1.0,0.99993765,44762.34
1.0,0.99999976,71669.016
1.0,0.2602783,1561.4161
1.0,0.21308258,3017.6052
1.0,0.27780834,465.70905
1.0,0.3316699,455.91644
1.0,0.35758206,2935.879
1.0,0.16459958,111.46743
1.0,0.30479473,159.19925
1.0,0.14839879,81.3666
1.0,0.40681332,6395.013
1.0,0.001321695,289.14478
1.0,0.66812485,632.9858
1.0,0.31183457,120.92343
1.0,0.2794545,10767.408
1.0,0.26506123,1585.244
1.0,0.14744885,150.63704
1.0,0.5162469,180.50621
1.0,0.2979609,1307.0967
1.0,1.0,2799.9067
1.0,0.5990015,6674.658
1.0,0.0073993043,1316.895
1.0,0.27068916,83.66054
1.0,0.34192848,119.79804
1.0,0.91345024,966.7101
1.0,0.08679034,91.09749
1.0,1.0,5180.133
1.0,0.99999976,10063.078
1.0,0.39002118,456.95807
1.0,0.13943921,15555.503
1.0,0.17186187,319.8169
1.0,0.18058239,76.89099
1.0,0.40135124,1875.8336
1.0,0.5612765,3766.099
1.0,0.7386672,6007.1455
1.0,0.5924187,427.67984
1.0,0.020501774,1578.3726
1.0,0.5678223,67.14744
1.0,1.0,307.3198
1.0,0.053986967,957.9615
1.0,0.8807544,2069.8413
1.0,0.49440283,1473.6006
1.0,0.02614141,158.32732
1.0,0.9997826,4.4356655e+06
1.0,0.57036823,133.61485
1.0,0.3198661,436.4546
1.0,0.5067046,71.507645
1.0,0.096026935,67.90325
1.0,0.17330877,15813.5
1.0,0.5236803,74.99057
1.0,0.019565169,396.51135
1.0,0.20184189,82.90232
1.0,0.65893984,2578.9575
1.0,0.92737585,296.38004
1.0,0.08834986,19974.463
1.0,0.9999993,94.61615
1.0,0.99194384,860.7115
1.0,0.6266453,482.42676
1.0,0.030240398,1503.1239
1.0,0.57977134,290.27686
1.0,0.6507124,135.8495
1.0,0.19161528,91.49978
1.0,0.21380462,340.04816
1.0,0.99993026,7395.118
1.0,0.17468481,5755.6284
1.0,0.6619983,1922.6522
1.0,0.37181297,75.06646
1.0,0.23362769,40176.09
1.0,0.034661658,76.841446
1.0,0.99885595,21602.957
1.0,0.10645373,77.81523
1.0,0.49440283,401.0273
1.0,0.5491943,5280.909
1.0,0.4227632,1617.9863
1.0,0.99893945,21281.395
1.0,0.17667629,1105.9281
1.0,0.90331143,9609.047
1.0,0.21275681,79.43014
1.0,0.026523078,102.99315
1.0,0.19851893,81.020485
1.0,0.070604965,6230.433
1.0,0.9991392,218.12003
1.0,0.66225064,108.40224
1.0,0.9999999,6728.094
1.0,0.5762819,89.57495
1.0,0.2753862,141786.28
1.0,0.019285847,10981.721
1.0,0.061755076,5667.7954
1.0,0.5075973,214.94147
1.0,0.004556276,268.57654
1.0,0.99568814,1281.3898
1.0,0.80696434,1124.1053
1.0,0.24342492,241.80156
1.0,0.00742067,10162.742
1.0,0.1169285,674.8573
1.0,0.0012794348,15833.619
1.0,0.6272385,76.40897
1.0,0.22356758,66.73534
1.0,0.10579141,71.10948
1.0,0.14389212,6056.561
1.0,0.099470496,93.248436
1.0,0.4804933,342.17657
1.0,0.9999498,1303.891
1.0,0.3817007,394.1233
1.0,0.9999988,1454.1113
1.0,0.999938,28243.045
1.0,0.8163976,1656.1758
1.0,0.5530593,2800.6877
1.0,0.00039100568,2660.7146
1.0,0.10813102,115.81138
1.0,1.0,843.0813
1.0,0.48170978,2730.7095
1.0,0.24920586,154.7214
1.0,0.54281217,271.5734
1.0,0.26727477,5457.567
1.0,0.27319106,74.53794
1.0,0.20035204,186.0301
1.0,0.7505812,88.6217
1.0,0.6990893,83.390274
1.0,0.5238834,1039.4601
1.0,0.21702076,849.82947
1.0,0.62274975,589.7054
1.0,0.25921866,68.30078
1.0,0.007920263,2900.1436
1.0,0.635015,76.009514
1.0,0.29051507,1062.2915
1.0,1.0,5083.7354
1.0,0.21914749,69.83407
1.0,0.5013543,94.70125
1.0,0.9999747,1208.1533
1.0,0.99999976,1143.8446
1.0,0.0008919439,2140.4653
1.0,0.9977399,1788.9415
1.0,0.5205948,1184.5634
1.0,8.986331e-05,71.245834
1.0,0.036519486,83.39307
1.0,0.34883633,139.8719
1.0,0.037664894,1899.179
1.0,0.79760325,92.508675
1.0,0.9828445,412.1697
1.0,0.69760454,1613.909
1.0,0.99783343,360.7447
1.0,0.56159186,134.84242
1.0,0.94644487,99.97327
1.0,0.11602421,753.49097
1.0,1.0,3599.0715
1.0,0.2740421,112.26647
1.0,0.9999994,741.4256
1.0,0.42155865,69.18931
1.0,0.9999999,1081.2177
1.0,0.9982146,114.16194
1.0,0.72238255,10388.183
1.0,0.146756,143.22545
1.0,0.01527419,382.69632
1.0,0.18572892,66.58113
1.0,0.17616634,156.86623
1.0,0.011518406,36091.465
1.0,0.1405224,106.486755
1.0,0.59535205,178.73415
1.0,0.47855282,347.75232
1.0,0.17020448,6020.685
1.0,0.0066994415,339.09424
1.0,0.19360575,4290.56
1.0,0.13467552,894.825
1.0,0.05686435,93.487114
1.0,0.06145029,236.14188
1.0,0.33054528,83.24146
1.0,0.9994024,8616.017
1.0,0.35458276,192.03052
1.0,0.1776128,9075.967
1.0,0.69860655,384.79034
1.0,0.9999683,24435.38
1.0,0.15516493,646.0378
1.0,0.99941385,407.89713
1.0,0.14254901,254.9307
1.0,1.0,1782.1183
1.0,0.99674845,67.5783
1.0,0.44159988,68.48871
1.0,0.3791404,160.11078
1.0,0.24952282,18809.193
1.0,0.36380088,1054.5033
1.0,1.0,3095.0088
1.0,0.52378684,2161.66
1.0,0.55847347,2734.964
1.0,0.023888536,298.60342
1.0,0.24714924,282.99292
1.0,0.1801756,6825.951
1.0,0.038356826,735.0583
1.0,0.9999999,345.26474
1.0,0.020336282,460.425
1.0,0.4080069,94.48503
1.0,0.5364251,113.481285
1.0,0.05519191,44273.41
1.0,0.32783994,77.57625
1.0,0.3397812,134.3214
1.0,0.36300313,418.80988
1.0,0.35378197,687.90955
1.0,1.0,11834.792
1.0,0.577563,9537.97
1.0,0.5866774,115.560196
1.0,0.46699038,84.18368
1.0,0.4856234,2854.6794
1.0,0.027736481,285.02792
1.0,0.039530896,671.2389
1.0,1.0,2309.494
1.0,0.43839717,66.721306
1.0,0.55848837,72.35121
1.0,0.0070285117,1319.8175
1.0,0.6604683,88.60725
1.0,0.53745735,151.4899
1.0,0.3948546,162.32942
1.0,0.999913,6183.0337
1.0,0.105138466,1083.3156
1.0,0.15467933,264.4652
1.0,0.6796199,590.5931
1.0,0.07065074,136.63243
1.0,0.05207179,1115.9252
1.0,0.53536755,69.388855
1.0,0.62648064,316.75266
1.0,0.4321568,4940.508
1.0,0.5573935,915.8768
1.0,0.20975086,2085.8245
1.0,0.30300346,708.26984
1.0,0.1044052,134.48897
1.0,0.13702369,84.03986
1.0,0.17135125,1218.5726
1.0,0.17867638,38212.652
1.0,0.9995147,95325.88
1.0,0.1429063,588.21936
1.0,0.99997604,697.57245
1.0,0.3073974,344.89456
1.0,0.3073974,344.89456
1.0,0.5562398,363.82004
1.0,0.5228479,191.51624
1.0,0.9995278,970.1818
1.0,0.08204624,639.3486
1.0,0.016355708,396.12604
1.0,0.08938898,11088.45
1.0,0.018130904,27939.828
1.0,0.10228669,107.46574
1.0,0.07196772,81.998955
1.0,0.13301173,2488.5615
1.0,1.0,15186.844
1.0,0.05237281,181.15823
1.0,0.257818,682.10406
1.0,0.50593835,109.86907
1.0,0.44301108,82.71566
1.0,1.0,1900.7174
1.0,0.14412078,33683.867
1.0,0.41411245,482.3754
1.0,0.5095056,137.63521
1.0,0.6702017,1910.9174
1.0,0.5160326,96.61297
1.0,0.9999999,4979.4756
1.0,0.99925405,69.49537
1.0,0.3158474,65.48284
1.0,0.6064999,104.23223
1.0,0.03463791,107.7787
1.0,0.0061672935,924.7313
1.0,0.99980134,1.6552022e+08
1.0,0.1434836,80.34595
1.0,0.99999917,11643.663
1.0,0.2577412,69.57573
1.0,0.20053944,195.51718
1.0,0.063617595,290.3414
1.0,0.13357864,533.45703
1.0,0.0454972,691.80273
1.0,0.05462384,990.4818
1.0,0.40542608,823.065
1.0,0.3022695,65.0766
1.0,0.9999862,5013.78
1.0,0.9999659,58036.914
1.0,0.34158707,121.32466
1.0,0.2305953,78.7242
1.0,0.048614178,208.80081
1.0,0.7954389,2609.5889
1.0,0.16184177,681.80756
1.0,0.23292871,225.16835
1.0,0.014914067,315.1202
1.0,1.0,11134.774
1.0,0.9998808,1653.5548
1.0,0.0164362,228.9679
1.0,0.7190965,75.17583
1.0,0.95832723,234.82855
1.0,0.020018272,9486.605
1.0,0.009682851,11011.108
1.0,0.12621678,453.10117
1.0,0.16046226,203.06087
1.0,0.5136521,132.85672
1.0,0.07037931,94.86109
1.0,0.27207872,268.87704
1.0,0.21945423,120.04967
1.0,0.6219078,291.78683
1.0,1.0,1864.8246
1.0,0.3242085,101.46999
1.0,0.981498,362.48053
1.0,0.13877875,2051.6748
1.0,0.017960338,9377.65
1.0,0.9992331,7222.4736
1.0,0.97172505,27731.486
1.0,0.19437607,125.60361
1.0,0.53781265,76.66852
1.0,0.9597957,5306.6167
1.0,0.19676317,510.67282
1.0,0.5300821,75.687164
1.0,0.7486118,1292.147
1.0,0.029625788,115.24723
1.0,0.29026335,658.6675
1.0,0.9758017,593.21344
1.0,0.04432604,169.694
1.0,0.14278077,82.69378
1.0,1.0,2015.8762
1.0,0.5599264,97.96703
1.0,0.041640997,231.93675
1.0,0.41226843,226.31978
1.0,0.99994373,86.64025
1.0,0.5752476,145.20341
1.0,0.028415749,475.5895
1.0,0.6042748,13695.01
1.0,0.004984627,888.42114
1.0,0.093194544,3966.7205
1.0,0.20506738,9532.619
1.0,0.08727813,327.1182
1.0,0.09387233,4949.776
1.0,0.056280646,388.89923
1.0,0.6074795,556.9164
1.0,0.2235693,81.857956
1.0,0.13303412,28429.906
1.0,0.38622025,241.5016
1.0,0.97649115,100.03487
1.0,0.17675659,167.54616
1.0,0.6822961,12604.5625
1.0,0.05517707,653.85675
1.0,0.8321801,130.6228
1.0,0.061114747,326.28598
1.0,0.41379285,496.69003
1.0,0.549965,81.20844
1.0,0.04178584,164.70282
1.0,0.12892613,292.21213
1.0,0.44925553,84.69628
1.0,0.62293386,5758.7983
1.0,0.524477,393.3503
1.0,0.9813843,75.101395
1.0,0.46470997,153.4918
1.0,0.08697142,247.69899
1.0,0.06708065,11722.565
1.0,0.025372041,381.3499
1.0,0.068521254,82.250755
1.0,0.09836245,288.98767
1.0,0.9999995,1123.3811
1.0,0.09278487,1782.3951
1.0,0.1661274,11903.9795
1.0,0.4075747,3707.082
1.0,0.9849385,100.83622
1.0,0.53899765,18349.438
1.0,0.006633338,3105.1604
1.0,0.6176856,75.481415
1.0,0.21449314,255.68222
1.0,0.9999199,414.01068
1.0,1.0,166.42365
1.0,0.44661638,588.86816
1.0,0.044237822,1135.9218
1.0,0.021317532,674.6336
1.0,0.4599548,408.68207
1.0,0.4907359,1639.4451
1.0,0.036185317,3996.298
1.0,0.10703192,1905.2609
1.0,0.5811249,875.8487
1.0,0.9999616,5535.896
1.0,0.19241808,134.34131
1.0,0.0011372713,445.3187
1.0,1.0,4.489459e+06
1.0,0.027093042,100.59234
1.0,0.5138928,86.44981
1.0,0.9054493,1041.1837
1.0,0.052352346,309.43884
1.0,0.30237633,66.35976
1.0,0.43857223,27244.055
1.0,0.09544546,65.86722
1.0,0.9277069,1691.6132
1.0,0.12955466,51422.99
1.0,0.99997663,3184.3953
1.0,0.4452276,1930.2965
1.0,1.0,55613.55
1.0,0.8262681,1712.5284
1.0,0.24431998,68.402885
1.0,0.51022017,170.99039
1.0,0.9945133,116.95574
1.0,0.14669298,126.41581
1.0,0.9999989,41010.45
1.0,0.17179343,95.328896
1.0,0.0020281437,1358.3564
1.0,0.99993086,3745.088
1.0,0.9999999,4818.627
1.0,0.02523385,553.9781
1.0,0.32828715,68.91671
1.0,0.032918293,259.94058
1.0,0.14831053,47999.133
1.0,0.14035985,89.317406
1.0,0.4713605,1618.8694
1.0,0.30808586,80.95415
1.0,0.06385963,145.06383
1.0,0.87585974,188.92252
1.0,1.0,52613.246
1.0,0.18717737,3782.3848
1.0,0.8510746,836.0636
1.0,0.015708175,13240.325
1.0,0.54940337,77.24592
1.0,0.6102817,2776.5884
1.0,0.38595015,1257.2323
1.0,0.4353237,1911.8092
1.0,0.53384537,8403.112
1.0,0.5989866,68.21137
1.0,0.0048648613,2725.4675
1.0,0.13425645,580.794
1.0,0.305513,249.75879
1.0,0.49440283,1.3305292e+10
1.0,0.4490353,112225.18
1.0,0.49956015,143.77469
1.0,0.0972397,75.024956
1.0,0.75338817,116.93102
1.0,0.44174492,44496.703
1.0,0.29946133,69.82426
1.0,0.8714131,137.05223
1.0,0.5435942,180.5069
1.0,0.63490266,149.1293
1.0,0.75321144,5694.58
1.0,0.5009898,472.03482
1.0,0.9933513,3584.0002
1.0,0.36775,153.40648
1.0,0.24752171,5502.017
1.0,0.44449258,5182.144
1.0,0.2507009,10874.717
1.0,0.17431621,213.98933
1.0,0.0016442029,11658.7705
1.0,0.21187,6058.513
1.0,0.3828807,96.101234
1.0,0.031434588,18231.996
1.0,0.5016543,1247.1061
1.0,0.9999919,171.24937
1.0,0.41910434,67.80277
1.0,0.99998796,18271.314
1.0,0.37674513,23940.447
1.0,0.49440283,2444.4917
1.0,0.5445156,88.07098
1.0,0.49440283,2132.2288
1.0,0.15205017,8609.426
1.0,0.14386022,95.67112
1.0,0.019162888,140.51701
1.0,0.6066787,144.7194
1.0,0.12489172,1534.0708
1.0,0.48083693,172.30423
1.0,0.16417508,3884.0571
1.0,0.5348503,216.53276
1.0,0.9999846,2344.995
1.0,0.06587675,1874.1589
1.0,0.9323974,3975.576
1.0,0.35263667,518.7421
1.0,0.9999974,262.078
1.0,0.58196044,453.39627
1.0,0.15983668,6858.7476
1.0,0.99999964,12555.143
1.0,0.99500185,134.68527
1.0,0.057844594,1448.5881
1.0,0.11304746,75.93556
1.0,0.057990648,326.8798
1.0,0.57444936,169.60095
1.0,0.7119447,4542.71
1.0,0.15989093,169.75829
1.0,0.18494405,11028.567
1.0,0.10313876,7581.5146
1.0,0.025746016,3181.1365
1.0,0.965002,14722.551
1.0,0.9833431,3197.3352
1.0,0.08881396,278.40335
1.0,0.04458627,237.88712
1.0,0.5557274,203.44604
1.0,0.116348505,249.96838
1.0,0.15318775,1619.5326
1.0,0.4405729,1103.9918
1.0,0.13580675,5400.1807
1.0,0.49440283,1.2914236e+09
1.0,0.61876225,18815.059
1.0,0.033901062,2818.445
1.0,0.9998292,146.78018
1.0,1.0,2495.1074
1.0,0.540366,611.4141
1.0,0.54036593,611.4141
1.0,0.1341814,67.9698
1.0,1.0,126879.555
1.0,0.27991876,65.7646
1.0,0.45842433,1181.0978
1.0,0.021221897,187.85686
1.0,0.5032217,448.63525
1.0,0.035699714,22925.342
1.0,0.4462882,985.26196
1.0,0.15413916,9419.707
1.0,1.0,8280.895
1.0,0.039588064,3818.9922
1.0,0.34542623,67.54518
1.0,0.4309063,144.43471
1.0,1.0,974.7902
1.0,1.0,7654.408
1.0,0.98833466,637.7028
1.0,0.47936693,448.3041
1.0,0.005174003,2999.2036
1.0,0.20597412,568.16833
1.0,0.24557643,1180.7627
1.0,0.23400961,104.90929
1.0,0.13780591,20991.242
1.0,0.57975304,84.88492
1.0,0.6099773,9537.896
1.0,0.1402245,155.35199
1.0,0.43476707,4040.12
1.0,1.0,1126.4417
1.0,0.06231741,255.9624
1.0,0.14565867,107.67361
1.0,0.21996105,246.55179
1.0,0.2974752,168.9603
1.0,0.4800982,82.884415
1.0,0.16480802,73.89132
1.0,0.99424064,998.4158
1.0,0.055796884,217.43353
1.0,0.49876162,266.92426
1.0,0.99999976,988.88556
1.0,0.086812645,70.119804
1.0,0.5433983,4013.0725
1.0,0.19941624,1280.4391
1.0,0.9999933,321.2348
1.0,0.6626558,143.71754
1.0,0.093178965,640.8927
1.0,0.51320404,67.58746
1.0,0.41791922,346.14743
1.0,0.41791922,346.14743
1.0,0.15544151,128.11191
1.0,0.47091302,202.33768
1.0,0.9981218,894.7302
1.0,0.0024323217,14162.152
1.0,0.45701942,25662.271
1.0,0.02234271,165.24104
1.0,0.65746665,1816.4451
1.0,0.3037805,5757.7363
1.0,1.0,3099.4465
1.0,0.49440283,252.69878
1.0,0.8207498,76751.77
1.0,0.015695501,6965.683
1.0,0.43637693,66.51205
1.0,0.9984157,13574.499
1.0,0.026807442,296.6097
1.0,0.43805015,350.7941
1.0,0.31338617,2176.896
1.0,0.13944082,70.37307
1.0,0.99999976,128.16797
1.0,0.101353005,90.826706
1.0,0.99910116,5509.3467
1.0,0.095764644,66.01423
1.0,0.014491936,30067.838
1.0,0.9999976,8212.88
1.0,0.5120737,2173.0442
1.0,0.21757847,106.49587
1.0,0.18603224,1559.0641
1.0,0.21835466,830.22473
1.0,0.5013653,149.7357
1.0,0.19570503,82.22304
1.0,1.0,123.32892
1.0,0.37101987,6240.6
1.0,0.9999976,103.61146
1.0,0.117204145,5370.168
1.0,0.22623563,120.75301
1.0,0.08862412,21948.047
1.0,0.024526859,300.4396
1.0,0.99977666,37627.406
1.0,0.124737024,73.28434
1.0,0.9194681,172.53339
1.0,0.27641174,104.67469
1.0,0.1024453,608.61115
1.0,0.7749674,1701.6426
1.0,0.16579631,164.1703
1.0,0.04201866,111.51125
1.0,0.21931227,1014.52954
1.0,0.9999684,470.21762
1.0,0.26729035,677.17163
1.0,0.37870896,3390.49
1.0,0.00084665435,95656.25
1.0,0.0531396,2158.31
1.0,0.99658716,9099.935
1.0,0.3831346,2113.6296
1.0,0.5496994,88.77671
1.0,0.0029282907,3734.6477
1.0,0.051725663,654.89856
1.0,0.46695888,1024.8379
1.0,1.0,3710.694
1.0,0.55244786,985.81604
1.0,0.25007066,2486.901
1.0,0.48834205,756.2568
0.0,0.9061221,65.38474
0.0,0.49748063,88.01022
0.0,0.49440283,69.66887
0.0,0.95382094,393.47342
0.0,0.30260324,9.505102e+08
0.0,0.9734727,90.47964
0.0,0.9117497,50197.457
0.0,0.48573485,79.04798
0.0,0.6672432,3.0005212e+07
0.0,0.637787,99.49878
0.0,0.07098433,27635.377
0.0,0.73433834,3.8726557e+08
0.0,0.8876736,2815.3013
0.0,0.7103826,190.06047
0.0,0.55463684,6.1828976e+07
0.0,0.6584294,1271.1193
0.0,0.63355213,69.815285
0.0,0.654367,151.00888
0.0,0.8483261,2243.806
0.0,0.7682933,163.8369
0.0,0.48365834,195.11252
0.0,0.113471374,76.44128
0.0,0.3807148,1.1975373e+08
0.0,0.7287724,107.49884
0.0,0.790662,148.02937
0.0,0.8103104,1.1571986e+09
0.0,0.64151347,3.7691415e+06
0.0,0.9170113,74.49819
0.0,0.49440283,278.8402
0.0,0.38539785,1522.6641
0.0,0.82865465,289.17685
0.0,0.685249,8.490926e+06
0.0,0.8376979,116.960236
0.0,0.40330768,4.7628084e+07
0.0,0.49326462,21041.34
0.0,0.49440283,77.78914
0.0,0.8093573,70.90876
0.0,0.59365875,21182.736
0.0,0.5936588,21182.736
0.0,0.79660565,86.45493
0.0,0.49440283,12366.072
0.0,0.597319,818.98413
0.0,0.82382077,1.0804e+06
0.0,0.8238209,1.0804e+06
0.0,0.19896136,1.5361944e+08
0.0,0.6510718,182.28413
0.0,0.3122824,83.63117
0.0,0.5817583,72.355
0.0,0.16324995,4757.169
0.0,0.61666125,150.32832
0.0,0.8715111,95.07477
0.0,0.78929454,96.37549
0.0,0.6978208,74.64707
0.0,0.030647608,130.09203
0.0,0.64726776,74.773476
0.0,0.67298025,135.11852
0.0,0.99814844,1604.1202
0.0,0.55594665,143.21758
0.0,0.93311805,981.84894
0.0,0.6440194,140.29341
0.0,0.6652216,115.97667
0.0,0.47386995,1.3567078e+10
0.0,0.9138559,130.30188
0.0,0.51905066,239.04753
0.0,0.78772366,210.52132
0.0,0.49440283,108.51244
0.0,0.49440283,4.5892854e+08
0.0,0.8062183,99.589935
0.0,0.8002201,75.310036
0.0,0.8198542,1197.9382
0.0,0.97625524,67.77439
0.0,0.55567366,67.58292
0.0,0.7372622,176.98842
0.0,0.8597323,65.332535
0.0,0.50420815,514.54987
0.0,0.66962343,91.87765
0.0,0.48953962,28267.615
0.0,0.95214856,246.9323
0.0,0.7707801,74.962685
0.0,0.8501298,107.05267
0.0,0.79393286,8.2928085e+06
0.0,0.9968252,61612.055
0.0,0.9998159,102.72064
0.0,0.9998159,102.72064
0.0,0.48715165,65.052895
0.0,0.47850752,79.63924
0.0,0.71591294,1083.3232
0.0,0.5497699,99.82854
0.0,0.7459638,132.53859
0.0,0.5801959,73.00928
0.0,0.78659576,24843.22
0.0,0.99551815,71.561584
0.0,0.7071094,126.74965
0.0,0.5501735,105.05643
0.0,0.4907815,2.6240378e+12
0.0,0.49249586,3.7256356e+10
0.0,0.43654224,1773.4186
0.0,0.034963787,68966.21
0.0,0.63035417,131.91425
0.0,0.5320157,67.36372
0.0,0.22094055,71.95487
0.0,0.5797492,93.25215
0.0,0.11354261,112.23239
0.0,0.42777854,73.762985
0.0,0.570754,70.02686
0.0,0.204113,172.37585
0.0,0.7720579,704.6545
0.0,0.5534761,454.11493
0.0,0.3668369,89.336525
0.0,0.22309346,131.89491
0.0,0.53699297,66.793175
0.0,0.03631433,81.7807
0.0,0.26923773,137.58006
0.0,0.21450299,128.29715
0.0,0.52112126,69.47359
0.0,0.6021149,82.21464
0.0,0.022004187,442.85175
0.0,0.33705798,113.63745
0.0,0.30464673,66.15368
0.0,0.55065846,98.46283
0.0,0.50943774,68.38385
0.0,0.14155221,113.09438
0.0,0.1538328,73.16684
0.0,0.48242196,108.952675
0.0,0.30612478,226.96204
0.0,0.7579981,79.84626
0.0,0.09289653,961.8753
0.0,0.4438492,99.70511
0.0,0.11368201,76.76174
0.0,0.41395935,625.42706
0.0,0.40665865,80.70679
0.0,0.30702597,82.6039
0.0,0.57664025,97.85158
0.0,0.1134343,82.72824
0.0,0.10996061,190.58739
0.0,0.059914522,84.54428
0.0,0.80827737,410.0892
0.0,0.21494842,386.7852
0.0,0.2728941,80.5705
0.0,0.049519457,85.98876
0.0,0.06982327,110.02352
0.0,0.22321312,85.5958
0.0,0.45536622,73.81635
0.0,0.19807564,84.4909
0.0,0.5006631,290.20358
0.0,0.08885115,105.53482
0.0,0.5742132,79.573685
0.0,0.5219372,1257.0232
0.0,0.11767044,83.90173
0.0,0.49140698,141.5006
0.0,0.61610585,67.44702
0.0,0.48835024,77.41862
0.0,0.43559626,164.75336
0.0,0.14980645,180.95586
0.0,0.5955241,232.99509
0.0,0.12409979,195.80666
0.0,0.5886501,148.52527
0.0,0.174148,67.18173
0.0,0.1999234,87.13468
0.0,0.046739265,76.62261
0.0,0.07422726,87.77863
0.0,0.5625114,70.20146
0.0,0.5099972,103.28202
0.0,0.43859628,115.04779
0.0,0.41735813,190.10847
0.0,0.07324565,136.23831
0.0,0.5634536,186.02469
0.0,0.35140815,96.26194
0.0,0.30973482,79.0507
0.0,0.26477936,66.31946
0.0,0.017102895,334.9409
0.0,0.22397664,128.47229
0.0,0.43353897,102.919044
0.0,0.3601766,152.22034
0.0,0.36744696,98.877754
0.0,0.53992194,83.08544
0.0,0.10219184,162.67583
0.0,0.4475671,65.715706
0.0,0.22454405,132.67662
0.0,0.26971614,76.133545
0.0,0.5508866,70.71133
0.0,0.4729863,75.561806
0.0,0.5828287,599.5104
0.0,0.07316834,106.29011
0.0,0.17623316,106.28795
0.0,0.18022695,119.01092
0.0,0.4812525,227784.88
0.0,0.48125258,227784.88
0.0,0.37546077,74.694824
0.0,0.09271788,113.57035
0.0,0.59917676,76.38029
0.0,0.2018709,68.00285
0.0,0.23641998,80.54857
0.0,0.3332039,199.55962
0.0,0.11852321,114.75574
0.0,0.32328618,73.03906
0.0,0.068677925,70.44508
0.0,0.047963012,130.66182
0.0,0.18768364,258.1605
0.0,0.3821239,81.570854
0.0,0.07056882,71.69855
0.0,0.3957851,72.202614
0.0,0.5675729,251.11093
0.0,0.091852054,237.78592
0.0,0.54329616,247.60191
0.0,0.20653574,205.37268
0.0,0.602695,69.798615
0.0,0.52348393,229.93985
0.0,0.18404153,74.43136
0.0,0.8785975,76.781654
0.0,0.4073854,97.72282
0.0,0.1170745,113.567604
0.0,0.5736922,93.686455
0.0,0.24296555,67.332115
0.0,0.08339821,65.33365
0.0,0.6327412,88.75198
0.0,0.51326054,77.74606
0.0,0.3182893,73.962975
0.0,0.31347468,79.716965
0.0,0.26201308,94.25496
0.0,0.095457554,80.2228
0.0,0.7615301,77.63108
0.0,0.45738083,177.00562
0.0,0.18738575,237.21654
0.0,0.5428591,72.14041
0.0,0.55142194,150.65457
0.0,0.32189247,91.87593
0.0,0.13442796,108.37956
0.0,0.15113467,112.284836
0.0,0.40917927,82.54333
0.0,0.5726694,76.694496
0.0,0.22414747,82.540794
0.0,0.5995947,65.71062
0.0,0.6285788,67.59682
0.0,0.10346091,115.25077
0.0,0.76286757,136.87448
0.0,0.18456866,592.1966
0.0,0.32070938,74.39998
0.0,0.3424252,169.10617
0.0,0.5914633,114.4092
0.0,0.49312392,67.999344
0.0,0.8876199,4837.2593
0.0,0.609534,70.328
0.0,0.27897006,748.95123
0.0,0.11145508,83.682495
0.0,0.51976854,148.25815
0.0,0.2881941,66.03137
0.0,0.085301094,67.0971
0.0,0.8392558,123.133675
0.0,0.8392558,123.133675
0.0,0.24019803,70.97513
0.0,0.22553445,297.71707
0.0,0.47185138,107.51224
0.0,0.16004077,72.902016
0.0,0.41523764,67.26956
0.0,0.22739387,68.36938
0.0,0.29218695,67.96512
0.0,0.07402193,300.84216
0.0,0.13307714,82.790436
0.0,0.166748,101.364655
0.0,0.63804346,80.517044
0.0,0.7236993,67.22054
0.0,0.6753493,73.21134
0.0,0.07233313,81.00834
0.0,0.16106571,87.6434
0.0,0.4921722,88.97844
0.0,0.51094127,74.82121
0.0,0.39607397,237.48366
0.0,0.12566367,124.82054
0.0,0.01742464,328.2881
0.0,0.6566966,89.947784
0.0,0.4258494,67.16432
0.0,0.49440283,106.46834
0.0,0.040750045,116.71169
0.0,0.16586128,469.4338
0.0,0.44670728,98.86983
0.0,0.6911806,67.972824
0.0,0.18382016,113.39665
0.0,0.27787364,149.58018
0.0,0.099657096,96.56843
0.0,0.099541806,76.04783
0.0,0.33514836,154.8492
0.0,0.47306696,85.84733
0.0,0.07733306,163.06207
0.0,0.5045393,77.44982
0.0,0.44883227,88.512924
0.0,0.068441056,130.67007
0.0,0.39949614,377.40094
0.0,0.44033125,95.80367
0.0,0.4186516,311.95963
0.0,0.76320255,108.68904
0.0,0.44751152,86.60494
0.0,0.16559058,135.29205
0.0,0.17766066,85.644875
0.0,0.51565146,65.70856
0.0,0.4609327,212.77434
0.0,0.11895039,86.49068
0.0,0.0645774,377.07703
0.0,0.12045412,298.11664
0.0,0.7789447,65.545105
0.0,0.5910388,150.46248
0.0,0.31485423,110.06769
0.0,0.481295,70.95426
0.0,0.036492392,127.273224
0.0,0.24552514,180.53693
0.0,0.2925807,98.06294
0.0,0.16866614,189.92635
0.0,0.23174702,69.45149
0.0,0.5238124,73.56364
0.0,0.19720516,78.23969
0.0,0.19720516,78.23969
0.0,0.65199465,213.87001
0.0,0.05441032,434.65744
0.0,0.6677227,65.47149
0.0,0.70482373,76.09331
0.0,0.35228515,82.16555
0.0,0.3032192,96.450966
0.0,0.51417065,73.20218
0.0,0.16944009,69.71268
0.0,0.29279426,65.4172
0.0,0.14072359,68.64318
0.0,0.12633327,304.61316
0.0,0.17003982,65.07266
0.0,0.17625013,89.55838
0.0,0.4469282,76.85419
0.0,0.39755902,65.76312
0.0,0.3065602,209.62971
0.0,0.27551654,414.49667
0.0,0.31150874,74.578705
0.0,0.15276875,83.98579
0.0,0.32428542,77.94626
0.0,0.4833702,94.582184
0.0,0.310987,270.89514
0.0,0.23710948,78.67743
0.0,0.35662484,116.79745
0.0,0.2960203,94.73398
0.0,0.13714963,68.40578
0.0,0.2965652,175.74426
0.0,0.33369893,180.98209
0.0,0.4809909,130.69849
0.0,0.2851253,80.335205
0.0,0.37357777,134.18431
0.0,0.10231943,81.95193
0.0,0.44789693,76.808784
0.0,0.5603725,139.15678
0.0,0.29322895,74.83606
0.0,0.39638987,86.802475
0.0,0.20260686,66.785835
0.0,0.113146305,100.954315
0.0,0.029220425,66.30573
0.0,0.10838564,88.41075
0.0,0.49440283,301.77344
0.0,0.29081765,296.12112
0.0,0.27009606,76.17788
0.0,0.34410086,103.387085
0.0,0.2872237,110.78186
0.0,0.27781114,90.04084
0.0,0.31896186,66.94379
0.0,0.46573597,291.59644
0.0,0.053759985,75.80849
0.0,0.43816337,220.09485
0.0,0.0473642,170.13661
0.0,0.53024006,114.35124
0.0,0.712635,225.95193
0.0,0.054888204,228.60266
0.0,0.25457746,113.7154
0.0,0.21108994,68.84297
0.0,0.5179994,97.17281
0.0,0.2852932,93.75587
0.0,0.7037201,623.55554
0.0,0.93324035,83.49321
0.0,0.08895501,71.679596
0.0,0.42047858,143.62527
0.0,0.07946974,362.23465
0.0,0.17359503,74.72452
0.0,0.10152794,181.67542
0.0,0.09778413,91.147156
0.0,0.6195218,86.258705
0.0,0.63522553,83.241806
0.0,0.17949258,430.99634
0.0,0.08006528,102.781105
0.0,0.6246925,200.42532
0.0,0.24539548,68.04976
0.0,0.10416457,70.13582
0.0,0.21873021,253.11447
0.0,0.35374606,172.0561
0.0,0.21944784,70.94552
0.0,0.08008488,101.18197
0.0,0.49440283,1227.1057
0.0,0.4059346,162.59868
0.0,0.6031671,77.19967
0.0,0.5215466,120.9087
0.0,0.0150576355,583.605
0.0,0.23823105,77.12253
0.0,0.03011415,215.07863
0.0,0.3004606,68.359634
0.0,0.33651352,170.5505
0.0,0.6142432,80.27421
0.0,0.23212048,187.97302
0.0,0.50319135,130.79904
0.0,0.36838284,109.412346
0.0,0.38471615,94.4254
0.0,0.104592666,108.948845
0.0,0.32224706,235.60631
0.0,0.11573541,95.42754
0.0,0.30064547,88.13259
0.0,0.25526056,192.81636
0.0,0.06959489,364.49716
0.0,0.08752741,160.05199
0.0,0.20710227,81.04709
0.0,0.0045170337,213.73515
0.0,0.3473216,71.194756
0.0,0.728787,82.64023
0.0,0.63064796,72.06841
0.0,0.27559862,85.69068
0.0,0.1775103,218.91753
0.0,0.41126958,76.75966
0.0,0.48386952,158.50604
0.0,0.9026284,86.421646
0.0,0.23318061,71.61824
0.0,0.28634316,68.53865
0.0,0.4382282,74.127785
0.0,0.2863827,95.33473
0.0,0.45113003,153.87518
0.0,0.31236863,105.598976
0.0,0.11890938,220.42606
0.0,0.94433296,141.13348
0.0,0.2277445,199.01959
0.0,0.56991524,80.610054
0.0,0.19233306,92.850914
0.0,0.18717982,69.02655
0.0,0.21824074,187.87357
0.0,0.53684014,117.31991
0.0,0.27878436,260.7488
0.0,0.1547487,201.64418
0.0,0.557584,285.261
0.0,0.06119176,84.42288
0.0,0.3876412,448.23914
0.0,0.065876104,190.13907
0.0,0.612799,65.70791
0.0,0.54178023,111.2167
0.0,0.6238138,93.48932
0.0,0.6831544,90.543434
0.0,0.28367928,234.99904
0.0,0.3037177,331.0582
0.0,0.12039726,263.59232
0.0,0.10458683,66.998314
0.0,0.3832362,93.04193
0.0,0.14984381,162.57646
0.0,0.33393922,87.016365
0.0,0.4953402,195.28151
0.0,0.23179656,678.9058
0.0,0.7523305,103.93345
0.0,0.25836042,87.278206
0.0,0.65924084,91.00139
0.0,0.012875808,70.36869
0.0,0.6321161,355.51138
0.0,0.41779423,92.30006
0.0,0.09444286,436.0051
0.0,0.5993805,84.4809
0.0,0.41404876,579.57794
0.0,0.3269906,115.712555
0.0,0.65153384,70.021484
0.0,0.162405,84.48818
0.0,0.48990282,95.372
0.0,0.5755067,66.06143
0.0,0.8611473,66.929085
0.0,0.9068641,171.80429
0.0,0.45097706,87.27193
0.0,0.4758225,92.49743
0.0,0.55680394,108.39361
0.0,0.19662875,77.272385
0.0,0.16258854,83.55199
0.0,0.59192127,84.19125
0.0,0.50797194,86.88271
0.0,0.6066351,91.6338
0.0,0.77986336,96.751656
0.0,0.33735815,77.66369
0.0,0.56030405,95.88033
0.0,0.3529914,71.3962
0.0,0.07452157,77.20264
0.0,0.082124166,71.491196
0.0,0.4248298,97.531906
0.0,0.029977147,392.0766
0.0,0.5339309,95.049194
0.0,0.4542456,606.9042
0.0,0.5550135,140.61302
0.0,0.14795202,83.059875
0.0,0.086024955,88.37916
0.0,0.21196151,177.48756
0.0,0.3117881,222.302
0.0,0.26816893,337.48578
0.0,0.48298022,76.142365
0.0,0.6319268,69.5669
0.0,0.5127555,192.02927
0.0,0.05404515,367.50964
0.0,0.67046654,285.6219
0.0,0.4717651,66.814644
0.0,0.060302712,277.82425
0.0,0.5765915,70.03659
0.0,0.53261894,73.86528
0.0,0.49305692,104.97082
0.0,0.08584219,151.93065
0.0,0.09034163,107.90137
0.0,0.44412217,114.245575
0.0,0.099627785,65.85608
0.0,0.03458171,198.85916
0.0,0.46141842,95.29345
0.0,0.27298772,105.51298
0.0,0.49352184,136.736
0.0,0.34463054,217.7905
0.0,0.17752065,636.0358
0.0,0.10585886,94.235344
0.0,0.061117053,103.467995
0.0,0.1785864,110.330666
0.0,0.34164646,65.37042
0.0,0.12879796,83.069725
0.0,0.5078255,68.23856
0.0,0.3209892,72.38184
0.0,0.21374284,72.587036
0.0,0.22158563,71.04073
0.0,0.5333011,124.054405
0.0,0.4062524,96.34444
0.0,0.2554858,326.34726
0.0,0.27487677,73.01853
0.0,0.5344384,76.93626
0.0,0.4046655,74.02685
0.0,0.19271374,66.121056
0.0,0.52477354,130.5461
0.0,0.2603546,311.56464
0.0,0.16173302,137.9814
0.0,0.17541862,65.71433
0.0,0.46145198,240.96036
0.0,0.2136797,326.85574
0.0,0.07386815,99.67342
0.0,0.5315774,106.49699
0.0,0.16508055,103.60634
0.0,0.042023633,809.9078
0.0,0.07045142,91.65654
0.0,0.28543437,84.420235
0.0,0.50534534,69.944046
0.0,0.39772713,116.788216
0.0,0.3263762,181.3012
0.0,0.20697893,296.04294
0.0,0.26781937,78.520515
0.0,0.2955264,88.73249
0.0,0.46615633,72.02775
0.0,0.02912175,66.50872
0.0,0.25873166,105.889465
0.0,0.3864786,358.87314
0.0,0.031369958,276.46603
0.0,0.52181375,94.53158
0.0,0.31383902,75.47667
0.0,0.33565867,75.018364
0.0,0.03926483,394.6858
0.0,0.55275613,66.44788
0.0,0.07838259,95.79157
0.0,0.5820942,79.32681
0.0,0.24196553,66.284294
0.0,0.5980637,77.01386
0.0,0.5827169,79.21178
0.0,0.16069052,117.59337
0.0,0.1616025,284.68982
0.0,0.46145394,134.6059
0.0,0.50043267,77.18831
0.0,0.13294312,132.45094
0.0,0.43900126,117.55619
0.0,0.20284566,71.3336
0.0,0.14249513,99.062675
0.0,0.24044113,121.39395
0.0,0.54356974,99.96243
0.0,0.31397402,76.45278
0.0,0.6332111,460.96725
0.0,0.6476435,80.536804
0.0,0.24298793,103.28208
0.0,0.05228968,91.55714
0.0,0.13406685,98.63471
0.0,0.5673132,68.92538
0.0,0.5385734,253.6989
0.0,0.15620577,72.09793
0.0,0.4813102,247.53084
0.0,0.24376401,138.45793
0.0,0.4740417,74.63256
0.0,0.36382934,77.25262
0.0,0.23484671,83.70229
0.0,0.6503914,108.04594
0.0,0.30033526,75.64648
0.0,0.061592452,222.46829
0.0,0.034908514,75.07252
0.0,0.38396868,181.95529
0.0,0.13720855,86.87661
0.0,0.0657063,203.45744
0.0,0.2420158,96.66263
0.0,0.16570185,341.8711
0.0,0.17526989,455.0003
0.0,0.5148934,131.77159
0.0,0.11655517,107.599976
0.0,0.14053835,225.98257
0.0,0.30057433,221.65054
0.0,0.28755197,117.249596
0.0,0.086809814,130.04839
0.0,0.58367586,68.28972
0.0,0.33325383,80.78487
0.0,0.5106923,72.166916
0.0,0.122731104,95.10841
0.0,0.49465483,388.85696
0.0,0.09715,230.5815
0.0,0.23307887,83.03975
0.0,0.7991843,76.85465
0.0,0.5657783,99.45845
0.0,0.6338631,77.57934
0.0,0.121250354,72.25714
0.0,0.5788557,78.63952
0.0,0.4703013,72.19794
0.0,0.384997,128.12604
0.0,0.5875231,70.526054
0.0,0.087344214,122.44698
0.0,0.48972076,343.80984
0.0,0.21625313,65.36238
0.0,0.093997814,156.34007
0.0,0.54127145,74.31452
0.0,0.49121264,111.903244
0.0,0.6784001,79.22104
0.0,0.4058329,82.8995
0.0,0.2184282,152.92207
0.0,0.2756346,70.371506
0.0,0.14933425,91.58898
0.0,0.18421589,124.84912
0.0,0.34316117,113.76029
0.0,0.9806178,65.26833
0.0,0.2521774,71.11702
0.0,0.040831752,193.39984
0.0,0.4263034,129.25911
0.0,0.5246426,108.3754
0.0,0.6020383,68.089355
0.0,0.13107474,67.11103
0.0,0.10910727,271.40915
0.0,0.12240636,114.86528
0.0,0.68679684,178.95859
0.0,0.19823845,80.95908
0.0,0.37878716,104.068474
0.0,0.47016445,67.81895
0.0,0.14899017,159.8889
0.0,0.3712994,76.43834
0.0,0.4265687,113.10482
0.0,0.26392883,321.6682
0.0,0.15098146,92.01942
0.0,0.2431157,65.00472
0.0,0.26865366,66.490814
0.0,0.27462435,68.793274
0.0,0.5445951,124.960266
0.0,0.27824402,81.83201
0.0,0.1086523,128.58618
0.0,0.14814426,271.89548
0.0,0.36447215,128.57616
0.0,0.21418673,96.56679
0.0,0.49018303,68.46566
0.0,0.089107014,74.14557
0.0,0.1331921,68.739136
0.0,0.29672047,208.97925
0.0,0.3710651,88.68516
0.0,0.42532355,95.26627
0.0,0.059216358,122.90804
0.0,0.18298346,258.3214
0.0,0.5935742,82.162254
0.0,0.16670516,91.90282
0.0,0.49440283,95.754295
0.0,0.23375358,71.58345
0.0,0.50535977,81.76741
0.0,0.30971515,80.09536
0.0,0.11326041,76.72692
0.0,0.45923105,80.1672
0.0,0.15442109,67.60752
0.0,0.68494856,81.1522
0.0,0.26130483,91.52932
0.0,0.23736808,97.11218
0.0,0.23809373,140.49757
0.0,0.29538637,79.4847
0.0,0.1054708,68.4306
0.0,0.5092669,67.8204
0.0,0.36008963,66.036285
0.0,0.06573575,181.00027
0.0,0.28395936,87.38632
0.0,0.50621796,83.96988
0.0,0.0570357,153.69283
0.0,0.41434628,100.69969
0.0,0.36227563,88.51308
0.0,0.805478,667.9937
0.0,0.043607317,86.96333
0.0,0.46898818,92.366684
0.0,0.24149197,78.56758
0.0,0.1291668,152.023
0.0,0.53185177,253.05417
0.0,0.16846558,69.82111
0.0,0.57570803,71.58628
0.0,0.58916193,98.43197
0.0,0.4474075,84.32505
0.0,0.516472,90.88995
0.0,0.5015689,75.922516
0.0,0.1155346,165.12552
0.0,0.39651906,138.1571
0.0,0.19134916,85.6808
0.0,0.117689654,78.7408
0.0,0.18349555,71.73703
0.0,0.6100844,68.399956
0.0,0.20822208,185.64049
0.0,0.7683936,118.31402
0.0,0.11188288,263.3502
0.0,0.45738617,107.79545
0.0,0.1940821,132.3409
0.0,0.09255675,106.241974
0.0,0.10218137,96.03099
0.0,0.32341862,65.271286
0.0,0.28353924,107.26245
0.0,0.24582021,69.43863
0.0,0.4355067,236.53006
0.0,0.19690363,117.50206
0.0,0.43446237,76.56913
0.0,0.80957353,79.45303
0.0,0.41363475,145.97107
0.0,0.03964091,67.71076
0.0,0.75981486,167.812
0.0,0.36877528,157.16249
0.0,0.22531052,122.38166
0.0,0.06630374,96.09164
0.0,0.66838545,85.77123
0.0,0.24661183,65.48288
0.0,0.5305827,141.42798
0.0,0.15210459,65.727486
0.0,0.53843325,338.1523
0.0,0.49440283,80.12438
0.0,0.24052589,74.207
0.0,0.7144564,227.24231
0.0,0.08645623,112.909584
0.0,0.29312667,336.10388
0.0,0.20860119,74.62068
0.0,0.13030948,177.68059
0.0,0.11934689,100.63299
0.0,0.38810685,132.61429
0.0,0.29298624,100.02169
0.0,0.53153425,109.37547
0.0,0.28762442,90.9161
0.0,0.18960023,67.5737
0.0,0.21006335,84.96345
0.0,0.17390797,182.2413
0.0,0.11977424,86.6359
0.0,0.1303695,84.737976
0.0,0.26142082,76.56591
0.0,0.41191077,143.10158
0.0,0.2715516,178.1995
0.0,0.08536457,109.278
0.0,0.09135066,114.46348
0.0,0.023687525,101.26037
0.0,0.19165193,103.14468
0.0,0.789604,947.1988
0.0,0.19474185,96.71778
0.0,0.62321633,70.302734
0.0,0.051366206,148.42493
0.0,0.003299857,561.5784
0.0,0.5150738,95.09384
0.0,0.06716568,120.496605
0.0,0.044900205,68.181366
0.0,0.5641529,69.21564
0.0,0.036413163,92.24016
0.0,0.12377494,70.096016
0.0,0.036609154,719.4654
0.0,0.45720387,67.388214
0.0,0.51855916,82.72847
0.0,0.049652584,114.532814
0.0,0.15930267,84.09439
0.0,0.2827202,68.61607
0.0,0.26417053,68.83849
0.0,0.23338215,126.12391
0.0,0.5291476,114.32796
0.0,0.28958496,80.63249
0.0,0.38420546,87.15561
0.0,0.06026558,312.01154
0.0,0.66278464,90.237686
0.0,0.10074337,67.604866
0.0,0.05398446,123.30333
0.0,0.14730693,105.310616
0.0,0.18379407,65.75239
0.0,0.5658804,172.70416
0.0,0.19356363,76.241325
0.0,0.19356358,76.241325
0.0,0.6177128,73.95938
0.0,0.3760592,83.837685
0.0,0.11369539,105.85883
0.0,0.18850422,154.74713
0.0,0.55721414,70.2346
0.0,0.15377262,70.15781
0.0,0.4439646,462.1706
0.0,0.2460885,88.50161
0.0,0.013297109,183.63869
0.0,0.3958811,81.23533
0.0,0.45062646,84.939476
0.0,0.10579224,101.66571
0.0,0.22164184,110.90386
0.0,0.46409577,100.37251
0.0,0.45115256,151.42986
0.0,0.23818909,182.2358
0.0,0.30539972,241.5012
0.0,0.56251043,71.732506
0.0,0.5599277,77.37983
0.0,0.39993373,70.18383
0.0,0.3346595,91.82984
0.0,0.53651136,87.89434
0.0,0.101436794,160.23775
0.0,0.63822895,290.9685
0.0,0.16123469,90.486984
0.0,0.18088417,119.980354
0.0,0.16491479,203.60571
0.0,0.13740233,85.816444
0.0,0.6225032,79.93952
0.0,0.3881307,116.27254
0.0,0.077144615,70.738075
0.0,0.45585415,68.114136
0.0,0.08713633,304.81238
0.0,0.3998939,104.73004
0.0,0.013370827,78.25017
0.0,0.14645755,146.81024
0.0,0.43914217,76.76547
0.0,0.15324213,71.13084
0.0,0.23640285,747.98645
0.0,0.11751463,119.705154
0.0,0.099029414,142.22261
0.0,0.48299763,145.98149
0.0,0.4500839,110.31892
0.0,0.63127816,90.52966
0.0,0.07438945,515.76025
0.0,0.3301345,134.65807
0.0,0.39450362,68.16621
0.0,0.81423515,783.1829
0.0,0.12516345,66.44223
0.0,0.43178907,72.753494
0.0,0.55660135,1562.8525
0.0,0.42492175,66.68102
0.0,0.61082697,134.05943
0.0,0.115223564,73.95816
0.0,0.062684305,101.670616
0.0,0.35132092,68.66774
0.0,0.15554541,68.0132
0.0,0.6020308,120.172646
0.0,0.29072568,85.12557
0.0,0.6711901,84.436806
0.0,0.037075136,76.865074
0.0,0.16826268,97.22767
0.0,0.35882562,359.41315
0.0,0.17884037,102.497574
0.0,0.2847471,96.16673
0.0,0.46354198,75.22339
0.0,0.0675674,103.97049
0.0,0.29790425,103.25832
0.0,0.42454833,163.427
0.0,0.32007447,250.19643
0.0,0.48930752,75.79182
0.0,0.10535344,277.2415
0.0,0.82347846,69.235245
0.0,0.27578342,84.00624
0.0,0.3529554,184.9103
0.0,0.4135514,358.44174
0.0,0.5126388,345.25034
0.0,0.29934177,929.704
0.0,0.56600505,145.15176
0.0,0.60126114,225.60042
0.0,0.15991609,87.4374
0.0,0.8388932,81.75805
0.0,0.102501795,76.196304
0.0,0.26512527,256.26062
0.0,0.7061541,68.19395
0.0,0.5413228,66.52881
0.0,0.11928333,112.587845
0.0,0.11206183,73.9069
0.0,0.077220686,478.5939
0.0,0.2703935,76.15043
0.0,0.09035706,99.9207
0.0,0.1092526,249.66173
0.0,0.04420114,297.9471
0.0,0.5144904,70.078514
0.0,0.39019838,85.15551
0.0,0.4146072,89.123146
0.0,0.29865873,76.33185
0.0,0.50574833,97.833984
0.0,0.18599302,110.07379
0.0,0.22074409,247.72795
0.0,0.41778526,87.52111
0.0,0.64650947,66.537865
0.0,0.33425894,115.64968
0.0,0.6114122,69.52063
0.0,0.5422169,68.48694
0.0,0.15411766,104.55684
0.0,0.7111702,78.34555
0.0,0.50967664,171.51555
0.0,0.7992517,104.847336
0.0,0.5500674,77.573586
0.0,0.87673545,119.522934
0.0,0.17373897,91.03162
0.0,0.62827766,81.833755
0.0,0.076371,82.76017
0.0,0.2890313,96.16641
0.0,0.037163142,143.59192
0.0,0.09133803,68.704185
0.0,0.11246026,186.86993
0.0,0.032302294,89.41273
0.0,0.094887115,81.41807
0.0,0.09334515,78.58221
0.0,0.5838136,126.10833
0.0,0.52451503,66.47058
0.0,0.2791829,172.87965
0.0,0.5282575,147.8068
0.0,0.22385472,74.25449
0.0,0.29750124,89.349625
0.0,0.16892658,106.16117
0.0,0.083586656,149.04843
0.0,0.51023793,105.52671
0.0,0.13231441,68.705956
0.0,0.13463153,435.83374
0.0,0.5496906,175.46893
0.0,0.61921906,75.42011
0.0,0.08470403,157.67296
0.0,0.43501517,77.51392
0.0,0.6979679,74.39998
0.0,0.14391956,398.28503
0.0,0.5905064,87.86351
0.0,0.48508176,100.02767
0.0,0.10085577,65.34706
0.0,0.52260685,83.326805
0.0,0.22568706,109.76248
0.0,0.061444238,138.28937
0.0,0.35404387,100.308395
0.0,0.28056955,79.14586
0.0,0.6425898,192.24243
0.0,0.63703626,75.21273
0.0,0.49440283,103.7627
0.0,0.13136826,95.17926
0.0,0.39109552,78.520195
0.0,0.5831595,68.94778
0.0,0.10506715,87.12004
0.0,0.5548752,66.078186
0.0,0.04719196,155.76413
0.0,0.16889733,68.49615
0.0,0.79781127,156.45874
0.0,0.48008788,183.64977
0.0,0.47400433,93.28676
0.0,0.03621857,135.4157
0.0,0.35049188,67.562126
0.0,0.61290437,92.17876
0.0,0.5727925,80.042015
0.0,0.59227884,96.61933
0.0,0.21847345,78.32975
0.0,0.15072036,71.01975
0.0,0.1504775,130.08195
0.0,0.18935177,165.3031
0.0,0.5778423,81.28092
0.0,0.64604366,81.84182
0.0,0.12194894,102.56388
0.0,0.09069887,755.7214
0.0,0.2936328,108.70205
0.0,0.31525016,208.98384
0.0,0.15667361,78.51662
0.0,0.5233733,113.27881
0.0,0.20701596,155.42842
0.0,0.15195376,65.3709
0.0,0.44686642,78.825935
0.0,0.121297754,70.033745
0.0,0.5159472,118.20904
0.0,0.20954019,111.94619
0.0,0.49764767,88.590706
0.0,0.015418715,114.37158
0.0,0.097342685,68.99189
0.0,0.491707,102.51164
0.0,0.11206021,83.084755
0.0,0.5565769,70.22922
0.0,0.104688205,509.176
0.0,0.28357202,282.8129
0.0,0.5040769,71.70723
0.0,0.05124666,91.11354
0.0,0.17765558,116.028824
0.0,0.98128486,92.464554
0.0,0.107403755,88.225296
0.0,0.5574741,104.12682
0.0,0.3207792,66.00542
0.0,0.6941061,75.108116
0.0,0.49807695,150.33797
0.0,0.6959534,91.59499
0.0,0.29526687,154.78894
0.0,0.3483549,85.63982
0.0,0.29501513,148.20795
0.0,0.6564526,82.68452
0.0,0.5266329,548.18823
0.0,0.6250676,98.11334
0.0,0.22984438,80.3811
0.0,0.47869056,71.02389
0.0,0.19683395,65.10949
0.0,0.2039828,395.18988
0.0,0.033661474,68.31357
0.0,0.09111359,77.36301
0.0,0.534458,89.961365
0.0,0.2085866,332.64575
0.0,0.24211581,83.37251
0.0,0.61763996,65.97387
0.0,0.023344187,123.05191
0.0,0.354759,574.2789
0.0,0.2874675,80.293274
0.0,0.23610419,76.69592
0.0,0.3508015,305.50778
0.0,0.12993065,144.22624
0.0,0.49273694,256.98447
0.0,0.48011953,94.569984
0.0,0.57286096,86.937126
0.0,0.2699197,91.067635
0.0,0.3156949,83.668434
0.0,0.31178328,398.03235
0.0,0.21579823,81.3093
0.0,0.41093412,72.69959
0.0,0.70072985,65.74854
0.0,0.48516715,102.39993
0.0,0.54440194,191.87625
0.0,0.5643506,72.60993
0.0,0.28635123,87.30044
0.0,0.54635125,113.12053
0.0,0.44403654,90.14247
0.0,0.727715,65.61826
0.0,0.3771727,75.91337
0.0,0.40605316,88.18607
0.0,0.42178735,107.226364
0.0,0.594719,96.26603
0.0,0.9858978,92.33396
0.0,0.648796,87.5815
0.0,0.50235325,78.60035
0.0,0.02898662,402.10535
0.0,0.54568696,84.803474
0.0,0.108603224,71.69624
0.0,0.61745584,68.19363
0.0,0.3907016,124.196754
0.0,0.33514398,101.10134
0.0,0.16097881,143.73601
0.0,0.5462459,178.2497
0.0,0.01165189,565.8046
0.0,0.6485402,73.32156
0.0,0.42728543,81.216385
0.0,0.16805844,98.0904
0.0,0.41499418,68.35085
0.0,0.48318502,297.5736
0.0,0.2759941,385.04306
0.0,0.479329,136.01277
0.0,0.300409,89.71312
0.0,0.22552611,86.27744
0.0,0.19217093,77.25198
0.0,0.575172,94.36016
0.0,0.29210633,83.062775
0.0,0.48880035,65.93534
0.0,0.19953194,68.90396
0.0,0.30932412,85.26497
0.0,0.11854163,78.49132
0.0,0.4700363,125.559555
0.0,0.58639634,67.35324
0.0,0.5283496,68.90778
0.0,0.42149362,127.92285
0.0,0.25049222,67.55532
0.0,0.016921742,214.25981
0.0,0.6099294,96.489204
0.0,0.6099294,96.489204
0.0,0.08941885,103.76834
0.0,0.094677806,209.36623
0.0,0.65099233,65.6964
0.0,0.070102826,111.24717
0.0,0.24893731,118.33409
0.0,0.132313,80.771385
0.0,0.67419285,81.36836
0.0,0.5679452,72.583206
0.0,0.6693647,102.62324
0.0,0.03347272,86.88603
0.0,0.24692729,222.9079
0.0,0.111473344,146.2181
0.0,0.47997645,72.03447
0.0,0.58592546,86.404205
0.0,0.1789469,545.9025
0.0,0.20034583,115.49069
0.0,0.531687,185.67076
0.0,0.07334806,69.041145
0.0,0.16339295,203.65501
0.0,0.17511505,82.76613
0.0,0.14716125,114.48101
0.0,0.13624051,93.38904
0.0,0.14825119,368.673
0.0,0.5878886,71.80555
0.0,0.22150086,226.21097
0.0,0.07609914,71.56771
0.0,0.43164882,71.50777
0.0,0.31948954,319.0658
0.0,0.40303385,128.08841
0.0,0.15461938,83.39618
0.0,0.08539229,65.00354
0.0,0.3593741,108.95387
0.0,0.26050252,312.68524
0.0,0.40470067,129.66998
0.0,0.4617855,118.90943
0.0,0.103821315,127.50939
0.0,0.08052411,691.2022
0.0,0.4966177,81.14672
0.0,0.23307487,201.6755
0.0,0.32414773,102.17661
0.0,0.059113175,108.44384
0.0,0.3557791,266.51733
0.0,0.25146282,446.0779
0.0,0.48315865,68.708015
0.0,0.22656372,74.49157
0.0,0.5839087,70.313644
0.0,0.19682619,67.18285
0.0,0.092754066,217.24884
0.0,0.54919016,92.96565
0.0,0.1621293,66.76725
0.0,0.82302296,69.13873
0.0,0.31354532,65.84726
0.0,0.45515698,180.60097
0.0,0.119650386,75.59759
0.0,0.19315615,93.92855
0.0,0.25580987,142.23206
0.0,0.7698723,98.89398
0.0,0.28457204,77.95419
0.0,0.19298273,70.119576
0.0,0.5419773,144.32936
0.0,0.19330765,69.50823
0.0,0.107013255,122.11556
0.0,0.27065703,103.21661
0.0,0.21121198,147.13153
0.0,0.07609427,115.56794
0.0,0.522414,138.48483
0.0,0.06268138,93.86979
0.0,0.64966214,78.57175
0.0,0.09280963,89.94052
0.0,0.14536777,96.353325
0.0,0.15363857,80.40189
0.0,0.088557415,85.78863
0.0,0.2844166,440.62048
0.0,0.2706446,110.51307
0.0,0.5017858,108.90304
0.0,0.49274552,92.52534
0.0,0.51221347,69.62752
0.0,0.21208885,104.295425
0.0,0.20048358,67.645
0.0,0.50412863,94.36715
0.0,0.37469316,89.98784
0.0,0.75061893,286.26642
0.0,0.24118547,68.798935
0.0,0.5686098,77.87267
0.0,0.4334829,85.48164
0.0,0.12031052,730.0984
0.0,0.68680865,229.59108
0.0,0.55160654,105.844536
0.0,0.60910946,95.80501
0.0,0.72953653,76.23222
0.0,0.39180282,87.96402
0.0,0.24020573,212.48065
0.0,0.20216471,170.23573
0.0,0.063985035,386.68222
0.0,0.08525615,90.53302
0.0,0.2675745,71.14207
0.0,0.076386705,322.3431
0.0,0.4307439,89.88053
0.0,0.29979745,66.683
0.0,0.39553127,162.89021
0.0,0.49827173,92.56311
0.0,0.10545906,90.85463
0.0,0.66096616,98.39537
0.0,0.16083345,202.67609
0.0,0.072621174,84.51857
0.0,0.6761673,92.88566
0.0,0.3773954,157.52225
0.0,0.4210356,776.34576
0.0,0.52864325,95.23336
0.0,0.4861525,69.5438
0.0,0.25813693,78.4723
0.0,0.12785998,130.1436
0.0,0.038223237,73.01158
0.0,0.12993082,77.902214
0.0,0.14639583,91.08833
0.0,0.34788507,66.50025
0.0,0.2118161,138.77983
0.0,0.13032214,99.621155
0.0,0.12773836,764.1418
0.0,0.3564845,78.887146
0.0,0.045718204,90.072556
0.0,0.6133399,69.20405
0.0,0.31167978,128.62134
0.0,0.61068743,69.91811
0.0,0.4694521,132.64902
0.0,0.58934844,110.99815
0.0,0.66681546,152.71997
0.0,0.56512666,362.82974
0.0,0.26667762,198.66307
0.0,0.39361167,279.5379
0.0,0.56179506,115.39265
0.0,0.17496037,105.42509
0.0,0.37516683,74.36531
0.0,0.26838163,69.94138
0.0,0.10017022,74.68369
0.0,0.3156778,265.87872
0.0,0.24621885,221.92961
0.0,0.62684625,135.8724
0.0,0.1926017,98.79555
0.0,0.34548113,72.09464
0.0,0.06955874,107.174866
0.0,0.5410388,77.9741
0.0,0.25836545,80.730446
0.0,0.20492876,152.43367
0.0,0.253732,240.10153
0.0,0.07169641,84.11588
0.0,0.43240836,92.237526
0.0,0.07474404,378.6143
0.0,0.2152391,128.18492
0.0,0.37678376,325.86334
0.0,0.17826933,78.45563
0.0,0.6641738,98.2469
0.0,0.64420766,77.622765
0.0,0.26367557,76.97039
0.0,0.59423375,81.7924
0.0,0.29284108,107.09088
0.0,0.09667991,67.307724
0.0,0.17318785,69.25241
0.0,0.3711839,132.60583
0.0,0.61796963,84.392296
0.0,0.4268044,72.43169
0.0,0.64979064,97.898834
0.0,0.49791518,106.506805
0.0,0.56595993,67.9097
0.0,0.029485786,357.95975
0.0,0.11000366,92.18802
0.0,0.51239145,78.411644
0.0,0.045736745,108.8762
0.0,0.5668508,76.54828
0.0,0.097391,136.68698
0.0,0.15913127,69.66826
0.0,0.49207526,156.55325
0.0,0.111557044,69.88383
0.0,0.42106676,80.116554
0.0,0.15251324,70.2473
0.0,0.28887066,165.63284
0.0,0.86642796,67.20305
0.0,0.23134123,98.33397
0.0,0.48242202,91.41671
0.0,0.1828951,229.33838
0.0,0.21464476,65.29019
0.0,0.83008695,278.85123
0.0,0.5577823,71.88542
0.0,0.5226569,66.80903
0.0,0.49440283,66.26181
0.0,0.37226883,110.3689
0.0,0.2584277,293.91943
0.0,0.15642525,494.83606
0.0,0.18798195,80.33659
0.0,0.107602276,155.02135
0.0,0.10066517,599.94464
0.0,0.48982388,164.54031
0.0,0.2224733,102.40392
0.0,0.5160047,610.5893
0.0,0.2747303,87.80681
0.0,0.4030244,181.04568
0.0,0.6094063,74.27828
0.0,0.5217313,168.918
0.0,0.48206666,66.14449
0.0,0.5037207,106.21509
0.0,0.32305992,152.66364
0.0,0.039793212,149.92201
0.0,0.4664287,482.57748
0.0,0.23833548,156.27007
0.0,0.194764,80.805336
0.0,0.1898613,74.74581
0.0,0.609917,116.51963
0.0,0.7047701,111.766884
0.0,0.49440283,92.71794
0.0,0.59849143,74.84798
0.0,0.30466744,80.50038
0.0,0.09283286,93.27176
0.0,0.14477561,74.6747
0.0,0.09259155,80.19775
0.0,0.12553833,155.96837
0.0,0.072885804,88.75613
0.0,0.23119466,215.61014
0.0,0.11037726,172.88715
0.0,0.5131928,77.35243
0.0,0.5243912,141.11752
0.0,0.25210506,284.56418
0.0,0.16042325,68.1405
0.0,0.58461034,239.39528
0.0,0.36970747,113.79796
0.0,0.93808734,66.764946
0.0,0.28116792,80.12306
0.0,0.344529,70.095
0.0,0.09460655,246.15837
0.0,0.4316232,902.4088
0.0,0.08648604,99.74532
0.0,0.34571156,66.14257
0.0,0.6501773,135.61278
0.0,0.4342382,72.837074
0.0,0.1993626,102.815475
0.0,0.17197554,113.63246
0.0,0.35783178,82.83081
0.0,0.26865837,658.6899
0.0,0.44376758,70.50592
0.0,0.18006615,65.871506
0.0,0.6277337,68.629974
0.0,0.23683167,288.14777
0.0,0.5683615,150.1763
0.0,0.6972402,173.63676
0.0,0.39180654,67.69861
0.0,0.45736313,172.45253
0.0,0.6705757,67.330414
0.0,0.14637639,161.69492
0.0,0.5360204,84.98103
0.0,0.28959432,97.30694
0.0,0.49440283,609.64575
0.0,0.4494698,73.3856
0.0,0.26544085,67.81662
0.0,0.17454724,92.513756
0.0,0.845712,251.87955
0.0,0.33740094,392.6834
0.0,0.47330132,105.25773
0.0,0.34343418,557.70514
0.0,0.60110974,67.082184
0.0,0.091592535,93.49425
0.0,0.11116361,668.09894
0.0,0.27969357,288.43753
0.0,0.25195134,130.5572
0.0,0.20850144,130.43492
0.0,0.17680232,88.43599
0.0,0.17140488,360.24796
0.0,0.5129709,291.64944
0.0,0.024983386,559.3523
0.0,0.12244874,101.26549
0.0,0.18550688,100.90417
0.0,0.45823997,113.06906
0.0,0.2862535,554.0368
0.0,0.49420628,2.858374e+07
0.0,0.7010646,65.52289
0.0,0.1574245,66.54963
0.0,0.12435737,71.56129
0.0,0.6566648,70.04446
0.0,0.47318348,90.20517
0.0,0.18010446,68.673
0.0,0.40582278,68.77388
0.0,0.33284023,67.97406
0.0,0.13692741,238.86465
0.0,0.2667831,83.70827
0.0,0.1458934,75.49493
0.0,0.1383198,174.84698
0.0,0.5264162,97.97413
0.0,0.38286367,94.73762
0.0,0.48005316,84.83197
0.0,0.018114615,227.63286
0.0,0.19563007,131.96466
0.0,0.03840102,370.9806
0.0,0.75096166,621.2386
0.0,0.13375553,91.70697
0.0,0.22094138,81.13341
0.0,0.043409742,182.2494
0.0,0.6537949,77.01291
0.0,0.04427119,122.33001
0.0,0.42672822,74.05526
0.0,0.4652078,77.95471
0.0,0.4501985,71.736404
0.0,0.29061112,69.55944
0.0,0.24006833,108.515724
0.0,0.5956959,100.80794
0.0,0.24117565,90.026085
0.0,0.60998935,203.6207
0.0,0.37340322,90.29887
0.0,0.9807459,322.19574
0.0,0.6772243,66.93126
0.0,0.13683645,209.02136
0.0,0.17732565,141.729
0.0,0.276428,65.71536
0.0,0.5741325,69.0203
0.0,0.4308471,103.08575
0.0,0.26079217,468.5422
0.0,0.52567595,74.24194
0.0,0.49880612,106.25469
0.0,0.5305951,89.02999
0.0,0.1214876,116.678635
0.0,0.60261804,82.02575
0.0,0.05915027,95.81403
0.0,0.24163276,102.060394
0.0,0.4771757,97.58266
0.0,0.49054167,325.2105
0.0,0.37086824,77.7584
0.0,0.44626597,80.22293
0.0,0.04264783,103.521576
0.0,0.54710907,173.37015
0.0,0.15193316,73.47575
0.0,0.411998,122.45155
0.0,0.09613901,67.60034
0.0,0.1757049,70.40524
0.0,0.124735855,111.28553
0.0,0.43319866,71.81939
0.0,0.16486879,111.10045
0.0,0.24380538,75.70848
0.0,0.5635501,65.702286
0.0,0.19057792,145.77423
0.0,0.12570976,155.59686
0.0,0.075949475,112.82216
0.0,0.1299287,110.0228
0.0,0.5669082,78.891136
0.0,0.33010316,67.33006
0.0,0.06699857,129.8711
0.0,0.15673433,74.6106
0.0,0.45322984,81.16374
0.0,0.66416305,232.0831
0.0,0.49135092,73.01176
0.0,0.19889416,203.50592
0.0,0.597343,76.59351
0.0,0.591458,66.15499
0.0,0.39731893,67.28788
0.0,0.27571422,126.65964
0.0,0.1009602,139.26698
0.0,0.13452384,118.4397
0.0,0.08051161,1165.9001
0.0,0.15076602,99.79928
0.0,0.487982,82.006454
0.0,0.1510371,189.09384
0.0,0.58696645,68.38182
0.0,0.28985363,85.782555
0.0,0.28709495,220.73242
0.0,0.57312274,83.07096
0.0,0.49440283,508.06778
0.0,0.23049502,95.38284
0.0,0.28268588,65.954636
0.0,0.042912714,145.92508
0.0,0.23820126,76.83917
0.0,0.19782215,69.39934
0.0,0.58661324,338.58102
0.0,0.058595207,248.59264
0.0,0.24498394,142.63005
0.0,0.13252982,69.57336
0.0,0.042348668,66.20011
0.0,0.1798167,68.34932
0.0,0.1890668,73.43984
0.0,0.6333403,370.51553
0.0,0.5404627,72.92157
0.0,0.20434321,101.45284
0.0,0.21579973,127.67687
0.0,0.98036826,84.335075
0.0,0.67958874,104.04385
0.0,0.02545369,112.34378
0.0,0.22720447,78.50002
0.0,0.259732,123.95434
0.0,0.3968192,116.24184
0.0,0.45245978,75.247696
0.0,0.4642674,147.05118
0.0,0.19919619,109.75971
0.0,0.5600554,158.82893
0.0,0.5447211,77.27141
0.0,0.035687417,80.24694
0.0,0.48772597,73.72426
0.0,0.4808409,8.194775e+10
0.0,0.04078218,71.04685
0.0,0.37966835,71.92166
0.0,0.06466202,70.135284
0.0,0.36374086,119.936104
0.0,0.4455799,354.5277
0.0,0.30276212,70.47574
0.0,0.238385,68.53301
0.0,0.15404226,70.41641
0.0,0.54513305,169.29584
0.0,0.03133561,511.15134
0.0,0.41195807,109.91425
0.0,0.43146163,65.7578
0.0,0.11402435,79.47995
0.0,0.15732844,614.73096
0.0,0.124914855,71.74577
0.0,0.42035106,154.11562
0.0,0.45060787,79.690315
0.0,0.3451702,82.17204
0.0,0.1570278,82.1545
0.0,0.2729693,93.98322
0.0,0.3955974,69.36658
0.0,0.5770445,119.05705
0.0,0.28844324,157.5661
0.0,0.074798316,100.7087
0.0,0.1790286,205.6666
0.0,0.0926111,172.64624
0.0,0.45473287,69.22548
0.0,0.07795344,531.2006
0.0,0.23561744,129.38455
0.0,0.240061,79.66906
0.0,0.5701568,68.739914
0.0,0.6145154,72.38087
0.0,0.6092633,68.59696
0.0,0.45992726,88.082146
0.0,0.51310015,66.329796
0.0,0.07334176,222.03441
0.0,0.56607014,114.51074
0.0,0.57809097,69.69349
0.0,0.32967067,69.72213
0.0,0.28589877,85.9465
0.0,0.363966,82.676575
0.0,0.10869099,84.64947
0.0,0.249175,75.596596
0.0,0.44945306,74.23624
0.0,0.39526823,329.6127
0.0,0.24570988,67.8772
0.0,0.21401957,72.16802
0.0,0.28161147,135.88657
0.0,0.23521163,75.564606
0.0,0.6510692,68.652756
0.0,0.54538566,68.94278
0.0,0.31764907,94.3282
0.0,0.5036871,147.61696
0.0,0.13567345,66.44741
0.0,0.52745306,110.40938
0.0,0.47601053,75.938255
0.0,0.49385452,82.01485
0.0,0.5071991,66.563515
0.0,0.45710608,77.95935
0.0,0.21225402,68.54151
0.0,0.54930204,92.17655
0.0,0.15092605,67.51971
0.0,0.83189523,373.34033
0.0,0.09156713,85.26038
0.0,0.5982397,78.14581
0.0,0.8995207,97.338165
0.0,0.4547649,89.10211
0.0,0.51246274,72.54749
0.0,0.12680452,591.7878
0.0,0.49195614,77.537506
0.0,0.3342604,156.77548
0.0,0.16943938,117.70569
0.0,0.13177688,222.46841
0.0,0.5542378,158.97052
0.0,0.05987363,140.58994
0.0,0.20499338,68.386475
0.0,0.12015019,77.003334
0.0,0.39139605,69.2246
0.0,0.3190061,837.06335
0.0,0.19325104,934.8809
0.0,0.5105797,86.50246
0.0,0.2995736,71.825424
0.0,0.6386735,78.83539
0.0,0.43246588,79.417755
0.0,0.37969005,85.574326
0.0,0.7666344,68.0825
0.0,0.7544327,152.64838
0.0,0.09489783,120.6888
0.0,0.35185722,96.95038
0.0,0.4433457,80.57607
0.0,0.31905255,180.46202
0.0,0.5772746,154.28839
0.0,0.44103885,72.93624
0.0,0.334328,152.47174
0.0,0.3028377,173.01903
0.0,0.03635992,647.0266
0.0,0.3051375,141.77827
0.0,0.67575324,276.1205
0.0,0.096146904,72.43547
0.0,0.5949137,79.50569
0.0,0.04647204,83.26313
0.0,0.4992717,175.71455
0.0,0.08542916,101.419426
0.0,0.04691854,124.82287
0.0,0.31541887,98.573296
0.0,0.3060354,69.38735
0.0,0.014695277,671.65216
0.0,0.33255252,199.9487
0.0,0.26635748,158.56374
0.0,0.30123258,71.862755
0.0,0.39216298,72.06849
0.0,0.30716753,110.12178
0.0,0.24667695,89.97932
0.0,0.2748536,81.262314
0.0,0.16091713,457.86557
0.0,0.075001255,100.37191
0.0,0.1474737,86.04172
0.0,0.2575208,73.86346
0.0,0.18501556,88.02909
0.0,0.25153565,157.4472
0.0,0.2832779,68.35142
0.0,0.51521945,110.98426
0.0,0.2774597,94.15659
0.0,0.50971544,671.77124
0.0,0.5928449,69.22905
0.0,0.28869092,138.43741
0.0,0.30359206,93.236176
0.0,0.15559113,221.51138
0.0,0.43512863,67.67893
0.0,0.49440283,86.189835
0.0,0.46957877,74.71944
0.0,0.3382274,72.68762
0.0,0.2586528,79.25708
0.0,0.21606424,272.36786
0.0,0.45520326,107.597496
0.0,0.29941085,103.97699
0.0,0.15910746,350.14554
0.0,0.29955992,93.9889
0.0,0.20727105,88.3117
0.0,0.4404865,138.80443
0.0,0.094316624,305.1342
0.0,0.15870716,79.28014
0.0,0.40412608,100.65896
0.0,0.57851744,239.37952
0.0,0.50179935,119.81922
0.0,0.42806825,67.914696
0.0,0.27343714,82.202774
0.0,0.14830662,101.09929
0.0,0.29140908,79.18006
0.0,0.37273034,72.813545
0.0,0.56203383,78.529854
0.0,0.53211844,71.897064
0.0,0.09320998,77.12719
0.0,0.089279525,156.70561
0.0,0.13779521,153.87366
0.0,0.28167963,71.265495
0.0,0.085959405,84.46124
0.0,0.35625812,189.84598
0.0,0.32091635,65.912544
0.0,0.09213287,249.18892
0.0,0.16552643,166.62175
0.0,0.6089076,129.99821
0.0,0.5532255,76.237976
0.0,0.15238157,107.65741
0.0,0.3638313,104.82357
0.0,0.100349285,288.88425
0.0,0.20598012,74.090965
0.0,0.1822657,131.2334
0.0,0.26744384,298.78806
0.0,0.6243803,67.02614
0.0,0.5653181,69.39019
0.0,0.521783,108.10954
0.0,0.5530063,69.42507
0.0,0.63732976,65.954926
0.0,0.10129122,93.55468
0.0,0.5042797,88.51042
0.0,0.24325351,108.06949
0.0,0.43747592,71.292336
0.0,0.37722963,70.23315
0.0,0.2062394,96.50409
0.0,0.53637064,70.37935
0.0,0.31859758,142.25533
0.0,0.4829212,95.25035
0.0,0.87495244,245.7421
0.0,0.12926866,287.09537
0.0,0.25753665,925.004
0.0,0.05244178,184.87294
0.0,0.4036194,173.87007
0.0,0.25708395,88.21406
0.0,0.14409934,101.431786
0.0,0.1626345,120.335045
0.0,0.18496779,94.5071
0.0,0.08946072,83.6362
0.0,0.117647775,65.30955
0.0,0.17544411,69.283646
0.0,0.056696683,91.02917
0.0,0.5633682,147.13638
0.0,0.5628958,335.08435
0.0,0.32122457,75.153854
0.0,0.3419137,259.17368
0.0,0.46013486,107.1864
0.0,0.38706538,66.63755
0.0,0.4693975,76.055756
0.0,0.6550868,96.026245
0.0,0.20640822,94.01808
0.0,0.2558649,122.700195
0.0,0.2258434,157.45248
0.0,0.4232445,215.69704
0.0,0.503283,148.03296
0.0,0.5700739,156.19441
0.0,0.42864114,98.09845
0.0,0.2157384,66.388084
0.0,0.12799929,290.45398
0.0,0.62064904,72.67358
0.0,0.53703636,74.885376
0.0,0.14880206,88.25552
0.0,0.49053124,463.56998
0.0,0.36578727,118.27148
0.0,0.12727119,71.32514
0.0,0.4687714,97.69699
0.0,0.2758316,97.441246
0.0,0.469732,89.84553
0.0,0.005486136,94.89031
0.0,0.36071137,178.49391
0.0,0.0741172,73.602295
0.0,0.47929326,71.45877
0.0,0.42553678,90.45445
0.0,0.62121695,90.63688
0.0,0.9108408,66.042175
0.0,0.28273612,139.06522
0.0,0.49536803,72.782776
0.0,0.20298146,87.3386
0.0,0.39430565,81.86744
0.0,0.3076784,241.4568
0.0,0.021348415,274.368
0.0,0.42039895,79.47083
0.0,0.5535958,82.88152
0.0,0.51106375,83.11724
0.0,0.22752376,221.77177
0.0,0.5138355,115.59516
0.0,0.6281888,99.08536
0.0,0.48329124,68.70011
0.0,0.24775831,88.20287
0.0,0.44392765,151.06825
0.0,0.48819366,428.32553
0.0,0.32169157,82.397865
0.0,0.64432037,130.617
0.0,0.32894775,78.6865
0.0,0.28502008,185.37662
0.0,0.6662113,94.37909
0.0,0.53876793,203.40485
0.0,0.1046983,91.56782
0.0,0.2339766,71.00521
0.0,0.20434155,86.662445
0.0,0.17830878,107.867195
0.0,0.53119034,90.792305
0.0,0.36299676,124.000206
0.0,0.6592964,92.89343
0.0,0.24077897,65.39987
0.0,0.48759446,286.42
0.0,0.075782835,88.65186
0.0,0.4405402,330.5183
0.0,0.65623915,99.59105
0.0,0.26623124,115.49849
0.0,0.058002852,152.16528
0.0,0.41889596,88.41182
0.0,0.4994343,112.26462
0.0,0.0749177,113.68756
0.0,0.7625437,81.37812
0.0,0.14748545,77.01359
0.0,0.49622816,70.03453
0.0,0.4999854,98.647385
0.0,0.41470936,65.29295
0.0,0.28621122,92.044395
0.0,0.4782262,2.1659768e+06
0.0,0.31693,67.793144
0.0,0.23561059,127.07181
0.0,0.14353037,191.59206
0.0,0.66712064,66.76443
0.0,0.25930926,88.076515
0.0,0.4316897,69.02445
0.0,0.40323356,80.58214
0.0,0.20443486,78.03487
0.0,0.19041128,354.0998
0.0,0.24311982,568.9974
0.0,0.5433879,65.33442
0.0,0.039323136,113.63122
0.0,0.28537855,86.03728
0.0,0.5847112,80.95348
0.0,0.2776614,121.48836
0.0,0.27482596,168.56932
0.0,0.50936943,69.84618
0.0,0.10217833,660.50073
0.0,0.3266009,79.39308
0.0,0.2022306,458.97818
0.0,0.2022306,458.97818
0.0,0.55864733,75.14408
0.0,0.4001664,173.10063
0.0,0.52589476,65.468575
0.0,0.0785473,103.6395
0.0,0.54863816,126.67035
0.0,0.1470445,111.48989
0.0,0.7390483,68.431274
0.0,0.5503213,75.35832
0.0,0.23937085,72.940285
0.0,0.11556197,85.25117
0.0,0.2751104,474.5854
0.0,0.52608955,113.55632
0.0,0.101863146,111.31388
0.0,0.5136174,67.942215
0.0,0.14236994,156.76775
0.0,0.4219805,96.74778
0.0,0.16907413,231.45073
0.0,0.040630713,104.298515
0.0,0.44580644,108.67508
0.0,0.31096858,125.925415
0.0,0.22106081,77.06607
0.0,0.054440796,139.76093
0.0,0.072773024,148.86044
0.0,0.56961733,70.14618
0.0,0.32461157,91.170555
0.0,0.5788326,65.20961
0.0,0.05530861,128.6743
0.0,0.54459536,67.5223
0.0,0.4365548,80.078255
0.0,0.27634194,76.557106
0.0,0.26531002,360.30432
0.0,0.09867977,77.706375
0.0,0.13818604,245.8213
0.0,0.018073127,526.7515
0.0,0.59316206,186.37714
0.0,0.65382284,66.79143
0.0,0.13084128,429.92676
0.0,0.2309255,89.72285
0.0,0.10464101,98.88239
0.0,0.16687284,138.635
0.0,0.13167173,278.70248
0.0,0.2040343,70.97435
0.0,0.3016984,84.51931
0.0,0.07480345,135.60674
0.0,0.4798964,78.8485
0.0,0.35714933,75.99908
0.0,0.23801473,85.55934
0.0,0.5654991,74.28475
0.0,0.1357689,261.94235
0.0,0.29439843,526.43463
0.0,0.10327257,147.89998
0.0,0.6898159,85.585884
0.0,0.020678587,175.29996
0.0,0.22156087,133.23448
0.0,0.5120125,181.43541
0.0,0.5127156,73.1917
0.0,0.05724694,152.52867
0.0,0.06699626,68.05394
0.0,0.44571257,89.90123
0.0,0.5080292,78.324585
0.0,0.023764996,420.84473
0.0,0.4937701,69.257065
0.0,0.6091318,333.28113
0.0,0.46153662,181.50525
0.0,0.28444642,86.7737
0.0,0.5411205,165.21411
0.0,0.4301523,96.65958
0.0,0.10114835,91.91488
0.0,0.45871863,98.33772
0.0,0.44354805,103.64696
0.0,0.19764268,68.41254
0.0,0.54344124,170.7704
0.0,0.11934596,80.43977
0.0,0.31856138,76.677025
0.0,0.16855612,174.64304
0.0,0.24856667,66.09438
0.0,0.45085064,70.49393
0.0,0.37740582,128.21625
0.0,0.46707162,86.71184
0.0,0.16300207,353.90118
0.0,0.0648374,71.12237
0.0,0.35326117,79.26071
0.0,0.49440283,72.88807
0.0,0.52464753,72.51606
0.0,0.2092936,73.40703
0.0,0.363968,85.07077
0.0,0.016182242,66.28692
0.0,0.7019807,209.33795
0.0,0.49617496,101.67157
0.0,0.46227187,94.31841
0.0,0.3287559,85.36619
0.0,0.17492981,86.608604
0.0,0.34923437,102.67559
0.0,0.72115254,75.60396
0.0,0.20001595,107.55551
0.0,0.6190755,159.56726
0.0,0.16125217,70.771095
0.0,0.49020702,131.36595
0.0,0.09749064,203.60114
0.0,0.19774735,86.74441
0.0,0.73495615,86.213356
0.0,0.19727409,94.531105
0.0,0.123563536,132.21187
0.0,0.24906042,75.71769
0.0,0.14789654,383.14197
0.0,0.32501295,102.91944
0.0,0.48550895,69.99623
0.0,0.042930588,133.72697
0.0,0.3022465,136.52402
0.0,0.3590868,70.86948
0.0,0.14786263,84.24771
0.0,0.1771018,116.10733
0.0,0.4375683,188.66756
0.0,0.33260563,81.473625
0.0,0.24421147,74.67447
0.0,0.17237896,67.83862
0.0,0.5141827,77.608025
0.0,0.38073093,265.09344
0.0,0.6450712,102.63242
0.0,0.61268145,126.18818
0.0,0.23172598,79.15663
0.0,0.16141672,77.406845
0.0,0.17383158,81.92377
0.0,0.4566407,81.74115
0.0,0.3769182,67.156876
0.0,0.660762,103.56886
0.0,0.23463474,72.38359
0.0,0.53346604,70.64424
0.0,0.49441087,79.19273
0.0,0.06743207,80.20049
0.0,0.1920749,171.58975
0.0,0.16021696,68.240105
0.0,0.24057145,141.44623
0.0,0.5401425,70.36092
0.0,0.34290946,120.19686
0.0,0.28283635,106.951225
0.0,0.16897935,72.82194
0.0,0.52944815,334.28253
0.0,0.52944815,334.28253
0.0,0.3625478,612.3224
0.0,0.29286548,749.09845
0.0,0.21507089,106.044266
0.0,0.9846762,69.17843
0.0,0.30829874,210.08768
0.0,0.5242202,73.806145
0.0,0.59061813,101.33456
0.0,0.37733105,67.38592
0.0,0.56587183,66.887726
0.0,0.27549285,270.89188
0.0,0.3667032,103.98007
0.0,0.2575038,67.4898
0.0,0.58016074,66.30217
0.0,0.23373899,94.101814
0.0,0.5952636,74.90482
0.0,0.420396,65.69729
0.0,0.45273063,209.3151
0.0,0.054482773,72.09318
0.0,0.047847778,108.21797
0.0,0.25510052,113.69337
0.0,0.03293902,110.376526
0.0,0.6205797,75.66433
0.0,0.2489245,208.68896
0.0,0.10917687,784.76544
0.0,0.080739155,126.93613
0.0,0.13827902,88.279366
0.0,0.589357,91.20495
0.0,0.11797044,70.76612
0.0,0.09692962,236.71245
0.0,0.56284595,74.142624
0.0,0.63397044,70.74561
0.0,0.48036712,106.82436
0.0,0.14074044,88.9571
0.0,0.54020965,69.483986
0.0,0.5116146,125.75215
0.0,0.43431255,114.181435
0.0,0.20577805,69.99927
0.0,0.5021815,66.38042
0.0,0.11726638,83.10806
0.0,0.14001124,98.471375
0.0,0.5622951,177.03506
0.0,0.21229823,1020.92
0.0,0.36692032,68.21471
0.0,0.069895625,199.3552
0.0,0.23651378,78.7062
0.0,0.25516412,145.31729
0.0,0.54250824,176.45212
0.0,0.06003775,110.678215
0.0,0.415835,100.63619
0.0,0.1609287,68.562874
0.0,0.511246,68.74195
0.0,0.5053386,91.813614
0.0,0.49440283,132.86452
0.0,0.14334837,85.75355
0.0,0.52322924,69.888756
0.0,0.24096443,82.946686
0.0,0.103600495,68.54074
0.0,0.5858588,428.50897
0.0,0.5236381,78.231705
0.0,0.07373394,318.51608
0.0,0.45593476,131.28961
0.0,0.31528735,130.28256
0.0,0.49784935,107.01207
0.0,0.092438914,115.021774
0.0,0.07522019,150.03769
0.0,0.22093847,118.04024
0.0,0.07682053,528.83417
0.0,0.4898812,214.88283
0.0,0.40754765,123.890656
0.0,0.22892173,70.549576
0.0,0.56188864,119.62658
0.0,0.60405976,85.3279
0.0,0.12604316,154.96426
0.0,0.40300974,102.41624
0.0,0.2206107,174.06041
0.0,0.26897138,72.210106
0.0,0.15202497,211.5825
0.0,0.32340965,70.198494
0.0,0.25457576,66.700134
0.0,0.26457232,103.20142
0.0,0.5285539,435.78543
0.0,0.6276562,110.7379
0.0,0.2021286,84.22126
0.0,0.6068269,69.8182
0.0,0.5568168,129.74382
0.0,0.19999519,298.11893
0.0,0.18466018,72.51988
0.0,0.089783706,95.94349
0.0,0.23550606,108.08865
0.0,0.26823142,140.73929
0.0,0.067331225,80.423965
0.0,0.49956623,134.57397
0.0,0.037446804,97.61467
0.0,0.09622006,79.01527
0.0,0.48137742,69.37522
0.0,0.5526033,384.71936
0.0,0.20555493,68.53911
0.0,0.17675833,130.11302
0.0,0.2985545,66.054504
0.0,0.1221528,82.93623
0.0,0.498621,128.55865
0.0,0.28980014,165.93237
0.0,0.08323221,116.14992
0.0,0.22526251,74.309265
0.0,0.5129337,244.80077
0.0,0.12901364,79.179016
0.0,0.09422148,143.1925
0.0,0.30566835,749.0055
0.0,0.44450134,275.6224
0.0,0.15552466,75.603065
0.0,0.06855838,91.43064
0.0,0.8945268,97.0778
0.0,0.12266465,144.70923
0.0,0.05580014,86.08084
0.0,0.21183948,70.45965
0.0,0.084448285,233.01031
0.0,0.6726446,204.34433
0.0,0.3950504,221.64763
0.0,0.19966498,176.88118
0.0,0.09937365,307.9482
0.0,0.6309894,155.73274
0.0,0.6307078,65.913155
0.0,0.12950431,203.25961
0.0,0.6102581,109.8833
0.0,0.7606319,146.9955
0.0,0.029019697,531.247
0.0,0.46195614,83.41363
0.0,0.18405941,81.242516
0.0,0.3672125,70.42236
0.0,0.3814466,192.19284
0.0,0.5763232,84.27588
0.0,0.270587,76.8847
0.0,0.50169694,187.51685
0.0,0.46396306,159.2253
0.0,0.06356794,84.51597
0.0,0.23998317,122.73328
0.0,0.12855585,79.64321
0.0,0.46924898,123.48901
0.0,0.43713105,147.1148
0.0,0.23627214,265.66745
0.0,0.43797284,84.48113
0.0,0.22278403,69.4432
0.0,0.20484297,80.82078
0.0,0.12845269,67.48061
0.0,0.33445302,90.41653
0.0,0.09832029,89.27074
0.0,0.49440283,79.8782
0.0,0.19039245,65.13049
0.0,0.17638826,110.44708
0.0,0.046267685,440.98492
0.0,0.41565388,85.39075
0.0,0.13303031,76.40998
0.0,0.04912953,842.52423
0.0,0.16917007,65.239174
0.0,0.6136209,103.414276
0.0,0.46750918,70.33069
0.0,0.2764579,74.46698
0.0,0.43820417,70.1041
0.0,0.20980164,66.75963
0.0,0.114119545,82.27252
0.0,0.13207561,92.73093
0.0,0.54963475,66.70492
0.0,0.18829869,533.4266
0.0,0.68193614,65.92032
0.0,0.51640284,195.89288
0.0,0.36613372,111.2848
0.0,0.01466486,480.28604
0.0,0.633754,75.08408
0.0,0.22844625,202.09955
0.0,0.41852155,116.40487
0.0,0.39506537,1.3261974e+09
0.0,0.18971014,65.25207
0.0,0.11598405,75.01678
0.0,0.29253432,85.020515
0.0,0.07816877,66.34295
0.0,0.07528261,1405.38
0.0,0.11620712,219.91658
0.0,0.29439843,107.16981
0.0,0.53728986,109.542404
0.0,0.17024782,188.56908
0.0,0.4919887,102.149185
0.0,0.5176052,233.62512
0.0,0.006281982,652.4572
0.0,0.28229862,179.57358
0.0,0.683743,129.19923
0.0,0.38162363,149.61475
0.0,0.26208368,183.61308
0.0,0.33576465,75.0533
0.0,0.28618875,101.58961
0.0,0.6314486,82.19704
0.0,0.5251042,65.281395
0.0,0.68352354,114.46499
0.0,0.32775196,93.126144
0.0,0.10208747,79.17654
0.0,0.5113026,381.43533
0.0,0.2825016,179.907
0.0,0.21601292,168.64827
0.0,0.2843409,73.28929
0.0,0.6649391,124.33128
0.0,0.1733291,73.99563
0.0,0.17775415,273.89667
0.0,0.17607182,69.53422
0.0,0.14175631,75.4508
0.0,0.040048543,496.70532
0.0,0.25341207,66.942024
0.0,0.7030531,66.89856
0.0,0.56804067,70.3554
0.0,0.18445753,118.65564
0.0,0.27165315,76.96263
0.0,0.11227763,396.76
0.0,0.4770269,78.25799
0.0,0.4261202,78.32949
0.0,0.2809692,119.45812
0.0,0.5205536,175.24992
0.0,0.4455975,71.83009
0.0,0.41447723,76.016335
0.0,0.4935844,91.57415
0.0,0.27816164,155.4636
0.0,0.5739953,175.74388
0.0,0.5739953,175.74388
0.0,0.108125925,73.14447
0.0,0.21630533,144.61107
0.0,0.8997169,70.36728
0.0,0.43154526,114.1667
0.0,0.36823383,227.71423
0.0,0.01802298,436.8669
0.0,0.15313098,71.01939
0.0,0.11726428,100.6357
0.0,0.07201376,88.67508
0.0,0.5305845,87.601555
0.0,0.4837416,105.24074
0.0,0.07392529,310.65787
0.0,0.2565409,132.93486
0.0,0.13869016,100.25082
0.0,0.06260109,420.38663
0.0,0.056745578,198.65402
0.0,0.4239203,79.98167
0.0,0.35954648,305.42578
0.0,0.21978171,68.081505
0.0,0.19604945,71.378845
0.0,0.20770597,96.28644
0.0,0.1964961,249.68791
0.0,0.033934068,165.6384
0.0,0.75948685,86.945435
0.0,0.5180858,99.36559
0.0,0.6276561,95.18067
0.0,0.360172,72.77916
0.0,0.19104524,404.9653
0.0,0.79750097,581.4145
0.0,0.24883452,88.80564
0.0,0.6256791,127.948555
0.0,0.17150253,98.42257
0.0,0.149744,75.18823
0.0,0.07485799,157.72491
0.0,0.7104134,76.904205
0.0,0.3965575,224.99475
0.0,0.47796854,244.42302
0.0,0.031451933,68.05662
0.0,0.6155439,89.22627
0.0,0.046477497,150.69519
0.0,0.4642794,89.62478
0.0,0.1494656,78.27217
0.0,0.5441621,71.379745
0.0,0.5052747,108.24679
0.0,0.80637354,70.24884
0.0,0.20734318,150.32031
0.0,0.18840034,72.034454
0.0,0.43099087,240.91963
0.0,0.99999547,71.736565
0.0,0.7282531,238.91791
0.0,0.21357651,70.00008
0.0,0.32139972,108.29463
0.0,0.3111717,85.76584
0.0,0.2592233,65.95641
0.0,0.49440283,68.68243
0.0,0.29829034,67.077065
0.0,0.2811184,75.04987
0.0,0.4731362,149.1492
0.0,0.47938442,138.5898
0.0,0.5299399,88.91081
0.0,0.08550598,82.46966
0.0,0.0962357,67.975235
0.0,0.44514993,136.4473
0.0,0.43938324,591.7296
0.0,0.19680442,132.07591
0.0,0.7205585,87.446976
0.0,0.50156707,139.21799
0.0,0.08065909,321.34256
0.0,0.44120902,75.72363
0.0,0.012050475,141.60846
0.0,0.3792463,88.83865
0.0,0.18182288,71.99585
0.0,0.3336492,92.39879
0.0,0.3597042,86.87756
0.0,0.23930912,261.34885
0.0,0.4521145,119.38469
0.0,0.49969357,96.30393
0.0,0.50741583,73.92354
0.0,0.28480324,106.01149
0.0,0.18903956,73.60401
0.0,0.34122792,65.54463
0.0,0.032984603,165.9514
0.0,0.15360364,71.51126
0.0,0.17427857,131.41832
0.0,0.46391118,130.7058
0.0,0.80149466,69.0173
0.0,0.05691133,81.54457
0.0,0.00788382,147.59338
0.0,0.07892083,117.08364
0.0,0.5312279,133.73666
0.0,0.50644654,230.82516
0.0,0.16895922,124.21496
0.0,0.1347496,71.023026
0.0,0.45663333,94.01424
0.0,0.955403,364.22232
0.0,0.654385,72.47305
0.0,0.104427256,446.12985
0.0,0.5682309,111.92886
0.0,0.5848683,325.94333
0.0,0.35062745,85.34407
0.0,0.3014815,232.44853
0.0,0.42707992,135.52026
0.0,0.26085496,75.621185
0.0,0.23573668,89.96976
0.0,0.18574776,472.06747
0.0,0.9899588,190.24097
0.0,0.40420294,413.52866
0.0,0.1625262,248.04613
0.0,0.18469246,76.24735
0.0,0.07259495,423.7889
0.0,0.41825736,87.28446
0.0,0.5677776,84.644035
0.0,0.4348062,100.958305
0.0,0.49557236,89.383575
0.0,0.94855094,99.90732
0.0,0.5844326,75.49084
0.0,0.30663714,92.83652
0.0,0.14299038,89.1346
0.0,0.050201736,171.57487
0.0,0.15019731,67.309
0.0,0.33273587,288.30344
0.0,0.3766583,137.44034
0.0,0.12918672,151.13686
0.0,0.5249721,76.05572
0.0,0.49853694,210.87422
0.0,0.2978636,118.83223
0.0,0.29484972,107.293724
0.0,0.4272109,137.58014
0.0,0.38476035,69.87669
0.0,0.65020955,94.574295
0.0,0.39903396,82.45608
0.0,0.5882219,195.94333
0.0,0.4362992,109.06578
0.0,0.6324358,77.51765
0.0,0.50229937,74.833534
0.0,0.14337225,256.48355
0.0,0.1101321,260.9675
0.0,0.27202347,96.71977
0.0,0.30735442,78.35287
0.0,0.63209677,72.23909
0.0,0.19952494,71.00463
0.0,0.7192189,69.99961
0.0,0.1961355,283.42172
0.0,0.060922123,744.22797
0.0,0.19441651,130.438
0.0,0.4161808,337.29205
0.0,0.38994133,106.11047
0.0,0.41993603,71.83745
0.0,0.5807812,77.42266
0.0,0.49521002,82.17261
0.0,0.23802774,177.65016
0.0,0.6369508,70.24911
0.0,0.17083324,71.50492
0.0,0.22018768,193.3699
0.0,0.22805262,75.10049
0.0,0.504686,91.5148
0.0,0.057799883,94.905754
0.0,0.111733176,109.34593
0.0,0.09155798,193.15761
0.0,0.23761463,69.37031
0.0,0.51206625,85.45419
0.0,0.3177316,110.59409
0.0,0.58475906,126.731415
0.0,0.32863516,66.03768
0.0,0.07402849,513.69214
0.0,0.2758916,78.48548
0.0,0.29230714,148.95845
0.0,0.06931382,142.14043
0.0,0.31577346,136.54118
0.0,0.24170576,87.79598
0.0,0.43964058,69.35262
0.0,0.13293701,152.21716
0.0,0.52987236,67.03525
0.0,0.33731872,65.99861
0.0,0.047001768,91.93244
0.0,0.12511282,169.99573
0.0,0.20469381,147.24167
0.0,0.6543037,74.363106
0.0,0.60417235,66.054245
0.0,0.20239885,69.132416
0.0,0.022546986,241.09904
0.0,0.54695773,66.18198
0.0,0.38888094,113.28982
0.0,0.41332945,72.20644
0.0,0.47392404,162.169
0.0,0.16712311,605.28973
0.0,0.0013613111,715.9343
0.0,0.13878152,222.21635
0.0,0.17077805,1148.6698
0.0,0.23307547,81.0147
0.0,0.56966627,74.624306
0.0,0.55243766,66.14061
0.0,0.032729387,200.92902
0.0,0.07761013,918.74725
0.0,0.27492523,510.6832
0.0,0.31339842,439.99948
0.0,0.54667753,87.36917
0.0,0.16024366,156.38936
0.0,0.23893565,79.58799
0.0,0.74534756,78.71515
0.0,0.15615772,90.05861
0.0,0.15615772,90.05861
0.0,0.45240083,77.84557
0.0,0.20309536,67.66992
0.0,0.11497988,67.509605
0.0,0.22710763,111.53195
0.0,0.2331909,66.14099
0.0,0.5346773,84.170784
0.0,0.41639373,76.79523
0.0,0.14916316,95.393684
0.0,0.4645285,129.1508
0.0,0.5292328,96.36708
0.0,0.13926584,68.46021
0.0,0.2884155,74.20405
0.0,0.14658739,120.52327
0.0,0.17024647,287.9507
0.0,0.20424058,155.4822
0.0,0.0841917,81.28746
0.0,0.9606109,72.15594
0.0,0.48974484,68.884254
0.0,0.33103326,75.64274
0.0,0.04690045,933.956
0.0,0.8172849,618.8443
0.0,0.15437682,73.97075
0.0,0.6152863,75.62675
0.0,0.4635546,191.67317
0.0,0.50951594,92.10333
0.0,0.40663096,74.691444
0.0,0.9649685,114.380875
0.0,0.6960861,75.93052
0.0,0.36216834,79.7276
0.0,0.36907297,74.11708
0.0,0.11305499,88.17491
0.0,0.43847218,75.070915
0.0,0.36100644,159.8853
0.0,0.011280817,551.7143
0.0,0.49440283,388.31937
0.0,0.33361304,146.91893
0.0,0.27890447,178.79529
0.0,0.7063186,105.03907
0.0,0.49440283,79.56119
0.0,0.58890355,84.01299
0.0,0.27327323,67.1373
0.0,0.339533,65.005646
0.0,0.03737302,186.29552
0.0,0.3080109,75.730865
0.0,0.058886822,570.9568
0.0,0.5859126,97.85713
0.0,0.20836963,194.24811
0.0,0.10307539,87.178314
0.0,0.5427537,131.23218
0.0,0.9794072,158.58072
0.0,0.5431118,79.68822
0.0,0.05696163,586.6112
0.0,0.2042442,144.07375
0.0,0.6403031,84.22887
0.0,0.5394601,82.18181
0.0,0.003883399,815.7699
0.0,0.11678401,138.77899
0.0,0.5629953,81.01283
0.0,0.62886333,66.74046
0.0,0.17902836,212.5943
0.0,0.48989505,158.93849
0.0,0.5658364,103.365005
0.0,0.45711845,67.6513
0.0,0.12214629,97.69232
0.0,0.35976222,70.341324
0.0,0.6739432,168.39516
0.0,0.08504439,84.34892
0.0,0.026571853,104.82702
0.0,0.3610311,116.532936
0.0,0.17244197,76.00117
0.0,0.036083538,680.3811
0.0,0.7085785,71.20777
0.0,0.6149386,70.26087
0.0,0.5723566,83.520096
0.0,0.056877434,106.87492
0.0,0.1899475,93.2989
0.0,0.22068745,69.98878
0.0,0.03514589,96.499954
0.0,0.62719387,71.82276
0.0,0.15938231,82.24155
0.0,0.18231921,121.71426
0.0,0.42733324,96.24307
0.0,0.16517968,128.8134
0.0,0.19924489,134.45375
0.0,0.15684687,271.06592
0.0,0.58562064,99.5778
0.0,0.23916,68.26734
0.0,0.16381635,118.52263
0.0,0.17074648,175.13556
0.0,0.17917003,100.68615
0.0,0.22133246,111.849075
0.0,0.18516542,65.23688
0.0,0.24355613,589.32965
0.0,0.6847281,67.01534
0.0,0.19072525,76.74116
0.0,0.506601,106.09941
0.0,0.5265938,104.0454
0.0,0.96083254,79.485535
0.0,0.38691235,113.25761
0.0,0.08360742,108.55231
0.0,0.49443185,203.10045
0.0,0.2584555,274.09372
0.0,0.6106566,79.77572
0.0,0.12275895,150.34912
0.0,0.17824268,73.18506
0.0,0.14935613,81.98271
0.0,0.24480341,338.11963
0.0,0.30120575,302.1869
0.0,0.52309895,75.48261
0.0,0.35779467,127.04851
0.0,0.4218716,133.36577
0.0,0.39372262,99.009636
0.0,0.6031678,89.5562
0.0,0.0799935,72.691414
0.0,0.24078731,77.60679
0.0,0.24471152,137.6059
0.0,0.1536414,97.37844
0.0,0.5469724,98.2173
0.0,0.5176403,74.40672
0.0,0.946151,724.37213
0.0,0.50694585,87.16856
0.0,0.49440283,79.74353
0.0,0.18929596,210.01582
0.0,0.51306516,87.40964
0.0,0.6594548,92.94983
0.0,0.45831674,117.95816
0.0,0.18990898,70.15238
0.0,0.054065425,125.46943
0.0,0.10562745,456.6792
0.0,0.2504676,114.26214
0.0,0.19727252,171.61444
0.0,0.101825856,66.76186
0.0,0.48460492,150.33806
0.0,0.20805249,360.37415
0.0,0.16789393,142.20021
0.0,0.5807612,78.3992
0.0,0.43828562,343.29233
0.0,0.18415782,106.442566
0.0,0.5449139,74.73646
0.0,0.12733638,129.43962
0.0,0.6140521,103.664604
0.0,0.296352,101.86023
0.0,0.060287353,83.70956
0.0,0.07109815,82.083405
0.0,0.44914636,121.65561
0.0,0.26706597,66.19655
0.0,0.40899932,131.43167
0.0,0.24468344,65.84809
0.0,0.19866197,77.25395
0.0,0.13464336,350.56964
0.0,0.46516985,75.545334
0.0,0.12435343,89.84146
0.0,0.31648985,82.87229
0.0,0.05099247,1230.615
0.0,0.18456487,66.86394
0.0,0.24181788,337.83594
0.0,0.24216032,65.80039
0.0,0.1423533,94.969444
0.0,0.14041872,525.77325
0.0,0.038151983,990.2556
0.0,0.55488867,97.33005
0.0,0.3765592,107.83037
0.0,0.5101383,66.718376
0.0,0.6946379,73.35422
0.0,0.20014343,178.59615
0.0,0.10023297,120.62944
0.0,0.26622927,125.72979
0.0,0.060301732,182.48398
0.0,0.5039353,100.63056
0.0,0.11732757,135.93185
0.0,0.7033749,109.26306
0.0,0.55693346,104.36902
0.0,0.37897757,123.48806
0.0,0.25627273,91.18627
0.0,0.8258627,67.32513
0.0,0.33031625,78.16928
0.0,0.32391474,102.345985
0.0,0.64071363,216.36902
0.0,0.66085166,100.0269
0.0,0.47713262,84.69835
0.0,0.19207521,120.63428
0.0,0.09242252,92.06777
0.0,0.122378975,74.91387
0.0,0.14629531,228.03786
0.0,0.09493213,248.19868
0.0,0.08662704,92.92207
0.0,0.6744756,81.639084
0.0,0.0853218,90.26236
0.0,0.2864095,67.02914
0.0,0.13078679,101.26821
0.0,0.11035558,351.6581
0.0,0.048350845,90.55225
0.0,0.51365715,139.68835
0.0,0.56550515,250.65244
0.0,0.19404086,167.26503
0.0,0.5675925,71.33049
0.0,0.4924633,90.88057
0.0,0.42225283,84.79088
0.0,0.51825947,86.326355
0.0,0.4983924,67.21893
0.0,0.13369916,329.52313
0.0,0.11689641,274.93192
0.0,0.31767485,101.52505
0.0,0.56553096,67.81215
0.0,0.44686353,239.45128
0.0,0.27499118,81.57699
0.0,0.42974162,77.45971
0.0,0.88834894,343.0864
0.0,0.3703114,127.16783
0.0,0.5931612,70.341225
0.0,0.086044736,168.17168
0.0,0.34552205,71.557045
0.0,0.49440283,9.624696e+12
0.0,0.2718952,70.759964
0.0,0.13056512,114.013695
0.0,0.16777201,241.02519
0.0,0.46157578,72.8333
0.0,0.34933642,85.483986
0.0,0.43902767,71.19319
0.0,0.11201864,81.532684
0.0,0.24891725,193.09749
0.0,0.61318094,81.14902
0.0,0.29576492,74.826324
0.0,0.2433856,93.251434
0.0,0.3395343,93.70791
0.0,0.48619854,142.92618
0.0,0.19923954,86.32958
0.0,0.5992661,151.62277
0.0,0.36644778,134.85522
0.0,0.07883173,137.18404
0.0,0.60000396,170.38467
0.0,0.71558446,87.93517
0.0,0.34246704,98.89816
0.0,0.11789417,113.92141
0.0,0.32155484,65.295105
0.0,0.52222013,91.2892
0.0,0.48856977,67.286476
0.0,0.13096553,72.374435
0.0,0.104658216,104.341354
0.0,0.17701623,69.72634
0.0,0.093405105,70.37655
0.0,0.20476332,87.19823
0.0,0.30697504,253.06723
0.0,0.66188955,70.99438
0.0,0.11016996,95.32453
0.0,0.1930372,92.37617
0.0,0.26386547,70.20963
0.0,0.17840594,286.23468
0.0,0.157964,71.05318
0.0,0.017206704,748.30023
0.0,0.203055,75.007614
0.0,0.17297924,165.2698
0.0,0.033052012,390.3936
0.0,0.07778429,218.76543
0.0,0.34829128,94.02276
0.0,0.57613367,97.91469
0.0,0.4462901,79.58202
0.0,0.6039546,68.27531
0.0,0.72373056,93.88396
0.0,0.19335037,90.48704
0.0,0.34221795,124.68747
0.0,0.26755163,85.58751
0.0,0.15166432,210.55182
0.0,0.55995667,73.36542
0.0,0.16109791,119.91056
0.0,0.7116603,65.52463
0.0,0.4295024,320.61588
0.0,0.37036362,114.044495
0.0,0.30229202,82.84072
0.0,0.06186848,67.43865
0.0,0.34821683,76.43201
0.0,0.5121893,75.95332
0.0,0.1490193,69.13441
0.0,0.56430036,153.21619
0.0,0.5477459,83.59094
0.0,0.15334636,76.381836
0.0,0.10537791,116.09592
0.0,0.28378755,107.88596
0.0,0.06340393,147.32309
0.0,0.5139687,116.07769
0.0,0.34234425,84.27583
0.0,0.36226785,730.60596
0.0,0.56014997,91.65915
0.0,0.5558401,69.96926
0.0,0.27295232,205.44463
0.0,0.14377698,81.92328
0.0,0.39949864,145.50584
0.0,0.6038151,574.8536
0.0,0.28397194,68.47023
0.0,0.93398464,103.119026
0.0,0.30581698,474.5726
0.0,0.010595459,498.31125
0.0,0.5565893,66.479645
0.0,0.24019289,133.3124
0.0,0.27585152,68.41156
0.0,0.11070047,717.1794
0.0,0.39480537,71.553116
0.0,0.7421277,67.30891
0.0,0.39909276,96.068375
0.0,0.43118808,229.31256
0.0,0.06831418,75.72114
0.0,0.44428155,112.97134
0.0,0.3571757,369.99863
0.0,0.13198417,129.10231
0.0,0.38757664,199.5743
0.0,0.22925827,80.50016
0.0,0.23098245,74.33962
0.0,0.28977922,69.08803
0.0,0.28962097,83.53713
0.0,0.5411168,97.94606
0.0,0.25384593,72.96316
0.0,0.46416098,66.34331
0.0,0.09819956,311.65735
0.0,0.2856736,73.498604
0.0,0.50245893,87.14712
0.0,0.30771875,65.24752
0.0,0.10666735,118.76395
0.0,0.36127535,108.80814
0.0,0.56641656,115.52924
0.0,0.3385807,131.65944
0.0,0.7197147,436.4007
0.0,0.24141324,290.29184
0.0,0.4238431,112.25118
0.0,0.19417456,147.73906
0.0,0.59516215,81.929306
0.0,0.78308916,162.62091
0.0,0.1549806,69.15599
0.0,0.96813285,93.33635
0.0,0.37655103,103.34912
0.0,0.3856895,76.5864
0.0,0.026974324,71.31193
0.0,0.4779969,105.66108
0.0,0.37075478,205.65564
0.0,0.40855518,160.41377
0.0,0.26010686,103.86483
0.0,0.45179638,226.84631
0.0,0.4296115,99.67285
0.0,0.8349165,150.26462
0.0,0.42554367,106.52879
0.0,0.63911647,79.17341
0.0,0.22361559,422.627
0.0,0.41730025,167.9484
0.0,0.5400797,68.0693
0.0,0.12363942,80.00725
0.0,0.62347215,85.47625
0.0,0.6023003,82.011604
0.0,0.0093324995,559.2169
0.0,0.6090676,70.536194
0.0,0.38738513,80.76478
0.0,0.25620624,190.41545
0.0,0.48407862,101.91264
0.0,0.59536535,101.003815
0.0,0.105577394,88.42473
0.0,0.30574945,69.46419
0.0,0.51036525,115.729324
0.0,0.24353896,79.835976
0.0,0.48690128,103.58791
0.0,0.19560675,68.771805
0.0,0.2987425,135.85934
0.0,0.3851349,66.36057
0.0,0.1986841,168.06766
0.0,0.013966153,226.26933
0.0,0.09472987,310.61798
0.0,0.1501975,65.7314
0.0,0.5748295,106.250374
0.0,0.5513907,309.05838
0.0,0.3057599,84.43866
0.0,0.18427493,89.778595
0.0,0.28254545,85.91218
0.0,0.21687801,272.34378
0.0,0.09197633,100.746864
0.0,0.49194598,89.36247
0.0,0.3313216,78.10901
0.0,0.039743062,259.53818
0.0,0.16992614,171.62273
0.0,0.05656913,69.34533
0.0,0.4874832,86.13518
0.0,0.3063455,169.5157
0.0,0.093320206,189.92624
0.0,0.14397487,82.53295
0.0,0.52350724,93.85301
0.0,0.6380704,84.4624
0.0,0.0782862,134.10286
0.0,0.4136972,74.95879
0.0,0.60763,74.53403
0.0,0.50950545,109.49262
0.0,0.36294416,134.77995
0.0,0.04975896,664.9642
0.0,0.55929273,90.39729
0.0,0.4831394,99.50629
0.0,0.5406792,230.30052
0.0,0.57925206,177.50822
0.0,0.3116474,345.98727
0.0,0.10145355,90.10314
0.0,0.58316886,67.648865
0.0,0.5410247,72.817024
0.0,0.19663218,250.26991
0.0,0.06319869,507.5916
0.0,0.66156673,113.57826
0.0,0.43577638,91.81588
0.0,0.46954158,85.63792
0.0,0.03986584,70.416954
0.0,0.12611458,145.7152
0.0,0.5117962,89.54462
0.0,0.08619158,73.76884
0.0,0.43707126,72.92635
0.0,0.09935454,125.41909
0.0,0.07792222,207.6985
0.0,0.18908073,174.98969
0.0,0.7659537,94.20736
0.0,0.10310472,73.19006
0.0,0.32758632,103.47345
0.0,0.42585555,202.4558
0.0,0.1730128,159.23665
0.0,0.33675978,91.873055
0.0,0.35196957,110.565926
0.0,0.4085683,84.26154
0.0,0.2738336,75.08581
0.0,0.05639124,97.25519
0.0,0.37468663,228.30354
0.0,0.6924273,67.76314
0.0,0.3245151,86.91208
0.0,0.1132235,75.136116
0.0,0.23575108,103.07426
0.0,0.09588512,738.4193
0.0,0.082555324,238.65599
0.0,0.53505075,83.272064
0.0,0.25992697,101.61945
0.0,0.6326503,75.320435
0.0,0.4784001,82.928406
0.0,0.30609986,69.116875
0.0,0.15980321,84.30438
0.0,0.20979592,170.47675
0.0,0.43303534,117.9581
0.0,0.6296255,143.3037
0.0,0.34290442,97.11138
0.0,0.12373361,66.74853
0.0,0.03639603,65.60111
0.0,0.25369412,67.2175
0.0,0.21479073,175.90913
0.0,0.4230086,65.05204
0.0,0.086630195,66.266106
0.0,0.50349236,117.460396
0.0,0.40690678,80.678986
0.0,0.27034035,202.0625
0.0,0.49932393,116.726105
0.0,0.3852551,107.37115
0.0,0.76599836,69.701775
0.0,0.23772813,119.98905
0.0,0.71303076,395.24088
0.0,0.50982434,66.89408
0.0,0.3980035,376.41022
0.0,0.22119994,103.15532
0.0,0.4478361,69.08239
0.0,0.20474961,314.6236
0.0,0.27815562,320.01147
0.0,0.64258444,1.8953751e+06
0.0,0.64258444,1.8953751e+06
0.0,0.38027924,122.53292
0.0,0.14184067,436.712
0.0,0.6189919,94.395134
0.0,0.5122701,88.76177
0.0,0.43571445,201.75723
0.0,0.15243712,65.17681
0.0,0.469498,75.24346
0.0,0.644448,81.84955
0.0,0.14588714,107.826935
0.0,0.23243095,79.393776
0.0,0.33957484,72.751816
0.0,0.4043904,86.56737
0.0,0.44907597,104.04877
0.0,0.032849427,625.85846
0.0,0.5149472,91.02462
0.0,0.5537499,97.36297
0.0,0.01912786,323.6567
0.0,0.29134572,90.621185
0.0,0.065249346,120.90332
0.0,0.27604663,109.31106
0.0,0.34807608,127.346115
0.0,0.34218135,104.96511
0.0,0.56795144,74.19358
0.0,0.20897017,672.3575
0.0,0.73735994,93.56891
0.0,0.045790907,79.96193
0.0,0.21535616,86.24171
0.0,0.24474318,77.74674
0.0,0.42758104,88.65444
0.0,0.18532918,177.74274
0.0,0.36177397,70.662544
0.0,0.5619186,71.55618
0.0,0.23079196,65.571846
0.0,0.30053192,69.34122
0.0,0.531102,83.994064
0.0,0.70317334,65.77977
0.0,0.13715066,76.288765
0.0,0.63619155,164.83153
0.0,0.2841524,143.33131
0.0,0.0994678,152.74956
0.0,0.1451862,70.66317
0.0,0.29371238,72.08869
0.0,0.10558837,85.56724
0.0,0.09101591,166.75415
0.0,0.41721714,97.72823
0.0,0.44951925,135.64226
0.0,0.18249929,114.57193
0.0,0.17677477,723.02734
0.0,0.24907409,69.88717
0.0,0.43466416,107.712395
0.0,0.3927941,80.76775
0.0,0.6236706,67.83114
0.0,0.12515634,67.28888
0.0,0.91270125,114.09822
0.0,0.22793555,86.011284
0.0,0.5041556,220.58548
0.0,0.08874229,78.16325
0.0,0.08414032,175.16614
0.0,0.17914337,130.9725
0.0,0.3086239,421.178
0.0,0.20356947,106.256325
0.0,0.41504905,220.07468
0.0,0.29833078,84.79458
0.0,0.5648812,71.2206
0.0,0.01025935,381.22974
0.0,0.3550706,95.76968
0.0,0.057438202,260.0322
0.0,0.25216857,87.18174
0.0,0.39159083,71.117
0.0,0.16443372,74.47736
0.0,0.532756,103.837296
0.0,0.24078383,297.30743
0.0,0.26924258,97.780205
0.0,0.09629892,114.98957
0.0,0.4308895,68.07577
0.0,0.59779155,66.21847
0.0,0.18873326,77.22909
0.0,0.45513147,212.74548
0.0,0.5472906,81.17428
0.0,0.1242288,96.28131
0.0,0.25441882,139.2965
0.0,0.46960127,105.93958
0.0,0.20275098,67.0191
0.0,0.15761907,89.85687
0.0,0.61490923,138.46727
0.0,0.08279218,76.37949
0.0,0.4327985,69.20258
0.0,0.35608238,120.414276
0.0,0.23481834,66.479004
0.0,0.3620938,362.13284
0.0,0.7132016,107.94646
0.0,0.9905528,71.847015
0.0,0.06599021,837.7893
0.0,0.23345852,76.48456
0.0,0.4007098,115.45107
0.0,0.08006401,85.50706
0.0,0.5237157,100.86778
0.0,0.13270718,1123.666
0.0,0.51576,114.15492
0.0,0.032256916,125.384186
0.0,0.5552565,77.456795
0.0,0.4628876,80.07564
0.0,0.18309565,266.48193
0.0,0.5403202,177.23518
0.0,0.24181487,91.6098
0.0,0.029550288,192.50223
0.0,0.2143115,106.16478
0.0,0.515598,248.5311
0.0,0.49008882,626.47375
0.0,0.18971851,90.78483
0.0,0.13867846,158.99356
0.0,0.29490802,92.952965
0.0,0.1219575,92.23803
0.0,0.27937517,84.107086
0.0,0.3790921,105.67228
0.0,0.11142608,242.87344
0.0,0.098513804,274.3388
0.0,0.4390053,121.76211
0.0,0.62143517,74.18022
0.0,0.42842144,67.04209
0.0,0.33421436,109.215385
0.0,0.46981895,80.88223
0.0,0.16227828,79.74178
0.0,0.58631355,121.01668
0.0,0.15161426,150.49115
0.0,0.53174835,73.129456
0.0,0.31238654,66.92667
0.0,0.3549886,74.18698
0.0,0.21592192,138.71553
0.0,0.49440283,85.011086
0.0,0.48593813,80.574486
0.0,0.6061684,71.85778
0.0,0.51639575,69.54109
0.0,0.28696805,81.61726
0.0,0.30924034,130.2393
0.0,0.15413919,173.86922
0.0,0.60877174,104.554085
0.0,0.50771165,65.185616
0.0,0.37127516,72.47982
0.0,0.78982866,84.95323
0.0,0.08888234,98.19649
0.0,0.10312,1118.5847
0.0,0.037068207,277.21637
0.0,0.6437241,149.36429
0.0,0.31988162,86.64636
0.0,0.057360277,442.96942
0.0,0.5221652,473.61484
0.0,0.05031434,74.26477
0.0,0.54219043,135.61195
0.0,0.098225266,97.21753
0.0,0.14190097,150.2162
0.0,0.4929449,117.51954
0.0,0.3740982,502.53287
0.0,0.3578523,128.39325
0.0,0.5749274,102.48339
0.0,0.14785334,257.07025
0.0,0.952309,85.656906
0.0,0.14237863,203.16568
0.0,0.23209901,76.22714
0.0,0.49801278,91.88965
0.0,0.14937174,66.00332
0.0,0.44137484,86.85727
0.0,0.13210478,73.686386
0.0,0.07919705,132.32376
0.0,0.49440283,97.995674
0.0,0.069789864,361.83755
0.0,0.26712352,106.92933
0.0,0.2546038,548.69525
0.0,0.5991534,259.38663
0.0,0.4781474,499.40945
0.0,0.5131404,305.63947
0.0,0.38405558,87.55643
0.0,0.22078662,81.89791
0.0,0.563871,71.58823
0.0,0.51038843,105.51541
0.0,0.35204872,84.371796
0.0,0.066006355,639.33594
0.0,0.48238757,79.07854
0.0,0.35760227,101.902405
0.0,0.08796478,95.69308
0.0,0.20037316,492.40152
0.0,0.19777597,67.3665
0.0,0.57854974,126.80943
0.0,0.42701182,529.6375
0.0,0.23374029,219.55566
0.0,0.16582613,97.42269
0.0,0.22973636,72.7522
0.0,0.25712457,104.91102
0.0,0.009245954,193.94028
0.0,0.679905,70.57747
0.0,0.11951349,425.14883
0.0,0.2720904,105.41837
0.0,0.2720904,105.41837
0.0,0.1901547,91.13332
0.0,0.39378718,297.79227
0.0,0.54489803,76.09213
0.0,0.26224595,160.2527
0.0,0.40038598,200.10484
0.0,0.6164199,67.76571
0.0,0.562866,70.3928
0.0,0.56749403,80.489204
0.0,0.21496508,251.34677
0.0,0.4127159,289.2648
0.0,0.12513417,65.27231
0.0,0.42886096,116.582146
0.0,0.27152783,242.77519
0.0,0.49385843,88.74031
0.0,0.5347527,214.05525
0.0,0.6874675,110.38586
0.0,0.4377201,76.05115
0.0,0.5361096,100.98474
0.0,0.51690066,274.07523
0.0,0.03378254,461.64392
0.0,0.04229701,84.55006
0.0,0.11164853,70.17907
0.0,0.06119643,101.43725
0.0,0.13200836,288.9528
0.0,0.2664857,256.2014
0.0,0.23991528,110.28131
0.0,0.44248763,81.12082
0.0,0.006128073,455.702
0.0,0.30994728,99.88232
0.0,0.52300185,80.1309
0.0,0.3882671,86.0343
0.0,0.11955018,65.61111
0.0,0.30664283,65.271126
0.0,0.32375446,141.31645
0.0,0.5209071,74.4416
0.0,0.09082851,102.857086
0.0,0.44108522,229.68575
0.0,0.082267836,104.06711
0.0,0.08535484,102.060844
0.0,0.20945252,90.47131
0.0,0.19033124,349.36176
0.0,0.57572705,107.61829
0.0,0.44969514,94.1385
0.0,0.39603227,67.28207
0.0,0.1696306,77.3197
0.0,0.052379496,317.11176
0.0,0.36192876,179.85692
0.0,0.056849726,566.0768
0.0,0.4945627,86.278435
0.0,0.061579198,66.96457
0.0,0.49079826,135.0113
0.0,0.20278572,72.81237
0.0,0.30952993,72.409424
0.0,0.18023698,92.63204
0.0,0.59647197,119.30908
0.0,0.13893119,145.42055
0.0,0.15466926,85.73197
0.0,0.12244967,68.69747
0.0,0.42546183,122.047874
0.0,0.6949942,77.45271
0.0,0.58316046,71.76587
0.0,0.104464896,82.20778
0.0,0.08491173,70.017525
0.0,0.6439587,1071.685
0.0,0.20560072,76.85166
0.0,0.13471241,92.04768
0.0,0.3894672,140.25153
0.0,0.18175602,94.840546
0.0,0.574582,111.30716
0.0,0.30651027,90.91448
0.0,0.22305965,96.28765
0.0,0.6730868,162.4808
0.0,0.5044937,67.073296
0.0,0.5006837,104.41143
0.0,0.15486833,68.88259
0.0,0.42539716,72.61914
0.0,0.069393024,125.98087
0.0,0.2327764,120.66574
0.0,0.69998866,167.8166
0.0,0.35999668,71.62773
0.0,0.13125513,89.36812
0.0,0.62148505,252.1932
0.0,0.08187952,65.02549
0.0,0.27420947,101.23453
0.0,0.29756543,65.48599
0.0,0.22901168,77.23591
0.0,0.18820953,113.43227
0.0,0.65068907,106.13652
0.0,0.18516469,69.08609
0.0,0.23040476,147.08623
0.0,0.26577577,102.67554
0.0,0.07865576,93.84374
0.0,0.08259792,321.474
0.0,0.17196828,109.82963
0.0,0.34431243,128.25609
0.0,0.14724721,757.7832
0.0,0.59472036,71.17934
0.0,0.13013251,73.12596
0.0,0.24247865,140.7012
0.0,0.107485846,71.99786
0.0,0.43894213,227.90796
0.0,0.16340469,76.140274
0.0,0.47758323,74.68826
0.0,0.6804161,86.96276
0.0,0.0862338,79.9259
0.0,0.014024394,381.44455
0.0,0.11376152,181.24806
0.0,0.48794428,102.25186
0.0,0.3613554,143.65878
0.0,0.33817935,112.7072
0.0,0.02051691,168.81807
0.0,0.2086263,135.23138
0.0,0.54438514,107.86334
0.0,0.053123217,120.82622
0.0,0.44160563,495.00668
0.0,0.5456348,138.86038
0.0,0.31517133,259.21423
0.0,0.5195838,83.03063
0.0,0.49084714,65.50287
0.0,0.30677128,167.7455
0.0,0.72435415,68.754326
0.0,0.36295673,72.12671
0.0,0.12110097,176.39943
0.0,0.07871561,85.81553
0.0,0.37665138,100.07458
0.0,0.1595642,178.97656
0.0,0.23185688,74.42308
0.0,0.2613947,286.6171
0.0,0.36698842,77.79341
0.0,0.7896784,66.30057
0.0,0.51286566,75.44436
0.0,0.1039388,70.682625
0.0,0.3788961,67.96253
0.0,0.39299363,168.59357
0.0,0.21809602,69.05513
0.0,0.7242837,81.59943
0.0,0.47668213,101.03033
0.0,0.16623795,907.7173
0.0,0.9351886,77.96057
0.0,0.197512,79.9048
0.0,0.5095897,98.85431
0.0,0.017002812,946.6057
0.0,0.5652495,150.98982
0.0,0.2998973,468.30844
0.0,0.46522254,114.86263
0.0,0.8830194,214.44456
0.0,0.45727494,79.10867
0.0,0.63371193,95.3952
0.0,0.16934565,143.53888
0.0,0.36616516,194.81978
0.0,0.46968517,513.5616
0.0,0.45938584,92.20054
0.0,0.07750342,89.420876
0.0,0.55011994,111.12692
0.0,0.6419904,65.87313
0.0,0.09246906,126.32611
0.0,0.44846928,102.03334
0.0,0.24513116,226.40341
0.0,0.18528235,579.7504
0.0,0.21437702,220.13206
0.0,0.2537133,66.92754
0.0,0.25371328,66.92754
0.0,0.5542057,107.58876
0.0,0.35640743,90.33308
0.0,0.5512474,65.73403
0.0,0.66772556,66.47364
0.0,0.0969417,69.40358
0.0,0.5478497,88.26056
0.0,0.6440473,74.4275
0.0,0.17115414,262.17325
0.0,0.7796128,67.611534
0.0,0.41221645,88.069695
0.0,0.3222079,73.4645
0.0,0.072191276,66.3473
0.0,0.049691062,79.12822
0.0,0.15986839,72.44336
0.0,0.10053545,253.84769
0.0,0.44693506,529.1856
0.0,0.29561052,70.80704
0.0,0.5336916,90.974464
0.0,0.3582256,68.52733
0.0,0.22773956,88.06198
0.0,0.5191026,79.12748
0.0,0.1502828,238.39226
0.0,0.56361413,106.05597
0.0,0.3250732,103.47271
0.0,0.43826103,69.66803
0.0,0.50973356,207.76076
0.0,0.5479095,90.67463
0.0,0.43678918,193.35823
0.0,0.41847154,118.51228
0.0,0.06626679,770.0776
0.0,0.45302472,162.46083
0.0,0.108569235,65.78038
0.0,0.7367699,108.00804
0.0,0.24188225,74.112465
0.0,0.24516504,147.40237
0.0,0.18555282,66.38699
0.0,0.17776217,483.78757
0.0,0.31381798,163.09494
0.0,0.35317588,89.125984
0.0,0.49885044,449.77875
0.0,0.5632887,69.228485
0.0,0.36099014,95.77359
0.0,0.6456679,66.80538
0.0,0.58129567,71.5274
0.0,0.09740364,131.32594
0.0,0.49959084,72.41161
0.0,0.6236139,97.62233
0.0,0.45365828,77.69838
0.0,0.28706506,95.14703
0.0,0.2156749,89.209885
0.0,0.19188052,67.373604
0.0,0.33696702,227.6461
0.0,0.57111615,72.71376
0.0,0.62417626,81.61491
0.0,0.15292372,179.57121
0.0,0.17212728,139.42113
0.0,0.48392814,68.96411
0.0,0.16257122,153.57272
0.0,0.17017278,260.5239
0.0,0.14549671,147.88658
0.0,0.2780906,71.968285
0.0,0.7722408,70.68524
0.0,0.18069293,109.11093
0.0,0.24126022,119.83119
0.0,0.6315343,297.43723
0.0,0.584163,331.77087
0.0,0.85638773,91.41889
0.0,0.03783355,159.78912
0.0,0.5321709,76.68314
0.0,0.14279325,70.05737
0.0,0.26747766,76.87989
0.0,0.21725594,84.37798
0.0,0.079515085,76.935326
0.0,0.07787553,237.64081
0.0,0.13367447,75.254265
0.0,0.11239089,127.60778
0.0,0.13528608,95.00587
0.0,0.58155525,98.13592
0.0,0.09232948,91.02552
0.0,0.22890806,85.79736
0.0,0.39351997,342.48572
0.0,0.3943378,75.21077
0.0,0.30658606,72.14201
0.0,0.09811849,946.55945
0.0,0.6522435,75.810234
0.0,0.22826394,135.0285
0.0,0.4115572,386.18558
0.0,0.7270611,69.300766
0.0,0.34533498,99.32294
0.0,0.18554395,99.218445
0.0,0.04129215,93.95619
0.0,0.24324875,73.12588
0.0,0.37607238,78.14302
0.0,0.45810544,84.06702
0.0,0.3162003,66.54093
0.0,0.19901404,109.53537
0.0,0.47554746,78.67054
0.0,0.20520797,91.33146
0.0,0.19566701,105.754684
0.0,0.3348469,77.41063
0.0,0.13854095,108.7107
0.0,0.19067569,67.8563
0.0,0.14856851,164.50618
0.0,0.013908918,183.56036
0.0,0.12463536,131.79836
0.0,0.09184004,71.58919
0.0,0.05582117,262.69092
0.0,0.73632014,66.26018
0.0,0.14929,147.9431
0.0,0.14043947,66.152885
0.0,0.5095435,81.599724
0.0,0.5910024,176.97345
0.0,0.29099357,426.87012
0.0,0.17471646,72.78573
0.0,0.35878092,75.98404
0.0,0.22447617,76.654335
0.0,0.37633595,77.78786
0.0,0.19586977,67.066666
0.0,0.22592418,131.90744
0.0,0.12676866,103.45777
0.0,0.3678496,88.041245
0.0,0.631665,780.70435
0.0,0.11993715,75.32207
0.0,0.81804466,105.92144
0.0,0.10975274,65.59737
0.0,0.5485602,242.99867
0.0,0.19346625,124.63963
0.0,0.043218542,107.087944
0.0,0.3847113,102.53551
0.0,0.690974,107.637085
0.0,0.60836434,100.446106
0.0,0.5032351,84.017166
0.0,0.09147792,85.1842
0.0,0.21045846,293.45767
0.0,0.29069465,170.75934
0.0,0.1597507,114.23404
0.0,0.2633289,120.74426
0.0,0.05255951,75.70696
0.0,0.09535859,293.38425
0.0,0.6247237,78.0489
0.0,0.15508945,97.07956
0.0,0.19822013,177.22662
0.0,0.09932602,180.39684
0.0,0.5062695,278.56143
0.0,0.3314219,70.88346
0.0,0.12402718,88.52512
0.0,0.55360216,214.62712
0.0,0.3553674,70.28668
0.0,0.30926865,80.41191
0.0,0.36597517,85.40092
0.0,0.4647161,93.597626
0.0,0.09622709,88.0821
0.0,0.25584805,65.13459
0.0,0.63347906,98.67988
0.0,0.4899054,70.47535
0.0,0.51339465,371.75653
0.0,0.53714985,75.41283
0.0,0.6013171,119.5083
0.0,0.05730358,323.74326
0.0,0.71546346,145.05028
0.0,0.4576952,91.7289
0.0,0.24079953,329.3282
0.0,0.17502427,110.48747
0.0,0.2201229,68.51996
0.0,0.22042342,116.93757
0.0,0.14207473,135.47028
0.0,0.06791468,129.02423
0.0,0.5915982,107.40393
0.0,0.29591134,162.34715
0.0,0.08614097,510.0153
0.0,0.02532006,68.441986
0.0,0.5297611,69.39181
0.0,0.5702558,123.078735
0.0,0.45225477,97.648705
0.0,0.16947891,102.7819
0.0,0.4016315,120.39055
0.0,0.46702346,74.92782
0.0,0.4574893,68.54469
0.0,0.39744094,131.02377
0.0,0.5221912,68.4035
0.0,0.38100684,87.850945
0.0,0.5209717,92.46118
0.0,0.6959407,96.080925
0.0,0.17922202,65.37134
0.0,0.6016995,95.38473
0.0,0.7212143,264.80603
0.0,0.21379773,68.40412
0.0,0.304107,75.10665
0.0,0.06761958,66.75245
0.0,0.11233249,65.089745
0.0,0.53986466,78.26375
0.0,0.15765291,106.71616
0.0,0.645961,79.47953
0.0,0.39451382,97.56225
0.0,0.21267737,74.64834
0.0,0.1568326,83.30604
0.0,0.48167506,70.64603
0.0,0.36588228,154.27036
0.0,0.28351066,104.39074
0.0,0.32939455,157.7786
0.0,0.23717526,66.462875
0.0,0.27310997,71.59202
0.0,0.36273688,97.078384
0.0,0.2110403,112.41621
0.0,0.2045868,134.61292
0.0,0.23036183,371.13297
0.0,0.21000719,95.60326
0.0,0.19509426,183.56036
0.0,0.060770374,88.676445
0.0,0.17803258,139.85878
0.0,0.44261086,81.36923
0.0,0.5158422,88.180115
0.0,0.35349062,100.83666
0.0,0.49440283,266.68784
0.0,0.062168784,65.83972
0.0,0.40222684,111.9867
0.0,0.809433,81.895035
0.0,0.43659306,101.464424
0.0,0.09338616,212.10445
0.0,0.19475453,81.574524
0.0,0.34120813,70.48626
0.0,0.30767474,68.482635
0.0,0.1247577,84.47671
0.0,0.19412288,141.32042
0.0,0.20396487,105.31419
0.0,0.21943292,69.91355
0.0,0.34760746,93.630875
0.0,0.39282852,205.49042
0.0,0.08466574,603.091
0.0,0.5256692,337.5721
0.0,0.10980938,72.18034
0.0,0.5321433,74.538574
0.0,0.15029871,495.8305
0.0,0.06643351,551.6443
0.0,0.050412662,294.55716
0.0,0.5956627,100.60123
0.0,0.6558339,89.7326
0.0,0.5748199,473.32605
0.0,0.47806138,95.351906
0.0,0.23914807,188.34871
0.0,0.14787078,138.8757
0.0,0.4556331,144.4351
0.0,0.85669744,69.869156
0.0,0.18597507,225.48181
0.0,0.79672015,106.808235
0.0,0.39716825,65.72121
0.0,0.5273355,76.19467
0.0,0.54859287,73.285286
0.0,0.043378856,380.08102
0.0,0.98803353,238.8244
0.0,0.16794616,144.04187
0.0,0.08827566,67.198586
0.0,0.54164755,89.28044
0.0,0.64829487,72.43346
0.0,0.20292391,123.586876
0.0,0.046955485,87.70496
0.0,0.074202806,112.68066
0.0,0.17551439,83.52406
0.0,0.2624746,67.24401
0.0,0.7372001,79.34271
0.0,0.28263626,217.83379
0.0,0.17945272,82.15637
0.0,0.20910904,138.49008
0.0,0.44490457,67.72922
0.0,0.47344637,134.43575
0.0,0.26154453,121.17556
0.0,0.92970425,84.96984
0.0,0.0020438838,579.6263
0.0,0.4687776,76.06983
0.0,0.05072948,137.6789
0.0,0.0615113,110.13937
0.0,0.12482275,77.39149
0.0,0.575259,87.213165
0.0,0.51223433,65.20583
0.0,0.61086756,112.208115
0.0,0.5257445,108.39468
0.0,0.55394065,200.07343
0.0,0.5215046,94.50555
0.0,0.56705135,145.3615
0.0,0.22738136,71.04268
0.0,0.58029306,563.4761
0.0,0.2081863,349.0487
0.0,0.05298372,195.27217
0.0,0.25364652,135.34978
0.0,0.56807745,66.8937
0.0,0.47900864,68.767166
0.0,0.25617254,148.90016
0.0,0.6181771,73.91355
0.0,0.41776294,107.10958
0.0,0.58328897,69.33281
0.0,0.18396814,69.01208
0.0,0.14327843,67.20532
0.0,0.36912096,72.2452
0.0,0.24674258,241.16231
0.0,0.29650232,77.64097
0.0,0.4193991,95.99789
0.0,0.12698989,65.641426
0.0,0.048593227,99.946106
0.0,0.56095475,67.66231
0.0,0.10443671,77.47181
0.0,0.09383535,74.08708
0.0,0.10193541,78.85333
0.0,0.6211206,68.31567
0.0,0.45547783,113.98071
0.0,0.4001493,193.10745
0.0,0.5854006,93.29168
0.0,0.705972,67.73928
0.0,0.12366194,90.73842
0.0,0.60884833,82.40614
0.0,0.40262616,70.556725
0.0,0.031194279,218.516
0.0,0.43233633,116.20923
0.0,0.10376162,86.06482
0.0,0.45064428,227.95625
0.0,0.025802525,77.23309
0.0,0.17553772,70.45222
0.0,0.098204516,86.63742
0.0,0.10404893,126.862976
0.0,0.45894322,127.10795
0.0,0.20939656,65.64689
0.0,0.1147115,84.8585
0.0,0.22891253,108.279
0.0,0.12585136,98.92227
0.0,0.53158844,71.41541
0.0,0.23818679,79.790474
0.0,0.3478036,75.705986
0.0,0.27102426,85.86524
0.0,0.041908316,70.32173
0.0,0.8918346,72.35048
0.0,0.17610566,70.87564
0.0,0.52704185,172.976
0.0,0.3920309,111.166466
0.0,0.17591196,87.874535
0.0,0.03857812,160.6012
0.0,0.14204954,130.76924
0.0,0.5355071,112.04703
0.0,0.22612558,168.47781
0.0,0.18319027,66.075554
0.0,0.31198347,83.65888
0.0,0.4821794,76.64908
0.0,0.11560536,79.23498
0.0,0.17638259,104.20854
0.0,0.58724946,73.642914
0.0,0.18126276,66.631294
0.0,0.20086515,85.02173
0.0,0.12449839,83.194115
0.0,0.23922691,67.70909
0.0,0.29733285,159.60362
0.0,0.49460164,69.25342
0.0,0.049827836,160.73871
0.0,0.90057397,71.08142
0.0,0.31234756,89.98794
0.0,0.4947636,83.41976
0.0,0.43954182,93.63319
0.0,0.25740597,136.09546
0.0,0.34312668,122.53568
0.0,0.09288998,120.77688
0.0,0.1485137,512.4165
0.0,0.2676588,69.624596
0.0,0.2961334,101.31108
0.0,0.5463938,131.25479
0.0,0.27957973,88.73191
0.0,0.3714467,75.71124
0.0,0.23760843,107.7338
0.0,0.15766609,118.77027
0.0,0.5453492,617.3855
0.0,0.041987892,177.73152
0.0,0.3847451,553.1436
0.0,0.58666855,74.49123
0.0,0.1388699,77.00029
0.0,0.14721556,80.03567
0.0,0.27133548,127.61002
0.0,0.19664073,73.237625
0.0,0.30364802,133.66261
0.0,0.2193741,76.59618
0.0,0.9383944,91.06051
0.0,0.29823643,548.69226
0.0,0.38351262,140.32993
0.0,0.49440283,231.46725
0.0,0.10963048,68.43054
0.0,0.4832084,106.913246
0.0,0.1316427,690.7921
0.0,0.2047074,66.533226
0.0,0.2653049,86.89326
0.0,0.48421943,668.88654
0.0,0.18489595,77.40538
0.0,0.2750269,82.40375
0.0,0.182104,86.3165
0.0,0.12142444,67.9548
0.0,0.6349094,78.7997
0.0,0.48069727,83.09123
0.0,0.63133687,130.85211
0.0,0.5197146,77.61218
0.0,0.22156224,99.76855
0.0,0.9712849,150.5737
0.0,0.18154691,70.655525
0.0,0.30637696,128.11781
0.0,0.18448746,197.60928
0.0,0.14186686,366.3186
0.0,0.1224122,128.50198
0.0,0.17417231,316.48895
0.0,0.47842357,337.9361
0.0,0.10199395,82.66615
0.0,0.10496813,76.739624
0.0,0.25460434,82.90801
0.0,0.7128802,96.71671
0.0,0.23383495,76.06179
0.0,0.772851,75.52875
0.0,0.21453488,268.17166
0.0,0.36561596,164.55794
0.0,0.59698653,65.14637
0.0,0.17345914,398.60043
0.0,0.60822946,89.552925
0.0,0.22482911,85.35241
0.0,0.53897333,80.30414
0.0,0.17232549,75.546585
0.0,0.6311798,77.248085
0.0,0.0448097,183.85455
0.0,0.08889771,89.72698
0.0,0.24354932,172.10864
0.0,0.034754973,129.5033
0.0,0.34332484,164.80809
0.0,0.49566114,67.18822
0.0,0.5327988,86.06456
0.0,0.42140672,126.12716
0.0,0.3176497,168.25072
0.0,0.22098565,111.00778
0.0,0.3729331,141.68459
0.0,0.11891221,87.144104
0.0,0.30616066,509.04352
0.0,0.13514367,109.422676
0.0,0.43596,90.115585
0.0,0.53935504,226.11586
0.0,0.54497534,72.222595
0.0,0.5512771,116.7468
0.0,0.089179784,75.631195
0.0,0.092343785,65.046875
0.0,0.2218894,138.72156
0.0,0.38876122,116.50473
0.0,0.18959475,295.026
0.0,0.21182133,80.07551
0.0,0.65154445,165.14845
0.0,0.5591189,225.38194
0.0,0.534342,95.69066
0.0,0.2719443,77.660065
0.0,0.49997795,96.472786
0.0,0.06446601,109.50849
0.0,0.046446223,91.71759
0.0,0.38954088,859.43713
0.0,0.5403371,578.9054
0.0,0.017971847,442.64127
0.0,0.20358902,257.57343
0.0,0.50469756,212.78403
0.0,0.50469756,212.78403
0.0,0.4487406,502.70258
0.0,0.3825483,3.3501074e+09
0.0,0.33734047,76.852165
0.0,0.16052943,362.0146
0.0,0.9031967,111.26928
0.0,0.49349698,74.4114
0.0,0.9224294,491.11298
0.0,0.9224294,491.11298
0.0,0.27398494,71.54679
0.0,0.49062562,111.18819
0.0,0.26453212,76.31683
0.0,0.40113786,85.34946
0.0,0.9688569,151.1225
0.0,0.49656954,88.80662
0.0,0.44399217,263.634
0.0,0.7934957,354.22617
0.0,0.16929059,273.9582
0.0,0.09973495,512.98645
0.0,0.29948297,116.194305
0.0,0.48823696,96.98016
0.0,0.03991487,168.74236
0.0,0.4884463,104.2066
0.0,0.5886613,81.55258
0.0,0.58866125,81.55258
0.0,0.34260198,375.15903
0.0,0.48081622,194.82706
0.0,0.40809262,66.25421
0.0,0.09080447,1144.0713
0.0,0.30215055,233.55061
0.0,0.23270205,96.18753
0.0,0.5059698,203.29555
0.0,0.26066265,107.85618
0.0,0.2801809,77.02898
0.0,0.31523794,144.86272
0.0,0.36992824,69.44406
0.0,0.17012042,103.24506
0.0,0.14871962,193.35155
0.0,0.018853888,212.8095
0.0,0.52622706,67.19991
0.0,0.51944,355.8404
0.0,0.31123704,75.22432
0.0,0.6432895,71.97557
0.0,0.2531631,672.9657
0.0,0.6524992,65.55737
0.0,0.28458142,132.20969
0.0,0.18628728,114.66417
0.0,0.41518205,78.10738
0.0,0.9207487,66.49273
0.0,0.103237055,407.2411
0.0,0.1877772,75.99453
0.0,0.58101696,95.30323
0.0,0.6299355,82.315216
0.0,0.077441566,144.93216
0.0,0.43671802,94.48996
0.0,0.2542659,94.93952
0.0,0.45087555,87.38874
0.0,0.38545543,161.66757
0.0,0.66928446,70.44042
0.0,0.646901,218.75055
0.0,0.15074234,75.85261
0.0,0.6824424,78.05673
0.0,0.24734107,87.9688
0.0,0.23726965,87.2645
0.0,0.3414689,86.144806
0.0,0.029101202,81.04617
0.0,0.14178556,68.89526
0.0,0.2659335,72.528496
0.0,0.60508317,137.96246
0.0,0.18053032,95.26196
0.0,0.2029714,96.05577
0.0,0.20646966,73.87534
0.0,0.42309558,185.59596
0.0,0.56777024,67.16359
0.0,0.65408194,74.16801
0.0,0.18731381,68.99672
0.0,0.18027881,124.6306
0.0,0.53442013,65.23795
0.0,0.36731026,83.529175
0.0,0.13257954,107.934006
0.0,0.051322646,190.10587
0.0,0.25035718,81.651184
0.0,0.055915777,71.1062
0.0,0.7649976,149.88045
0.0,0.48900288,77.22387
0.0,0.36377773,129.97166
0.0,0.23552904,164.092
0.0,0.17419927,119.30011
0.0,0.2243008,78.12702
0.0,0.33120555,120.55993
0.0,0.09762319,91.37577
0.0,0.2522356,82.639046
0.0,0.19109696,691.4929
0.0,0.5843936,73.200424
0.0,0.28201833,76.59656
0.0,0.09528037,67.22237
0.0,0.41064167,134.92587
0.0,0.53234327,115.50483
0.0,0.30298534,128.32095
0.0,0.4582195,761.07806
0.0,0.5570171,68.47724
0.0,0.46086964,86.52774
0.0,0.5535315,94.68292
0.0,0.29796937,90.12226
0.0,0.529898,78.84532
0.0,0.30455974,68.05663
0.0,0.08574237,394.90622
0.0,0.73897475,71.83323
0.0,0.14468892,175.95511
0.0,0.52479655,107.77686
0.0,0.5209101,206.32272
0.0,0.57225394,69.37343
0.0,0.54162055,184.52809
0.0,0.076391175,79.64028
0.0,0.08446777,346.26202
0.0,0.6890692,146.93845
0.0,0.30026272,483.60727
0.0,0.43790334,98.364555
0.0,0.5735685,72.648026
0.0,0.46476683,199.19383
0.0,0.4638786,136.97806
0.0,0.20231211,67.42536
0.0,0.1762445,74.61607
0.0,0.1720911,65.44394
0.0,0.019938365,145.9722
0.0,0.19718263,136.79132
0.0,0.3816503,482.3947
0.0,0.18940541,105.18488
0.0,0.37490425,70.05124
0.0,0.30331314,88.5122
0.0,0.119899936,74.16613
0.0,0.8138044,570.8769
0.0,0.04616341,420.96143
0.0,0.47578958,133.67221
0.0,0.5130865,72.72494
0.0,0.2724248,162.8759
0.0,0.11797461,90.26298
0.0,0.54397506,103.67183
0.0,0.95469815,69.47237
0.0,0.645468,73.51483
0.0,0.088924326,78.47152
0.0,0.34955522,225.11038
0.0,0.45706475,76.42743
0.0,0.49776214,79.69922
0.0,0.36542568,120.16149
0.0,0.48769048,115.11937
0.0,0.19595332,278.68518
0.0,0.22317195,91.96121
0.0,0.08741054,1259.8778
0.0,0.49440283,97.12732
0.0,0.27843276,88.113144
0.0,0.14449075,118.89886
0.0,0.56600046,85.834656
0.0,0.6535512,137.97527
0.0,0.5769275,75.38071
0.0,0.10900582,95.73814
0.0,0.28637913,139.32074
0.0,0.13445558,110.653
0.0,0.20867965,72.21344
0.0,0.6544434,160.25754
0.0,0.21763106,143.35452
0.0,0.15800586,89.64811
0.0,0.4686502,119.36137
0.0,0.47155702,152.46806
0.0,0.67736244,66.7105
0.0,0.5293707,99.51612
0.0,0.3138044,378.83365
0.0,0.4036017,276.83267
0.0,0.23481858,70.159584
0.0,0.08369067,65.94877
0.0,0.41982228,92.1704
0.0,0.2767804,82.454605
0.0,0.0970081,162.86642
0.0,0.45522404,85.28077
0.0,0.56908566,73.44843
0.0,0.24158882,103.678604
0.0,0.3561522,76.976456
0.0,0.26136023,86.25123
0.0,0.42761928,75.08457
0.0,0.1987266,76.240135
0.0,0.9297181,539.5341
0.0,0.10024609,549.93744
0.0,0.4062283,69.63713
0.0,0.21707949,71.92869
0.0,0.4839936,98.62524
0.0,0.28154185,342.57938
0.0,0.23428531,79.97001
0.0,0.60810566,74.06476
0.0,0.33999276,78.29041
0.0,0.25260967,67.27813
0.0,0.52271926,79.970276
0.0,0.13095672,342.95532
0.0,0.59572065,83.66164
0.0,0.5202605,87.75341
0.0,0.564349,93.59269
0.0,0.6889126,68.011406
0.0,0.5851481,104.445946
0.0,0.6107248,80.735435
0.0,0.06446379,157.96425
0.0,0.048962895,176.7874
0.0,0.5782471,72.65686
0.0,0.48707438,215.93993
0.0,0.383249,76.106026
0.0,0.14001064,68.52255
0.0,0.24430537,173.6359
0.0,0.42415884,86.95758
0.0,0.83495015,78.53459
0.0,0.06676903,897.7384
0.0,0.36901596,80.93586
0.0,0.64468336,67.38503
0.0,0.49440283,129.00844
0.0,0.53836477,737.47864
0.0,0.070044376,197.64879
0.0,0.553311,95.09977
0.0,0.25129476,69.083755
0.0,0.3628287,144.67365
0.0,0.16891041,72.68571
0.0,0.53424704,68.35671
0.0,0.6241959,175.37976
0.0,0.23441048,79.81694
0.0,0.06931788,94.72087
0.0,0.13978857,221.52306
0.0,0.273449,94.01063
0.0,0.3248815,107.307976
0.0,0.19490479,136.21266
0.0,0.35387146,68.74486
0.0,0.6047392,658.67755
0.0,0.045015287,75.885765
0.0,0.427627,97.09859
0.0,0.15474463,192.24327
0.0,0.49440283,224.70258
0.0,0.2600455,76.314606
0.0,0.14819472,140.49156
0.0,0.074595675,613.0799
0.0,0.10116959,188.78421
0.0,0.1854001,153.08603
0.0,0.50096554,4.9614227e+08
0.0,0.34168547,170.52785
0.0,0.26073012,92.54388
0.0,0.03932554,65.61587
0.0,0.06918673,88.23179
0.0,0.5235539,66.035286
0.0,0.22413531,67.265724
0.0,0.29041442,82.095345
0.0,0.21172608,105.39274
0.0,0.4171888,88.13288
0.0,0.13977998,144.7697
0.0,0.5776286,275.56598
0.0,0.6211592,98.30674
0.0,0.39391106,256.9283
0.0,0.09324022,170.15884
0.0,0.07075943,97.953476
0.0,0.35776293,74.68056
0.0,0.09176626,139.59567
0.0,0.39005476,95.52315
0.0,0.026572704,68.778656
0.0,0.27580386,92.484604
0.0,0.25523946,76.04265
0.0,0.018757746,136.36642
0.0,0.6484741,66.15797
0.0,0.5368341,79.17802
0.0,0.07409596,189.7274
0.0,0.116652526,299.88742
0.0,0.12503159,114.55897
0.0,0.09703227,93.727356
0.0,0.35627854,565.4466
0.0,0.16116652,75.41125
0.0,0.35331255,101.03942
0.0,0.3798356,69.82774
0.0,0.08203663,133.96843
0.0,0.57868063,92.563896
0.0,0.30433705,231.197
0.0,0.45324713,159.67812
0.0,0.13983633,91.426796
0.0,0.32666475,94.018524
0.0,0.5777496,171.26997
0.0,0.14544371,165.9014
0.0,0.6358997,161.23079
0.0,0.23149514,89.95561
0.0,0.10978327,94.67247
0.0,0.2593936,262.6925
0.0,0.199005,70.09556
0.0,0.09244554,65.94946
0.0,0.031022144,145.53476
0.0,0.42409348,77.548996
0.0,0.21312453,76.910835
0.0,0.4748372,97.19805
0.0,0.23134348,73.861916
0.0,0.62132883,80.96717
0.0,0.37866628,96.917625
0.0,0.12476452,105.519356
0.0,0.56347716,65.64611
0.0,0.097665146,125.08896
0.0,0.3613377,143.4223
0.0,0.3671315,68.662254
0.0,0.35739893,107.0562
0.0,0.33055657,125.34929
0.0,0.2320856,116.03781
0.0,0.74155563,66.37976
0.0,0.15182461,65.8976
0.0,0.5352648,92.67072
0.0,0.10211627,570.7227
0.0,0.21523158,81.76723
0.0,0.5431575,243.19565
0.0,0.78636396,383.56793
0.0,0.51975906,66.736946
0.0,0.58253443,79.56582
0.0,0.11957823,67.50549
0.0,0.394376,117.123634
0.0,0.47307512,101.55531
0.0,0.29389367,72.15447
0.0,0.41987678,121.41448
0.0,0.21112938,119.410385
0.0,0.33639765,129.88979
0.0,0.6910625,79.568
0.0,0.50225556,123.701996
0.0,0.19501264,122.37495
0.0,0.3136005,242.97693
0.0,0.55012715,69.413185
0.0,0.48727626,114.68054
0.0,0.5395537,328.6498
0.0,0.41373116,131.72067
0.0,0.5401135,74.124794
0.0,0.12098889,129.13081
0.0,0.5576407,74.76861
0.0,0.48680204,113.07328
0.0,0.3694867,90.570724
0.0,0.110900775,68.578514
0.0,0.2226585,119.94835
0.0,0.1782983,104.38432
0.0,0.2018951,98.550575
0.0,0.31825873,94.815765
0.0,0.58399224,98.888176
0.0,0.070203446,129.12479
0.0,0.503827,186.1157
0.0,0.57247597,115.4737
0.0,0.73064435,82.08345
0.0,0.2006138,82.635666
0.0,0.49502376,102.79697
0.0,0.42460188,80.82051
0.0,0.03611894,113.61082
0.0,0.6025947,207.91696
0.0,0.70897174,76.59221
0.0,0.063905574,880.426
0.0,0.17162906,98.72523
0.0,0.107888214,421.11282
0.0,0.035175476,73.59684
0.0,0.3086563,69.6296
0.0,0.0451545,129.8443
0.0,0.53400075,74.45802
0.0,0.4130533,92.32152
0.0,0.21966918,124.58914
0.0,0.20658185,79.91015
0.0,0.6761234,86.06926
0.0,0.60393536,74.75452
0.0,0.087076716,80.4239
0.0,0.032232285,620.24524
0.0,0.21896343,83.41427
0.0,0.38003215,84.214554
0.0,0.49440283,138.80954
0.0,0.57122177,107.01712
0.0,0.35825217,67.05262
0.0,0.29224718,290.93704
0.0,0.4995294,270.66235
0.0,0.49481168,90.462845
0.0,0.36213437,67.5137
0.0,0.38696027,183.74518
0.0,0.5387773,132.86446
0.0,0.15760933,76.47719
0.0,0.23814413,75.31341
0.0,0.1568922,89.84355
0.0,0.083720446,402.59106
0.0,0.47982633,99.44911
0.0,0.14188923,76.61939
0.0,0.5095863,118.06609
0.0,0.10622455,72.26638
0.0,0.20949264,120.18373
0.0,0.0965165,71.598816
0.0,0.07088142,83.87272
0.0,0.328048,134.45862
0.0,0.3334421,235.1534
0.0,0.21656726,69.52737
0.0,0.5953286,96.26191
0.0,0.523654,332.80923
0.0,0.40159753,452.0266
0.0,0.2797011,65.00117
0.0,0.31600487,72.28789
0.0,0.4975206,70.81804
0.0,0.50214756,76.519775
0.0,0.52373296,323.9829
0.0,0.62754226,65.87828
0.0,0.18404974,140.40067
0.0,0.37412372,79.90383
0.0,0.18103962,112.70689
0.0,0.37274432,81.52745
0.0,0.14960532,487.09586
0.0,0.51371104,101.66861
0.0,0.45423287,215.86015
0.0,0.38252962,80.66267
0.0,0.75096434,90.95624
0.0,0.17270507,101.93497
0.0,0.21861802,80.95344
0.0,0.51460135,70.08767
0.0,0.5341956,82.37688
0.0,0.04776394,71.46389
0.0,0.49440283,100.33897
0.0,0.10803198,119.71836
0.0,0.057811152,131.02852
0.0,0.21672294,226.98035
0.0,0.5608916,89.31397
0.0,0.13486844,146.77954
0.0,0.5936053,120.88308
0.0,0.22001728,123.60615
0.0,0.53801507,200.25035
0.0,0.46366343,699.9858
0.0,0.51293445,280.38846
0.0,0.532396,65.54197
0.0,0.25003898,140.5786
0.0,0.5387599,66.2871
0.0,0.068462156,184.49599
0.0,0.10205558,166.917
0.0,0.5377657,117.76618
0.0,0.456836,150.89403
0.0,0.5069177,431.92603
0.0,0.99999976,198.51775
0.0,0.48687053,311.9028
0.0,0.16182125,115.92256
0.0,0.5292696,101.89099
0.0,0.24019945,84.391464
0.0,0.18187548,105.23514
0.0,0.30248347,104.59306
0.0,0.17580569,126.3678
0.0,0.27834168,74.529366
0.0,0.38375577,75.181755
0.0,0.20951802,71.48327
0.0,0.3103554,81.951256
0.0,0.553065,116.57965
0.0,0.29441622,218.90263
0.0,0.62796736,124.36139
0.0,0.16539195,77.05207
0.0,0.45814842,153.37827
0.0,0.20680797,171.44495
0.0,0.45527798,632.09265
0.0,0.20304115,152.09663
0.0,0.26202476,69.73875
0.0,0.105379514,99.792206
0.0,0.39229614,89.65707
0.0,0.5742072,90.27262
0.0,0.64646316,73.50768
0.0,0.2395876,71.53352
0.0,0.06745804,167.94148
0.0,0.3774626,84.880325
0.0,0.17815122,98.04006
0.0,0.2445638,76.53782
0.0,0.37854922,85.46559
0.0,0.5946235,67.13607
0.0,0.18813825,79.46356
0.0,0.13852286,127.29621
0.0,0.14095186,70.09906
0.0,0.30785343,88.76546
0.0,0.6896037,260.72205
0.0,0.06108245,147.80542
0.0,0.41248116,172.55727
0.0,0.10443997,68.7823
0.0,0.32659933,102.98845
0.0,0.23079704,70.754234
0.0,0.19801073,76.02003
0.0,0.674552,79.36863
0.0,0.37701863,119.261475
0.0,0.5779011,155.6213
0.0,0.16311587,70.37342
0.0,0.30264,163.94307
0.0,0.09812933,179.33752
0.0,0.20493141,74.065994
0.0,0.42633843,283.29166
0.0,0.18932183,398.81934
0.0,0.26193574,150.57693
0.0,0.16781412,84.49862
0.0,0.60520923,87.728195
0.0,0.6868237,71.44341
0.0,0.4451159,68.520744
0.0,0.20901254,1460.5316
0.0,0.55968773,83.398834
0.0,0.228003,250.649
0.0,0.45159373,259.72675
0.0,0.5144225,88.68847
0.0,0.57550466,205.21231
0.0,0.21903148,89.21689
0.0,0.52215093,65.4353
0.0,0.18238626,310.62173
0.0,0.5502336,96.81555
0.0,0.089710206,104.274185
0.0,0.4744135,103.88867
0.0,0.5626313,70.95397
0.0,0.6618422,69.86685
0.0,0.18069339,102.85946
0.0,0.25568512,70.62799
0.0,0.05355381,385.70993
0.0,0.49440283,3.960436e+11
0.0,0.20369285,66.389984
0.0,0.70682096,80.89014
0.0,0.49254698,312.02234
0.0,0.622675,184.6275
0.0,0.545984,65.51221
0.0,0.1765082,67.82602
0.0,0.39383867,93.37284
0.0,0.04443013,140.12108
0.0,0.15871167,110.69584
0.0,0.46173707,71.02587
0.0,0.5172036,127.43655
0.0,0.13434526,68.280685
0.0,0.22856152,71.04791
0.0,0.032098018,70.15677
0.0,0.2248332,97.53989
0.0,0.23402606,79.16759
0.0,0.53879476,88.368774
0.0,0.17076325,74.49224
0.0,0.13464577,80.956795
0.0,0.46470764,71.6099
0.0,0.06900378,80.10222
0.0,0.10669598,153.72624
0.0,0.11437594,72.28289
0.0,0.5848291,398.7449
0.0,0.2848428,126.316536
0.0,0.2084669,76.737366
0.0,0.13599804,115.69909
0.0,0.82533747,72.02152
0.0,0.5006014,75.77971
0.0,0.30024794,68.52844
0.0,0.82712317,143.07802
0.0,0.10456455,183.46275
0.0,0.3020555,75.26715
0.0,0.4903402,175.6614
0.0,0.23687576,84.6202
0.0,0.12734596,128.02733
0.0,0.3437612,88.71851
0.0,0.07040756,147.02512
0.0,0.3545496,67.283226
0.0,0.55731934,162.63554
0.0,0.121749856,86.80667
0.0,0.10226542,89.636
0.0,0.4521062,66.64933
0.0,0.1219182,106.250725
0.0,0.008925608,886.00775
0.0,0.46293,72.13216
0.0,0.55748314,78.55322
0.0,0.34442452,104.24305
0.0,0.26645476,75.4122
0.0,0.3196176,1008.21387
0.0,0.6088532,319.18686
0.0,0.3560409,142.21582
0.0,0.14059691,119.66501
0.0,0.112776965,91.42165
0.0,0.1975654,156.9491
0.0,0.3956172,109.7479
0.0,0.28448445,80.03549
0.0,0.17877555,80.231346
0.0,0.19699751,113.67133
0.0,0.24776824,88.56907
0.0,0.19317956,75.11618
0.0,0.66031194,149.05891
0.0,0.4269172,102.00013
0.0,0.23993546,704.68463
0.0,0.40572533,86.99086
0.0,0.12439713,88.600555
0.0,0.31349853,69.977486
0.0,0.097635835,77.57116
0.0,0.22993827,94.613785
0.0,0.43364638,67.907036
0.0,0.19265491,69.911224
0.0,0.08286862,82.95044
0.0,0.4866316,73.71645
0.0,0.26017928,88.64763
0.0,0.031264547,233.83337
0.0,0.16694191,93.7075
0.0,0.23947631,88.4073
0.0,0.34988186,93.90401
0.0,0.65638566,74.286705
0.0,0.4510113,93.90401
0.0,0.54171056,87.64465
0.0,0.1351864,82.922485
0.0,0.22939771,232.16045
0.0,0.20942883,80.40701
0.0,0.10859234,76.40482
0.0,0.18111895,70.760895
0.0,0.36458626,142.07848
0.0,0.29696497,233.81271
0.0,0.52938163,92.05728
0.0,0.15419465,171.62112
0.0,0.49628606,76.99346
0.0,0.27873278,66.732735
0.0,0.08634922,749.72955
0.0,0.10318116,65.91985
0.0,0.12968546,198.5171
0.0,0.31873152,761.3171
0.0,0.6295916,70.90713
0.0,0.10112536,100.45289
0.0,0.1841857,85.692795
0.0,0.33638075,87.91968
0.0,0.26473543,80.94562
0.0,0.049496166,102.323906
0.0,0.5724741,110.15425
0.0,0.631742,82.84304
0.0,0.3946696,73.02192
0.0,0.19994777,180.27805
0.0,0.39242303,124.55967
0.0,0.37728852,453.36765
0.0,0.06446115,68.25183
0.0,0.2620912,366.99292
0.0,0.2763163,244.41618
0.0,0.06325603,272.79358
0.0,0.2757991,109.84766
0.0,0.6679574,65.48737
0.0,0.3052825,87.06522
0.0,0.13550073,67.55801
0.0,0.35956633,66.19589
0.0,0.003937845,192.61777
0.0,0.67946154,90.78429
0.0,0.17784064,236.80017
0.0,0.35450518,86.02736
0.0,0.36089057,83.18226
0.0,0.557937,80.451126
0.0,0.28100637,505.69193
0.0,0.60630894,76.46978
0.0,0.58064777,164.94223
0.0,0.024487138,546.73425
0.0,0.18834084,191.28812
0.0,0.06652717,65.20983
0.0,0.48746604,83.48358
0.0,0.05281133,67.082146
0.0,0.61275077,94.24254
0.0,0.6196922,140.91888
0.0,0.36520937,140.79616
0.0,0.74075055,66.61939
0.0,0.21424673,254.18013
0.0,0.94757813,80.70809
0.0,0.20431116,74.51273
0.0,0.012192576,126.63795
0.0,0.0620387,75.29687
0.0,0.1549184,88.9371
0.0,0.29418734,116.76725
0.0,0.23221369,85.28976
0.0,0.106060915,177.69249
0.0,0.16259558,176.04718
0.0,0.2372856,170.5462
0.0,0.12308432,104.55546
0.0,0.32920614,115.63635
0.0,0.20723684,239.62
0.0,0.48796412,107.31517
0.0,0.49105856,92.778175
0.0,0.55877674,188.68869
0.0,0.14085674,68.59455
0.0,0.42554057,80.993866
0.0,0.074981585,77.80133
0.0,0.5433605,74.068535
0.0,0.0769842,98.16973
0.0,0.50962484,195.53477
0.0,0.14119436,74.692444
0.0,0.30600122,967.84753
0.0,0.4834898,131.81218
0.0,0.12979144,641.532
0.0,0.4630862,258.74152
0.0,0.41288716,83.084915
0.0,0.3219946,93.56521
0.0,0.0718672,141.28915
0.0,0.4791843,84.6576
0.0,0.30434057,118.173805
0.0,0.49459207,76.666855
0.0,0.20504786,67.84952
0.0,0.5135928,70.60632
0.0,0.2017375,71.09838
0.0,0.07366667,640.02216
0.0,0.13177346,112.52673
0.0,0.32141283,72.90428
0.0,0.33284256,78.48714
0.0,0.14521864,66.14491
0.0,0.69210505,70.412254
0.0,0.39378712,83.168976
0.0,0.11585698,96.748795
0.0,0.28042725,79.71639
0.0,0.18723144,162.30429
0.0,0.4170578,97.97219
0.0,0.62415415,315.0946
0.0,0.22979476,97.70468
0.0,0.43168548,145.37521
0.0,0.16676003,67.9474
0.0,0.4563699,118.54977
0.0,0.09746698,201.0441
0.0,0.398821,93.60677
0.0,0.24848865,77.88652
0.0,0.5472015,338.51004
0.0,0.4712411,83.47762
0.0,0.29999688,463.80618
0.0,0.53130907,78.238144
0.0,0.6080143,66.57321
0.0,0.17387417,97.03065
0.0,0.05724091,112.82401
0.0,0.3551853,140.10393
0.0,0.34231615,82.16111
0.0,0.49122602,93.32694
0.0,0.5597171,71.410706
0.0,0.2692903,65.51193
0.0,0.63772935,88.65021
0.0,0.24844052,116.37924
0.0,0.1819074,110.69802
0.0,0.13191515,81.82729
0.0,0.5820155,72.529655
0.0,0.53626764,76.45114
0.0,0.10045945,65.96036
0.0,0.16949248,81.895355
0.0,0.3947381,154.59787
0.0,0.49003127,307.2648
0.0,0.5487698,96.527374
0.0,0.1413369,70.057045
0.0,0.4476496,83.133804
0.0,0.59830534,268.297
0.0,0.09211492,66.97632
0.0,0.22832872,156.67224
0.0,0.24775039,106.11217
0.0,0.0040653795,798.41876
0.0,0.28958192,72.160614
0.0,0.1792465,104.31993
0.0,0.5153038,77.47997
0.0,0.41566938,127.219505
0.0,0.23649067,146.28369
0.0,0.41353676,133.78212
0.0,0.14627056,105.78209
0.0,0.19769968,78.66715
0.0,0.74485314,78.04568
0.0,0.560007,378.68954
0.0,0.43610913,145.84596
0.0,0.6060307,126.954315
0.0,0.24462874,205.76157
0.0,0.6241733,72.58012
0.0,0.5626747,80.88003
0.0,0.5489319,139.14333
0.0,0.18316346,73.85028
0.0,0.57276136,77.878654
0.0,0.394156,78.217186
0.0,0.1456387,67.51083
0.0,0.18719168,82.78571
0.0,0.9733189,982.6147
0.0,0.47472042,70.46274
0.0,0.46830156,172.11789
0.0,0.36708322,71.11842
0.0,0.59848356,67.183075
0.0,0.5182443,93.511185
0.0,0.6542378,68.33165
0.0,0.4301604,73.78321
0.0,0.612237,316.8963
0.0,0.4830775,110.45357
0.0,0.2845438,157.89436
0.0,0.06579681,440.93915
0.0,0.40433207,82.019844
0.0,0.49122927,108.332214
0.0,0.52840805,106.45799
0.0,0.5893022,135.97284
0.0,0.14590445,484.95972
0.0,0.27038056,111.43635
0.0,0.06576568,160.27856
0.0,0.33069485,173.30974
0.0,0.1478596,83.89427
0.0,0.4206746,147.67508
0.0,0.23594715,110.402405
0.0,0.534588,127.83391
0.0,0.19216333,107.17098
0.0,0.24457525,83.10195
0.0,0.5825635,68.96264
0.0,0.38015947,420.6394
0.0,0.48954305,79.87116
0.0,0.51080936,123.668724
0.0,0.14541848,73.11578
0.0,0.41578537,70.64364
0.0,0.90280825,233.83183
0.0,0.17750101,66.4789
0.0,0.19652219,67.404564
0.0,0.4166124,68.4042
0.0,0.14826444,401.92944
0.0,0.14335053,459.87683
0.0,0.026664114,169.41745
0.0,0.3519519,67.721245
0.0,0.58914137,93.20839
0.0,0.6456459,92.995155
0.0,0.06858934,74.38773
0.0,0.6041323,233.99043
0.0,0.28083536,67.71314
0.0,0.32001615,67.16698
0.0,0.5623572,82.67133
0.0,0.27312857,114.98187
0.0,0.09292221,68.93378
0.0,0.07835469,97.14236
0.0,0.50428075,164.86935
0.0,0.21708351,74.68966
0.0,0.21238957,161.42972
0.0,0.22556192,72.60467
0.0,0.61212045,73.71768
0.0,0.573849,119.53894
0.0,0.58770233,71.17647
0.0,0.07241989,124.71389
0.0,0.23138611,132.89641
0.0,0.28095052,65.01284
0.0,0.6615678,103.795006
0.0,0.5256085,71.59921
0.0,0.15189025,130.07796
0.0,0.40968955,71.709236
0.0,0.241314,101.30102
0.0,0.4849115,79.70235
0.0,0.45608574,93.208954
0.0,0.30527318,107.64808
0.0,0.4330872,148.05806
0.0,0.43303615,158.66423
0.0,0.36066294,76.81395
0.0,0.5861549,321.15192
0.0,0.07576922,506.5758
0.0,0.631608,124.92673
0.0,0.22481933,67.65547
0.0,0.36614457,75.06879
0.0,0.11663717,86.356834
0.0,0.08748786,81.22405
0.0,0.35352403,118.70052
0.0,0.4607333,151.61386
0.0,0.8588848,116.21076
0.0,0.3689378,477.2042
0.0,0.17968595,71.20537
0.0,0.2898187,98.12721
0.0,0.48654866,122.87741
0.0,0.19342127,74.30788
0.0,0.2397383,76.5024
0.0,0.16719149,622.86304
0.0,0.4063041,218.76183
0.0,0.19078419,68.62487
0.0,0.5169487,149.55168
0.0,0.54466236,90.84566
0.0,0.33371893,85.40587
0.0,0.6113207,68.63501
0.0,0.07898205,102.52633
0.0,0.1351469,330.05597
0.0,0.20979123,111.05636
0.0,0.37623176,222.07976
0.0,0.5960935,157.14186
0.0,0.17229243,88.318214
0.0,0.6926638,65.747604
0.0,0.9700394,69.460014
0.0,0.15994602,75.5867
0.0,0.3229466,83.85048
0.0,0.23015848,107.68401
0.0,0.5928192,87.21685
0.0,0.11326866,81.79738
0.0,0.36710656,157.43874
0.0,0.5453872,93.51432
0.0,0.22482704,202.81656
0.0,0.24259558,150.15305
0.0,0.32340533,71.12725
0.0,0.39217678,69.50957
0.0,0.15376319,71.1699
0.0,0.4795761,77.87066
0.0,0.48911205,86.03799
0.0,0.4851402,272.4471
0.0,0.044483908,348.28784
0.0,0.7153693,168.69725
0.0,0.5380672,67.51204
0.0,0.35865882,70.18809
0.0,0.11453351,94.12297
0.0,0.16392204,118.86276
0.0,0.33151874,145.85765
0.0,0.4463474,84.40036
0.0,0.4069266,188.30333
0.0,0.603774,186.13492
0.0,0.26595652,1145.1785
0.0,0.19604614,132.74146
0.0,0.14746432,92.18202
0.0,0.50378066,75.09373
0.0,0.5154025,66.67877
0.0,0.04556512,162.49776
0.0,0.33152863,84.16009
0.0,0.075888455,68.683464
0.0,0.45002556,77.11667
0.0,0.27540416,125.28538
0.0,0.4518525,77.54236
0.0,0.51528955,90.30102
0.0,0.43808126,103.34583
0.0,0.23364326,165.67496
0.0,0.6511064,104.107506
0.0,0.07343969,73.312836
0.0,0.14474583,289.22955
0.0,0.54379976,70.73398
0.0,0.20920955,267.2075
0.0,0.12683666,98.70589
0.0,0.8629688,463.88995
0.0,0.3589399,131.61232
0.0,0.605779,78.68836
0.0,0.7632173,113.98109
0.0,0.16820034,65.04699
0.0,0.6756881,159.56778
0.0,0.62840825,68.3231
0.0,0.9153079,78.42155
0.0,0.037328105,164.72252
0.0,0.19974819,105.37128
0.0,0.51348335,428.2042
0.0,0.22168519,172.51616
0.0,0.40803584,75.05496
0.0,0.019207682,1075.2002
0.0,0.4289335,71.57219
0.0,0.3717434,89.69694
0.0,0.37012723,120.35474
0.0,0.6392331,188.06252
0.0,0.6956194,94.52545
0.0,0.20222643,86.13
0.0,0.56369287,68.02574
0.0,0.4634405,6.216852e+06
0.0,0.55498123,83.363434
0.0,0.3841448,145.36852
0.0,0.048767075,152.46187
0.0,0.6251524,279.0353
0.0,0.09619631,100.72861
0.0,0.08674259,198.39648
0.0,0.19741629,149.56557
0.0,0.21069112,108.115715
0.0,0.10814992,107.164986
0.0,0.35398299,73.53263
0.0,0.20052402,68.703804
0.0,0.8849005,698.1916
0.0,0.7123252,76.69176
0.0,0.5344195,158.31984
0.0,0.13152532,68.09393
0.0,0.1929946,66.616776
0.0,0.31509927,70.19075
0.0,0.1866222,193.78107
0.0,0.1720765,138.69437
0.0,0.62483674,201.83755
0.0,0.55686873,87.557846
0.0,0.19369307,421.659
0.0,0.5890548,68.34054
0.0,0.06643963,86.70137
0.0,0.41657403,82.20544
0.0,0.51493675,142.48856
0.0,0.087525,77.4363
0.0,0.5367685,67.61742
0.0,0.37042975,92.72588
0.0,0.30176094,69.96435
0.0,0.5661694,100.95531
0.0,0.10970086,73.97456
0.0,0.7628471,107.38182
0.0,0.29702914,129.143
0.0,0.32642075,73.928894
0.0,0.7307811,90.666245
0.0,0.04178686,77.77189
0.0,0.24871695,78.00454
0.0,0.5214318,85.05123
0.0,0.15254433,218.34885
0.0,0.47155347,65.708015
0.0,0.19712731,68.44849
0.0,0.31802264,65.36985
0.0,0.57619137,74.10549
0.0,0.21423846,90.45043
0.0,0.6468895,72.554985
0.0,0.39067763,184.5375
0.0,0.04835779,238.32631
0.0,0.43952698,113.27091
0.0,0.47843862,65.063095
0.0,0.23143148,67.20255
0.0,0.16389959,109.81076
0.0,0.2005548,77.57129
0.0,0.15059423,91.386375
0.0,0.2114814,66.82504
0.0,0.6193223,92.674385
0.0,0.18310699,138.46257
0.0,0.24043274,168.34607
0.0,0.3481038,224.7428
0.0,0.33599314,95.39329
0.0,0.34673157,122.486786
0.0,0.9320401,74.216064
0.0,0.25661305,94.67239
0.0,0.6378349,73.430084
0.0,0.28214207,79.58039
0.0,0.34617385,175.12134
0.0,0.51221097,103.83701
0.0,0.53629017,140.80962
0.0,0.35921994,84.17822
0.0,0.21845941,113.759544
0.0,0.20739765,113.237526
0.0,0.06511782,68.936615
0.0,0.4257787,76.28233
0.0,0.55601084,93.13913
0.0,0.20354325,93.25397
0.0,0.53244376,118.686775
0.0,0.6189813,147.60149
0.0,0.29776657,115.24274
0.0,0.28485107,103.64065
0.0,0.17571075,362.57547
0.0,0.2021984,204.43364
0.0,0.14789592,77.39678
0.0,0.057170723,84.80431
0.0,0.32628542,105.78651
0.0,0.92926633,135.1028
0.0,0.45551136,224.4751
0.0,0.17916083,66.71398
0.0,0.049430467,328.04092
0.0,0.45089328,82.55203
0.0,0.2077105,69.6578
0.0,0.110038005,134.72565
0.0,0.40244415,104.903244
0.0,0.29459083,93.79952
0.0,0.16452506,87.37478
0.0,0.23935473,178.61418
0.0,0.7000358,96.867546
0.0,0.21616893,83.39851
0.0,0.19537312,68.23309
0.0,0.3278846,76.65505
0.0,0.5251783,120.24147
0.0,0.535033,76.05376
0.0,0.56577384,89.4315
0.0,0.08480064,593.869
0.0,0.44310713,221.62682
0.0,0.52839446,354.11282
0.0,0.23598064,73.76213
0.0,0.38817948,106.43246
0.0,0.57097507,81.99072
0.0,0.62054825,478.11597
0.0,0.16771024,1000.7952
0.0,0.2692222,251.51048
0.0,0.30254537,75.735794
0.0,0.25676766,88.469185
0.0,0.5199572,638.0632
0.0,0.29430822,65.946495
0.0,0.17111138,102.43569
0.0,0.51693475,126.21859
0.0,0.54985726,226.47066
0.0,0.5275633,74.06136
0.0,0.8579016,65.52213
0.0,0.4188021,170.62946
0.0,0.49440283,1.3087582e+16
0.0,0.41584557,95.3413
0.0,0.22357638,67.9171
0.0,0.41446084,106.23813
0.0,0.054919157,111.826416
0.0,0.36563942,83.789024
0.0,0.67624223,91.33552
0.0,0.6036714,124.777855
0.0,0.44757366,79.71556
0.0,0.43225387,95.402534
0.0,0.35003626,78.235245
0.0,0.5259751,509.0111
0.0,0.32589492,614.16455
0.0,0.13231736,84.79081
0.0,0.4054202,65.33386
0.0,0.111021236,97.56018
0.0,0.26773423,77.62004
0.0,0.3660175,142.09828
0.0,0.461217,512.0577
0.0,0.5500229,69.81831
0.0,0.65520597,119.66599
0.0,0.50582117,95.7174
0.0,0.10961343,78.70747
0.0,0.17862657,65.48439
0.0,0.21214713,83.0034
0.0,0.16530924,85.05102
0.0,0.29334056,77.84313
0.0,0.26289767,72.27248
0.0,0.7020956,99.96794
0.0,0.43619612,181.37825
0.0,0.38718206,96.082405
0.0,0.5951462,87.658295
0.0,0.11609526,79.57305
0.0,0.5495037,82.533226
0.0,0.026616922,351.47302
0.0,0.60870045,152.42839
0.0,0.37236568,75.559525
0.0,0.21222118,117.95596
0.0,0.27155462,85.375275
0.0,0.62197363,67.87805
0.0,0.4557938,93.81342
0.0,0.20621137,368.09784
0.0,0.22575967,161.8489
0.0,0.19840838,91.67521
0.0,0.25223675,73.66382
0.0,0.54501504,103.638145
0.0,0.4864757,293.28552
0.0,0.38151255,113.87301
0.0,0.15737656,90.030136
0.0,0.045310967,91.61941
0.0,0.29519683,122.84888
0.0,0.67073905,101.8727
0.0,0.18028982,110.16374
0.0,0.6190619,131.45613
0.0,0.5269301,74.642685
0.0,0.48937842,109.06045
0.0,0.42839548,177.00386
0.0,0.47182804,75.026474
0.0,0.48046702,92.493744
0.0,0.62809634,95.76494
0.0,0.26472095,226.51778
0.0,0.39169553,120.72424
0.0,0.2237019,109.02585
0.0,0.0789603,113.23162
0.0,0.21780246,85.23612
0.0,0.5754128,90.67246
0.0,0.24719012,73.239456
0.0,0.087392226,99.87458
0.0,0.15001589,211.9181
0.0,0.59919953,94.26639
0.0,0.5477403,87.72415
0.0,0.049645092,103.23123
0.0,0.22488439,898.37537
0.0,0.24689002,74.24638
0.0,0.085658245,80.89604
0.0,0.4202015,779.9285
0.0,0.7164559,73.67733
0.0,0.21124363,69.79227
0.0,0.16070637,74.90174
0.0,0.10040576,92.20039
0.0,0.46825513,233.64256
0.0,0.6914393,66.485886
0.0,0.21524672,80.09347
0.0,0.37919074,139.73691
0.0,0.1466733,91.89248
0.0,0.22651918,80.78205
0.0,0.4750224,65.71525
0.0,0.18453582,70.271866
0.0,0.32983223,136.66365
0.0,0.276235,150.73581
0.0,0.61096495,72.06258
0.0,0.49233243,87.23634
0.0,0.5081053,86.62396
0.0,0.044932656,91.8217
0.0,0.52762437,107.98949
0.0,0.32484248,84.91239
0.0,0.32017344,71.12834
0.0,0.58092344,65.24974
0.0,0.41756082,148.83879
0.0,0.124250904,150.53023
0.0,0.09456632,263.18948
0.0,0.2676244,75.67642
0.0,0.09853836,81.90077
0.0,0.6637425,81.24082
0.0,0.5710714,72.45002
0.0,0.49585757,1038.3381
0.0,0.8025642,83.51878
0.0,0.28194562,230.8945
0.0,0.70061755,68.25917
0.0,0.37904716,67.49058
0.0,0.41093153,87.10182
0.0,0.25466746,86.98666
0.0,0.23975721,75.3181
0.0,0.52415156,87.34028
0.0,0.12308754,88.39226
0.0,0.500759,274.47
0.0,0.4741253,142.57268
0.0,0.21018825,108.593735
0.0,0.19252858,70.94498
0.0,0.26019472,80.293076
0.0,0.19835173,65.993355
0.0,0.23391634,136.19838
0.0,0.5529102,84.36383
0.0,0.05776829,65.4413
0.0,0.9357252,75.27841
0.0,0.1793036,74.70779
0.0,0.534187,68.80628
0.0,0.38526,83.66272
0.0,0.542898,89.753044
0.0,0.39001617,79.313225
0.0,0.6458655,84.09273
0.0,0.10913445,94.57235
0.0,0.5174779,104.949036
0.0,0.5348735,76.49258
0.0,0.32291427,1112.9274
0.0,0.5219363,116.39726
0.0,0.10096199,72.243935
0.0,0.55090475,72.308426
0.0,0.55246973,74.23842
0.0,0.53963125,145.1258
0.0,0.23890254,109.68032
0.0,0.21463774,86.2082
0.0,0.124991,70.28267
0.0,0.37383765,76.26025
0.0,0.08367974,168.80667
0.0,0.4172731,74.92461
0.0,0.098823085,67.051956
0.0,0.08487528,92.3497
0.0,0.60113734,73.775116
0.0,0.68207246,120.20497
0.0,0.42570266,66.97726
0.0,0.556068,68.12777
0.0,0.26855323,119.42691
0.0,0.42693236,88.72597
0.0,0.35832706,108.55642
0.0,0.07559013,137.79126
0.0,0.33384565,77.17814
0.0,0.1303212,70.008354
0.0,0.62957084,86.32022
0.0,0.24236687,101.81853
0.0,0.5731321,66.96029
0.0,0.4217708,239.04568
0.0,0.29261556,89.18712
0.0,0.43667242,73.837265
0.0,0.083113745,286.61066
0.0,0.5724165,150.9827
0.0,0.111516185,159.54037
0.0,0.66565454,78.60762
0.0,0.7006816,74.83594
0.0,0.29749197,125.70398
0.0,0.1282516,321.29987
0.0,0.34552893,159.87029
0.0,0.59141004,145.26065
0.0,0.12425479,97.6883
0.0,0.24008802,130.15617
0.0,0.35447586,110.275925
0.0,0.14068094,77.99904
0.0,0.12192106,124.39061
0.0,0.6091085,79.184105
0.0,0.38918954,120.76183
0.0,0.19002621,83.969
0.0,0.5344307,83.69627
0.0,0.14706114,74.02124
0.0,0.48020363,74.71074
0.0,0.17604928,66.18517
0.0,0.085780546,65.2912
0.0,0.038505763,78.49369
0.0,0.13022025,70.625084
0.0,0.15751398,89.23325
0.0,0.5702765,86.4397
0.0,0.10678674,70.49059
0.0,0.4451967,96.20887
0.0,0.6910837,90.99387
0.0,0.12211356,247.97409
0.0,0.74587566,126.30392
0.0,0.30757058,70.30517
0.0,0.33477324,67.48982
0.0,0.33935678,84.79863
0.0,0.073369004,84.62786
0.0,0.55170953,82.91329
0.0,0.2177874,76.75342
0.0,0.1865281,88.48456
0.0,0.5644257,92.58031
0.0,0.07178378,229.53146
0.0,0.052732922,100.452774
0.0,0.5932701,74.529594
0.0,0.1635122,150.90852
0.0,0.2847859,143.2076
0.0,0.41946363,411.85416
0.0,0.24081983,96.11406
0.0,0.06827244,1010.32764
0.0,0.095143944,79.760124
0.0,0.07545723,123.726585
0.0,0.3884138,148.36253
0.0,0.37193224,214.48683
0.0,0.62219596,160.24532
0.0,0.5701093,98.586365
0.0,0.078556895,161.19318
0.0,0.49440283,177.23051
0.0,0.9913169,68.46639
0.0,0.04136111,73.03505
0.0,0.04915959,354.26935
0.0,0.5828169,137.34386
0.0,0.22133704,76.20787
0.0,0.23719771,90.68257
0.0,0.43446964,75.572815
0.0,0.8378353,73.41912
0.0,0.4919932,121.937904
0.0,0.07222768,511.2114
0.0,0.3914425,78.61694
0.0,0.21024658,485.44238
0.0,0.25025538,65.20628
0.0,0.5135376,81.06907
0.0,0.56862897,106.34147
0.0,0.19068125,236.3656
0.0,0.5313168,100.56435
0.0,0.2323209,66.48284
0.0,0.06011787,101.82976
0.0,0.07750022,81.178
0.0,0.05728379,166.95888
0.0,0.19904113,105.21261
0.0,0.4659097,103.00785
0.0,0.36885616,82.1068
0.0,0.21039152,70.9072
0.0,0.6214684,343.73587
0.0,0.111269,79.5242
0.0,0.13861087,142.32344
0.0,0.53196925,153.24023
0.0,0.20314641,127.349335
0.0,0.034122933,228.27885
0.0,0.44994253,137.27068
0.0,0.21546368,66.396904
0.0,0.30073977,67.64173
0.0,0.6072706,114.09966
0.0,0.026174834,207.73567
0.0,0.17675778,188.69408
0.0,0.04381328,227.60938
0.0,0.5028065,85.61246
0.0,0.044394426,65.27441
0.0,0.17644091,79.82009
0.0,0.055203725,160.43976
0.0,0.20134342,125.29012
0.0,0.060142938,354.95303
0.0,0.041881546,81.20675
0.0,0.43329087,79.35959
0.0,0.5035297,171.17183
0.0,0.040494442,92.56201
0.0,0.46537316,81.93882
0.0,0.61926216,320.20425
0.0,0.62483805,367.7898
0.0,0.4924485,70.54274
0.0,0.3998882,109.05805
0.0,0.22729391,69.50938
0.0,0.21053874,74.92777
0.0,0.11177109,81.683914
0.0,0.40666172,105.24028
0.0,0.41323033,106.52335
0.0,0.3159026,117.510895
0.0,0.6104457,68.92312
0.0,0.9065623,393.8821
0.0,0.0652029,94.55223
0.0,0.9065148,65.241104
0.0,0.10223512,253.35039
0.0,0.21401094,82.85739
0.0,0.22634536,162.23141
0.0,0.27461565,65.68593
0.0,0.4512037,68.373146
0.0,0.38891512,66.82464
0.0,0.20185672,100.009995
0.0,0.31699342,66.99309
0.0,0.4732832,67.32081
0.0,0.07323639,145.06828
0.0,0.12839748,68.38503
0.0,0.32332808,89.94393
0.0,0.06913974,109.76984
0.0,0.49402797,84.2859
0.0,0.43855435,310.6079
0.0,0.31650102,79.84345
0.0,0.4338694,247.12961
0.0,0.10513849,272.233
0.0,0.817035,68.474304
0.0,0.16278228,132.44048
0.0,0.4922476,113.44242
0.0,0.066683725,100.81242
0.0,0.23241396,66.477036
0.0,0.33354682,125.866325
0.0,0.35843733,72.473854
0.0,0.5776565,146.91628
0.0,0.024493527,121.91167
0.0,0.00975318,169.73248
0.0,0.23128171,98.92988
0.0,0.28130418,102.62037
0.0,0.3587984,230.62352
0.0,0.09931243,152.148
0.0,0.56254506,83.21649
0.0,0.26144114,75.829
0.0,0.7426259,81.42692
0.0,0.50861126,65.56511
0.0,0.05741847,95.07284
0.0,0.49973634,160.52249
0.0,0.2600139,218.7616
0.0,0.42502037,77.24431
0.0,0.23526613,105.80567
0.0,0.46722886,80.895195
0.0,0.35305107,68.93589
0.0,0.31510377,65.295494
0.0,0.3237636,72.53204
0.0,0.20856704,75.09818
0.0,0.22296584,161.96117
0.0,0.15408716,236.30748
0.0,0.38933927,95.99683
0.0,0.5608953,129.7298
0.0,0.16734307,141.1651
0.0,0.47661126,193.19632
0.0,0.40960735,315.5696
0.0,0.46894404,91.06421
0.0,0.6460043,66.62025
0.0,0.52861816,244.94933
0.0,0.2171618,98.09719
0.0,0.09866188,76.45427
0.0,0.13977915,114.8064
0.0,0.103254184,68.23939
0.0,0.2618237,88.66982
0.0,0.19757377,73.55698
0.0,0.41192997,72.261345
0.0,0.27880868,73.64324
0.0,0.2377525,1111.257
0.0,0.046911206,94.66681
0.0,0.31577268,162.0598
0.0,0.6163115,76.58178
0.0,0.22017317,79.29028
0.0,0.35342056,881.3061
0.0,0.2928367,82.9836
0.0,0.038772576,222.08623
0.0,0.08167747,408.602
0.0,0.63818204,73.70603
0.0,0.44197556,75.297386
0.0,0.4022893,79.78741
0.0,0.030107422,345.726
0.0,0.12960601,210.41652
0.0,0.5500803,81.81274
0.0,0.24221948,118.63147
0.0,0.56519914,163.39085
0.0,0.4620502,80.979485
0.0,0.48447046,69.36388
0.0,0.10643741,91.274666
0.0,0.14770712,67.22441
0.0,0.49862775,101.13843
0.0,0.1134519,169.17043
0.0,0.006654228,282.1278
0.0,0.58243483,69.88038
0.0,0.20412904,181.4923
0.0,0.42009348,84.692696
0.0,0.13111243,79.32603
0.0,0.55623376,85.39222
0.0,0.1985021,69.47668
0.0,0.50447595,82.88467
0.0,0.29273933,65.19084
0.0,0.41432974,75.25104
0.0,0.13083759,67.467316
0.0,0.56826186,81.20314
0.0,0.6605132,97.602905
0.0,0.831955,86.56851
0.0,0.02101363,97.31856
0.0,0.23804352,72.49394
0.0,0.18581599,155.6061
0.0,0.24996802,108.711716
0.0,0.5981428,94.305756
0.0,0.3645313,485.71695
0.0,0.056804385,65.70151
0.0,0.24127486,94.911125
0.0,0.6319821,87.36003
0.0,0.48797655,80.98335
0.0,0.48818332,96.69564
0.0,0.35037068,90.69994
0.0,0.46136263,138.42555
0.0,0.49440283,91.28389
0.0,0.41051236,85.62052
0.0,0.53772455,80.593376
0.0,0.09010419,68.38559
0.0,0.09154819,73.510345
0.0,0.64147794,93.468
0.0,0.5049733,65.0499
0.0,0.14401639,87.63623
0.0,0.048437707,71.032074
0.0,0.021046545,171.3899
0.0,0.45741078,203.3191
0.0,0.044583004,69.2246
0.0,0.25132668,65.88258
0.0,0.19194575,199.8293
0.0,0.17968702,70.54156
0.0,0.33211032,104.20854
0.0,0.22618748,426.27554
0.0,0.5370841,66.631676
0.0,0.56610334,253.36986
0.0,0.22923768,77.78559
0.0,0.00921061,304.30176
0.0,0.15278418,78.35497
0.0,0.087279305,240.14108
0.0,0.5306977,68.37199
0.0,0.28559673,79.298775
0.0,0.7339914,77.98964
0.0,0.11685901,211.81075
0.0,0.4854639,69.48892
0.0,0.075232856,178.01254
0.0,0.46549392,73.01933
0.0,0.09354322,121.80263
0.0,0.44062775,103.987495
0.0,0.17919838,77.68778
0.0,0.61522347,70.45947
0.0,0.33970633,146.83725
0.0,0.06137565,116.30318
0.0,0.57876456,152.89906
0.0,0.09193331,92.3424
0.0,0.10429742,75.11306
0.0,0.2269636,118.38978
0.0,0.14861585,101.10317
0.0,0.50873786,92.753426
0.0,0.061285663,71.55053
0.0,0.60985804,143.32573
0.0,0.14813182,67.98279
0.0,0.123216055,230.19775
0.0,0.46374986,250.60208
0.0,0.6560848,80.1396
0.0,0.4409628,76.37731
0.0,0.61666614,66.57846
0.0,0.8431644,130.95164
0.0,0.33532336,266.0611
0.0,0.522775,103.2505
0.0,0.14837833,67.054794
0.0,0.7588361,107.65316
0.0,0.020018533,407.38733
0.0,0.49440283,1798.738
0.0,0.11172409,384.0416
0.0,0.8088123,73.52835
0.0,0.40631476,66.09266
0.0,0.20427728,100.220215
0.0,0.17757282,82.967155
0.0,0.064970724,79.82723
0.0,0.52432853,135.1637
0.0,0.1339339,78.45251
0.0,0.3135677,74.41871
0.0,0.41108713,80.07047
0.0,0.2522379,85.96441
0.0,0.2871061,84.49755
0.0,0.593173,93.11183
0.0,0.046213344,106.77722
0.0,0.2073915,996.1585
0.0,0.5769368,95.24664
0.0,0.10018529,91.111916
0.0,0.47930402,160.26256
0.0,0.19019741,310.9428
0.0,0.07423086,96.67303
0.0,0.092398316,135.221
0.0,0.3360769,70.88615
0.0,0.08152676,66.10538
0.0,0.5326766,89.07712
0.0,0.7714485,77.8831
0.0,0.6541012,123.58728
0.0,0.5348637,100.81336
0.0,0.14805956,80.82745
0.0,0.10042448,90.35485
0.0,0.48170137,72.40708
0.0,0.10017266,77.61864
0.0,0.49776095,89.95015
0.0,0.21879415,75.94788
0.0,0.048459418,463.05948
0.0,0.6393794,68.663765
0.0,0.086560436,97.87357
0.0,0.5876996,80.01328
0.0,0.3828475,269.93185
0.0,0.60156006,94.36176
0.0,0.26118332,87.400955
0.0,0.688629,65.03522
0.0,0.34873798,159.3039
0.0,0.16627242,79.785706
0.0,0.10355517,91.55729
0.0,0.23420788,142.44984
0.0,0.5335321,115.41216
0.0,0.5091479,74.42606
0.0,0.33191454,66.660324
0.0,0.9669516,86.86528
0.0,0.08935406,81.7598
0.0,0.25248215,84.14124
0.0,0.2284525,313.23813
0.0,0.100253545,71.55899
0.0,0.26144955,303.50812
0.0,0.2679007,117.281654
0.0,0.7339585,68.10743
0.0,0.1139895,110.32461
0.0,0.52585745,389.82648
0.0,0.5836305,67.960686
0.0,0.51347053,88.14479
0.0,0.38180727,99.05566
0.0,0.3054604,70.857864
0.0,0.52274764,82.739365
0.0,0.5489058,203.82436
0.0,0.48915288,71.85417
0.0,0.03415344,162.26794
0.0,0.31512842,77.63598
0.0,0.077310205,123.36501
0.0,0.50337905,179.83589
0.0,0.14439005,199.00845
0.0,0.38176876,299.5238
0.0,0.38280073,110.19369
0.0,0.23483871,547.7115
0.0,0.5597009,99.69682
0.0,0.12665865,423.68677
0.0,0.292246,65.97945
0.0,0.08556408,66.292015
0.0,0.07738834,552.1027
0.0,0.5828731,178.11284
0.0,0.08163041,374.50797
0.0,0.12779088,79.26874
0.0,0.060452364,65.89615
0.0,0.42453697,294.07535
0.0,0.3221976,321.275
0.0,0.058380954,895.5573
0.0,0.07864973,85.37138
0.0,0.22635384,158.94922
0.0,0.5564075,122.31309
0.0,0.25782388,185.10591
0.0,0.45204422,98.071075
0.0,0.13909875,76.90501
0.0,0.5860085,201.43872
0.0,0.20237173,280.27365
0.0,0.11184274,76.15582
0.0,0.066811115,74.72233
0.0,0.6996712,76.46659
0.0,0.3673188,133.17305
0.0,0.23558947,66.334404
0.0,0.48302016,76.20405
0.0,0.4508806,152.45944
0.0,0.29430145,94.316475
0.0,0.8089815,91.690506
0.0,0.12813547,83.56392
0.0,0.11686173,77.725
0.0,0.4604163,137.98216
0.0,0.21032156,77.81276
0.0,0.2216016,276.51157
0.0,0.18884647,92.80671
0.0,0.17794773,79.641205
0.0,0.48975542,75.42038
0.0,0.2607652,206.97969
0.0,0.59931564,78.97431
0.0,0.58214444,90.31889
0.0,0.12375582,102.72588
0.0,0.3797782,145.32782
0.0,0.081385955,128.8122
0.0,0.4096111,107.05891
0.0,0.06796428,103.88924
0.0,0.4665568,91.15857
0.0,0.18971944,158.64098
0.0,0.56370825,104.059906
0.0,0.15688996,131.5398
0.0,0.2173734,82.507225
0.0,0.3088063,300.6622
0.0,0.33432433,111.67513
0.0,0.24798608,368.5455
0.0,0.09075904,91.305695
0.0,0.51259816,115.82963
0.0,0.28815427,65.295425
0.0,0.7481704,97.554214
0.0,0.596825,76.59477
0.0,0.11736418,74.4866
0.0,0.13700259,69.716675
0.0,0.08151235,88.59732
0.0,0.23664147,68.9527
0.0,0.3780088,82.25337
0.0,0.22163254,124.275185
0.0,0.101572186,102.14739
0.0,0.05499395,308.41992
0.0,0.10071332,141.67828
0.0,0.34840938,116.542915
0.0,0.2529376,83.84933
0.0,0.15925074,132.78592
0.0,0.5733322,129.09119
0.0,0.04353412,186.33899
0.0,0.2049199,77.10892
0.0,0.67590237,72.74395
0.0,0.5215704,67.36214
0.0,0.644728,68.008644
0.0,0.06066814,96.62824
0.0,0.16964822,72.30176
0.0,0.49440283,100.766556
0.0,0.47850806,73.81684
0.0,0.63943875,65.24261
0.0,0.44819486,123.15734
0.0,0.084176384,140.41315
0.0,0.15036765,167.19893
0.0,0.042774092,68.86028
0.0,0.56242496,65.21339
0.0,0.092174895,98.41741
0.0,0.15850244,169.1162
0.0,0.21356705,90.44792
0.0,0.14805764,87.564575
0.0,0.16325215,67.448265
0.0,0.5877834,77.42489
0.0,0.12182027,168.67096
0.0,0.460044,85.1808
0.0,0.60604185,68.87155
0.0,0.210057,135.12022
0.0,0.050797082,488.12943
0.0,0.63636565,116.79283
0.0,0.17247808,153.19742
0.0,0.07683017,81.00187
0.0,0.14227678,69.61732
0.0,0.28496456,68.850685
0.0,0.21830116,67.671295
0.0,0.13861434,180.02832
0.0,0.1538386,138.35703
0.0,0.5933988,75.232864
0.0,0.52416086,120.39742
0.0,0.5726932,75.054245
0.0,0.49466184,85.17832
0.0,0.0629863,68.89704
0.0,0.25435978,102.85229
0.0,0.38095352,124.12614
0.0,0.2277587,282.57718
0.0,0.24785298,73.35285
0.0,0.34984615,92.68499
0.0,0.40934056,149.04353
0.0,0.49440283,69.51487
0.0,0.11747616,90.11709
0.0,0.10807668,81.05367
0.0,0.35801116,157.86351
0.0,0.28541067,91.67198
0.0,0.2784559,90.26669
0.0,0.46018896,133.02618
0.0,0.47162855,111.99285
0.0,0.4432597,92.732605
0.0,0.36855397,113.56062
0.0,0.19281925,124.37374
0.0,0.6050893,81.90925
0.0,0.084220774,74.9979
0.0,0.2080261,98.01897
0.0,0.018733406,142.58488
0.0,0.018733406,142.58488
0.0,0.3449568,109.354515
0.0,0.38644278,125.378746
0.0,0.548594,207.56514
0.0,0.16431369,78.32676
0.0,0.53396636,216.69067
0.0,0.15353292,73.16347
0.0,0.22503491,99.175964
0.0,0.46736088,114.883
0.0,0.41724122,307.8338
0.0,0.05418938,66.1356
0.0,0.6368462,70.66586
0.0,0.07036469,83.76813
0.0,0.5722848,74.33913
0.0,0.18609177,85.54459
0.0,0.50612086,83.878334
0.0,0.46329582,76.21455
0.0,0.23199444,168.1343
0.0,0.6860641,83.281944
0.0,0.0881368,91.35846
0.0,0.6285146,77.099144
0.0,0.24537565,323.2059
0.0,0.4123595,105.60384
0.0,0.49528283,183.00858
0.0,0.30015853,90.388214
0.0,0.1886621,99.652275
0.0,0.3275885,146.1819
0.0,0.46216047,134.90039
0.0,0.35766312,72.116615
0.0,0.08996547,71.01067
0.0,0.41770038,131.62143
0.0,0.14217123,110.89516
0.0,0.22274049,67.55174
0.0,0.33193663,72.25329
0.0,0.6543221,78.847855
0.0,0.08352123,70.649826
0.0,0.61992794,230.49011
0.0,0.1423154,110.26545
0.0,0.15355049,101.83116
0.0,0.4035684,119.509674
0.0,0.18875618,228.92378
0.0,0.17760101,80.432755
0.0,0.5859311,67.30266
0.0,0.09804316,307.21893
0.0,0.21569957,68.17811
0.0,0.04175618,353.20013
0.0,0.050442416,100.037285
0.0,0.7146082,207.67433
0.0,0.70424956,104.445885
0.0,0.38240537,71.8563
0.0,0.35506895,128.17818
0.0,0.100654684,72.72127
0.0,0.66170484,98.69107
0.0,0.49440283,73.92548
0.0,0.6831288,81.13073
0.0,0.70741665,81.5085
0.0,0.65730697,89.41778
0.0,0.051083826,101.798515
0.0,0.45396793,71.50988
0.0,0.16707142,226.80498
0.0,0.13610768,67.88478
0.0,0.6066029,66.47335
0.0,0.1959726,70.24005
0.0,0.45478198,73.30527
0.0,0.56039584,123.308205
0.0,0.18064907,112.3513
0.0,0.20629472,72.069595
0.0,0.40192252,120.00328
0.0,0.19725315,88.5928
0.0,0.22204204,73.26885
0.0,0.25761816,181.07997
0.0,0.27629638,83.485
0.0,0.5479162,67.45415
0.0,0.70009863,78.58143
0.0,0.24077415,189.70772
0.0,0.21798092,104.13191
0.0,0.23607843,81.23781
0.0,0.48161787,190.56458
0.0,0.34271187,77.71393
0.0,0.43056047,80.474754
0.0,0.3012605,93.47028
0.0,0.1633211,92.30735
0.0,0.6387871,106.317474
0.0,0.2384166,72.234055
0.0,0.34527442,89.33
0.0,0.58291566,91.723335
0.0,0.12361728,78.12187
0.0,0.58494234,89.493385
0.0,0.24892095,79.187386
0.0,0.6730191,87.134056
0.0,0.2748819,75.66112
0.0,0.40421218,100.75914
0.0,0.19849777,138.07672
0.0,0.0378671,120.496346
0.0,0.0034957258,644.9987
0.0,0.22340336,573.456
0.0,0.30641097,169.69148
0.0,0.1776348,126.42143
0.0,0.48432288,67.85466
0.0,0.29535353,85.881744
0.0,0.13785149,105.77884
0.0,0.5343404,71.95163
0.0,0.17091115,129.97289
0.0,0.057704903,162.17532
0.0,0.07023916,403.7003
0.0,0.2609824,143.51933
0.0,0.64447224,66.21696
0.0,0.69655293,81.35242
0.0,0.5927909,71.03845
0.0,0.12446551,102.50573
0.0,0.4668673,242.94385
0.0,0.14476892,423.15353
0.0,0.022361748,157.91518
0.0,0.34822696,136.23457
0.0,0.5220172,100.59604
0.0,0.15590058,637.8474
0.0,0.082483724,86.28992
0.0,0.4377406,195.36964
0.0,0.05969812,861.3161
0.0,0.34417045,119.79173
0.0,0.46211118,91.402435
0.0,0.5071709,87.4225
0.0,0.064428344,66.390785
0.0,0.7151905,67.76305
0.0,0.51480085,101.17119
0.0,0.24350487,74.714554
0.0,0.6617214,103.32359
0.0,0.09476136,83.62325
0.0,0.2848242,94.50664
0.0,0.47619304,105.00413
0.0,0.9920954,72.99705
0.0,0.51341933,82.60557
0.0,0.30409813,96.47538
0.0,0.14713435,87.721985
0.0,0.64999163,99.68215
0.0,0.3295843,77.360886
0.0,0.59953326,968.3865
0.0,0.44198686,244.63405
0.0,0.4747936,516.73944
0.0,0.3622354,111.31199
0.0,0.082874954,98.94503
0.0,0.5683858,70.67236
0.0,0.31915474,79.5665
0.0,0.2727426,292.08636
0.0,0.53694725,94.32038
0.0,0.5142546,168.94138
0.0,0.6609976,68.61007
0.0,0.34710255,360.56256
0.0,0.006521912,312.73453
0.0,0.5113866,104.15381
0.0,0.41626784,146.59723
0.0,0.200826,606.5984
0.0,0.088946655,267.97388
0.0,0.10260422,176.35953
0.0,0.18439364,78.0263
0.0,0.041933462,90.16992
0.0,0.49037135,79.23344
0.0,0.24683155,150.68874
0.0,0.14906791,85.70879
0.0,0.59117734,87.529015
0.0,0.33695322,116.95259
0.0,0.10183492,1083.8884
0.0,0.43654352,88.776276
0.0,0.59794164,71.3588
0.0,0.104786724,319.16794
0.0,0.52677697,235.4059
0.0,0.28250292,92.78241
0.0,0.6510025,88.98157
0.0,0.6347648,141.08925
0.0,0.76249176,115.11122
0.0,0.752057,67.06699
0.0,0.119632736,76.32305
0.0,0.38767385,69.48593
0.0,0.49615702,81.141
0.0,0.44362348,68.87892
0.0,0.4092363,286.74884
0.0,0.2774399,746.12573
0.0,0.42657351,174.41154
0.0,0.22860412,65.32332
0.0,0.12708046,97.409424
0.0,0.16716295,96.44091
0.0,0.34591067,1189.307
0.0,0.17916232,116.71592
0.0,0.35841352,68.17499
0.0,0.5639154,93.225784
0.0,0.63306713,70.65062
0.0,0.23394069,146.95023
0.0,0.30507833,203.6662
0.0,0.5737336,73.52326
0.0,0.55269396,69.51697
0.0,0.47517508,65.681114
0.0,0.47812524,81.98917
0.0,0.39889482,66.06163
0.0,0.46970856,72.93188
0.0,0.6634844,75.006836
0.0,0.020252813,68.947624
0.0,0.21327606,101.5154
0.0,0.2094404,82.920166
0.0,0.11421607,77.83314
0.0,0.31671816,71.09278
0.0,0.022871343,244.54878
0.0,0.12941746,766.2275
0.0,0.002218069,1828.0704
0.0,0.67962784,85.284164
0.0,0.29249674,70.427216
0.0,0.17599791,65.96467
0.0,0.16954298,105.12404
0.0,0.38795248,172.03665
0.0,0.13297549,65.08006
0.0,0.4091255,79.02117
0.0,0.59010756,140.59032
0.0,0.6592491,80.742485
0.0,0.2694747,120.48854
0.0,0.4677355,118.00784
0.0,0.49779686,87.14697
0.0,0.6178831,76.26523
0.0,0.32419154,91.44966
0.0,0.09508473,78.55719
0.0,0.12614714,246.43163
0.0,0.26292902,91.67209
0.0,0.5336508,85.485725
0.0,0.10139961,266.76648
0.0,0.2090906,66.24815
0.0,0.4833705,89.848236
0.0,0.07354415,67.85302
0.0,0.028310098,658.538
0.0,0.40891203,94.116745
0.0,0.09245832,89.937164
0.0,0.60963166,66.70854
0.0,0.7040408,68.80528
0.0,0.21645933,82.11464
0.0,0.47318807,123.58796
0.0,0.56696355,70.95214
0.0,0.23521395,87.61196
0.0,0.52491844,161.0314
0.0,0.016443502,81.21326
0.0,0.33530858,111.38039
0.0,0.16537933,81.32087
0.0,0.5478803,112.81887
0.0,0.49497998,82.77471
0.0,0.28222436,251.35396
0.0,0.17894274,84.61077
0.0,0.1497085,103.30346
0.0,0.40184703,104.12643
0.0,0.5011761,89.2407
0.0,0.33497834,87.821075
0.0,0.27828646,89.714424
0.0,0.33955887,68.059364
0.0,0.097920015,76.87326
0.0,0.8115203,65.03062
0.0,0.45211768,65.56887
0.0,0.8148677,109.372345
0.0,0.4087644,78.57483
0.0,0.23838419,89.84353
0.0,0.19816037,165.34468
0.0,0.40427673,68.44766
0.0,0.26863328,102.50461
0.0,0.30512902,147.29147
0.0,0.013794047,807.6053
0.0,0.36913124,937.3302
0.0,0.17167555,85.19245
0.0,0.52657217,68.24752
0.0,0.5312602,85.552414
0.0,0.39097318,691.13806
0.0,0.36990845,90.992226
0.0,0.28130654,253.4806
0.0,0.26893649,538.8684
0.0,0.06784356,124.337425
0.0,0.49440283,241.27779
0.0,0.24083874,344.82642
0.0,0.2671028,144.5944
0.0,0.7508288,97.03938
0.0,0.08995495,66.22868
0.0,0.62817174,106.206924
0.0,0.3850546,75.456764
0.0,0.6141897,86.4165
0.0,0.081176154,206.76402
0.0,0.28614163,70.49427
0.0,0.13807917,75.09002
0.0,0.45146316,65.75822
0.0,0.03943971,68.92685
0.0,0.061873212,468.17966
0.0,0.12101571,115.23976
0.0,0.1773568,72.30819
0.0,0.76136506,119.59539
0.0,0.13287243,97.10467
0.0,0.25639534,204.77129
0.0,0.39455745,87.195786
0.0,0.121132,138.01155
0.0,0.44289026,97.55381
0.0,0.5465686,70.30351
0.0,0.11936551,112.67695
0.0,0.3562133,72.77958
0.0,0.37475964,80.17831
0.0,0.15980789,148.80333
0.0,0.12461158,241.19092
0.0,0.7065463,73.57359
0.0,0.01856728,71.383896
0.0,0.681744,74.87744
0.0,0.3436664,79.15911
0.0,0.32438898,76.60028
0.0,0.5799363,100.43249
0.0,0.074185,113.87001
0.0,0.24101976,283.44894
0.0,0.48877132,289.53873
0.0,0.13314813,112.36228
0.0,0.4363042,124.99176
0.0,0.06918842,68.175095
0.0,0.45515645,66.09221
0.0,0.05690464,80.446526
0.0,0.29254234,104.36707
0.0,0.13818167,599.82446
0.0,0.13606669,325.75336
0.0,0.44809917,107.85594
0.0,0.3361266,80.68851
0.0,0.2037646,68.47311
0.0,0.5474038,94.91435
0.0,0.28580716,86.78294
0.0,0.29495507,70.53639
0.0,0.16076902,220.32878
0.0,0.057634518,269.53604
0.0,0.25534436,89.52302
0.0,0.10125871,120.676735
0.0,0.02925921,102.57779
0.0,0.13706544,748.0423
0.0,0.6229726,73.60074
0.0,0.5040819,71.343544
0.0,0.12294191,95.5129
0.0,0.2801499,69.867355
0.0,0.73621184,131.30711
0.0,0.12828489,113.48939
0.0,0.2489213,266.54163
0.0,0.2815639,69.96081
0.0,0.21800628,329.5586
0.0,0.64927596,81.824036
0.0,0.101447806,103.88856
0.0,0.5619943,71.814735
0.0,0.19128178,116.6573
0.0,0.121349536,1468.9885
0.0,0.60991174,77.24066
0.0,0.18817598,67.5322
0.0,0.47862077,67.29339
0.0,0.044356775,122.12032
0.0,0.15310007,67.14348
0.0,0.45670074,102.22784
0.0,0.11100143,156.76704
0.0,0.5004436,112.73752
0.0,0.18813978,68.75782
0.0,0.33503202,129.19412
0.0,0.30440778,165.70152
0.0,0.13027401,189.56602
0.0,0.25885516,100.41981
0.0,0.16579944,105.651566
0.0,0.63446194,66.039764
0.0,0.3898622,110.268845
0.0,0.405458,117.32944
0.0,0.82674927,84.075325
0.0,0.1477998,75.76521
0.0,0.43878558,179.40784
0.0,0.5496714,81.840164
0.0,0.11252528,68.99399
0.0,0.17307466,77.70395
0.0,0.11628559,74.76375
0.0,0.32499304,201.57202
0.0,0.76011074,73.948235
0.0,0.5441588,82.94407
0.0,0.9031579,86.07597
0.0,0.22060315,170.79196
0.0,0.4584487,823.2281
0.0,0.44040933,93.427086
0.0,0.51057726,69.85884
0.0,0.35414085,87.16625
0.0,0.17376935,81.07939
0.0,0.3191797,95.24353
0.0,0.13116135,95.66981
0.0,0.24564576,69.9784
0.0,0.3589992,93.56686
0.0,0.17587611,86.53385
0.0,0.49440283,73.48713
0.0,0.08394735,67.78883
0.0,0.19514973,117.222115
0.0,0.5460408,95.202675
0.0,0.6185197,88.28979
0.0,0.14340533,68.545166
0.0,0.37366536,89.79139
0.0,0.19294159,135.29547
0.0,0.64254457,67.07353
0.0,0.4144629,97.040955
0.0,0.49647734,135.36316
0.0,0.3355664,104.67618
0.0,0.44332856,89.51137
0.0,0.51469105,82.62614
0.0,0.22771916,74.65449
0.0,0.56218773,938.1003
0.0,0.45054495,74.11393
0.0,0.66796696,78.970474
0.0,0.55281293,103.139915
0.0,0.67111367,104.11774
0.0,0.24166434,649.30426
0.0,0.1995015,369.02048
0.0,0.67549044,65.708015
0.0,0.67549044,65.708015
0.0,0.22053978,144.21405
0.0,0.2275563,92.22833
0.0,0.53059125,197.6835
0.0,0.37869963,74.531105
0.0,0.54149073,77.64621
0.0,0.4599978,83.47639
0.0,0.7300598,93.09016
0.0,0.57206845,65.482704
0.0,0.5627318,70.50987
0.0,0.26830563,81.69862
0.0,0.080485284,171.16948
0.0,0.04951387,570.13806
0.0,0.595048,131.95625
0.0,0.0019787014,203.14851
0.0,0.33851343,125.25966
0.0,0.53860587,66.47196
0.0,0.1540195,106.57916
0.0,0.62723434,95.08656
0.0,0.3340459,65.2396
0.0,0.26712093,89.70171
0.0,0.3905631,246.71237
0.0,0.024909224,218.6761
0.0,0.5292995,185.13295
0.0,0.06041703,153.46957
0.0,0.064167105,315.30017
0.0,0.16218185,86.56095
0.0,0.5347425,78.75613
0.0,0.16283293,198.82182
0.0,0.5363722,644.0671
0.0,0.5887829,97.78971
0.0,0.6244374,68.52598
0.0,0.8435697,89.97682
0.0,0.2751316,157.51152
0.0,0.24974436,195.35399
0.0,0.2792596,110.656586
0.0,0.14819163,79.09367
0.0,0.65485,71.621735
0.0,0.706687,72.44923
0.0,0.330254,76.08165
0.0,0.07745203,144.82144
0.0,0.42062905,352.29578
0.0,0.43671423,104.19436
0.0,1.0,77.52822
0.0,0.10203896,396.36795
0.0,0.65560335,133.693
0.0,0.42425838,106.48026
0.0,0.67437136,71.379395
0.0,0.6048919,101.012634
0.0,0.34443617,65.977486
0.0,0.103944235,94.6665
0.0,0.85163206,87.409325
0.0,0.32223955,277.34833
0.0,0.43543404,66.27138
0.0,0.5425137,69.86162
0.0,0.47974703,76.97379
0.0,0.22376648,71.32684
0.0,0.077715434,66.72821
0.0,0.61226845,119.625465
0.0,0.27212682,70.58287
0.0,0.3473685,94.6454
0.0,0.8566721,89.76319
0.0,0.17174207,96.14786
0.0,0.66148585,88.76299
0.0,0.6552821,81.59454
0.0,0.16219927,70.40687
0.0,0.11310238,66.99474
0.0,0.23311998,75.134094
0.0,0.6711773,112.1929
0.0,0.19274977,87.99198
0.0,0.16580625,67.9078
0.0,0.36773285,86.637375
0.0,0.2695541,92.64249
0.0,0.39087942,117.91853
0.0,0.20332979,340.3817
0.0,0.20656668,170.03735
0.0,0.13974439,203.62997
0.0,0.23135544,114.57344
0.0,0.16345328,96.019684
0.0,0.08490107,201.97244
0.0,0.05072259,75.7746
0.0,0.14732143,80.00615
0.0,0.5841233,91.41528
0.0,0.3314306,95.09299
0.0,0.31809583,209.55884
0.0,0.15386094,77.17869
0.0,0.9908824,128.47264
0.0,0.5158086,67.808556
0.0,0.050910547,75.77008
0.0,0.33057702,229.96837
0.0,0.35790795,121.6715
0.0,0.3196902,83.72447
0.0,0.34646866,82.89495
0.0,0.19876076,198.8964
0.0,0.51996976,85.05599
0.0,0.48317322,92.6209
0.0,0.3569265,66.635414
0.0,0.24336465,65.38445
0.0,0.18466927,501.81747
0.0,0.08931435,105.59486
0.0,0.573369,92.501236
0.0,0.11911673,71.30805
0.0,0.49780178,71.864
0.0,0.38492984,68.74618
0.0,0.1460226,77.990875
0.0,0.137229,758.2543
0.0,0.37597066,101.66671
0.0,0.56273156,66.98134
0.0,0.2959335,85.26231
0.0,0.6787579,114.53633
0.0,0.093849175,80.92187
0.0,0.054422304,141.43939
0.0,0.6144809,98.56629
0.0,0.029106772,111.25151
0.0,0.21060821,85.24735
0.0,0.16011678,93.38919
0.0,0.11499871,161.43663
0.0,0.38524064,102.980705
0.0,0.23141105,74.14586
0.0,0.2059366,66.30409
0.0,0.5458241,69.27536
0.0,0.5981717,68.15373
0.0,0.31272814,73.42899
0.0,0.51867557,315.07263
0.0,0.57256854,72.12111
0.0,0.10376803,340.81644
0.0,0.5169691,212.13705
0.0,0.044591952,75.93106
0.0,0.35181466,95.95321
0.0,0.62882423,71.51057
0.0,0.08965021,124.83685
0.0,0.32690865,109.91836
0.0,0.43785822,99.90167
0.0,0.6308847,372.55927
0.0,0.41597918,83.96778
0.0,0.42862493,65.82178
0.0,0.44154668,140.07492
0.0,0.29622453,112.826866
0.0,0.39863005,130.75998
0.0,0.0955682,127.317665
0.0,0.052666537,864.2266
0.0,0.13031386,96.538536
0.0,0.58286196,98.755585
0.0,0.5117775,172.64293
0.0,0.6129189,74.74355
0.0,0.18471496,69.191055
0.0,0.35463852,117.443756
0.0,0.2664227,74.94933
0.0,0.44727382,111.47441
0.0,0.1575391,86.67553
0.0,0.4316362,543.6926
0.0,0.043076873,117.75914
0.0,0.25047287,96.010376
0.0,0.3132757,130.85406
0.0,0.6024957,82.44701
0.0,0.65853447,73.970505
0.0,0.73430747,68.758705
0.0,0.20150806,172.61734
0.0,0.46230915,70.41027
0.0,0.11881673,99.68308
0.0,0.6170597,77.04621
0.0,0.15525101,184.884
0.0,0.49020183,100.63641
0.0,0.16214888,93.98245
0.0,0.3332998,168.0897
0.0,0.21638703,130.53586
0.0,0.21875349,94.63405
0.0,0.3395154,265.674
0.0,0.21550669,87.679085
0.0,0.3692823,95.45445
0.0,0.3994605,86.35705
0.0,0.34143046,136.80147
0.0,0.2792456,74.79277
0.0,0.61431754,78.52244
0.0,0.1843394,74.535034
0.0,0.08260015,800.4538
0.0,0.1029915,310.29483
0.0,0.13459562,117.10936
0.0,0.5820353,795.819
0.0,0.21021071,71.44325
0.0,0.27920738,82.88905
0.0,0.48541006,71.66225
0.0,0.32692915,82.618996
0.0,0.5805398,73.005264
0.0,0.2845929,69.44717
0.0,0.27907613,86.32299
0.0,0.38248432,103.06238
0.0,0.7331471,70.65215
0.0,0.34938797,93.578896
0.0,0.1730313,137.53845
0.0,0.22703114,113.68562
0.0,0.15855071,427.99832
0.0,0.09009188,81.15973
0.0,0.45687893,71.44384
0.0,0.32693407,71.47301
0.0,0.535172,74.6342
0.0,0.71339554,72.36889
0.0,0.6282956,74.14732
0.0,0.10518636,87.35514
0.0,0.15593004,87.88223
0.0,0.62594366,65.443726
0.0,0.571274,104.73895
0.0,0.3572557,88.51946
0.0,0.84386545,75.981346
0.0,0.29138342,93.77429
0.0,0.34551552,106.72231
0.0,0.5398643,69.60323
0.0,0.003876002,715.4793
0.0,0.7252944,80.31415
0.0,0.13941498,335.11194
0.0,0.5976484,167.01526
0.0,0.32269442,128.24017
0.0,0.74784416,84.31276
0.0,0.06797953,90.79041
0.0,0.16433862,76.41631
0.0,0.68895274,73.59056
0.0,0.17009807,184.9697
0.0,0.6074627,81.3198
0.0,0.49440283,106.347885
0.0,0.37904096,332.6271
0.0,0.49440283,291.9514
0.0,0.66172445,137.61632
0.0,0.0788276,74.40401
0.0,0.19712035,68.672134
0.0,0.10870113,217.41862
0.0,0.49440283,128.47194
0.0,0.2239785,67.25813
0.0,0.49440283,109.57452
0.0,0.27384457,82.18003
0.0,0.53864735,99.1304
0.0,0.29135925,76.0232
0.0,0.626258,79.16806
0.0,0.99830973,92.602776
0.0,0.62109584,213.77106
0.0,0.09279731,86.59073
0.0,0.843207,108.01012
0.0,0.20306882,71.37491
0.0,0.5922924,77.016525
0.0,0.66987246,161.24832
0.0,0.49763408,100.710144
0.0,0.60002565,78.83589
0.0,0.25029433,310.03107
0.0,0.23531407,92.14058
0.0,0.37550986,68.20797
0.0,0.54308766,75.16004
0.0,0.5997367,672.58124
0.0,0.5997367,672.58124
0.0,0.45081246,424.81754
0.0,0.21996984,162.18805
0.0,0.1472692,193.24998
0.0,0.56104434,128.4008
0.0,0.61281395,66.19321
0.0,0.1840787,160.83678
0.0,0.09570272,65.10938
0.0,0.21148783,70.4002
0.0,0.5310562,100.77391
0.0,0.7800836,86.60915
0.0,0.1957339,83.907814
0.0,0.3350974,142.23363
0.0,0.14050558,98.180855
0.0,0.15699789,68.00043
0.0,0.15001756,83.86745
0.0,0.496445,190.98708
0.0,0.22687626,71.49509
0.0,0.41296607,81.057655
0.0,0.66794956,66.13462
0.0,0.27484626,82.58057
0.0,0.10164641,390.66373
0.0,0.15983224,85.076096
0.0,0.32352942,96.48195
0.0,0.6038025,95.02107
0.0,0.3090109,762.46735
0.0,0.43069094,123.92331
0.0,0.19829224,76.39849
0.0,0.47283408,121.79052
0.0,0.63549656,94.141396
0.0,0.46680638,120.45765
0.0,0.14862047,78.67119
0.0,0.16155946,73.00605
0.0,0.415202,84.27514
0.0,0.55433995,65.431335
0.0,0.2911801,170.92638
0.0,0.517296,228.54355
0.0,0.46987352,73.37935
0.0,0.75825155,82.11173
0.0,0.09155084,490.24533
0.0,0.5814732,83.12365
0.0,0.14011267,293.30145
0.0,0.20289725,80.0867
0.0,0.63513684,83.867195
0.0,0.50097567,73.70712
0.0,0.14661603,66.4774
0.0,0.14661604,66.4774
0.0,0.49877805,67.658775
0.0,0.5449543,91.1368
0.0,0.24676296,1050.2638
0.0,0.9071006,67.84846
0.0,0.6649294,65.663734
0.0,0.647312,130.84184
0.0,0.54664963,74.011086
0.0,0.66558117,206.06712
0.0,0.54400885,89.396454
0.0,0.6197654,89.93736
0.0,0.4926128,428.03687
0.0,0.08617088,103.68981
0.0,0.09366228,68.67142
0.0,0.07626172,87.39457
0.0,0.5486305,82.091385
0.0,0.5966018,73.372505
0.0,0.44767186,89.35463
0.0,0.25267702,133.58156
0.0,0.41006628,68.652115
0.0,0.43857035,82.849884
0.0,0.30154738,66.82171
0.0,0.7313782,121.88637
0.0,0.21786718,81.141
0.0,0.17634983,68.192825
0.0,0.24452625,714.4549
0.0,0.45168933,71.94077
0.0,0.31422043,114.21554
0.0,0.23248872,92.99337
0.0,0.61555964,89.2711
0.0,0.49101326,73.36928
0.0,0.55542666,65.8345
0.0,0.5308089,69.07549
0.0,0.5530828,100.74387
0.0,0.10592247,138.03929
0.0,0.033879846,343.42108
0.0,0.15732042,134.32957
0.0,0.41575113,101.460304
0.0,0.6200502,70.89094
0.0,0.1700268,105.97367
0.0,0.036927655,115.75271
0.0,0.6163341,66.98834
0.0,0.50157356,66.15101
0.0,0.2603511,66.42722
0.0,0.3759659,74.84226
0.0,0.41289777,70.81476
0.0,0.4515555,211.78075
0.0,0.23379648,81.98357
0.0,0.41899887,68.798256
0.0,0.71926206,67.29435
0.0,0.22005376,118.8229
0.0,0.5864087,94.49857
0.0,0.80247945,69.70185
0.0,0.48227355,70.99059
0.0,0.0881829,136.77675
0.0,0.030926533,241.81589
0.0,0.4044952,137.26027
0.0,0.53724563,98.52193
0.0,0.11994783,164.56146
0.0,0.49440283,100.64316
0.0,0.15667753,70.062355
0.0,0.20552048,74.59357
0.0,0.8367221,95.31124
0.0,0.4930276,76.07748
0.0,0.3586765,68.41952
0.0,0.33432448,98.83792
0.0,0.2156686,240.22217
0.0,0.063789696,179.49492
0.0,0.3644861,69.47952
0.0,0.2350095,69.131676
0.0,0.4275964,74.5487
0.0,0.15582499,66.38127
0.0,0.54927987,124.85995
0.0,0.17170054,85.32659
0.0,0.49081653,116.23252
0.0,0.4594063,174.79324
0.0,0.32567072,115.406395
0.0,0.30630744,113.741936
0.0,0.44230235,101.04214
0.0,0.5505105,204.73137
0.0,0.41970858,124.33108
0.0,0.24331363,102.036415
0.0,0.34965375,206.0875
0.0,0.68191695,83.86938
0.0,0.07442482,81.21741
0.0,0.18336405,74.16829
0.0,0.21124014,298.10794
0.0,0.5158999,150.63612
0.0,0.51581067,92.3165
0.0,0.21772206,69.16842
0.0,0.16354239,364.11655
0.0,0.23434173,73.00667
0.0,0.40203032,118.82225
0.0,0.17422958,94.7306
0.0,0.066825405,83.61627
0.0,0.26862863,66.80934
0.0,0.5476563,92.46501
0.0,0.59376955,65.428085
0.0,0.009308078,138.56134
0.0,0.37075776,143.03984
0.0,0.26444706,321.10043
0.0,0.26593718,67.784294
0.0,0.06684588,73.67336
0.0,0.13660352,208.20229
0.0,0.11312348,96.99741
0.0,0.3215525,84.02187
0.0,0.22433287,71.49026
0.0,0.11626645,526.8666
0.0,0.5504819,149.62247
0.0,0.39528176,65.84112
0.0,0.8055551,98.58307
0.0,0.41906932,715.5917
0.0,0.26546335,90.51058
0.0,0.015799688,609.29645
0.0,0.145918,116.958626
0.0,0.28258777,82.575966
0.0,0.16843514,142.14206
0.0,0.25539756,111.706345
0.0,0.4874959,80.66384
0.0,0.26483855,82.18977
0.0,0.49282032,76.1765
0.0,0.17565572,134.10963
0.0,0.29086187,66.020515
0.0,0.51428765,195.4971
0.0,0.37583083,263.54907
0.0,0.47636378,98.1273
0.0,0.12594749,67.30628
0.0,0.15199381,99.77791
0.0,0.21834987,105.918304
0.0,0.12288255,69.608315
0.0,0.24970257,100.603386
0.0,0.57755744,249.20506
0.0,0.49511787,84.5924
0.0,0.3437885,148.68811
0.0,0.07088765,102.5904
0.0,0.5650108,74.8945
0.0,0.40639532,126.37522
0.0,0.014443106,184.92278
0.0,0.2286112,139.48053
0.0,0.41818172,303.8879
0.0,0.32086426,87.824905
0.0,0.42882106,187.69461
0.0,0.35933045,72.044556
0.0,0.16355298,66.39097
0.0,0.3770443,83.837685
0.0,0.063877255,70.86492
0.0,0.81763995,83.64212
0.0,0.16118412,92.91911
0.0,0.16432403,94.1844
0.0,0.17463003,72.37348
0.0,0.20707557,92.12392
0.0,0.5633999,70.027016
0.0,0.7072433,81.05098
0.0,0.5590497,102.12446
0.0,0.07289484,173.54794
0.0,0.1425783,621.8162
0.0,0.39538148,93.14092
0.0,0.4886407,415.06662
0.0,0.035330433,192.6458
0.0,0.17352785,245.23322
0.0,0.1667139,80.216064
0.0,0.20957603,90.8793
0.0,0.19523244,89.72225
0.0,0.0764599,107.52546
0.0,0.34169716,105.8686
0.0,0.2011637,65.26969
0.0,0.11726812,91.9007
0.0,0.33630395,130.98508
0.0,0.29363248,260.05106
0.0,0.17957346,293.71042
0.0,0.084600054,127.615555
0.0,0.16243096,218.93352
0.0,0.3212712,171.04709
0.0,0.110111445,221.85165
0.0,0.46724465,94.49821
0.0,0.045770723,140.42772
0.0,0.5542601,72.10763
0.0,0.27127227,109.335846
0.0,0.58800066,80.24714
0.0,0.2641901,144.9052
0.0,0.35815966,103.54005
0.0,0.07735635,571.7472
0.0,0.31690368,68.06358
0.0,0.45592195,188.5285
0.0,0.06350961,176.19656
0.0,0.5895922,91.41581
0.0,0.06173374,327.8803
0.0,0.09272391,416.88873
0.0,0.20510013,75.45225
0.0,0.49214652,110.54905
0.0,0.54408634,70.353004
0.0,0.6820831,90.60086
0.0,0.5638506,213.64505
0.0,0.37083143,67.44195
0.0,0.49932963,108.68898
0.0,0.32068563,151.75142
0.0,0.32542005,68.25183
0.0,0.28403392,71.11815
0.0,0.18547857,135.59238
0.0,0.46764612,106.501366
0.0,0.16349573,153.35503
0.0,0.30786258,115.78055
0.0,0.6084011,73.95244
0.0,0.5340577,401.08105
0.0,0.15735206,207.82669
0.0,0.1349683,66.126396
0.0,0.33500353,92.47517
0.0,0.37812093,69.74504
0.0,0.6420528,119.44081
0.0,0.7758965,119.03581
0.0,0.437773,74.45978
0.0,0.44192314,136.85606
0.0,0.18328923,451.70587
0.0,0.48281848,97.20603
0.0,0.50604224,78.61951
0.0,0.58076644,97.91291
0.0,0.1844817,98.132256
0.0,0.04866188,703.5443
0.0,0.53922987,97.01557
0.0,0.14782359,140.76811
0.0,0.43338755,73.53521
0.0,0.20951396,111.274536
0.0,0.05360871,643.31757
0.0,0.35345584,90.578735
0.0,0.09852308,160.17442
0.0,0.22962077,87.575294
0.0,0.44891232,198.8358
0.0,0.5116175,190.92627
0.0,0.53894365,67.32532
0.0,0.23834924,82.53799
0.0,0.31192002,239.94803
0.0,0.5572264,92.99829
0.0,0.20099153,80.78897
0.0,0.49247995,758.3713
0.0,0.24494131,146.42044
0.0,0.33425915,111.3192
0.0,0.21806806,123.607025
0.0,0.10272372,382.88922
0.0,0.2339311,109.42886
0.0,0.38538754,214.34416
0.0,0.4446843,83.413445
0.0,0.6003368,74.936615
0.0,0.34888774,70.104065
0.0,0.34562397,68.071205
0.0,0.63136524,67.75813
0.0,0.12354284,117.04894
0.0,0.17438574,135.31552
0.0,0.12834702,74.51507
0.0,0.1643008,150.27765
0.0,0.67003334,76.182465
0.0,0.56885624,250.72029
0.0,0.16071105,71.55359
0.0,0.4958954,155.97728
0.0,0.49440283,296.92233
0.0,0.3062055,330.9043
0.0,0.22808689,77.47164
0.0,0.35935286,304.29477
0.0,0.5616245,88.303795
0.0,0.059106186,487.41418
0.0,0.5119278,86.28755
0.0,0.1621233,66.73039
0.0,0.16923289,67.25457
0.0,0.20196107,79.04186
0.0,0.45537457,267.5169
0.0,0.13923895,87.13894
0.0,0.05909215,107.23572
0.0,0.48298195,72.53614
0.0,0.10645326,109.20561
0.0,0.5278144,65.62424
0.0,0.010076692,340.60828
0.0,0.5823161,97.70908
0.0,0.3546582,179.05882
0.0,0.5445728,132.90355
0.0,0.18637636,91.38405
0.0,0.56413853,111.46272
0.0,0.3371873,100.14965
0.0,0.03576479,113.29585
0.0,0.090065874,114.96136
0.0,0.27759272,201.85773
0.0,0.1599284,97.32599
0.0,0.18725447,102.756004
0.0,0.33890286,74.877426
0.0,0.345518,82.737686
0.0,0.45550346,72.226524
0.0,0.260811,81.12877
0.0,0.22581373,390.5994
0.0,0.05931312,109.352715
0.0,0.35863993,195.984
0.0,0.5557643,153.07166
0.0,0.47959876,118.93039
0.0,0.23703088,85.42066
0.0,0.15839887,314.02704
0.0,0.10822929,109.07476
0.0,0.50061834,146.7565
0.0,0.5363171,67.38318
0.0,0.09833266,275.81857
0.0,0.5634026,90.82571
0.0,0.7294347,168.46875
0.0,0.08367665,176.96092
0.0,0.41178977,71.24879
0.0,0.23012188,790.1072
0.0,0.5854723,84.31665
0.0,0.31854728,193.62144
0.0,0.11084545,118.267975
0.0,0.36600527,66.63971
0.0,0.6329842,69.92919
0.0,0.61603194,69.89501
0.0,0.11835085,230.9215
0.0,0.6574779,82.07124
0.0,0.5345357,94.85112
0.0,0.1871833,110.323944
0.0,0.62466604,150.42606
0.0,0.35160872,95.33552
0.0,0.62117255,68.456604
0.0,0.5598785,118.84959
0.0,0.49793333,122.863716
0.0,0.26514867,67.89576
0.0,0.7373097,80.48505
0.0,0.09694682,71.530945
0.0,0.4404462,145.03914
0.0,0.31987375,74.03876
0.0,0.42974225,122.53844
0.0,0.1488187,263.74664
0.0,0.271233,147.75098
0.0,0.66853243,85.794235
0.0,0.27510104,94.892365
0.0,0.09570799,1110.9563
0.0,0.07687437,88.26371
0.0,0.15748063,86.050224
0.0,0.4982964,507.15375
0.0,0.33046958,115.54015
0.0,0.19789194,66.59081
0.0,0.38662115,168.27963
0.0,0.3697074,74.9388
0.0,0.108806714,611.679
0.0,0.50261474,250.86595
0.0,0.49642256,281.29993
0.0,0.5675836,159.73642
0.0,0.2682569,138.29065
0.0,0.38641146,71.435135
0.0,0.5470358,66.385826
0.0,0.70712066,86.94326
0.0,0.4274514,180.13934
0.0,0.7428195,188.62717
0.0,0.33293256,67.610214
0.0,0.19291605,78.40355
0.0,0.5075464,452.595
0.0,0.33113727,114.56187
0.0,0.51618075,97.02958
0.0,0.5332384,66.67623
0.0,0.98270506,74.67828
0.0,0.60981184,101.49273
0.0,0.10881895,123.304886
0.0,0.13348675,140.38216
0.0,0.4345044,77.44825
0.0,0.3061273,70.909
0.0,0.12899458,76.608734
0.0,0.15486759,70.007416
0.0,0.52483463,67.20954
0.0,0.42629892,88.62508
0.0,0.50706786,192.2378
0.0,0.46814,146.2254
0.0,0.12802285,300.4962
0.0,0.41193515,66.704094
0.0,0.4883975,85.26282
0.0,0.2516504,70.06961
0.0,0.27906388,66.80666
0.0,0.5129947,113.98603
0.0,0.6440296,70.769226
0.0,0.20476037,118.70632
0.0,0.015501203,179.19836
0.0,0.7665343,135.37541
0.0,0.28684735,79.1479
0.0,0.5061605,69.064705
0.0,0.58893967,69.17191
0.0,0.33748516,196.96779
0.0,0.4275744,65.626945
0.0,0.19975618,171.8075
0.0,0.2621315,85.03484
0.0,0.08772875,323.86874
0.0,0.14265633,131.29668
0.0,0.49351257,164.86636
0.0,0.14396296,157.66742
0.0,0.19896491,74.835815
0.0,0.42366886,124.451675
0.0,0.96549815,71.3589
0.0,0.56202805,72.08879
0.0,0.062344197,106.4504
0.0,0.53897583,69.5852
0.0,0.61234355,86.5053
0.0,0.2647879,120.54458
0.0,0.25940552,279.57797
0.0,0.17799199,120.26504
0.0,0.11156925,115.497345
0.0,0.21432501,98.340126
0.0,0.1545906,77.904396
0.0,0.033934075,180.03938
0.0,0.23868687,302.89676
0.0,0.9999993,111.05148
0.0,0.4244083,123.17303
0.0,0.74596435,158.02461
0.0,0.49440283,103.35003
0.0,0.062400173,150.71413
0.0,0.29996043,68.564354
0.0,0.56140774,85.46977
0.0,0.3020347,74.30706
0.0,0.72845536,735.3009
0.0,0.25195038,79.12709
0.0,0.13623643,98.30469
0.0,0.22792807,149.19318
0.0,0.56406033,144.01854
0.0,0.87769276,109.58998
0.0,0.57470506,91.19473
0.0,0.25291103,513.5909
0.0,0.28764623,129.93279
0.0,0.4470999,165.82437
0.0,0.1556074,68.177155
0.0,0.42708766,66.87745
0.0,0.25927073,110.16628
0.0,0.12572812,159.86906
0.0,0.30595592,86.14937
0.0,0.6849874,333.15692
0.0,0.534035,90.937515
0.0,0.2520517,67.093864
0.0,0.5509349,101.3636
0.0,0.17096084,121.13492
0.0,0.15654685,151.86368
0.0,0.12125879,80.71755
0.0,0.63787204,257.0618
0.0,0.1595026,109.66238
0.0,0.1579565,94.03992
0.0,0.78565526,68.003395
0.0,0.23765078,65.84894
0.0,0.5680774,159.40686
0.0,0.40014806,165.35875
0.0,0.27691352,99.64716
0.0,0.53113085,95.37703
0.0,0.6582247,87.87996
0.0,0.21332188,94.94911
0.0,0.48760113,104.14632
0.0,0.3715319,69.63107
0.0,0.48316577,101.257706
0.0,0.37810802,774.3903
0.0,0.14025882,98.50711
0.0,0.5438593,89.35875
0.0,0.108920194,120.684555
0.0,0.017716272,324.8934
0.0,0.07169263,521.33295
0.0,0.071820796,69.78662
0.0,0.13062516,103.727905
0.0,0.17489403,88.256004
0.0,0.3857939,186.02397
0.0,0.37079147,95.14243
0.0,0.5909506,68.01641
0.0,0.2971357,65.00968
0.0,0.41798094,74.46959
0.0,0.28241315,65.09543
0.0,0.40709493,132.83206
0.0,0.36954853,66.49813
0.0,0.3751313,214.68344
0.0,0.18789709,140.52936
0.0,0.25683007,65.47026
0.0,0.42684346,91.41867
0.0,0.3598316,66.00901
0.0,0.32002547,153.86505
0.0,0.29059952,79.50033
0.0,0.21785568,73.37947
0.0,0.28421518,92.84447
0.0,0.07423948,479.24805
0.0,0.48289648,105.946335
0.0,0.45051137,66.596886
0.0,0.46705705,115.099846
0.0,0.3222979,125.93205
0.0,0.10923651,66.289536
0.0,0.55239844,68.401115
0.0,0.12982696,95.860855
0.0,0.051928613,85.34346
0.0,0.42299822,401.31958
0.0,0.29177743,65.44321
0.0,0.736172,75.7303
0.0,0.12588494,70.895996
0.0,0.6309816,114.24608
0.0,0.5557979,69.77743
0.0,0.7018656,140.33755
0.0,0.9706524,93.88618
0.0,0.28874654,71.52837
0.0,0.55962914,78.84325
0.0,0.270337,70.118225
0.0,0.19674727,110.57958
0.0,0.32380125,235.97586
0.0,0.1758061,74.254906
0.0,0.14131837,65.12225
0.0,0.41565755,77.870575
0.0,0.37556493,92.0681
0.0,0.59175694,87.45101
0.0,0.089815766,100.47544
0.0,0.3962804,164.86247
0.0,0.24782744,99.47483
0.0,0.17212082,74.31403
0.0,0.018673627,708.0844
0.0,0.2662515,78.663956
0.0,0.6314429,65.84325
0.0,0.2235365,500.73544
0.0,0.7019926,72.43978
0.0,0.5501868,66.95101
0.0,0.43166125,204.41411
0.0,0.4964061,69.44785
0.0,0.49440283,360.22937
0.0,0.0844506,773.9143
0.0,0.33178592,141.09073
0.0,0.14335935,79.09705
0.0,0.1748758,66.14361
0.0,0.5766111,125.61995
0.0,0.049104467,74.81815
0.0,0.20302315,94.98475
0.0,0.6159445,84.02923
0.0,0.5386115,247.51685
0.0,0.16088434,175.06174
0.0,0.1802112,110.17923
0.0,0.30711666,103.32762
0.0,0.19805303,561.48004
0.0,0.24752189,111.91737
0.0,0.604006,81.65249
0.0,0.33216178,73.12867
0.0,0.18905185,79.71576
0.0,0.39663786,72.35334
0.0,0.30713457,107.258156
0.0,0.4173366,90.846054
0.0,0.25289315,146.19057
0.0,0.22448261,85.52393
0.0,0.4501082,66.1752
0.0,0.07926698,83.92509
0.0,0.24920517,69.34087
0.0,0.66556436,75.23357
0.0,0.3768629,65.848595
0.0,0.30643424,75.59429
0.0,0.16693273,68.33547
0.0,0.60875475,82.17854
0.0,0.07161018,153.45735
0.0,0.17954266,102.231094
0.0,0.45858157,360.3233
0.0,0.55355936,74.09801
0.0,0.28401214,82.671875
0.0,0.49440283,145.28346
0.0,0.17344813,136.28679
0.0,0.5091613,353.96606
0.0,0.10674548,70.94737
0.0,0.118630774,134.6628
0.0,0.009445765,761.55994
0.0,0.2326063,86.66335
0.0,0.121590495,104.14037
0.0,0.2463032,510.3948
0.0,0.3290614,66.78118
0.0,0.5235987,91.93779
0.0,0.25609064,73.44593
0.0,0.14904714,68.091484
0.0,0.42097986,71.67881
0.0,0.38233984,111.60661
0.0,0.6069929,78.21697
0.0,0.5068953,169.4407
0.0,0.11326763,110.8517
0.0,0.1491255,69.45738
0.0,0.15683419,305.89246
0.0,0.0627864,67.84617
0.0,0.46659088,152.27391
0.0,0.60250133,82.44162
0.0,0.11150456,969.1177
0.0,0.13038558,82.737526
0.0,0.17098778,66.28455
0.0,0.056978438,79.558525
0.0,0.48681143,104.05705
0.0,0.38956356,81.111534
0.0,0.33215147,86.548836
0.0,0.007991366,839.8707
0.0,0.2519942,76.9477
0.0,0.08322215,127.671616
0.0,0.36098903,108.34726
0.0,0.07966869,176.246
0.0,0.90627694,88.316734
0.0,0.5716346,71.33871
0.0,0.34343067,72.89491
0.0,0.18698607,94.097885
0.0,0.2576451,81.9302
0.0,0.4737424,91.61343
0.0,0.29322362,116.5993
0.0,0.22961718,73.35893
0.0,0.08654493,67.63839
0.0,0.12782745,117.949875
0.0,0.6534841,78.79271
0.0,0.18135649,67.009674
0.0,0.32100594,81.27086
0.0,0.5394176,67.44025
0.0,0.5083496,120.70225
0.0,0.03108243,170.84026
0.0,0.33074942,241.02122
0.0,0.30319312,377.57376
0.0,0.5558622,94.33698
0.0,0.24226213,80.06951
0.0,0.35625663,81.25922
0.0,0.53229576,72.16192
0.0,0.13763875,69.52964
0.0,0.2993579,68.55096
0.0,0.5644353,92.566185
0.0,0.3653231,84.68326
0.0,0.44296205,66.35544
0.0,0.1652001,73.77754
0.0,0.5115564,68.273735
0.0,0.3591128,70.97859
0.0,0.21080087,72.220695
0.0,0.45140693,66.64373
0.0,0.22507407,79.03101
0.0,0.4034375,177.00124
0.0,0.45111403,90.38937
0.0,0.57793283,82.02192
0.0,0.122105576,182.01614
0.0,0.33202288,67.48628
0.0,0.11921505,302.91037
0.0,0.3188988,65.39759
0.0,0.43482,108.3898
0.0,0.67327714,70.16407
0.0,0.122184515,122.57524
0.0,0.20261353,66.81992
0.0,0.34668955,74.40327
0.0,0.42721432,76.70133
0.0,0.16108167,66.50507
0.0,0.21986759,70.09055
0.0,0.43617806,173.3809
0.0,0.43617806,173.3809
0.0,0.32551336,74.43395
0.0,0.32710427,69.72713
0.0,0.4338708,273.79626
0.0,0.9905275,193.49606
0.0,0.06382021,438.8941
0.0,0.1017362,67.2046
0.0,0.27611634,260.77902
0.0,0.27365488,99.57233
0.0,0.20948857,533.48364
0.0,0.30896991,88.339
0.0,0.64605045,69.0976
0.0,0.27208388,93.08633
0.0,0.3635082,187.45221
0.0,0.37377238,67.5482
0.0,0.6369265,65.35148
0.0,0.32640213,88.741486
0.0,0.06858032,180.88405
0.0,0.60018975,101.10412
0.0,0.5173348,170.86934
0.0,0.21800819,1008.9176
0.0,0.32585695,124.55413
0.0,0.05673997,89.76633
0.0,0.38197988,128.36964
0.0,0.44609424,65.714226
0.0,0.32842374,93.503716
0.0,0.055071864,721.0494
0.0,0.024052057,474.18668
0.0,0.7412162,99.5913
0.0,0.09137358,450.792
0.0,0.08420514,67.28905
0.0,0.28456223,242.18031
0.0,0.21219036,170.94759
0.0,0.19642869,123.4478
0.0,0.2584473,68.65932
0.0,0.42922628,96.19807
0.0,0.22250822,197.67091
0.0,0.62532663,65.08183
0.0,0.23107748,86.73984
0.0,0.05591837,78.097435
0.0,0.35947964,72.4427
0.0,0.42283082,230.77562
0.0,0.27315435,77.72212
0.0,0.15421194,85.91362
0.0,0.50409675,285.8776
0.0,0.32105133,68.07894
0.0,0.11988768,89.62719
0.0,0.5759738,101.6031
0.0,0.60263675,86.80407
0.0,0.34921983,73.346245
0.0,0.21814916,334.79492
0.0,0.27722624,87.449814
0.0,0.73822665,73.706154
0.0,0.18464734,67.061806
0.0,0.037723914,68.31878
0.0,0.69529945,74.79684
0.0,0.58935237,68.38831
0.0,0.2319628,81.58238
0.0,0.50952876,80.32094
0.0,0.101324625,70.062546
0.0,0.046705432,94.155815
0.0,0.3985749,65.93042
0.0,0.1525218,103.98961
0.0,0.31892914,78.06953
0.0,0.34267676,76.18861
0.0,0.5125535,408.7945
0.0,0.20396672,66.62446
0.0,0.20502852,100.09755
0.0,0.37105054,69.63006
0.0,0.003527224,10019.508
0.0,0.51697934,99.08324
0.0,0.10961306,4185.2485
0.0,0.0011735786,53601.39
0.0,0.25312433,323.90555
0.0,0.30027658,1204.1566
0.0,0.32706296,650.4152
0.0,0.07055367,4718.234
0.0,0.2963251,4449.0474
0.0,0.18735765,93.684555
0.0,0.0049104285,24130.295
0.0,0.9999826,71.93891
0.0,0.25547665,7897.368
0.0,0.01968099,920.62286
0.0,0.49937564,461.63327
0.0,0.3577489,1655.7731
0.0,0.0006507824,3337.3938
0.0,0.32506424,8266.8
0.0,0.31933174,120.59448
0.0,0.26863694,772.8397
0.0,0.0022494176,50837.02
0.0,0.012396955,28590.488
0.0,0.2053529,121.12282
0.0,0.24603568,375.79205
0.0,0.08598878,322.71124
0.0,0.114802934,1339.9242
0.0,0.021006381,593.3346
0.0,0.31391457,1702.7583
0.0,0.19667877,14477.661
0.0,0.0017552577,4130.776
0.0,0.054025408,1259.4374
0.0,0.20070745,85.131485
0.0,0.49394146,150.5333
0.0,0.024035811,788.8386
0.0,0.0010243464,81498.21
0.0,0.25902373,238.1138
0.0,0.20312783,916.54175
0.0,0.14913394,1119.3586
0.0,0.042909186,1083.055
0.0,0.1733624,433.26544
0.0,0.49440283,4476.61
0.0,0.49440283,4476.61
0.0,0.0045594214,7447.7446
0.0,0.522454,116.10427
0.0,0.006970872,5978.149
0.0,0.39336023,480.22882
0.0,0.13268244,491.168
0.0,0.041079953,12327.085
0.0,0.42623675,314.86203
0.0,0.20596485,87.17387
0.0,0.48745197,482.99228
0.0,0.975781,163.88934
0.0,0.10015219,315.01782
0.0,0.44034222,73.42553
0.0,0.69221574,2284.6038
0.0,0.14385122,3467.6082
0.0,0.17430331,83.72936
0.0,0.10200986,2107.0144
0.0,0.09263617,75.14068
0.0,0.012915087,23909.268
0.0,0.2755,299.6641
0.0,0.25426427,225.52007
0.0,0.32982838,2483.9714
0.0,0.13046162,25714.28
0.0,0.06449906,1685.0204
0.0,0.15631385,313.14563
0.0,0.045218796,929.42944
0.0,0.3363507,1345.598
0.0,0.00418398,2885.3162
0.0,0.42047545,1315.5468
0.0,0.18928806,7381.9277
0.0,0.4690699,171.41634
0.0,0.053437617,7795.762
0.0,0.97468466,1237.081
0.0,0.034722038,150.75931
0.0,0.5757621,280.4143
0.0,0.15405998,107.07877
0.0,0.07777578,1261.9392
0.0,0.0064631347,3467.3645
0.0,0.4019849,559.0416
0.0,0.0034105612,1541.8197
0.0,0.034126233,17127.184
0.0,0.0904534,150.88583
0.0,0.0051031895,631.2725
0.0,0.0386127,28796.715
0.0,0.31285977,549.52277
0.0,0.013064506,59584.477
0.0,0.4042028,82.50274
0.0,0.41729647,135.87717
0.0,0.005007269,5025.464
0.0,0.07827121,66.88685
0.0,0.35126942,87.23151
0.0,0.28162548,254.7698
0.0,0.17650956,86.1457
0.0,0.452855,2836.7231
0.0,0.14292729,291.97464
0.0,0.004035265,1531.5244
0.0,0.45232883,110.53625
0.0,0.5109414,830.5333
0.0,0.12925275,85.97652
0.0,0.37247542,2760.5627
0.0,0.027449846,553.7239
0.0,0.009366167,2956.3188
0.0,0.14552891,110.65452
0.0,0.04898377,51645.98
0.0,0.29791364,177.48541
0.0,0.28953367,68.678505
0.0,0.62913185,81.6801
0.0,0.24223383,119.68997
0.0,0.35013264,193.8282
0.0,0.02837411,243.45174
0.0,0.00011891411,1144.5764
0.0,0.0048773983,480.7841
0.0,0.4698063,479.51044
0.0,0.06864559,1541.2129
0.0,0.56062514,142.80336
0.0,0.09730984,21745.527
0.0,0.045002762,2409.8787
0.0,0.13381794,5690.483
0.0,0.33983597,346.8297
0.0,0.056712378,2002.266
0.0,0.41468036,81.565704
0.0,0.45259443,501.5173
0.0,0.072697416,33395.05
0.0,0.09920892,1969.8368
0.0,0.49440283,222.21098
0.0,0.417192,28366.703
0.0,0.4903177,75.86456
0.0,0.13451725,735.5577
0.0,0.87268937,484.28928
0.0,0.23160103,2549.041
0.0,0.123754025,87.65004
0.0,0.0077606677,29454.457
0.0,1.0,1902.8817
0.0,0.078410596,225.65195
0.0,0.011103882,2026.6619
0.0,0.57686144,89.73543
0.0,0.14638653,415.15982
0.0,0.073780864,77025.125
0.0,0.46800187,169.01494
0.0,0.0569928,331.08273
0.0,0.49440283,2089.4001
0.0,0.49440283,610608.4
0.0,0.22621228,1391.5663
0.0,0.002086247,1741.539
0.0,0.14759138,2633.113
0.0,0.042494256,9419.185
0.0,0.014291354,1257.447
0.0,0.2538544,129.25627
0.0,0.08547058,1056.8109
0.0,0.16979034,115.85385
0.0,0.20317331,659.6937
0.0,0.13823484,10507.863
0.0,0.039255667,154.79532
0.0,0.39260948,76.64016
0.0,0.0381144,145.52565
0.0,0.020181447,2740.6968
0.0,0.69422334,9560.229
0.0,0.20331872,474.94272
0.0,0.01966448,1291.7682
0.0,0.18899159,327.83945
0.0,0.17410553,348.2232
0.0,0.037531503,1100.0468
0.0,0.48985395,1010.86084
0.0,0.10273882,976.51917
0.0,0.47956288,2186.2327
0.0,0.009677851,10377.182
0.0,0.028958892,5237.3506
0.0,0.053041473,1908.0126
0.0,0.0695454,1084.6396
0.0,0.0070072515,485.4445
0.0,0.100502215,158.39339
0.0,0.08654033,27460.01
0.0,0.0002893633,53331.527
0.0,0.037195724,74302.125
0.0,0.17980917,67725.67
0.0,0.15187496,697.39325
0.0,0.4432773,916.29974
0.0,0.05032537,11628.549
0.0,0.32025006,660.6705
0.0,0.46779174,594.01544
0.0,0.9997707,104.56562
0.0,0.0072448365,55106.016
0.0,0.08304628,1704.9434
0.0,0.49440283,27490.055
0.0,0.37523112,2180.0461
0.0,0.005502603,1291.6731
0.0,0.43855402,8919.245
0.0,0.0045572515,5833.4746
0.0,0.22299984,134.20685
0.0,0.010507692,36183.56
0.0,0.007946384,3932.5618
0.0,0.28922647,91.95525
0.0,0.010911824,42054.426
0.0,0.17381935,3598.961
0.0,0.13146184,300.10217
0.0,0.018386537,24691.346
0.0,0.34688038,857.9668
0.0,0.08711186,90.29968
0.0,0.9999999,5577.2476
0.0,0.05347661,439.05725
0.0,0.0779152,75.75532
0.0,0.4981665,1862.3253
0.0,0.027568763,2367.0542
0.0,0.19751655,1519.9323
0.0,0.13618056,115.62537
0.0,0.057514906,7074.8096
0.0,0.11304351,80.801346
0.0,0.00470303,96328.15
0.0,0.23645905,88.11271
0.0,0.44786978,4253.529
0.0,0.10748621,177.69484
0.0,0.018693214,3303.7756
0.0,0.09314636,2415.5425
0.0,0.11560206,2167.5076
0.0,0.14378838,712.35803
0.0,0.23956284,141.08282
0.0,0.103386074,10148.815
0.0,0.0006701218,9094.371
0.0,0.34801188,450.48178
0.0,0.0015420885,12904.286
0.0,0.14896996,82.00395
0.0,0.13471259,3304.697
0.0,0.07916305,2226.38
0.0,0.040112574,217.67862
0.0,0.21412727,89.215324
0.0,0.005290277,33540.53
0.0,0.018100148,3932.6653
0.0,0.3090411,293.14435
0.0,0.86723876,486.71204
0.0,0.039989937,70.275665
0.0,0.41807935,2109.1116
0.0,0.013578802,10876.389
0.0,0.022146635,13527.275
0.0,0.17704087,544.91626
0.0,0.2795282,65.21278
0.0,0.33025426,78.59118
0.0,0.65050477,82.16618
0.0,0.12148251,138.90071
0.0,0.45449516,28270.13
0.0,0.06899051,11332.223
0.0,0.04359248,8135.4185
0.0,0.30849877,451.53033
0.0,0.9113646,107.16445
0.0,0.16769408,8536.66
0.0,0.49440283,2884.366
0.0,0.5899259,9400.304
0.0,0.41050342,79.89778
0.0,0.5449551,521.50354
0.0,0.39470553,1499.9421
0.0,0.4793409,74.138084
0.0,0.47246626,111.88371
0.0,0.8571046,1331.0209
0.0,0.46889424,601.90393
0.0,0.16507684,3360.6401
0.0,0.0642146,65.396515
0.0,0.009036679,1156.3185
0.0,0.23894343,26752.03
0.0,0.4875156,97.60738
0.0,0.14865004,2069.4753
0.0,0.9860967,1029.0865
0.0,0.36824918,801.1269
0.0,0.29509157,317.27893
0.0,0.9665364,285.35733
0.0,0.22379136,1529.5835
0.0,0.09121741,2279.002
0.0,0.5379214,1827.7092
0.0,0.3184991,125.832954
0.0,0.73764074,3262.7847
0.0,0.49440283,310.9179
0.0,0.09256636,793.4585
0.0,0.018416692,934.1837
0.0,0.14251865,143.75471
0.0,0.04088285,3862.9011
0.0,0.2492019,232.28448
0.0,0.0769344,324.01334
0.0,0.0001074734,70405.05
0.0,0.031219773,2938.433
0.0,0.013670158,2597.1406
0.0,0.025817787,6503.563
0.0,0.07237584,1069.0585
0.0,0.4347079,1091.9176
0.0,0.024684764,21025.29
0.0,0.21309145,723.9265
0.0,0.0486166,2994.245
0.0,0.0064722165,3701.2134
0.0,0.0222095,2162.6296
0.0,0.056948815,104.20059
0.0,0.42417318,483.39017
0.0,0.008790349,57183.387
0.0,0.87239105,125.08024
0.0,0.63153446,65.70335
0.0,0.40960047,69.49613
0.0,0.25068483,81.12356
0.0,0.102791905,25313.031
0.0,0.44846603,228.45337
0.0,0.08501467,11335.085
0.0,0.28675035,149.56664
0.0,0.00085498363,96540.44
0.0,0.18220037,89.25618
0.0,0.014658392,393.58316
0.0,0.030297609,564.07806
0.0,0.016016878,2424.5312
0.0,0.16434735,87.88799
0.0,0.121497355,266.7656
0.0,0.0036542292,35024.316
0.0,0.19361244,190.75224
0.0,0.07618916,859.1569
0.0,0.71609175,8125.135
0.0,0.011741429,23294.955
0.0,0.5032237,97.11272
0.0,0.0071274666,16858.633
0.0,0.00014348653,54871.64
0.0,0.31594348,405.7934
0.0,0.72328806,2017.9069
0.0,0.0032622074,10604.595
0.0,0.11943681,7333.2236
0.0,0.49446118,2049.221
0.0,0.0027627975,2112.08
0.0,0.07576592,88.665955
0.0,0.008425457,3397.619
0.0,0.32708347,102.58404
0.0,0.6822485,592.31366
0.0,0.051592834,113.16854
0.0,0.09944262,79.18967
0.0,0.7692472,5649.7026
0.0,0.7492699,157.57294
0.0,0.055464394,119.61489
0.0,0.30357066,124.971176
0.0,0.15627046,250.80344
0.0,0.0038395538,1879.8397
0.0,0.023363953,13661.789
0.0,0.14824285,183.72682
0.0,0.44875276,254.28648
0.0,0.049225986,1127.5571
0.0,0.032744963,9191.549
0.0,0.5510654,534.44135
0.0,0.041012425,6745.9355
0.0,0.07829147,159.08148
0.0,0.8287164,823.12054
0.0,0.10909231,3394.3135
0.0,0.22236528,4333.0728
0.0,0.013400039,1306.6289
0.0,0.0040807975,5479.5
0.0,0.10382435,94.06271
0.0,0.13950178,575.2163
0.0,0.47142628,1471.7896
0.0,0.53762984,679.97784
0.0,0.13870062,258.2325
0.0,0.055627417,96.041504
0.0,0.6567703,121.96562
0.0,0.50058216,41907.48
0.0,0.0716689,75.56446
0.0,0.62732285,90.74945
0.0,0.73163074,734.6642
0.0,0.10316819,589.2475
0.0,0.10215662,7941.9497
0.0,0.4103667,3131.7642
0.0,0.012138493,42051.98
0.0,0.18313417,429.4064
0.0,0.39371824,727.5073
0.0,0.058441997,67.07007
0.0,0.14206618,1030.2701
0.0,0.087266125,1524.6715
0.0,0.051021535,100458.9
0.0,0.1068333,89.93865
0.0,0.12994565,4843.802
0.0,0.5515058,128.95618
0.0,0.15639932,4411.3184
0.0,0.04019427,13064.152
0.0,0.2289257,79.69371
0.0,0.35388955,66.14823
0.0,0.028335907,394.3044
0.0,0.01123755,6656.0405
0.0,0.63211656,73.62074
0.0,0.032710522,10273.124
0.0,0.6372284,637.02264
0.0,0.061271332,11768.049
0.0,0.049883045,164.701
0.0,0.4757053,1087.7021
0.0,0.22508533,97.27054
0.0,0.3124731,156.32849
0.0,0.10822693,80.1572
0.0,0.06442025,123.41121
0.0,0.4398251,1335.9982
0.0,0.0034832505,2941.6416
0.0,0.49440283,4938.607
0.0,0.010787691,2274.0503
0.0,0.16145368,81.68701
0.0,0.058632046,1120.2833
0.0,0.028406994,14238.519
0.0,0.25346306,5470.093
0.0,0.0155739,6532.02
0.0,0.00814096,11155.748
0.0,0.027827008,137.11566
0.0,0.09425338,7266.843
0.0,0.496219,572.7544
0.0,0.2085355,417.56052
0.0,0.35637432,194.36801
0.0,0.39596927,1369.8289
0.0,0.22929306,1410.994
0.0,0.1530498,6366.982
0.0,0.3497493,255.75565
0.0,0.32272857,765.677
0.0,0.002116935,990.63135
0.0,0.13492796,249.75975
0.0,0.93902373,14428.753
0.0,0.03870259,7172.089
0.0,0.03851168,8727.087
0.0,0.0018386906,64171.69
0.0,0.4975233,771.21564
0.0,0.34610388,67.897545
0.0,0.37472942,1742.2561
0.0,0.53461844,446.85074
0.0,0.029061876,1384.9458
0.0,0.22185518,1789.6665
0.0,0.53124964,271.32468
0.0,0.3173803,319.9026
0.0,0.0056097596,1683.7056
0.0,0.016720934,26302.223
0.0,0.40690342,392.68448
0.0,0.45987684,246.35791
0.0,0.0052358108,1230.7021
0.0,0.18622914,411.63107
0.0,0.99993837,109.9145
0.0,0.26206228,228.13779
0.0,0.18990314,201.43507
0.0,0.33789128,114.6013
0.0,0.013184693,787.9777
0.0,0.0058200615,2154.1196
0.0,0.027530713,22195.666
0.0,0.02626894,29902.469
0.0,0.084787935,1281.0979
0.0,0.6169084,1112.3898
0.0,0.856771,3309.737
0.0,0.00031455938,48008.832
0.0,0.19889194,157.69633
0.0,0.32695165,267.72507
0.0,0.6727414,66.9253
0.0,0.32090437,216.89038
0.0,0.15052502,1632.2948
0.0,0.5381204,595.352
0.0,0.17985308,1933.4188
0.0,0.09447569,5450.8
0.0,0.062219165,236.73961
0.0,0.1900501,75.91776
0.0,0.043344427,117.033394
0.0,0.2003482,173.72066
0.0,0.29180232,30416.35
0.0,0.13880995,505.37
0.0,0.0033329302,19390.629
0.0,0.42305386,677.6257
0.0,0.99999547,179.52321
0.0,0.20240285,210.42691
0.0,0.0066398703,3489.075
0.0,0.0018155264,7850.1836
0.0,0.9983974,75.392914
0.0,0.021205334,11010.879
0.0,0.11256323,96.74884
0.0,0.052364126,117.538635
0.0,0.15658681,19033.33
0.0,0.5620053,3955.2217
0.0,0.35885262,76.32642
0.0,0.7318483,1655.9749
0.0,0.05321374,120.53835
0.0,0.35285154,100.09788
0.0,0.019982938,224.91435
0.0,0.064095676,78.778
0.0,0.3937958,234.03154
0.0,0.00029572443,95812.555
0.0,0.062454242,3344.8958
0.0,0.25149915,110.33097
0.0,0.21937402,77.880196
0.0,0.7233166,70.59233
0.0,0.21725436,113.18383
0.0,0.0852234,16086.46
0.0,0.006032842,1095.626
0.0,0.41386074,108.68737
0.0,0.580418,1415.4302
0.0,0.2787166,267.76712
0.0,0.70849437,315.97302
0.0,0.7084944,315.97302
0.0,0.032660212,215.99399
0.0,0.010178816,15229.908
0.0,0.0028122144,27273.773
0.0,0.1165779,432.6294
0.0,0.23829117,2965.555
0.0,0.58000064,153.50783
0.0,0.21746793,351.42093
0.0,0.59224594,65.78425
0.0,0.036463078,10780.409
0.0,0.015824689,1895.4459
0.0,0.053976078,355.30457
0.0,0.9993979,6004.577
0.0,0.0024153257,1063.3557
0.0,0.34711847,69.507904
0.0,0.47517562,2737.4172
0.0,0.0072099213,18337.615
0.0,0.031030795,21382.6
0.0,0.0060105994,24831.223
0.0,0.11194883,103.63985
0.0,0.19615439,69.70449
0.0,0.21662305,90.229935
0.0,0.029971296,65.2326
0.0,0.6750971,8543.553
0.0,0.0059004924,9615.168
0.0,0.4027523,117.14292
0.0,0.012200787,1195.9427
0.0,0.49440283,1462.0759
0.0,0.10491446,837.9742
0.0,0.1640509,143.33336
0.0,0.12542272,222.09634
0.0,0.02135565,513.69214
0.0,0.06734348,90.03963
0.0,0.045985106,13102.65
0.0,1.0,208.97845
0.0,0.6678155,96.26682
0.0,0.027451508,8909.14
0.0,0.10073167,480.7944
0.0,0.5857718,74.23791
0.0,0.4046556,590.9622
0.0,0.0016026656,1201.3873
0.0,0.015357119,10873.857
0.0,0.08541032,1196.924
0.0,0.6273017,1457.4343
0.0,0.05820964,2252.251
0.0,0.049218018,79.89357
0.0,0.61377126,65.594955
0.0,0.012615638,8601.521
0.0,0.08348376,5218.907
0.0,0.27011862,357.2544
0.0,0.031861503,15853.415
0.0,0.34058967,251.11052
0.0,0.7618098,2291.603
0.0,0.124443,116.39113
0.0,0.029322274,32039.049
0.0,0.020521743,7208.4907
0.0,0.06702849,226.04015
0.0,0.15679447,107.4573
0.0,0.41354376,176.68417
0.0,0.1870356,71.53413
0.0,0.09652438,110.36089
0.0,0.42578733,193.45718
0.0,0.055778507,5807.2573
0.0,0.29914764,103.60094
0.0,0.008819579,908.50946
0.0,0.034385324,22789.594
0.0,0.38202482,174.60939
0.0,0.23705445,278.1029
0.0,0.17346717,62354.117
0.0,0.074194685,999.3963
0.0,0.08517421,1948.2833
0.0,0.33201262,426.06732
0.0,0.0350585,214.71173
0.0,0.4590245,228.74678
0.0,0.033164777,20631.344
0.0,0.5874544,560.15497
0.0,0.0015617128,38629.305
0.0,0.09164169,92.64462
0.0,0.06731758,190.16861
0.0,0.031170392,2159.385
0.0,0.02578484,213.61304
0.0,0.20131257,377.29443
0.0,0.4009913,3625.1655
0.0,0.35740083,99.41573
0.0,0.0059325905,20204.83
0.0,0.03328717,15503.906
0.0,0.8602941,201.23247
0.0,0.09988373,90.27294
0.0,0.48669326,605.07446
0.0,0.043268662,457.48416
0.0,0.06417383,1496.0425
0.0,0.0059449538,64675.883
0.0,0.3434572,188.58824
0.0,0.14979649,86.78146
0.0,0.25101146,2360.15
0.0,0.035571337,52072.74
0.0,0.05066587,9220.573
0.0,0.36411434,1181.8029
0.0,0.028234955,5235.1807
0.0,0.007410478,34014.934
0.0,0.2476705,4192.488
0.0,0.49440283,532.0347
0.0,0.1751291,782.74365
0.0,0.53689146,89.85115
0.0,0.42426163,4024.1738
0.0,0.11979227,122.032265
0.0,0.107359014,1382.9841
0.0,0.6286946,246.97743
0.0,0.48554423,342.7613
0.0,0.47714,5171.7534
0.0,0.13646165,84.175476
0.0,0.32847682,5456.6797
0.0,0.4986121,65.03243
0.0,0.092703395,71.63516
0.0,0.29302603,304.32367
0.0,0.6484263,723.1742
0.0,0.11924328,1976.2177
0.0,0.018839074,2903.5144
0.0,0.28113818,69.50606
0.0,0.20166284,10240.195
0.0,0.109934315,67.962585
0.0,0.029896712,1070.3251
0.0,0.8021875,1488.6985
0.0,0.49011424,607.88086
0.0,0.48354408,113.93804
0.0,0.47955433,81.64518
0.0,0.8233313,71.34294
0.0,0.013303805,2918.2673
0.0,0.04739772,84.61727
0.0,0.03085806,17862.064
0.0,0.41882616,371.07306
0.0,0.0345529,10027.267
0.0,0.3794915,1651.4991
0.0,0.018926548,1312.37
0.0,0.68214935,398.5046
0.0,0.09577106,73.77927
0.0,0.081918545,1176.2294
0.0,0.07312536,1995.0803
0.0,0.34586307,227.63011
0.0,0.25243604,143.085
0.0,0.7345714,907.955
0.0,0.43671423,299.9862
0.0,0.020403402,4637.7817
0.0,0.015273881,8427.361
0.0,0.60718507,91.18076
0.0,0.2484659,787.2704
0.0,0.362532,187.03189
0.0,0.21015017,148.76854
0.0,0.036891267,1291.5696
0.0,0.72837216,113.49898
0.0,0.8324015,3313.4604
0.0,0.009209583,415.40216
0.0,0.24431716,111.520195
0.0,0.3200497,92.86215
0.0,0.12547658,738.7822
0.0,0.121101946,346.98245
0.0,0.0039702216,3285.8975
0.0,0.0019207762,61013.125
0.0,0.33917168,852.84534
0.0,0.02880823,304.45886
0.0,0.029504132,11837.755
0.0,0.06964003,19082.271
0.0,0.38805485,108.933235
0.0,0.3111499,45998.945
0.0,0.1276293,9820.597
0.0,0.026304169,322.0131
0.0,0.085874304,7865.8086
0.0,0.24820036,365.87384
0.0,0.039927285,239.63144
0.0,0.014439591,7953.713
0.0,0.214404,65.22152
0.0,0.0675586,1042.4155
0.0,0.17638513,3138.8591
0.0,0.20360288,145.07043
0.0,0.60070145,129.63959
0.0,0.48579258,4037.2822
0.0,0.029198768,3227.9504
0.0,0.049288914,17873.602
0.0,0.014878251,119.03869
0.0,0.11545409,14638.412
0.0,0.16757493,690.9237
0.0,0.016382052,409.40695
0.0,0.054063216,6609.76
0.0,0.018239768,241.31342
0.0,0.17875493,67.09917
0.0,0.14495617,862.7694
0.0,0.49440283,73.967255
0.0,0.0032679993,695.8528
0.0,0.62666476,120.718414
0.0,0.41531563,16739.113
0.0,0.027540185,3492.6357
0.0,0.03228549,5003.947
0.0,0.012611755,5655.096
0.0,0.090477295,1181.0206
0.0,0.9900709,167.12753
0.0,0.08539881,318.8177
0.0,0.0013949894,29649.07
0.0,0.18894641,124.16649
0.0,0.60030085,68.078476
0.0,0.2681063,114.09478
0.0,0.14707333,47045.57
0.0,0.0020041906,16241.268
0.0,0.49987808,6396.839
0.0,0.0017382577,372.3832
0.0,0.21361817,8061.8823
0.0,0.017701888,9238.702
0.0,0.3115229,94.903984
0.0,0.009042365,563.3452
0.0,0.029353105,1151.69
0.0,0.25464046,1317.977
0.0,0.38689986,12441.411
0.0,0.11963728,77.19267
0.0,0.686579,9991.429
0.0,0.19799964,8242.791
0.0,0.008682015,869.27466
0.0,0.33817747,145.80153
0.0,0.24729756,148.16035
0.0,0.005486396,20027.014
0.0,0.25478452,145.17941
0.0,0.7439883,6084.171
0.0,0.03192171,5519.3364
0.0,0.4585376,481.4719
0.0,0.45705822,75.68976
0.0,0.1111443,1335.0817
0.0,0.11348551,2547.6113
0.0,0.2335093,68.45658
0.0,0.2882884,42545.426
0.0,0.07992675,5870.358
0.0,0.28658348,119.339874
0.0,0.20808163,81.8736
0.0,0.48121047,206.75893
0.0,0.4296174,3980.931
0.0,0.97757065,1220.4606
0.0,0.24925204,150.1904
0.0,0.38161916,72.73181
0.0,0.032826502,803.7074
0.0,0.36076877,123.70485
0.0,0.17202677,1065.5015
0.0,0.14483109,202.24461
0.0,0.1417155,139.04788
0.0,0.2615017,137.57976
0.0,0.0028608171,23015.857
0.0,0.11105624,566.6818
0.0,0.11105624,566.6818
0.0,0.10607471,454.19446
0.0,0.005787433,6224.7305
0.0,0.32324466,2511.8594
0.0,0.01308481,3066.314
0.0,0.11527204,790.19696
0.0,0.48425198,206.1916
0.0,0.5540617,753.44006
0.0,0.059451908,46130.598
0.0,0.14581548,2432.2876
0.0,0.0037971153,660.12085
0.0,0.26134858,127.92292
0.0,0.008410389,6117.385
0.0,0.14820066,234.73756
0.0,0.048522025,293.71426
0.0,0.99999917,128.2944
0.0,0.12077637,8739.821
0.0,0.0029504478,129421.43
0.0,0.021723662,133.0795
0.0,0.30413756,370.74808
0.0,0.47225878,493.89243
0.0,0.4750165,103.58325
0.0,0.26287824,381.36456
0.0,0.09600436,139.17755
0.0,2.874209e-07,131199.83
0.0,0.2373156,1728.5155
0.0,0.12018173,1661.1849
0.0,0.009022065,1695.5999
0.0,0.20792934,125.56521
0.0,0.4973775,205.93979
0.0,0.019667204,691.7929
0.0,0.025424099,9066.341
0.0,0.06054188,9856.32
0.0,0.33823183,7014.849
0.0,0.30929437,127.194435
0.0,0.54052895,1220.7855
0.0,0.24963522,895.8548
0.0,0.25758073,4854.4023
0.0,0.019235361,18504.7
0.0,0.51711047,7012.469
0.0,0.17308362,68.35637
0.0,0.49440283,147.04239
0.0,0.20658655,154.45323
0.0,0.0106622195,13226.261
0.0,0.4467198,5860.1094
0.0,0.024677763,260.22357
0.0,0.2959799,334.364
0.0,0.8762494,4637.1963
0.0,0.25110477,80.2402
0.0,0.97898054,519.381
0.0,0.12167402,691.5552
0.0,0.3258226,351.9884
0.0,0.33173436,5967.0044
0.0,0.11186353,90.955666
0.0,0.14774945,315.33218
0.0,0.3216295,40015.973
0.0,0.019874815,211.3553
0.0,0.24826917,116.52942
0.0,0.021568093,1630.7167
0.0,0.24057597,1943.633
0.0,0.31901014,8556.868
0.0,0.21899404,15152.566
0.0,0.49440283,2390.5408
0.0,0.884935,150.05812
0.0,0.0026202258,47934.566
0.0,0.042747937,1270.9475
0.0,0.35184234,142.2405
0.0,0.01726117,30655.127
0.0,0.51826507,1100.8949
0.0,0.42775196,15167.647
0.0,0.14786597,193.05774
0.0,0.16554517,3288.2615
0.0,0.49717033,560.5657
0.0,0.7627425,152.20271
0.0,0.24920616,119.57215
0.0,0.37165314,1218.3472
0.0,0.19520111,2016.8193
0.0,0.33616078,113.87095
0.0,0.1564903,533.5865
0.0,0.03204968,162.73254
0.0,0.07190638,3722.9675
0.0,0.53161883,2428.7676
0.0,0.06344355,151.96468
0.0,0.41558215,10125.765
0.0,0.45174065,289.84296
0.0,0.003111242,41050.77
0.0,0.23863743,289.8
0.0,0.79832643,7429.9106
0.0,0.4052243,70.97828
0.0,0.02623735,536.5697
0.0,0.009818589,2876.1958
0.0,0.21841864,756.37134
0.0,0.74927086,1058.6819
0.0,0.2732185,117.32029
0.0,0.2629867,313.13498
0.0,0.3509861,84.48039
0.0,0.22740361,79.68334
0.0,0.2716811,285.40118
0.0,0.09956044,3776.6353
0.0,0.1516547,405.62122
0.0,0.6816701,27789.58
0.0,0.4189995,72.41721
0.0,0.11050585,3984.6545
0.0,0.4548284,287.96558
0.0,0.12993975,216.93028
0.0,0.5427041,87.18497
0.0,0.0059898365,41179.062
0.0,0.22880498,71.56182
0.0,0.006769026,4733.2627
0.0,0.49440283,221.43028
0.0,0.2645176,6973.63
0.0,0.5347253,338.07974
0.0,0.08486424,953.5551
0.0,0.027245354,1036.1823
0.0,0.53208023,180.80602
0.0,0.2859385,94.901955
0.0,0.10216923,84.85698
0.0,0.53166616,693.5938
0.0,0.49440283,1355.9574
0.0,0.008296368,1391.6305
0.0,0.5979682,707.96
0.0,0.77582186,91.54839
0.0,0.032705422,463.77768
0.0,0.71686584,82.761765
0.0,0.33503056,2699.6255
0.0,0.008804652,4404.277
0.0,0.00067978294,11530.311
0.0,0.38712418,1654.3439
0.0,0.35942104,797.2117
0.0,0.18776843,1006.7311
0.0,0.28869128,1755.436
0.0,0.12643288,159.82658
0.0,0.020748481,906.5699
0.0,0.02068475,15947.794
0.0,0.16446157,402.31644
0.0,0.20624289,2136.9678
0.0,0.1887569,329.7466
0.0,0.50686246,65.53994
0.0,0.59845686,101.14043
0.0,0.55605,112.45133
0.0,0.12205985,66.400154
0.0,0.6190362,147.55588
0.0,0.348935,88.20413
0.0,0.04410995,104.41252
0.0,0.34814698,140.45055
0.0,0.20916662,139.48322
0.0,0.033539537,4521.867
0.0,0.009503072,1830.4283
0.0,0.47752634,965.1935
0.0,0.07948377,84.98608
0.0,0.4508909,21298.902
0.0,0.49260285,3572.5085
0.0,0.3012643,1898.5284
0.0,0.37524748,411.58994
0.0,0.42978883,74.16707
0.0,0.043518614,370.8523
0.0,0.3710613,596.9914
0.0,0.0022228062,2737.4307
0.0,0.06571256,6231.141
0.0,0.0006995014,2173.4067
0.0,0.006422283,15832.715
0.0,0.049315933,722.3838
0.0,0.058357157,506.52826
0.0,0.14930616,74.89623
0.0,0.046741907,20321.7
0.0,0.3749333,166.82649
0.0,0.25461468,80.28078
0.0,0.19359028,75.07753
0.0,0.08148468,1453.1489
0.0,0.46425116,93.81626
0.0,0.15625204,174.999
0.0,0.2228648,98.94856
0.0,0.032338474,2171.0312
0.0,0.01006201,38626.848
0.0,0.4699949,110.73735
0.0,0.2012742,257.2021
0.0,0.14877896,24725.527
0.0,0.33439353,380.36972
0.0,0.1555509,8985.623
0.0,0.86397606,332.06134
0.0,0.46234855,1431.1769
0.0,0.20741612,3484.3167
0.0,0.16910225,18861.35
0.0,0.011794854,41959.094
0.0,0.019592559,186.8407
0.0,0.036789186,13940.368
0.0,0.08929166,313.087
0.0,0.11020695,1915.9636
0.0,0.48269612,20820.24
0.0,0.008268524,10490.744
0.0,0.22532311,87.95704
0.0,0.12214443,12993.2
0.0,0.032208763,7780.567
0.0,0.25161487,77.44855
0.0,0.023257555,24276.455
0.0,0.012847749,33760.66
0.0,0.57185197,101.69909
0.0,0.011629085,3543.0437
0.0,0.5231056,81.04744
0.0,0.16045104,353.99017
0.0,0.15593912,6236.165
0.0,0.06645081,79.60977
0.0,0.12390328,67.70043
0.0,0.027177768,68575.31
0.0,0.39164558,516.01263
0.0,0.040395603,3342.091
0.0,0.0020603067,20887.03
0.0,0.11065255,659.8339
0.0,0.90702575,652.3774
0.0,0.12345955,83.67445
0.0,0.57200867,574.9293
0.0,0.5695202,106.556755
0.0,0.14287934,4557.195
0.0,0.20485325,388.53583
0.0,0.24148113,578.0822
0.0,0.038685534,9885.506
0.0,0.27408698,69.91597
0.0,0.063045055,712.4977
0.0,0.9537114,373.51828
0.0,0.02063408,1039.0806
0.0,0.45281905,587.8862
0.0,0.057321217,1481.794
0.0,0.047057528,6298.298
0.0,0.42396677,4070.0798
0.0,0.31937525,68.59687
0.0,0.032053147,5192.484
0.0,0.018746141,4002.9026
0.0,0.08579355,1279.4912
0.0,0.53883284,450.80066
0.0,0.03589438,890.46515
0.0,0.5362768,73.466255
0.0,0.4233198,152.57942
0.0,0.04682471,3168.9946
0.0,0.37284452,397.17712
0.0,0.13776892,1210.6079
0.0,0.13977724,818.9558
0.0,0.50045305,1051.7063
0.0,0.11518851,2978.971
0.0,0.03783129,2808.7234
0.0,0.11271605,348.74893
0.0,0.077914804,5833.3145
0.0,0.483552,2486.0422
0.0,0.50054723,312.7263
0.0,0.0469879,678.417
0.0,0.21631032,79.165344
0.0,0.448235,189.1714
0.0,0.41785142,409.16092
0.0,0.039297104,23726.654
0.0,0.15578946,764.70074
0.0,0.019664,40081.535
0.0,0.491231,228.33475
0.0,0.040153265,2063.6565
0.0,0.1280372,1330.0735
0.0,0.16078359,201.96878
0.0,0.009852815,27676.764
0.0,0.3545737,69.23565
0.0,0.47622955,110.59695
0.0,0.06558203,14514.746
0.0,0.37237146,11341.907
0.0,0.002024258,25386.594
0.0,0.05297924,211.24162
0.0,0.3862376,78.08502
0.0,0.5515278,3135.511
0.0,0.00973058,1973.3351
0.0,0.07919869,297.22113
0.0,0.17702694,28179.672
0.0,0.28206372,493.4748
0.0,0.16143538,675.2958
0.0,0.37558198,606.7609
0.0,0.34834847,780.9821
0.0,0.43067622,1039.9806
0.0,0.5089738,492.95328
0.0,0.12238078,16658.662
0.0,0.031162003,8660.432
0.0,0.17090614,153.81387
0.0,0.018450923,1150.2897
0.0,0.2739764,117.10518
0.0,0.19865538,65.576416
0.0,0.01821864,1177.0232
0.0,0.029427795,83858.34
0.0,0.007200844,1508.3324
0.0,0.3257691,179.56056
0.0,0.05087313,4187.315
0.0,0.19508798,3680.849
0.0,0.019468335,1139.3135
0.0,0.013475576,6905.1685
0.0,0.41727483,6252.441
0.0,0.24102253,622.30865
0.0,0.030767392,251.05318
0.0,0.19828565,2179.8618
0.0,0.018676689,8897.009
0.0,0.06859814,71.267876
0.0,0.08108817,899.2423
0.0,0.09896064,77.55002
0.0,0.094914965,71.813675
0.0,0.031729106,1605.729
0.0,0.15618248,121.13792
0.0,0.70096534,161.43521
0.0,0.013426927,23195.75
0.0,0.16024289,427.64767
0.0,0.5307376,396.16214
0.0,0.0080289105,422.5623
0.0,0.12444254,823.58655
0.0,0.0037297176,80544.945
0.0,0.23484895,127.27951
0.0,0.20825425,2305.6833
0.0,0.009159802,7248.4277
0.0,0.19593485,542.20496
0.0,0.11090045,4173.492
0.0,0.00055830483,4131.8667
0.0,0.049808078,1119.2272
0.0,0.06448231,192.77296
0.0,0.08686392,81.52611
0.0,0.27951226,255.90044
0.0,0.04774193,1362.2172
0.0,0.044058327,8640.78
0.0,0.30481213,147.88683
0.0,0.097032346,174.20294
0.0,0.18571745,88.565956
0.0,0.09335154,1343.5858
0.0,0.051250536,344.11877
0.0,0.17160365,4131.724
0.0,0.119891845,11631.984
0.0,0.26582128,165.96909
0.0,0.076961964,140.24281
0.0,0.17944132,123.76585
0.0,0.5286681,73.35003
0.0,0.54710627,3383.7327
0.0,0.24478763,92.10121
0.0,0.39923143,317.33676
0.0,0.52267206,83.24956
0.0,0.65645784,1178.3079
0.0,0.1181263,210.53079
0.0,0.08791866,914.47253
0.0,0.031128848,9536.839
0.0,0.6675987,3901.5469
0.0,0.025425293,76.67115
0.0,0.19437099,142.47644
0.0,0.49397638,4151.1016
0.0,0.2370485,11153.593
0.0,0.19638571,315.52405
0.0,0.34550616,147.54851
0.0,0.15146524,5860.9263
0.0,0.4994269,530.7558
0.0,0.011202375,432.9
0.0,0.1657755,14832.931
0.0,0.47188514,72.8269
0.0,0.085059516,1420.7777
0.0,0.0006361527,3820.678
0.0,0.08626971,87.29711
0.0,0.025682809,529.7006
0.0,0.44593585,5116.0273
0.0,0.14223829,80.226326
0.0,0.4096653,410.04843
0.0,0.055557035,91.58667
0.0,0.038661737,155.52394
0.0,0.1878758,5192.8774
0.0,0.07091929,1594.8564
0.0,0.007344071,12448.038
0.0,0.4923125,259.0535
0.0,0.10807454,213.51572
0.0,0.33822685,746.6683
0.0,0.2988002,104.449036
0.0,0.3371829,5938.86
0.0,1.0,131.371
0.0,0.3678328,347.48724
0.0,0.17139013,269.01953
0.0,0.11944383,5228.6636
0.0,0.05942826,1610.5979
0.0,0.059708018,2012.0342
0.0,0.9077498,1964.9592
0.0,0.31795233,323.12305
0.0,0.12976907,145.77016
0.0,0.17880428,173.07127
0.0,0.06470076,959.3166
0.0,0.04600553,1246.6515
0.0,0.8574465,2378.7861
0.0,0.08348467,287.33707
0.0,0.043837123,5287.169
0.0,0.49646345,2480.1533
0.0,0.49813858,1152.321
0.0,0.032803506,308.18854
0.0,0.2120783,1657.3663
0.0,0.28814512,2473.6768
0.0,0.07496142,4602.633
0.0,0.92724985,557.898
0.0,0.2597442,4699.977
0.0,0.20983654,65.096
0.0,0.08788517,75.56305
0.0,0.12893562,2514.387
0.0,0.015444885,439.1515
0.0,0.10655029,45302.754
0.0,0.49440283,57517.055
0.0,0.022716122,1766.3102
0.0,0.5130799,10760.081
0.0,0.31463203,247.65126
0.0,0.0046699853,25482.828
0.0,0.06361873,489.09695
0.0,0.24825853,655.5705
0.0,0.0064180973,494.68912
0.0,0.01002152,11348.7705
0.0,0.04767064,4797.7476
0.0,0.10929008,68.93272
0.0,0.6868912,103.812386
0.0,0.35362676,73.7277
0.0,0.12732385,93.88659
0.0,0.6078941,12113.6455
0.0,0.0009989447,70846.266
0.0,0.6471619,73.3638
0.0,0.008145247,157136.0
0.0,0.08596553,4420.065
0.0,0.15462717,121.30875
0.0,0.48845974,1808.7561
0.0,0.20826885,578.4346
0.0,0.057616834,487.92712
0.0,0.08403307,1026.5795
0.0,0.3698781,800.4292
0.0,0.2955987,161.70566
0.0,0.0014085572,2539.4915
0.0,0.6010503,96.71422
0.0,0.059622005,125.78143
0.0,0.7280713,467.9849
0.0,0.4020471,3678.0857
0.0,0.019010587,11585.563
0.0,0.7565328,71.624664
0.0,0.03503373,235.7512
0.0,0.10872223,2536.6643
0.0,0.062212676,10382.982
0.0,0.13000129,362.6778
0.0,0.11914199,96.238716
0.0,0.16946702,5446.068
0.0,0.003777062,811.854
0.0,0.39519796,80.84987
0.0,0.2677995,144.84244
0.0,0.17251776,96.76494
0.0,0.005434288,53360.58
0.0,0.014982158,2874.917
0.0,0.08662096,238.79071
0.0,0.4133418,117.77453
0.0,0.050488412,148.07977
0.0,0.47763124,183.54979
0.0,0.1954416,9977.89
0.0,0.3956433,77.186295
0.0,0.07446543,238.31192
0.0,0.17566334,2754.6587
0.0,0.10107554,5787.2456
0.0,0.024933081,1362.7588
0.0,0.04020961,111.15664
0.0,0.00033467813,74799.3
0.0,0.019925041,3369.4224
0.0,0.89573526,146.29076
0.0,0.059144106,558.37665
0.0,0.6103658,592.2642
0.0,0.031522337,10210.567
0.0,0.012520236,27076.611
0.0,0.3356416,253.26195
0.0,0.003237343,111132.29
0.0,0.35031694,91.901
0.0,0.17342731,75.93348
0.0,0.0389963,432.9131
0.0,0.036651168,335.36057
0.0,0.08466607,724.871
0.0,0.519028,165.51015
0.0,0.05070587,3886.623
0.0,0.12504004,4736.9907
0.0,0.0004365395,89435.11
0.0,0.50333303,11174.406
0.0,0.5889211,932.49384
0.0,0.6008003,439.75995
0.0,0.029141568,24965.31
0.0,0.4930878,11711.334
0.0,0.022513995,897.8468
0.0,0.14689699,98.2639
0.0,0.20654991,258.9885
0.0,0.0054459134,653.4982
0.0,0.17826292,68.06379
0.0,0.20711361,1061.8997
0.0,0.52551204,124.39676
0.0,0.20411673,301.9431
0.0,0.44837412,1433.554
0.0,0.23052335,265.81332
0.0,0.03310207,7591.16
0.0,0.010199302,214.0684
0.0,5.4637036e-05,126430.38
0.0,0.103041716,91.150185
0.0,0.55933064,101.694565
0.0,0.26571766,614.9365
0.0,0.8945896,583.68317
0.0,0.23839153,73.719444
0.0,0.23707728,1937.5457
0.0,0.48767754,484.6659
0.0,0.039448828,11779.0625
0.0,0.11464568,298.6398
0.0,0.35152987,6188.137
0.0,0.090202175,378.74652
0.0,0.8392266,190.80482
0.0,0.0026015008,8467.735
0.0,0.13667786,574.7775
0.0,0.35466388,66.0499
0.0,0.52156,109040.69
0.0,0.07264388,1756.7838
0.0,0.51243246,5460.4556
0.0,0.034579538,3763.3088
0.0,0.11518669,94.90388
0.0,0.32030514,657.65106
0.0,0.0319238,260.25986
0.0,0.26448256,881.5718
0.0,0.7708886,1165.378
0.0,0.5855447,4984.2725
0.0,0.31920695,555.18066
0.0,0.017112901,468.37195
0.0,0.030566579,231.45073
0.0,0.3247427,65.56385
0.0,0.06562417,1462.8427
0.0,0.051961854,14217.351
0.0,0.22296952,981.023
0.0,0.022066703,12832.723
0.0,0.024998054,39283.668
0.0,0.2635418,476.76062
0.0,0.042784538,4254.0728
0.0,0.5468595,93.10971
0.0,0.68013287,207.56502
0.0,0.30143285,69.54365
0.0,0.51561904,245.62543
0.0,0.19304661,7705.2114
0.0,0.5269957,90.9906
0.0,0.5003576,803.7316
0.0,0.09271035,76.046364
0.0,0.36474058,877.1469
0.0,0.060991522,165.41704
0.0,0.0849527,88.093124
0.0,0.0034034145,2497.9595
0.0,0.24971068,360.6346
0.0,0.034419183,116.09324
0.0,0.09564992,5616.527
0.0,0.02040191,145.4544
0.0,0.05469504,456.06113
0.0,0.03417269,121.444275
0.0,0.78392565,232.41638
0.0,0.26601,179.48349
0.0,0.28640077,270.39117
0.0,0.9548989,3609.5627
0.0,0.30549613,498.42288
0.0,0.55186146,2082.4446
0.0,0.48043656,213.07089
0.0,0.18475021,100.658905
0.0,0.0058946386,23230.336
