true_label,prob_tau,reco_energy_tev
1.0,0.5118018,106.125854
1.0,0.4550654,350.3455
1.0,0.44851068,1080.5258
1.0,0.5298621,295436.88
1.0,0.65849257,782257.4
1.0,0.5682274,359.82755
1.0,0.6414615,114.63591
1.0,0.9767566,977.4025
1.0,0.73514616,99.64806
1.0,0.65000606,111.29079
1.0,0.45920148,110.70683
1.0,0.49908093,73.61491
1.0,0.59199405,126.70498
1.0,0.67284197,332.57034
1.0,0.6396979,433.03525
1.0,0.74680465,1448.5293
1.0,0.624664,139.2763
1.0,0.6893405,80.23425
1.0,0.7304569,73.32567
1.0,0.58670175,864351.4
1.0,0.573294,3.6944655e+09
1.0,0.51016325,167.58221
1.0,0.57833844,372182.1
1.0,0.5682946,79.0489
1.0,0.5255677,478344.12
1.0,0.55925053,2879.8564
1.0,0.5432933,72675.77
1.0,0.5190657,109.75236
1.0,0.5624349,9.366815e+06
1.0,0.4736705,111.434456
1.0,0.4925257,71.99798
1.0,0.5629782,72.818245
1.0,0.54912084,109.167435
1.0,0.8150238,154.86807
1.0,0.5665371,92.19834
1.0,0.38976914,1522.6532
1.0,0.4959064,96.48714
1.0,0.6155975,82.15892
1.0,0.84572214,1.7686895e+06
1.0,0.47496444,1669.2992
1.0,0.50936145,1022.0584
1.0,0.48121715,83.81497
1.0,0.71830934,129.34436
1.0,0.98441666,54653.438
1.0,0.6145446,76.75807
1.0,0.66111207,211.49307
1.0,0.5171019,179.83412
1.0,0.37668577,1518.7369
1.0,0.9624059,1614.2139
1.0,0.5527935,123.16545
1.0,0.5835807,266.4164
1.0,0.6971854,139.78455
1.0,0.5912108,89.428116
1.0,0.5182574,45519.69
1.0,0.61512995,122.061745
1.0,0.41405782,894.2362
1.0,0.6461098,367.2374
1.0,0.5240027,73977.984
1.0,0.57853675,193.82245
1.0,0.5480797,2799.9758
1.0,0.68054616,4170.661
1.0,0.75107396,181.84395
1.0,0.49622205,167.2385
1.0,0.4848458,18198.656
1.0,0.47908655,107.27058
1.0,0.6876688,87.56986
1.0,0.552413,1.9607115e+08
1.0,0.63931096,8.050896e+06
1.0,0.46664602,1.1269426e+09
1.0,0.67239124,170.47656
1.0,0.6149365,73.34892
1.0,0.52343774,70.62501
1.0,0.5649609,85.6974
1.0,0.6011928,113.81295
1.0,0.5476788,87.51104
1.0,0.48258477,70.71266
1.0,0.65481377,235.53375
1.0,0.66298413,125.63416
1.0,0.60558945,5.347236e+06
1.0,0.4855814,3814.3489
1.0,0.6820486,636344.56
1.0,0.6627268,237.62567
1.0,0.55011535,88.8687
1.0,0.6042336,7.023319e+10
1.0,0.60367686,236.24054
1.0,0.77911067,363.09595
1.0,0.5564307,65560.87
1.0,0.5289862,165.64558
1.0,0.61315346,97.167694
1.0,0.5882118,2.5823776e+07
1.0,0.47283247,172.56125
1.0,0.5293486,582.8827
1.0,0.48805833,802.62933
1.0,0.74965346,98.569374
1.0,0.40468413,85.95126
1.0,0.7848387,1788.429
1.0,0.47640327,171.82439
1.0,0.24029626,117.927986
1.0,0.49106604,1.7281416e+08
1.0,0.55411905,350.6374
1.0,0.48537192,123.415955
1.0,0.5114715,76.92297
1.0,0.74443847,160.8487
1.0,0.92773193,215.67715
1.0,0.39196706,185.5165
1.0,0.6479957,72.58044
1.0,0.5229134,2179.1978
1.0,0.7492899,73.45601
1.0,0.56193376,214.11859
1.0,0.5525609,193.60019
1.0,0.47686568,66.83612
1.0,0.47496444,4421.147
1.0,0.57409877,101.38207
1.0,0.51265,4533.1016
1.0,0.6835252,95.75377
1.0,0.6875614,486.04877
1.0,0.5093243,333.17703
1.0,0.5093243,333.17703
1.0,0.5794188,214.48247
1.0,0.8153901,137.63249
1.0,0.01696374,449.04993
1.0,0.47496444,10461.712
1.0,0.54710126,107.92044
1.0,0.36343497,77.89666
1.0,0.6527693,133.41577
1.0,0.52317905,273.5874
1.0,0.5350148,168.57552
1.0,0.57519746,679375.56
1.0,0.3694507,173.09103
1.0,0.7719396,180.87244
1.0,0.49868774,170.24182
1.0,0.57858455,184.78436
1.0,0.53833485,8.2898505e+11
1.0,0.6094794,152.7073
1.0,0.61919075,1.9386926e+06
1.0,0.5200893,2.2587914e+10
1.0,0.5509291,225.87715
1.0,0.48571226,370.96735
1.0,0.584127,97.36029
1.0,0.6037721,77.5129
1.0,0.4593125,434.64
1.0,0.47730604,4410.345
1.0,0.5549345,157.01683
1.0,0.56392205,149.27231
1.0,0.5713155,79.50257
1.0,0.5761285,129.91246
1.0,0.5709884,454.37152
1.0,0.5549634,76.681145
1.0,0.72591513,109.58439
1.0,0.5139516,260.48297
1.0,0.58667034,94.26588
1.0,0.527938,107.17269
1.0,0.5405152,183.1323
1.0,0.52486855,104.71297
1.0,0.54189414,193.66418
1.0,0.47496444,726.5877
1.0,0.4771973,103.08161
1.0,0.6243779,4.1652797e+08
1.0,0.5266431,7426.412
1.0,0.44931123,180.22995
1.0,0.6013934,147.07928
1.0,0.60477006,123.50013
1.0,0.6399452,249.2138
1.0,0.60014766,134.57361
1.0,0.37199,80.234474
1.0,0.34705466,101.88786
1.0,0.65751994,119.788445
1.0,0.5835237,13887.205
1.0,0.6020414,120.10642
1.0,0.5228272,1.8060395e+08
1.0,0.60063654,80.90612
1.0,0.57015014,791.5998
1.0,0.6969908,121.638374
1.0,0.7516509,334.49234
1.0,0.8025459,221.62961
1.0,0.3717717,279.3403
1.0,0.49903145,70.6143
1.0,0.44360927,75.08256
1.0,0.29828662,112.77422
1.0,0.2982866,112.77422
1.0,0.49858046,89.85936
1.0,0.5899171,173.30013
1.0,0.817182,222.33203
1.0,0.64063585,177.01018
1.0,0.6395045,90.74402
1.0,0.54566646,68.92437
1.0,0.60517174,63982.367
1.0,0.6094431,175.9465
1.0,0.5455434,80.861626
1.0,0.73242885,4685.3447
1.0,0.637042,213.0517
1.0,0.486223,102.21605
1.0,0.6647376,88.555046
1.0,0.49263862,69.45014
1.0,0.62691605,1429.64
1.0,0.6394339,126.633286
1.0,0.69873816,265.7808
1.0,0.61594164,495.09802
1.0,0.59616745,101.10867
1.0,0.4952871,106.66105
1.0,0.5101853,96.0113
1.0,0.52783877,87.3066
1.0,0.5387836,163.374
1.0,0.5406723,183.51744
1.0,0.5530776,21872.797
1.0,0.5856284,1829.5804
1.0,0.607311,157.22488
1.0,0.47496444,2000.0381
1.0,0.5424761,209.0006
1.0,0.5045815,107.82806
1.0,0.66510683,1.4858603e+08
1.0,0.5193,130.0032
1.0,0.80970204,97.53011
1.0,0.65557325,138.12897
1.0,0.43557897,10183.462
1.0,0.58842534,5948.8384
1.0,0.69071925,297.52313
1.0,0.5619857,554.56476
1.0,0.46594784,163.1389
1.0,0.5464393,95.34295
1.0,0.5215224,2224.7073
1.0,0.92321634,278.5015
1.0,0.5244996,72.98948
1.0,0.6476718,158.2645
1.0,0.5247794,3280.9873
1.0,0.6262346,72.83742
1.0,0.6307509,137.15543
1.0,0.57353103,200860.1
1.0,0.18400052,351.5805
1.0,0.48300162,88.15756
1.0,0.66442996,65.18116
1.0,0.50150174,1715.6696
1.0,0.6542232,3317.5593
1.0,0.585855,7.579101e+06
1.0,0.4865635,25261.723
1.0,0.29525706,119.31838
1.0,0.5357578,489.28226
1.0,0.96532637,83.87401
1.0,0.55633485,115.23799
1.0,0.82083756,222.44533
1.0,0.51962507,94.8969
1.0,0.53862166,128.0773
1.0,0.27836448,9.194662e+07
1.0,0.9065369,307.74878
1.0,0.4865612,1041.2145
1.0,0.6531608,139.9899
1.0,0.5831774,117.337166
1.0,0.6580815,1.8767958e+07
1.0,0.6189372,295001.88
1.0,0.6331856,134.0983
1.0,0.8929009,28304.947
1.0,0.48262936,1.4846536e+09
1.0,0.7160437,83.737595
1.0,0.57885146,135022.58
1.0,0.5788514,135022.58
1.0,0.5227293,71.35114
1.0,0.5533351,83.170044
1.0,0.49954414,1.8093818e+08
1.0,0.6868142,299.43274
1.0,0.7414917,76.170334
1.0,0.56265014,131.93439
1.0,0.56253624,76.66414
1.0,0.66109383,128.25603
1.0,0.3139905,129.35068
1.0,0.28729495,183.66267
1.0,0.48998088,72.25234
1.0,0.689303,98.56196
1.0,0.45646626,132.21753
1.0,0.48529997,81.360565
1.0,0.49380934,182.15588
1.0,0.96885276,403.6591
1.0,0.30951846,82.1997
1.0,0.5217027,89.92473
1.0,0.45302433,93.11617
1.0,0.8492691,139.57275
1.0,0.8301221,86.192245
1.0,0.49855947,71.53733
1.0,0.4774069,103.95862
1.0,0.50308543,69.55553
1.0,0.54492927,72.870674
1.0,0.37564406,132.55351
1.0,0.5016467,268.75177
1.0,0.9637827,34148.523
1.0,0.5660939,77.752655
1.0,0.46759215,66.814186
1.0,0.57046,111.51542
1.0,0.99994516,91.410065
1.0,0.87672293,331.2331
1.0,0.40797028,70.65911
1.0,0.3690659,101.44326
1.0,0.9067698,137.60484
1.0,0.37383562,110.55379
1.0,0.4547581,83.371414
1.0,0.43785453,462.21298
1.0,0.9932547,6789.8335
1.0,0.4086858,78.99961
1.0,0.49221265,171.31389
1.0,0.2709384,92.978004
1.0,0.5520146,70.49429
1.0,0.38349864,122.05994
1.0,0.52213943,86.19649
1.0,0.38840538,79.9789
1.0,0.4558193,81.184555
1.0,0.5588795,99.81473
1.0,0.7307148,4.632601e+10
1.0,0.8660889,65.804146
1.0,0.51513034,140.50714
1.0,0.38237602,105.02708
1.0,0.4756882,154.94273
1.0,0.53815657,90.817085
1.0,0.49494547,78.222466
1.0,0.41940644,303.764
1.0,0.40448156,100.95342
1.0,0.35008264,175.60973
1.0,0.49106327,65.28184
1.0,0.9999279,131.39005
1.0,0.40540817,78.107765
1.0,0.46025756,639.9575
1.0,0.54535973,77.4579
1.0,0.3799499,243.25948
1.0,0.41189212,69.11889
1.0,0.5508623,76.61525
1.0,0.5903005,207.0896
1.0,0.47496444,69.175064
1.0,0.355046,380.9789
1.0,0.36747113,84.139786
1.0,0.50844234,169.61511
1.0,0.49822742,274.544
1.0,0.4769551,75.94036
1.0,0.5033004,100.81386
1.0,0.46686655,946.2207
1.0,0.5380416,66.412506
1.0,0.50325733,142.30829
1.0,0.6977571,102.642624
1.0,0.48118877,97.78689
1.0,0.5163397,87.19598
1.0,0.6304821,379.17633
1.0,0.50365984,79.21428
1.0,0.4846477,78.99683
1.0,0.4987582,80.3274
1.0,0.4516175,67.79328
1.0,0.41928533,101.71534
1.0,0.61850363,72.20947
1.0,0.99623954,684.5112
1.0,0.51144594,65.04634
1.0,0.5519238,76.013016
1.0,0.5469397,88.54265
1.0,0.3740782,170.58347
1.0,0.47013566,104.86276
1.0,0.4611058,65.19232
1.0,0.5023457,65.80512
1.0,0.44378215,86.38301
1.0,0.6229287,138.10266
1.0,0.73532677,104.57096
1.0,0.51939446,132.27205
1.0,0.9935368,314.35513
1.0,0.50472474,109.29072
1.0,0.6197469,697.2998
1.0,0.5497983,66.54537
1.0,0.51631874,12626.946
1.0,0.3859476,71.821045
1.0,0.38847816,73.10519
1.0,0.4595433,82.508766
1.0,0.5207871,267.6331
1.0,0.22165626,85.776596
1.0,0.5129428,66.41027
1.0,0.58054996,101.96609
1.0,0.8023619,1727.8325
1.0,0.93232787,84.122
1.0,0.5621828,94.42499
1.0,0.8520972,70.767555
1.0,0.43003732,145.37259
1.0,0.9999889,121.361565
1.0,0.54139847,424.32016
1.0,0.999992,170.0369
1.0,0.43467137,68.25339
1.0,0.3963007,142.64783
1.0,0.5382429,80.76115
1.0,0.33028403,68.36723
1.0,0.48655483,190.11693
1.0,0.6017832,97.16892
1.0,0.46998,173.3278
1.0,0.47189173,76.405075
1.0,0.4824738,140.04955
1.0,0.43182713,368.05984
1.0,0.5288112,108.217255
1.0,0.9991854,65.46976
1.0,0.9787002,78.253265
1.0,0.4884604,78.025826
1.0,0.50350463,82.9818
1.0,0.48872676,106.94676
1.0,0.4838414,71.5716
1.0,0.8753541,99.28364
1.0,0.48047614,114.16664
1.0,0.41794768,89.40941
1.0,0.5982075,211.94266
1.0,0.36411595,110.399796
1.0,0.41778982,105.69177
1.0,0.45049003,82.617455
1.0,0.5868722,681.7518
1.0,0.9973922,1574.2354
1.0,0.49305564,113.26898
1.0,0.47830775,350.46362
1.0,0.9999995,451.5313
1.0,0.47511664,83.3949
1.0,0.39700493,71.03839
1.0,0.35013452,523.8924
1.0,0.5653563,3049.386
1.0,0.34951177,79.35436
1.0,0.5580001,477.74313
1.0,0.51187533,166.13382
1.0,0.51883215,79.178276
1.0,0.4455829,127.961555
1.0,0.48919144,155.3514
1.0,0.39124343,111.95775
1.0,0.43474084,67.522285
1.0,0.998577,15666.227
1.0,0.33661878,73.6373
1.0,0.66499496,82.635826
1.0,0.9091965,86.96403
1.0,0.5470984,74.77735
1.0,0.44448024,75.69154
1.0,0.51980186,74.29368
1.0,0.64628816,72.80112
1.0,0.54078305,250.14397
1.0,0.99658185,224.18175
1.0,0.5939488,75.90993
1.0,0.70242095,101.03204
1.0,0.48916516,101.86404
1.0,0.7148403,93.2695
1.0,0.4862669,130.2044
1.0,0.943674,1992.8286
1.0,0.4950613,109.612785
1.0,0.48644513,75.923515
1.0,0.9922495,71.6768
1.0,0.6058369,237.8324
1.0,0.45095316,80.9168
1.0,0.72275996,118.41597
1.0,0.44855627,225.4354
1.0,0.6127997,81.7833
1.0,0.47547933,81.41758
1.0,0.9999132,1523.1531
1.0,0.430457,76.59557
1.0,0.4028532,378.9649
1.0,0.32247987,65.728874
1.0,0.5581065,111.286385
1.0,0.49232805,94.574554
1.0,0.4282079,156.1344
1.0,0.452134,1.6614768e+06
1.0,0.4940188,86.39278
1.0,0.30276933,93.55314
1.0,0.38398567,98.73122
1.0,0.9998821,71804.65
1.0,0.6183731,464.58725
1.0,0.67636114,78.55596
1.0,0.49750906,99.07918
1.0,0.5057667,71.21692
1.0,0.6259567,72.29904
1.0,0.57225585,218.47235
1.0,0.5264083,66.61425
1.0,0.4032607,72.607834
1.0,0.8973307,97.38678
1.0,0.5478871,89.32873
1.0,0.7610127,924.5953
1.0,0.42561018,117.158485
1.0,0.49831477,65.519646
1.0,0.5000887,78.43898
1.0,0.47567227,138.12943
1.0,0.48876527,310.2124
1.0,0.53620744,1117.8223
1.0,0.45183378,109.39288
1.0,0.49862692,109.992485
1.0,0.7116719,718.62695
1.0,0.567051,67.562996
1.0,0.5544563,115.714966
1.0,0.49308324,68.88112
1.0,0.58807737,131.01888
1.0,0.92331594,65.77112
1.0,0.9992933,239.37411
1.0,0.43509522,117.30664
1.0,0.50453806,71.28997
1.0,0.491791,78.85747
1.0,0.8643775,1619.7584
1.0,0.39465958,247.9986
1.0,0.33173037,72.3227
1.0,0.99999976,255.71815
1.0,0.99999917,354.37924
1.0,0.43919617,74.302895
1.0,0.5525718,98.23121
1.0,0.5161357,123.73792
1.0,0.54394144,69.5686
1.0,0.5940928,392.4373
1.0,0.39323545,69.363914
1.0,0.5098721,97.32989
1.0,0.9998381,9711.09
1.0,0.5020456,74.49954
1.0,0.47936285,70.62035
1.0,0.46357068,90.39767
1.0,0.4827658,118.09099
1.0,0.5786011,67.73597
1.0,0.5070231,106.291916
1.0,0.61549497,264.5982
1.0,0.48557222,78.20882
1.0,0.79838705,112.72248
1.0,0.44349092,86.795235
1.0,0.30760616,98.502785
1.0,0.56481576,90.780495
1.0,0.9406302,99.24811
1.0,0.4698364,101.52098
1.0,0.99927074,76.13375
1.0,0.7398471,261.8121
1.0,0.5658413,105.31726
1.0,0.6019501,267.74875
1.0,0.52228934,91.58084
1.0,0.43530998,67.87394
1.0,0.46101677,72.630936
1.0,0.46664768,263.50638
1.0,0.4636623,75.629036
1.0,0.54088765,341.1255
1.0,0.46134838,100.09546
1.0,0.4852591,68.1412
1.0,0.31204516,74.0017
1.0,0.39735585,78.73224
1.0,0.4279808,128.92632
1.0,0.36052358,179.54459
1.0,0.4998764,87.794975
1.0,0.68736464,78.29697
1.0,0.49236676,92.180046
1.0,0.49604154,132.10397
1.0,0.7320352,201.3338
1.0,0.57200706,76.31172
1.0,0.5714613,65.744965
1.0,0.50029004,75.03401
1.0,0.5246936,191.47356
1.0,0.55372775,69.09187
1.0,0.39539662,65.05666
1.0,0.55456525,73.82608
1.0,0.5095152,144.4527
1.0,0.6212267,159.87099
1.0,0.3944502,237.989
1.0,0.3687905,70.82385
1.0,0.84324574,348.88412
1.0,0.55989903,86.4425
1.0,0.50010824,69.09468
1.0,0.8302502,668.6655
1.0,0.35581085,73.43523
1.0,0.37946248,93.83001
1.0,0.5964993,168.9268
1.0,0.5316498,165.01976
1.0,0.99926585,2976.29
1.0,0.47932586,89.61051
1.0,0.99177706,147.07104
1.0,0.44866583,67.06882
1.0,0.34307858,132.29892
1.0,0.9573782,166.65578
1.0,0.439857,71.63432
1.0,0.599576,91.63616
1.0,0.99943215,5264.7134
1.0,0.9180637,476.9504
1.0,0.4662887,73.79999
1.0,0.46323237,72.72502
1.0,0.6873892,111.58094
1.0,0.4889904,69.464645
1.0,0.9126122,103.1445
1.0,0.97292084,2415.2585
1.0,0.75859094,98.45402
1.0,0.27195674,88.31756
1.0,0.49470106,78.12998
1.0,0.52078056,67.8655
1.0,0.3770327,92.90555
1.0,0.51004285,118.411156
1.0,0.49076357,65.48691
1.0,0.48208386,73.691444
1.0,0.74810684,305.2436
1.0,0.31875086,67.474724
1.0,0.4768988,86.32219
1.0,0.54071075,77.64578
1.0,0.48004782,90.179596
1.0,0.5519659,218.5496
1.0,0.9986418,4052.9736
1.0,0.9986418,4052.9736
1.0,0.5131919,111.20968
1.0,0.4989604,112.178925
1.0,0.9815176,1456.8088
1.0,0.4613536,716.204
1.0,0.46683154,737.9784
1.0,0.75933415,1307.8044
1.0,0.54476196,65.885086
1.0,0.6627823,301.00357
1.0,0.47115248,80.482994
1.0,0.6108156,66.33942
1.0,0.48685127,133.46764
1.0,0.9999989,1964.4977
1.0,0.6233734,1072.4731
1.0,0.31286365,118.49498
1.0,0.9420189,2170.4736
1.0,0.453344,95.42155
1.0,0.39236337,118.9091
1.0,0.85617656,523.786
1.0,0.9916706,3449.2468
1.0,0.51590675,122.17786
1.0,0.21643181,132.3848
1.0,0.6545493,154.27365
1.0,0.8061077,110.75814
1.0,0.51425153,68.40767
1.0,0.46615115,79.048615
1.0,0.4661259,145.05864
1.0,0.43155196,98.92352
1.0,0.52315384,493.72083
1.0,0.97008777,82.59471
1.0,0.51318616,119.6057
1.0,0.4813758,128.81128
1.0,0.5433124,183.33981
1.0,0.6580856,76.088104
1.0,0.6107834,78.647484
1.0,0.49891278,127.185005
1.0,0.6228992,93.234
1.0,0.47496444,81.785255
1.0,0.44406292,78.83883
1.0,0.48018,88.777
1.0,0.99057955,72.15713
1.0,0.87737817,97.50571
1.0,0.5717483,85.51384
1.0,0.63108057,84.934586
1.0,0.4749748,105.45362
1.0,0.56405056,113.35707
1.0,0.51987755,67.97294
1.0,0.4039692,138.25475
1.0,0.5527451,96.27338
1.0,0.39789882,230.23706
1.0,0.50594723,71.88051
1.0,0.94460243,86.95782
1.0,0.59356874,79.26339
1.0,0.5051982,75.8462
1.0,0.4783367,65.00053
1.0,0.4783367,65.00053
1.0,0.51671845,1643.0645
1.0,0.39764792,87.64903
1.0,0.5250767,606.0359
1.0,0.41803584,68.07203
1.0,0.9885766,94.0431
1.0,0.52992225,127.04251
1.0,0.48592612,165.16151
1.0,0.3863219,81.99808
1.0,0.94023335,1460.0001
1.0,0.981753,2706.0579
1.0,0.495176,154.69618
1.0,0.66027045,291.2509
1.0,0.52770084,91.58612
1.0,0.87324125,16911.137
1.0,0.2814927,133.27274
1.0,0.36013013,85.303314
1.0,0.9997125,12659.749
1.0,0.3235127,225.33702
1.0,0.44882914,115.909706
1.0,0.5284877,68.46245
1.0,0.50190514,209.60014
1.0,0.48263237,94.29217
1.0,0.9894146,1223.2335
1.0,0.47496444,73.35977
1.0,0.49876744,66.285934
1.0,0.58864295,67.75241
1.0,0.6298482,86.83164
1.0,0.9999536,236.50696
1.0,0.5316072,93.04701
1.0,0.5353511,72.477394
1.0,0.49843693,80.356575
1.0,0.49288425,66.31092
1.0,0.41731843,98.669426
1.0,0.5448701,107.598564
1.0,0.74830055,331.70712
1.0,0.5058493,181.03972
1.0,0.8457203,128.23335
1.0,0.91109526,534.49677
1.0,0.53754276,151.87393
1.0,0.6657148,3.9305456e+07
1.0,0.6170521,1962.456
1.0,0.9906881,84.613556
1.0,0.48563588,149.08167
1.0,0.47496444,93.334785
1.0,1.0,223.05614
1.0,0.4619424,148.73831
1.0,0.6351014,172.52478
1.0,0.4074009,18296.99
1.0,0.9984658,92.76662
1.0,0.6033227,131.08586
1.0,0.8631918,5663.1733
1.0,0.48780754,73.66329
1.0,0.48064506,103.45794
1.0,0.5370165,155.94456
1.0,0.44415846,102.233955
1.0,0.5231572,77.9902
1.0,0.5326436,88.770546
1.0,0.40500525,128.24948
1.0,0.4675897,102.69081
1.0,0.44060704,135.36316
1.0,0.7665353,221.26782
1.0,0.43127334,106.87258
1.0,0.5427161,510.5422
1.0,0.50789917,93.77051
1.0,0.5669544,190.59712
1.0,0.3927939,80.26432
1.0,0.48287228,69.546036
1.0,0.42697445,75.65227
1.0,0.34121272,73.71641
1.0,0.999962,389.96667
1.0,0.5186129,70.0101
1.0,0.9999956,12156.908
1.0,0.60036796,66.24439
1.0,0.78094137,373.3086
1.0,0.57930493,102.7863
1.0,0.49009544,67.16517
1.0,0.8269236,6467.34
1.0,0.41346702,205.50813
1.0,0.4216058,65.00454
1.0,0.55116004,86.900055
1.0,0.9864422,78.15411
1.0,0.51711553,91.641464
1.0,0.49142626,5321.1626
1.0,0.47496444,232.03392
1.0,0.9944588,78.40738
1.0,0.45917764,84.39028
1.0,0.4862277,143.80539
1.0,0.9940057,5948.9395
1.0,0.4957717,783.6044
1.0,0.32990983,66.5733
1.0,0.40959135,79.31817
1.0,0.49236998,87.467674
1.0,0.45447662,68.94301
1.0,0.4136408,657.2815
1.0,0.3118496,74.86164
1.0,0.25466624,83.860886
1.0,0.512709,79.13964
1.0,0.45204958,2388.447
1.0,0.5107504,72.026146
1.0,0.5092099,257.2672
1.0,0.56902236,185.19434
1.0,0.35955906,71.22145
1.0,0.44667166,93.5894
1.0,0.5080613,67.183464
1.0,0.44672164,165.49216
1.0,0.48506784,66.38222
1.0,0.9497952,22413.621
1.0,0.94088846,997.7736
1.0,0.47983077,120.46248
1.0,0.8523331,69.48095
1.0,0.99376017,7978.864
1.0,0.49702135,69.38436
1.0,0.520114,70.13166
1.0,0.9441829,1578.3674
1.0,0.57182795,86.83853
1.0,0.63877034,155.27321
1.0,0.516679,204.66373
1.0,0.9999944,11542.699
1.0,0.4161906,248.76315
1.0,0.38787118,98.13856
1.0,0.30783346,392.61725
1.0,0.5378841,67.05231
1.0,0.52778655,79.79306
1.0,0.6100222,89.746666
1.0,0.50017613,433.17078
1.0,0.5596103,67.21205
1.0,0.36553368,113.493065
1.0,0.41608936,40720.777
1.0,0.48691472,83.32337
1.0,0.39253062,75.80907
1.0,0.4824567,133.17671
1.0,0.41423425,175.01523
1.0,0.4759884,103.04891
1.0,0.9984175,76.19103
1.0,0.99982065,2555.8062
1.0,0.48940766,75.603424
1.0,0.5842642,109.897964
1.0,0.41904053,138.68448
1.0,0.63404655,154.10175
1.0,0.58049625,131.39163
1.0,0.38087967,435.36407
1.0,0.39937454,105.98455
1.0,0.6145528,69.36719
1.0,0.5002696,105.927605
1.0,0.4238707,72.09417
1.0,0.48542702,215.68402
1.0,0.59767836,67.084984
1.0,0.49212417,141.71687
1.0,0.49160132,153.91159
1.0,0.99980265,107.00185
1.0,0.41680974,75.95474
1.0,0.54138124,171.68248
1.0,0.6767015,234.9855
1.0,0.42944998,91.86378
1.0,0.59193873,123.5324
1.0,0.30414543,72.12885
1.0,0.99998593,23149.09
1.0,0.5038255,70.205086
1.0,0.4905135,91.69733
1.0,0.4626184,82.19686
1.0,0.8881252,90.701836
1.0,0.4447202,86.030716
1.0,0.48941213,71.27089
1.0,0.625653,88.431915
1.0,0.42557558,83.201584
1.0,0.9786228,1219.6173
1.0,0.64541763,73.48025
1.0,0.4469753,103.474075
1.0,0.49224097,102.655136
1.0,0.42944318,358.33154
1.0,0.5327275,77.403984
1.0,0.5255971,88.68433
1.0,0.47150862,74.86499
1.0,0.4076758,68.81129
1.0,0.43549493,170.27621
1.0,0.43393365,91.238625
1.0,0.54680127,449.27505
1.0,0.5464079,225.579
1.0,0.3911874,71.164215
1.0,0.55368316,79.4916
1.0,0.49288332,67.848175
1.0,0.48908067,97.05526
1.0,0.5611445,82.06633
1.0,0.49449196,145.47997
1.0,0.49581262,72.52289
1.0,0.4322499,163.23781
1.0,0.5419235,552.65216
1.0,0.49534276,120.49561
1.0,0.62275857,90.1398
1.0,0.5613442,2461.1147
1.0,0.4253626,265.15515
1.0,0.5664426,69.013176
1.0,0.51596606,228.61546
1.0,0.6282139,320.31256
1.0,0.371512,252.4043
1.0,0.3856465,122.50703
1.0,0.51259285,92.74824
1.0,0.4790449,434.51932
1.0,0.38792083,120.43153
1.0,0.42378488,108.47242
1.0,0.41819647,81.58505
1.0,0.820901,155.83879
1.0,0.532981,325.6498
1.0,0.48716336,76.09627
1.0,0.48036653,162.32745
1.0,0.69891715,122.732735
1.0,0.94333696,105.89348
1.0,0.980648,495.0347
1.0,0.5199204,93.311806
1.0,0.8026768,1541.4761
1.0,0.33382633,233.95511
1.0,0.49028996,92.16312
1.0,0.30822796,220.44336
1.0,0.37400508,70.840515
1.0,0.9986015,119.362015
1.0,0.43675375,93.89004
1.0,0.9956487,3311.242
1.0,0.52446586,110.883896
1.0,0.49322397,102.541756
1.0,0.47750074,123.59651
1.0,0.49018863,114.21134
1.0,0.2561695,157.36105
1.0,0.44279,70.75334
1.0,0.9665427,1179.1471
1.0,0.455295,181.77968
1.0,0.8549477,92.8276
1.0,0.44500878,87.96141
1.0,0.45742443,85.508675
1.0,0.97084135,193.75606
1.0,0.890777,115.693375
1.0,0.8695285,375.5759
1.0,0.71310794,79.20441
1.0,0.7951486,89.97914
1.0,0.49221525,66.05443
1.0,0.5532959,74.14093
1.0,0.6791848,271.19318
1.0,0.6324568,98.71326
1.0,0.39145178,70.828926
1.0,0.4904562,65.03813
1.0,0.40842563,71.4162
1.0,0.40444055,72.419685
1.0,0.60160977,143.04031
1.0,0.5359326,70.289444
1.0,0.4911881,65.18567
1.0,0.50646,67.63937
1.0,0.97608817,801.9053
1.0,0.5575848,89.59276
1.0,0.45286107,106.236786
1.0,0.6443934,171.78816
1.0,0.48173192,74.39771
1.0,0.49139974,82.1051
1.0,0.5201047,110.599495
1.0,0.5289107,90.282875
1.0,0.57346,66.242485
1.0,0.60656697,100.76943
1.0,0.43552443,66.31738
1.0,0.2631219,399.3526
1.0,0.4791785,65.8439
1.0,0.49267894,244.62384
1.0,0.6650831,223.5157
1.0,0.45350942,67.54421
1.0,0.40723327,1595.7515
1.0,0.5240155,150.33278
1.0,0.49067786,67.74986
1.0,0.54061246,66.108116
1.0,0.9998447,363.97607
1.0,0.470344,262.19528
1.0,0.470344,262.19528
1.0,0.44075286,91.89868
1.0,0.99779487,22397.385
1.0,0.48501977,204.9762
1.0,0.5083015,75.39503
1.0,0.53558666,253.76604
1.0,0.46206293,66.78008
1.0,0.3868112,727.31604
1.0,0.4293214,67.61966
1.0,0.617159,66.14478
1.0,0.45386952,851.7631
1.0,0.96507925,85.6745
1.0,0.48072496,84.748856
1.0,0.516844,106.92481
1.0,0.93859404,97.613434
1.0,0.47564238,82.18581
1.0,0.99876595,247.41753
1.0,0.49080378,83.923195
1.0,0.5296987,161.91795
1.0,0.4998943,80.20879
1.0,0.5923632,72.71488
1.0,0.7332256,112.553734
1.0,0.4856407,69.64952
1.0,0.46325424,86.60302
1.0,0.4801956,65.2029
1.0,0.50601095,65.66943
1.0,0.6247676,181.58847
1.0,0.46716228,332.19244
1.0,0.62472653,85.84514
1.0,0.46811137,175.73027
1.0,0.56691945,73.349144
1.0,0.9349255,96.23785
1.0,0.999997,18056.666
1.0,0.5502457,77.83942
1.0,0.47784373,70.36525
1.0,0.937592,165.73946
1.0,0.47225282,97.912025
1.0,0.48001423,331.2411
1.0,0.59081453,5323.313
1.0,0.99985707,92.372925
1.0,0.5474973,71.730316
1.0,0.47560993,82.28689
1.0,0.60541934,89.24795
1.0,0.52339286,158.02817
1.0,0.5704429,257.51944
1.0,0.49105787,86.98652
1.0,0.40710315,97.35022
1.0,0.3004538,108.687904
1.0,0.43369135,203.59096
1.0,0.9218138,74.54031
1.0,0.98565036,151.88486
1.0,0.99232304,178.76956
1.0,0.51129323,83.890495
1.0,0.2778902,622.41974
1.0,0.9999993,184.22798
1.0,0.49052757,66.40839
1.0,0.8100345,922.11707
1.0,0.4933881,148.67448
1.0,0.49642444,319.8239
1.0,0.5757928,72.9499
1.0,0.43659842,79.731514
1.0,0.42882636,67.45037
1.0,0.46178737,155.8068
1.0,0.8630075,519.21704
1.0,0.6662198,110.20905
1.0,0.5190714,104.038315
1.0,0.8541578,92.656784
1.0,0.38541973,94.0968
1.0,0.7795719,75.57284
1.0,0.393257,120.031876
1.0,0.61154073,92.85751
1.0,0.41178915,387.11063
1.0,0.5044379,71.582565
1.0,0.55442303,71.7809
1.0,0.72556996,463.27255
1.0,0.55857563,107.57234
1.0,0.5599343,72.51484
1.0,0.83463895,144.5675
1.0,0.40741143,166.25543
1.0,0.99848866,4417.884
1.0,0.5234096,124.95478
1.0,0.9999602,70.26977
1.0,0.59975743,1309.5812
1.0,0.46538585,123.04874
1.0,0.4994212,108.062965
1.0,0.78011024,268.27798
1.0,0.9999943,177.46019
1.0,0.53683466,65.27021
1.0,0.50589097,81.66705
1.0,0.5343263,69.11044
1.0,0.62544125,120.293365
1.0,0.5188761,256.59918
1.0,0.50119877,90.98398
1.0,0.99999976,399.22195
1.0,0.5349742,277.97055
1.0,0.4275636,88.17673
1.0,0.4530479,125.99816
1.0,0.3947798,69.4948
1.0,0.48135257,75.11554
1.0,0.4948264,298.42807
1.0,0.40167847,67.07188
1.0,0.6448701,80.80201
1.0,0.46515387,99.68358
1.0,0.5519309,115.10193
1.0,0.3948247,65.062325
1.0,0.9377211,102.14974
1.0,0.46043053,99.061775
1.0,0.5195497,168.48763
1.0,0.53391236,669.7467
1.0,0.36100185,219.31377
1.0,0.49108076,244.94582
1.0,0.5448261,97.87559
1.0,0.47405156,68.99098
1.0,0.46130073,117.792305
1.0,0.37890774,98.13142
1.0,0.5445996,168.83336
1.0,0.34156036,316.92294
1.0,0.70896506,464.58572
1.0,0.37939608,145.19736
1.0,0.40662584,102.58517
1.0,0.9989466,89.042915
1.0,0.3208744,134.02875
1.0,0.51283324,651.5227
1.0,0.5314516,75.310844
1.0,0.47496444,724.4592
1.0,0.5333925,90.56673
1.0,0.99799216,163.18002
1.0,0.94260925,959.1518
1.0,0.5448885,65.75067
1.0,0.460691,69.281136
1.0,0.97230047,1140.8795
1.0,0.4640226,66.08272
1.0,0.3861164,107.17728
1.0,0.47281766,66.639565
1.0,0.49184614,67.71437
1.0,0.2839171,322.52206
1.0,0.46536902,94.31337
1.0,0.5040802,110.015495
1.0,0.978522,1259.9642
1.0,0.5792577,244.03528
1.0,0.5427333,83.238884
1.0,0.49067274,94.16778
1.0,0.5445473,142.11241
1.0,0.5038497,82.570114
1.0,0.999967,122.372185
1.0,0.7406567,68.54328
1.0,0.5528549,68.456474
1.0,0.43757853,86.17675
1.0,0.3752698,96.287125
1.0,0.99996483,3254.9077
1.0,0.9998418,248.6183
1.0,0.53288966,75.27922
1.0,0.4068277,66.5125
1.0,0.49134487,86.24767
1.0,0.96228987,1178.324
1.0,0.47786257,66.98691
1.0,0.5235814,79.71522
1.0,0.49848273,84.26251
1.0,0.42203343,99.82325
1.0,0.5868027,75.135956
1.0,0.4914593,66.32375
1.0,0.4967977,87.95695
1.0,0.9995079,108.00691
1.0,0.47686812,151.19586
1.0,0.46519265,367.2283
1.0,0.42383832,155.36624
1.0,0.5438893,75.15466
1.0,0.54808944,65.65523
1.0,0.6941361,93.17447
1.0,0.5581865,66.58255
1.0,0.8830261,1205.4615
1.0,0.46571022,742.0861
1.0,0.5537234,149923.4
1.0,0.7108139,154.90608
1.0,0.54492825,96.278824
1.0,0.6687837,4.3936705e+06
1.0,0.48407805,79.38092
1.0,0.3759771,76.17736
1.0,0.8726585,295.27814
1.0,0.9673218,87.796295
1.0,0.47443208,165.12589
1.0,0.9993185,375.0326
1.0,0.39980906,80.823814
1.0,0.5091415,126.28853
1.0,0.69204617,520.7383
1.0,0.3198055,104.94759
1.0,0.49809092,73.47769
1.0,0.8847899,144.60011
1.0,0.4304341,376.55078
1.0,0.74509203,570.65814
1.0,0.47532415,76.58809
1.0,0.47700912,548.39294
1.0,0.37097138,85.15712
1.0,0.9856844,1095.0536
1.0,0.6087811,77.170006
1.0,0.53029495,344.81165
1.0,0.45725948,96.56729
1.0,0.44000837,212.24922
1.0,0.48637912,109.79979
1.0,0.9191876,511.58957
1.0,0.6696931,167.38342
1.0,0.45560467,130.5403
1.0,0.67126626,303.58694
1.0,0.94277346,364.16333
1.0,0.41507608,84.38152
1.0,0.5319887,67.90373
1.0,0.51946074,144.96121
1.0,0.5012808,144.9379
1.0,0.5304835,79.58399
1.0,0.6269686,114.16984
1.0,0.5424335,232.37772
1.0,0.7531415,68.5484
1.0,0.44983312,72.02601
1.0,0.4608002,96.53048
1.0,0.33203724,134.50159
1.0,0.4163957,179.94176
1.0,0.5902216,113.39634
1.0,0.95848554,170.30818
1.0,0.67129624,69.600784
1.0,0.5348571,70.32385
1.0,0.43867058,101.24653
1.0,0.5133959,194.31467
1.0,0.9999815,102.38858
1.0,0.9988487,324.06546
1.0,0.47039244,71.946106
1.0,0.4045731,107.53189
1.0,0.96970797,187.26285
1.0,0.512441,117.071686
1.0,0.54713935,89.53995
1.0,0.78532505,489.9373
1.0,0.2867002,119.09798
1.0,0.5189742,113.11078
1.0,0.43055147,350.21436
1.0,0.28804344,98.34288
1.0,0.4838606,203.4072
1.0,0.6002695,65.13418
1.0,0.97693664,959.93195
1.0,0.44090605,785.2951
1.0,0.5220214,79.95425
1.0,0.34785545,69.10443
1.0,0.609035,70.50097
1.0,0.4640656,95.67905
1.0,0.49505803,66.29794
1.0,0.52429205,66.19048
1.0,0.7005677,476.0814
1.0,0.9997876,112.63909
1.0,0.4350961,69.324776
1.0,0.50914884,427.27478
1.0,0.58048016,82.59963
1.0,0.9694262,6475.2944
1.0,0.9998155,117.819664
1.0,0.5802262,102.05255
1.0,0.5099247,169.23247
1.0,0.9997825,17594.562
1.0,0.48529795,87.44818
1.0,0.5983633,146.81775
1.0,0.3925729,77.47755
1.0,0.63151443,77.12749
1.0,0.50471723,65.23874
1.0,0.9997042,98.55885
1.0,0.4988381,91.64189
1.0,0.8104101,74.48934
1.0,0.43389466,69.42473
1.0,0.48356584,105.40084
1.0,0.5372681,99.13792
1.0,0.55514,87.70896
1.0,0.48302197,114.053505
1.0,0.9182052,79.542496
1.0,0.47726357,538.2325
1.0,0.5206364,143.06844
1.0,0.47588053,72.6875
1.0,0.5136757,68.23935
1.0,0.49618924,246.72076
1.0,0.4113987,88.55577
1.0,0.9887706,207.06891
1.0,0.49668193,69.445885
1.0,0.9714248,3087.767
1.0,0.4272408,83.22337
1.0,0.4990716,68.82623
1.0,0.4985783,67.3844
1.0,0.5453259,149.9732
1.0,0.5230635,107.680466
1.0,0.51002485,90.322266
1.0,0.44035783,172.86778
1.0,0.9999976,84.529564
1.0,0.99623436,67.67352
1.0,0.45803535,83.72757
1.0,0.49392787,74.22797
1.0,0.51457065,2058.2856
1.0,0.62610066,324.89038
1.0,0.50291187,142.64117
1.0,0.5456736,99.792755
1.0,0.4389849,180.86986
1.0,0.47592637,93.64195
1.0,0.4210029,568.7872
1.0,0.5583389,370.55194
1.0,0.45622453,120.145134
1.0,0.6343629,225.52489
1.0,0.32380038,75.72214
1.0,0.4525001,138.97325
1.0,0.9787946,81.37868
1.0,0.47898424,117.18222
1.0,0.68984616,68.716515
1.0,0.40743446,161.8945
1.0,0.42348,167.03883
1.0,0.6197958,1040.0697
1.0,0.58129483,279.49585
1.0,0.47977045,68.26768
1.0,0.52935255,80.51276
1.0,0.38045597,160.30365
1.0,0.49671745,118.161934
1.0,0.41721365,254.714
1.0,0.91370493,67.969376
1.0,0.5374672,370.9478
1.0,0.528105,136.63708
1.0,0.63229746,78.9612
1.0,0.642971,144.57964
1.0,0.49152538,123.206505
1.0,0.48590434,143.94472
1.0,0.5468534,92.122345
1.0,0.7554152,291.90875
1.0,0.47353178,106.65302
1.0,0.5781263,101.27905
1.0,0.37256226,111.796585
1.0,0.59601665,153.98242
1.0,0.42973468,90.48202
1.0,0.4085616,77.580635
1.0,0.46145198,95.90526
1.0,0.9802136,123.1399
1.0,0.3377396,145.01804
1.0,0.4927884,80.66911
1.0,0.524602,90.46101
1.0,0.857328,78.51108
1.0,0.57759327,72.42175
1.0,0.99991083,358.58502
1.0,0.99859506,85.41423
1.0,0.4976378,69.92591
1.0,0.99951994,317.7759
1.0,0.50689244,73.39256
1.0,0.9996865,129.94748
1.0,0.99971753,118.44828
1.0,0.5183481,68.041374
1.0,0.3996016,117.03043
1.0,0.41378778,214.09227
1.0,0.5541914,73.92255
1.0,0.98951054,100.22864
1.0,0.5296773,15448.766
1.0,0.40995988,80.69467
1.0,0.8517263,229.27618
1.0,0.4404921,72.68872
1.0,0.51496196,68.58433
1.0,0.77867985,253.16978
1.0,0.5086265,71.33035
1.0,0.4955862,160.99057
1.0,0.41504246,75.94065
1.0,0.5190887,97.41036
1.0,0.8350706,96.74571
1.0,0.42254394,97.43108
1.0,0.48044807,76.77419
1.0,0.6290342,737271.8
1.0,0.9987569,6905.532
1.0,0.5450579,367.0568
1.0,0.5670894,118.74563
1.0,0.5070768,69.66084
1.0,0.52776545,68.726234
1.0,0.50227565,125.80201
1.0,0.66766727,97.8328
1.0,0.96879566,76.06399
1.0,0.9921795,106.736725
1.0,0.64751416,346.9398
1.0,0.94514215,5156.6484
1.0,0.5189407,102.320366
1.0,0.37930763,157.26598
1.0,0.89441085,11893.424
1.0,0.5412308,66.27655
1.0,0.3785836,67.289986
1.0,0.86742145,425.91998
1.0,0.52672064,77.4314
1.0,0.4646757,70.125595
1.0,0.47496444,73.94249
1.0,0.44726494,137.82393
1.0,0.3505936,121.16259
1.0,0.99653435,5003.2437
1.0,0.45688182,135.10101
1.0,0.48656866,82.45434
1.0,0.47803947,130.51765
1.0,0.47496444,68.18663
1.0,0.52523875,77.22048
1.0,0.9324707,374.9171
1.0,0.5308754,79.925064
1.0,0.5081075,94.71635
1.0,0.43176574,104.94978
1.0,0.9998698,182.4956
1.0,0.4168723,93.17184
1.0,0.41700476,102.252304
1.0,0.6733032,3130.238
1.0,0.39360812,93.874886
1.0,0.51807994,73.0689
1.0,0.47403428,75.445786
1.0,0.79175967,254.86339
1.0,0.48803824,354.62213
1.0,0.4823712,91.77604
1.0,0.99999964,13483.517
1.0,0.48340088,85.15018
1.0,0.50530183,78.49412
1.0,0.43472835,84.1432
1.0,0.8295764,188.5256
1.0,0.98779386,71.311104
1.0,0.51304513,168.58467
1.0,0.503524,88.81988
1.0,0.44355893,87.35706
1.0,0.56594265,94.56895
1.0,0.47633478,85.45583
1.0,0.28373078,113.91772
1.0,0.7820704,71.48932
1.0,0.5064892,131.5053
1.0,0.40858078,136.91972
1.0,0.42373154,146.03447
1.0,0.5312619,160.3319
1.0,0.56623477,215.77936
1.0,0.5227906,79.23176
1.0,0.5189433,86.07266
1.0,0.4442442,83.73442
1.0,0.9466271,532.281
1.0,0.6960177,365.80255
1.0,0.41754776,76.77223
1.0,0.7160336,1664.0326
1.0,0.64685005,135.09863
1.0,0.21363212,1.5218843e+12
1.0,0.5748035,259.88693
1.0,0.48082173,83.21375
1.0,0.45927188,88.51079
1.0,0.48460916,161.5345
1.0,0.4697513,79.823555
1.0,0.9995454,185.47006
1.0,0.5077109,86.98611
1.0,0.49090946,96.79084
1.0,0.95942044,95.78763
1.0,0.9999987,3292.0962
1.0,0.9999894,101.67615
1.0,0.6157204,126.35524
1.0,0.42359263,116.15852
1.0,0.99968684,99.06047
1.0,0.99895835,931.71967
1.0,0.5120047,67.870476
1.0,0.36551598,115.98832
1.0,0.40230364,285.33978
1.0,0.9335407,958.5222
1.0,0.6724463,91.15699
1.0,0.99480504,32937.25
1.0,0.59826213,267.1393
1.0,0.53226966,7.322547e+07
1.0,0.43638718,636.93835
1.0,0.45301238,69.18756
1.0,0.62944525,84.599945
1.0,0.43404302,142.4525
1.0,0.7775787,498.71274
1.0,0.4846766,93.238304
1.0,0.33036992,178.39761
1.0,0.50494975,66.03547
1.0,0.99685895,1160.9484
1.0,0.99995124,4692.104
1.0,0.61139494,79043.43
1.0,0.42513797,80.09549
1.0,0.41547567,224.06732
1.0,0.41583756,189.44452
1.0,0.72435504,70.28043
1.0,0.9922551,25752.197
1.0,0.4908781,77.83181
1.0,0.51759726,106.96315
1.0,0.58277863,1837.6051
1.0,0.8077592,90.757324
1.0,0.49380475,282.19348
1.0,0.49022943,98.9597
1.0,0.9999502,313.64938
1.0,0.4519606,88.23886
1.0,0.46208876,86.69823
1.0,0.9562527,401.72693
1.0,0.5344469,387.618
1.0,0.6310871,300.1516
1.0,0.45508286,74.818436
1.0,0.39661285,74.94583
1.0,0.57948464,65.33799
1.0,0.36929193,117.94334
1.0,0.412383,91.251724
1.0,0.4957212,72.03538
1.0,0.9992248,4950.893
1.0,0.4925962,75.60058
1.0,0.99988496,422.7567
1.0,0.5784933,94.41843
1.0,0.6032221,131549.19
1.0,0.50505847,122.894615
1.0,0.50198543,80.89009
1.0,0.34889036,422.1002
1.0,0.48012584,260.62473
1.0,0.96242326,232.18262
1.0,0.4005696,160.25903
1.0,0.9196375,3856.7095
1.0,0.5524999,97.0042
1.0,0.48414677,70.02877
1.0,0.5489978,121.00239
1.0,0.7695863,347.58835
1.0,0.9053231,65.401115
1.0,0.5424097,144.07524
1.0,0.49007353,65.52107
1.0,0.73439014,422.37534
1.0,0.5530975,340.7373
1.0,0.5369419,170.81128
1.0,0.45174947,107.81089
1.0,0.54100615,90.79537
1.0,0.59227186,120.668655
1.0,0.4299536,73.21256
1.0,0.5404462,124.220215
1.0,0.5098724,67.10499
1.0,0.5001136,71.34834
1.0,0.33294773,69.66271
1.0,0.54845476,135.30067
1.0,0.9998745,10006.523
1.0,0.8498459,267.8293
1.0,0.4802929,78.66845
1.0,0.2777516,85.81326
1.0,0.3290472,90.95971
1.0,0.41681713,80.82022
1.0,0.46030927,264.52487
1.0,0.9944594,158.68095
1.0,0.52908033,265.86163
1.0,0.49531177,66.869514
1.0,0.47686073,76.66271
1.0,0.31698713,179.53
1.0,0.6475146,72.80266
1.0,0.55348736,68.906265
1.0,0.44676566,312.85162
1.0,0.45102486,94.04844
1.0,0.5441304,73.47065
1.0,0.969874,80.95539
1.0,0.5419426,386.22714
1.0,0.56176084,65.6027
1.0,0.50284785,91.87543
1.0,0.46092382,89.61049
1.0,0.5269876,93.78531
1.0,0.5193671,66.97946
1.0,0.5245442,123.47491
1.0,0.33752048,95.178635
1.0,0.5422064,69.37031
1.0,0.7740673,66.44778
1.0,0.999918,858.3338
1.0,0.39744908,115.98354
1.0,0.50878656,69.61393
1.0,0.9953681,369.10455
1.0,0.9035782,146.76512
1.0,0.38887012,69.36494
1.0,0.57127196,81.937065
1.0,0.42245194,163.47205
1.0,0.34800816,151.18964
1.0,0.506719,125.53178
1.0,0.5497066,72.29209
1.0,0.5200428,65.56079
1.0,0.4280704,85.24036
1.0,0.43564114,141.30885
1.0,0.49361593,84.68538
1.0,0.50019723,85.87849
1.0,0.39200518,117.2944
1.0,0.3811734,101.72109
1.0,0.42233607,481.06818
1.0,0.4439144,254.74406
1.0,0.496144,76.49854
1.0,0.35236079,119.88515
1.0,0.9278166,93.924736
1.0,0.4760153,76.9979
1.0,0.5047514,83.2456
1.0,0.33145922,89.17221
1.0,0.99785477,855.28156
1.0,0.44710732,66.91513
1.0,0.47496444,242.26195
1.0,0.9999906,104.16204
1.0,0.49740347,123.668655
1.0,0.40240434,101.74544
1.0,0.37514725,133.05664
1.0,0.41729692,74.4381
1.0,0.4102535,197.22684
1.0,0.55260277,87.61262
1.0,0.4268813,200.52802
1.0,0.328618,299.2567
1.0,0.50789976,76.11599
1.0,0.98895276,2900.115
1.0,0.5444391,83.74969
1.0,0.68529594,83.785324
1.0,0.4531981,70.00849
1.0,0.37403917,74.22996
1.0,0.51969475,69.71117
1.0,0.482355,499.11316
1.0,0.8006594,321.46835
1.0,0.5461548,82.552414
1.0,0.96861523,65.12506
1.0,0.5811413,80.81942
1.0,0.5248062,99.1103
1.0,0.4328484,125.37661
1.0,0.5068366,471.02914
1.0,0.5057323,80.42092
1.0,0.999902,152.53487
1.0,0.4740894,81.76301
1.0,0.66608816,108.69393
1.0,0.5814665,88.2509
1.0,0.3112031,81.52584
1.0,0.99974805,94.46416
1.0,0.5255656,158.16713
1.0,0.46564487,402.24884
1.0,0.5276851,193.71628
1.0,0.5604269,2264.105
1.0,0.54051733,211.19107
1.0,0.37444368,9197.363
1.0,0.892876,333.0514
1.0,0.5636202,602.63495
1.0,0.42435318,202.96703
1.0,0.38424614,90.473076
1.0,0.24878417,180.85992
1.0,0.5551538,74.440285
1.0,0.44126847,71.8721
1.0,0.32451877,209.13017
1.0,0.9822682,1795.1454
1.0,0.45008063,67.94919
1.0,0.46425754,466.74307
1.0,0.48948678,66.099594
1.0,0.47855806,128.4314
1.0,0.506084,404.83795
1.0,0.46879247,148.58391
1.0,0.54453915,86.80676
1.0,0.8390052,65.65553
1.0,0.33303002,137.09882
1.0,0.48962227,92.61709
1.0,0.48962227,92.61709
1.0,0.50276387,74.64084
1.0,0.996881,120.68508
1.0,0.39536777,93.239685
1.0,0.4857453,74.77834
1.0,0.48313537,235.04652
1.0,0.46011263,71.916504
1.0,0.6804399,1175.536
1.0,0.55345464,73.32986
1.0,0.9840269,92.10599
1.0,0.47496444,116.92409
1.0,0.97279376,742.8271
1.0,0.9772813,7936.371
1.0,0.5726613,581.8149
1.0,0.8419021,101.04475
1.0,0.57336086,80.35148
1.0,0.33811226,213.81424
1.0,0.48413482,90.68561
1.0,0.35537517,89.075264
1.0,0.38016787,707.7389
1.0,0.4889395,74.1993
1.0,0.48781687,81.86932
1.0,0.47189832,68.41606
1.0,0.5129273,66.62894
1.0,0.5377354,69.45399
1.0,0.9934221,66.57922
1.0,0.52853334,117.61183
1.0,0.39082214,72.36957
1.0,0.3284705,80.1793
1.0,0.49848065,91.29201
1.0,0.38652754,133.45064
1.0,0.7022198,119.80712
1.0,0.90833575,267.26443
1.0,0.8869873,170.73393
1.0,0.45749238,102.01155
1.0,0.4645855,118.28063
1.0,0.33413598,448.33463
1.0,0.42873093,105.80649
1.0,0.5841881,82.223236
1.0,0.47077057,94.26127
1.0,0.51514447,197.85342
1.0,0.86461186,124.4212
1.0,0.48309097,81.35403
1.0,0.9976701,6086.4326
1.0,0.9960601,569.9268
1.0,0.46285275,110.043335
1.0,0.6502984,98.16097
1.0,0.53715086,204.13129
1.0,0.49349794,94.38391
1.0,0.5149003,79.308914
1.0,0.9999238,80.72648
1.0,0.52135867,112.757515
1.0,0.5528335,109.2816
1.0,0.9663019,2156.1296
1.0,0.47995722,67.96113
1.0,0.556644,66.362724
1.0,0.4890118,94.9672
1.0,0.9806511,466.1971
1.0,0.4466047,71.731995
1.0,0.54659563,288.80148
1.0,0.5723049,115.25836
1.0,0.9304502,103.66722
1.0,0.4766807,278.97754
1.0,0.41301307,178.32632
1.0,0.9812361,2.7862845e+06
1.0,0.64950645,1316.3182
1.0,0.6003881,67.56778
1.0,0.48969108,79.32194
1.0,0.48101515,100.004395
1.0,0.99816245,112.687645
1.0,0.46166977,257.4875
1.0,0.54328173,65.428474
1.0,0.3175771,271.67285
1.0,0.48352557,70.87257
1.0,0.4267284,79.46945
1.0,0.99949217,1952.2468
1.0,0.9974033,99.40133
1.0,0.6988933,74.04998
1.0,0.43827853,195.3349
1.0,0.43354362,162.29787
1.0,0.47289485,203.58269
1.0,0.563411,67.19641
1.0,0.5250163,117.47987
1.0,0.48328993,69.951195
1.0,0.322898,343.65057
1.0,0.9986313,104.10048
1.0,0.5192574,102.41742
1.0,0.9886136,1059.0668
1.0,0.47756985,76.28709
1.0,0.4949661,71.93723
1.0,0.57430416,151.27216
1.0,0.55264044,89.02151
1.0,0.5648635,7066.4795
1.0,0.76508665,2115.0017
1.0,0.56561357,73.890656
1.0,0.3529439,210.61484
1.0,0.5002183,85.58652
1.0,0.5991812,69.51697
1.0,0.54118794,240.10074
1.0,0.44034734,121.35531
1.0,0.45943546,105.68371
1.0,0.32493538,253.85925
1.0,0.53455305,369.48325
1.0,0.44741586,76.12882
1.0,1.0,215.38643
1.0,0.9113811,1.1222013e+07
1.0,0.7070343,105.13691
1.0,0.669521,82.82799
1.0,0.55228716,77.260254
1.0,0.4936891,71.797905
1.0,0.7265003,107.20576
1.0,0.44280306,71.213806
1.0,0.33902285,90.66119
1.0,0.34690866,90.28285
1.0,0.49423692,211.1767
1.0,0.9979977,75.7414
1.0,0.33185306,95.19303
1.0,0.49493152,114.959656
1.0,0.500693,77.166405
1.0,0.6806977,7.332733e+07
1.0,0.45581314,75.13678
1.0,0.8507861,573.9284
1.0,0.77979696,83.871864
1.0,0.48733485,365.2465
1.0,0.61455095,108.5134
1.0,0.49187052,156.49911
1.0,0.50302184,489.8765
1.0,0.43653175,71.384094
1.0,0.47366253,131.24031
1.0,0.51525617,71.611595
1.0,0.8025446,103.0828
1.0,0.4292936,69.53231
1.0,0.46759284,71.03061
1.0,0.48828584,75.22661
1.0,0.91052127,387.21265
1.0,0.99074394,986.10614
1.0,0.36735,196.47813
1.0,0.60684544,111.29591
1.0,0.47629058,123.66221
1.0,0.49421957,95.740685
1.0,0.9999609,111.977356
1.0,0.5868027,75.74652
1.0,0.5980516,350.9588
1.0,0.4817723,89.560844
1.0,0.5999161,84.04759
1.0,0.5225289,71.98679
1.0,0.41208625,70.341034
1.0,0.3483539,67.14055
1.0,0.4858251,115.909515
1.0,0.5015598,106.47068
1.0,0.5031436,402.9391
1.0,0.49414027,97.203545
1.0,0.47156146,74.52715
1.0,0.48755988,78.2299
1.0,0.36662105,72.89479
1.0,0.35750246,120.17495
1.0,0.97218657,1411.0885
1.0,0.9977884,81.32002
1.0,0.5517224,66.293106
1.0,0.34824646,84.88722
1.0,0.8712959,110.30402
1.0,0.45429727,89.62709
1.0,0.48242953,72.39607
1.0,0.4033741,86.9304
1.0,0.67182225,236.9829
1.0,0.9839364,164.8176
1.0,0.49723977,295.90677
1.0,0.51754683,70.359146
1.0,0.3378313,106.00568
1.0,0.5229316,67.269875
1.0,0.50462294,78.24502
1.0,0.4893183,143.30472
1.0,0.38522655,77.95557
1.0,0.4289672,74.8721
1.0,0.9941577,275.68173
1.0,0.6769439,65.645065
1.0,0.54379064,89.680595
1.0,0.61940014,421.30753
1.0,0.40684876,92.95406
1.0,0.62470543,89.4332
1.0,0.49103487,77.28622
1.0,0.49391052,67.55843
1.0,0.5284077,71.91617
1.0,0.56498426,117.201584
1.0,0.46508533,90.77172
1.0,0.4884175,69.40461
1.0,0.7630039,308.73907
1.0,0.6061269,68.26213
1.0,0.45131257,385.99716
1.0,0.9999893,3659.8635
1.0,0.43174106,68.38388
1.0,0.49017707,101.74616
1.0,0.9288717,2066.4443
1.0,0.37991357,71.17119
1.0,0.51564306,164.26839
1.0,0.45869005,69.69944
1.0,0.9924515,734.07635
1.0,0.49389237,97.99056
1.0,0.56053704,107.213646
1.0,0.44277686,65.7341
1.0,0.46455073,152.08752
1.0,0.46475115,69.568146
1.0,0.3566379,69.43971
1.0,0.48641735,206.8284
1.0,0.30417603,97.860306
1.0,0.5136557,79.8959
1.0,0.52432996,113.070114
1.0,0.3730478,660.98535
1.0,0.47133976,102.73829
1.0,0.4460603,95.94899
1.0,0.8208523,478.61624
1.0,0.3973271,92.95266
1.0,0.56848776,81.66585
1.0,0.9703592,76.2586
1.0,0.48972836,108.04392
1.0,0.463886,644.29944
1.0,0.9810022,513.65094
1.0,0.53097475,359.8222
1.0,0.999998,16198.136
1.0,0.6280213,137.2058
1.0,0.49830487,78.6377
1.0,0.45366466,88.933266
1.0,0.6256055,1435.488
1.0,0.45328763,66.373695
1.0,0.51972675,80.50396
1.0,0.82868963,65.60936
1.0,0.43064386,81.82547
1.0,0.51416,550.33124
1.0,0.45852476,73.49134
1.0,0.9569024,88.074066
1.0,0.5086456,104.58267
1.0,0.651861,88.02631
1.0,0.48103017,65.27107
1.0,0.9999362,230.85356
1.0,0.500817,117.261185
1.0,0.519514,203.7116
1.0,0.76997966,200.5912
1.0,0.57442003,94.27369
1.0,0.3326265,66.605896
1.0,0.36513638,89.320366
1.0,0.5960097,69.706406
1.0,0.99991703,114.462975
1.0,0.5071707,73.10212
1.0,0.518253,65.29159
1.0,0.44010928,183.41512
1.0,0.48822752,100.39412
1.0,0.72848743,287.2579
1.0,0.50069827,134.06944
1.0,0.73542273,420.90088
1.0,0.49341282,88.497574
1.0,0.50544727,65.75984
1.0,0.4538559,70.194565
1.0,0.50674284,150.71579
1.0,0.3804067,77.28516
1.0,0.9109749,1204.7867
1.0,0.57907796,93.59146
1.0,0.5643213,69.77
1.0,0.44133523,138.44774
1.0,0.51076984,68.97276
1.0,0.49732077,633.47144
1.0,0.4828704,815.3692
1.0,0.4990365,72.25343
1.0,0.51445735,93.85896
1.0,0.41056007,435.14282
1.0,0.5173926,93.57143
1.0,0.54239184,9518.197
1.0,0.44349974,112.559296
1.0,0.4349943,70.18441
1.0,0.5614483,74.472374
1.0,0.4073887,85.211205
1.0,0.99761605,86.885315
1.0,0.62218297,115.89189
1.0,0.98586893,6936.3574
1.0,0.5053506,90.16987
1.0,0.5512047,270.45886
1.0,0.37158516,231.01279
1.0,0.9643445,20908.412
1.0,0.39283007,122.39906
1.0,0.48311296,117.63082
1.0,0.47524267,146.05821
1.0,0.5489282,203.11751
1.0,0.5180538,68.806755
1.0,0.9295292,509.19977
1.0,0.49486423,75.57931
1.0,0.9879753,75.29521
1.0,0.7519025,807.1319
1.0,0.99989927,72.401375
1.0,0.38279948,97.14103
1.0,0.41258696,82.08237
1.0,0.36909905,89.069786
1.0,0.22897139,297.4095
1.0,0.49027425,89.22245
1.0,0.40967405,140.78804
1.0,0.50812596,65.63026
1.0,0.41381794,161.86366
1.0,0.53433377,72.28769
1.0,0.9962831,171.45934
1.0,0.47728583,83.64798
1.0,0.5976074,73.14166
1.0,0.5176191,76.661705
1.0,0.49953872,103.40559
1.0,0.78558856,559.0318
1.0,0.9999987,68.90025
1.0,0.6027278,81.79484
1.0,0.48889625,83.0289
1.0,0.46278206,79.466034
1.0,0.49489284,73.959076
1.0,0.5116689,85.85186
1.0,0.38266936,297.1699
1.0,0.6338993,106.39501
1.0,0.4147246,93.454636
1.0,0.35680288,165.30556
1.0,0.35680288,165.30556
1.0,0.56828547,101.67492
1.0,0.99998283,493.4672
1.0,0.957116,843.04333
1.0,0.47806203,176.26836
1.0,0.51054716,123.9446
1.0,0.5207511,95.39149
1.0,0.49621472,85.254654
1.0,0.41529477,183.4547
1.0,0.6349822,253.64389
1.0,0.5119749,104.11648
1.0,0.5551179,67.49506
1.0,0.4826066,75.274345
1.0,0.48125288,67.87444
1.0,0.57566124,110.9228
1.0,0.39216608,65.18612
1.0,0.41144532,103.68185
1.0,0.7889016,76.80497
1.0,0.34347865,70.19934
1.0,0.590144,136.9646
1.0,0.36466748,78.98912
1.0,0.49377355,123.657455
1.0,0.39026317,105.91185
1.0,0.85205054,128.14708
1.0,0.33585492,213.92625
1.0,0.59486175,140.90851
1.0,0.6811425,260.7959
1.0,0.39763296,66.35478
1.0,0.51676166,73.946045
1.0,0.56060135,65.48191
1.0,0.9978684,90.58597
1.0,0.74003994,331.78616
1.0,0.99894243,72.47003
1.0,0.9731408,148.4802
1.0,0.5447108,69.900345
1.0,0.53067243,70.78745
1.0,0.5123573,65.14919
1.0,0.9729697,10759.077
1.0,0.5371017,109.51534
1.0,0.6663253,328.8886
1.0,0.4587361,117.65491
1.0,0.4587361,117.65491
1.0,0.48938802,172.0667
1.0,0.5923109,875.99915
1.0,0.35834646,98.47397
1.0,0.6081588,80.38543
1.0,0.5202434,67.9992
1.0,0.44756955,65.21575
1.0,0.41524875,106.0073
1.0,0.37798324,103.03194
1.0,0.4831794,95.237885
1.0,0.50804913,77.52567
1.0,0.45869946,71.933304
1.0,0.45512745,93.33732
1.0,0.7572545,126.0904
1.0,0.5243288,89.08578
1.0,0.45103535,105.69618
1.0,0.9999237,242.07025
1.0,0.5830817,377039.97
1.0,0.46841547,263.90842
1.0,0.62970096,301.1687
1.0,0.815352,117.41082
1.0,0.5484485,71.94539
1.0,0.99997854,94.17334
1.0,0.5134725,95.26944
1.0,0.4663885,75.34202
1.0,0.48396477,117.95771
1.0,0.62256265,86.61831
1.0,0.9951325,127.736465
1.0,0.51238406,113.40711
1.0,0.75409484,3428.4558
1.0,0.9999999,36780.695
1.0,0.5691151,212.78555
1.0,0.99980634,35746.195
1.0,0.51634943,147.82773
1.0,0.5182263,74.44294
1.0,0.9835994,762.1133
1.0,0.49579185,192.75307
1.0,0.59965086,88.34367
1.0,0.5151591,305.9124
1.0,0.48149237,91.366714
1.0,0.52148414,75.30088
1.0,0.46249843,143.338
1.0,0.6908311,431.7098
1.0,0.5325458,190.17622
1.0,0.89556247,841.75586
1.0,0.55512404,202.08492
1.0,0.5599401,172.71478
1.0,0.52406466,65.19968
1.0,0.49603507,81.341835
1.0,0.34525868,104.729866
1.0,0.55274624,403.1205
1.0,0.51073045,65.63847
1.0,0.5298372,85.0873
1.0,0.4732231,127.00443
1.0,0.43495277,84.710045
1.0,0.5717305,395.0725
1.0,0.5628612,76.13279
1.0,0.40260443,107.36213
1.0,0.94948447,81.8095
1.0,0.46517244,65.56169
1.0,0.8192754,81.06698
1.0,0.9992847,113.81614
1.0,0.31043833,144.56805
1.0,0.5489423,98.06986
1.0,0.41849357,171.46884
1.0,0.5538718,67.56222
1.0,0.5651128,114.60684
1.0,0.95785743,1298.1058
1.0,0.61139977,189.54303
1.0,0.5445726,85.43724
1.0,0.55322593,83.253235
1.0,0.84959465,92.39694
1.0,0.5667806,241.1091
1.0,0.4529438,65.28184
1.0,0.631108,79.75881
1.0,0.9651558,114.30975
1.0,0.5689123,119.62776
1.0,0.58780855,316.559
1.0,0.5667694,106.81627
1.0,0.40485615,101.57053
1.0,0.61539984,78.07352
1.0,0.5516073,65.11898
1.0,0.4572181,71.63703
1.0,0.51888156,78.52766
1.0,0.6445389,169.74077
1.0,0.5072889,67.27086
1.0,0.5075235,79.362206
1.0,0.69850105,98.8948
1.0,0.6709849,233.53152
1.0,0.7937651,77.49142
1.0,0.4905744,104.81269
1.0,0.5021797,103.29098
1.0,0.76113015,4060.938
1.0,0.26783544,184.40971
1.0,0.61131644,121.16452
1.0,0.3259305,264.74338
1.0,0.99118876,12189.507
1.0,0.5939761,281.8874
1.0,0.4805955,70.93477
1.0,0.4314006,97.082115
1.0,0.37487343,71.40302
1.0,0.5064438,94.80926
1.0,0.71655095,347.6036
1.0,0.47557163,68.40003
1.0,0.5744281,69.46375
1.0,0.48870006,74.71199
1.0,0.8532888,68.59817
1.0,0.48228884,105.410095
1.0,0.5622827,67.98232
1.0,0.39640865,132.1713
1.0,0.48149678,69.97297
1.0,0.51304024,152.24207
1.0,0.52755636,228.19942
1.0,0.7003942,134.3939
1.0,0.30795422,228.73158
1.0,0.99997604,71.625824
1.0,0.5090734,76.90195
1.0,0.46217972,92.257805
1.0,0.73739004,86.39586
1.0,0.52627194,103.982414
1.0,0.42532045,98.93387
1.0,0.52833647,570.6832
1.0,0.6004968,107.65044
1.0,0.5194008,107.0746
1.0,0.8355456,556.8265
1.0,0.49139512,119.61667
1.0,0.5012581,94.409645
1.0,0.829716,2854.783
1.0,0.42940444,77.63913
1.0,0.42861405,94.18988
1.0,0.5109643,33356.062
1.0,0.5135668,276.55606
1.0,0.98638237,979.712
1.0,0.49196008,71.953766
1.0,0.4677643,121.75048
1.0,0.47199523,67.090805
1.0,0.4987506,89.0825
1.0,0.48668367,87.22044
1.0,0.39635384,103.21854
1.0,0.48204207,291.68176
1.0,0.62883705,99.13549
1.0,0.5803763,101.04186
1.0,0.5043594,69.22164
1.0,0.28830248,70.23089
1.0,0.5160833,71.3743
1.0,0.99995697,3582.1826
1.0,0.4270854,88.98929
1.0,0.39317784,178.39624
1.0,0.36229658,117.12929
1.0,0.36759052,135.33983
1.0,0.5213402,93.86012
1.0,0.47809505,113.00744
1.0,0.99545044,1232.2104
1.0,0.5575187,153.27911
1.0,0.52113765,93.29283
1.0,0.5275473,507.0435
1.0,0.496738,129.99493
1.0,0.7789828,67.198105
1.0,0.49992025,1.5706908e+12
1.0,0.5357406,78.62255
1.0,0.51704895,67.05421
1.0,0.5452798,112.025314
1.0,0.6838682,2448.8262
1.0,0.74904805,83.95707
1.0,0.29027793,162.26732
1.0,0.5037538,86.60473
1.0,0.48123088,98.18638
1.0,0.9946649,4423.519
1.0,0.49627995,66.94946
1.0,0.41431245,145.30254
1.0,0.3915552,72.12667
1.0,0.47879696,158.28682
1.0,0.44431624,328.07928
1.0,0.51083624,76.69824
1.0,0.5062252,84.95202
1.0,0.87899536,74.736496
1.0,0.43925062,86.27363
1.0,0.9932981,71.575195
1.0,0.53759605,185.55826
1.0,0.6159762,71.0934
1.0,0.48710746,120.32811
1.0,0.5036152,65.29872
1.0,0.60540146,65.17152
1.0,0.3437207,134.887
1.0,0.46711957,80.728874
1.0,0.48149082,115.8641
1.0,0.9992918,286.29504
1.0,0.6053366,122.99039
1.0,0.7012676,70.31204
1.0,0.68232214,83.52367
1.0,0.52428997,136.81363
1.0,0.49936923,66.64853
1.0,0.5877014,71.96022
1.0,0.4506931,116.65494
1.0,0.50848544,135.93895
1.0,0.85641825,68.940094
1.0,0.4560894,117.86094
1.0,0.5141535,66.03924
1.0,0.27224943,125.541084
1.0,0.49082088,325.77374
1.0,0.40370983,846.3943
1.0,0.49251968,115.19524
1.0,0.59008384,137.7765
1.0,0.55598897,67.46817
1.0,0.45260352,810.58215
1.0,0.78369683,84.4983
1.0,0.48777476,98.5129
1.0,0.40810207,108.914696
1.0,0.59492713,65.351295
1.0,0.81850684,150.13286
1.0,0.6194239,74.823616
1.0,0.5115928,119.4633
1.0,0.4272938,69.78612
1.0,0.47496444,104.23212
1.0,0.2902204,77.020515
1.0,0.6967842,1042.1855
1.0,0.35074952,69.08031
1.0,0.48789665,142.40121
1.0,0.5233693,553.64667
1.0,0.57529503,65.917625
1.0,0.327889,190.50664
1.0,0.5580565,110.24741
1.0,0.45511082,105.14366
1.0,0.4396927,200.9086
1.0,0.47496444,109.92976
1.0,0.4381449,65.31009
1.0,0.5909889,386.46384
1.0,0.5150296,467.293
1.0,0.4690387,65.65916
1.0,0.4677234,179.80183
1.0,0.34785292,5090.438
1.0,0.42413148,189.52191
1.0,0.91274655,831.811
1.0,0.59482765,103.396675
1.0,0.49106327,146.37938
1.0,0.71353877,296.073
1.0,0.5030897,83.356224
1.0,0.58154845,70.20269
1.0,0.5660349,132.99297
1.0,0.59156233,67.557045
1.0,0.5061001,250.48846
1.0,0.35960934,96.449486
1.0,0.5014137,274.1223
1.0,0.49464947,125.26756
1.0,0.37763992,77.042404
1.0,0.53773713,68.36906
1.0,0.3933796,132.4159
1.0,0.33210364,77.37621
1.0,0.4913932,155.6137
1.0,0.5742613,326.47342
1.0,0.43042544,85.30809
1.0,0.5426564,97.13036
1.0,0.8342265,658.58716
1.0,0.99999774,506.87067
1.0,0.88626444,2049.959
1.0,0.3924329,202.88649
1.0,0.99909973,1811.7554
1.0,0.39265576,89.92902
1.0,0.81468254,141.63162
1.0,0.41761345,81.391685
1.0,0.99992216,292.2105
1.0,0.9963916,90.01348
1.0,0.58349293,68.28871
1.0,0.71829206,999734.3
1.0,0.4462131,105.67059
1.0,0.4908946,254.93321
1.0,0.9996013,53103.996
1.0,0.99286664,100.9542
1.0,0.6012288,89.743484
1.0,0.39229673,77.73217
1.0,0.5371072,134.19006
1.0,0.8158058,83.58931
1.0,0.51846004,68.60683
1.0,0.41088563,104.953354
1.0,0.559803,232.2229
1.0,0.5038037,85.7985
1.0,0.5806601,74.74372
1.0,0.5030608,69.278175
1.0,0.5236881,116.48535
1.0,0.6515994,81.66351
1.0,0.9829411,7923.92
1.0,0.34959894,66.629944
1.0,0.5041955,107.35912
1.0,0.5146987,109.618744
1.0,0.49775103,77.00942
1.0,0.47033653,156.76534
1.0,0.69264364,1854.8381
1.0,0.5161875,105.41253
1.0,0.50188357,96.141815
1.0,0.44181737,69.66841
1.0,0.40064895,125.287025
1.0,0.85259056,66.30933
1.0,0.49573562,110.51107
1.0,0.52249336,91.130775
1.0,0.689753,220.31995
1.0,0.6076267,65.11601
1.0,0.90529215,144.81708
1.0,0.55124956,75.71764
1.0,0.9871339,77.88396
1.0,0.54407907,108.931564
1.0,0.433104,88.19774
1.0,0.7262911,92.80887
1.0,0.5242421,813.4181
1.0,0.60595757,70.883896
1.0,0.99957246,87.062386
1.0,0.50556135,98.29271
1.0,0.5813764,113.87289
1.0,0.34712696,110.924446
1.0,0.5203295,69.20954
1.0,0.42918146,352.99466
1.0,0.99954456,348.74704
1.0,0.5909158,66.74284
1.0,0.38365012,160.6572
1.0,0.3566634,116.89508
1.0,0.6650782,131.3532
1.0,0.82124037,119.82488
1.0,0.98902494,999.6449
1.0,0.43247068,199.77687
1.0,0.6621081,793.38794
1.0,0.98832685,78.266754
1.0,0.6515037,72.84725
1.0,0.4047262,156.04442
1.0,0.61458576,316.37482
1.0,0.51260257,122.12756
1.0,0.3828428,116.32508
1.0,0.6207373,104.84526
1.0,0.60573775,95.994194
1.0,0.43850878,320.46295
1.0,0.53696644,85.988075
1.0,0.3762272,226.57176
1.0,0.51251906,108.81973
1.0,0.9999987,717.32385
1.0,0.4654998,71.599724
1.0,0.5934823,325.93472
1.0,0.46801823,90.60141
1.0,0.39779988,75.43982
1.0,0.5088565,91.05714
1.0,0.41034037,111.382225
1.0,0.49780864,68.114365
1.0,0.3953334,93.82056
1.0,0.4999516,67.36761
1.0,0.54236966,72.0456
1.0,0.5190572,77.40919
1.0,0.99841607,135.90388
1.0,0.5224308,113.76617
1.0,0.5824156,68.45071
1.0,0.41119233,68.82703
1.0,0.5335857,122.225555
1.0,0.5868085,72.28686
1.0,0.34392723,433.80093
1.0,0.49626315,74.484764
1.0,0.50937474,70.544525
1.0,0.50886744,77.61361
1.0,0.8586233,6120.381
1.0,0.6294996,68.18453
1.0,0.41373828,107.626564
1.0,0.42018425,74.94456
1.0,0.86246777,5637.267
1.0,0.9740339,317.0141
1.0,0.4821497,160.81232
1.0,0.47096458,89.428406
1.0,0.42398265,71.66827
1.0,0.5014961,77.179245
1.0,0.6720781,151.08742
1.0,0.64654136,67.07198
1.0,0.42563307,89.55826
1.0,0.48300985,78.561005
1.0,0.47071922,100.74338
1.0,0.99927586,101.15542
1.0,0.34123018,89.13714
1.0,0.45806777,66.48959
1.0,0.4982296,91.568275
1.0,0.48327398,72.492355
1.0,0.35085925,81.87454
1.0,0.47692218,86.81187
1.0,0.44094276,90.21552
1.0,0.4741622,104.813034
1.0,0.438654,135.59326
1.0,0.40838507,67.402534
1.0,0.4105371,115.46121
1.0,0.33395955,91.40008
1.0,0.39938313,128.48006
1.0,0.5423785,68.767166
1.0,0.5163685,231.06682
1.0,0.4130182,98.41582
1.0,0.5256225,76.337616
1.0,0.48902833,67.342316
1.0,0.9988211,1003.04816
1.0,0.41141334,138.25877
1.0,0.5460066,88.7207
1.0,0.68437135,515.77216
1.0,0.5407974,338.6037
1.0,0.5865274,67.434364
1.0,0.7180773,458.67493
1.0,0.4813331,70.85117
1.0,0.4912312,126.5633
1.0,0.5310614,152.55598
1.0,0.3607638,70.22071
1.0,0.5667271,248.94171
1.0,0.40972853,65.16032
1.0,0.487162,70.38422
1.0,0.5108143,74.25653
1.0,0.47728536,82.02453
1.0,0.37737933,67.314
1.0,0.99991345,8473.795
1.0,0.4576118,123.002335
1.0,0.38254237,93.039505
1.0,0.7689717,701.2154
1.0,0.48044488,108.2333
1.0,0.44336534,115.89902
1.0,0.5524883,110.02093
1.0,0.5166645,143.63875
1.0,0.528135,97.71756
1.0,0.5018406,157.19977
1.0,0.4292547,334.30545
1.0,0.50348383,92.229065
1.0,0.59195787,72.339294
1.0,0.40818813,91.13998
1.0,0.49688256,75.119576
1.0,0.4845925,77.23061
1.0,0.36336046,105.05124
1.0,0.5059088,286.16037
1.0,0.39226568,67.85426
1.0,0.9999882,401.6449
1.0,0.95561564,66.12367
1.0,0.9996074,9029.787
1.0,0.5039323,200.02774
1.0,0.99469405,438.06653
1.0,0.99348986,1087.849
1.0,0.66755867,74.93995
1.0,0.44383404,120.84446
1.0,0.8760934,70.4687
1.0,0.42937648,66.68306
1.0,0.68951696,81.12009
1.0,0.48701233,71.97178
1.0,0.45674908,109.05458
1.0,0.99447167,1235.902
1.0,0.51384884,68.77334
1.0,0.49587417,102.23255
1.0,0.43223846,67.03972
1.0,0.48339173,67.91209
1.0,0.49422342,102.097664
1.0,0.4190553,192.12553
1.0,0.5024299,94.71651
1.0,0.4852174,99.380104
1.0,0.5597968,122.731255
1.0,0.50780606,170.74574
1.0,0.4489784,136.64864
1.0,0.5979191,224.29709
1.0,0.3639435,126.83234
1.0,0.25326252,186.44234
1.0,0.99916244,101.02644
1.0,0.51813084,231.8218
1.0,0.3441174,84.21668
1.0,0.99999344,573.9227
1.0,0.43321997,79.97231
1.0,0.37241304,90.23486
1.0,0.5505029,112.40597
1.0,0.53348094,114.72021
1.0,0.54418933,77.59294
1.0,0.99100715,2266.7153
1.0,0.3940271,72.586655
1.0,0.49126434,81.59549
1.0,0.40814042,154.87386
1.0,0.5149034,66.3014
1.0,0.47331002,173.3891
1.0,0.4900958,88.94772
1.0,0.6139125,76.580055
1.0,0.39426905,65.68205
1.0,0.9398165,244.09772
1.0,0.51106125,66.224594
1.0,0.39341992,98.58515
1.0,0.36629528,80.72041
1.0,0.27683398,116.368515
1.0,0.5045174,475.42767
1.0,0.49722928,108.51459
1.0,0.52392364,82.33528
1.0,0.45797956,79.24385
1.0,0.5407371,65.15563
1.0,0.48529908,93.74866
1.0,0.3592976,89.75687
1.0,0.54683405,74.60946
1.0,0.5189432,1.7478575e+06
1.0,0.9383274,900.38043
1.0,0.47714272,82.652565
1.0,0.47496444,165.4936
1.0,0.62784076,161.77509
1.0,0.55079645,143.3417
1.0,0.46668643,70.62654
1.0,0.6364975,5381.291
1.0,0.52617204,86.14698
1.0,0.7037972,105.74621
1.0,0.7797194,384.84167
1.0,0.6111555,116.68228
1.0,0.5086025,21270.672
1.0,0.48303178,99.2008
1.0,0.5335636,67.77899
1.0,0.55726993,69.235985
1.0,0.53938365,190.42926
1.0,0.43818948,784.0842
1.0,0.9460119,73.442604
1.0,0.4008335,89.24173
1.0,0.38443255,71.23576
1.0,0.39206907,315.89514
1.0,0.37668866,88.16966
1.0,0.4909752,203.95721
1.0,0.41281137,252.09811
1.0,0.9995834,144.93597
1.0,0.48203808,72.33211
1.0,0.47584495,91.358315
1.0,0.50730854,69.90894
1.0,0.4568048,272.2982
1.0,0.5827776,82.30898
1.0,0.96191114,481.21133
1.0,0.3871574,159.78053
1.0,0.35192865,80.37981
1.0,0.9572696,133.6356
1.0,0.4900513,136.50229
1.0,0.999666,2403.761
1.0,0.98155576,322.67776
1.0,0.42241988,648.65936
1.0,0.4410362,79.476456
1.0,0.9950878,81.758835
1.0,0.7930958,343.99695
1.0,0.64667654,6197.7554
1.0,0.99999845,166.48642
1.0,0.48648253,78.18233
1.0,0.94759226,423.19186
1.0,0.5566395,157.72595
1.0,0.45513842,71.54
1.0,0.4951516,97.08718
1.0,0.3792788,108.31295
1.0,0.9333726,69.260185
1.0,0.91512483,2086.0054
1.0,0.42635196,75.10492
1.0,0.99693406,1908.1132
1.0,0.99243873,181.15286
1.0,0.5651307,97.83941
1.0,0.67978555,69.747284
1.0,0.68248194,93.531006
1.0,0.59313226,108.35363
1.0,0.54386884,133.54643
1.0,0.39865974,68.33611
1.0,0.3981869,100.89669
1.0,0.5169905,66.41262
1.0,0.51539814,99.62236
1.0,0.56017077,72.563385
1.0,0.37042195,66.5596
1.0,0.4924858,108.36778
1.0,0.53954333,72.353455
1.0,0.49032193,90.73755
1.0,0.3587572,87.9119
1.0,0.48756498,150.32559
1.0,0.4841232,201.42511
1.0,0.49764088,87.22504
1.0,0.5166983,70.424644
1.0,0.47496444,112.861496
1.0,0.37526822,107.79574
1.0,0.49497813,81.43198
1.0,0.5161242,138.99515
1.0,0.48163357,111.439224
1.0,0.5163505,101.15442
1.0,0.55409575,127.057365
1.0,0.4792208,130.17854
1.0,0.36734095,106.1797
1.0,0.52136403,205.15126
1.0,0.4096384,315.447
1.0,0.39365447,70.888176
1.0,0.5896668,110.38986
1.0,0.49208602,185.36552
1.0,0.384678,153.59245
1.0,0.46051002,96.52396
1.0,0.52314854,94.21724
1.0,0.4932325,71.75834
1.0,0.49081412,91.821625
1.0,0.6300927,110.310074
1.0,0.4928479,198.0087
1.0,0.40450093,77.311295
1.0,0.45743835,95.1685
1.0,0.8179782,1223.4109
1.0,0.56222624,72.06022
1.0,0.54392254,74.648094
1.0,0.5972483,104.51575
1.0,0.5651375,83.71898
1.0,0.26341298,128.3216
1.0,0.5257482,73.93157
1.0,0.486856,103.33023
1.0,0.3861568,324.8638
1.0,0.3839407,80.47697
1.0,0.5300562,73.144066
1.0,0.43673533,247.84889
1.0,0.35116816,65.29116
1.0,0.35116816,65.29116
1.0,0.5980451,66.25785
1.0,0.5136572,93.227936
1.0,0.3092174,189.32661
1.0,0.5877598,85.5616
1.0,0.5415118,68.0337
1.0,0.50145864,108.16089
1.0,0.7076171,319.9205
1.0,0.5086799,107.42474
1.0,0.78994936,75.86862
1.0,0.5469097,407.54236
1.0,0.5115326,79.33319
1.0,0.5015331,107.616165
1.0,0.43886447,118.123215
1.0,0.5713276,171.18283
1.0,0.972703,153.63293
1.0,0.32671338,94.3641
1.0,0.3219058,668.59393
1.0,0.43650725,239.77118
1.0,0.36942685,86.63854
1.0,0.7459759,101.16553
1.0,0.9158827,107.87027
1.0,0.48883796,4171.937
1.0,0.584508,91.62701
1.0,0.45664954,996.88446
1.0,0.4062853,88.758415
1.0,0.5105162,106.2481
1.0,0.52705705,135.7274
1.0,0.3904817,68.83646
1.0,0.35857552,169.39522
1.0,0.5050614,65.31923
1.0,0.50928825,66.24554
1.0,0.8395998,268.4131
1.0,0.35346907,102.809494
1.0,0.40973878,73.9744
1.0,0.825242,104.22903
1.0,0.33570045,163.51038
1.0,0.27497014,129.16711
1.0,0.5040545,155.93225
1.0,0.9999856,74.51867
1.0,0.50530654,80.15382
1.0,0.4677628,105.602104
1.0,0.38202238,123.30455
1.0,0.5905527,74.93762
1.0,0.7657864,184.24193
1.0,0.36401147,72.02909
1.0,0.5092547,77.456116
1.0,0.47616002,69.95707
1.0,0.4465834,82.990845
1.0,0.5538234,65.66183
1.0,0.39718202,83.27458
1.0,0.3820674,70.277985
1.0,0.40103486,70.25091
1.0,0.34604156,495.7475
1.0,0.49621543,89.818306
1.0,0.9845948,547.9343
1.0,0.44218427,111.116615
1.0,0.54567873,75.09397
1.0,0.6160562,127.60701
1.0,0.47147915,96.57203
1.0,0.5723784,77.31019
1.0,0.97222507,2721.8433
1.0,0.41306323,92.02025
1.0,0.5027871,178.7999
1.0,0.47216138,75.61041
1.0,0.99724686,6725.9487
1.0,0.49826843,140.67525
1.0,0.4988354,78.522354
1.0,0.546513,180.47757
1.0,0.55390394,71.268135
1.0,0.4977127,67.06889
1.0,0.36943674,75.96384
1.0,0.99800915,3192.9832
1.0,0.43948308,123.11637
1.0,0.9815243,361.50003
1.0,0.86409026,85.94938
1.0,0.45921627,72.06341
1.0,0.4938862,84.08539
1.0,0.48061213,83.100494
1.0,0.9743963,11959.998
1.0,0.5517188,90.40898
1.0,0.5190502,71.78348
1.0,0.677688,1061.8973
1.0,0.46459895,67.35907
1.0,0.58066463,82.18671
1.0,0.477537,93.840675
1.0,0.3819635,90.39325
1.0,0.3097268,112.616585
1.0,0.47886544,168.23871
1.0,0.58928585,303.49164
1.0,0.99999166,25304.584
1.0,0.5432661,111.765045
1.0,0.6055127,106.47694
1.0,0.95005184,78.80352
1.0,0.35626262,69.33903
1.0,0.5096959,90.099754
1.0,0.43043393,75.240234
1.0,0.5028528,153.20508
1.0,0.4674063,94.27685
1.0,0.4993369,274.61032
1.0,0.9920399,4126.9814
1.0,0.7940595,520.76855
1.0,0.99489164,3740.6064
1.0,0.4637793,107.206406
1.0,0.48221943,170.98099
1.0,0.5362628,79.66722
1.0,0.60495555,278.5515
1.0,0.5016438,87.01651
1.0,0.48228472,98.566315
1.0,0.8509215,813.595
1.0,0.5272042,120.69867
1.0,0.49241635,84.8855
1.0,0.50699604,67.51741
1.0,0.4083211,80.67044
1.0,0.5259377,73.75958
1.0,0.6303254,97.73784
1.0,0.51119375,146.45107
1.0,0.4860769,73.56614
1.0,0.4911599,245.37704
1.0,0.355882,119.44776
1.0,0.51013416,78.25773
1.0,0.46797207,304.70413
1.0,0.56039834,154.06232
1.0,0.57359624,101.280556
1.0,0.48393908,91.62771
1.0,0.48939848,349.43982
1.0,0.36489445,318.64832
1.0,0.48431388,83.01787
1.0,0.54947466,3.552006e+06
1.0,0.45555905,3.7247196e+11
1.0,0.5102863,127.779884
1.0,0.9139776,83.1972
1.0,0.50807846,71.33779
1.0,0.43341014,65.87584
1.0,0.53863674,265.07657
1.0,0.95586246,3993.96
1.0,0.5779236,82.51044
1.0,0.5485984,435.607
1.0,0.4676624,137.33142
1.0,0.9982399,68.37041
1.0,0.48178262,65.524345
1.0,0.5160199,99.89643
1.0,0.40192842,78.14742
1.0,0.47176254,87.590614
1.0,0.5523893,631.85504
1.0,0.44823775,131.12062
1.0,0.47496444,115.167984
1.0,0.996356,74.93294
1.0,0.55786043,82.44101
1.0,0.4919581,135.05296
1.0,0.4719325,66.493935
1.0,0.9560965,128.76532
1.0,0.55129874,92.58778
1.0,0.52621824,126.1156
1.0,0.9935988,413.2956
1.0,0.42783436,69.43855
1.0,0.2709168,65.27903
1.0,0.6437349,69.794014
1.0,0.4324568,87.94014
1.0,0.39486557,101.74276
1.0,0.5114038,89.07174
1.0,0.55514026,176.04912
1.0,0.46955985,153.81015
1.0,0.545688,66.71519
1.0,0.43790343,344.62393
1.0,0.6193591,80.66473
1.0,0.69286674,123.579414
1.0,0.8421829,1382.1158
1.0,0.45101076,97.344635
1.0,0.4106704,80.36734
1.0,0.46633193,74.23485
1.0,0.5129772,137.29803
1.0,0.50351053,76.15804
1.0,0.8331885,439.18115
1.0,0.49167448,66.85436
1.0,0.6435615,81.44505
1.0,0.39638707,71.87694
1.0,0.4666538,77.11313
1.0,0.47496444,226.41086
1.0,0.42457223,122.11811
1.0,0.96410644,213.35321
1.0,0.8580166,97.88526
1.0,0.30737418,110.6165
1.0,0.50610214,82.93091
1.0,0.6339023,70.48859
1.0,0.47211462,110.73328
1.0,0.5321047,81.712395
1.0,0.6483469,530.66113
1.0,0.6667981,89.94477
1.0,0.6920141,533.4921
1.0,0.48045084,149.33911
1.0,0.29082063,436.60535
1.0,0.86958694,187.49893
1.0,0.36560902,102.79335
1.0,0.87627834,1062.7523
1.0,0.5682227,80.14372
1.0,0.34947938,67.938896
1.0,0.60478693,89.09184
1.0,0.780737,6371.5557
1.0,0.5919239,75.72694
1.0,0.99929273,84.46363
1.0,0.49243566,83.58534
1.0,0.7468386,174.6459
1.0,0.57611984,77.794174
1.0,0.436398,71.88633
1.0,0.53534657,76.64727
1.0,0.5415043,164.27939
1.0,0.4043631,142.57674
1.0,0.4925878,275.0906
1.0,0.33460352,294.53195
1.0,0.9999894,108.21352
1.0,0.4927035,70.474075
1.0,0.49760917,100.49784
1.0,0.64098704,691.2906
1.0,0.5680793,404.0788
1.0,0.5875259,274.656
1.0,0.99230367,4935.3003
1.0,0.49492648,70.65378
1.0,0.44197837,65.38761
1.0,0.46240473,109.85025
1.0,0.34768856,116.95426
1.0,0.43746334,87.21649
1.0,0.5021248,65.03171
1.0,0.48490453,165.71625
1.0,0.98559755,99.8458
1.0,0.4970056,65.25726
1.0,0.46784768,477.87848
1.0,0.56233305,66.43566
1.0,0.36862737,103.2131
1.0,0.37478262,144.51727
1.0,0.52461725,68.887505
1.0,0.51236063,76.350815
1.0,0.5053941,110.64128
1.0,0.99380517,103.297615
1.0,0.5044308,110.32903
1.0,0.93708324,169.041
1.0,0.4957205,67.016075
1.0,0.9263701,686.47144
1.0,0.7823315,519.47797
1.0,0.44577003,78.01777
1.0,0.41360682,175.74716
1.0,0.40452096,87.4609
1.0,0.47587758,234.09282
1.0,0.4756267,214.4587
1.0,0.99923253,75.88905
1.0,0.57260275,928.49615
1.0,0.4804944,205.98026
1.0,0.38852286,72.96728
1.0,0.45097142,81.92613
1.0,0.36599633,163.94226
1.0,0.51036483,77.47325
1.0,0.71932715,71.119225
1.0,0.9999999,119.003075
1.0,0.546422,74.56131
1.0,0.52227736,190.10817
1.0,0.32026386,99.612404
1.0,0.41272357,181.60153
1.0,0.5064043,96.39028
1.0,0.56530946,69.2603
1.0,0.9796723,1552.8268
1.0,0.43859053,492.13235
1.0,0.34072536,644.2354
1.0,0.5215473,169.07599
1.0,0.99999654,333.2685
1.0,0.34432596,141.04024
1.0,0.49539104,70.26589
1.0,0.49850816,125.62623
1.0,0.5795619,106.853745
1.0,0.47160637,94.72508
1.0,0.81613433,65.158745
1.0,0.5020746,72.35763
1.0,0.6415554,219.26103
1.0,0.5578615,98.010895
1.0,0.99872524,87.75955
1.0,0.5971858,71.45581
1.0,0.50677407,87.438095
1.0,0.5002985,369.16696
1.0,0.46901134,166.59613
1.0,0.4441478,80.65589
1.0,0.5193422,72.27533
1.0,0.534644,144.78934
1.0,0.43038437,80.61497
1.0,0.29125234,136.68443
1.0,0.45690003,376.28958
1.0,0.47963193,137.28853
1.0,0.54865974,66.97955
1.0,0.49814096,67.05087
1.0,0.4892192,121.36829
1.0,0.4105555,111.91461
1.0,0.5557188,347.68417
1.0,0.9890587,2481.7456
1.0,0.596284,82.531685
1.0,0.4915281,443.22702
1.0,0.99980325,209.87108
1.0,0.4883279,65.29064
1.0,0.45587718,68.692154
1.0,0.5575947,127.832924
1.0,0.553146,65.96278
1.0,0.48306227,70.27368
1.0,0.99918884,698.9827
1.0,0.49421722,77.2209
1.0,0.49430785,281.42938
1.0,0.7162747,18430.527
1.0,0.49770778,150.79987
1.0,0.4898439,66.13589
1.0,0.5328384,117.24644
1.0,0.50215185,69.710724
1.0,0.60702056,75.573586
1.0,0.45903873,68.31721
1.0,0.48357224,107.373505
1.0,0.4239006,78.505844
1.0,0.5201432,82.66409
1.0,0.6593649,70.22937
1.0,0.45722887,89.65446
1.0,0.4691822,112.846565
1.0,0.29683822,197.89177
1.0,0.49386168,67.94194
1.0,0.46977434,114.19623
1.0,0.38649535,112.20017
1.0,0.3526295,119.86205
1.0,0.35288435,110.72659
1.0,0.521116,68.88872
1.0,0.5111786,87.5752
1.0,0.63797134,602.6419
1.0,0.5265561,235.46265
1.0,0.7785668,1078.3805
1.0,0.9950119,365.8582
1.0,0.49121425,84.51996
1.0,0.4944296,125.969185
1.0,0.51800925,207.06482
1.0,0.38251013,87.48717
1.0,0.53004014,97.23007
1.0,0.99771214,80.997406
1.0,0.43160406,66.172935
1.0,0.99333066,10432.371
1.0,0.7371136,2347.3315
1.0,0.9429068,965.8491
1.0,0.3884047,255.3945
1.0,0.4707372,66.35515
1.0,0.5336469,80.01366
1.0,0.8685983,81.37325
1.0,0.56190556,82.02296
1.0,0.4092473,206.44485
1.0,0.42263457,138.36128
1.0,0.43899617,80.89817
1.0,0.43957323,67.87563
1.0,0.38006502,216.61777
1.0,0.5701529,776.20514
1.0,0.3950969,75.74538
1.0,0.9041988,89.48825
1.0,0.99935573,102.47484
1.0,0.9334659,281.99478
1.0,0.49782446,70.24433
1.0,0.487845,112.472565
1.0,0.46602032,74.39851
1.0,0.47796518,124.70486
1.0,0.47796518,124.70486
1.0,0.40945372,193.154
1.0,0.5899136,281.14386
1.0,0.2945962,158.14307
1.0,0.67934865,69.392975
1.0,0.52364784,153.9209
1.0,0.39185032,79.15883
1.0,0.48558426,154.36278
1.0,0.5484818,87.71113
1.0,0.48915732,75.333916
1.0,0.593946,138.2807
1.0,0.4480105,249.73506
1.0,0.9999219,129.86589
1.0,0.38573584,105.88144
1.0,0.9993222,659.86835
1.0,0.48290753,76.51858
1.0,0.5145548,121.84717
1.0,0.43959847,70.422
1.0,0.6727665,852.35205
1.0,0.3749738,320.19144
1.0,0.5318554,242.67992
1.0,0.464384,97.28731
1.0,0.5583407,308.36252
1.0,0.95853037,3535.961
1.0,0.3906126,79.59793
1.0,0.5885957,71.0476
1.0,0.5737486,77.3498
1.0,0.47752026,199.39021
1.0,0.6811963,296.00018
1.0,0.4869855,65.01328
1.0,0.34782588,84.69962
1.0,0.79670316,118.4583
1.0,0.5785367,102.84545
1.0,0.67005146,93.183525
1.0,0.46297276,67.53105
1.0,0.99914944,159.95114
1.0,0.35196596,682.38007
1.0,0.41099957,66.96621
1.0,0.48518264,104.793015
1.0,0.52698356,67.02903
1.0,0.94654924,164.005
1.0,0.5040993,75.27893
1.0,0.82454926,196.99905
1.0,0.3423125,101.71886
1.0,0.5328011,71.4859
1.0,0.48343763,116.64866
1.0,0.99581665,14557.216
1.0,0.57924086,84.645355
1.0,0.64566135,101.12088
1.0,0.6539459,85.103165
1.0,0.57735455,87.60908
1.0,0.3394847,67.191925
1.0,0.5457105,103.10278
1.0,0.49212158,87.68154
1.0,0.5525004,135.50092
1.0,0.48694482,116.89226
1.0,0.4988366,70.96176
1.0,0.98232347,29718.785
1.0,0.4829961,78.94141
1.0,0.49772674,69.08211
1.0,0.53560585,974.29535
1.0,0.55149823,107.21854
1.0,0.54981977,100.75162
1.0,0.9391629,76.511055
1.0,0.5020721,218.24028
1.0,0.5552247,159.71608
1.0,0.5604954,87.59912
1.0,0.5333061,70.76546
1.0,0.5046863,69.781944
1.0,0.50408363,453.5765
1.0,0.4959266,310.46454
1.0,0.64145905,137.6792
1.0,0.48691964,77.72602
1.0,0.39900422,78.916214
1.0,0.5050584,417.1758
1.0,0.6428443,68.42681
1.0,0.4361517,104.82823
1.0,0.5482601,103.74584
1.0,0.4796909,126.97885
1.0,0.57429636,84.56941
1.0,0.37479165,66.38298
1.0,0.34703514,88.35175
1.0,0.4158068,229.797
1.0,0.48551846,84.161476
1.0,0.404345,67.92158
1.0,0.3517685,92.02747
1.0,0.29215357,134.4105
1.0,0.50121117,100.251915
1.0,0.8311624,3048.4321
1.0,0.46234646,71.52457
1.0,0.58270293,183.89604
1.0,0.99996877,4090.185
1.0,0.47496444,89.83709
1.0,0.44128105,140.34557
1.0,0.4178763,70.01941
1.0,0.5097793,255.29315
1.0,0.40359566,77.155815
1.0,0.37435633,66.4881
1.0,0.34596357,149.4532
1.0,0.9888926,761.81714
1.0,0.43314803,273.26904
1.0,0.45384443,86.50426
1.0,0.41333675,80.941795
1.0,0.5986338,120.21844
1.0,0.50148934,69.11272
1.0,0.38486508,104.96592
1.0,0.8588074,725.63745
1.0,0.4857591,65.7073
1.0,0.521688,238.43755
1.0,0.9701323,80.271126
1.0,0.91516197,318.9602
1.0,0.45921043,118.109726
1.0,0.39975518,600.22864
1.0,0.52228945,100.38458
1.0,0.9307742,67.52384
1.0,0.47377226,74.54252
1.0,0.38835156,205.0103
1.0,0.35804814,67.41204
1.0,0.5919499,77.812584
1.0,0.47508112,78.26254
1.0,0.44343087,96.08868
1.0,0.45049238,87.37234
1.0,0.48470488,588.86523
1.0,0.34893024,74.260445
1.0,0.5883197,139.59438
1.0,0.4441267,287.9033
1.0,0.5855249,65.39759
1.0,0.5589666,78.63272
1.0,0.5690242,105.70605
1.0,0.53185266,92.11678
1.0,0.47013503,67.329636
1.0,0.53016627,76.756744
1.0,0.4610504,89.17664
1.0,0.48354656,75.76937
1.0,0.61989564,124.5715
1.0,0.9327553,2242.6643
1.0,0.35907477,372.30838
1.0,0.86971265,71.123146
1.0,0.48167804,96.28126
1.0,0.4570153,85.49995
1.0,0.5966628,224.0057
1.0,0.9342325,91.46242
1.0,0.49697083,177.33679
1.0,0.8047406,234.23578
1.0,0.36434767,74.89076
1.0,0.39644378,80.280556
1.0,0.30299002,142.19896
1.0,0.38614663,291.1088
1.0,0.5038487,93.61613
1.0,0.5073651,150.04082
1.0,0.9999999,441.65237
1.0,0.48567545,82.08179
1.0,0.49763456,92.59101
1.0,0.45487034,284.522
1.0,0.9932481,132.08751
1.0,0.46816728,119.97917
1.0,0.74062663,721.09686
1.0,0.41469303,278.67523
1.0,0.3489472,65.22782
1.0,0.49465868,669.86584
1.0,0.5461733,77.29712
1.0,0.46376365,306.32382
1.0,0.32773134,91.63347
1.0,0.2742809,77.576546
1.0,0.54838127,500.82147
1.0,0.46469462,86.86392
1.0,0.9999846,37554.6
1.0,0.50578284,100.82676
1.0,0.45858544,77.364494
1.0,0.47304094,148.18468
1.0,0.54499453,78.33543
1.0,0.31046477,148.73195
1.0,0.38358763,149.4715
1.0,0.46513498,82.45678
1.0,0.49014854,87.707756
1.0,0.59610623,66.455505
1.0,0.7455309,311.60654
1.0,0.5000009,74.53943
1.0,0.35027918,97.18071
1.0,0.5059849,333.88617
1.0,0.42556205,249.89896
1.0,0.49582726,76.43903
1.0,0.96433717,554.63385
1.0,0.44687438,68.19664
1.0,0.40711066,70.32742
1.0,0.49591914,90.938065
1.0,0.35638285,72.71817
1.0,0.47752646,86.83053
1.0,0.49140128,155.9682
1.0,0.4456884,128.25673
1.0,0.5220579,80.93186
1.0,0.45422947,173.91905
1.0,0.7984097,98.37638
1.0,0.41321653,165.36438
1.0,0.56047875,75.93644
1.0,0.49768087,66.926735
1.0,0.51727194,80.285446
1.0,0.48437268,121.06612
1.0,0.3278537,78.7464
1.0,0.403979,165.90805
1.0,0.5719509,82.15923
1.0,0.9640404,158.00519
1.0,0.6195053,76.928185
1.0,0.42613646,67.05907
1.0,0.99916494,90.45441
1.0,0.9777458,89.729294
1.0,0.4192424,88.03868
1.0,0.46197975,114.53545
1.0,0.9182636,1271.7802
1.0,0.417303,75.58582
1.0,0.5046429,95.65791
1.0,0.48067316,148.75539
1.0,0.702067,121.6327
1.0,0.6467512,642.6511
1.0,0.43275386,86.64227
1.0,0.569521,70.98793
1.0,0.8644869,174.87578
1.0,0.44941106,100.98874
1.0,0.8200668,155.68462
1.0,0.5333235,110.86783
1.0,0.51910305,66.27625
1.0,0.5819054,145.61876
1.0,0.43217316,72.983665
1.0,0.4516233,67.408936
1.0,0.37975937,95.68929
1.0,0.9990969,26227.648
1.0,0.42537382,71.63845
1.0,0.52517515,68.33943
1.0,0.9716232,72.070465
1.0,0.6528769,76.705734
1.0,0.4732738,75.6172
1.0,0.567289,102.4857
1.0,0.55338895,71.84167
1.0,0.40317294,97.43751
1.0,0.5306679,109.264084
1.0,0.4430261,78.23501
1.0,0.5746463,141.43288
1.0,0.48532265,72.92459
1.0,0.52583855,71.50462
1.0,0.99952173,1499.2383
1.0,0.52183586,105.60755
1.0,0.5885569,325.46915
1.0,0.6088662,288.2547
1.0,0.47005635,70.406746
1.0,0.4928743,69.43353
1.0,0.98527366,67.3594
1.0,0.96644986,6559.326
1.0,0.39162147,69.90208
1.0,0.49250332,72.108734
1.0,0.84761035,513.8709
1.0,0.46605417,83.14912
1.0,0.49585915,85.38695
1.0,0.35843685,223.39314
1.0,0.46771917,73.3723
1.0,0.98783153,65.759155
1.0,0.42250615,73.359215
1.0,0.5491461,76.73783
1.0,0.5062007,69.68293
1.0,0.99983335,3845.27
1.0,0.54422396,87.602806
1.0,0.6800275,535.3763
1.0,0.99994695,162.12724
1.0,0.5955597,3.5906173e+08
1.0,0.46049193,94.73751
1.0,0.5603412,95.554436
1.0,0.50225395,96.83051
1.0,0.4301305,229.26021
1.0,0.471196,177.73035
1.0,0.42623195,329.38586
1.0,0.36065623,66.709526
1.0,0.37463343,154.75894
1.0,0.9779072,126.653244
1.0,0.4763933,216.23734
1.0,0.9964275,68.772316
1.0,0.591252,125.76086
1.0,0.41971004,263.2197
1.0,0.552629,69.37956
1.0,0.47496444,120.85077
1.0,0.5338729,216.59792
1.0,0.52341247,76.699165
1.0,0.49077564,72.576294
1.0,0.5230574,66.25505
1.0,0.52989113,76.92185
1.0,0.64109063,94.89781
1.0,0.5173105,386.04102
1.0,0.6314079,66.25287
1.0,0.6384389,142.02748
1.0,0.49406505,76.02228
1.0,0.4237638,91.092155
1.0,0.5079947,78.99497
1.0,0.52258325,70.94357
1.0,0.47496444,4.5072692e+07
1.0,0.38188338,174.60526
1.0,0.503194,70.32366
1.0,0.3562729,76.176125
1.0,0.48839363,146.52144
1.0,0.39643264,65.25855
1.0,0.42566836,180.33218
1.0,0.5311841,71.405106
1.0,0.47496444,87.19172
1.0,0.9999684,68.81199
1.0,0.6640638,76.10826
1.0,0.35035855,81.84816
1.0,0.49080732,143.90845
1.0,0.5073076,385.1162
1.0,0.99965525,71.213806
1.0,0.39692745,105.18674
1.0,0.90881354,1403.7561
1.0,0.50566804,75.011154
1.0,0.6409232,70.69995
1.0,0.9998578,116.812904
1.0,0.40575883,201.1726
1.0,0.86330175,97.353615
1.0,0.47015652,201.05138
1.0,0.37836275,72.5415
1.0,0.4834295,127.582146
1.0,0.48416233,225.52501
1.0,0.9999293,201.81982
1.0,0.53394806,115.06314
1.0,0.3869325,66.69728
1.0,0.4900938,70.474266
1.0,0.5272437,129.45738
1.0,0.4784342,258.99133
1.0,0.42520297,86.291534
1.0,0.4327028,587.32654
1.0,0.5009957,258.978
1.0,0.48440298,271.1835
1.0,0.99991286,70.775795
1.0,0.5587682,72.73947
1.0,0.94013125,82.84963
1.0,0.38713667,163.29965
1.0,0.4229663,74.032906
1.0,0.5033174,375.0993
1.0,0.28405774,430.46878
1.0,0.72282284,111.33179
1.0,0.5905044,86.555374
1.0,0.5907196,227.60362
1.0,0.48633814,67.22613
1.0,0.9154823,3457.0496
1.0,0.5455248,83.172424
1.0,0.38632277,143.80681
1.0,0.4532495,223.47177
1.0,0.3889755,115.58691
1.0,0.50063795,70.98257
1.0,0.7449558,228.98662
1.0,0.5503189,93.13655
1.0,0.5807514,77.97604
1.0,0.47756153,132307.62
1.0,0.4098802,181.34859
1.0,0.4433039,127.76459
1.0,0.48852146,74.61995
1.0,0.5545538,174.84497
1.0,0.79957664,738.0238
1.0,0.30076042,257.4708
1.0,0.50006825,87.87236
1.0,0.3331925,96.5886
1.0,0.94886523,88.634346
1.0,0.5576989,653.9483
1.0,0.5828381,83.36469
1.0,0.57616055,113.00948
1.0,0.45780334,167.16028
1.0,0.56137043,93.82491
1.0,0.47489405,90.182045
1.0,0.49372715,96.27285
1.0,0.3374018,89.32716
1.0,0.53575355,191.41554
1.0,0.5311955,87.32383
1.0,0.472987,13630.564
1.0,0.41051114,81.12844
1.0,0.55265003,99.376884
1.0,0.3775041,243.22636
1.0,0.39291197,159.18997
1.0,0.99999976,136.92009
1.0,0.46336535,91.05841
1.0,0.9992235,77.43841
1.0,0.94703,74.01299
1.0,0.48327866,390.34558
1.0,0.51361775,107.91866
1.0,0.47377568,85.09714
1.0,0.99974924,140.96268
1.0,0.52334726,78.428345
1.0,0.33527824,76.16697
1.0,0.4931287,99.2747
1.0,0.5783994,296.711
1.0,0.57204604,89.14842
1.0,0.6076515,217.99217
1.0,0.40206814,299.91705
1.0,0.49748912,82.807304
1.0,0.41690472,101.92473
1.0,0.35895467,73.717804
1.0,0.47516647,78.087875
1.0,0.9964708,93.15432
1.0,0.42050412,82.05387
1.0,0.7553092,2387.3027
1.0,0.48923197,464.36923
1.0,0.5433546,79.52813
1.0,0.48607746,92.13998
1.0,0.4553465,79.05304
1.0,0.61674064,605.7641
1.0,0.9820234,12673.128
1.0,0.61540526,201.00768
1.0,0.43125674,115.32052
1.0,0.4045144,153.2092
1.0,0.49793735,135.26064
1.0,0.55785865,65.85843
1.0,0.4580125,70.473145
1.0,0.7105532,288.00543
1.0,0.8505365,246.55328
1.0,0.44389495,121.609
1.0,0.5810909,172.74986
1.0,0.5178257,88.08664
1.0,0.6080045,70.21249
1.0,0.13704708,2.3806661e+11
1.0,0.42358342,77.400154
1.0,0.99949217,74.21855
1.0,0.44977424,424.71655
1.0,0.33325082,94.63017
1.0,0.42477491,69.34347
1.0,0.8057958,441.81
1.0,0.6185041,76.774826
1.0,0.5112933,145.44139
1.0,0.37764493,88.66257
1.0,0.76874036,86.36703
1.0,0.520331,257.73993
1.0,0.55101156,71.11735
1.0,0.48520145,98.65372
1.0,0.44754338,139.78854
1.0,0.49137375,66.82192
1.0,0.4131706,76.81853
1.0,0.508183,118.41656
1.0,0.99863106,963.6623
1.0,0.5736173,65.25963
1.0,0.51908815,104.1326
1.0,0.570679,121.35317
1.0,0.99794716,151.10152
1.0,0.48273325,129.4753
1.0,0.4902076,120.17773
1.0,0.6541242,139.94188
1.0,0.6156973,248.37956
1.0,0.66523933,800.3101
1.0,0.98606074,205.83162
1.0,0.47437626,94.36767
1.0,0.5325194,81.18939
1.0,0.84512484,609.4697
1.0,0.6147653,82.78044
1.0,0.99999714,19286.969
1.0,0.5595528,147.50444
1.0,0.37818113,73.924515
1.0,0.9996928,53093.445
1.0,0.5187852,72.40291
1.0,0.3344348,104.65331
1.0,0.9658015,75.19242
1.0,0.43798208,175.04128
1.0,0.55592227,96.55061
1.0,0.47472334,191.92313
1.0,0.98062724,157.96086
1.0,0.47124407,100.13003
1.0,0.96921164,724.17017
1.0,0.5549072,73.819435
1.0,0.5027102,147.49246
1.0,0.422684,346.655
1.0,0.6073723,224.853
1.0,0.9455446,1345.9098
1.0,0.69733894,489.08218
1.0,0.48274013,70.910904
1.0,0.5602114,86.17193
1.0,0.9757995,684.807
1.0,0.49544668,77.51778
1.0,0.8771546,430.65125
1.0,0.5405596,70.85059
1.0,0.520943,175.26907
1.0,0.40526813,116.13914
1.0,0.5360951,71.858116
1.0,0.7584993,459.0427
1.0,0.40103003,69.174385
1.0,0.9919566,323.03915
1.0,0.40110677,189.45627
1.0,0.7243619,329.4318
1.0,0.8282066,67.51222
1.0,0.49460888,132.24373
1.0,0.49194714,66.98319
1.0,0.4704882,83.88306
1.0,0.71404094,91.11732
1.0,0.9994004,3461.1077
1.0,0.5157209,81.31627
1.0,0.5227234,73.43476
1.0,0.44530466,75.4845
1.0,0.4722301,111.30716
1.0,0.90016955,1105.5444
1.0,0.34848088,78.14585
1.0,0.33463824,75.06154
1.0,0.47104612,219.94894
1.0,0.58910996,228.86082
1.0,0.5965601,72.67214
1.0,0.48424426,235.84972
1.0,0.40232164,96.19635
1.0,0.46686086,122.7541
1.0,0.3837622,73.57705
1.0,0.48454618,277.33463
1.0,0.695906,371.49744
1.0,0.46945643,102.435135
1.0,0.85191184,78.43274
1.0,0.9903133,6157.902
1.0,0.7809523,6665.6284
1.0,0.5160884,74.56552
1.0,0.52620703,121.845764
1.0,0.5463916,207.25008
1.0,0.6128368,257.01126
1.0,0.9987643,510.07715
1.0,0.49738094,84.734924
1.0,0.5286755,214.10072
1.0,0.482432,79.464874
1.0,0.5097965,83.240395
1.0,0.48067498,93.03659
1.0,0.5355827,72.08807
1.0,0.41944006,129.56439
1.0,0.99999857,110.79116
1.0,0.9994491,125.40132
1.0,0.4933639,71.84727
1.0,0.9773727,8444.089
1.0,0.86821145,371.6235
1.0,0.58043844,120.99462
1.0,0.5721057,219.45564
1.0,0.784589,3982.6753
1.0,0.8093263,1054.6283
1.0,0.48819593,944.95044
1.0,0.8994233,82.08868
1.0,0.5104919,113.06465
1.0,0.54918396,97.85713
1.0,0.5080192,103.49975
1.0,0.58528507,76.18704
1.0,0.99999964,24236.984
1.0,0.34741202,733.9132
1.0,0.6149829,86.22746
1.0,0.62668383,352.64774
1.0,0.50743634,101.46838
1.0,0.46145725,175.37581
1.0,0.88281566,624.5994
1.0,0.99300134,199.59314
1.0,0.4916459,84.94214
1.0,0.4379748,120.51791
1.0,0.50773406,68.01751
1.0,0.5323967,213.20732
1.0,0.5117405,69.74721
1.0,0.49545756,69.437256
1.0,0.4161698,70.572876
1.0,0.82718027,541.0923
1.0,0.3973185,79.818474
1.0,0.41138712,85.66034
1.0,0.45028472,88.0281
1.0,0.55953246,98.80846
1.0,0.4867311,132.01443
1.0,0.6817488,296.5397
1.0,0.667273,137.2703
1.0,0.9027162,448.92227
1.0,0.42743942,394.12134
1.0,0.54995686,74.4765
1.0,0.4834168,152.46153
1.0,0.9995384,406.62094
1.0,0.73859215,98.927025
1.0,0.99988604,521.2943
1.0,0.5188094,360.96024
1.0,0.43208382,91.60706
1.0,0.50640965,70.19863
1.0,0.99999964,6236.8633
1.0,0.40895414,71.33309
1.0,0.46799415,67.63962
1.0,0.44051662,400.58615
1.0,0.3645717,84.37756
1.0,0.6202916,527.15533
1.0,0.66673976,97.723885
1.0,0.67502934,117.05363
1.0,0.6741794,82.917046
1.0,0.3504263,285.93643
1.0,0.48117155,122.81813
1.0,0.70632,219220.11
1.0,0.8053418,1820.6552
1.0,0.6768599,99.70035
1.0,0.5613305,72.542816
1.0,0.5035468,68.101746
1.0,0.49634597,168.9308
1.0,0.6486913,120.2762
1.0,0.60012925,93.05023
1.0,0.54444855,325.9494
1.0,0.503275,70.57154
1.0,0.6321035,585.0048
1.0,0.06912471,166.28474
1.0,0.5507067,120.358765
1.0,0.9999342,3654.7737
1.0,0.35005593,110.99901
1.0,0.49672168,583.9941
1.0,0.48858455,364.8499
1.0,0.29620716,69.7505
1.0,0.32644355,68.89541
1.0,0.5665388,81.41553
1.0,0.47404397,110.8828
1.0,0.558986,79.66202
1.0,0.500694,116.77379
1.0,0.9731419,181.84375
1.0,0.99999905,68.74231
1.0,0.4540853,73.669525
1.0,0.4199878,223.77893
1.0,0.48660618,121.550995
1.0,0.54257995,116.48401
1.0,0.66723895,70.44588
1.0,0.47212183,69.262085
1.0,0.3624475,132.94748
1.0,0.36169547,74.29625
1.0,0.36552823,74.641396
1.0,0.48734698,66.67956
1.0,0.47943178,192.36256
1.0,0.47562286,143.73792
1.0,0.66268975,88.66919
1.0,0.45208737,101.80248
1.0,0.5227371,91.144905
1.0,0.42298022,1190.9542
1.0,0.41490212,96.50653
1.0,0.54676974,118.13372
1.0,0.37100446,101.97711
1.0,0.47377023,226.86176
1.0,0.50196433,505.9249
1.0,0.51289165,77.64263
1.0,0.30087355,114.098976
1.0,0.967911,114.81478
1.0,0.3514471,306.28583
1.0,0.52155983,80.69427
1.0,0.4818854,102.963745
1.0,0.426764,82.25342
1.0,0.51358235,89.93426
1.0,0.5169048,70.299416
1.0,0.51421523,106.99674
1.0,0.7775856,308.41956
1.0,0.50728506,94.00841
1.0,0.5541771,69.468216
1.0,0.99996257,138.39348
1.0,0.54110444,75.46921
1.0,0.5182107,68.686005
1.0,0.7690074,175.57262
1.0,0.5381022,118.769684
1.0,0.53565854,122.3746
1.0,0.45562714,637.9234
1.0,0.5378238,1045.8313
1.0,0.419999,73.811714
1.0,0.50381875,75.562614
1.0,0.53262645,83.27275
1.0,0.5823051,97.1053
1.0,0.4385915,89.17424
1.0,0.55947536,78.782455
1.0,0.48185673,167.77911
1.0,0.57145995,245.98856
1.0,0.48341742,72.1299
1.0,0.9999778,3927.0603
1.0,0.42215577,93.14123
1.0,0.5216985,84.37201
1.0,0.48285273,70.103546
1.0,0.45437256,80.45037
1.0,0.36853758,70.88705
1.0,0.71326,213.2738
1.0,0.42281815,66.317894
1.0,0.51938653,117.75106
1.0,0.5636201,97.574165
1.0,0.21183084,89.118645
1.0,0.550812,75.873184
1.0,0.5136813,100.40619
1.0,0.6994826,143.40932
1.0,0.77973133,751.59924
1.0,0.6169002,112.44071
1.0,0.4117232,125.651886
1.0,0.40361646,78.84684
1.0,0.4792973,133.87762
1.0,0.42132983,1.06432404e+12
1.0,0.99861085,173.33524
1.0,0.47550106,566.179
1.0,0.48628846,67.82587
1.0,0.5427423,91.25858
1.0,0.48963797,117.87291
1.0,0.97705257,111.190575
1.0,0.5008508,110.36017
1.0,0.4896605,185.46294
1.0,0.41538385,173.43327
1.0,0.4208506,259.0596
1.0,0.8239242,520.0235
1.0,0.49667144,127.80984
1.0,0.9982697,6438.9917
1.0,0.5868076,66.71381
1.0,0.47159457,66.240685
1.0,0.40473396,91.08316
1.0,0.5393418,124.11612
1.0,0.39945114,97.70882
1.0,0.9994899,72.77842
1.0,0.7208678,81.81995
1.0,0.42918694,78.22496
1.0,0.9999802,203.55643
1.0,0.4809803,79.67383
1.0,0.96206945,7628.877
1.0,0.3990637,67.78356
1.0,0.41306677,158.94983
1.0,0.50695634,99.00643
1.0,0.6084536,65.54075
1.0,0.5357812,80.24121
1.0,0.4869139,334.184
1.0,0.8450852,478.04852
1.0,0.84276587,488.22348
1.0,0.99992025,2217.4717
1.0,0.51353365,410.02008
1.0,0.6097237,67.9698
1.0,0.5443876,95.57369
1.0,0.5090961,80.1002
1.0,0.4924116,130.91794
1.0,0.48592326,71.1192
1.0,0.24067329,87.048164
1.0,0.5029677,82.42499
1.0,0.47764674,67.406456
1.0,0.40713167,72.37181
1.0,0.43052796,89.723015
1.0,0.48749855,278.98383
1.0,0.62424016,458.53064
1.0,0.4668863,90.823166
1.0,0.85657436,235.75548
1.0,0.48592612,225.539
1.0,0.84713125,102587.414
1.0,0.20347902,111.49283
1.0,0.4725214,121.00279
1.0,0.5015186,74.36101
1.0,0.49078104,142.1075
1.0,0.48554352,89.754944
1.0,0.5095616,77.72513
1.0,0.50153124,106.091896
1.0,0.5383006,370.99973
1.0,0.59407276,89.04969
1.0,0.6725796,128.24046
1.0,0.42125222,154.03314
1.0,0.47496444,86.42622
1.0,0.48807764,70.60326
1.0,0.5120372,189.67148
1.0,0.97544676,83.9161
1.0,0.9833393,69.176735
1.0,0.49437538,106.9558
1.0,0.50896424,69.20374
1.0,0.5618973,71.35984
1.0,0.56275696,68.81448
1.0,0.9850804,127.07641
1.0,0.36480293,68.67628
1.0,0.3609545,95.51122
1.0,0.54547775,103.733086
1.0,0.27450988,119.611084
1.0,0.35397834,304.84186
1.0,0.90700036,139.46759
1.0,0.37744185,73.279076
1.0,0.5135,131.58017
1.0,0.5565047,317.00784
1.0,0.38289905,72.10609
1.0,0.5673814,105.23213
1.0,0.6823194,106.26834
1.0,1.0,697.1857
1.0,0.6197824,82.74945
1.0,0.5605922,363.08917
1.0,0.57583153,96.94801
1.0,0.51019806,237.58784
1.0,0.45646694,302.3588
1.0,0.39581618,204.91849
1.0,0.45511705,151.04826
1.0,0.43822435,82.86646
1.0,0.60280037,79.107025
1.0,0.9899525,576.7452
1.0,0.49295238,68.8474
1.0,0.9992217,80.81268
1.0,0.9195852,120.59925
1.0,0.48046944,65.13314
1.0,0.8456293,113.88083
1.0,0.514832,77.513115
1.0,0.39942542,65.7135
1.0,0.51850665,67.59166
1.0,0.45336407,141.34927
1.0,0.47589397,84.18262
1.0,0.4745622,70.17233
1.0,0.99910176,77.123886
1.0,0.67302763,82.45717
1.0,0.45156538,88.2516
1.0,0.39105725,65.22363
1.0,0.98151016,92.05026
1.0,0.33911267,126.30503
1.0,0.3841389,128.28947
1.0,0.4480318,89.106125
1.0,0.8298362,219.57338
1.0,0.467186,112.84359
1.0,0.9915555,251.31532
1.0,0.9745029,12530.822
1.0,0.48826435,188.36732
1.0,1.0,195.98442
1.0,0.999948,3081.735
1.0,0.52482593,84.18812
1.0,0.8659491,1492.7019
1.0,0.4988626,160.835
1.0,0.4848039,96.25102
1.0,0.5130971,104.813385
1.0,0.8515427,68.15993
1.0,0.51065445,173.31374
1.0,0.49090177,86.34252
1.0,0.99999666,123.99184
1.0,0.5491535,136.32787
1.0,0.49242595,75.73382
1.0,0.43867654,96.356155
1.0,0.38192353,74.152695
1.0,0.4471589,87.409874
1.0,0.59573585,782.90265
1.0,0.51869935,79.86412
1.0,0.495711,334.99017
1.0,0.9481783,100.42615
1.0,0.48264068,131.4744
1.0,0.3614986,173.36235
1.0,0.46287072,139.37253
1.0,0.9944313,77.78495
1.0,0.6526637,66.172806
1.0,0.99969006,3132.3093
1.0,0.43874675,279.19254
1.0,0.37141052,75.3474
1.0,0.82404053,87.1587
1.0,0.67971843,88.98953
1.0,0.5615401,70.24992
1.0,0.7440588,676.4259
1.0,0.37874424,108.997246
1.0,0.4057668,72.813225
1.0,0.49301344,107.45571
1.0,0.9999368,2513.9617
1.0,0.6834602,352.82764
1.0,0.38007823,74.997505
1.0,0.5077669,80.546906
1.0,0.50393486,88.85865
1.0,0.41516316,618.75903
1.0,0.5924322,183.61923
1.0,0.38861355,72.686104
1.0,0.5403096,1599.8812
1.0,0.5276874,81.03018
1.0,0.63359904,543.658
1.0,0.41676453,118.791985
1.0,0.78668934,768.0181
1.0,0.66649646,87.24939
1.0,0.5129896,66.208725
1.0,0.6074606,121.530846
1.0,0.56754637,400.63785
1.0,0.5238011,85.60341
1.0,0.4937389,103.75752
1.0,0.48979726,104.84204
1.0,0.53706217,297.18375
1.0,0.4845841,67.34498
1.0,0.5978262,65.4682
1.0,0.5424069,132.46577
1.0,0.49255103,70.60911
1.0,0.4956598,167.49889
1.0,0.6164433,317.3965
1.0,0.4440254,70.26178
1.0,0.5125087,96.94583
1.0,0.22955032,214.63713
1.0,0.4649045,89.177376
1.0,0.99999964,180.05351
1.0,0.5678183,270.73474
1.0,0.57916206,138.25285
1.0,0.68397504,122.14399
1.0,0.99999475,195.83836
1.0,0.4955954,71.056725
1.0,0.4778653,76.93982
1.0,0.9886114,72.76957
1.0,0.495756,110.34254
1.0,0.48966604,107.80059
1.0,0.3467704,81.1314
1.0,0.47516137,156.98166
1.0,0.567421,106.91876
1.0,0.39023504,136.84645
1.0,0.44919074,73.250755
1.0,0.4976061,83.30645
1.0,0.35402927,220.47627
1.0,0.5180437,83.47331
1.0,0.5718073,195.98917
1.0,0.81700695,743.8032
1.0,0.4187275,67.96091
1.0,0.50195116,77.61544
1.0,0.4697768,87.73347
1.0,0.7505233,71.65381
1.0,0.3964794,243.07086
1.0,0.5155963,67.645294
1.0,0.50049615,65.83923
1.0,0.48736534,126.85838
1.0,0.4861888,72.053696
1.0,0.40082783,72.11529
1.0,0.5109419,86.1923
1.0,0.37585765,83.903435
1.0,0.46942744,108.8278
1.0,0.29155025,68.59297
1.0,0.5049106,67.505844
1.0,0.5209614,74.898125
1.0,0.4820255,93.388016
1.0,0.4345988,66.899666
1.0,0.40832502,78.594376
1.0,0.5123581,365.23065
1.0,0.43410325,73.5134
1.0,0.53661066,289.29135
1.0,0.449645,234.95622
1.0,0.3631128,80.74202
1.0,0.49009162,69.6383
1.0,0.4078073,127.55126
1.0,0.39298877,92.70094
1.0,0.83493817,423.9958
1.0,0.4354475,108.34185
1.0,0.99999046,180.2615
1.0,0.37009117,76.658
1.0,0.6512889,66.84023
1.0,0.4453159,319.454
1.0,0.50329584,85.77165
1.0,0.4793447,99.31618
1.0,0.45141298,141.31995
1.0,0.9995559,11616.937
1.0,0.44542155,118.18483
1.0,0.45664093,87.72538
1.0,0.45664093,87.72538
1.0,0.36920658,68.4613
1.0,0.9350849,208.9188
1.0,0.51506245,127.44501
1.0,0.63023156,99.06673
1.0,0.7533204,338.31906
1.0,0.6110247,140.30072
1.0,0.33629772,66.04651
1.0,0.3672469,68.515816
1.0,0.37882036,66.06291
1.0,0.892095,888.1598
1.0,0.61199564,95.42244
1.0,0.9994821,940.0072
1.0,0.91376895,6311.34
1.0,0.42528117,72.80767
1.0,0.4799299,123.25467
1.0,0.40900743,637.18494
1.0,0.53542197,516.63873
1.0,0.47334015,88.111595
1.0,0.6050719,87.1849
1.0,0.509827,67.601845
1.0,0.6058631,97.97319
1.0,0.41052496,91.70903
1.0,0.961258,68.877525
1.0,0.40624616,173.19284
1.0,0.99356985,10625.937
1.0,0.48274845,86.98976
1.0,0.52012163,109.34953
1.0,0.5026743,373.85657
1.0,0.99867624,71.74284
1.0,0.97638786,88.2735
1.0,0.47891226,77.255
1.0,0.42155442,192.82535
1.0,0.9999745,4659.2437
1.0,0.46418437,117.14575
1.0,0.55454606,117.36384
1.0,0.4626075,66.21705
1.0,0.49278685,102.97206
1.0,0.5346369,79.805504
1.0,0.50526,101.618
1.0,0.47496444,107.830246
1.0,0.4621865,197.56786
1.0,0.49885985,100.20201
1.0,0.6425955,85.14397
1.0,0.49195582,80.03167
1.0,0.5295752,81.656876
1.0,0.502042,70.58721
1.0,0.9848273,65.10761
1.0,0.39447206,73.78204
1.0,0.8279231,78.27062
1.0,0.9999862,174.19864
1.0,0.60898805,70.67108
1.0,0.46860254,124.78334
1.0,0.43856525,94.42416
1.0,0.4847317,259.26788
1.0,0.58033425,667.59375
1.0,0.46374232,112.52883
1.0,0.5479051,101.92792
1.0,0.47682115,255.42493
1.0,0.6401315,74.59005
1.0,0.4472132,69.129814
1.0,0.50635964,131.7206
1.0,0.47015795,79.06921
1.0,0.477575,82.13096
1.0,0.47744966,104.68279
1.0,0.53783554,78.8056
1.0,0.6984048,388.06494
1.0,0.44400474,73.061356
1.0,0.46720886,123.7685
1.0,0.29444262,93.75272
1.0,0.545068,124.82822
1.0,0.721493,160.40259
1.0,0.47718355,192.07007
1.0,0.7473034,1392.6859
1.0,0.9995993,5927.883
1.0,0.98043746,121.98631
1.0,0.50295633,96.66066
1.0,0.6069066,928.459
1.0,0.50847703,106.99004
1.0,0.47496444,80.57435
1.0,0.43801156,69.53487
1.0,0.468413,75.44945
1.0,0.55760807,81.030136
1.0,0.39618787,199.18092
1.0,0.46623737,88.37251
1.0,0.3954891,71.64461
1.0,0.37564358,119.5022
1.0,0.98527086,500.46582
1.0,0.4790641,115.96591
1.0,0.40773875,142.6823
1.0,0.42835826,161.82314
1.0,0.49461868,347.42047
1.0,0.42594513,161.97379
1.0,0.5279036,174.75198
1.0,0.5380692,85.23918
1.0,0.49690893,87.42049
1.0,0.2993805,94.32051
1.0,0.4327002,95.454765
1.0,0.671738,468.43137
1.0,0.624033,80.830894
1.0,0.5815301,441698.94
1.0,0.4982051,76.36503
1.0,0.75212866,1.657148e+09
1.0,0.51304567,307.49243
1.0,0.9195402,215.57843
1.0,0.8515473,109.13879
1.0,0.48908773,108.99353
1.0,0.47394577,123.47254
1.0,0.930927,548.2981
1.0,0.54600024,76.30313
1.0,0.28862366,76.254684
1.0,0.7781532,543.22095
1.0,0.8324068,69.48639
1.0,0.47176266,251.80557
1.0,0.5230942,83.836624
1.0,0.6762193,957.67175
1.0,0.4769114,277.2357
1.0,0.10818008,80.51192
1.0,0.5059052,132.42688
1.0,0.4105606,88.592606
1.0,0.50270665,857.8401
1.0,0.8280302,77.073135
1.0,0.30430913,87.18741
1.0,0.4251229,77.43465
1.0,0.62457013,103.04936
1.0,0.3952381,97.77771
1.0,0.9847114,12883.561
1.0,0.46679798,70.33113
1.0,0.4647974,75.560936
1.0,0.5418976,65.88328
1.0,0.5293658,91.45044
1.0,0.93088204,117.53922
1.0,0.38893333,69.65872
1.0,0.95237505,97.987015
1.0,0.55128086,71.648735
1.0,0.51901686,69.600746
1.0,0.4594576,87.15748
1.0,0.47615823,65.91963
1.0,0.5057406,87.11865
1.0,0.98326874,194.8308
1.0,0.5544546,77.89046
1.0,0.49878773,299.2513
1.0,0.53578526,162.57002
1.0,0.47842008,66.42788
1.0,0.51500994,378.8555
1.0,0.40262863,80.16248
1.0,0.9430167,87.232605
1.0,0.3941995,80.46709
1.0,0.47826546,147.23584
1.0,0.76590556,152.67897
1.0,0.9992582,4220.694
1.0,0.9958097,1020.9111
1.0,0.37314343,94.6679
1.0,0.3608787,112.14881
1.0,0.4905209,111.52619
1.0,0.49647143,115.85665
1.0,0.3858345,105.0126
1.0,0.6175259,95.180626
1.0,0.26978356,123.727264
1.0,0.5722767,144.65395
1.0,0.66469973,138.41962
1.0,0.9976108,14871.073
1.0,0.9965857,70.314896
1.0,0.55561984,67.57502
1.0,0.99600005,80.12082
1.0,0.6004269,118.64508
1.0,0.3664366,631.51135
1.0,0.5056047,167.9119
1.0,0.41762093,66.661995
1.0,0.58229834,89.3277
1.0,0.62541133,739.4757
1.0,0.3444111,71.98535
1.0,0.5403729,759.7973
1.0,0.44392502,90.176056
1.0,0.6732818,157.9149
1.0,0.53569674,568.6283
1.0,0.68803084,99.19216
1.0,0.99942374,75.925224
1.0,0.3868109,70.88409
1.0,0.5094837,75.62235
1.0,0.5174229,83.47643
1.0,0.48158342,254.78099
1.0,0.9210463,315.32648
1.0,0.41609165,75.31295
1.0,0.5463531,74.402695
1.0,0.47837898,216.32555
1.0,0.48696122,141.56656
1.0,0.36314484,210.5909
1.0,0.70247585,98.63314
1.0,0.4785998,87.01678
1.0,0.5105777,85.92291
1.0,0.49784023,89.22287
1.0,0.36425507,125.71212
1.0,0.99266124,2998.6438
1.0,0.745215,534.4915
1.0,0.9999641,824.1922
1.0,0.5388178,87.02673
1.0,0.53815717,79.16432
1.0,0.43432614,182.75467
1.0,0.4893276,181.49498
1.0,0.9998778,209.55643
1.0,0.9889309,245.20374
1.0,0.48918265,99.03706
1.0,0.9994765,840.5123
1.0,0.696382,571.46985
1.0,0.91198194,95.15847
1.0,0.66137415,85.482414
1.0,0.46525958,119.97482
1.0,0.7303329,439.12015
1.0,0.42907524,98.46505
1.0,0.42430714,85.07341
1.0,0.57109,234.18692
1.0,0.39002702,66.303
1.0,0.9820472,113.67289
1.0,0.5513102,75.57466
1.0,0.44752112,105.46706
1.0,0.41595492,105.54073
1.0,0.5620413,70.94563
1.0,0.71161807,76.01335
1.0,0.3721741,68.90638
1.0,0.7920039,298.6485
1.0,0.507104,80.697945
1.0,0.32572073,119.24452
1.0,0.5783369,78.99688
1.0,0.9997603,2512.4385
1.0,0.37096977,114.89631
1.0,0.46060073,112.43929
1.0,0.6067395,117.8678
1.0,0.53915495,72.8179
1.0,0.3848436,101.98759
1.0,0.48690942,68.82982
1.0,0.9986284,915.02094
1.0,0.6082454,141.13496
1.0,0.47697192,84.79528
1.0,0.47679222,115.58158
1.0,0.50419647,77.23103
1.0,0.39214498,102.16477
1.0,0.56018585,68.622574
1.0,0.586607,161.26505
1.0,0.9908987,16360.466
1.0,0.7620166,665.0839
1.0,0.4774868,216.7466
1.0,0.32017574,82.14595
1.0,0.5493983,71.74601
1.0,0.48898533,149.40594
1.0,0.36404654,76.844215
1.0,0.40434456,67.095276
1.0,0.5881496,67.26362
1.0,0.38382235,106.347534
1.0,0.7840202,98.396904
1.0,0.39469674,68.928246
1.0,0.93172777,1759.7712
1.0,0.98400235,71.52457
1.0,0.47270662,74.01878
1.0,0.9877703,174.61926
1.0,0.4815116,134.09874
1.0,0.47063184,75.952515
1.0,0.48866266,74.27461
1.0,0.9998379,93.40444
1.0,0.44280735,106.065285
1.0,0.4446998,172.55688
1.0,0.71307755,107.45571
1.0,0.43996498,104.212494
1.0,0.9791171,4121.231
1.0,0.39133155,77.409355
1.0,0.5691158,159.07344
1.0,0.999892,43706.625
1.0,0.54924417,116.0359
1.0,0.46851283,134.6444
1.0,0.9025076,184.49538
1.0,0.5238222,82.9111
1.0,0.64995277,74.0136
1.0,0.4427289,79.57792
1.0,0.45047367,119.25899
1.0,0.7493629,328.67435
1.0,0.4790257,89.9343
1.0,0.54109985,67.32132
1.0,0.48292467,113.36603
1.0,0.71424353,97.62089
1.0,0.412251,90.889854
1.0,0.51191586,71.046776
1.0,0.9819173,111.47533
1.0,0.55300254,116.5314
1.0,0.5175067,67.715034
1.0,0.5304833,80.69737
1.0,0.6434376,585.373
1.0,0.49128616,76.130615
1.0,0.4374241,75.86527
1.0,0.44816723,125.20761
1.0,0.81106913,702.9421
1.0,0.5788391,138.03065
1.0,0.2841163,118.329735
1.0,0.39746994,107.90261
1.0,0.47548795,81.68079
1.0,0.9988588,140.77939
1.0,0.431625,115.4017
1.0,0.43012106,179.98167
1.0,0.98420864,81.64083
1.0,0.52783084,92.64851
1.0,0.51412946,123.59339
1.0,0.5193781,73.433105
1.0,0.92052114,70.28028
1.0,0.6720404,373.29218
1.0,0.99453247,1399.1583
1.0,0.5400268,87.51823
1.0,0.9576948,216.7673
1.0,0.45851395,122.79696
1.0,0.99210733,13192.178
1.0,0.3381517,510.86295
1.0,0.42554906,141.16533
1.0,0.49657044,404.62885
1.0,0.54310066,160.71391
1.0,0.46307862,70.6121
1.0,0.47496444,68.614586
1.0,0.6132717,110.28495
1.0,0.491144,85.50215
1.0,0.74199796,72.63018
1.0,0.3587953,82.24457
1.0,0.4868779,147.1199
1.0,0.99778855,119.41019
1.0,0.46401766,71.95139
1.0,0.99959725,92.531555
1.0,0.6400286,79.55447
1.0,0.9999757,31675.805
1.0,0.5951655,91.172905
1.0,0.41409373,104.694855
1.0,0.47067443,68.01409
1.0,0.5865194,70.197815
1.0,0.46035418,66.94937
1.0,0.46765697,93.78902
1.0,0.5265849,66.61312
1.0,0.50938445,66.00535
1.0,0.49427304,79.635254
1.0,0.44359902,104.40226
1.0,0.42847946,83.90891
1.0,0.99999285,13342.039
1.0,0.4513556,298.35074
1.0,0.48620266,85.17902
1.0,0.9958022,135855.17
1.0,0.5199927,67.7387
1.0,0.6102337,69.63234
1.0,1.0,330.26257
1.0,0.99433666,124.85391
1.0,0.47014478,1019.2965
1.0,0.52461934,78.30917
1.0,0.5167185,67.93174
1.0,0.7026228,239.34271
1.0,0.55664617,446.16534
1.0,0.788497,151.5527
1.0,0.41046423,88.092255
1.0,0.97559154,108.62676
1.0,0.5729917,102.15816
1.0,0.9999857,30198.822
1.0,0.47911116,112.860374
1.0,0.8123823,4260.577
1.0,0.47496444,66.41145
1.0,0.9922495,106.01888
1.0,0.5561558,76.11357
1.0,0.5997358,193.19482
1.0,0.99999344,65.576775
1.0,0.48306522,78.16765
1.0,0.44918725,213.05124
1.0,0.44081432,70.557014
1.0,0.37059352,202.96814
1.0,0.50987005,161.91635
1.0,0.50973535,72.8243
1.0,0.55889976,65.23528
1.0,0.46392637,69.33764
1.0,0.38071752,80.18753
1.0,0.47890252,86.94937
1.0,0.5369121,134.1106
1.0,0.6068264,107.70317
1.0,0.74785966,152.72943
1.0,0.5084306,91.58021
1.0,0.59681803,76.39058
1.0,0.5198304,99.47382
1.0,0.9966258,76.22819
1.0,0.945785,114.431435
1.0,0.43536168,91.01068
1.0,0.94833124,2595.9858
1.0,0.6051222,247.41862
1.0,0.27157602,94.61924
1.0,0.49398637,66.6116
1.0,0.41716775,93.173035
1.0,0.40807953,77.68765
1.0,0.38882902,73.51459
1.0,0.98143333,299.7324
1.0,0.569657,84.7406
1.0,0.83271754,101.592064
1.0,0.99596584,89.23332
1.0,0.3343325,125.2741
1.0,0.6079261,86.873795
1.0,0.5284553,74.35309
1.0,0.42273206,68.32737
1.0,0.4902159,66.38747
1.0,0.59675246,70.2365
1.0,0.536908,143.70888
1.0,0.39641756,99.516426
1.0,0.3364276,251.12141
1.0,0.2948514,574.8902
1.0,0.6267614,66.07349
1.0,0.3891451,171.72008
1.0,0.6533604,145.83884
1.0,0.38044932,74.58755
1.0,0.46297956,92.806274
1.0,0.6125032,85.55751
1.0,0.5144537,97.95205
1.0,0.7432433,164.87923
1.0,0.45030817,71.20747
1.0,0.5211529,68.47994
1.0,0.36487946,73.99989
1.0,0.5471277,265.7592
1.0,0.53491867,260.88812
1.0,0.997759,302.6745
1.0,0.587723,65.24496
1.0,0.5882668,117.91498
1.0,0.41046348,87.726105
1.0,0.49387127,85.91857
1.0,0.54376936,127.97897
1.0,0.45787746,212.66818
1.0,0.8022729,127.25883
1.0,0.5124398,81.15837
1.0,0.27554223,122.55997
1.0,0.5164734,108.10408
1.0,0.39968827,93.23602
1.0,0.51011616,79.57237
1.0,0.46354172,83.0905
1.0,0.5074756,87.51852
1.0,0.6308706,76.07476
1.0,0.41537872,98.768654
1.0,0.5207229,70.84433
1.0,0.49956343,79.315445
1.0,0.65641665,798.041
1.0,0.9999976,776.0002
1.0,0.3542612,71.11221
1.0,0.4123488,86.22261
1.0,0.34633192,80.09338
1.0,0.99932766,196.75694
1.0,0.47782674,88.77664
1.0,0.48071647,82.86367
1.0,0.9976215,2806.624
1.0,0.80186003,104.313286
1.0,0.9900601,133.15309
1.0,0.582451,70.39832
1.0,0.44589478,68.59045
1.0,0.49116093,92.51823
1.0,0.48891968,570.8631
1.0,0.99977463,1124.2152
1.0,0.4437597,213.48209
1.0,0.5306521,107.260155
1.0,0.44384122,86.44098
1.0,0.50451005,66.35506
1.0,0.41650257,85.90994
1.0,0.4933216,90.12865
1.0,0.517945,288.24362
1.0,0.86534333,655.6817
1.0,0.50128204,65.427864
1.0,0.97368175,104.78916
1.0,0.7877057,180.21025
1.0,0.56639975,78.626114
1.0,0.36409742,95.37664
1.0,0.4594432,82.370026
1.0,0.49524778,73.23857
1.0,0.9994874,217.29178
1.0,0.6275655,65.1345
1.0,0.42926982,542.97943
1.0,0.9128075,202.76746
1.0,0.47006473,103.384186
1.0,0.8056844,261.53085
1.0,0.7315445,692.41144
1.0,0.5576154,72.2263
1.0,0.5048237,834.6355
1.0,0.53854495,137.08601
1.0,0.4259585,146.64078
1.0,0.99476916,94.720924
1.0,0.4446988,173.61273
1.0,0.5398518,552.1157
1.0,0.47116867,120.25085
1.0,0.3818392,74.849785
1.0,0.56330407,109.66623
1.0,0.8893915,86.58075
1.0,0.5608645,3731.5984
1.0,0.9999367,7591.4517
1.0,0.7730738,102.820045
1.0,0.48504287,77.38713
1.0,0.4932232,110.103226
1.0,0.40052396,70.93691
1.0,0.9996438,203.82727
1.0,0.41148755,94.83735
1.0,0.93888426,99.59447
1.0,0.5280688,92.349045
1.0,0.741468,4033.286
1.0,0.7349987,68.7066
1.0,0.5440505,141.46642
1.0,0.49603766,75.03995
1.0,0.541079,4.2795697e+09
1.0,0.52136636,158.26231
1.0,0.49255735,66.50768
1.0,0.5610315,73.7413
1.0,0.4229524,84.26871
1.0,0.6152931,852.0236
1.0,0.49888492,92.43294
1.0,0.6012644,172.91049
1.0,0.39147836,266.90622
1.0,0.4000405,339.59705
1.0,0.5205845,86.937416
1.0,0.95433503,277.30936
1.0,0.5707776,82.25613
1.0,0.48319316,98.190994
1.0,0.97079957,2375.1494
1.0,0.4293691,102.39606
1.0,0.47494435,72.32725
1.0,0.47024223,121.00851
1.0,0.65279335,87.45058
1.0,0.4904815,66.013245
1.0,0.5460431,90.323204
1.0,0.44416308,178.31085
1.0,0.8395889,1250.0432
1.0,0.36493602,124.5834
1.0,0.5084956,92.24947
1.0,0.99653375,1376.6001
1.0,0.99995124,400.79953
1.0,0.64840245,246.88878
1.0,0.8656018,4516.6895
1.0,0.48822,78.27545
1.0,0.99923337,103398.89
1.0,0.2826973,170.48555
1.0,0.5055692,426.1934
1.0,0.40061837,291.53867
1.0,0.5105911,136.7242
1.0,0.3694864,79.14868
1.0,0.49493617,86.1544
1.0,0.6833182,6148.7373
1.0,0.558843,104.22038
1.0,0.53959113,83.16023
1.0,0.43954843,102.799675
1.0,0.51268125,89.28588
1.0,0.4719597,137.1195
1.0,0.7328567,496.44687
1.0,0.42288277,97.19384
1.0,0.9999993,178.13318
1.0,0.35637018,73.827034
1.0,0.6982497,243.46643
1.0,0.52311075,99.12404
1.0,0.60398006,102.77129
1.0,0.9737801,93.61222
1.0,0.472244,89.99155
1.0,0.51033753,96.304596
1.0,0.3430468,71.360664
1.0,0.48114184,88.14849
1.0,0.7783461,124.44054
1.0,0.49516365,164.75471
1.0,0.46585613,119.73098
1.0,0.49882433,102.10428
1.0,0.641532,108.958
1.0,0.6199571,434.6448
1.0,0.48203477,67.123886
1.0,0.38684013,118.78338
1.0,0.39160514,162.34135
1.0,0.5527486,103.82504
1.0,0.37649837,79.42569
1.0,0.48520374,95.13988
1.0,0.52873737,66.39395
1.0,0.47327873,78.09958
1.0,0.5574019,77.78094
1.0,0.47835732,66.91094
1.0,0.92765284,28782.682
1.0,0.47605473,111.06691
1.0,0.4801839,905.4095
1.0,0.5033089,144.73648
1.0,0.6386959,389.18863
1.0,0.5128089,104.28237
1.0,0.48294896,77.81344
1.0,0.33801284,80.665344
1.0,0.560861,79.26595
1.0,0.5960816,69.09574
1.0,0.9371805,278.32602
1.0,0.4119136,135.9226
1.0,0.41300756,69.002
1.0,0.88123506,118.04367
1.0,0.9995309,297.8006
1.0,0.53493774,139.15984
1.0,0.48505887,81.6703
1.0,0.49844712,206.06825
1.0,0.88070136,932.714
1.0,0.5090576,118.61135
1.0,0.6981888,91.09751
1.0,0.9600656,3478.5466
1.0,0.54942274,118.49387
1.0,0.86759555,634.7772
1.0,0.4865222,91.84043
1.0,0.43150863,85.13721
1.0,0.65671295,183.89018
1.0,0.5923814,65.96496
1.0,0.44110155,190.28714
1.0,0.4863551,71.67283
1.0,0.44880533,85.835365
1.0,0.46067086,77.89811
1.0,0.33998695,251.25407
1.0,0.4491726,97.32347
1.0,0.99976414,67.605576
1.0,0.5560067,258.83868
1.0,0.5991912,118.72894
1.0,0.9981128,1390.362
1.0,0.4844139,100.4342
1.0,0.39985105,145.7516
1.0,0.49901655,68.73482
1.0,0.45202214,80.510414
1.0,0.38809976,72.48754
1.0,0.49364558,65.208305
1.0,0.6762264,67.85063
1.0,0.5406255,91.784836
1.0,0.997497,6026.4688
1.0,0.77137536,837.5437
1.0,0.42667457,77.15224
1.0,0.99757737,258.21832
1.0,0.33914077,89.98883
1.0,0.2555716,313.9824
1.0,0.5504193,68.27577
1.0,0.5773736,76.676476
1.0,0.99982136,207.02515
1.0,0.7817407,152.24634
1.0,0.49276352,77.94857
1.0,0.5129645,85.43093
1.0,0.42921197,253.14073
1.0,0.4864505,91.09596
1.0,0.6051203,159.8838
1.0,0.5032653,189.83752
1.0,0.5503421,75.86514
1.0,0.84929824,11593.466
1.0,0.99874747,887.4346
1.0,0.33571202,109.998886
1.0,0.7541754,69.44846
1.0,0.45212412,390.64615
1.0,0.46377113,75.1459
1.0,0.52932733,70.99564
1.0,0.43333706,174.07933
1.0,0.6126427,71.88858
1.0,0.98667604,86.06902
1.0,0.9120479,926.85834
1.0,0.54477257,69.6936
1.0,0.45477206,176.07791
1.0,0.9943039,7940.084
1.0,0.49233267,91.88335
1.0,0.58644396,54224.934
1.0,0.3423802,81.266045
1.0,0.9999987,124.51878
1.0,0.38154504,104.03329
1.0,0.5790704,144.04883
1.0,0.97146726,582.5247
1.0,0.46541318,71.90419
1.0,0.46499622,150.08704
1.0,0.5479362,132.23618
1.0,0.39034608,95.619606
1.0,0.61520565,431.17548
1.0,0.49242386,65.55295
1.0,0.38950375,93.15504
1.0,0.9998586,388.76987
1.0,0.45000887,82.98715
1.0,0.53398144,86.74805
1.0,0.51958567,69.22276
1.0,0.57730854,88.00041
1.0,0.51774204,2941.7192
1.0,0.5436385,85.21855
1.0,0.4922424,68.66829
1.0,0.47762412,153.01596
1.0,0.86629677,82.09291
1.0,0.50113094,97.38678
1.0,0.57826436,112.41411
1.0,0.98511666,2550.5193
1.0,0.4578976,136.81918
1.0,0.5355881,101.922264
1.0,0.39069572,153.7114
1.0,0.9490271,70.973564
1.0,0.3661386,85.82255
1.0,0.51282233,65.54398
1.0,0.55722433,243.72586
1.0,0.5326225,75.19316
1.0,0.39709798,89.66912
1.0,0.47496444,135.9282
1.0,0.48974392,151.22815
1.0,0.64890474,73.36871
1.0,0.5204264,68.09154
1.0,0.3526641,79.457
1.0,0.3041544,71.71223
1.0,0.99998534,28349.86
1.0,0.43343267,82.06714
1.0,0.37358588,70.8446
1.0,0.5146036,197.79858
1.0,0.99380577,72.42875
1.0,0.44940898,197.07607
1.0,0.92118293,7517.1357
1.0,0.65270936,111.40699
1.0,0.70241576,74.79889
1.0,0.49887398,136.82977
1.0,0.5085501,122.094246
1.0,0.35155433,66.77658
1.0,0.39376858,115.36807
1.0,0.4261094,70.916275
1.0,0.35284176,306.0416
1.0,0.5100911,85.42272
1.0,0.6996827,289.6702
1.0,0.999559,282.82828
1.0,0.36609614,82.63609
1.0,0.4930717,72.509865
1.0,0.4853377,98.779366
1.0,0.69288856,86.67596
1.0,0.5133578,65.4267
1.0,0.99484986,2182.1462
1.0,0.85463166,83.31331
1.0,0.5254549,82.30898
1.0,0.4969717,115.001884
1.0,0.46124908,101.28433
1.0,0.58379275,90.06162
1.0,0.50126433,467.0245
1.0,0.51568836,77.40646
1.0,0.99727935,851.37976
1.0,0.5140966,85.45142
1.0,0.41275498,121.21275
1.0,0.4258917,123.08732
1.0,0.2991868,74.40372
1.0,0.46954,67.39941
1.0,0.47700468,135.72314
1.0,0.56910896,82.027954
1.0,0.4316554,83.75999
1.0,0.49868798,86.47686
1.0,0.34411076,104.80613
1.0,0.9999652,6143.798
1.0,0.45441267,213.80157
1.0,0.47475106,103.200066
1.0,0.24651524,86.11322
1.0,0.44593093,182.95775
1.0,0.3437298,72.04365
1.0,0.7416449,73.2112
1.0,0.4993424,75.60989
1.0,0.6417173,524.7306
1.0,0.4348225,206.70116
1.0,0.31003043,413.64264
1.0,0.4586416,133.2238
1.0,0.4847492,101.38903
1.0,0.3917877,84.60023
1.0,0.5029182,71.60898
1.0,0.42701748,106.98006
1.0,0.64194643,187.3736
1.0,0.49215218,102.74382
1.0,0.353672,77.66079
1.0,0.3572937,147.96243
1.0,0.4577228,72.90986
1.0,0.42401996,316.38177
1.0,0.99954176,10266.223
1.0,0.9999393,8913.254
1.0,0.4287376,337.33908
1.0,0.5213302,206.48975
1.0,0.38733083,82.94711
1.0,0.47558382,90.584404
1.0,0.48586777,265.3194
1.0,0.37767604,67.01027
1.0,0.51697254,122.774445
1.0,0.3762369,147.59402
1.0,0.46585757,89.49798
1.0,0.2937883,218.46504
1.0,0.4517691,143.39388
1.0,0.437681,124.50354
1.0,0.7281673,276.0543
1.0,0.7223245,260.07974
1.0,0.5094575,86.11927
1.0,0.5429773,662.54425
1.0,0.46273535,73.53174
1.0,0.49270776,74.97752
1.0,0.3253654,99.0229
1.0,0.998692,1308.0773
1.0,0.5494986,113.65885
1.0,0.7507849,128.62424
1.0,0.44433522,68.461655
1.0,0.405718,96.34676
1.0,0.9997327,92.7586
1.0,0.9999887,109.7223
1.0,0.81619555,860.0932
1.0,0.46929517,66.92916
1.0,0.48727286,114.42176
1.0,0.512124,68.95031
1.0,0.7084419,69.20652
1.0,0.3420723,71.912025
1.0,0.5168131,84.013596
1.0,0.60288733,78.34387
1.0,0.4860151,107.7603
1.0,0.30670702,86.805145
1.0,0.35782644,70.57931
1.0,0.48219696,157.07623
1.0,0.39132023,80.29387
1.0,0.46693465,117.02106
1.0,0.48991615,75.06623
1.0,0.55053407,71.32706
1.0,0.33318406,106.90743
1.0,0.3407289,233.38797
1.0,0.75432736,246.7209
1.0,0.5437405,65.15159
1.0,0.6056543,167.75885
1.0,0.5029759,124.143585
1.0,0.46415466,140.4601
1.0,0.49617088,65.944756
1.0,0.6100639,71.05376
1.0,0.43919227,114.22877
1.0,0.48535746,79.40027
1.0,0.7713996,103.94309
1.0,0.39878976,96.11321
1.0,0.97831285,294.4133
1.0,0.43259344,290.79956
1.0,0.72036016,179.88419
1.0,0.5455416,88.08122
1.0,0.7415694,122.26656
1.0,0.32017297,153.38214
1.0,0.3560592,66.147255
1.0,0.4832437,127.87349
1.0,0.530029,74.051094
1.0,0.55815923,93.869835
1.0,0.4621897,97.80541
1.0,0.5847422,260.3952
1.0,0.48347843,79.82237
1.0,0.5966536,102.446266
1.0,0.48731843,75.87977
1.0,0.7462303,88.7314
1.0,0.8689897,66.453285
1.0,0.508711,129.38747
1.0,0.47747785,95.1488
1.0,0.99991345,237.00034
1.0,0.4146188,124.892166
1.0,0.34094185,117.60841
1.0,0.5399935,203.35338
1.0,0.49109364,139.62488
1.0,0.4996024,77.980606
1.0,0.548267,96.554726
1.0,0.97441,7751.312
1.0,0.41702744,75.938896
1.0,0.7789307,143.20226
1.0,0.5091086,161.77171
1.0,0.65977263,101.53636
1.0,0.48013887,111.37464
1.0,0.9999167,66.517815
1.0,0.4701845,85.218506
1.0,0.5048282,127.717606
1.0,0.49402893,100.50667
1.0,0.4602698,66.3166
1.0,0.41076708,77.02902
1.0,0.8457392,105.775475
1.0,0.4310584,67.63215
1.0,0.5688353,149.03346
1.0,0.5456776,366.25708
1.0,0.47928795,79.51041
1.0,0.5165851,84.89987
1.0,0.79155093,114.7696
1.0,0.5406555,76.887764
1.0,0.598632,108.16291
1.0,0.46213144,94.96345
1.0,0.6161111,965.6975
1.0,0.43997154,88.505005
1.0,0.83195096,260.2827
1.0,0.59692794,117.82982
1.0,0.3327306,306.2431
1.0,0.34893572,1.5651269e+08
1.0,0.91941565,1352.7499
1.0,0.95773745,110.370285
1.0,0.5103602,223.38713
1.0,0.56362826,78.239174
1.0,0.7976292,390.98297
1.0,0.4491967,249.46759
1.0,0.6201913,302.71188
1.0,0.6353422,67.30015
1.0,0.52870166,168.28601
1.0,0.46447974,68.63461
1.0,0.42831144,228.62148
1.0,0.49961644,7284.7373
1.0,0.4983306,97.08012
1.0,0.5563899,68.23475
1.0,0.5859472,96.82913
1.0,0.4050205,570.134
1.0,0.43302533,77.010925
1.0,0.44226366,65.940155
1.0,0.27138075,87.27337
1.0,0.38322458,256.98334
1.0,0.47805092,122.993965
1.0,0.502833,104.862305
1.0,0.42927817,71.85035
1.0,0.5320815,91.80544
1.0,0.58790594,290.843
1.0,0.43482563,132.59572
1.0,0.39675656,73.33793
1.0,0.8275285,433.76782
1.0,0.16147332,294.0121
1.0,0.3509472,75.857605
1.0,0.4237844,73.20278
1.0,0.40586996,71.89246
1.0,0.55897826,74.42358
1.0,0.5345378,87.77403
1.0,0.4786293,72.46114
1.0,0.49630624,78.479256
1.0,0.049059708,79.57324
1.0,0.4770048,79.35604
1.0,0.86888146,6578.562
1.0,0.5438736,83.9127
1.0,0.52840734,86.174416
1.0,0.8249962,122.94968
1.0,0.5312912,178.6793
1.0,0.5108951,69.95436
1.0,0.35936972,136.56404
1.0,0.51964104,104.642624
1.0,0.39496613,177.09212
1.0,0.99977356,1750.0726
1.0,0.72513634,713.5377
1.0,0.77257496,70.124
1.0,0.4888202,98.67722
1.0,0.49200925,67.68033
1.0,0.41716582,67.61318
1.0,0.5349998,129.51353
1.0,0.53340685,98.69513
1.0,0.5269863,141.86664
1.0,0.99999976,20665.01
1.0,0.5827157,71.474014
1.0,0.5248198,84.6708
1.0,0.5425823,147.27579
1.0,0.5707581,68.48427
1.0,0.5573412,143.00797
1.0,0.56488776,68.682106
1.0,0.4848293,73.8871
1.0,0.53753006,117.605316
1.0,0.47735167,762.4736
1.0,0.49077883,118.31142
1.0,0.37480125,67.3894
1.0,0.49887043,67.727234
1.0,0.45410764,101.04419
1.0,0.9676301,1867.4667
1.0,0.48616433,80.232574
1.0,0.99985266,2366.945
1.0,0.40254888,304.89456
1.0,0.48794717,452.4785
1.0,0.4023728,218.34969
1.0,0.3747134,364.11975
1.0,0.64637256,146.06703
1.0,0.9991316,454.04486
1.0,0.4911417,85.0485
1.0,0.8191118,625.1686
1.0,0.386333,125.842415
1.0,0.97616017,13249.836
1.0,0.68136185,215.47833
1.0,0.5194915,644.70526
1.0,0.6185157,75.15959
1.0,0.39317894,92.105865
1.0,0.4831643,75.849884
1.0,0.49747726,75.68156
1.0,0.50117135,148.1388
1.0,0.19387333,312.88083
1.0,0.48392507,88.92787
1.0,0.4943071,84.155304
1.0,0.5025178,202.69467
1.0,0.601365,115.30387
1.0,0.35876772,165.55077
1.0,0.36442932,218.9245
1.0,0.47459522,82.18513
1.0,0.4053398,168.78415
1.0,0.5144754,217.46219
1.0,0.53595877,116.384544
1.0,0.48960203,73.15648
1.0,0.7365864,105.474815
1.0,0.522611,301.29883
1.0,0.5185156,75.04695
1.0,0.46252087,81.72074
1.0,0.711504,81.088165
1.0,0.39171323,137.5405
1.0,0.52754456,104.28569
1.0,0.34678715,131.70694
1.0,0.5292762,112.659134
1.0,0.57584536,75.85777
1.0,0.5875674,457.2233
1.0,0.9489149,145.62427
1.0,0.597449,74.58008
1.0,0.9122691,4.821252e+07
1.0,0.9418165,185.19067
1.0,0.43756622,198.03653
1.0,0.60430115,69.92272
1.0,0.5093397,278.1473
1.0,0.5971216,76.4237
1.0,0.2569992,399.78143
1.0,0.48069254,91.99762
1.0,0.9990403,823.18384
1.0,0.52548575,286.78897
1.0,0.8038834,687.79517
1.0,0.46429834,324.01794
1.0,0.95228755,164.00662
1.0,0.61199033,88.29568
1.0,0.9666775,304.01425
1.0,0.47301772,279.71075
1.0,0.3852979,104.11453
1.0,0.93615353,78.77143
1.0,0.44864923,282.8848
1.0,0.46751633,99.0029
1.0,0.59210026,97.96189
1.0,0.6644558,76.6858
1.0,0.99817634,82.000534
1.0,0.5143677,136.29254
1.0,0.49677816,167.21077
1.0,0.4058776,69.34748
1.0,0.52039534,111.03277
1.0,0.61841995,114.89467
1.0,0.6177987,91.43561
1.0,0.6860419,372.06503
1.0,0.6101036,86.85157
1.0,0.47071487,73.707954
1.0,0.4474502,88.940445
1.0,0.9993741,3817.833
1.0,0.6739152,97.10776
1.0,0.9672304,121.90765
1.0,0.5046284,533.8894
1.0,0.41628802,74.474884
1.0,0.50879884,127.951996
1.0,0.864064,173.61922
1.0,0.61055577,86.45094
1.0,0.4776214,66.356895
1.0,0.47245172,89.40617
1.0,0.5052786,122.04848
1.0,0.6515695,66.38984
1.0,0.4340862,216.06218
1.0,0.28327248,78.64437
1.0,0.418721,94.7994
1.0,0.4592072,82.23665
1.0,0.44044542,284.12695
1.0,0.57914466,77.88314
1.0,0.364889,71.32788
1.0,0.4945852,151.48257
1.0,0.73608,480.06567
1.0,0.46403065,75.674095
1.0,0.41705045,285.89297
1.0,0.9858926,89.264755
1.0,0.55937743,84.452156
1.0,0.57485056,124.552765
1.0,0.5852892,89.124664
1.0,0.3375281,171.35875
1.0,0.62988204,66.65811
1.0,0.99999976,292.8939
1.0,0.54587054,278.0629
1.0,0.5035151,138.93259
1.0,0.49010432,66.51003
1.0,0.47857144,1.9941681e+06
1.0,0.46567407,112.836525
1.0,0.39203513,969.2555
1.0,0.7321278,83.95665
1.0,0.5558483,151.50504
1.0,0.49716645,247.12581
1.0,0.5255872,70.123344
1.0,0.49658078,91.22943
1.0,0.31986114,73.96592
1.0,0.54541534,109.591545
1.0,0.537333,67.11317
1.0,0.49084634,71.10761
1.0,0.48236382,925.4906
1.0,0.44826084,106.770424
1.0,0.40532494,69.93113
1.0,0.99996305,26538.758
1.0,0.34519407,76.21768
1.0,0.8141889,297.58487
1.0,0.63661575,106.924576
1.0,0.6783568,75.17919
1.0,0.43669978,84.208755
1.0,0.47496444,155.20819
1.0,0.7849666,449448.5
1.0,0.9999969,2029.2959
1.0,0.9997485,22407.371
1.0,0.35694972,108.07791
1.0,0.48301354,690.27356
1.0,0.5605721,85.588425
1.0,0.4292929,83.69568
1.0,0.6403668,77.62829
1.0,0.29950514,226.01682
1.0,0.51460755,1343.6005
1.0,0.99819785,1359.771
1.0,0.99933064,2801.5671
1.0,0.728827,292.9442
1.0,0.47496444,270.43155
1.0,0.53830284,73.470795
1.0,0.5264463,463.20212
1.0,0.495603,118.74269
1.0,0.5039301,145.6078
1.0,0.3167378,6.6683515e+10
1.0,0.46903577,72.22081
1.0,0.44870767,151.33205
1.0,0.5086897,75.72637
1.0,0.96582174,118.14617
1.0,0.6096672,88.687546
1.0,0.3890284,119.85909
1.0,0.43899253,129.82063
1.0,0.97976065,2276.8772
1.0,0.44224745,89.53127
1.0,0.94866604,11475.838
1.0,0.5358081,104.153755
1.0,0.46949562,91.97732
1.0,0.51756334,77.24799
1.0,0.38046896,89.128746
1.0,0.4922291,67.2105
1.0,0.9462095,92.11734
1.0,0.981723,822.1306
1.0,0.9926462,463.9129
1.0,0.5254096,152.40665
1.0,0.83941495,1363.9076
1.0,0.45538467,80.33388
1.0,0.48703855,67.4621
1.0,0.43649277,117.64503
1.0,0.5043718,101.84474
1.0,0.9999815,21999.58
1.0,0.66238153,115.103195
1.0,0.9892982,3336.258
1.0,0.48682907,134.7912
1.0,0.35680893,104.95491
1.0,0.45963493,125.64023
1.0,0.4934309,90.356285
1.0,0.8937982,71.51738
1.0,0.554684,96.171135
1.0,0.40701252,175.17894
1.0,0.5053672,86.94916
1.0,0.5143851,77.97328
1.0,0.69315875,66.734474
1.0,0.48667914,108.02975
1.0,0.48570967,4.9925485e+10
1.0,0.51640916,73.74596
1.0,0.50705004,106.59057
1.0,0.50945276,147.58617
1.0,0.49651924,370.0685
1.0,0.5580637,247.79501
1.0,0.47496444,76.60703
1.0,0.8465799,425.28073
1.0,0.5959985,82.87515
1.0,0.952416,281.93164
1.0,0.7879827,173.5769
1.0,0.4756274,70.348175
1.0,0.9996997,122.2428
1.0,0.73965853,10567.981
1.0,0.59642774,91.64763
1.0,0.57447743,107.0582
1.0,0.57948333,75.20813
1.0,0.5076738,95.62139
1.0,0.44132692,72.895096
1.0,0.5778993,87.16841
1.0,0.9998317,101.9751
1.0,0.8366407,83.94978
1.0,0.642356,115.855446
1.0,0.4474207,90.63997
1.0,0.5517532,89.31064
1.0,0.9999443,66.84232
1.0,0.49027148,104.60564
1.0,0.6253015,327.56546
1.0,0.4520562,79.32651
1.0,0.7999477,91.68721
1.0,0.5430063,97.47533
1.0,0.48680353,68.045616
1.0,0.89854795,3206.657
1.0,0.34377456,98.59032
1.0,0.41557837,79.89537
1.0,0.42596972,109.91975
1.0,0.53308374,124.54271
1.0,0.47185457,92.0661
1.0,0.4922419,190.78021
1.0,0.9947184,496.7544
1.0,0.991377,175.28139
1.0,0.9998976,696.6777
1.0,0.49210644,94.75975
1.0,0.43976513,68.28886
1.0,0.55236137,73.29251
1.0,0.5289938,94.530014
1.0,0.5245708,66.71061
1.0,0.99991417,20098.848
1.0,0.5792717,83.810905
1.0,0.47531477,733.9281
1.0,0.5277016,85.616806
1.0,0.48748207,201.5905
1.0,0.4140043,65.59827
1.0,0.9993362,248.10619
1.0,0.9938444,10393.2705
1.0,0.50980335,76.69281
1.0,0.51233107,66.6677
1.0,0.5130383,66.20987
1.0,0.5328578,102.715454
1.0,0.55975896,80.70313
1.0,0.43715748,354.20654
1.0,0.43970788,87.847115
1.0,0.52478623,196.156
1.0,0.4034882,74.58825
1.0,0.4936588,69.266785
1.0,0.38468072,125.84539
1.0,0.93488497,97.837555
1.0,0.44085962,151.42894
1.0,0.6968741,87.41569
1.0,0.7476137,658.47906
1.0,0.3098157,92.06315
1.0,0.51760113,71.16996
1.0,0.41358206,67.62369
1.0,0.4044583,246.65862
1.0,0.37597632,121.69822
1.0,0.4969661,65.134964
1.0,0.41704175,380.40417
1.0,0.5171152,90.26556
1.0,0.71837074,72.1027
1.0,0.8669988,104.20969
1.0,0.60359704,111.64847
1.0,0.6482717,198810.16
1.0,0.75297904,526.2318
1.0,0.50541407,68.31417
1.0,0.91296566,103.095985
1.0,0.51872694,131.75409
1.0,0.4842145,141.79811
1.0,0.56380266,126.425804
1.0,0.34428158,109.31556
1.0,0.45831004,143.0989
1.0,0.41683817,75.04992
1.0,0.48896047,69.14826
1.0,0.45171955,124.95499
1.0,0.5063149,85.42204
1.0,0.99391586,98.57609
1.0,0.3461266,80.170364
1.0,0.35518843,116.05679
1.0,0.6808373,433.72235
1.0,0.5352497,177.4631
1.0,0.48280293,73.46343
1.0,0.5252491,68.33484
1.0,0.39199373,66.46912
1.0,0.6452249,340.23825
1.0,0.47739574,106.614975
1.0,0.5231448,96.935394
1.0,0.34630555,286.03
1.0,0.39625406,682.4543
1.0,0.997352,2096.0117
1.0,0.45330673,88.005005
1.0,0.98880833,94.97161
1.0,0.5337455,69.31043
1.0,0.42545295,74.03149
1.0,0.43543726,100.32299
1.0,0.5750296,646.7439
1.0,0.872387,327.5678
1.0,0.3730514,69.07016
1.0,0.46845496,95.32646
1.0,0.58512783,106407.63
1.0,0.5718501,478.69403
1.0,0.9478044,82.923874
1.0,0.45173475,94.6719
1.0,0.9612315,80.93633
1.0,0.35500452,122.52391
1.0,0.46048442,83.82935
1.0,0.50122476,95.09533
1.0,0.8430104,266.891
1.0,0.49906784,242.58469
1.0,0.9999939,1611.0781
1.0,0.44802555,90.06479
1.0,0.87537515,89.63765
1.0,0.7581941,740.673
1.0,0.486546,76.042
1.0,0.50250995,186.85034
1.0,0.5033826,75.50787
1.0,0.9999968,112.164696
1.0,0.47496444,1048.6218
1.0,0.50164604,88.713936
1.0,0.57391447,120.085655
1.0,0.55011106,152.92635
1.0,0.5622469,264.77737
1.0,0.62373435,262.87555
1.0,0.32480514,96.25911
1.0,0.4257009,93.46356
1.0,0.5063852,94.72371
1.0,0.6910048,76.20112
1.0,0.5044477,125.061424
1.0,0.35675746,201.78337
1.0,0.5195384,218.4955
1.0,0.9801744,65.4464
1.0,0.5273103,124.6833
1.0,0.80474293,449.59088
1.0,0.96829516,89.39569
1.0,0.4868984,108.55117
1.0,0.5147882,76.40738
1.0,0.9537361,1011.382
1.0,0.48002535,214.78813
1.0,0.49373332,108.16558
1.0,0.56829774,420.9263
1.0,0.5145302,167.46762
1.0,0.40195414,304.4311
1.0,0.4568833,70.3639
1.0,0.64139295,73.1081
1.0,0.6801799,86.642654
1.0,0.59518284,145.11353
1.0,0.32313117,97.31754
1.0,0.8376137,328.35028
1.0,0.51583815,72.37346
1.0,0.5966338,68.79431
1.0,0.5064963,198.44856
1.0,0.5052325,76.30229
1.0,0.34302345,677.82733
1.0,0.44630635,154.77425
1.0,0.36339158,121.45281
1.0,0.9999982,163.73781
1.0,0.42293835,85.41958
1.0,0.6916183,540.60535
1.0,0.5025414,67.40838
1.0,0.59382874,68.2952
1.0,0.52897173,94.93671
1.0,0.48092204,112.852325
1.0,0.96741575,67.37993
1.0,0.48463106,72.641785
1.0,0.5435991,240.8736
1.0,0.4681826,90.31084
1.0,0.66028124,88.91423
1.0,0.49007422,100.524216
1.0,0.38165787,133.86792
1.0,0.56217074,193.77202
1.0,0.4085999,82.33533
1.0,0.99953437,116.032715
1.0,0.50286704,133.0852
1.0,0.9997236,33506.26
1.0,0.8848834,88.60297
1.0,0.5739269,116.128876
1.0,0.99222225,357.37875
1.0,0.67990464,375.23834
1.0,0.59349316,74.70221
1.0,0.6435571,514.7804
1.0,0.6216969,181.57083
1.0,0.43991205,86.84614
1.0,0.51621985,68.57174
1.0,0.5319605,117.876015
1.0,0.9999999,68.40136
1.0,0.5117627,67.2196
1.0,0.53347147,120.81196
1.0,0.57953894,67.966446
1.0,0.57370067,72.64621
1.0,0.6421005,806.8351
1.0,0.44030628,136.8059
1.0,0.4545495,89.431526
1.0,0.47531575,89.64525
1.0,0.56305397,68.76371
1.0,0.99990404,5574.7524
1.0,0.9999819,813.28906
1.0,0.5413033,96.86119
1.0,0.50136244,95.65369
1.0,0.77796906,163.55634
1.0,0.42553866,351.30133
1.0,0.4502533,271.2313
1.0,0.6975036,72.3998
1.0,0.37211224,183.28546
1.0,0.24870168,215.16838
1.0,0.4611354,87.96675
1.0,0.4886736,65.0627
1.0,0.5013895,69.151886
1.0,0.4982812,74.96429
1.0,0.5114971,130.35396
1.0,0.45493275,109.07691
1.0,0.4775604,80.48925
1.0,0.4729534,177.37866
1.0,0.45085078,86.06066
1.0,0.47798413,138.22098
1.0,0.56282645,100.40636
1.0,0.84121317,72.522804
1.0,0.614091,66.741066
1.0,0.47207963,89.23301
1.0,0.46983618,66.67919
1.0,0.76348287,302.60672
1.0,0.31704396,65.60365
1.0,0.48884934,141.82661
1.0,0.5203021,277.81647
1.0,0.6300928,69.69886
1.0,0.3869566,96.66284
1.0,0.42631114,80.422905
1.0,0.9974717,16213.954
1.0,0.5794608,438.7356
1.0,0.46070668,122.61892
1.0,0.5665692,141.71991
1.0,0.47143093,90.23524
1.0,0.52801603,95.74699
1.0,0.5218383,146.37865
1.0,0.7484521,481.57022
1.0,0.49177837,184.39796
1.0,0.42644292,67.431046
1.0,0.5329574,67.52829
1.0,0.5238172,90.31054
1.0,0.3584458,161.05908
1.0,0.7991779,612.71747
1.0,0.45462817,380.51947
1.0,0.43961054,92.097824
1.0,0.4465271,105.86116
1.0,0.68142813,5.925319e+07
1.0,0.7383162,77.61808
1.0,0.8741935,237.51637
1.0,0.9992551,71.09625
1.0,0.6244449,79.248055
1.0,0.63912237,200.10056
1.0,0.49888235,67.27056
1.0,0.63936406,84359.336
1.0,0.5581582,260.72305
1.0,0.4464176,195.64247
1.0,0.8586872,185.69572
1.0,0.35430905,95.552025
1.0,0.9772256,1623.3566
1.0,0.4535225,70.5163
1.0,0.9991155,181.37337
1.0,0.5091979,130.55835
1.0,0.40291423,224.37222
1.0,0.99998915,237.48209
1.0,0.66986126,189.09145
1.0,0.5711948,83.95181
1.0,0.35140854,125.68921
1.0,0.47717497,66.24541
1.0,0.4375423,68.18327
1.0,0.43012798,301.1186
1.0,0.5156916,114.86478
1.0,0.5510598,75.45568
1.0,0.7156282,1.4964285e+06
1.0,0.49599567,69.04707
1.0,0.5199042,131.60133
1.0,0.5164663,75.13884
1.0,0.6830727,402.67526
1.0,0.47519898,65.96845
1.0,0.38088384,103.90806
1.0,0.8110762,1853.6838
1.0,0.47951397,73.958466
1.0,0.51044154,68.83458
1.0,0.42898327,69.16601
1.0,0.7256882,766.24133
1.0,0.52108663,70.09421
1.0,0.36113143,78.04652
1.0,0.5246004,185.72438
1.0,0.4676771,69.04175
1.0,0.48996994,81.98149
1.0,0.4788777,94.71609
1.0,0.5404549,100.25461
1.0,0.9140025,86.26998
1.0,0.99979156,79.061874
1.0,0.48690948,85.92758
1.0,0.99972767,67796.73
1.0,0.5102753,85.36199
1.0,0.60080606,113.71646
1.0,0.5866733,412.4155
1.0,0.59593225,70.24697
1.0,0.49887475,70.56157
1.0,0.38036495,68.502014
1.0,0.31966782,184.9712
1.0,0.57489944,161.75137
1.0,0.88690037,7.632144e+07
1.0,0.99956805,207.49757
1.0,0.4230071,149.87354
1.0,0.324008,144.34125
1.0,0.478684,83.89894
1.0,0.46434003,86.27147
1.0,0.66076684,77.4224
1.0,0.99745554,68.10679
1.0,0.9377704,442.03076
1.0,0.94787526,7680.535
1.0,0.43565565,69.07648
1.0,0.8664096,186.19868
1.0,0.48765227,67.08193
1.0,0.4235051,216.69295
1.0,0.3495328,106.61679
1.0,0.3763821,164.31267
1.0,0.9620633,211.77599
1.0,0.45997256,128.5561
1.0,0.41609532,667.5963
1.0,0.3255585,88.52124
1.0,0.60312694,73.433556
1.0,0.52033097,71.329254
1.0,0.46250832,99.04258
1.0,0.52245843,94.788864
1.0,0.46631715,115.97343
1.0,0.5244762,103.28792
1.0,0.49730697,112.25735
1.0,0.5824082,79.702896
1.0,0.5380509,112.103874
1.0,0.47042114,94.2828
1.0,0.9756361,135.37163
1.0,0.58782065,121.82055
1.0,0.41567108,116.67479
1.0,0.33601788,68.893745
1.0,0.55097705,86.54299
1.0,0.5890974,334.18674
1.0,0.48681766,268.9119
1.0,0.48116305,483.2429
1.0,0.47496444,68.18505
1.0,0.51631963,127.40332
1.0,0.51614016,90.34535
1.0,0.327269,83.74086
1.0,0.33216032,150.53313
1.0,0.693982,86.44413
1.0,0.870533,1133.4624
1.0,0.4641444,66.84689
1.0,0.3809065,654.6167
1.0,0.50796294,84.349846
1.0,0.4755533,93.96316
1.0,0.44933158,112.22025
1.0,0.37775815,94.69329
1.0,0.58651316,110.73127
1.0,0.99991584,84.13101
1.0,0.49130774,136.42917
1.0,0.6434104,80.70198
1.0,0.554207,82.613235
1.0,0.57024115,77.74034
1.0,0.3166093,98.96279
1.0,0.54314584,127.70989
1.0,0.3398191,6545.589
1.0,0.5024439,331.27402
1.0,0.314162,80.00153
1.0,0.3537108,70.616325
1.0,0.53964305,78.40459
1.0,0.4847205,69.51834
1.0,0.7913119,327.23602
1.0,0.4358068,119.52188
1.0,0.46373022,86.89559
1.0,0.99946004,88.37746
1.0,0.40522978,523.03174
1.0,0.40413478,78.73911
1.0,0.48465028,71.5475
1.0,0.5581472,88.34326
1.0,0.12341409,639.8511
1.0,0.46387234,101.47986
1.0,0.8108159,65.903534
1.0,0.43873695,137.9708
1.0,0.9818819,345.90295
1.0,0.34899583,207.34715
1.0,0.340264,76.57119
1.0,0.49580747,332.26648
1.0,0.41188568,185.44319
1.0,0.8528908,96.546326
1.0,0.5729651,123.80438
1.0,0.30348188,334.59924
1.0,0.43179804,74.78017
1.0,0.5028096,164.60411
1.0,0.63553405,76.54278
1.0,0.48164082,98.43402
1.0,0.53366166,65.86986
1.0,0.44351813,193.93825
1.0,0.98287845,229.0818
1.0,0.5163068,68.38407
1.0,0.51332664,257.1973
1.0,0.540491,131.32867
1.0,0.9979473,68.0722
1.0,0.31878954,228.89287
1.0,0.5667118,466.57962
1.0,0.6448806,76.99
1.0,0.55569327,271.50528
1.0,0.5131091,74.14177
1.0,0.9843336,2718.6907
1.0,0.57803625,106.974304
1.0,0.50802016,1.1820508e+07
1.0,0.43728507,352.61676
1.0,0.386019,70.80323
1.0,0.47520217,122.74675
1.0,0.5153529,86.56535
1.0,0.57791513,190.95184
1.0,0.5239002,139.29665
1.0,0.45994735,166.78033
1.0,0.40759727,68.18161
1.0,0.8366996,154.1289
1.0,0.72238106,809.14294
1.0,0.53215927,79.125786
1.0,0.5470037,174.41806
1.0,0.49905035,84.89361
1.0,0.9999995,28110.697
1.0,0.47208953,90.33917
1.0,0.4858224,97.43298
1.0,0.60477763,209.47281
1.0,0.95929974,5819.5283
1.0,0.44482058,125.60065
1.0,0.51850885,97.26915
1.0,0.52550244,94.67284
1.0,0.3970385,871.80853
1.0,0.5457315,81.512215
1.0,0.5916154,2685.4324
1.0,0.3900887,486.3597
1.0,0.45017993,187.161
1.0,0.9692285,268.13736
1.0,0.9464828,24950.129
1.0,0.54270935,103.06894
1.0,0.5413812,481.9929
1.0,0.5294456,163.80038
1.0,0.5395988,103.48964
1.0,0.5483215,99.3567
1.0,0.493594,111.31132
1.0,0.6411392,191.5686
1.0,0.47496444,75.457344
1.0,0.4614009,75.672806
1.0,0.72804976,579.493
1.0,0.82223135,1790.0261
1.0,0.49452296,218.79222
1.0,0.49439228,118.62828
1.0,0.52955514,324.8952
1.0,0.4912244,363.2742
1.0,0.38268116,241.99252
1.0,0.43494624,170.62018
1.0,0.5500873,352.42847
1.0,0.4822356,629.8142
1.0,0.46514463,100.45504
1.0,0.36209378,86.713486
1.0,0.6276786,103.313385
1.0,0.3984993,73.45871
1.0,0.58179945,98.534805
1.0,0.4527293,76.91398
1.0,0.45876345,183.06052
1.0,0.49201652,90.79824
1.0,0.50062674,226.90248
1.0,0.57541394,493.23834
1.0,0.48743007,314.01276
1.0,0.99821776,306.6408
1.0,0.70017177,79.69373
1.0,0.99981946,97.752754
1.0,0.9994855,6686.468
1.0,0.6124708,252.30801
1.0,0.77102184,73.69513
1.0,0.49383667,81.39345
1.0,0.49014086,77.741196
1.0,0.5051077,72.482025
1.0,0.9999893,96.615486
1.0,0.39451355,72.407814
1.0,0.54189044,83.25849
1.0,0.5425131,67.202644
1.0,0.661241,73.89282
1.0,0.55826944,91.43711
1.0,0.4802266,119.904236
1.0,0.430406,123.26644
1.0,0.99535453,312.89252
1.0,0.99978906,79.806114
1.0,0.50260437,70.35795
1.0,0.37682498,99.22596
1.0,0.43237242,137.68297
1.0,0.5619847,65.19592
1.0,0.4697152,102.288574
1.0,0.9508371,981.96704
1.0,0.99845195,34612.062
1.0,0.69804394,120.244644
1.0,0.8239875,170.987
1.0,0.4659305,80.94971
1.0,0.5722146,125.49933
1.0,0.82973784,144.88658
1.0,0.507233,88.204765
1.0,0.49636862,70.63423
1.0,0.9993777,368.08936
1.0,0.45708767,67.5632
1.0,0.38364717,92.79168
1.0,0.99075294,851.8356
1.0,0.9994438,716.4317
1.0,0.9590282,1664.2592
1.0,0.5014424,69.71486
1.0,0.5141634,69.96976
1.0,0.9534786,408.65582
1.0,0.39760134,72.75888
1.0,0.4330247,76.95032
1.0,0.99956244,6955.7476
1.0,0.5011904,73.05141
1.0,0.568139,131.09593
1.0,0.45705742,92.77487
1.0,0.59786755,126.265305
1.0,0.46864653,81.02671
1.0,0.53906995,292.17682
1.0,0.52993554,76.29274
1.0,0.5071604,99.0095
1.0,0.9395264,234.25095
1.0,0.44306594,192.1596
1.0,0.4719714,215.86987
1.0,0.44412762,65.80363
1.0,0.30196816,168.25682
1.0,0.68909717,226.41223
1.0,0.95941013,264896.16
1.0,0.3666343,107.85073
1.0,0.4741832,77.13561
1.0,0.5265886,222.01662
1.0,0.4391168,80.22864
1.0,0.99989617,2029.4697
1.0,0.9944231,1647.844
1.0,0.47491738,81.0
1.0,0.40088227,72.601616
1.0,0.77211404,21843.205
1.0,0.96308565,529.1455
1.0,0.9493901,360.3164
1.0,0.9992455,69.9596
1.0,0.5173835,101.54299
1.0,0.4939544,353.3419
1.0,0.97130674,2032.777
1.0,0.3737055,133.39526
1.0,0.4927476,128.83624
1.0,0.43595883,73.907715
1.0,0.4387038,216.62206
1.0,0.24783178,117.264595
1.0,0.694827,675.1397
1.0,0.9927852,4660.876
1.0,0.9874665,672.72156
1.0,0.49820262,165.70834
1.0,0.51401293,160.39018
1.0,0.4630964,117.79677
1.0,0.3447553,65.12763
1.0,0.42046592,149.51688
1.0,0.48060817,75.19019
1.0,0.6311554,70.22339
1.0,0.5333337,101.01674
1.0,0.57720053,93.791824
1.0,0.99223715,77.48065
1.0,0.5246175,96.686325
1.0,0.53312904,89.73915
1.0,0.43656278,197.10355
1.0,0.5549011,75.52987
1.0,0.92984396,146.84749
1.0,0.47222346,281.54883
1.0,0.32388422,95.183914
1.0,0.6259105,338.10367
1.0,0.60203665,71.70093
1.0,0.3718973,65.78609
1.0,0.34103692,169.05548
1.0,0.47506055,84.51532
1.0,0.5349742,100.308784
1.0,0.83752644,67.386734
1.0,0.5173278,123.66791
1.0,0.9989268,217.32208
1.0,0.47496444,245.37085
1.0,0.433919,168.2705
1.0,0.4089294,109.11926
1.0,0.50988203,107.595665
1.0,0.43583995,79.07739
1.0,0.47754413,81.461174
1.0,0.31821513,113.11078
1.0,0.43008295,75.89855
1.0,0.41419592,71.163574
1.0,0.556426,102.53533
1.0,0.4985123,75.480644
1.0,0.63601273,713.8613
1.0,0.47889623,125.962616
1.0,0.47844288,89.18868
1.0,0.49043044,87.06525
1.0,0.8463704,650.2349
1.0,0.5609177,140.18777
1.0,0.99443156,134.12584
1.0,0.5430958,77.35371
1.0,0.5908995,235.01105
1.0,0.5191468,67.3579
1.0,0.6489286,302890.75
1.0,0.49838683,225.54755
1.0,0.96602196,960356.25
1.0,0.52235377,68.16069
1.0,0.99396133,114.38779
1.0,0.2108664,144.1751
1.0,0.4498744,95.18903
1.0,0.5284092,240.29749
1.0,0.83940315,349.73056
1.0,0.99591905,751.7094
1.0,0.6079699,68.171036
1.0,0.48726,190.09137
1.0,0.5555548,351.36093
1.0,0.6019657,86.0515
1.0,0.62086797,61574.996
1.0,0.51436955,84.6851
1.0,0.5302627,71.84678
1.0,0.56494826,78.76051
1.0,0.48913297,118.91002
1.0,0.99522483,278.83316
1.0,0.4654866,101.75371
1.0,0.6130482,1.4397957e+07
1.0,0.9988102,401.85068
1.0,0.74663174,177.80763
1.0,0.4675008,194.22998
1.0,0.5935391,75.7857
1.0,0.5375487,326.01007
1.0,0.40992382,67.95203
1.0,0.4789255,84.55932
1.0,0.4789255,84.55932
1.0,0.4489304,208.95596
1.0,0.4255771,67.06845
1.0,0.5155647,112.63749
1.0,0.5310256,85.51314
1.0,0.9706825,935.0149
1.0,0.410182,97.06656
1.0,0.43141866,106.30294
1.0,0.4201219,101.888535
1.0,0.44440904,122.11349
1.0,0.43453497,72.107704
1.0,0.45030415,110.08292
1.0,0.4663173,82.12985
1.0,0.47405553,81.850044
1.0,0.3291229,335.16638
1.0,0.7781558,1326.6721
1.0,0.47413817,91.205246
1.0,0.510006,69.46841
1.0,0.529987,103.91348
1.0,0.32968467,103.96997
1.0,0.48158917,73.75568
1.0,0.5179789,15942.856
1.0,0.5787246,120.745255
1.0,0.47080037,92.7169
1.0,0.4718214,280.56522
1.0,0.5724639,96.28921
1.0,0.43091598,97.10605
1.0,0.66165155,116.24305
1.0,0.4515141,65.21317
1.0,0.5123679,68.68507
1.0,0.9968598,1534.5568
1.0,0.9924604,2052.0588
1.0,0.5716618,76.23455
1.0,0.40187514,88.11895
1.0,0.48307884,118.85461
1.0,0.40019107,148.65219
1.0,0.57670414,232.43169
1.0,0.42751744,66.14861
1.0,0.999451,132874.22
1.0,0.49370542,453.4749
1.0,0.47379294,599.84686
1.0,0.50461733,71.908356
1.0,0.494848,105.64803
1.0,0.87945294,9241.573
1.0,0.5371714,251.88701
1.0,0.41689155,95.9708
1.0,0.5824782,78.38483
1.0,0.68588006,65.75868
1.0,0.52738297,71.71685
1.0,0.34031892,67.625244
1.0,0.8043777,1882.0712
1.0,0.4862877,73.470184
1.0,0.53700894,291.40475
1.0,0.36940753,96.55918
1.0,0.54938036,107.254265
1.0,0.4323965,278.961
1.0,0.50568306,257.76538
1.0,0.37497857,83.95412
1.0,0.4490333,84.39876
1.0,0.4928883,83.55763
1.0,0.4331797,91.265396
1.0,0.28210428,73.945335
1.0,0.45806783,93.10174
1.0,0.45230064,123.94365
1.0,0.4901552,68.02335
1.0,0.5590702,108.667145
1.0,0.5229851,173.69653
1.0,0.4277081,109.512215
1.0,0.4451083,128.93764
1.0,0.5867012,67.31227
1.0,0.5450314,85.61493
1.0,0.828467,76.28089
1.0,0.5440795,77.073875
1.0,0.44980174,101.17991
1.0,0.59651136,87.057915
1.0,0.5792083,199.17523
1.0,0.543337,5791.517
1.0,0.99903536,5076.713
1.0,0.5410722,102.64341
1.0,0.9967535,3774.2559
1.0,0.9430671,109.380516
1.0,0.4543579,81.03536
1.0,0.5953233,132.31184
1.0,0.53808254,65.31511
1.0,0.47496444,97.24646
1.0,0.9527441,3961.7107
1.0,0.42929244,80.42348
1.0,0.51174945,73.01729
1.0,0.6674808,388.7242
1.0,0.44708797,71.04185
1.0,0.51378334,209.56241
1.0,0.4977461,69.13661
1.0,0.6788016,154.03061
1.0,0.42504326,188.98352
1.0,0.54357237,88.64303
1.0,0.9998927,9117.701
1.0,0.38483217,72.787605
1.0,0.45071405,105.54444
1.0,0.5588975,81.64747
1.0,0.46196744,65.63132
1.0,0.464058,138.25877
1.0,0.2608561,78.702034
1.0,0.823081,95.85922
1.0,0.41939348,179.80391
1.0,0.40822828,65.47113
1.0,0.55106133,77.00674
1.0,0.3364929,78.173485
1.0,0.26438677,78.421455
1.0,0.80657506,366.4578
1.0,0.99999976,179.09923
1.0,0.47496444,77.74805
1.0,0.41420233,118.097275
1.0,0.83920914,4.0792154e+09
1.0,0.6697463,370.18756
1.0,0.47985357,68.35052
1.0,0.5362798,87.69844
1.0,0.5797886,141.53773
1.0,0.40584835,72.407555
1.0,0.9998797,1136.0177
1.0,0.4882774,99.01496
1.0,0.5085688,67.974976
1.0,0.33317843,540.7137
1.0,0.99859005,391.3562
1.0,0.70623344,203.1717
1.0,0.40805835,69.01306
1.0,0.34591222,73.79889
1.0,0.3670026,66.01771
1.0,0.47193396,92.26553
1.0,0.9999571,5828.6826
1.0,0.38752356,117.02607
1.0,0.84761554,103.91788
1.0,0.575278,78.9496
1.0,0.4194225,129.42435
1.0,0.9936546,2561.3938
1.0,0.43728042,69.555756
1.0,0.65632015,117.77963
1.0,0.4834032,102.99801
1.0,0.9929628,1725.819
1.0,0.6369266,67.08944
1.0,0.4740987,686.36334
1.0,0.41926554,66.21796
1.0,0.37759608,71.798965
1.0,0.6296956,85.718155
1.0,0.41028538,74.04616
1.0,0.9997794,88.00198
1.0,0.50818807,67.67013
1.0,0.6486047,372.98123
1.0,0.44529104,118.93241
1.0,0.44828746,117.16543
1.0,0.4847958,93.96269
1.0,0.52032596,70.184586
1.0,0.5491962,76.11457
1.0,0.7937656,657.4103
1.0,0.54798526,386.5572
1.0,0.5485175,79.970535
1.0,0.5132163,66.70226
1.0,0.5572387,100.40299
1.0,0.40986368,154.81827
1.0,0.9485379,2215.233
1.0,0.55239403,72.540085
1.0,0.55099267,79.09443
1.0,0.39315692,136.20555
1.0,0.70864725,940.40155
1.0,0.49889523,101.59786
1.0,0.39212963,120.44317
1.0,0.42386323,84.5253
1.0,0.66278684,657.53485
1.0,0.462071,77.32677
1.0,0.4112725,84.58137
1.0,0.477207,81.29743
1.0,0.36004975,181.77548
1.0,0.40038905,254.45308
1.0,0.27515858,83.469284
1.0,0.5198768,92.346054
1.0,0.556646,80.54839
1.0,0.29556268,129.91588
1.0,0.5400676,942.71515
1.0,0.5115897,69.04683
1.0,0.9999982,28330.068
1.0,0.59634346,112.14469
1.0,0.38842702,137.54593
1.0,0.5851669,113.224846
1.0,0.50802344,68.53002
1.0,0.49822977,68.689926
1.0,0.5057601,115.912895
1.0,0.5479496,65.052734
1.0,0.45426443,94.179184
1.0,0.38263753,328.04434
1.0,0.60025114,130.88545
1.0,0.6052718,82.195145
1.0,0.5030056,206.15266
1.0,0.3668371,70.554474
1.0,0.99579054,1953.0444
1.0,0.53576916,76.37492
1.0,0.6255055,106.70532
1.0,0.42411688,67.280014
1.0,0.5043653,129.33861
1.0,0.4088426,79.79904
1.0,0.6005442,202.29204
1.0,0.35378477,179.55504
1.0,0.42537087,125.13072
1.0,0.49448153,104.03255
1.0,0.55388725,202.62602
1.0,0.38009593,96.155594
1.0,0.46868005,94.13948
1.0,0.44873628,85.54845
1.0,0.53360134,79.08388
1.0,0.9990006,118.75104
1.0,0.9520406,118.206245
1.0,0.556349,66.40653
1.0,0.95400065,100.84541
1.0,0.71903634,94.987434
1.0,0.33788967,103.96746
1.0,0.62535906,342.39624
1.0,0.4737045,107.30775
1.0,0.66080016,297.48132
1.0,0.4380048,260.0726
1.0,0.5949071,169.01521
1.0,0.47652933,88.92907
1.0,0.9424909,3010.7068
1.0,0.27064258,132.8611
1.0,0.5870126,65.0702
1.0,0.66147953,80.06001
1.0,0.46302894,99.48829
1.0,0.4948305,130.75949
1.0,0.50491166,75.48587
1.0,0.55691475,192.66907
1.0,0.9659761,102.36087
1.0,0.7416731,83.20302
1.0,0.6342603,119.10203
1.0,0.39256883,115.18157
1.0,0.5602793,86.56651
1.0,0.39850718,160.52795
1.0,0.22072348,102.33705
1.0,0.5135077,108.24637
1.0,0.48499274,66.22625
1.0,0.46620938,77.99788
1.0,0.7499511,214.51614
1.0,0.50714326,67.149445
1.0,0.4158604,1240.2164
1.0,0.49439526,102.946846
1.0,0.5617598,70.16274
1.0,0.43931568,70.61954
1.0,0.47381702,95.64072
1.0,0.5402003,70.44845
1.0,0.32641777,72.454834
1.0,0.46718326,119.3592
1.0,0.49375156,81.398544
1.0,0.6968164,436.59286
1.0,0.61743057,245.7259
1.0,0.3838777,85.78877
1.0,0.51499194,231.31914
1.0,0.32471913,69.28447
1.0,0.47279868,79.66762
1.0,0.39754355,86.91236
1.0,0.333392,69.11228
1.0,0.5286742,77.86156
1.0,0.9540538,73.38227
1.0,0.53939116,66.246735
1.0,0.5475687,197.33449
1.0,0.5322529,97.59374
1.0,0.5069591,70.00576
1.0,0.6600672,98.81426
1.0,0.4575178,85.93513
1.0,0.42138377,66.905266
1.0,0.44028538,76.69209
1.0,0.56187415,187.92123
1.0,0.39853686,86.610886
1.0,0.47935802,176.8974
1.0,0.48443806,74.12461
1.0,0.96380526,71.26721
1.0,0.7090317,74.669304
1.0,0.5928916,145.33644
1.0,0.4844554,147.68895
1.0,0.5391598,77.85933
1.0,0.40053037,147.37672
1.0,0.53781545,97.763916
1.0,0.49078986,106.00858
1.0,0.37735018,118.2113
1.0,0.44144365,149.07037
1.0,0.41428804,77.43091
1.0,0.28305098,311.76566
1.0,0.99911684,1832.5035
1.0,0.48958677,366.99554
1.0,0.44277617,795.6726
1.0,0.51700413,71.80597
1.0,0.40036276,594.9939
1.0,0.39884332,159.6179
1.0,0.5090426,101.05806
1.0,0.5673006,102.90373
1.0,0.89799273,3923.1062
1.0,0.89799273,3923.1062
1.0,0.48679382,125.00748
1.0,0.38662374,67.045845
1.0,0.99902976,16362.011
1.0,0.5638605,117.20429
1.0,0.44346455,69.119774
1.0,0.5166079,76.12527
1.0,0.49933925,455.01254
1.0,0.6218609,499.3327
1.0,0.8995017,113.84638
1.0,0.42793763,73.446594
1.0,0.5416633,4845.621
1.0,0.5259183,66.5801
1.0,0.9279052,112.504616
1.0,0.46627304,77.67494
1.0,0.87942386,101.966255
1.0,0.47206306,102.44672
1.0,0.7646387,72.28642
1.0,0.9974299,1127.6296
1.0,0.9999968,75.53331
1.0,0.49385145,122.56649
1.0,0.51892555,71.86605
1.0,0.77368766,172.21922
1.0,0.52065414,99.04783
1.0,0.32320726,131.66306
1.0,0.4988645,83.04825
1.0,0.9990134,109.134056
1.0,0.5318687,68.85459
1.0,0.46178332,132.09984
1.0,0.9939346,94.32116
1.0,0.44150847,65.78721
1.0,0.66891855,2561.8408
1.0,0.3529525,130.65744
1.0,0.9999281,3310.7222
1.0,0.41969356,102.21471
1.0,0.5100692,79.17497
1.0,0.40224025,76.34495
1.0,0.48834008,79.25808
1.0,0.5331876,467.05936
1.0,0.67819065,286.90567
1.0,0.98513085,3732.3235
1.0,0.43777135,183.08946
1.0,0.5129452,70.10666
1.0,0.50787205,261.92426
1.0,0.4887664,193.14201
1.0,0.46018377,110.87392
1.0,0.40972903,81.437805
1.0,0.5302569,86.954865
1.0,0.6921929,129.18263
1.0,0.34661537,176.41472
1.0,0.47906062,143.66794
1.0,0.9999993,159.19452
1.0,0.41594082,170.83669
1.0,0.49866,71.84688
1.0,0.43609,226.85814
1.0,0.9383114,5695.5117
1.0,0.9993568,370.3628
1.0,0.99278754,151.69637
1.0,0.438114,80.88149
1.0,0.53553706,169.2217
1.0,0.74219364,76.10939
1.0,0.5457998,128.48824
1.0,0.49026588,74.76449
1.0,0.52028227,4951.6675
1.0,0.5480471,4982.9375
1.0,0.9168108,663.6986
1.0,0.5043667,192.34505
1.0,0.4195296,94.737434
1.0,0.49085298,102.45931
1.0,0.49131602,115.34413
1.0,0.5237058,257.1123
1.0,0.40680334,171.98236
1.0,0.42407814,69.92491
1.0,0.35557914,68.62415
1.0,0.99988663,234.45963
1.0,0.43944138,84.98621
1.0,0.46269253,245.05652
1.0,0.6586956,538.0806
1.0,0.7960876,77.78173
1.0,0.30594343,126.342476
1.0,0.44241217,67.656975
1.0,0.42391723,72.75832
1.0,0.4906204,77.85916
1.0,0.37301967,112.86422
1.0,0.51046175,101.20818
1.0,0.5255193,77.90902
1.0,0.41652784,140.9229
1.0,0.6247645,139.84772
1.0,0.5505613,118.97054
1.0,0.99998975,1089.4985
1.0,0.42385828,169.28813
1.0,0.49192291,69.72481
1.0,0.4787463,93.87901
1.0,0.49932203,107.30286
1.0,0.59802496,85.14569
1.0,0.4991876,86.76827
1.0,0.32292747,73.63459
1.0,0.9871978,11466.972
1.0,0.4667466,81.88164
1.0,0.999747,26457.557
1.0,0.55080366,99.943085
1.0,0.93181336,73.51763
1.0,0.6534954,173.97539
1.0,0.85804224,283.37814
1.0,0.600963,78.45272
1.0,0.39524385,74.06978
1.0,0.48477876,101.27288
1.0,0.47809854,74.18731
1.0,0.7718692,438.98856
1.0,0.5501348,101.56111
1.0,0.458553,94.873924
1.0,0.4643392,97.100296
1.0,0.8899076,289.2172
1.0,0.39197063,73.71981
1.0,0.5210125,146.81331
1.0,0.3943413,75.88539
1.0,0.54078954,109.592926
1.0,0.9253669,224.9772
1.0,0.387107,143.3019
1.0,0.9236211,108.25493
1.0,0.41534927,118.4005
1.0,0.50041795,67.98486
1.0,0.5537795,100.80794
1.0,0.8170968,271.21655
1.0,0.4212095,130.26476
1.0,0.47478577,331.51508
1.0,0.44394457,103.90407
1.0,0.39961463,166.93854
1.0,0.50805396,85.928055
1.0,0.8055751,109.40766
1.0,0.3240836,70.91945
1.0,0.5284649,69.05521
1.0,0.99999964,268.7615
1.0,0.49294212,139.87068
1.0,0.4010748,224.59096
1.0,0.9513448,302.47617
1.0,0.41809142,118.5771
1.0,0.22009936,86.79171
1.0,0.49562702,71.89761
1.0,0.86141455,83.36467
1.0,0.4897104,71.80041
1.0,0.46892422,66.76087
1.0,0.49379852,76.05129
1.0,0.45690438,128.36415
1.0,0.48396423,182.56393
1.0,0.4989594,623.789
1.0,0.40973508,71.2239
1.0,0.78223586,74.879745
1.0,0.98716545,4655.664
1.0,0.8653637,71.38723
1.0,0.48696584,141.45158
1.0,0.4669192,393.5026
1.0,0.7642286,79.32768
1.0,0.962169,145.21632
1.0,0.5475911,112.54736
1.0,0.49165875,81.343864
1.0,0.7338951,344.00922
1.0,0.48586923,377.87234
1.0,0.35661867,79.71556
1.0,0.4836783,316.05594
1.0,0.50137085,97.268326
1.0,0.9973629,158.42313
1.0,0.5018675,390.40387
1.0,0.56068116,72.19497
1.0,0.9669165,4291.255
1.0,0.5299787,75.82446
1.0,0.48651826,148.43317
1.0,0.3548026,78.54861
1.0,0.49949178,68.26688
1.0,0.9999864,391.2561
1.0,0.9197838,282.1128
1.0,0.19141065,256.33084
1.0,0.49043578,91.25155
1.0,0.4430219,82.06198
1.0,0.34296033,94.47473
1.0,0.4418376,152.95885
1.0,0.49405435,66.92865
1.0,0.53298897,107.89994
1.0,0.40586415,90.09639
1.0,0.321617,86.61001
1.0,0.3480197,86.668205
1.0,0.53365034,65.70705
1.0,0.52818185,95.58502
1.0,0.49506378,399.05103
1.0,0.54595953,181.08981
1.0,0.5121701,165.03815
1.0,0.4209502,97.499306
1.0,0.42790166,111.54695
1.0,0.49040493,102.73716
1.0,0.46878743,143.89313
1.0,0.53029305,167.7665
1.0,0.5444579,81.65051
1.0,0.41283333,87.75623
1.0,0.9997174,263.601
1.0,0.48343933,80.65587
1.0,0.42450175,72.818306
1.0,0.4968994,96.91015
1.0,0.45831975,464.4934
1.0,0.5010937,109.72242
1.0,0.9997738,130.19147
1.0,0.4908989,89.61947
1.0,0.5098482,67.33261
1.0,0.56125647,84.37458
1.0,0.47444797,139.5228
1.0,0.50187546,149.74048
1.0,0.48451787,65.99942
1.0,0.45481116,294.77313
1.0,0.85713893,94.28285
1.0,0.48855746,66.79783
1.0,0.5008617,76.4472
1.0,0.41247666,117.88973
1.0,0.50204766,74692.86
1.0,0.42592305,122.380585
1.0,0.49726364,79.89887
1.0,0.9978258,114.5691
1.0,0.43299744,101.6411
1.0,0.3308872,183.81418
1.0,0.4967923,90.10495
1.0,0.57320297,67.90336
1.0,0.47933307,78.31259
1.0,0.3773337,68.66683
1.0,0.5140843,171.53673
1.0,0.5655948,86.29961
1.0,0.50015616,120.498924
1.0,0.81352824,81.77473
1.0,0.59854645,73.61757
1.0,0.45405003,258.49518
1.0,0.41263416,118.24324
1.0,0.7195789,119.11197
1.0,0.48285255,69.220955
1.0,0.58139664,124.18537
1.0,0.45937756,103.453285
1.0,0.4826157,150.58545
1.0,0.33381143,114.94703
1.0,0.36094958,68.39984
1.0,0.39371654,70.437546
1.0,0.877979,447.20853
1.0,0.9295518,1191.4767
1.0,0.5101926,131.51265
1.0,0.59079057,120.413155
1.0,0.45454213,70.82391
1.0,0.48415852,91.84544
1.0,0.8504649,180.24954
1.0,0.4286033,101.36093
1.0,0.9588906,115.58996
1.0,0.47275254,120.23091
1.0,0.45106736,128.50833
1.0,0.9606519,414.1132
1.0,0.4098279,76.97398
1.0,0.2940418,73.13881
1.0,0.3583452,80.61287
1.0,0.4864371,66.12155
1.0,0.47385806,118.98962
1.0,0.9972109,1368.3662
1.0,0.2606727,145.10683
1.0,0.99999607,94.33232
1.0,0.40003243,281.3296
1.0,0.9973367,445.7132
1.0,0.59738934,403.93884
1.0,0.44918013,106.51178
1.0,0.49685374,79.768425
1.0,0.5876371,117.86644
1.0,0.4386959,114.60791
1.0,0.4026418,79.27392
1.0,0.99994266,216.89777
1.0,0.499332,77.667564
1.0,0.46678302,85.11195
1.0,0.5935656,104.57297
1.0,0.5553388,80.69828
1.0,0.6622347,73.96596
1.0,0.49478227,67.79843
1.0,0.47242936,90.25981
1.0,0.48343986,117.700516
1.0,0.99493414,68.82956
1.0,0.49113676,94.90529
1.0,0.99457645,155.95912
1.0,0.51247025,460.11826
1.0,0.4285962,82.09796
1.0,0.47834337,297.68503
1.0,0.16139895,99.95264
1.0,0.5000191,287.39954
1.0,0.99629337,11097.878
1.0,0.47584248,67.18752
1.0,0.42469448,99.80221
1.0,0.3604027,68.08982
1.0,0.56285346,97.24363
1.0,0.50820154,188.6978
1.0,0.47496444,78.702705
1.0,0.496502,65.79797
1.0,0.50782925,116.372345
1.0,0.4773995,126.45065
1.0,0.45822302,94.95042
1.0,0.38922033,136.83646
1.0,0.28671277,82.41804
1.0,0.3995119,119.867516
1.0,0.49562758,304.0019
1.0,0.5338579,69.50453
1.0,0.47998655,272.2372
1.0,0.40900242,77.05674
1.0,0.5842117,102.33874
1.0,0.7243637,935.6095
1.0,0.7344869,553.15814
1.0,0.72983754,182.17778
1.0,0.52076334,70.39956
1.0,0.48395094,70.58386
1.0,0.9271193,22688.805
1.0,0.48448282,93.912544
1.0,0.32949212,70.7447
1.0,0.84883475,74.30759
1.0,0.45423117,307.5713
1.0,0.79998374,99.025345
1.0,0.48715708,141.7287
1.0,0.51807183,67.58798
1.0,0.42344174,167.1234
1.0,0.52537715,340034.7
1.0,0.6250716,71.697014
1.0,0.9284606,974.8796
1.0,0.49029195,88.115685
1.0,0.4545421,103.02091
1.0,0.3265844,111.5701
1.0,0.28218704,113.698166
1.0,0.49101853,65.6153
1.0,0.55036443,184.97568
1.0,0.2961519,514.15735
1.0,0.73186535,104.64435
1.0,0.48833483,67.80439
1.0,0.49921528,117.36236
1.0,0.9999969,75.81635
1.0,0.52753526,69.63553
1.0,0.99926466,65.55108
1.0,0.5454261,484.66428
1.0,0.49402907,136.17288
1.0,0.4383594,117.269875
1.0,0.5140095,75.71927
1.0,0.3591116,159.08784
1.0,0.46712872,292.32684
1.0,0.4511637,73.3636
1.0,0.4542261,72.2636
1.0,0.4763165,131.3255
1.0,0.4972254,73.16708
1.0,0.53866464,81.14659
1.0,0.5978248,79.80046
1.0,0.40619895,89.94033
1.0,0.40619895,89.94033
1.0,0.31428075,108.30772
1.0,0.61780334,80.837
1.0,0.5070924,67.84728
1.0,0.47260988,168.8429
1.0,0.75469357,870.3175
1.0,0.47757745,72.27269
1.0,0.3827118,85.9044
1.0,0.97797453,720.6058
1.0,0.5760312,140.57535
1.0,0.5381728,237.11108
1.0,0.4868529,70.17449
1.0,0.3965514,175.4568
1.0,0.43111482,75.01604
1.0,0.50177354,132.63809
1.0,0.5080069,136.3543
1.0,0.42191502,92.527466
1.0,0.5375488,123.82817
1.0,0.54907143,980.4722
1.0,0.6322621,84.729485
1.0,0.5439901,92.40376
1.0,0.62909436,352.26135
1.0,0.9843948,218.15727
1.0,0.43042827,279.83594
1.0,0.47710735,132.29716
1.0,0.49995363,295.09485
1.0,0.52083856,104.10842
1.0,0.18238278,138.7246
1.0,0.6022679,86.68693
1.0,0.46736285,253.0782
1.0,0.4998695,115.59415
1.0,0.48619393,121.09396
1.0,0.37066445,71.3252
1.0,0.89293367,70.221115
1.0,0.47366795,92.40731
1.0,0.9692768,134.61446
1.0,0.5122833,69.6748
1.0,0.4807005,71.68519
1.0,0.510423,124.5925
1.0,0.49512213,73.60217
1.0,0.65447754,106.57588
1.0,0.5113347,268.1602
1.0,0.43863323,137.0675
1.0,0.43762675,70.36751
1.0,0.9956518,116.56595
1.0,0.48640198,79.051414
1.0,0.605487,90.41397
1.0,0.6530819,131.49374
1.0,0.75968754,947.26746
1.0,0.57603,115.724434
1.0,0.4924142,87.10211
1.0,0.48004392,179.33025
1.0,0.6076607,383.91742
1.0,0.6574533,415.31915
1.0,0.5357349,78.231705
1.0,0.94766295,258.88232
1.0,0.40544713,169.35031
1.0,0.98308945,996.4747
1.0,0.5623589,75.1853
1.0,0.74846333,190.28902
1.0,0.5438486,7.4007065e+06
1.0,0.37575638,83.66341
1.0,0.93874264,65.575264
1.0,0.49014202,99.47393
1.0,0.52440757,215.79582
1.0,0.46271488,97.09923
1.0,0.5213057,65.89114
1.0,0.41277328,103.509186
1.0,0.5090439,71.06129
1.0,0.4195927,94.948906
1.0,0.9987846,172.7529
1.0,0.50691205,73.533615
1.0,0.6458094,84.1797
1.0,0.86661375,184.62355
1.0,0.44702613,132.42986
1.0,0.63679385,257.60498
1.0,0.89801544,1972.1481
1.0,0.5760167,69.23806
1.0,0.80139416,1013.3639
1.0,0.37918925,71.45947
1.0,0.4676793,126.25019
1.0,0.4108829,163.63106
1.0,0.72548276,259.00073
1.0,0.48192406,66.19789
1.0,0.53702325,65.60843
1.0,0.9999976,135.36107
1.0,0.3673065,79.13456
1.0,0.9938976,2357.1536
1.0,0.54543364,78.54236
1.0,0.49824357,68.798355
1.0,0.5712898,121.18554
1.0,0.5361371,209.7088
1.0,0.98266184,2805.2854
1.0,0.36198804,86.41227
1.0,0.47223952,79.356476
1.0,0.45282203,237.20183
1.0,0.50206673,83.558205
1.0,0.5657043,67.11517
1.0,0.3608496,88.33698
1.0,0.5478142,89.95643
1.0,0.47198588,180.61772
1.0,0.72305673,85.396515
1.0,0.5216101,74.3134
1.0,0.4867669,70.25154
1.0,0.366746,111.17854
1.0,0.47892898,116.11446
1.0,0.9969398,328.66913
1.0,0.44533473,95.4893
1.0,0.9999237,74.21825
1.0,0.46241707,102.27022
1.0,0.34351048,543.2081
1.0,0.49179417,1450.4375
1.0,0.4947518,446.52188
1.0,0.49077713,111.76848
1.0,0.99957186,155.53546
1.0,0.48355234,124.03302
1.0,0.98169154,4430.504
1.0,0.528615,74.40564
1.0,0.515231,9.574105e+09
1.0,0.26595652,260.58423
1.0,0.557039,103.68469
1.0,0.40287337,124.0
1.0,0.4928583,701.09644
1.0,0.91876775,615.358
1.0,0.96141243,760.43866
1.0,0.46632499,103.385155
1.0,0.35510546,72.66631
1.0,0.4199482,93.54916
1.0,0.47153312,66.37878
1.0,0.4465235,87.21685
1.0,0.94561315,8.364327e+09
1.0,0.3772655,99.14028
1.0,0.23638213,119.72296
1.0,0.50567484,90.17719
1.0,0.57361287,69.60453
1.0,0.7033875,76.56883
1.0,0.5986912,106.403656
1.0,0.54794055,598.8466
1.0,0.42615995,92.52973
1.0,0.46025997,156.87415
1.0,0.4677813,127.17656
1.0,0.45090535,84.534996
1.0,0.4671149,87.38421
1.0,0.5445948,99.27409
1.0,0.52548444,106.19498
1.0,0.44184706,150.19682
1.0,0.53488296,71.46148
1.0,0.33369133,367.42816
1.0,0.42821774,97.49776
1.0,0.964744,1829.1226
1.0,0.318245,69.625916
1.0,0.5013386,65.51091
1.0,0.5326815,68.51894
1.0,0.45365098,66.217705
1.0,0.5143714,104.152725
1.0,0.9999999,103.961296
1.0,0.91746426,249.96577
1.0,0.471618,84.0991
1.0,0.4311385,65.019066
1.0,0.5978356,108.275734
1.0,0.52924883,868.5439
1.0,0.9999882,6986.1255
1.0,0.59666437,82.22446
1.0,0.4153598,70.67586
1.0,0.44355687,114.20494
1.0,0.46358204,87.9555
1.0,0.40331072,190.69498
1.0,0.87715995,114.52438
1.0,0.40659013,496.0524
1.0,0.65432185,127.85033
1.0,0.65191877,247.31364
1.0,0.55355775,144.12177
1.0,0.9997658,457.9616
1.0,0.47783688,101.70143
1.0,0.5105066,68.47893
1.0,0.6807748,71.14525
1.0,0.41032696,212.33337
1.0,0.51217926,88.27423
1.0,0.5037497,92.42598
1.0,0.67990243,1870.589
1.0,0.60443145,71.70667
1.0,0.49090165,83.83092
1.0,0.46261021,79.642296
1.0,0.46878868,126.26322
1.0,0.9999689,366.10773
1.0,0.5107859,107.749176
1.0,0.438084,69.10959
1.0,0.4761731,68.850174
1.0,0.4452413,73.02613
1.0,0.33590198,121.69562
1.0,0.98628855,69.02604
1.0,0.48715022,93.565155
1.0,0.40201503,103.893005
1.0,0.51325077,70.693565
1.0,0.5155217,65.72703
1.0,0.40315914,123.42686
1.0,0.47496444,112.07902
1.0,0.6110086,74.05498
1.0,0.39310068,99.27222
1.0,0.3672118,68.33079
1.0,0.41402677,73.16081
1.0,0.25709343,129.45647
1.0,0.54187936,108.25314
1.0,0.9913667,1154.1267
1.0,0.32102388,83.45709
1.0,0.50297624,106.128944
1.0,0.55893105,133.34937
1.0,0.49585992,77.84441
1.0,0.50023717,120.24174
1.0,0.7023304,94.31337
1.0,0.4314427,65.460754
1.0,0.47884429,83.46649
1.0,0.9975706,285.35812
1.0,0.2817511,139.08995
1.0,0.47496444,88.917305
1.0,0.71240336,138.4796
1.0,0.47971767,71.860405
1.0,0.56665874,109.520454
1.0,0.47466317,77.71773
1.0,0.44128993,465.9809
1.0,0.4547786,178.02936
1.0,0.5097528,117.777695
1.0,0.96235746,4614.7363
1.0,0.30692118,82.04779
1.0,0.5522691,88.11789
1.0,0.37691113,101.566635
1.0,0.37691113,101.566635
1.0,0.9145036,117.332596
1.0,0.99986804,92.241425
1.0,0.61516124,91.81611
1.0,0.98120594,573.8109
1.0,0.47496444,110.77419
1.0,0.6579079,76.83917
1.0,0.4004696,69.27351
1.0,0.9997547,97.71257
1.0,0.45692652,132.47247
1.0,0.42387193,145.44994
1.0,0.5917355,162.16873
1.0,0.9999999,15250.675
1.0,0.5344296,193.82277
1.0,0.55707306,102.54586
1.0,0.51150936,71.23979
1.0,0.40570354,130.5226
1.0,0.31758285,83.182396
1.0,0.63093275,123.95978
1.0,0.65560883,438.04416
1.0,0.4825986,69.28874
1.0,0.4868656,65.9855
1.0,0.49305296,103.26614
1.0,0.39624012,67.66038
1.0,0.5319824,265.3526
1.0,0.49042752,88.038635
1.0,0.89182675,73.681656
1.0,0.48567742,171.34436
1.0,0.8636707,100.17286
1.0,0.58701444,536.77124
1.0,0.41614762,71.704865
1.0,0.41666517,109.405495
1.0,0.41575462,85.16177
1.0,0.70002294,196.15062
1.0,0.5848389,116.36877
1.0,0.9885621,1004.96625
1.0,0.3114977,95.260025
1.0,0.4894103,109.166115
1.0,0.48285216,81.962364
1.0,0.5084906,66.40239
1.0,0.6321423,85.11938
1.0,0.41597012,68.31085
1.0,0.43540105,465.39417
1.0,0.48641962,96.58065
1.0,0.4683374,80.377045
1.0,0.4683374,80.377045
1.0,0.7288325,79.83863
1.0,0.43619862,68.61969
1.0,0.40152735,69.77214
1.0,0.46269968,78.30346
1.0,0.4992267,76.82523
1.0,0.44513488,280.02386
1.0,0.49571043,66.59005
1.0,0.5480089,3258.0613
1.0,0.9999559,4563.3135
1.0,0.46783432,73.355705
1.0,0.32715312,92.88015
1.0,0.58998656,69.95396
1.0,0.39081064,208.01686
1.0,0.9615808,103.62961
1.0,0.4402783,85.20096
1.0,0.50192326,95.310295
1.0,0.50408083,88.18174
1.0,0.42659837,105.15007
1.0,0.9999893,6286.908
1.0,0.5447892,87.070816
1.0,0.33522728,73.55736
1.0,0.41362795,66.97084
1.0,0.9632289,926.67566
1.0,0.37045896,88.100235
1.0,0.49939823,71.89951
1.0,0.4998241,76.24932
1.0,0.94385624,211.79482
1.0,0.94385624,211.79482
1.0,0.4995774,72.39589
1.0,0.9441716,70.6601
1.0,0.48954585,68.18461
1.0,0.8265271,249.55266
1.0,0.3793978,209.68358
1.0,0.5080315,102.02684
1.0,0.9999856,70.234146
1.0,0.999866,9995.828
1.0,0.997835,2.8454358e+06
1.0,0.5335596,70.5605
1.0,0.3734985,98.50376
1.0,0.53685856,122.978165
1.0,0.40376753,82.29547
1.0,0.39350304,180.40685
1.0,0.97450984,381.21802
1.0,0.52862555,95.57537
1.0,0.48455274,67.74553
1.0,0.46167424,159.43924
1.0,0.4313806,95.5484
1.0,0.6044168,75.25459
1.0,0.7164146,112.42707
1.0,0.5743253,92.948685
1.0,0.3256181,109.21827
1.0,0.45062676,67.104065
1.0,0.49452898,114.89864
1.0,0.48741686,66.087654
1.0,0.45324913,101.03798
1.0,0.81843144,120.48788
1.0,0.50418216,168.70522
1.0,0.9299396,108.15596
1.0,0.49098095,200.49652
1.0,0.48353696,70.14283
1.0,0.8692809,3257.4944
1.0,0.33078897,94.71655
1.0,0.52323395,143.70682
1.0,0.47936743,98.1728
1.0,0.51750046,409.76694
1.0,0.99996376,113.59579
1.0,0.39833537,104.7063
1.0,0.5826136,100.0737
1.0,0.5396627,1758.9484
1.0,0.364134,131.01614
1.0,0.46334493,73.17351
1.0,0.470956,167.58073
1.0,0.5408737,386.5765
1.0,0.5332928,236.3547
1.0,0.31884995,103.3279
1.0,0.37644085,210.67577
1.0,0.6849355,628.0885
1.0,0.49723753,169.34084
1.0,0.42205912,89.711914
1.0,0.45357272,729.5122
1.0,0.34606558,65.972855
1.0,0.70146286,136.84128
1.0,0.57682264,72.66663
1.0,0.582803,75.719185
1.0,0.78345126,1091.0847
1.0,0.43525478,183.16788
1.0,0.5072246,84.892044
1.0,0.37141842,377.1319
1.0,0.3950441,82.95613
1.0,0.4736919,152.04053
1.0,0.5364113,134.15706
1.0,0.49740136,77.04126
1.0,0.39934233,70.79715
1.0,0.4936938,2374.276
1.0,0.48010096,163.09448
1.0,0.5256569,84.88002
1.0,0.52585566,135.27505
1.0,0.49972883,102.30262
1.0,0.4351512,139.8845
1.0,0.7842999,739.755
1.0,0.9784307,78.13069
1.0,0.5319508,98.548325
1.0,0.5180899,93.880455
1.0,0.9758154,76.006004
1.0,0.44516844,74.669304
1.0,0.4763073,2516.0742
1.0,0.64125705,1.2474786e+08
1.0,0.46320564,120.676735
1.0,0.4625731,103.05077
1.0,0.94659823,956.0706
1.0,0.5428138,184.98187
1.0,0.55368304,190.83699
1.0,0.5496694,67.33117
1.0,0.675027,373.44406
1.0,0.7332686,326.7657
1.0,0.5121456,65.03984
1.0,0.53324753,69.14754
1.0,0.46272132,74.59467
1.0,0.7151699,173.27206
1.0,0.6075162,859.2932
1.0,0.9617875,272.27725
1.0,0.926318,6011.4604
1.0,0.8513683,108.33566
1.0,0.99920493,759.93994
1.0,0.46057191,75.23072
1.0,0.54043967,175.40103
1.0,0.33725992,88.21919
1.0,0.49808145,71.96846
1.0,0.37956664,81.479
1.0,0.49962252,139.63261
1.0,0.44150624,139.80083
1.0,0.75705993,372.90405
1.0,0.33480778,65.94456
1.0,0.80457395,86.79614
1.0,0.46743885,69.875885
1.0,0.41844746,87.091156
1.0,0.49571547,94.0606
1.0,0.49394658,86.896545
1.0,0.6240158,285.30032
1.0,0.6468445,240.41466
1.0,0.7556303,1234.2537
1.0,0.89504856,90.26744
1.0,0.57397985,107.489105
1.0,0.41864318,72.805435
1.0,0.5532091,72.61848
1.0,0.98623323,148.36563
1.0,0.57031924,208.36443
1.0,0.4929234,114.34189
1.0,0.3039301,83.4047
1.0,0.5201043,92.192215
1.0,0.46529138,80.14326
1.0,0.4133511,98.27987
1.0,0.5255289,94.143
1.0,0.5423783,306.40488
1.0,0.4987213,128.1608
1.0,0.551862,92.433846
1.0,0.9229806,886.1707
1.0,0.38011387,67.6042
1.0,0.3521865,78.52602
1.0,0.42244416,107.12993
1.0,0.4890675,92.40508
1.0,0.50383055,73.51569
1.0,0.18994333,154.91484
1.0,0.48365918,81.64697
1.0,0.53470373,87.37183
1.0,0.7351749,80.31536
1.0,0.49904126,279.9919
1.0,0.47447404,75.55446
1.0,0.999951,3286.0886
1.0,0.5077124,89.5082
1.0,0.51879036,149.41063
1.0,0.3759638,685.6417
1.0,0.2712062,85.37929
1.0,0.40465522,4072.7888
1.0,0.44472247,129.38591
1.0,0.31024623,1043.07
1.0,0.25924835,3387.7773
1.0,0.35693097,19101.684
1.0,0.484453,9710.982
1.0,0.30024827,3028.6484
1.0,0.3171235,124.59195
1.0,0.72021806,165.5543
1.0,0.5433463,74.85794
1.0,0.36588567,199.00769
1.0,0.25980586,115.136185
1.0,0.59504783,84.19565
1.0,0.40289533,604.6103
1.0,0.9407102,325.48273
1.0,0.9990075,67.25501
1.0,0.2757346,126.52203
1.0,0.45327106,321.23672
1.0,0.27829885,117.373245
1.0,0.50223976,1141.7172
1.0,0.14883527,902.497
1.0,0.44727334,231.68134
1.0,0.31124806,308.1219
1.0,0.67598176,235.95424
1.0,0.4115157,122.40766
1.0,0.52710813,210.43777
1.0,0.48308346,28707.691
1.0,0.9999932,4433.8325
1.0,0.23286322,674.8533
1.0,0.37880582,19417.986
1.0,0.39807633,1126.7373
1.0,0.43201151,201.50441
1.0,0.566595,2579.8325
1.0,0.27770945,92.28777
1.0,0.25327486,39190.355
1.0,0.35872206,91.896286
1.0,0.34843078,111.91025
1.0,0.99985933,6111.427
1.0,0.9999976,788.6256
1.0,0.99999,125.81706
1.0,0.27585945,331.5815
1.0,0.38217136,1330.5116
1.0,0.7407203,20066.5
1.0,0.23204719,18728.453
1.0,0.99999976,12162.583
1.0,0.4635568,458.66785
1.0,0.48772213,1424.1935
1.0,0.3681111,237.47244
1.0,0.99852186,1401.4746
1.0,0.9720916,2090.458
1.0,0.4367288,197.65627
1.0,0.9703954,3581.4512
1.0,0.43083662,136.32166
1.0,0.6208154,69.71019
1.0,0.5182528,11514.231
1.0,0.64442056,81.29712
1.0,0.36768416,980.0611
1.0,0.9826654,33702.066
1.0,0.29663366,6493.2173
1.0,0.497685,161.01134
1.0,0.4185666,1045.1213
1.0,0.74634016,8093.5576
1.0,0.9880685,69.15874
1.0,0.2536489,3404.8113
1.0,0.29356915,8869.99
1.0,0.2463547,204.92444
1.0,0.24481456,1611.6274
1.0,0.25440404,87.26623
1.0,0.32280865,1149.6016
1.0,0.64130914,1440.1428
1.0,0.3059541,14571.959
1.0,0.99909294,69.1906
1.0,0.3498074,718.3098
1.0,0.497573,96.481766
1.0,0.9999858,168.62892
1.0,0.99420494,413.52866
1.0,0.3004034,91.793
1.0,0.93764687,34903.277
1.0,0.51525277,12821.667
1.0,0.2714356,577.3699
1.0,0.47687614,1403.0781
1.0,0.44292495,169.92033
1.0,0.90983397,6336.1265
1.0,0.43509883,2089.3772
1.0,0.55357313,6963.003
1.0,0.36278194,97.34421
1.0,0.40920728,485.26358
1.0,0.33344734,2167.6086
1.0,0.3093075,91.906
1.0,0.99995065,44832.723
1.0,0.34602967,549.1847
1.0,0.9848769,8224.087
1.0,0.39742947,142.75546
1.0,0.38149792,69.05869
1.0,0.9881764,18555.664
1.0,0.58938915,15120.973
1.0,0.3850152,1317.2277
1.0,0.56652933,2.1182366e+08
1.0,0.47496444,411.0498
1.0,0.13487343,611.4376
1.0,0.38235253,66.14831
1.0,0.49957395,86.5653
1.0,0.4867024,397.29578
1.0,0.9999807,2018.237
1.0,0.34804797,476.53925
1.0,0.28685787,14684.58
1.0,0.29174274,13392.997
1.0,0.23388974,4242.582
1.0,0.36345616,113.44435
1.0,0.3048246,122.028915
1.0,0.9996377,35085.285
1.0,0.62081695,248.79333
1.0,0.20758538,3582.7844
1.0,0.5446477,324.3675
1.0,0.5460729,94.43981
1.0,0.4325295,184.1942
1.0,0.6333596,3588.3018
1.0,0.35525575,90.42916
1.0,0.83040255,256.79843
1.0,0.32726386,115.7754
1.0,0.10684862,176.51732
1.0,0.46376228,88.57665
1.0,0.45497876,1642.7894
1.0,0.43120107,301.63992
1.0,0.992847,27684.18
1.0,0.40532434,122.19805
1.0,0.9793935,770.1139
1.0,0.4896146,90.42841
1.0,0.503033,86.24209
1.0,0.33224276,212.77048
1.0,0.9896605,17404.387
1.0,0.5058969,329.249
1.0,0.40463275,296.2974
1.0,0.45592695,101.2163
1.0,0.6420664,78.70482
1.0,0.4261154,186.07729
1.0,0.6443999,1634.6981
1.0,0.3774919,283.72778
1.0,0.4864028,412.4164
1.0,0.4791566,8529.207
1.0,0.40411898,18405.674
1.0,1.0,1590.3232
1.0,0.37337562,323.7109
1.0,0.25860304,127.64022
1.0,0.5277991,287.56747
1.0,0.99271613,388.2303
1.0,0.49604493,97.224846
1.0,0.27250138,521.0305
1.0,0.59535474,255.39912
1.0,0.36585447,457.74344
1.0,0.5921031,1164.9321
1.0,0.9909251,6862.0244
1.0,0.45820135,112.42571
1.0,0.99994946,9270.456
1.0,0.37589225,986.20795
1.0,0.9294701,7767.115
1.0,0.34657425,310.35413
1.0,0.43861994,576.2666
1.0,0.54610986,914.45447
1.0,0.32966062,294.25656
1.0,0.24094273,136.67183
1.0,1.0,2497.352
1.0,0.38196683,81.23072
1.0,0.2591244,1392.5896
1.0,0.5531935,571.83826
1.0,0.31156325,5033.4214
1.0,0.44277734,2237.1458
1.0,0.99995065,12566.12
1.0,0.99736965,332.70547
1.0,0.39723128,10116.241
1.0,0.5749026,1705.932
1.0,0.323076,145.21999
1.0,0.44970447,929.158
1.0,0.5419524,255.6651
1.0,0.53011143,75.852905
1.0,0.7347106,4918.342
1.0,0.4292864,1052.8541
1.0,0.43384686,116.58899
1.0,0.4194225,80.09901
1.0,0.53859574,200.25804
1.0,0.6347182,642.4455
1.0,0.37251735,175.22105
1.0,0.41762304,40198.594
1.0,0.3515208,3063.6892
1.0,0.38393247,243.39253
1.0,0.34885788,281.6501
1.0,0.58541656,350.24203
1.0,0.41811734,2629.6113
1.0,0.33582377,117.28545
1.0,0.5479378,110.852066
1.0,0.25140497,511.86795
1.0,0.5011581,128.14032
1.0,0.48393223,43847.023
1.0,0.63017243,1.19976e+06
1.0,0.26478225,7538.559
1.0,0.38582766,277.08978
1.0,0.992466,7.183445e+08
1.0,0.5134398,376.20673
1.0,0.37350482,615.76447
1.0,0.5006681,1916.78
1.0,0.99999976,120.88288
1.0,0.97850263,122.17189
1.0,0.99989843,5799.8438
1.0,0.6519779,627.8089
1.0,0.4084002,1890.8875
1.0,0.538964,1651.0513
1.0,0.7280954,25596.705
1.0,0.97735983,5010.225
1.0,0.25970143,189.25543
1.0,0.34418207,144.46555
1.0,0.46576747,78.8768
1.0,0.9282748,465.43658
1.0,0.406676,86.27675
1.0,0.9999392,156166.97
1.0,0.24369802,68.68186
1.0,0.49914122,149.09673
1.0,0.25717464,93.24675
1.0,0.7563349,292.612
1.0,0.98920166,235.67577
1.0,0.2983831,1477.4523
1.0,0.45503464,19550.17
1.0,0.9988356,1257.429
1.0,0.48440814,2224.7195
1.0,0.34381625,71.93098
1.0,0.5738009,627.6418
1.0,0.48225456,2157.1123
1.0,0.30675673,17237.754
1.0,0.5222209,615.2347
1.0,0.25422406,895.01074
1.0,1.0,450657.66
1.0,0.41773498,591.3886
1.0,0.5541083,125.86529
1.0,0.37110263,67.3933
1.0,0.50645185,79.18871
1.0,0.63844717,65.57893
1.0,0.76140296,165.64276
1.0,0.5359551,73.79391
1.0,0.3209674,222.69484
1.0,0.49080366,208.50711
1.0,0.9877643,35498.305
1.0,0.36838168,129.32584
1.0,0.62484866,177.37817
1.0,0.27074295,2007.3342
1.0,0.975605,2727.8208
1.0,0.19688919,1925.9229
1.0,0.4439805,912.1546
1.0,0.36655787,8352.892
1.0,0.40174252,171.42763
1.0,0.5194777,196.79648
1.0,0.28734636,267.24255
1.0,0.38571256,81.20945
1.0,0.9723528,70.45063
1.0,0.27909082,2603.3958
1.0,0.6350216,8718.43
1.0,0.99999976,1064.4135
1.0,0.44461745,14874.535
1.0,0.99999917,1251.209
1.0,0.34735152,86.17796
1.0,1.0,3696.1594
1.0,0.66733027,328.42184
1.0,0.37881377,77.20751
1.0,0.27373883,124.46793
1.0,0.5679285,955.5412
1.0,0.35309672,617.396
1.0,0.26781365,115.55043
1.0,0.41076514,132.30734
1.0,0.3607786,90.84293
1.0,0.5208864,1824.9851
1.0,0.40048558,72.50923
1.0,0.62821984,8544.758
1.0,0.30693144,68.66493
1.0,0.47502956,133.97865
1.0,0.3737718,787.6901
1.0,0.42502207,91.36584
1.0,0.50513846,79.52246
1.0,0.27876464,82.31822
1.0,0.29692304,13801.944
1.0,0.3785507,1064.4625
1.0,0.9999999,3766.2542
1.0,0.27034494,5423.923
1.0,1.0,143772.47
1.0,0.4128243,80.23498
1.0,0.5089494,903.4091
1.0,0.25556326,442.43814
1.0,0.5567311,6571.466
1.0,0.35514107,5511.7607
1.0,0.8206007,87676.46
1.0,0.40806672,20940.807
1.0,0.24592471,137.37848
1.0,0.3690318,94.383
1.0,0.42628515,134.14424
1.0,0.8158919,68.15903
1.0,0.25299305,302.7621
1.0,0.5024389,269.57895
1.0,0.52034783,1594.0144
1.0,0.5417089,1774.6534
1.0,0.5521362,984.2565
1.0,1.0,12084.525
1.0,0.50916386,5549.924
1.0,0.4834971,77.355446
1.0,0.4415121,123.1996
1.0,0.3466586,117.067
1.0,0.33870354,189.63588
1.0,0.82595867,485.65454
1.0,0.6570299,470.72644
1.0,0.51236737,212.50175
1.0,0.48261482,91.94804
1.0,0.50620186,1096.1675
1.0,0.4313262,96.19139
1.0,0.67564994,928.1216
1.0,0.99211484,69.961006
1.0,0.2503248,1319.2975
1.0,0.51626176,70.28354
1.0,0.4776176,135.62341
1.0,0.37666506,190.10243
1.0,0.30163002,100.2676
1.0,0.2818098,1099.1412
1.0,0.49194115,75.85323
1.0,0.45313138,1332.8635
1.0,0.5709363,74.04738
1.0,0.7835973,8246.584
1.0,0.4204146,1892.6322
1.0,0.49639395,67.03298
1.0,0.62578577,147.86717
1.0,0.4937397,87.747246
1.0,0.9965778,13338.143
1.0,0.3559502,2761.2417
1.0,0.4282887,503.0609
1.0,0.404822,134.3866
1.0,0.9999114,4216.076
1.0,0.3546674,1588.2336
1.0,0.40210122,505.43134
1.0,0.45815215,72.71039
1.0,0.19969976,857.26904
1.0,0.9627576,1167.3359
1.0,0.40849707,71.74759
1.0,0.39543965,2464.8506
1.0,0.75454533,1743.4243
1.0,0.55721986,3990.3877
1.0,0.2662395,161.56021
1.0,0.42788333,1297.2217
1.0,0.36069435,99.36477
1.0,0.30429724,5587.3726
1.0,0.53765774,140.94905
1.0,0.86663884,1286.7302
1.0,0.35917726,4696.6733
1.0,0.57467663,260.24072
1.0,0.31688863,149.40874
1.0,0.60088366,295.9162
1.0,0.7513019,2981.3267
1.0,0.2384429,30057.375
1.0,0.517267,581.5734
1.0,0.91847867,1976.8307
1.0,0.53044915,67.076294
1.0,0.44493854,185.01407
1.0,0.99997604,9.065131e+06
1.0,0.42227596,251.72375
1.0,0.49004087,640.284
1.0,0.94847083,2.6974298e+08
1.0,0.27245188,17708.871
1.0,0.55173004,492.328
1.0,0.3771184,925.46014
1.0,0.37866336,147.3044
1.0,0.58002895,107.723274
1.0,0.99041873,1167.3866
1.0,0.3867138,1875.2457
1.0,0.2805163,2784.9111
1.0,0.5324603,73.248024
1.0,0.48116314,305.93643
1.0,0.45109627,458.84213
1.0,0.99110997,844.05475
1.0,0.4780702,6646.7256
1.0,0.9195214,858.0342
1.0,0.59071386,400.31445
1.0,0.2480575,140.90952
1.0,0.99966073,1175.3883
1.0,0.6973358,67.71336
1.0,0.58933455,1781.5685
1.0,0.99999964,136.0661
1.0,0.9508371,1051.2255
1.0,0.9633565,187.49626
1.0,0.4104145,74.11102
1.0,0.39151096,186.83742
1.0,0.3536787,18620.012
1.0,0.27756274,191.08199
1.0,0.9998247,3729.8186
1.0,0.4006467,2275.1094
1.0,0.4225654,115.48606
1.0,0.47228014,109.99979
1.0,0.3963416,90.06875
1.0,0.33859426,90.34815
1.0,0.30297947,23065.873
1.0,0.44626588,6908.7935
1.0,0.30460802,181.02998
1.0,0.27177417,1795.7535
1.0,0.34553093,415.7081
1.0,0.34215057,57313.12
1.0,0.71849674,3430.6284
1.0,0.4769976,2008.71
1.0,0.56876874,93.07307
1.0,0.331571,159.02943
1.0,0.99912673,523.4163
1.0,0.32348236,65.10876
1.0,0.47496444,90.66895
1.0,0.34192124,71.92924
1.0,0.48587957,104.0751
1.0,0.39764857,36639.184
1.0,0.40975744,2802.7056
1.0,0.3392948,708.8607
1.0,0.23627834,514.24994
1.0,0.52514905,72.890015
1.0,0.4157454,238.13759
1.0,0.9158539,2487.4592
1.0,0.42238447,4019.2634
1.0,0.98926044,1921.4135
1.0,0.49026582,158.72617
1.0,0.9895236,113.868324
1.0,0.22926664,2190.4663
1.0,0.39056116,4962.6377
1.0,0.41695473,111.88838
1.0,0.40415668,78.65532
1.0,1.0,10949.852
1.0,0.4512013,105.94866
1.0,0.37847012,815.7103
1.0,0.45063886,9306.364
1.0,0.44650945,72.45814
1.0,0.4645142,405.92886
1.0,0.21990302,240.80061
1.0,0.47680295,1583.9722
1.0,0.2872419,13684.323
1.0,0.98431844,7758.251
1.0,0.5815885,322.78104
1.0,0.27339098,2685.6343
1.0,0.36424524,730.705
1.0,0.63340485,2845.267
1.0,0.4997181,310.3042
1.0,0.99988925,134.0386
1.0,0.2919644,924.0945
1.0,0.99964964,1941.1635
1.0,0.9920116,4228.7324
1.0,0.4148944,137.4641
1.0,0.59489506,1409.335
1.0,0.26405713,464.17044
1.0,0.5038549,1394.7518
1.0,0.926885,886.81116
1.0,0.99998224,20458.867
1.0,0.5272983,233007.88
1.0,0.515633,118.39368
1.0,0.53421795,106.23224
1.0,0.5534311,114.19905
1.0,0.52219355,139.13966
1.0,0.333316,97.07002
1.0,0.9999999,2189.9373
1.0,0.4366425,121.71386
1.0,0.42396626,5026.9595
1.0,0.5291657,470.21738
1.0,0.43350524,399.99875
1.0,0.90813094,2509.4336
1.0,0.4144421,97.868576
1.0,0.38174227,2880.2217
1.0,0.5651536,290.73776
1.0,0.41661325,4088.8696
1.0,0.25943828,110.62178
1.0,0.93847597,88.91074
1.0,0.52917254,110.65051
1.0,0.22987881,23049.746
1.0,0.999992,5.1271053e+08
1.0,0.2580934,134.50314
1.0,0.3696141,167.57144
1.0,0.5750538,73.25828
1.0,0.39179415,381.81287
1.0,0.94164526,40432.35
1.0,0.34234598,90.28243
1.0,0.37689543,88.55191
1.0,0.23385341,896.7026
1.0,0.40558133,5733.2505
1.0,0.61953974,118.56213
1.0,0.3609282,1541.1038
1.0,0.45282272,1554.4081
1.0,0.542635,120.93512
1.0,0.4673361,72.867134
1.0,0.50515354,7388.666
1.0,0.47496444,1357.8688
1.0,0.9999943,2782.075
1.0,0.39074314,392.67587
1.0,0.9495566,15281.0625
1.0,0.2921255,856.54034
1.0,0.65738547,992.19885
1.0,0.5487993,823.2164
1.0,0.26312596,1957.3722
1.0,0.2830384,853.2795
1.0,0.22268951,49568.33
1.0,0.36846358,1625.9824
1.0,0.37339884,457.2647
1.0,0.3743306,92.275734
1.0,0.3344661,77.92403
1.0,0.533911,146.87015
1.0,0.4787815,161.82243
1.0,0.5493103,3314.592
1.0,0.4037462,501.44022
1.0,0.994766,1435.1099
1.0,0.9999238,186.56714
1.0,0.597946,113.7864
1.0,0.8773139,8828.997
1.0,0.4590322,781.4007
1.0,0.47496444,976.5063
1.0,0.46711084,82.43017
1.0,0.3286337,111.388336
1.0,0.19512495,282.25873
1.0,0.787756,2305.3845
1.0,0.4819817,120.448524
1.0,0.31554824,7323.158
1.0,0.4952744,70.73303
1.0,0.9999958,1713.6627
1.0,0.10839137,79.70681
1.0,0.99999976,1988.9355
1.0,0.48923343,8835.902
1.0,0.5442214,100.69179
1.0,0.60546756,6906.901
1.0,0.55985016,154.33101
1.0,0.9215885,76375.586
1.0,0.36673948,119.399704
1.0,0.43689585,585.87775
1.0,0.5503284,114.66304
1.0,0.4233337,315.83566
1.0,0.4410548,151.70503
1.0,0.116538875,1768.6176
1.0,0.45270583,265.7077
1.0,0.99912494,730.73553
1.0,0.9998023,2818.6973
1.0,0.8782555,93.427345
1.0,0.52536494,939.21436
1.0,0.38525298,172.23085
1.0,0.7717111,420.31622
1.0,0.41508052,235.46626
1.0,0.9984686,32548.236
1.0,0.403402,347.5935
1.0,0.24571851,8820.814
1.0,0.44333217,2009.9686
1.0,0.3932646,74.47041
1.0,0.9960736,7337.8066
1.0,0.32759213,190.04774
1.0,0.3987935,995.6626
1.0,0.5253712,451.97003
1.0,0.99999964,655.57513
1.0,0.9414468,4923.8477
1.0,0.49847093,694.19916
1.0,0.2997236,88.50287
1.0,0.2789808,21499.223
1.0,0.5881292,1235.8986
1.0,0.552665,259.7668
1.0,0.34129596,175.89948
1.0,0.48098135,390.94177
1.0,1.0,13673.8545
1.0,0.2804526,530.5236
1.0,0.3697672,66.64022
1.0,0.41411915,121.035545
1.0,0.5008745,3802.797
1.0,0.27711505,2390.143
1.0,0.999995,455.17044
1.0,0.3798834,827.76263
1.0,0.9981857,23399.62
1.0,0.5272386,425.12457
1.0,0.5324869,1015.309
1.0,0.30034435,3239.4185
1.0,0.27467,37423.707
1.0,0.99981374,29391.559
1.0,0.9999999,1828.6345
1.0,0.9939698,272.92224
1.0,0.206476,75536.38
1.0,0.660454,77.37645
1.0,0.42017806,78.31233
1.0,0.19213423,143.07141
1.0,0.2940934,311.06183
1.0,0.494311,1062.3287
1.0,0.50020134,707.29803
1.0,0.98609054,1003.9671
1.0,0.4445088,242.84491
1.0,0.98742014,134.0094
1.0,0.38639608,3372.9592
1.0,0.9997961,1027.3564
1.0,0.9999926,548.4637
1.0,0.32081255,193.38434
1.0,0.42063007,1466.188
1.0,0.34648657,3474.716
1.0,0.41614,21423.982
1.0,0.47688773,2036.53
1.0,0.49304792,2360.2275
1.0,0.28023183,3050.3254
1.0,0.3298722,115.07893
1.0,0.541028,2440.6929
1.0,0.6350907,38205.312
1.0,0.5147896,67.54492
1.0,0.62231874,486.8689
1.0,0.74661946,541.9336
1.0,0.34437323,11497.619
1.0,0.3271151,1170.9135
1.0,0.27392337,29954.883
1.0,0.6096286,392.9603
1.0,0.3002023,70.73491
1.0,0.6464441,136.86757
1.0,0.8191466,147.90485
1.0,0.3456139,137.98564
1.0,0.9691821,73699.42
1.0,0.360299,15162.369
1.0,0.9980671,5.266364e+09
1.0,0.3515184,6691.3735
1.0,0.9913259,7954.119
1.0,0.5504042,483.89066
1.0,0.5546673,84.090744
1.0,0.75880176,4755.456
1.0,0.46268475,120.34225
1.0,0.5462176,1085.2758
1.0,0.36830127,858.10956
1.0,0.99990666,16317.948
1.0,0.40219134,1159.4216
1.0,0.40773353,73.37927
1.0,0.9874928,4393.6055
1.0,0.5046216,155.44737
1.0,0.47496444,2621.187
1.0,0.28965884,16911.99
1.0,0.45879844,585.5398
1.0,0.29783234,521.4772
1.0,0.4974313,905.7411
1.0,0.4440403,72.44205
1.0,0.5062887,26597.975
1.0,0.99162066,426.23785
1.0,0.4793819,492.42395
1.0,0.4731933,27932.04
1.0,0.47496444,70.302505
1.0,0.49438557,2693.5723
1.0,0.36233062,158.77158
1.0,0.26172268,863.11145
1.0,1.0,47443.22
1.0,0.99999774,441.89734
1.0,0.33778575,11034.26
1.0,0.41395438,94.76987
1.0,0.5226728,343.56796
1.0,0.42418656,105.752075
1.0,0.435631,696.1352
1.0,0.9963649,28874.885
1.0,0.40210113,80.28428
1.0,0.34746367,90.2498
1.0,0.99872524,171.44344
1.0,0.39819396,580.49945
1.0,0.36290184,1404.5316
1.0,0.5247471,1323.3225
1.0,0.4598608,2144.926
1.0,0.53402627,79.94464
1.0,0.9981369,23051.037
1.0,0.36791638,377.88812
1.0,0.37375772,6680.9233
1.0,0.30378667,233.57704
1.0,0.31160128,135.62498
1.0,0.26787683,9373.307
1.0,0.74446946,390.35202
1.0,0.5233317,652.30145
1.0,0.37114784,72.21143
1.0,0.47315797,78.38511
1.0,0.41202858,427.70215
1.0,0.43828323,1536.99
1.0,0.45221743,514.51117
1.0,0.6450992,112.94108
1.0,0.9999988,151.97269
1.0,0.32772616,304.4978
1.0,0.30680883,7029.3975
1.0,0.4656876,4206.02
1.0,0.99989533,410410.34
1.0,0.53719777,72.17981
1.0,0.32521874,2159.903
1.0,0.28601313,262.37613
1.0,0.48016074,648.6954
1.0,0.47496444,90.300896
1.0,0.5505796,500.9774
1.0,0.4021366,472.43744
1.0,0.9997758,1997.975
1.0,0.61987954,99.93744
1.0,0.3779613,70.305244
1.0,0.5539262,92.46755
1.0,0.99999845,12314.504
1.0,0.9716826,12867.0625
1.0,0.48585674,66.85084
1.0,0.1885168,988.30865
1.0,0.38632405,168.1774
1.0,0.8767353,1646.0537
1.0,0.9983956,85.31493
1.0,0.45287377,163.52823
1.0,0.3035171,131.97423
1.0,0.26901433,4230.2466
1.0,0.993719,716.09076
1.0,0.48500648,82.695816
1.0,0.23177093,4266.3677
1.0,0.47133896,105.598625
1.0,0.36463723,133.1441
1.0,0.3397,199.65144
1.0,0.3740849,2343.8484
1.0,0.99999917,174787.67
1.0,0.35667142,194.03984
1.0,0.99991155,4827.979
1.0,0.31811965,1222.8676
1.0,0.68896073,94.83331
1.0,0.43798494,187.01003
1.0,0.42599013,1279.3823
1.0,0.36857462,65.685295
1.0,0.34666455,4567.89
1.0,0.3575291,2070.0764
1.0,0.42080966,68.26442
1.0,0.4799679,56586.797
1.0,0.31309262,238.80762
1.0,0.9908351,8454.015
1.0,0.26357496,1403.4834
1.0,0.31154904,100.42162
1.0,0.4098824,261.81226
1.0,0.439729,2418.8306
1.0,0.21298534,9317.232
1.0,0.5897667,433.79404
1.0,0.99944454,28566.861
1.0,0.53682375,10862.3545
1.0,0.58267796,1441.8752
1.0,0.52005017,401.40155
1.0,0.49823344,265.16678
1.0,0.40174687,2144.7705
1.0,0.29212463,4006.627
1.0,0.42427865,226.54366
1.0,0.42728135,15637.803
1.0,0.33099023,108.21333
1.0,0.37586766,119.990036
1.0,0.64525473,5467.2407
1.0,0.40685382,4516.518
1.0,0.31621316,197.82779
1.0,0.43986475,81.09796
1.0,0.3818503,183.274
1.0,0.5828141,1054.8182
1.0,0.98072374,1193.3777
1.0,0.6211896,162.15573
1.0,0.44003624,123.78677
1.0,0.507207,69.100296
1.0,0.49298644,87.95579
1.0,0.5547744,1787.8694
1.0,0.99998915,805293.8
1.0,0.89434963,1571.6621
1.0,0.24343851,31621.873
1.0,0.55498546,130.98343
1.0,0.5077505,73.750496
1.0,0.5202256,344.53595
1.0,0.99971384,11468.066
1.0,0.37122282,97.88615
1.0,0.4069323,1436.9767
1.0,0.5332431,192.28381
1.0,0.42254978,189.49268
1.0,0.47478282,108.61043
1.0,0.37521172,99.63494
1.0,0.7195415,518.2949
1.0,0.4547429,74.43203
1.0,0.46488556,108.44753
1.0,0.2749752,89.21503
1.0,0.42987573,924.59985
1.0,0.9832804,4252.263
1.0,0.32705784,78.85429
1.0,0.50071377,70.474266
1.0,0.5283768,118.5704
1.0,0.48032516,428.04907
1.0,0.41743606,2301.975
1.0,0.9999789,20457.723
1.0,0.33100396,102.75657
1.0,0.1480158,536.64307
1.0,0.88431495,16862.596
1.0,0.4822956,213.9225
1.0,0.4905726,2925.402
1.0,0.38071498,1532.9325
1.0,0.48824438,309.31824
1.0,0.89643073,473.34476
1.0,0.4524461,120.03148
1.0,0.5094246,120.90472
1.0,0.49223444,131.15266
1.0,0.32075465,4495.3633
1.0,0.81660265,1527.1184
1.0,0.9786187,437.65234
1.0,0.9985234,17421.633
1.0,0.25718406,8308.01
1.0,0.40231115,120.05771
1.0,0.846065,895.15765
1.0,0.6541233,336.3769
1.0,0.36747864,450.745
1.0,0.9657886,155.90195
1.0,0.9961696,7054.119
1.0,0.50335103,2052.256
1.0,0.599085,1099.6627
1.0,0.8600241,1039.2233
1.0,0.5224389,3387.197
1.0,0.48681775,77.98946
1.0,0.5003357,461.89462
1.0,0.42441946,883.5485
1.0,0.36462897,142.08331
1.0,0.33219975,87.35596
1.0,0.39481595,116.82053
1.0,0.5256154,73.68772
1.0,0.99969244,264.29538
1.0,0.31708884,1582.8544
1.0,0.32544926,311.2868
1.0,0.99998844,1.8145165e+06
1.0,0.56714624,150.06125
1.0,0.33793828,88.17426
1.0,0.4654268,2064.2515
1.0,0.56166524,5301.8066
1.0,0.45717654,2118.5833
1.0,0.7645,388.86337
1.0,0.48503396,231.10284
1.0,0.5133295,73.07347
1.0,0.43298036,440.0019
1.0,0.6578133,5567.2075
1.0,0.3997804,858.7137
1.0,1.0,15222.085
1.0,0.9997105,992.2054
1.0,0.5607891,984.0787
1.0,0.6393334,1227.9897
1.0,0.35144928,1133.0145
1.0,0.60119116,152.81892
1.0,0.9985253,25845.248
1.0,0.99999976,4748.113
1.0,0.35997778,8425.196
1.0,0.4867929,600.8369
1.0,0.31373534,86.042145
1.0,0.480828,21164.186
1.0,0.9994691,68.58687
1.0,0.85139287,9308.95
1.0,0.47227186,232.19193
1.0,0.47330093,110.13067
1.0,0.3682126,484.05963
1.0,0.31770048,138.95204
1.0,0.999985,3511.5981
1.0,0.53354913,380.58902
1.0,0.83318967,96.76279
1.0,0.3483333,71.07883
1.0,0.46776232,107.998795
1.0,0.28477907,49519.26
1.0,0.39534298,22949.543
1.0,0.30619544,83.99898
1.0,0.9991008,22813.678
1.0,0.25828117,49863.582
1.0,0.46492386,2279.0095
1.0,0.4127464,520.29364
1.0,0.4854545,215.12256
1.0,0.31970295,115.65514
1.0,0.4128499,3476.8054
1.0,0.23745479,581.9433
1.0,0.4061145,232.47112
1.0,0.47158808,34222.652
1.0,0.31936783,162.38245
1.0,0.8236616,71.161934
1.0,0.47496444,217.07144
1.0,0.46785635,664.16815
1.0,0.3069324,77.20283
1.0,0.42201465,294.45352
1.0,0.43396375,67.99867
1.0,0.2487346,759.7994
1.0,1.0,30778.191
1.0,0.99727577,316.27048
1.0,0.99982846,6226.125
1.0,0.7087798,133.30779
1.0,0.5119923,90.645065
1.0,0.5298212,2196.1182
1.0,0.3414657,10916.636
1.0,0.52937376,269.32452
1.0,0.43133047,198.71773
1.0,0.5317794,537.4618
1.0,0.38666353,140.78348
1.0,1.0,10604.386
1.0,0.98467743,937.78876
1.0,0.67184156,299.24078
1.0,0.3953811,9776.874
1.0,0.4748507,747.59686
1.0,0.9999956,421.45258
1.0,0.42877424,430.9606
1.0,0.3138592,95.20534
1.0,0.5794281,1244.98
1.0,0.25116315,1576.497
1.0,0.30764684,29813.693
1.0,0.48069724,96.22548
1.0,0.42983788,162.5421
1.0,0.38790074,1096.3168
1.0,1.0,2663.7312
1.0,0.5912069,752.9617
1.0,0.6857109,276.02124
1.0,0.45229545,312.7292
1.0,0.32801947,23809.432
1.0,0.26045865,6909.973
1.0,0.9999417,2653.9849
1.0,0.5028614,101.65856
1.0,0.48522857,2926.8928
1.0,0.2937493,3821.9536
1.0,0.29723504,80.53789
1.0,0.48390692,1097.8706
1.0,0.45822302,74.78279
1.0,0.47040778,418.37576
1.0,0.3249817,2352.0425
1.0,0.2240141,260.54993
1.0,0.4785644,419.52713
1.0,0.9996581,39729.312
1.0,0.38011587,129.941
1.0,0.33623153,65.20401
1.0,0.97094226,24139.941
1.0,0.48466462,76.50081
1.0,0.29833707,518.22125
1.0,0.49892762,211.09615
1.0,0.3095776,69.95655
1.0,0.4279986,210.19554
1.0,0.0676002,172.24683
1.0,0.567215,90.83493
1.0,0.37331408,431.29834
1.0,0.483611,67.01395
1.0,0.99997413,97708.33
1.0,0.40443987,176.38577
1.0,0.47352242,1113.6693
1.0,0.38134497,10411.225
1.0,0.30953217,1160.2571
1.0,0.24382225,283.1965
1.0,0.4421931,118.4343
1.0,0.55730337,11856.005
1.0,0.44293243,198.96562
1.0,0.2700429,3157.4727
1.0,0.2700117,12023.117
1.0,0.44575444,158.1713
1.0,0.304274,8667.6045
1.0,0.4788941,1030.2764
1.0,0.5275182,1064.8021
1.0,0.3931378,666.1363
1.0,0.1958794,3024.9265
1.0,0.3857921,150.81255
1.0,0.2447894,5145.563
1.0,0.5174196,895.3764
1.0,0.42284614,68147.19
1.0,0.3658542,240.53902
1.0,0.35989448,1878.4944
1.0,0.99865746,219.56494
1.0,0.60240114,6114.588
1.0,0.36593196,15094.035
1.0,0.5713625,9291.703
1.0,0.36047977,488.8905
1.0,0.51132196,5738.7456
1.0,0.5335014,2075.2651
1.0,0.42346978,344.97165
1.0,0.5162541,286.70807
1.0,0.4314025,211.74553
1.0,0.44195053,349.6442
1.0,0.9971269,72.51807
1.0,0.3940313,3615.8042
1.0,0.47913536,419.40073
1.0,0.5040998,1264.0359
1.0,0.5661793,466.6242
1.0,0.3679997,1003.01514
1.0,0.5410364,613.0301
1.0,0.83183783,2199.726
1.0,0.75641215,113.427536
1.0,0.52099097,1578.0027
1.0,0.34932166,221.67549
1.0,0.99998283,78.81586
1.0,0.99099886,617.0026
1.0,0.22443643,927.82306
1.0,0.2841117,671.95123
1.0,0.48652422,92.57818
1.0,0.67755115,1167.7001
1.0,0.7585923,69834.79
1.0,0.43593213,98.81909
1.0,0.80412203,143.76088
1.0,1.0,10753.195
1.0,0.3095807,1146.0125
1.0,0.428456,143.0872
1.0,0.5071427,402.8767
1.0,0.5094611,78.470726
1.0,0.31246218,140.3868
1.0,0.5212417,3144.404
1.0,0.36683133,1375.2804
1.0,0.98591125,5277.217
1.0,0.6920032,70.09962
1.0,0.45956343,87.32618
1.0,0.99951863,252.7658
1.0,0.66218793,960.0964
1.0,0.9998685,11738.008
1.0,0.31522804,171.06305
1.0,0.64097005,2300.396
1.0,0.996572,14754.235
1.0,0.9999641,7321.9844
1.0,0.504692,201.1482
1.0,0.58235294,1839.0028
1.0,0.91932064,628.6318
1.0,0.39272496,108.17817
1.0,0.6086097,540.23065
1.0,0.4576767,298.6444
1.0,0.33801264,641.50165
1.0,0.47496444,642.896
1.0,0.9765099,86.30698
1.0,0.5116653,9008.517
1.0,0.6841528,155.79123
1.0,0.999574,29065.957
1.0,0.5766785,82.2821
1.0,0.99999714,2620.0679
1.0,0.98813605,1371.7192
1.0,0.34617656,16158.523
1.0,0.4570771,86.0579
1.0,1.0,7842.9727
1.0,0.3234011,106.72706
1.0,0.26771557,155.04433
1.0,0.9989531,954.8338
1.0,0.38389072,70.15141
1.0,0.9136666,13608.374
1.0,0.5020362,280.82193
1.0,0.5944034,950.8265
1.0,0.9678689,16385.688
1.0,0.4177275,228.57254
1.0,0.4859132,151.82909
1.0,0.3059145,5251.548
1.0,0.8815012,3042.019
1.0,0.39276606,79.4844
1.0,0.35068616,556.4971
1.0,0.5405603,394.60065
1.0,0.41845515,207.11507
1.0,0.4799406,403.77655
1.0,0.9999019,559.842
1.0,0.3404217,1201.2726
1.0,0.3387323,78.04206
1.0,0.636309,5024.079
1.0,0.54924566,800.67926
1.0,0.7902192,109.126625
1.0,0.88318306,1298.3944
1.0,0.6198128,2571.3828
1.0,0.40427774,238.69267
1.0,0.24819154,75.78231
1.0,0.36849618,121.47315
1.0,0.28187945,780.8638
1.0,0.31323734,72.76058
1.0,0.55021137,24047.115
1.0,0.8599222,78.995575
1.0,0.2864844,910.24426
1.0,0.43382606,705.6594
1.0,0.54785216,700.15027
1.0,0.5199204,145.09193
1.0,0.26065004,30523.773
1.0,0.59711915,3566.2185
1.0,0.51809555,9490.752
1.0,0.59621274,7706.083
1.0,0.48404476,413.8616
1.0,0.4564618,345.16486
1.0,0.989782,7365.505
1.0,1.0,404.31955
1.0,0.43843746,2757.7969
1.0,0.3176664,35566.344
1.0,0.4920582,434.78107
1.0,0.4755514,6012.134
1.0,0.27476257,11899.667
1.0,0.9999999,98.87938
1.0,0.3849837,76.07338
1.0,0.47500795,76.995346
1.0,0.3811759,568.65765
1.0,0.74343425,436.84125
1.0,0.9944095,764.11786
1.0,0.21352348,898.44147
1.0,0.99853456,10320.233
1.0,0.47477654,730.3862
1.0,0.48335564,167.5067
1.0,0.7120403,96.98085
1.0,0.37485975,74.45723
1.0,0.9999262,6720.604
1.0,0.6106877,75.80892
1.0,0.4494604,2010.7456
1.0,0.99949896,71.11304
1.0,0.5628184,73.87587
1.0,0.45161083,1382.4929
1.0,0.4086823,103.61465
1.0,0.5247222,746.94415
1.0,0.97577614,2182.7214
1.0,0.28380182,408.89594
1.0,0.5338853,84.82489
1.0,0.43809158,422.42172
1.0,0.5132562,800.00793
1.0,0.5397667,138.09848
1.0,0.26155645,84.35045
1.0,0.375126,136.41689
1.0,0.49234965,2051.552
1.0,0.9933515,15035.7295
1.0,0.42397618,1032.5266
1.0,0.39793143,925.94293
1.0,0.36967257,95.67212
1.0,0.99999976,1992.2816
1.0,0.9426774,155.03284
1.0,0.6182183,83.21101
1.0,0.66185844,2565.513
1.0,0.5718171,16506.87
1.0,0.42244905,230.62617
1.0,0.44191512,104.27687
1.0,0.31212047,847.943
1.0,0.47184023,366.04944
1.0,0.3557933,85.712135
1.0,0.70896304,2257.6396
1.0,0.99993825,7462.6216
1.0,0.5449008,3534.7595
1.0,0.48161492,73.06212
1.0,0.99980515,11471.315
1.0,0.31533876,4334.938
1.0,0.394842,477.64978
1.0,0.3694428,882.6817
1.0,0.58623284,95.38418
1.0,0.4179029,225.07986
1.0,0.33860958,3794.541
1.0,0.39268234,165.72472
1.0,0.5412396,941.4491
1.0,0.58755326,10237.801
1.0,0.31045043,67.345535
1.0,0.54687595,6503.135
1.0,0.3097629,267.3877
1.0,0.30475587,7579.1675
1.0,0.4842143,153.80112
1.0,0.42153496,1123.7993
1.0,0.987294,105593.64
1.0,0.5747854,668.43134
1.0,0.9922879,1152.2546
1.0,0.46468037,1453.7969
1.0,0.4826354,1464.8428
1.0,0.2593726,48252.45
1.0,0.95721596,776.70215
1.0,1.0,694.1576
1.0,0.34464717,663.12103
1.0,0.5138815,471.66544
1.0,0.40914747,467.40588
1.0,0.3454306,3326.147
1.0,0.29588845,174.95049
1.0,0.47857735,277.80975
1.0,0.4741311,201.08923
1.0,0.6414918,489.75684
1.0,0.49934158,4382.416
1.0,0.27645263,221.87212
1.0,0.72294605,769.6232
1.0,0.99981886,813.4757
1.0,0.3040519,16003.345
1.0,0.47642648,147.94862
1.0,0.9980502,1.6669658e+06
1.0,0.7535426,213.26749
1.0,0.6354179,4989.455
1.0,0.50234675,314.55432
1.0,0.40126583,164.3686
1.0,0.73356056,143.02995
1.0,0.44638148,92.68619
1.0,0.42011338,221.02768
1.0,0.4456843,77.582405
1.0,0.37884852,105.32102
1.0,0.52729326,311.80914
1.0,0.46788025,9077.846
1.0,0.3075022,114.14709
1.0,0.4364158,773.7648
1.0,0.5701368,251.22469
1.0,0.9736034,494.3077
1.0,0.43136844,330.9214
1.0,0.5406184,88.12265
1.0,0.5424113,66.169556
1.0,0.40448958,142.3454
1.0,0.43895015,140.8134
1.0,0.4042984,242.05736
1.0,0.4496081,99.73498
1.0,0.44854122,253.22649
1.0,1.0,989.48834
1.0,0.24012274,612.1856
1.0,0.9683364,28903.56
1.0,0.33005008,224.61476
1.0,0.3220044,769.88605
1.0,0.41281924,81.945854
1.0,0.5658983,1095.4203
1.0,0.45119885,170.63724
1.0,0.67170435,140.72267
1.0,0.35039654,82.67213
1.0,0.43473503,1477.7273
1.0,0.42178836,183.12756
1.0,0.6590601,2015.6162
1.0,0.99999607,41034.094
1.0,0.34619874,121.23505
1.0,0.9999329,590.3156
1.0,0.37849408,4315.155
1.0,0.76581603,3663.9062
1.0,0.42513838,69.006165
1.0,0.9744888,113.70004
1.0,0.999997,40547.63
1.0,0.42281076,178.3369
1.0,0.36843464,10826.491
1.0,0.6473476,894.6114
1.0,0.4590117,90.140915
1.0,0.6158808,85.7535
1.0,0.31633693,161.78815
1.0,0.27648363,20462.059
1.0,0.5053415,118.2694
1.0,0.56848854,114.37579
1.0,0.37979788,119.28295
1.0,0.198688,68845.84
1.0,0.9996196,416.7114
1.0,0.38724104,3139.6277
1.0,0.27907997,256.99066
1.0,0.46818316,2366.2214
1.0,0.26376972,105.415016
1.0,0.27076656,226.15236
1.0,0.4126304,478.82965
1.0,0.39562535,229.3108
1.0,0.3877182,427.14343
1.0,0.4897784,92.77632
1.0,0.99989736,2.031523e+06
1.0,0.46016005,84.76401
1.0,0.5680414,1912.6501
1.0,0.99998593,5745.876
1.0,0.999161,3861.86
1.0,0.99916756,19011.963
1.0,0.38658765,191.3233
1.0,0.97209,250.30385
1.0,0.5421435,5401.4795
1.0,0.52850074,129.4171
1.0,0.3419585,791.48816
1.0,0.37174568,286.94708
1.0,0.42020488,66.42819
1.0,0.4881577,81.3444
1.0,0.40151188,4224.472
1.0,0.47772247,82.70358
1.0,0.3185728,301.61493
1.0,0.6108404,5386.57
1.0,0.5773653,20315.05
1.0,0.49039257,675.00775
1.0,0.32518962,65.954
1.0,0.45198467,468.54813
1.0,0.46298742,50152.117
1.0,0.31731343,8268.506
1.0,0.41802624,111.28975
1.0,0.9931532,3567.1975
1.0,0.47496444,134.69733
1.0,0.21849453,1982.4081
1.0,0.99990535,90.77162
1.0,0.99998426,1781.6038
1.0,0.3028964,32581.846
1.0,0.999915,3472.9539
1.0,0.5057296,1589.8842
1.0,0.9574711,108.54968
1.0,0.43542418,2372.5103
1.0,0.19566531,151.85568
1.0,0.94770306,70.08359
1.0,0.4129176,509.28812
1.0,0.4088747,68.84195
1.0,0.35356912,3020.4807
1.0,0.643746,7807.137
1.0,0.3709128,136.19374
1.0,0.53610474,80.43794
1.0,0.3408806,7437.8115
1.0,0.3870549,2379.2026
1.0,0.9982857,1.0066659e+06
1.0,0.54932976,385.55792
1.0,0.3420099,144.64767
1.0,0.9999852,1.2384034e+06
1.0,0.38459557,1863.8973
1.0,0.36066452,96.16193
1.0,0.27735558,82.03104
1.0,0.39468506,189.61183
1.0,0.3603926,7652.2905
1.0,0.48433647,76.79993
1.0,0.16632,9838.448
1.0,0.38096505,1137.5155
1.0,0.4633651,335.8973
1.0,0.9081801,142.13269
1.0,0.38675013,7894.1606
1.0,0.21208759,3987.8845
1.0,0.2920039,111.42613
1.0,0.27473235,8150.832
1.0,0.47375858,14227.407
1.0,0.3078802,115.42553
1.0,0.34971505,69.30855
1.0,0.5022465,92.378
1.0,0.39381155,112.47152
1.0,0.4015344,773.7435
1.0,0.13693525,7618.4014
1.0,0.31221384,4672.4478
1.0,0.97673506,2618.5464
1.0,0.589478,101.29067
1.0,0.43684086,92.56141
1.0,0.37782288,168.92245
1.0,0.32485095,10743.943
1.0,0.5649055,15320.677
1.0,0.5580184,8231.604
1.0,0.28024855,302.9094
1.0,0.32709253,748.9858
1.0,0.37680176,76.99904
1.0,0.44849613,142.78087
1.0,0.3434407,167.37737
1.0,0.39426568,6048.128
1.0,0.34090164,220.03276
1.0,0.42801082,1308.4163
1.0,0.7324725,110951.24
1.0,0.60731256,80488.27
1.0,0.71247953,1724.7733
1.0,0.99999964,37741.066
1.0,0.6844767,1830.5751
1.0,0.9824874,1199.7732
1.0,0.49009836,168.39764
1.0,0.5397129,689.925
1.0,0.9999993,9112.843
1.0,0.30623233,7253.093
1.0,0.33908108,91.663055
1.0,0.5032807,5217.3774
1.0,0.99999845,935.4451
1.0,0.38734332,1305.2667
1.0,0.37235233,2673.8242
1.0,0.61941355,20712.19
1.0,0.9854827,63736.336
1.0,0.52013403,3309.8281
1.0,0.99988735,6522.8286
1.0,0.96384656,121.77602
1.0,0.27116355,196.88596
1.0,0.4981854,3174.5107
1.0,0.9542582,578.4778
1.0,0.5126366,7861.0513
1.0,0.39503002,319.81442
1.0,1.0,3690.2107
1.0,0.3483921,237.93935
1.0,0.4554606,93.35369
1.0,0.5896093,427.36017
1.0,0.5077566,80.10939
1.0,0.5141024,409.6745
1.0,0.13608855,2957.056
1.0,0.21480696,865.0777
1.0,0.3764309,679.29767
1.0,0.40698567,539.2256
1.0,0.39659876,610.1962
1.0,0.32104206,4698.1045
1.0,0.64552855,2404.231
1.0,0.30423385,91.08966
1.0,0.432516,133.85873
1.0,0.33502692,118.97048
1.0,1.0,14458.996
1.0,0.36352712,9609.68
1.0,0.4026994,338.35138
1.0,0.9992483,148.93736
1.0,0.48898783,152.8759
1.0,0.5524913,122.13762
1.0,0.6886098,119.45858
1.0,0.47957,117.001076
1.0,0.3132562,332.49805
1.0,0.38262913,855.1877
1.0,0.42951524,4941.167
1.0,0.57371044,2276.311
1.0,0.98688567,58232.23
1.0,0.8183157,243.19365
1.0,0.58189577,69.90138
1.0,0.18744211,2616.5046
1.0,0.5009742,87.74568
1.0,0.3143005,1081.3833
1.0,0.3433565,74.619415
1.0,0.9999988,7323.6323
1.0,0.4625377,482.404
1.0,0.2683862,2555.0808
1.0,0.20374437,6918.745
1.0,0.4841426,78.76676
1.0,0.97518116,1148.2279
1.0,0.6040783,2281.4805
1.0,0.99992085,76895.51
1.0,1.0,21865.906
1.0,0.43235865,767.27264
1.0,0.69242495,10754.412
1.0,0.54585737,27886.564
1.0,0.42931768,253.94482
1.0,0.3550817,65.139145
1.0,0.3245163,2832.2168
1.0,0.27890053,105.87993
1.0,0.40704554,722.83124
1.0,0.9429144,214.98938
1.0,0.28178692,518.12054
1.0,0.34693238,687.68567
1.0,0.46007928,1473.0927
1.0,0.44743624,679.0505
1.0,0.41433915,360.96936
1.0,0.38793358,351.1284
1.0,0.38700518,186.01733
1.0,0.4021724,3645.2817
1.0,0.63683766,120.19567
1.0,0.4449784,401.25482
1.0,0.35258543,246.73242
1.0,0.5287052,16633.715
1.0,0.30074647,773.8136
1.0,0.38515174,71.47566
1.0,0.4044127,373.33685
1.0,0.40283072,1735.2003
1.0,0.5387193,2188.3125
1.0,0.5224054,104.22147
1.0,0.84540576,4066.3323
1.0,0.9998215,7954.3765
1.0,0.5415118,169.69931
1.0,0.25937682,7514.817
1.0,0.49933153,3525.4246
1.0,0.53779846,269.88147
1.0,0.30634037,90.799385
1.0,0.6659264,184.37874
1.0,0.5666158,10694.513
1.0,0.7969704,2750.2961
1.0,0.40159646,420.15936
1.0,0.52798504,208.7685
1.0,0.99998415,3381.393
1.0,0.2783152,81.75619
1.0,0.5195281,278.84174
1.0,0.9382606,2519.9253
1.0,0.5535203,2887.5012
1.0,0.38143003,469.02036
1.0,0.34826624,78283.984
1.0,0.5245837,3616.763
1.0,0.9999745,7845.8193
1.0,0.37116536,190.61041
1.0,0.8018233,91.122696
1.0,0.28501955,1014.1085
1.0,0.099424995,146.9311
1.0,0.42150337,11207.767
1.0,0.3932371,182.74474
1.0,0.49016792,1692.4565
1.0,0.967335,2112.908
1.0,0.9931359,3052.508
1.0,0.4864405,576.76385
1.0,0.28014827,404.03064
1.0,0.4543924,1652.4023
1.0,0.3261937,1264.0089
1.0,0.3399833,957.3621
1.0,0.9956879,11442.371
1.0,0.48122293,299.9088
1.0,0.36163813,442.95218
1.0,0.41191068,91.412346
1.0,0.49401978,80.65682
1.0,0.4529207,227.33888
1.0,0.9984048,2383.0144
1.0,0.55505544,111.10033
1.0,0.2283833,1892.3726
1.0,0.47549012,1480.397
1.0,0.4895643,1382.6333
1.0,0.40517795,510.53156
1.0,0.12559232,7642.6343
1.0,1.0,1.0391468e+06
1.0,0.9998518,2770.1482
1.0,0.26405814,13928.144
1.0,0.43052715,20966.873
1.0,0.98113567,13982.462
1.0,0.4908379,178.07901
1.0,0.47335082,81.980995
1.0,0.4502129,147.49384
1.0,0.23176037,553.2851
1.0,0.99731416,2936.5334
1.0,0.5296882,533.10187
1.0,0.32443264,377.5035
1.0,0.4799393,231.96718
1.0,0.39985615,91.39441
1.0,0.3299658,5071.2476
1.0,0.6447966,2763.8716
1.0,0.99995637,93.49071
1.0,0.52091634,72.526146
1.0,0.37455496,1280.5853
1.0,0.70003307,11763.928
1.0,0.5025186,95.490456
1.0,0.2660538,369.2894
1.0,0.5376058,114.449905
1.0,0.9998288,1804.109
1.0,0.5427092,74.72386
1.0,0.98053575,10411.396
1.0,0.38693485,4083.033
1.0,0.3621218,4596.108
1.0,0.27295682,1095.869
1.0,0.39096022,2237.4294
1.0,0.6852885,121.44361
1.0,0.30789694,98.61002
1.0,0.33655456,375.98212
1.0,0.5899919,1003.6926
1.0,0.37578183,143.35255
1.0,0.36922893,328.39642
1.0,0.40701652,65.62921
1.0,0.3557463,8474.488
1.0,0.44760758,125.817894
1.0,0.2031096,1011.62024
1.0,0.3113709,18327.713
1.0,0.7150962,22950.098
1.0,0.4255669,226.37122
1.0,0.41136956,318.07297
1.0,0.3877847,78.13813
1.0,0.39687693,144.30124
1.0,0.4460009,975.77374
1.0,0.37863684,1265.4954
1.0,0.9999999,4444.6553
1.0,0.34685674,193.71745
1.0,0.36148307,65.851524
1.0,0.76706547,106433.69
1.0,0.49854347,5728.245
1.0,0.3349525,72.58538
1.0,0.39442122,125.90965
1.0,0.4000244,121.28011
1.0,0.64073676,3066.122
1.0,0.38459232,100.958244
1.0,0.9979456,796.9903
1.0,0.39462015,463.4295
1.0,0.41852584,168.33313
1.0,0.4206718,1028.9097
1.0,0.9969177,65.230255
1.0,0.5295204,409.32178
1.0,0.47496444,70.55022
1.0,0.21923818,1709.3491
1.0,0.4617888,19973.629
1.0,0.39859685,94.09833
1.0,0.638469,491.98
1.0,0.247733,14370.509
1.0,0.23996821,91.33552
1.0,0.32592884,485.27664
1.0,0.9980124,5717.3213
1.0,0.49382994,1412.6449
1.0,0.21815293,160.3959
1.0,0.9999397,30038.8
1.0,1.0,11501.508
1.0,0.999964,51940.664
1.0,0.3621616,141.3922
1.0,0.32716495,86.306694
1.0,0.5820523,91.66066
1.0,0.366037,462.8112
1.0,0.40403488,75.57192
1.0,0.3826524,86.825165
1.0,0.99980706,4688.1387
1.0,0.3404536,162.59377
1.0,0.24514371,323.17023
1.0,0.38071403,1233.478
1.0,0.382791,271.8792
1.0,0.52254,688.69965
1.0,0.26392353,4588.2676
1.0,0.25680134,3909.0312
1.0,0.53012514,1534.9562
1.0,0.39938578,692.0941
1.0,0.99999654,2266.346
1.0,0.36196235,214.43173
1.0,0.3987956,213.3607
1.0,0.855085,955.6865
1.0,0.59837735,9906.259
1.0,0.452598,728.1998
1.0,0.41651717,3326.2236
1.0,0.48430422,89.932625
1.0,1.0,1.8633715e+06
1.0,0.40694702,143.86153
1.0,0.44989088,450.63885
1.0,0.5140478,178.06396
1.0,0.16948132,51666.117
1.0,0.7711436,4440.953
1.0,0.4712875,530.9531
1.0,0.5698254,161.0444
1.0,0.9859511,1045.5363
1.0,0.2905795,20497.63
1.0,0.3599265,2068.3713
1.0,0.35305077,120.08618
1.0,0.28503323,203.72704
1.0,0.9855788,4800.7485
1.0,0.46498817,144.0456
1.0,0.25946033,561.9105
1.0,0.45340142,66.341415
1.0,0.51522166,1628.5248
1.0,0.38150677,1525.0374
1.0,0.6350258,827.3678
1.0,0.63827807,5676.751
1.0,0.9999281,924.67194
1.0,0.6214473,354.8231
1.0,0.5071546,1222.7018
1.0,0.37233865,76.69401
1.0,0.3582243,7267.6167
1.0,0.2557855,31099.883
1.0,0.36400366,245.9066
1.0,0.35592926,164.66321
1.0,0.36811778,471.36725
1.0,0.3925927,879.9723
1.0,0.7008124,620.48773
1.0,0.33577394,480.40366
1.0,0.920084,689.3049
1.0,0.41832432,81.89189
1.0,0.17818093,20294.297
1.0,0.290131,71.45841
1.0,0.28245008,23109.27
1.0,0.3852297,374.80496
1.0,0.55689347,628.2923
1.0,0.9096752,123.25596
1.0,0.35517287,118.52465
1.0,0.48096153,859.4843
1.0,0.75694865,2793.3633
1.0,0.41479784,382.82407
1.0,0.58667994,8202.643
1.0,0.99922943,1230.9988
1.0,0.47496444,2748.4443
1.0,0.29797792,295.83823
1.0,0.55521965,3.6007e+10
1.0,0.3334467,304.15195
1.0,0.686839,143.85458
1.0,0.35096154,95.793045
1.0,0.9985055,6149.9053
1.0,0.4706362,652.7406
1.0,0.42648193,7269.8633
1.0,1.0,1.1652155e+06
1.0,0.15659733,425.6042
1.0,0.5124525,3814.8433
1.0,0.39403886,69.947945
1.0,0.2996151,395.25085
1.0,0.55885655,5282.866
1.0,0.641636,3586.3936
1.0,0.39823478,124.84508
1.0,0.3930102,271.48978
1.0,0.5082577,400.14944
1.0,0.98593336,12352.339
1.0,0.17189655,828.3763
1.0,0.5106418,28021.64
1.0,0.51978785,10754.364
1.0,0.35871166,111.32769
1.0,0.6929441,2450.0122
1.0,0.97847384,262831.4
1.0,0.9999999,14650.311
1.0,0.49220464,10491.09
1.0,0.996923,17495.625
1.0,0.3230464,746.7818
1.0,0.40882447,919.26636
1.0,0.6128314,101.366325
1.0,0.42408687,176.9478
1.0,0.3570886,76.637
1.0,0.45589072,542.4125
1.0,0.47496444,193.25624
1.0,0.5822524,222.30444
1.0,1.0,10804.547
1.0,0.3813224,424.2682
1.0,0.31425014,2368.9143
1.0,0.33708438,87.89482
1.0,0.47069797,157.16093
1.0,0.36716318,129.31262
1.0,0.4720604,287.81165
1.0,0.5743726,83.81166
1.0,0.87427306,1216.9841
1.0,0.3310581,2544.4302
1.0,0.32380491,241.47841
1.0,0.99996006,278.74057
1.0,0.33860868,70.04328
1.0,0.3851265,286.20734
1.0,0.2940489,332.6936
1.0,0.3760073,71.18635
1.0,0.50852466,19188.371
1.0,0.6610055,1604.4504
1.0,0.96857876,913.23236
1.0,0.5144704,91.06076
1.0,0.32790416,4573.4053
1.0,0.37428576,149.25781
1.0,0.97361463,58466.645
1.0,0.4468941,106.2848
1.0,0.7574338,6484.4043
1.0,0.46077257,68.347176
1.0,0.17467724,53659.152
1.0,0.551075,1788.7815
1.0,0.4832153,239.23369
1.0,0.3855086,5659.003
1.0,0.19243711,601.9475
1.0,0.5005066,21251.508
1.0,0.9488272,1602.3054
1.0,0.90419877,73.365776
1.0,0.9999999,27426.352
1.0,0.60112363,4959.669
1.0,0.35038996,193.76457
1.0,0.28142154,72.07824
1.0,0.5417207,5854.977
1.0,1.0,2106.959
1.0,0.9999999,623.97845
1.0,0.26991004,2272.488
1.0,0.5021117,104.123795
1.0,0.2781872,1310.537
1.0,0.9833823,759.2498
1.0,0.999995,11318.221
1.0,0.44167036,168.89203
1.0,0.5130687,217.85233
1.0,0.48465788,379.66458
1.0,0.43418992,705.02905
1.0,0.9712729,179.44153
1.0,0.26278752,1136.7614
1.0,0.66832316,71.52991
1.0,0.44215482,1156.575
1.0,0.41385013,68.15051
1.0,0.375316,105.13062
1.0,0.43228528,158.25902
1.0,0.4037193,194.24362
1.0,0.3486342,135.50658
1.0,0.18784319,284.7472
1.0,0.38041618,192.22554
1.0,0.35168803,23265.867
1.0,0.9999865,2910.006
1.0,0.46024463,828.05896
1.0,0.8173193,1703.843
1.0,0.4562983,199.82239
1.0,0.9159979,243.87898
1.0,0.41723216,2482.694
1.0,0.99881136,22417.979
1.0,0.930137,110.14663
1.0,0.9998367,15615.961
1.0,0.56489104,2570.773
1.0,0.99999726,23168.744
1.0,0.36521676,85.91362
1.0,0.33045983,168.37694
1.0,0.88899976,20754.803
1.0,0.39731053,82.793686
1.0,0.4696527,223.14175
1.0,0.5187898,14896.354
1.0,0.2889241,1999.1643
1.0,0.28177932,2504.6138
1.0,0.48539454,401.36584
1.0,0.4117526,1952.9254
1.0,0.99995947,968.63525
1.0,0.39470196,187.03569
1.0,0.54557925,149.36905
1.0,0.48230544,282.7193
1.0,0.43162155,546.0521
1.0,0.9469915,1635.8661
1.0,0.48255956,3748.4365
1.0,0.33133212,5148.3267
1.0,0.56437993,2297.0278
1.0,0.99934405,274.83112
1.0,0.42244735,104.84958
1.0,0.35905352,300.3382
1.0,0.43384925,391.37082
1.0,0.9921708,667.9647
1.0,0.6290101,690.5093
1.0,0.99999964,3417.0688
1.0,0.4772119,472.66806
1.0,0.46512017,102.913284
1.0,0.47266123,75.70152
1.0,0.441671,774.33075
1.0,0.5168929,12300.666
1.0,0.9993687,7364.2393
1.0,0.2636357,15810.445
1.0,0.41448134,81.75919
1.0,0.4837808,92.24474
1.0,0.31255355,88.46954
1.0,0.45891997,4082.3
1.0,0.52130765,5393.9854
1.0,0.48472124,66.62248
1.0,0.25126463,3703.624
1.0,0.98385066,110.671715
1.0,0.28079405,1844.3198
1.0,0.28188178,6992.4336
1.0,0.3278095,68.07377
1.0,0.9944425,96.308716
1.0,0.63164216,5662.6265
1.0,0.9216021,478.47675
1.0,0.48458856,76.93718
1.0,0.494607,372.91388
1.0,0.49523795,152.60323
1.0,0.6485569,2677.107
1.0,0.45617384,96.85715
1.0,0.50669163,14248.699
1.0,0.37155417,147.70476
1.0,0.45760304,168.69244
1.0,0.4588196,67.29331
1.0,0.28250787,5293.945
1.0,0.3807644,299.9472
1.0,0.76797485,1244.3186
1.0,0.84252954,692.34265
1.0,0.471035,77.89867
1.0,0.36312717,73.03557
1.0,0.404773,75.55786
1.0,0.37501654,255.65837
1.0,0.37075707,82.67162
1.0,0.980456,71.10297
1.0,0.49922907,230.41573
1.0,0.6620363,81.78923
1.0,0.62654144,109.74531
1.0,0.6304818,3136.7852
1.0,0.39445886,1660.3771
1.0,0.30721468,2068.651
1.0,0.27098626,4044.9226
1.0,0.5771276,72.17171
1.0,0.4502548,173.58272
1.0,0.99999857,1.3194728e+06
1.0,0.9945708,25957.61
1.0,0.2678126,80.292015
1.0,0.42150497,76.73404
1.0,0.27251837,1826.9398
1.0,0.7213932,104.08819
1.0,0.679201,2284.3818
1.0,0.32994527,67.13818
1.0,0.42870316,3825.3457
1.0,0.5357877,2830.577
1.0,0.354415,18911.738
1.0,0.2156266,3710.9346
1.0,0.23432018,1102.4886
1.0,0.53993976,815.71216
1.0,0.3043697,104.4006
1.0,0.4615678,276.78024
1.0,0.37102315,416.40222
1.0,0.37102315,416.40222
1.0,0.4608572,135.95857
1.0,0.54766345,289.37076
1.0,0.5375907,76.02032
1.0,0.35024482,5531.904
1.0,0.98219335,1160.5756
1.0,0.3728428,1230.151
1.0,0.5058635,1354.6523
1.0,0.42091572,73.07532
1.0,0.6399134,2543.8938
1.0,0.44648066,115.34609
1.0,1.0,7249.263
1.0,0.999931,9099.999
1.0,0.9997577,131.44235
1.0,0.9974214,459.65118
1.0,0.42565167,16730.588
1.0,0.49089903,151.79059
1.0,0.5146839,1580.2427
1.0,0.411966,869.9702
1.0,0.44158432,190.17456
1.0,0.3970151,6528.589
1.0,0.25685248,94.906586
1.0,0.48942336,273.85428
1.0,0.30168933,104.20946
1.0,0.92917645,926.26013
1.0,0.55561435,88.006256
1.0,0.6300318,1787.7703
1.0,0.48910233,92.36785
1.0,0.53707445,16161.486
1.0,0.41037676,143.75954
1.0,0.99706954,407.75183
1.0,0.99999535,2.574643e+06
1.0,0.99999976,5876.4165
1.0,0.99998534,1504.4052
1.0,0.603748,59798.133
1.0,0.39174,67.69835
1.0,0.50277203,83.59675
1.0,0.9997756,20722.652
1.0,0.43156776,230.374
1.0,0.5026405,56940.484
1.0,0.19926159,1345.4214
1.0,0.5891815,5723.3447
1.0,0.37217778,173.10605
1.0,0.27557784,177.71414
1.0,0.5154351,503.02832
1.0,0.8167189,70398.86
1.0,0.25076097,658.7792
1.0,0.39120433,8624.733
1.0,0.6220241,82.841156
1.0,0.48401213,394.18625
1.0,0.59514904,268.59924
1.0,0.58656687,164.80855
1.0,0.4315379,321.5727
1.0,0.9719877,1731.7905
1.0,0.5818471,121.41634
1.0,0.4830791,236.74936
1.0,0.48360866,115.36794
1.0,0.3126225,81.64549
1.0,0.25584173,111.1024
1.0,0.5659284,115.969925
1.0,0.9999672,15657.904
1.0,0.6314659,1133.5084
1.0,0.43625534,86.74902
1.0,0.99864775,1003.0757
1.0,0.79351926,7523.093
1.0,0.23366404,188.602
1.0,0.4282743,104.25283
1.0,1.0,8120.836
1.0,0.43838388,986.9239
1.0,0.53961897,120.107544
1.0,0.26379278,464.5286
1.0,0.5027468,72.012764
1.0,0.7406451,340.26627
1.0,0.9999999,172.67136
1.0,0.71017647,5969.2354
1.0,0.27323365,97.891525
1.0,0.17002174,1245.7389
1.0,0.8163029,94.05931
1.0,0.5831539,298.78018
1.0,0.32759356,722.7404
1.0,0.99995494,3918.812
1.0,0.3117357,4468.9634
1.0,0.4704194,449.38385
1.0,0.9971692,7919.6147
1.0,0.9996718,3204.6208
1.0,0.46090442,160.561
1.0,0.5822627,1172.8944
1.0,0.22704342,2873.4592
1.0,0.36096352,1176.9573
1.0,0.99624974,6968.115
1.0,0.9652641,683.258
1.0,0.44546923,12164.038
1.0,0.33078927,1678.5898
1.0,0.36740386,1613.4431
1.0,0.3196118,87.77878
1.0,0.054780323,733.9865
1.0,0.46663398,1148.9783
1.0,0.55773556,209.29521
1.0,0.38852772,68.592026
1.0,0.31213927,2697.3767
1.0,0.31591734,2270.7432
1.0,0.4483612,73.60557
1.0,0.31155545,11474.629
1.0,0.486681,70971.695
1.0,0.30050376,688.6452
1.0,0.57770866,519.32227
1.0,0.22097015,1837.8492
1.0,0.3619893,1633.2037
1.0,0.33824733,272.78326
1.0,0.33961582,1122.1766
1.0,0.6259234,1550.5618
1.0,0.25195432,2144.7305
1.0,0.45930013,1370.3967
1.0,0.9999838,6711.814
1.0,0.4976641,3127.9463
1.0,0.37188306,867.939
1.0,0.5281516,74.30583
1.0,0.40318194,1756.7385
1.0,0.3834384,91.98146
1.0,0.39020512,159.05685
1.0,0.4638194,96.32165
1.0,0.5571495,1731.6593
1.0,0.5332963,523.2865
1.0,0.9970285,1871.796
1.0,0.46598148,80.501816
1.0,0.29114816,66.054245
1.0,0.61869735,577.3135
1.0,0.33359733,146.24861
1.0,0.78472954,128.93665
1.0,0.9658337,136.74281
1.0,0.48180154,76.552734
1.0,0.5432812,839.99756
1.0,0.93051636,14169.478
1.0,0.3397414,82.61287
1.0,0.351048,71.616234
1.0,0.5570642,482.11646
1.0,0.37058613,92.32917
1.0,0.3676051,1521.3948
1.0,0.4082483,754.86224
1.0,0.99997413,613.67523
1.0,0.47496444,93.04055
1.0,0.52902126,162.1438
1.0,0.37272197,160.12079
1.0,0.30939177,109.914314
1.0,0.5933773,1926.6969
1.0,0.2589687,49617.496
1.0,0.47585684,277.80228
1.0,0.31114745,73.09002
1.0,0.6791401,501.3499
1.0,0.6041504,34703.996
1.0,0.5599516,1516.1129
1.0,0.99856156,13894.983
1.0,0.45946294,311.55862
1.0,0.8939687,237.92473
1.0,0.44366705,1331.694
1.0,0.2600967,128.12097
1.0,0.3413778,3868.5376
1.0,0.36054736,94.80957
1.0,0.17684224,1137.4574
1.0,0.9982975,9002.539
1.0,0.45085287,130.98322
1.0,0.9681829,1834.1945
1.0,0.7827747,256.27765
1.0,0.44439614,1237.2604
1.0,0.99074966,3821.2864
1.0,0.9969784,96.94056
1.0,0.39259952,193.11594
1.0,0.18806338,1.3418136e+06
1.0,0.58291554,13544.218
1.0,0.42049938,368.63495
1.0,0.71807885,745.3704
1.0,0.38553926,5346.9756
1.0,0.38443065,937.59625
1.0,0.9999914,6230.1255
1.0,0.53845525,1677.8159
1.0,0.5700512,199.00179
1.0,0.40588742,68.75454
1.0,0.36056012,886.22327
1.0,0.52254796,1224.8059
1.0,0.41798708,269.49817
1.0,0.4784682,221.77725
1.0,0.9999696,184.57733
1.0,0.41815436,973.87555
1.0,0.41815436,973.87555
1.0,0.98941946,83.76775
1.0,0.31139836,1057.5463
1.0,0.4700779,91.46954
1.0,0.6200532,673.2303
1.0,0.49805436,142.28853
1.0,0.993782,2343.1138
1.0,0.5222075,86.603424
1.0,0.66676617,173.92316
1.0,0.99986494,268.36932
1.0,0.30489382,107.95505
1.0,0.56485474,4406.2603
1.0,0.4647244,108.68767
1.0,0.35122833,122.35244
1.0,0.49640787,3070.225
1.0,0.48405644,42215.79
1.0,0.39919338,365.88608
1.0,0.2521164,290.3277
1.0,0.2403989,6400.668
1.0,0.48195955,116.79322
1.0,0.99959,26968.229
1.0,0.44455853,1963.3915
1.0,0.7985663,100.72695
1.0,0.43344212,94.07586
1.0,0.24477305,121.54079
1.0,0.47754243,669.0301
1.0,0.3333497,6350.9727
1.0,0.32713115,90.46893
1.0,0.45669946,356.9458
1.0,0.40053537,367.34244
1.0,1.0,2.9502002e+06
1.0,0.36351043,1404.0135
1.0,0.9998859,1.4340151e+06
1.0,0.48878658,96.119545
1.0,0.46851623,108.69178
1.0,0.8919819,953.16626
1.0,0.3592687,656.08673
1.0,0.9999933,200.52625
1.0,0.15834661,16388.98
1.0,1.0,3733.2847
1.0,0.40946126,904.53314
1.0,0.4855944,65.32665
1.0,0.403479,1739.7673
1.0,0.39139107,67.14029
1.0,0.32467976,11186.24
1.0,0.2830125,1551.5605
1.0,0.99999833,420.1522
1.0,0.39032206,1865.8066
1.0,0.41166717,121.84536
1.0,0.39253053,15976.08
1.0,0.99999785,2048.69
1.0,0.34326458,94.47832
1.0,0.44894248,10549.723
1.0,0.44370952,163.88583
1.0,0.40940353,137.45459
1.0,0.99988973,12760.631
1.0,0.6779932,3409.2947
1.0,0.37082043,378.11993
1.0,0.37353897,83.778244
1.0,0.5560538,7460.586
1.0,0.35659403,69.40528
1.0,0.3984192,244.21419
1.0,0.40499008,669.9762
1.0,0.52115107,240.43288
1.0,0.33548936,81.83765
1.0,0.4790027,2005.2999
1.0,0.9959331,160.33014
1.0,0.49026737,13373.277
1.0,0.30865982,348.4301
1.0,0.36365065,245.10199
1.0,0.38231137,134.20877
1.0,0.5041004,1384.1287
1.0,0.5165182,1986.6766
1.0,0.24141034,39244.566
1.0,0.5765487,1546.5526
1.0,0.5111351,16332.288
1.0,0.2809201,18317.572
1.0,0.26231182,327.74445
1.0,0.5185875,137.12733
1.0,0.48829582,113.67002
1.0,0.2944153,1002.10205
1.0,0.4053267,3091.8076
1.0,0.44729853,3904.208
1.0,0.4331432,682.9726
1.0,0.98989314,97.1686
1.0,0.33503526,85.14756
1.0,0.35608414,76.01268
1.0,0.4398047,535.0381
1.0,0.5315953,81.76234
1.0,0.99030167,5260.504
1.0,0.428189,509.25653
1.0,0.54973084,117.1938
1.0,1.0,17648.193
1.0,0.4649592,46896.215
1.0,0.3091447,1404.1592
1.0,0.5584963,235.15959
1.0,0.4271388,227.81201
1.0,0.45871884,73.133385
1.0,0.32075587,1469.4733
1.0,0.9999498,61633.57
1.0,0.38031825,660.148
1.0,0.33061343,155.05574
1.0,0.5135956,3380.3647
1.0,0.4590547,227.44275
1.0,0.7682179,291.0829
1.0,0.38284117,487.59137
1.0,0.2655518,974.1622
1.0,0.35125104,98.56388
1.0,0.34805787,12009.054
1.0,0.40866885,79.7549
1.0,0.4703059,120.442116
1.0,0.24855942,675.9196
1.0,0.38362756,19468.066
1.0,0.26366615,19284.174
1.0,0.5857098,117.31559
1.0,0.42965376,165.34059
1.0,0.9989147,181.70305
1.0,0.5392521,74.62326
1.0,0.46144578,103.471855
1.0,0.38126656,274.98535
1.0,0.4685529,391.65088
1.0,0.5647256,509.2579
1.0,0.52748394,232.6763
1.0,1.0,581.9126
1.0,0.40967545,233.70915
1.0,0.472838,602.88574
1.0,0.39352846,6424.561
1.0,0.7235347,5797.835
1.0,0.68762684,76.50942
1.0,0.47514474,75.785095
1.0,0.49308252,80.52973
1.0,0.99205935,3853.1416
1.0,0.56083494,1307.1204
1.0,0.5285431,734.31415
1.0,0.25002813,24488.451
1.0,0.4298494,133.66621
1.0,0.5785805,82.0839
1.0,0.31070796,71.71581
1.0,0.9877539,9007.765
1.0,0.48287508,2486.6716
1.0,0.9584183,4318.864
1.0,0.65434873,112.47597
1.0,0.33317575,74.72403
1.0,0.33320373,319.1581
1.0,0.36739674,135.79797
1.0,0.2917161,283.43945
1.0,0.47496444,88.87739
1.0,0.9996933,110.33533
1.0,0.4847343,73.88858
1.0,0.6686777,2682.5415
1.0,0.688861,86.24661
1.0,0.4122026,76.65436
1.0,0.57041323,88.11668
1.0,0.48841017,251.37506
1.0,0.70184374,528.4395
1.0,1.0,723.69763
1.0,0.67352265,5740.504
1.0,0.5314382,2127.6792
1.0,0.9990125,42684.105
1.0,0.31113574,105.67262
1.0,0.48052272,70.83459
1.0,0.39050448,547.8101
1.0,0.39540383,655.3661
1.0,0.547534,527.58673
1.0,0.25694916,1884.1791
1.0,0.73284036,6320.2744
1.0,0.43455955,86.225876
1.0,0.3345694,101.81003
1.0,0.4385904,380.86868
1.0,0.36985117,172.85687
1.0,0.8589214,2.6281206e+08
1.0,0.36742792,674.2837
1.0,0.77347004,28559.68
1.0,0.46590477,119.70003
1.0,0.5528345,99.069336
1.0,0.30386922,130.53456
1.0,0.617746,2615.6687
1.0,0.31715462,145.0409
1.0,0.9781934,95.06276
1.0,0.3205419,115.26956
1.0,0.12193924,1659.5697
1.0,0.63339245,5078.101
1.0,0.32611376,78.86137
1.0,0.43958625,4330.8086
1.0,0.4792603,72.407936
1.0,0.3921713,76.77717
1.0,0.21848664,488.12003
1.0,0.3882611,70.800995
1.0,0.54583424,2933.1404
1.0,0.41174933,118.350525
1.0,0.51566935,427.20956
1.0,0.3662236,553.55005
1.0,0.4986178,78.36706
1.0,0.5280991,131.39314
1.0,0.5730247,10795.641
1.0,0.34532377,722.38855
1.0,0.25724185,1163.422
1.0,0.9994,138.22986
1.0,0.32436225,2989.4753
1.0,0.4896034,9182.294
1.0,0.5015852,489.8125
1.0,0.99990153,4355.1035
1.0,0.29354975,3985.0876
1.0,0.59945774,889.6902
1.0,0.2664661,1262.965
1.0,0.63041884,30323.684
1.0,0.40748584,803.0357
1.0,1.0,34546.227
1.0,0.63732773,2040.4714
1.0,0.98258466,376.99216
1.0,0.36746472,90.57179
1.0,0.3869005,88.3893
1.0,0.563917,128.72835
1.0,0.3837367,1935.172
1.0,0.9997211,6799.569
1.0,0.5049657,794.741
1.0,0.248786,141.19548
1.0,0.7156539,28040.322
1.0,0.21497755,4612.158
1.0,0.9999939,98.01854
1.0,0.14886798,2260.7861
1.0,0.30833098,223.51643
1.0,0.41189083,274.48297
1.0,0.49362674,3826.9253
1.0,0.9998698,71.20492
1.0,0.41204762,87.34603
1.0,0.31448656,102.175934
1.0,0.5346041,562.42377
1.0,0.34676474,90.88603
1.0,0.2987291,176.83398
1.0,0.3277042,77.75686
1.0,0.48515457,77.92322
1.0,0.25002223,710.8801
1.0,0.40748465,80.986374
1.0,0.5073259,2634.485
1.0,0.36890027,70.92519
1.0,0.54594624,84.65375
1.0,0.9995147,10294.543
1.0,0.99998057,165.80516
1.0,0.39807087,173.70293
1.0,0.55382895,940.4372
1.0,0.46813408,3259.6284
1.0,0.19720511,3871.75
1.0,0.99885654,4357.4736
1.0,0.29894996,23085.0
1.0,0.5140631,248.06355
1.0,0.44574958,214.81854
1.0,0.3540548,3179.9526
1.0,0.4812495,541.8711
1.0,0.33943766,935.92645
1.0,0.4777844,3884.7097
1.0,0.49890614,748.2468
1.0,0.34837252,67.07769
1.0,0.9534802,966.4055
1.0,0.54335403,395.7048
1.0,0.44110033,71.1525
1.0,0.3994626,1307.1053
1.0,0.57411313,69.103935
1.0,0.37369972,1299.5397
1.0,0.4846635,115.43643
1.0,0.82651395,451.56232
1.0,0.7659497,489.36578
1.0,0.47654834,91.7041
1.0,0.4544289,791.8649
1.0,0.53701603,3280.0508
1.0,0.34844273,1441.2793
1.0,0.37037405,1147.9285
1.0,0.5665344,205.67642
1.0,0.4510302,2604.0706
1.0,0.49732324,69.588295
1.0,0.37811404,179.68037
1.0,0.45659485,48635.414
1.0,0.5130275,669.5151
1.0,0.47496444,452.4626
1.0,0.9791389,93777.44
1.0,0.18334137,3895.582
1.0,0.40384552,579.18353
1.0,0.54341805,89.23751
1.0,0.23610738,1359.9241
1.0,0.4821292,179.5717
1.0,0.9987822,2734.1655
1.0,0.53745216,401.01413
1.0,0.29730487,269.7797
1.0,0.44616905,84.4064
1.0,0.36835283,756.6093
1.0,0.6646414,187.44089
1.0,0.93748707,109.01179
1.0,0.60270697,98.53291
1.0,0.36628577,177.79973
1.0,0.45617294,98.27701
1.0,0.09535769,2154.7808
1.0,0.45204616,1592.593
1.0,0.45883867,286.2707
1.0,0.5414958,95.0749
1.0,0.51100874,122.53056
1.0,0.31653026,5499.7915
1.0,0.5281736,211.54662
1.0,0.49307257,637.45013
1.0,0.40655994,84.84788
1.0,0.4546879,73.05033
1.0,0.4594972,4177.5356
1.0,0.39286166,66.23021
1.0,0.42282033,210.38625
1.0,0.35269955,287.86172
1.0,0.9084306,827.3601
1.0,0.56067026,2705.6135
1.0,0.34276804,102.03239
1.0,0.5769501,651755.94
1.0,1.0,205.05577
1.0,0.88783014,10541.085
1.0,0.44351935,692.7312
1.0,0.867631,26956.594
1.0,0.9677097,25821.705
1.0,0.65507394,1710.5873
1.0,0.32146555,266.78333
1.0,0.41616586,230.91643
1.0,0.5267956,179.30444
1.0,0.24476247,5928.791
1.0,0.66363734,496.38855
1.0,0.36575997,320.96014
1.0,0.3744446,70.673546
1.0,0.4711185,25029.04
1.0,0.9999993,1131.3823
1.0,0.30893186,888.4909
1.0,0.4357987,172.83467
1.0,0.97430634,844866.94
1.0,0.4380686,254.60733
1.0,0.9250684,9140.104
1.0,0.9999306,5201.291
1.0,0.4632076,139.83275
1.0,0.5134723,208.54214
1.0,0.9999995,1.4586542e+06
1.0,0.5096749,67.7339
1.0,0.9961966,2100.7314
1.0,0.586745,15759.82
1.0,0.49378428,79.29437
1.0,0.9444013,627.7159
1.0,0.99978966,184.11989
1.0,0.9510673,773.0608
1.0,0.35103452,221.96007
1.0,0.45766506,537.86176
1.0,0.50574166,410.86978
1.0,0.6571459,192.18303
1.0,0.82466274,986.431
1.0,0.29572186,502.7241
1.0,0.28299227,935.8062
1.0,0.52483195,9349.974
1.0,0.6110663,5225.323
1.0,0.34290847,11639.164
1.0,0.40955904,1512.9592
1.0,0.99297357,493.78018
1.0,0.17785935,2830.3533
1.0,0.44665414,863.51855
1.0,0.99997926,173.93242
1.0,0.9999994,4083.3962
1.0,0.39462432,217.6381
1.0,0.12799081,1626.0592
1.0,0.9962812,1995.4954
1.0,0.45147938,990.3829
1.0,0.49630144,330.9935
1.0,0.64565,118.92863
1.0,0.9146332,4225.507
1.0,0.29156113,169.51643
1.0,0.43764552,909.70874
1.0,0.36273783,631.914
1.0,0.73126423,96.995926
1.0,0.131621,1339.3813
1.0,0.34195498,79.35683
1.0,0.4445102,92.67515
1.0,0.23537196,183.24432
1.0,0.4136613,208.42975
1.0,0.45377952,677.1987
1.0,0.9999932,6831.1997
1.0,0.3511334,253.44511
1.0,0.2337367,309.41898
1.0,0.36453575,754.4218
1.0,0.989431,11745.085
1.0,0.34999713,74.05197
1.0,0.5916217,349.525
1.0,0.31827924,90.0551
1.0,0.41513994,296.49313
1.0,0.38874635,1660.1356
1.0,0.29036486,248.75946
1.0,0.4635308,271.95206
1.0,0.9998325,10288.95
1.0,1.0,11970.784
1.0,0.43002307,90.86149
1.0,1.0,3178.307
1.0,0.4251021,377.8041
1.0,0.4441599,103.11444
1.0,0.4936673,542.7404
1.0,0.2661676,6494.4297
1.0,0.22592671,502.80524
1.0,0.3740598,308.1302
1.0,0.36551803,129.26422
1.0,0.82719356,2719.219
1.0,0.25198564,4406.212
1.0,0.4069105,212.36719
1.0,0.5051714,214.25534
1.0,0.6626846,171.9379
1.0,0.36302188,1771.3451
1.0,0.51029104,593.416
1.0,0.6977849,425.60608
1.0,0.4726198,65.1066
1.0,0.9685118,73.70188
1.0,0.9982343,1619.401
1.0,0.6304376,4405.0557
1.0,0.34608102,134.86893
1.0,0.6105992,510.94794
1.0,0.5207443,225.45941
1.0,0.440596,3807.161
1.0,0.57996565,145.21027
1.0,0.22291417,1367.4381
1.0,0.9007637,373.79214
1.0,0.49106765,68.90996
1.0,0.50315493,90.24806
1.0,0.45467106,77.68816
1.0,0.26214477,2060.1035
1.0,0.33320895,92.1224
1.0,0.6185541,4872.606
1.0,0.43628424,121.88216
1.0,0.2649217,122.966354
1.0,0.39440596,7091.3047
1.0,0.60102516,4836.378
1.0,0.3854302,1280.0216
1.0,0.38144055,136.63101
1.0,0.48416433,111.42724
1.0,0.33820078,2984.5496
1.0,0.99414647,10313.199
1.0,0.41443694,2290.1982
1.0,0.52771527,8276.436
1.0,0.4901757,82.946846
1.0,0.38032466,1170.0858
1.0,0.3038257,163.55014
1.0,0.47716075,21471.387
1.0,0.2552215,1210.3009
1.0,0.4056644,174.8514
1.0,0.52698404,75.894554
1.0,0.39874935,125.425766
1.0,0.9999949,2100.2898
1.0,0.9999896,6.4786545e+06
1.0,0.43593162,208.5615
1.0,0.5371279,621.8183
1.0,0.49651483,1185.8439
1.0,0.33623245,276.4961
1.0,0.38247266,171.41783
1.0,0.999835,136.77623
1.0,0.3944398,1829.1185
1.0,0.38704163,170.6673
1.0,0.26747793,97.37074
1.0,0.23658362,23048.658
1.0,0.3702784,390.7107
1.0,0.56999534,1323.5623
1.0,0.30907905,128.56105
1.0,0.43139878,93.26978
1.0,0.49056825,776.24603
1.0,0.3892086,1953.8348
1.0,0.5258901,115.78741
1.0,0.39650884,305.99606
1.0,0.9999995,3849.262
1.0,0.33204237,87.65721
1.0,0.42808986,2429.7932
1.0,0.48355696,202.6999
1.0,0.35310814,8268.171
1.0,0.535816,1405.7596
1.0,0.44987833,74.5309
1.0,0.8929679,33972.758
1.0,0.4214836,192.8082
1.0,0.9999994,3051.1191
1.0,0.4307005,112.760605
1.0,1.0,9877.934
1.0,0.51881397,14654.719
1.0,0.18619037,188.1822
1.0,0.9999585,183.59332
1.0,0.7960774,95317.305
1.0,0.9999722,2134.7998
1.0,0.5864877,1884.5784
1.0,0.54932535,104.67003
1.0,0.5280824,1072.7534
1.0,0.36788806,72.112144
1.0,0.34604132,258.01953
1.0,0.32343778,2604.814
1.0,0.6469314,1285.3593
1.0,0.5484628,812.5023
1.0,0.28796828,691.9034
1.0,0.42627805,133.12225
1.0,0.31579357,504.34286
1.0,0.21568228,1564.1873
1.0,0.5041215,5594.1616
1.0,0.34283453,91.77476
1.0,0.33363172,66031.586
1.0,0.49797064,391.733
1.0,0.225905,28140.807
1.0,0.69722915,261.0649
1.0,0.51707286,110.066475
1.0,0.9988636,4527.0435
1.0,0.9203876,1450.4884
1.0,0.999997,421.71548
1.0,0.47427252,2363.478
1.0,0.38755438,1084.1401
1.0,0.9999461,151.4563
1.0,0.6680812,847.3846
1.0,0.40243864,101.03576
1.0,0.3935551,1655.1024
1.0,0.46158817,116.9368
1.0,0.48072276,2438.7979
1.0,0.40986416,456.06137
1.0,0.45565486,1858.4882
1.0,0.43507212,233.91336
1.0,0.91751236,19027.771
1.0,0.4116911,7987.634
1.0,0.21028677,1445.4988
1.0,0.40467724,1354.7445
1.0,0.4451607,434.85577
1.0,0.942611,80.60152
1.0,0.497029,133.72243
1.0,0.2134184,12006.312
1.0,0.5354838,120.192635
1.0,0.80442905,5274.6333
1.0,0.5155912,725.0067
1.0,0.44644693,281.41208
1.0,0.47644582,938.6082
1.0,0.23173268,934.017
1.0,0.49109495,95.71924
1.0,0.5313196,3524.1455
1.0,0.35443288,675.8209
1.0,0.78239363,167.20341
1.0,0.49975598,138.41795
1.0,0.38790613,393.48422
1.0,0.6572333,516.1718
1.0,0.99999964,18718.217
1.0,0.6157247,79.52525
1.0,0.51362395,6601.9736
1.0,0.581689,231.54147
1.0,0.3899503,84.51249
1.0,0.34867677,242.85118
1.0,0.55210775,90.25664
1.0,0.36045673,502.3914
1.0,0.25086832,24467.22
1.0,0.1542155,995.75775
1.0,0.3919604,66.714714
1.0,0.9999995,4892.782
1.0,0.5588622,101.250534
1.0,0.5191444,131.98698
1.0,0.5103739,1407.8093
1.0,0.5827536,152.86449
1.0,0.29175356,91.36596
1.0,0.43532416,94.98459
1.0,0.3888237,85.76311
1.0,0.58141315,657.8078
1.0,0.9458522,366.07294
1.0,0.42613262,406.75467
1.0,0.6826841,560.8356
1.0,0.3783614,1091.6113
1.0,0.46587268,413.34482
1.0,0.60288596,132.72157
1.0,0.9958008,110.949905
1.0,0.40925518,130.26096
1.0,0.7232022,145.63794
1.0,0.8355141,85.27274
1.0,0.47496444,599.3995
1.0,0.99999833,2022.727
1.0,0.5040614,468.07944
1.0,0.32257965,66.10725
1.0,0.40661323,2148.813
1.0,0.37424228,1928.4514
1.0,0.8377911,117.77491
1.0,0.41551253,25136.445
1.0,0.44987342,93.58129
1.0,0.539075,557.6206
1.0,0.26734146,121.19632
1.0,1.0,230.2267
1.0,0.45231086,78.841866
1.0,0.352545,4997.761
1.0,0.41291624,97.184715
1.0,0.43026614,607.3468
1.0,0.9901321,443.61093
1.0,0.32699448,9484.866
1.0,0.39089823,162.52675
1.0,0.9547115,1254.9202
1.0,0.3101483,143.68048
1.0,0.38482046,1120.5441
1.0,0.41688624,432.91998
1.0,0.5730902,1042.814
1.0,0.99999726,2.4015055e+06
1.0,0.17409778,495.3476
1.0,0.24583477,466.4572
1.0,0.34289894,186.62276
1.0,0.5146208,78.13204
1.0,0.3472109,74.38738
1.0,0.7068801,1077.1925
1.0,0.9885638,2039.1255
1.0,0.44629484,109.655396
1.0,0.34922233,3019.4065
1.0,0.9330432,3913.8027
1.0,0.91096383,195.50053
1.0,0.25944284,18022.975
1.0,0.40376216,511.46628
1.0,0.43956742,357.73227
1.0,0.46170142,469.41086
1.0,0.34848517,7186.794
1.0,0.28056598,4034.176
1.0,0.38881946,641.6454
1.0,0.45852187,1411.8433
1.0,0.25053653,2774.5999
1.0,0.5684441,93.138824
1.0,0.46161565,214.59566
1.0,0.7857147,450.59506
1.0,0.6315894,2106.1658
1.0,0.9999999,2801.026
1.0,0.99960476,192.98346
1.0,0.4384454,549.9972
1.0,0.42897606,74.17529
1.0,0.9183657,495.15918
1.0,0.50428563,95.02353
1.0,0.7824073,174.75237
1.0,0.47707847,5139.578
1.0,0.20180055,50614.965
1.0,0.4481692,88.00563
1.0,0.31325656,112.67064
1.0,0.17729467,1090.9679
1.0,0.4319503,388.44028
1.0,0.7021651,82.47007
1.0,0.30017322,106.464714
1.0,0.2284438,2532.6013
1.0,0.5081898,105.6844
1.0,0.9999994,118101.69
1.0,0.31416047,619.27997
1.0,0.9752039,1695.652
1.0,0.4389598,6323.304
1.0,0.48657086,3081.8264
1.0,0.64543253,105.67982
1.0,0.39751396,181.69208
1.0,0.4828591,720.59784
1.0,0.24168584,123.132324
1.0,0.828714,182.16698
1.0,0.3518827,269.44492
1.0,0.16837114,4963.5396
1.0,0.53946173,246.28963
1.0,0.7280515,1883.0995
1.0,0.3433341,4883.4033
1.0,1.0,5250.32
1.0,0.6972949,905.1267
1.0,0.34493202,618.25037
1.0,0.51606435,2906.2288
1.0,0.6231964,920.682
1.0,0.33983776,148.75064
1.0,0.36471817,399.1209
1.0,0.38305923,472.80197
1.0,0.27689856,202.35556
1.0,0.50583863,1219.2424
1.0,0.99928325,2464.135
1.0,0.34577096,259.05307
1.0,0.37363246,257.2374
1.0,0.63085467,2407.0862
1.0,0.26026598,99.07744
1.0,0.99812144,16921.742
1.0,0.4634638,2378.2312
1.0,0.5448113,161.37177
1.0,0.445438,67.801895
1.0,0.99638015,6.9342515e+06
1.0,0.47845867,712.9723
1.0,0.46235758,2831.9338
1.0,0.70847386,78.659424
1.0,0.9999896,85.607735
1.0,0.9999901,1071.0963
1.0,1.0,10685.111
1.0,0.9999362,907.1339
1.0,0.45162252,205.20961
1.0,0.9897194,1000.5453
1.0,0.5183698,2316.254
1.0,0.23643298,1399.607
1.0,0.38635522,104.28958
1.0,0.5710777,216.57782
1.0,0.5088212,2044.0446
1.0,0.4644908,227.02086
1.0,0.4607452,1121.8921
1.0,0.7187197,4337.823
1.0,0.15879951,818.7301
1.0,0.44844738,94.03034
1.0,0.538603,151.86118
1.0,0.556462,883.03894
1.0,0.25371376,69.6686
1.0,0.6439553,478.08185
1.0,0.48290792,664.0777
1.0,0.3964098,81.245636
1.0,0.5880346,315.9281
1.0,0.48983464,447.13684
1.0,0.32820293,141.99037
1.0,0.32820293,141.99037
1.0,0.7064064,1850.2565
1.0,0.49056157,109.31784
1.0,0.5881304,430.85297
1.0,0.33288532,100.145035
1.0,0.53807414,1217.1478
1.0,0.51408947,5453.4307
1.0,0.3404838,194.8493
1.0,0.48228464,719.0977
1.0,0.33654228,270.82495
1.0,0.47496444,189.43579
1.0,0.9671195,2007.1216
1.0,0.2987416,447.02298
1.0,0.5072583,1488.6976
1.0,0.36703816,65.51086
1.0,0.3583027,97.538925
1.0,0.5122691,81.13862
1.0,0.51152885,149.72823
1.0,0.49438697,162.67769
1.0,0.94764936,1377.5239
1.0,0.30413055,902.8122
1.0,0.48800945,915.6717
1.0,0.95954114,2998.5386
1.0,0.28909913,33285.93
1.0,0.8876228,9656.916
1.0,0.46863732,841.736
1.0,0.2845785,14022.649
1.0,0.36701304,4714.4536
1.0,0.47759616,5291.3735
1.0,0.4629722,1315.9006
1.0,0.47058502,67.80528
1.0,0.31282824,87.03653
1.0,0.6072415,2407.998
1.0,0.34805283,101.419205
1.0,0.35172784,2918.168
1.0,0.41193175,856.4346
1.0,0.40658793,679.3652
1.0,0.41582057,103.65464
1.0,0.48544854,98.965836
1.0,0.35140154,6179.518
1.0,0.30479917,28917.24
1.0,0.3669629,77.66921
1.0,0.41226807,93.80019
1.0,0.25758842,492.32343
1.0,0.3173778,123.01517
1.0,0.6412756,150.39609
1.0,0.4558691,430.5756
1.0,0.5313186,110.265335
1.0,0.34472436,4035.175
1.0,0.99867684,79.86169
1.0,0.9999994,578.0867
1.0,0.5530343,582.14014
1.0,0.38246647,325.57742
1.0,0.93533844,80.161385
1.0,0.5096976,804.6654
1.0,0.41982228,281.62057
1.0,0.41953683,2023.0159
1.0,0.4484003,298.2191
1.0,0.46616778,123.01497
1.0,0.99997234,449.59607
1.0,1.0,1652.1556
1.0,0.41173163,561.3549
1.0,0.64491296,724.0036
1.0,0.31561837,2609.6575
1.0,0.5008962,508.1347
1.0,0.2645071,75758.39
1.0,0.99999976,1073.207
1.0,0.45909134,1699.7397
1.0,0.16045538,201.35492
1.0,0.32246357,847.6712
1.0,0.31403354,1758.9232
1.0,0.23465845,4616.168
1.0,0.46708658,298.2335
1.0,0.9112252,19143.95
1.0,0.9999565,941.2915
1.0,0.26846725,481.0983
1.0,0.5393755,4071.1033
1.0,0.4439659,9595.583
1.0,0.48106238,1204.7233
1.0,0.4474837,164.73718
1.0,0.41081384,84.19093
1.0,0.397391,159.67978
1.0,0.38439435,150.41112
1.0,0.60097116,963.64325
1.0,0.69034517,1821.106
1.0,0.99984205,1297.7046
1.0,0.38063854,162.94763
1.0,0.43458351,88.84831
1.0,0.5576162,68.06233
1.0,0.6332315,44129.66
1.0,0.9998739,32787.906
1.0,0.14060225,7157.3154
1.0,0.87879187,363.857
1.0,0.9762849,96502.81
1.0,0.3557127,71.56655
1.0,0.3986812,513.1994
1.0,0.5055143,92.490395
1.0,0.99859864,22815.531
1.0,0.99975806,5667.733
1.0,0.4304166,92.97703
1.0,0.49771222,73953.3
1.0,0.55021006,93.66517
1.0,0.5389286,2216.1038
1.0,0.2763202,8186.753
1.0,0.5552219,119.34963
1.0,0.453899,92.301346
1.0,0.9994974,84216.81
1.0,0.4641781,2316.788
1.0,0.16186483,2696.888
1.0,0.35427803,701.0352
1.0,0.3714223,1496.8442
1.0,0.36757478,76.178444
1.0,0.43736234,1882.0164
1.0,0.9944194,1654.6427
1.0,0.2900659,40709.11
1.0,0.5131562,4219.7554
1.0,0.39807564,203.05809
1.0,0.11752174,961.5844
1.0,0.47496444,691.16766
1.0,0.33769083,50678.305
1.0,0.4850784,1287.6221
1.0,0.40847692,67.77151
1.0,0.25601637,23504.238
1.0,0.40487295,253.64137
1.0,0.51031,205.94781
1.0,0.42667475,87.22533
1.0,0.28957152,126.94268
1.0,0.3985021,741.4183
1.0,0.3682891,6269.0317
1.0,0.5100898,284.2048
1.0,0.36931702,66.17853
1.0,0.3667599,443.97418
1.0,0.52497435,1139.6244
1.0,0.3826277,11124.998
1.0,0.45776457,1999.4354
1.0,1.0,15521.398
1.0,0.44605038,61590.48
1.0,0.3731133,143.9177
1.0,0.9992472,73692.38
1.0,0.9999621,11003.519
1.0,0.28158116,454.93985
1.0,0.99999714,6859.354
1.0,0.42332533,150.54039
1.0,0.49943334,76.9638
1.0,0.580354,94.89078
1.0,0.89383477,411.78387
1.0,0.27786952,602.9596
1.0,0.9982968,1192.3712
1.0,0.99058574,2129.148
1.0,0.34064323,776.12463
1.0,0.510911,107.20317
1.0,0.2528133,126.17314
1.0,0.98453045,305.5947
1.0,0.99895525,8885.962
1.0,0.33115998,338.642
1.0,0.38802293,75.32827
1.0,0.99999905,5307.1616
1.0,0.41147652,904.8346
1.0,0.42193994,82.626755
1.0,0.35760495,92.5892
1.0,0.5979278,14046.148
1.0,0.31356484,274.82538
1.0,0.25536153,564.50586
1.0,0.28109312,140.72406
1.0,0.80672145,161.82927
1.0,0.3276192,739.00287
1.0,0.34735608,2816.8628
1.0,0.561176,109.194466
1.0,0.46765253,10872.103
1.0,0.48233733,82.66482
1.0,0.9999993,196.67995
1.0,0.30029193,160.56628
1.0,0.44701803,458.84668
1.0,0.523396,110.895706
1.0,0.4687846,95.76481
1.0,0.5665063,103.959755
1.0,0.34778735,106.63587
1.0,0.31614262,138.78256
1.0,0.35807198,1054.1172
1.0,0.22188981,317.7602
1.0,0.1824326,18800.11
1.0,0.5382814,16573.773
1.0,0.2689997,2375.5562
1.0,0.44738874,256.1637
1.0,0.3728416,3003.4282
1.0,0.47016308,232.81276
1.0,0.3277554,85.16061
1.0,0.36020884,122.95508
1.0,0.24013948,90.42186
1.0,0.29108956,140.64807
1.0,0.43996492,98.52217
1.0,0.9915091,9426.406
1.0,0.68326813,189.08844
1.0,0.29956967,1216.2649
1.0,0.40291983,218.6066
1.0,0.5135571,71.14406
1.0,0.9105867,13176.573
1.0,0.5935695,1466.7048
1.0,0.60205233,7017.653
1.0,0.2962309,849.74316
1.0,1.0,2519.9973
1.0,0.355018,901.33936
1.0,0.99999976,22346.613
1.0,0.64214045,188.40579
1.0,0.31996948,443.6657
1.0,0.5567141,7216.493
1.0,0.4930142,450.92566
1.0,0.462873,4782.254
1.0,0.4828557,193.05043
1.0,0.99999964,4141.73
1.0,1.0,2478.7637
1.0,0.58490473,82.12456
1.0,0.38666585,80.299515
1.0,0.39322898,137.71866
1.0,0.35871524,103.0901
1.0,0.33829975,90.01675
1.0,0.3639761,578.0225
1.0,0.48759025,403.8355
1.0,0.21690737,89.40777
1.0,0.99269474,418.10782
1.0,0.6226975,5179.024
1.0,0.49445635,881.38306
1.0,0.3883023,114.86806
1.0,0.7257449,309.93085
1.0,0.5803218,81.219055
1.0,0.9999838,30300.652
1.0,0.840416,1098.0563
1.0,0.47496444,161.53769
1.0,0.99992657,5649.247
1.0,0.18715766,613.43744
1.0,0.5494833,77.757416
1.0,0.4509694,2249.2312
1.0,0.46407968,88.88061
1.0,0.47505975,96.36488
1.0,0.20650084,3066.829
1.0,0.4592039,95.82539
1.0,0.6430523,944.47437
1.0,0.33016452,143.44853
1.0,0.41827562,598.9702
1.0,0.51922655,222.86618
1.0,0.4248294,797.4122
1.0,0.31069866,106.96784
1.0,0.52821743,270.28238
1.0,0.6315758,653.87897
1.0,0.33044216,99.52784
1.0,0.6920305,538.22534
1.0,0.38305628,101.85302
1.0,0.99997723,113.90515
1.0,0.9973901,284.06955
1.0,0.5593756,418.9338
1.0,0.68899024,3882.6118
1.0,0.3527567,82.85589
1.0,0.3186607,169.8145
1.0,0.5104126,156.7254
1.0,0.5108349,162.6318
1.0,0.329214,2059.1492
1.0,0.31139594,1056.6254
1.0,0.3379417,132.5052
1.0,0.37703976,108.08135
1.0,0.23672874,381.9875
1.0,0.65127575,293.71524
1.0,0.3162726,796.0086
1.0,0.4407225,72.84953
1.0,0.4267937,929.2233
1.0,0.9199999,3335.758
1.0,0.49857938,78.38195
1.0,0.5107245,1352.1521
1.0,0.3690001,1395.7943
1.0,0.40909335,571.8998
1.0,0.48109925,220.31148
1.0,0.28297192,72.665375
1.0,0.9969873,1565.8257
1.0,0.49369705,99.95055
1.0,0.95726645,1158.9025
1.0,0.2846886,69.62444
1.0,0.9999672,1680.8629
1.0,0.26301593,7612.427
1.0,0.28204578,819.06866
1.0,0.29074565,247.40367
1.0,0.25053495,9304.01
1.0,0.3317254,9351.318
1.0,0.8013383,461.01736
1.0,0.29063773,14072.375
1.0,0.30394286,1594.3505
1.0,0.47496444,1321.5011
1.0,1.0,17337.12
1.0,0.3395133,4831.779
1.0,0.3705205,2416.1445
1.0,0.72081256,909.78564
1.0,0.47695532,3055.3481
1.0,0.48643932,171.32019
1.0,0.48818853,1129.6284
1.0,0.28125468,239.72537
1.0,0.42118916,6918.745
1.0,0.44561386,403.98874
1.0,0.50211936,82.81962
1.0,0.5148136,84.51374
1.0,0.35221738,304.48694
1.0,0.31866145,11357.297
1.0,0.30125916,76.98797
1.0,0.3762485,94.41703
1.0,0.15644473,461.29938
1.0,0.31145066,5434.28
1.0,0.40721667,741.4484
1.0,0.5858752,588.31885
1.0,0.44187713,25739.73
1.0,0.48093715,337.11026
1.0,0.34588096,9499.071
1.0,0.46772707,69.63052
1.0,0.47496444,169.16086
1.0,0.99708754,4083.6562
1.0,0.33298495,85.712746
1.0,0.29391435,103.05988
1.0,0.36002648,94.45062
1.0,0.99994814,157.56212
1.0,0.5871995,777.49097
1.0,0.35849652,22898.398
1.0,0.7677882,6.210412e+06
1.0,0.52673197,93.17061
1.0,0.42747748,136.9047
1.0,0.53129214,454.8989
1.0,0.9999633,1.0585296e+06
1.0,0.28361502,4973.6836
1.0,0.29775196,637.05444
1.0,0.9989095,162.39609
1.0,0.5538631,85.72942
1.0,0.38094005,38547.367
1.0,0.37202388,2347.7466
1.0,0.2918429,115.031876
1.0,0.56108636,116.796295
1.0,0.3875208,1850.8407
1.0,0.40046096,74.27229
1.0,0.3648651,1545.6707
1.0,0.34431577,137.16129
1.0,0.30417058,884.8256
1.0,0.33051434,3238.892
1.0,0.3476222,85.477936
1.0,0.4757652,735.7378
1.0,0.8358279,1525.1185
1.0,0.54735285,5106.9805
1.0,0.38268983,174.38408
1.0,0.3839212,456.55612
1.0,0.5395071,1924.1305
1.0,0.22158486,369.61533
1.0,0.41769487,92.76382
1.0,0.4727533,387.43613
1.0,0.49104533,145.22884
1.0,0.2910062,9400.959
1.0,0.56577504,1948.4833
1.0,0.50515294,72.708176
1.0,0.9985135,25083.236
1.0,0.49387738,85.97307
1.0,0.34719253,90.211754
1.0,0.4255272,1103.7998
1.0,0.99347913,1437.3696
1.0,0.43029067,605.1502
1.0,0.2827353,775.65393
1.0,0.62328315,9297.9795
1.0,0.49588683,373.04327
1.0,0.31925586,71.64472
1.0,0.25902873,1318.1637
1.0,0.9979504,441.99973
1.0,0.48836726,1165.7095
1.0,0.48836726,1165.7095
1.0,0.75493896,460.0147
1.0,0.50989914,72.09013
1.0,0.46619695,174.2238
1.0,0.390066,263.134
1.0,0.32273006,65.23067
1.0,0.66840154,740.03406
1.0,0.42447272,91.19844
1.0,0.35960248,74.8031
1.0,0.34310856,66.303185
1.0,0.8929163,2709.6
1.0,0.4092797,416.24704
1.0,0.49180847,300.44406
1.0,0.6876297,618.507
1.0,0.2533344,20509.066
1.0,0.4858074,69.13562
1.0,0.4962952,2004.4656
1.0,0.45542154,706.8226
1.0,0.37384367,117.79353
1.0,0.34346434,1595.1279
1.0,0.27824578,2335.16
1.0,0.9813301,99.82821
1.0,0.27700847,107.49424
1.0,0.30604848,66.18191
1.0,0.383608,603.4421
1.0,0.383608,603.4421
1.0,0.5719747,1354.9565
1.0,0.99999595,379.70627
1.0,0.6626968,154.709
1.0,0.21799572,5994.7026
1.0,0.45035338,50145.125
1.0,0.45527878,111.59436
1.0,0.6808545,9302.263
1.0,0.9712644,2034.8984
1.0,0.49631953,1004.21844
1.0,0.523273,98.289444
1.0,0.4344765,647.77795
1.0,0.67936826,16296.731
1.0,0.47496444,229.01265
1.0,0.73727864,72.14742
1.0,0.39015454,140.88167
1.0,0.4303209,232.35234
1.0,0.3988267,112.71574
1.0,0.4295602,1517.7218
1.0,0.4926595,1060.555
1.0,0.4546468,88.172516
1.0,0.37037364,216.76755
1.0,0.5263891,2838.9385
1.0,0.35885772,18210.85
1.0,0.3684453,2280.5815
1.0,0.4274638,66.9102
1.0,0.31030998,102.39544
1.0,0.3774458,87.790634
1.0,0.9159696,303.65863
1.0,0.49717152,119.563354
1.0,0.4306717,275.2007
1.0,0.2633398,203.24835
1.0,0.3790793,72.36025
1.0,0.26516226,3528.8267
1.0,0.41536924,91.23665
1.0,0.3498078,70.10522
1.0,0.23577668,893.4006
1.0,0.46069726,1808.624
1.0,0.20500676,9404.655
1.0,0.1052222,4471.42
1.0,0.6064342,752.4406
1.0,0.5765575,949.3634
1.0,0.48926273,75.24022
1.0,0.44616047,333.18216
1.0,0.31813037,540.59705
1.0,0.23264502,1035.9121
1.0,0.99998593,24862.785
1.0,0.66442454,562.51794
1.0,0.47496444,89.185455
1.0,0.32145393,277.51434
1.0,1.0,11297.735
1.0,0.48932546,1757.0607
1.0,1.0,2595.262
1.0,0.56487036,85.537506
1.0,0.383868,1136.8588
1.0,0.43032202,122.849014
1.0,0.38342488,78.324844
1.0,0.23824878,172.37434
1.0,0.5022762,1303.1718
1.0,0.29646698,1988.7172
1.0,0.5481153,108.958
1.0,0.6909277,154.5383
1.0,0.29436257,37534.152
1.0,0.21583791,9770.13
1.0,0.4394508,1868.0583
1.0,0.5085407,1096.5479
1.0,0.5918338,201.67308
1.0,0.19247435,19405.006
1.0,0.48454714,130.39804
1.0,0.5584141,1518.426
1.0,0.35432747,102.04566
1.0,0.48732767,152.92526
1.0,0.47732252,75.68043
1.0,0.47841468,746.57605
1.0,0.86443156,189.74615
1.0,0.57965136,511.75613
1.0,0.4953105,305.2
1.0,0.44871813,273.74155
1.0,0.29376847,206.95549
1.0,0.6663964,99.063354
1.0,0.43529996,14053.877
1.0,0.520296,27220.373
1.0,0.9975762,97465.65
1.0,0.94109213,132.16245
1.0,0.39776772,67.01704
1.0,0.38981876,1892.7954
1.0,0.3540382,102.93707
1.0,0.32793462,1444.922
1.0,0.37175155,176.08072
1.0,0.38883695,865.587
1.0,0.38880056,196.8664
1.0,0.55389655,35760.836
1.0,0.41596797,1580.1525
1.0,0.28013626,9421.273
1.0,0.36437532,138.26279
1.0,0.9736136,93.27165
1.0,0.44811282,622.47644
1.0,0.71152216,4056.3638
1.0,0.482313,473.6611
1.0,0.9611593,666.437
1.0,0.2850815,118.127884
1.0,0.108108655,1994.6017
1.0,0.9987495,3129.4836
1.0,0.4132084,764.3931
1.0,1.0,89.4729
1.0,0.35930923,74.837234
1.0,0.64090705,156.43434
1.0,0.45084172,1337.4938
1.0,0.2862484,1411.2325
1.0,0.37741172,577.12994
1.0,0.9999994,146779.55
1.0,0.47312754,1813.4988
1.0,0.47496444,764.8948
1.0,0.37491393,13462.925
1.0,0.5883224,68.26195
1.0,0.5535821,4799.571
1.0,0.38753635,85.3911
1.0,0.99998593,10045.184
1.0,0.9979944,2242.9402
1.0,0.99999857,10404.025
1.0,0.17397696,10543.168
1.0,0.999703,808.1339
1.0,0.42003673,4619.025
1.0,0.34308675,1912.731
1.0,0.26200727,103.85702
1.0,0.49762985,15600.914
1.0,0.9999999,5353.287
1.0,0.42222214,2025.1515
1.0,0.36944944,660.9208
1.0,0.7612319,954.4617
1.0,0.4397987,66.469574
1.0,0.6112254,489.1485
1.0,0.50329673,34144.4
1.0,0.53272164,18640.713
1.0,0.41484627,1941.0931
1.0,0.98406327,8461.75
1.0,0.45095247,69.73034
1.0,0.64357334,1405.5991
1.0,0.30347845,81.7307
1.0,0.44527623,289.3547
1.0,0.4446231,132.12152
1.0,0.44601887,86.4313
1.0,0.4049139,2615.2336
1.0,0.37817833,2382.1277
1.0,0.3889906,84.56684
1.0,0.5013838,91.087105
1.0,0.4341097,74.05829
1.0,0.99985313,38764.074
1.0,0.46368527,99.31171
1.0,0.44226778,309.80463
1.0,0.35224435,1434.7601
1.0,0.85096115,81.35215
1.0,0.3700665,10136.666
1.0,0.3313179,289.3401
1.0,0.6258883,1862.991
1.0,0.50854653,230.87953
1.0,0.40305513,97.30515
1.0,0.38050172,4555.639
1.0,0.48893017,154.60533
1.0,0.5940021,80.56307
1.0,0.47497126,3504.0706
1.0,0.38421687,605.81
1.0,1.0,238.69582
1.0,0.31666064,4334.3574
1.0,0.5434207,467.42514
1.0,0.22656336,748.7987
1.0,0.25153717,50777.332
1.0,0.4853631,504.06635
1.0,0.42927673,84.597206
1.0,0.43953103,433.92313
1.0,0.6087968,427.6587
1.0,0.3031331,41926.164
1.0,0.5537253,208.59607
1.0,0.5496788,75.23885
1.0,0.7629472,410.3599
1.0,0.9546827,1267.9286
1.0,0.50109684,3708.5496
1.0,0.35434887,222.40259
1.0,0.5208742,219.8123
1.0,0.9998641,158.66736
1.0,0.3423823,4757.349
1.0,0.79168826,1155.1447
1.0,0.30072814,3993.3418
1.0,0.31982654,444.96924
1.0,0.4266023,99.97758
1.0,0.501836,441.0786
1.0,0.4018276,87.438675
1.0,0.99782443,9400.784
1.0,0.7389452,69.83131
1.0,0.99963486,2345.4277
1.0,0.35049754,77.450035
1.0,0.46744618,181.439
1.0,0.44232383,1449.9861
1.0,0.9999739,3103.5686
1.0,0.5711975,68.39686
1.0,0.41122997,70.51762
1.0,0.99995935,4646.824
1.0,0.3595959,146.64182
1.0,0.7830044,905.9415
1.0,1.0,7308.0493
1.0,0.38050413,1513.2766
1.0,0.4456961,18524.355
1.0,0.3478197,16782.525
1.0,0.32357648,74.43393
1.0,0.38095945,10482.822
1.0,0.59920913,2448.337
1.0,0.66891366,2906.4043
1.0,0.46984768,199.28526
1.0,0.9613949,1108.4263
1.0,0.7858405,517.2313
1.0,0.4829708,109.68682
1.0,0.9960498,1925.8743
1.0,0.6457044,81.29864
1.0,0.37697634,557.82697
1.0,0.46491426,7745.4165
1.0,0.42473704,270.08112
1.0,0.4526341,164.7133
1.0,0.42213237,119.35153
1.0,0.33069912,104.648544
1.0,0.50083154,69.62842
1.0,0.99902534,4263.301
1.0,0.4863762,3497.9163
1.0,0.37021992,14883.8955
1.0,0.234199,9490.294
1.0,0.3201246,188.12726
1.0,0.23335473,868.2793
1.0,0.31994,3609.735
1.0,0.18108594,1054.9039
1.0,0.48980758,82.63145
1.0,0.45359322,173.5386
1.0,0.9999995,5141.2373
1.0,0.14587733,2631.652
1.0,0.57095534,80.10139
1.0,0.22272208,828.1899
1.0,0.3382344,111.2683
1.0,0.9906713,1172.2012
1.0,0.46614504,112.286934
1.0,0.67619395,67.74928
1.0,0.4892485,74.854385
1.0,1.0,3701.825
1.0,0.41241553,69.501854
1.0,0.51054966,74.66026
1.0,0.33580306,4009.0493
1.0,0.49688557,1595.0709
1.0,0.4078878,922.0548
1.0,0.9825105,492.54266
1.0,0.35019836,3546.636
1.0,1.0,890.037
1.0,0.99662626,7925.5034
1.0,0.9999987,231.75359
1.0,0.97247136,2135.23
1.0,1.0,11874.36
1.0,0.57670695,799.6171
1.0,0.3937489,1045.7279
1.0,0.9999106,5626.5137
1.0,0.48819035,972.4726
1.0,0.46580544,110.31486
1.0,0.33077514,9801.3955
1.0,0.5167769,2011.768
1.0,0.35152215,99.17253
1.0,0.41266444,23315.527
1.0,0.63311857,1042.002
1.0,0.32137468,278.30832
1.0,0.4754418,5399.757
1.0,0.97724587,5451.473
1.0,0.99998796,6.1607795e+06
1.0,0.49538547,130.2649
1.0,0.48850626,1630.0239
1.0,0.3508613,233.65552
1.0,0.42434242,108.94939
1.0,0.40617338,1021.3528
1.0,0.47919318,170.18817
1.0,0.50964344,308.6716
1.0,0.36319283,1187.7163
1.0,0.35921615,108.83676
1.0,0.76206595,827.2733
1.0,0.329165,176.26903
1.0,0.37921867,20621.242
1.0,0.5053022,15510.138
1.0,0.62293386,4558.581
1.0,0.37081409,114.40989
1.0,0.99893695,12699.621
1.0,0.47530314,183.56439
1.0,0.51686764,370.56638
1.0,0.22770183,1461.612
1.0,0.981267,435.53
1.0,0.39329758,1225.9448
1.0,0.48240733,82.520584
1.0,0.33045682,105.58419
1.0,0.5102039,83.8564
1.0,0.26702553,16479.236
1.0,0.88064325,856.8136
1.0,0.9977592,6585.7236
1.0,0.4931339,2482.4214
1.0,0.5702783,80.14264
1.0,0.45528865,71.2353
1.0,0.4272543,5398.411
1.0,0.3975817,82.63977
1.0,0.3157235,122.47878
1.0,0.9999114,325.28568
1.0,0.6043398,678.3697
1.0,0.5690557,414.22757
1.0,0.26063317,970.67084
1.0,0.9981744,910.9441
1.0,0.37828386,119.111115
1.0,0.43292323,792.41504
1.0,0.4920725,1280.8103
1.0,0.9985232,2.4694815e+09
1.0,0.14871742,84544.69
1.0,0.596838,322.84042
1.0,0.3375102,30698.645
1.0,0.30726844,1873.8945
1.0,0.37550434,907.33466
1.0,0.18693645,106.27966
1.0,0.9999989,11401.513
1.0,0.4328516,2671.792
1.0,0.37655056,822.2692
1.0,0.92842185,6843.609
1.0,0.39101,865.7248
1.0,0.9999999,10378.059
1.0,0.64782006,73.34154
1.0,0.28512123,256.9049
1.0,0.50427794,379.66708
1.0,0.6162708,2076.3079
1.0,0.38990018,76715.46
1.0,0.9999995,1300.9695
1.0,0.28795204,73.188934
1.0,0.9820354,33610.02
1.0,0.5801442,804.29047
1.0,0.49619716,1129.3109
1.0,0.58065,2283.1257
1.0,0.5527217,838.7529
1.0,0.90405667,8897.531
1.0,0.99999964,18154.473
1.0,0.557374,408.4903
1.0,0.37966755,15972.222
1.0,0.3570271,1335.5436
1.0,0.2564472,1549.5585
1.0,0.5024403,2465.231
1.0,0.95772773,114.055885
1.0,0.2746232,98.903595
1.0,0.99984896,2.904688e+07
1.0,0.9030715,482.13156
1.0,0.52411985,736.7236
1.0,0.99999976,91386.83
1.0,0.36752552,78.147545
1.0,0.2217074,346.631
1.0,0.4509038,69.70227
1.0,0.37367928,464.81097
1.0,0.37032166,93.41129
1.0,0.43422613,972.76306
1.0,0.4891065,306.1004
1.0,0.42162263,109.73609
1.0,0.36046174,13333.867
1.0,0.4361587,1279.053
1.0,0.27321982,658.8081
1.0,1.0,1.3357928e+06
1.0,0.40226603,109.820045
1.0,0.31722605,77.84741
1.0,0.41825128,3485.893
1.0,0.46517703,329.11545
1.0,0.36572105,66.12585
1.0,0.97187793,1910.8334
1.0,0.41867965,111.0001
1.0,0.30756885,136.35721
1.0,0.40615603,1058.1996
1.0,0.43867105,455.1522
1.0,0.3510729,32577.232
1.0,0.589303,2265.0398
1.0,0.6731894,2375.984
1.0,0.9868962,165021.58
1.0,0.4360678,451.3157
0.0,0.48705718,363.10233
0.0,0.20045513,40874.69
0.0,0.5099964,187.59572
0.0,0.4335462,1436.7858
0.0,0.4918583,106.06575
0.0,0.47496444,131.81094
0.0,0.42544326,21959.979
0.0,0.25611198,51148.312
0.0,0.36043125,8196.229
0.0,0.5708437,3912.1787
0.0,0.44936663,9517.946
0.0,0.31491104,473.58936
0.0,0.5403875,104.06002
0.0,0.5046149,1377.4937
0.0,0.25820884,4719.296
0.0,0.41782835,567.03595
0.0,0.37248883,66.386116
0.0,0.40771812,4986.9546
0.0,0.42912257,131.186
0.0,0.3846076,534.063
0.0,0.38405544,1154.3763
0.0,0.34041116,1883.4944
0.0,0.5370208,1379.1265
0.0,0.48204812,110.000755
0.0,0.38945773,240.57454
0.0,0.4227125,139.61069
0.0,0.33957148,1020.76196
0.0,0.23072553,4005.967
0.0,0.34424755,761.8577
0.0,0.379055,1108.004
0.0,0.29603112,166.10545
0.0,0.4091527,86.83098
0.0,0.40815717,114.04173
0.0,0.397052,20175.125
0.0,0.4156394,146.39087
0.0,0.6582955,1113.1033
0.0,0.30370572,292.31177
0.0,0.63345695,1810.6398
0.0,0.5275309,2360.3286
0.0,0.41713798,2785.486
0.0,0.24284299,265.44934
0.0,0.37544683,73.63142
0.0,0.40899175,74.01816
0.0,0.37107384,646.1995
0.0,0.20433472,5564.1035
0.0,0.85002667,15806.088
0.0,0.4735025,697.0717
0.0,0.4097717,2817.3855
0.0,0.4997343,1473.6572
0.0,0.37584206,70.131355
0.0,0.30852985,47690.3
0.0,0.37860286,71.986305
0.0,0.3002012,1178.4508
0.0,0.6118197,2455.1233
0.0,0.60619485,84.23629
0.0,0.5448973,2244.5266
0.0,0.43321764,64088.043
0.0,0.25302976,8224.322
0.0,0.27089792,9758.321
0.0,0.58706903,702.02924
0.0,0.4674515,78.35364
0.0,0.47133982,254.76686
0.0,0.3904764,70.35424
0.0,0.5561571,779.37683
0.0,0.17148815,56861.64
0.0,0.3209744,11943.019
0.0,0.99915016,3644.8115
0.0,0.301402,531.4903
0.0,0.37314597,20697.004
0.0,0.41180304,484.4153
0.0,0.43127388,6995.505
0.0,0.5635536,456.88483
0.0,0.47284245,952.7854
0.0,0.4777302,331.45502
0.0,0.2753023,32540.518
0.0,0.30784222,581.0807
0.0,0.4964479,1127.9213
0.0,0.39922935,227.2508
0.0,0.36748692,70.25385
0.0,0.30925405,89.24442
0.0,0.27134234,116.90734
0.0,0.35108098,671.19543
0.0,0.48898977,79.10281
0.0,0.410842,1858.4882
0.0,0.6964748,1858.5739
0.0,0.4530985,111.76872
0.0,0.59136134,157.66708
0.0,0.37359414,2002.3749
0.0,0.40314355,1826.668
0.0,0.20321958,6298.924
0.0,0.36606538,529.16614
0.0,0.39015904,68.95593
0.0,0.41170663,1582.9048
0.0,0.54453534,76.1381
0.0,0.57354087,249.95837
0.0,0.53454375,227.6896
0.0,0.40399683,992.14386
0.0,0.31641093,96.44117
0.0,0.33923602,152.39911
0.0,0.37237355,1739.5906
0.0,0.33451295,7280.2915
0.0,0.20375724,28811.232
0.0,0.20667557,574.72327
0.0,0.4122585,1602.2667
0.0,0.36823952,4063.2751
0.0,0.40737844,521.78845
0.0,0.3539929,93.37248
0.0,0.5169181,536.1607
0.0,0.46246493,72.600784
0.0,0.40328032,461.6325
0.0,0.3122978,19785.656
0.0,0.7912662,3101.7803
0.0,0.26602495,5845.1753
0.0,0.28546274,9943.014
0.0,0.37539175,90.73789
0.0,0.3858403,2119.1135
0.0,0.3327948,1307.9093
0.0,0.30553514,1096.5166
0.0,0.31143185,3476.4504
0.0,0.41686377,91.60286
0.0,0.30847916,103629.266
0.0,0.5409314,587.63873
0.0,0.5485541,1040.951
0.0,0.3916294,14640.421
0.0,0.38504204,291.0265
0.0,0.27668715,1981.6508
0.0,0.22377633,1261.5714
0.0,0.3618425,94.04459
0.0,0.17282486,1251.1685
0.0,0.31840158,3476.4524
0.0,0.36163932,653.748
0.0,0.2996413,4286.12
0.0,0.9999976,392.22214
0.0,0.31685942,2821.5273
0.0,0.38618276,72.343925
0.0,0.39450395,23266.123
0.0,0.44096538,227.58626
0.0,0.4158044,3875.4438
0.0,0.37546495,83.78321
0.0,0.28099144,921.32513
0.0,0.38337672,115.51389
0.0,0.4668678,5080.4487
0.0,0.38754112,1481.5986
0.0,0.27132526,255.38315
0.0,0.21289818,11491.713
0.0,0.3783371,7604.787
0.0,0.2727842,757.6385
0.0,0.3767083,692.3674
0.0,0.57190305,957.1761
0.0,0.43896165,156.00964
0.0,0.4981651,442.36725
0.0,0.49557453,981.2465
0.0,0.4580671,2096.9014
0.0,0.5518437,110.295
0.0,0.55636805,5913.731
0.0,0.31824127,42400.855
0.0,0.31090143,105.369774
0.0,0.29237944,231.74965
0.0,0.47204766,65.14265
0.0,0.4468359,711.64197
0.0,0.51106066,76.736336
0.0,0.2951989,24970.244
0.0,0.53102356,3781.3945
0.0,0.492557,177.17068
0.0,0.13597487,73752.69
0.0,0.43238303,34802.023
0.0,0.63945174,743.7073
0.0,0.63945174,743.7073
0.0,0.30591056,1263.7501
0.0,0.36233374,355.39606
0.0,0.23807436,407.8156
0.0,0.46384424,2423.0225
0.0,0.30695668,682.3449
0.0,0.48689333,5665.6455
0.0,0.65753436,98.03732
0.0,0.49625266,90.10653
0.0,0.29627964,1110.913
0.0,0.43562964,531.56616
0.0,0.50429267,355.65485
0.0,0.31863323,103.48628
0.0,0.29519832,154.31017
0.0,0.25781173,1728.2308
0.0,0.33674163,862.7301
0.0,0.32631263,63065.15
0.0,0.4587511,89.05673
0.0,0.44291452,4000.921
0.0,0.44704032,11042.95
0.0,0.55091,225.59312
0.0,0.45935646,3428.3843
0.0,0.29094848,8474.051
0.0,0.563816,272.1749
0.0,0.29352552,5451.147
0.0,0.35908273,75.94503
0.0,0.19703953,34602.45
0.0,0.43131024,309.81824
0.0,0.27642113,1281.5664
0.0,0.25339836,6254.202
0.0,0.23587158,347.63608
0.0,0.356994,73.561844
0.0,0.33096537,790.06555
0.0,0.5214599,1651.5072
0.0,0.29171804,47100.87
0.0,0.35250536,668.05566
0.0,0.3540951,79.42523
0.0,0.3992511,1898.0325
0.0,0.34047455,201.78615
0.0,0.34721267,90.79559
0.0,0.49502346,855.1055
0.0,0.4608077,75.25647
0.0,0.19509305,3967.3933
0.0,0.3415623,1895.7592
0.0,0.30028778,300.32516
0.0,0.37633345,23085.508
0.0,0.48714775,69.48278
0.0,0.4324134,862.1241
0.0,0.40177834,301.90533
0.0,0.38124788,105.41253
0.0,0.47895995,890.2691
0.0,0.32062867,123.95087
0.0,0.4768523,4872.183
0.0,0.3206816,67.86137
0.0,0.3434513,1862.7557
0.0,0.51836526,163120.36
0.0,0.42504,216.6161
0.0,0.31708205,79.764984
0.0,0.28084314,1473.5504
0.0,0.432525,70.67709
0.0,0.23881233,111.88291
0.0,0.40871185,509.9601
0.0,0.2378759,427.48453
0.0,0.32177502,17688.232
0.0,0.427199,565.52014
0.0,0.4139749,38418.41
0.0,0.33020446,16433.613
0.0,0.45940343,827.3242
0.0,0.37930593,125.314545
0.0,0.96784455,2779.5562
0.0,0.27731276,3501.8435
0.0,0.34305403,4340.9395
0.0,0.80065924,3074.624
0.0,0.3465142,70.953735
0.0,0.36055315,1026.5706
0.0,0.34019727,71.62111
0.0,0.37157607,895.94824
0.0,0.4756403,397.44235
0.0,0.3818646,847.8141
0.0,0.4771188,149.21954
0.0,0.23316321,1708.0892
0.0,0.123865634,5826.491
0.0,0.2986395,1412.672
0.0,0.42258447,1005.5921
0.0,0.23824044,24789.625
0.0,0.25694868,2531.0195
0.0,0.5226195,203.33585
0.0,0.4331194,57913.297
0.0,0.3039053,1095.1702
0.0,0.43540525,505.96823
0.0,0.5244818,1790.8517
0.0,0.4164712,302.2594
0.0,0.31586328,335.74982
0.0,0.41390255,95.60546
0.0,0.3912554,1039.4155
0.0,0.35539883,8561.191
0.0,0.35518762,70.32288
0.0,0.58985144,12384.659
0.0,0.3524845,73.11059
0.0,0.5308566,641.3872
0.0,0.5376472,8092.2246
0.0,0.21701753,22420.39
0.0,0.22391307,6363.002
0.0,0.50349206,1866.5863
0.0,0.99999166,75.35067
0.0,0.51880246,137.32434
0.0,0.19801177,39817.438
0.0,0.41448665,18234.52
0.0,0.32245663,274.84018
0.0,0.39774245,156.55049
0.0,0.18402489,43315.652
0.0,0.14126585,96274.75
0.0,0.35264534,86.84261
0.0,0.83396834,80.43423
0.0,0.37103847,29254.566
0.0,0.46226656,1836.1761
0.0,0.30509928,4121.489
0.0,0.30301744,362.67
0.0,0.37233058,84.41878
0.0,0.42427778,214.17867
0.0,0.5212332,186.38553
0.0,0.26180208,9870.892
0.0,0.49535194,6719.7188
0.0,0.17535119,6725.55
0.0,0.36432558,103.32274
0.0,0.24190979,1858.7188
0.0,0.4586055,93.72329
0.0,0.37141722,90.235756
0.0,0.3894928,117.43641
0.0,0.40731758,541.07715
0.0,0.3994404,872.4702
0.0,0.45836812,120.50686
0.0,0.34298727,74.09426
0.0,0.36789995,2331.832
0.0,0.5499928,628.3523
0.0,0.28440684,25318.285
0.0,0.15576409,984.12354
0.0,0.31559846,2559.8474
0.0,0.2862621,2258.0054
0.0,0.3504749,144.56583
0.0,0.28903514,7589.0225
0.0,0.38396388,3869.9182
0.0,0.5090193,74.51122
0.0,0.4243475,82.9412
0.0,0.30047888,155.78029
0.0,0.38188148,74006.336
0.0,0.23287646,10696.215
0.0,0.4428814,181.80542
0.0,0.3375042,96.93593
0.0,0.3187793,1132.4106
0.0,0.4769734,120.14606
0.0,0.67009896,6160.5767
0.0,0.53207254,1108.3977
0.0,0.31299448,61485.21
0.0,0.5620773,18317.975
0.0,0.4761171,157.97466
0.0,0.30592912,166.3283
0.0,0.39609596,785.7915
0.0,0.3497947,3521.519
0.0,0.46713716,818.03375
0.0,0.19839044,17220.256
0.0,0.3977565,14346.577
0.0,0.3328308,1191.6952
0.0,0.4378963,115.87198
0.0,0.32500246,176.9209
0.0,0.4958737,154.19186
0.0,0.33018094,101.82982
0.0,0.27822262,1628.6079
0.0,0.29346588,5157.118
0.0,0.5229835,82.80339
0.0,0.464355,5279.176
0.0,0.47496444,358.77896
0.0,0.31538197,246.78255
0.0,0.37886536,439.44235
0.0,0.4327846,425.0387
0.0,0.20889851,36399.285
0.0,0.41590297,735.96844
0.0,0.3142865,14068.652
0.0,0.32894552,23411.596
0.0,0.31960434,142.33556
0.0,0.36765504,1299.2401
0.0,0.54142594,160.94374
0.0,0.3971038,2102.2693
0.0,0.23144966,23979.803
0.0,0.3583445,1921.3702
0.0,0.2922026,1481.8289
0.0,0.5052076,1953.4808
0.0,0.42297742,1792.7866
0.0,0.30508164,118.16018
0.0,0.37405765,1327.5289
0.0,0.40183848,1239.3568
0.0,0.39239743,597.3907
0.0,0.38537443,67.090416
0.0,0.25126135,1013.1442
0.0,0.4217912,150.3695
0.0,0.5068849,66.31134
0.0,0.36939907,187.34943
0.0,0.35602477,139.95241
0.0,0.5446044,72.79343
0.0,0.31819484,212.00212
0.0,0.23690589,3798.276
0.0,0.3691422,78.077675
0.0,0.3325495,192.10149
0.0,0.34275597,3682.5347
0.0,0.39498144,74.35941
0.0,0.34986627,2782.0583
0.0,0.36064237,134.98758
0.0,0.62323374,2820.6555
0.0,0.35366577,1243.8146
0.0,0.49054706,384.2976
0.0,0.5868534,6965.5913
0.0,0.33203202,867.6798
0.0,0.36173347,416.94617
0.0,0.32660583,35002.867
0.0,0.43034258,365.09476
0.0,0.4983822,77.36394
0.0,0.36980343,605.0433
0.0,0.33402008,73.808655
0.0,0.12382509,88906.32
0.0,0.32192016,531.228
0.0,0.41860116,810.2178
0.0,0.32730713,188.77852
0.0,0.39521423,1257.9365
0.0,0.6149339,275.5923
0.0,0.40738064,136.52448
0.0,0.5581246,982.92706
0.0,0.3083906,1129.1113
0.0,0.15478134,31154.908
0.0,0.52445936,105.08117
0.0,0.52814406,67.363174
0.0,0.64048105,2508.6897
0.0,0.29040238,1980.3588
0.0,0.5343858,1459.0145
0.0,0.33766475,221.72649
0.0,0.42961648,711.13464
0.0,0.45116568,1971.293
0.0,0.4007483,323.683
0.0,0.38972914,698.67584
0.0,0.39935294,4179.054
0.0,0.1263557,913.0128
0.0,0.3508282,66.662575
0.0,0.44700098,490.87607
0.0,0.5201558,347.62766
0.0,0.27550063,1185.3518
0.0,0.34527928,115.93027
0.0,0.44826975,5119.3906
0.0,0.41891044,4357.99
0.0,0.4950714,69.165764
0.0,0.23637387,6963.8325
0.0,0.47496444,186.47047
0.0,0.32371834,1724.4031
0.0,0.44772595,507.39743
0.0,0.23459496,36829.676
0.0,0.47425514,4836.4683
0.0,0.32448494,1206.5977
0.0,0.48116755,169.58066
0.0,0.34958634,105.05631
0.0,0.33234844,127.457184
0.0,0.6313211,2047.923
0.0,0.22308362,1469.9114
0.0,0.28601295,2028.3336
0.0,0.47496444,1180.2844
0.0,0.4996603,115.0128
0.0,0.37669632,2500.0364
0.0,0.3464093,69.616875
0.0,0.33323753,239.11026
0.0,0.41730466,283.44257
0.0,0.1856649,3972.7527
0.0,0.36846262,691.2595
0.0,0.23896684,28950.28
0.0,0.32266915,5306.4653
0.0,0.28365278,2410.629
0.0,0.36115178,256.66724
0.0,0.48437965,267.96167
0.0,0.34285975,1259.1407
0.0,0.31647542,26801.832
0.0,0.48869023,91.18031
0.0,0.40903142,637.81555
0.0,0.378689,584.1627
0.0,0.36303088,90.10952
0.0,0.2948482,92.489204
0.0,0.3155734,3072.8743
0.0,0.37273338,97.25791
0.0,0.18288752,74022.51
0.0,0.24418902,396.794
0.0,0.17672196,41354.41
0.0,0.42262596,9341.108
0.0,0.4927013,292.98297
0.0,0.2661626,108.16891
0.0,0.27738303,9801.067
0.0,0.22346115,30779.611
0.0,0.41206878,18374.498
0.0,0.3471912,613.4849
0.0,0.48133186,3792.9375
0.0,0.37686893,10083.794
0.0,0.4058257,302.72852
0.0,0.24850364,36295.883
0.0,0.28574377,697.8509
0.0,0.5852,1757.6201
0.0,0.46168205,138.8998
0.0,0.39988843,96.0708
0.0,0.3136257,1814.4489
0.0,0.34563258,273.9457
0.0,0.46148634,1584.4784
0.0,0.37448907,3953.409
0.0,0.5579706,9913.511
0.0,0.87621015,117.6697
0.0,0.47182146,156.00793
0.0,0.37052402,238.1083
0.0,0.24091211,769.47876
0.0,0.16063593,3366.83
0.0,0.39895567,1028.8035
0.0,0.28959972,7864.9795
0.0,0.24245939,2051.105
0.0,0.26997927,1654.8125
0.0,0.21145369,1221.6068
0.0,0.26785162,2680.775
0.0,0.35049736,745.5464
0.0,0.38196784,317.65903
0.0,0.5840814,78.03456
0.0,0.4501299,74.38742
0.0,0.3813948,93.096344
0.0,0.3668921,1220.9994
0.0,0.18337287,13963.606
0.0,0.39653423,2400.6672
0.0,0.3471186,1156.8944
0.0,0.38222963,68.53
0.0,0.4960819,1670.2837
0.0,0.42654666,69.91296
0.0,0.289202,2515.055
0.0,0.7031149,994.9889
0.0,0.25279763,704.28784
0.0,0.33467904,21610.596
0.0,0.5014398,112.763084
0.0,0.3690077,82.94634
0.0,0.51154935,68.55982
0.0,0.16958334,38463.023
0.0,0.5295933,18041.428
0.0,0.27240583,14389.345
0.0,0.34344608,2856.4634
0.0,0.4060526,454.50824
0.0,0.4060526,454.50824
0.0,0.42873445,229.83409
0.0,0.18225953,2307.489
0.0,0.52890754,747.1304
0.0,0.38706583,1207.9777
0.0,0.44770208,221.67001
0.0,0.38277033,84.5544
0.0,0.19907181,95.10625
0.0,0.21657746,733.142
0.0,0.36097458,34723.207
0.0,0.24952069,20821.816
0.0,0.3007054,20153.518
0.0,0.40410084,6655.7046
0.0,0.36975038,97.25935
0.0,0.256613,165.60712
0.0,0.29717764,621.5159
0.0,0.63091046,8088.3384
0.0,0.36372298,533.9589
0.0,0.5207527,230.13887
0.0,0.6326997,5804.695
0.0,0.3708169,689.4036
0.0,0.46141177,746.2872
0.0,0.7161092,298.00568
0.0,0.25159812,8979.849
0.0,0.29395932,33718.465
0.0,0.44656,159.74246
0.0,0.99464756,152.08986
0.0,0.25280964,4879.5767
0.0,0.38643283,1548.0663
0.0,0.4067719,71.97546
0.0,0.4862709,152.25812
0.0,0.15687783,31686.865
0.0,0.56708634,2084.2803
0.0,0.19714354,7007.005
0.0,0.3090102,68.346275
0.0,0.35052142,130.11923
0.0,0.26954496,33117.438
0.0,0.21265495,25060.69
0.0,0.5074189,1124.4226
0.0,0.59438115,5981.921
0.0,0.2523178,3936.441
0.0,0.5194732,4887.85
0.0,0.58503693,68.59926
0.0,0.59779,98.91739
0.0,0.5062983,2053.3896
0.0,0.32563886,72.53264
0.0,0.24772735,7730.8027
0.0,0.28970063,535.71735
0.0,0.4790256,904.64886
0.0,0.33446527,710.57855
0.0,0.3239978,314.61874
0.0,0.28990856,9839.646
0.0,0.52277875,69.64948
0.0,0.5295135,8284.363
0.0,0.401215,10465.204
0.0,0.38854626,98.02973
0.0,0.4020252,199.62888
0.0,0.47662947,66.27822
0.0,0.37482294,186.62143
0.0,0.33635065,267.82123
0.0,0.33635065,267.82123
0.0,0.44336194,441.56873
0.0,0.44103402,1763.2769
0.0,0.30918822,105.77361
0.0,0.43304563,1407.151
0.0,0.3783698,1897.0553
0.0,0.18287925,7729.954
0.0,0.49891576,94.33061
0.0,0.20340304,22625.443
0.0,0.49169272,31453.104
0.0,0.56688654,4210.037
0.0,0.53292567,233.4755
0.0,0.4873627,339.5926
0.0,0.29609394,526.711
0.0,0.41793013,190785.02
0.0,0.41306555,1487.718
0.0,0.31994626,1842.6945
0.0,0.10475059,76568.54
0.0,0.56149215,5683.964
0.0,0.4405256,447.1273
0.0,0.50032353,76.261505
0.0,0.53998685,143.2665
0.0,0.4927954,362.27005
0.0,0.4131042,173.0899
0.0,0.23301306,4077.4556
0.0,0.48488414,4637.5806
0.0,0.6663634,3766.2976
0.0,0.4601052,1514.4159
0.0,0.49536395,782.0942
0.0,0.40477034,1254.4202
0.0,0.9586848,7960.8555
0.0,0.3551875,91.15714
0.0,0.49688038,79.184975
0.0,0.3812723,1487.6804
0.0,0.19873504,1586.3567
0.0,0.3657334,129.4485
0.0,0.20449089,5915.1562
0.0,0.6526805,200.11649
0.0,0.24397217,21272.05
0.0,0.49129993,922.9157
0.0,0.42926186,391.19254
0.0,0.34718835,11829.738
0.0,0.37016645,71.20179
0.0,0.58549,5482.9663
0.0,0.58076245,2316.399
0.0,0.27071032,14768.725
0.0,0.33808047,2518.4165
0.0,0.44089395,77.99212
0.0,0.30409625,103.14796
0.0,0.47618693,2678.4507
0.0,0.23979077,314.92477
0.0,0.25224423,29654.865
0.0,0.23199724,8181.254
0.0,0.42769068,251.03664
0.0,0.40013936,84.85445
0.0,0.4385236,74.65965
0.0,0.5604226,95.93946
0.0,0.50265247,84.68286
0.0,0.8776452,42811.207
0.0,0.41178846,98.34674
0.0,0.27741188,112.082275
0.0,0.5332716,594.141
0.0,0.60326225,988.7059
0.0,0.34771213,67.31552
0.0,0.33816186,84.14473
0.0,0.3215443,564.083
0.0,0.4174331,114.52388
0.0,0.4984726,150.54767
0.0,0.29419994,2890.1274
0.0,0.29362836,20153.473
0.0,0.25949672,4688.0
0.0,0.3909591,125.016464
0.0,0.4198832,1486.3173
0.0,0.4198832,1486.3173
0.0,0.30891693,11282.711
0.0,0.4261289,1399.9252
0.0,0.38534486,1124.9456
0.0,0.4481956,502.2419
0.0,0.23838787,2895.365
0.0,0.47496444,69.26836
0.0,0.510556,69.01035
0.0,0.9999573,225.90419
0.0,0.1942887,1132.164
0.0,0.47844508,2832.7783
0.0,0.17473492,2531.3071
0.0,0.45037505,116.00615
0.0,0.45780355,1190.805
0.0,0.57799435,70.74899
0.0,0.22252733,1500.4379
0.0,0.20739612,5825.551
0.0,0.36161274,2393.941
0.0,0.5085172,160.22887
0.0,0.25329763,133.00691
0.0,0.99996066,96.37898
0.0,0.4602921,113.8122
0.0,0.4677645,536.1731
0.0,0.3046423,1008.5554
0.0,0.26593396,1789.1644
0.0,0.36783448,9207.492
0.0,0.37445816,13714.48
0.0,0.56988066,231.72064
0.0,0.44490862,2347.8833
0.0,0.2776275,3859.7893
0.0,0.53296167,141.66211
0.0,0.36470595,107.990074
0.0,0.33898532,833.0544
0.0,0.2756005,1442.9672
0.0,0.33864346,3619.3372
0.0,0.2770906,12835.837
0.0,0.41999716,437.63458
0.0,0.2139479,4856.124
0.0,0.46404785,6867.722
0.0,0.2518972,3499.1743
0.0,0.20963404,261.3813
0.0,0.32274687,284.6495
0.0,0.20834053,63868.945
0.0,0.30192903,117.234726
0.0,0.33533382,89.66127
0.0,0.19670983,48290.715
0.0,0.99982977,114.12409
0.0,0.17440362,25232.174
0.0,0.38754117,2545.7212
0.0,0.33321688,643.2964
0.0,0.41909438,8098.5225
0.0,0.42647696,83.241165
0.0,0.47496444,161.84998
0.0,0.24687143,2402.0435
0.0,0.46288615,65.72656
0.0,0.33220607,1194.248
0.0,0.4156975,6119.121
0.0,0.38343576,2695.766
0.0,0.55379915,731.8954
0.0,0.4019284,490.60287
0.0,0.3854746,16749.19
0.0,0.41589162,79.54973
0.0,0.4985469,88.00952
0.0,0.55843467,2492.6018
0.0,0.47496444,3931.2837
0.0,0.3777885,120.69641
0.0,0.45431122,4134.7534
0.0,0.35552397,778.4472
0.0,0.32232952,1911.2216
0.0,0.20527212,290.76553
0.0,0.4183326,5504.7603
0.0,0.38614714,97.268456
0.0,0.45411128,83.82851
0.0,0.34217942,565.2818
0.0,0.40024742,131.41609
0.0,0.41592482,233.40091
0.0,0.29193166,4413.029
0.0,0.9492869,3723.734
0.0,0.24393164,463.64682
0.0,0.36667114,85.44976
0.0,0.36667117,85.44976
0.0,0.36228168,101.20852
0.0,0.14026196,35588.098
0.0,0.52950245,383.5372
0.0,0.23004635,24249.229
0.0,0.40251318,71.04315
0.0,0.29868177,10797.668
0.0,0.296499,4855.7773
0.0,0.3496618,7103.6675
0.0,0.39850196,91.32943
0.0,0.3936804,11438.251
0.0,0.33312,55842.574
0.0,0.20909682,8082.293
0.0,0.2860755,1868.999
0.0,0.34621906,2859.6987
0.0,0.45692205,70.53157
0.0,0.47812247,139.64404
0.0,0.20375977,576.94116
0.0,0.4519838,69.63266
0.0,0.28782994,5263.647
0.0,0.2670329,3210.5637
0.0,0.29856017,139.93866
0.0,0.38780743,318.0178
0.0,0.40444866,7239.6626
0.0,0.4317538,711.1706
0.0,0.42105192,346.9737
0.0,0.45025843,162.54272
0.0,0.4964831,516.5103
0.0,0.42899472,468.2393
0.0,0.48042017,514.3976
0.0,0.30341938,2364.0542
0.0,0.50446683,79.16854
0.0,0.3450961,512.09143
0.0,0.48159486,78.21128
0.0,0.2715787,2725.7698
0.0,0.19262122,13639.592
0.0,0.30343416,155.58055
0.0,0.31850135,7095.6934
0.0,0.17401034,548.19727
0.0,0.34934512,94.0
0.0,0.40720236,4171.243
0.0,0.49732438,7832.2847
0.0,0.28755003,83.10024
0.0,0.36209944,122.31342
0.0,0.45011818,205.63657
0.0,0.59847003,10079.532
0.0,0.43193924,69292.21
0.0,0.3131019,85.21219
0.0,0.5473042,1563.4181
0.0,0.1340736,4929.159
0.0,0.27992612,4511.978
0.0,0.53330946,124.32657
0.0,0.35177192,149.20988
0.0,0.2880922,1308.57
0.0,0.38447532,83.308464
0.0,0.23912057,1087.1768
0.0,0.34233367,112.37943
0.0,0.48054832,578.28406
0.0,0.48988262,391.09763
0.0,0.32944793,92.47823
0.0,0.17603026,1858.0597
0.0,0.5317489,74.04823
0.0,0.53827596,109.75874
0.0,0.45798114,1806.7236
0.0,0.4573785,115.91054
0.0,0.4295178,814.6994
0.0,0.36328083,75.567696
0.0,0.496545,11602.469
0.0,0.32372716,774.3214
0.0,0.33332458,29577.346
0.0,0.2548206,2053.7087
0.0,0.44650978,818.45557
0.0,0.23013291,12969.512
0.0,0.23558447,1611.9274
0.0,0.562269,208.77228
0.0,0.39703313,1102.3833
0.0,0.49204272,1500.7262
0.0,0.37354344,11775.338
0.0,0.391549,291.89835
0.0,0.5623313,20676.334
0.0,0.3627647,140.62892
0.0,0.19519213,358.90723
0.0,0.37691778,73.766815
0.0,0.19216819,56048.594
0.0,0.5322734,1557.1001
0.0,0.2358541,10103.1875
0.0,0.33538494,85.851524
0.0,0.5908437,6407.9736
0.0,0.9968521,472.00815
0.0,0.32972097,813.1123
0.0,0.30924273,7135.1187
0.0,0.26885492,1330.4554
0.0,0.485512,79.435455
0.0,0.44200101,129.3335
0.0,0.37246007,110.89656
0.0,0.30691412,6541.864
0.0,0.564088,1537.362
0.0,0.18588525,65714.73
0.0,0.33934027,543.36084
0.0,0.4834342,511.9593
0.0,0.3896936,628.7388
0.0,0.51726615,20579.85
0.0,0.12578869,88509.14
0.0,0.2035189,97188.02
0.0,0.3983107,2562.727
0.0,0.4079249,90.51157
0.0,0.39762437,877.1878
0.0,0.25850108,6434.751
0.0,0.28737342,328.16846
0.0,0.25493416,21253.49
0.0,0.20751657,5269.4585
0.0,0.41973487,12680.811
0.0,0.46561825,148.0397
0.0,0.3198478,20673.633
0.0,0.48472133,130.23558
0.0,0.39032707,134.0392
0.0,0.25837764,28501.822
0.0,0.19805479,29022.715
0.0,0.2316234,50306.312
0.0,0.20673658,22411.26
0.0,0.18796709,50963.1
0.0,0.36091664,1430.9498
0.0,0.52395874,1662.1555
0.0,0.39005053,100.38227
0.0,0.37574878,24632.75
0.0,0.21958192,400.05344
0.0,0.46351206,751.61035
0.0,0.34094155,8526.876
0.0,0.36829326,113.76666
0.0,0.5015181,1434.8704
0.0,0.5778221,2107.6428
0.0,0.41858754,100.46535
0.0,0.5006351,7616.933
0.0,0.31499106,1632.1567
0.0,0.43078512,78.63757
0.0,0.21590137,28094.621
0.0,0.44957736,1177.0897
0.0,0.49288067,169.80536
0.0,0.28250915,43892.207
0.0,0.42978084,174.4332
0.0,0.42512465,1616.8711
0.0,0.7037461,2292.2622
0.0,0.3654883,987.5331
0.0,0.32498077,95.84223
0.0,0.26694822,9233.49
0.0,0.22586617,284.77063
0.0,0.39094555,2332.2644
0.0,0.37038794,509.4682
0.0,0.3076426,3084.775
0.0,0.51816845,290.97522
0.0,0.3342987,722.9511
0.0,0.9938121,9032.167
0.0,0.5395372,22874.703
0.0,0.33230236,74.434235
0.0,0.27804375,2103.0276
0.0,0.2084422,62702.395
0.0,0.42843667,114.79581
0.0,0.38228726,1083.4934
0.0,0.21835831,962.45105
0.0,0.45908546,3147.3884
0.0,0.18811536,1826.4955
0.0,0.8588121,1471.6143
0.0,0.20101553,20806.895
0.0,0.2560518,17274.682
0.0,0.5310752,197.72203
0.0,0.20304784,48273.113
0.0,0.31130227,2963.5337
0.0,0.30978107,239.60512
0.0,0.42040688,72.40271
0.0,0.29786012,62649.27
0.0,0.43015844,798.045
0.0,0.50998104,1699.5718
0.0,0.5086557,82.92558
0.0,0.5478268,1070.9458
0.0,0.48253253,2056.2234
0.0,0.35205525,6380.548
0.0,0.41124317,203.77199
0.0,0.25975084,75309.56
0.0,0.33346352,1107.34
0.0,0.34724697,87.22353
0.0,0.4403315,985.2052
0.0,0.29614413,366.70975
0.0,0.62041265,1358.6145
0.0,0.5171445,15287.91
0.0,0.3246354,127.02222
0.0,0.7834997,1316.1796
0.0,0.17503154,176.37347
0.0,0.47816864,1982.3776
0.0,0.27426326,250.63826
0.0,0.23243596,7376.313
0.0,0.22068074,1689.4749
0.0,0.2747251,30170.62
0.0,0.34896,74.58256
0.0,0.28279963,11322.957
0.0,0.4638862,711.2537
0.0,0.17442098,5921.999
0.0,0.27398905,3907.2056
0.0,0.42660236,639.7046
0.0,0.42660245,639.7046
0.0,0.29085198,23117.543
0.0,0.12069574,13945.772
0.0,0.28044915,2964.5393
0.0,0.43269643,972.8079
0.0,0.3169809,3041.889
0.0,0.22743502,3384.799
0.0,0.3774446,113.97533
0.0,0.34656,10144.771
0.0,0.39488,70.19895
0.0,0.23993568,621.8702
0.0,0.35949638,1091.8696
0.0,0.4552341,94.17277
0.0,0.39686242,104.823685
0.0,0.40647003,157.93701
0.0,0.23589326,1242.887
0.0,0.3260226,8766.317
0.0,0.20452039,3665.9343
0.0,0.18059085,3462.1262
0.0,0.3949793,7783.835
0.0,0.28308818,75.971405
0.0,0.18381244,80741.33
0.0,0.30608946,59934.395
0.0,0.10917522,2860.2593
0.0,0.3896193,71.10277
0.0,0.32823065,656.0234
0.0,0.35863638,271.32498
0.0,0.7126989,3971.379
0.0,0.35284543,69.983665
0.0,0.37651372,5272.7314
0.0,0.4367352,241.00958
0.0,0.25563455,71097.49
0.0,0.37353164,87.75582
0.0,0.3415644,1032.2998
0.0,0.79613405,1438.759
0.0,0.38731128,143.75188
0.0,0.61556256,11937.63
0.0,0.22668,315.08994
0.0,0.26679954,9781.728
0.0,0.26851708,4929.522
0.0,0.46758386,141.2454
0.0,0.41451597,435.10056
0.0,0.3839438,151.43892
0.0,0.17433688,13136.632
0.0,0.9998925,87.88247
0.0,0.31515023,96.6803
0.0,0.4385087,508.70187
0.0,0.4298104,94.93963
0.0,0.2716526,2413.6575
0.0,0.43384704,334.35263
0.0,0.3826584,192.90085
0.0,0.34122604,323.11453
0.0,0.42053252,57682.492
0.0,0.3909433,536.9761
0.0,0.37232134,131.25854
0.0,0.67175525,6316.7227
0.0,0.48100346,116.71041
0.0,0.49628958,7378.468
0.0,0.9773677,114.26878
0.0,0.43345475,355.7527
0.0,0.42413753,598.79535
0.0,0.36642665,147.6733
0.0,0.34040764,1113.2305
0.0,0.5173619,1992.7225
0.0,0.38052246,66.07338
0.0,0.38153517,308.30142
0.0,0.3227723,349.17
0.0,0.41621724,85.63377
0.0,0.22391374,8066.256
0.0,0.2284,80305.46
0.0,0.36103436,70.04282
0.0,0.28405342,1762.4165
0.0,0.51601475,155.65462
0.0,0.57227105,2917.492
0.0,0.36439478,837.438
0.0,0.36439478,837.438
0.0,0.44355336,966.21985
0.0,0.35090315,180.69032
0.0,0.38450643,1916.3065
0.0,0.5254788,74.356804
0.0,0.2864971,5017.64
0.0,0.33975554,95.12567
0.0,0.42486963,766.54675
0.0,0.2620386,1382.1567
0.0,0.30190536,357.97488
0.0,0.46669337,25559.27
0.0,0.27461392,6496.1875
0.0,0.3010228,488.25726
0.0,0.33193064,2515.8174
0.0,0.38837224,9800.938
0.0,0.44700974,793.8737
0.0,0.52097243,14125.968
0.0,0.663603,669.42175
0.0,0.47729138,7068.3267
0.0,0.29209232,6792.1074
0.0,0.4790603,1542.7358
0.0,0.54686,73.751144
0.0,0.5046386,995.0211
0.0,0.38430098,117.549545
0.0,0.45006377,6924.1104
0.0,0.61615074,2875.8926
0.0,0.3321294,160.95187
0.0,0.41252205,189.0022
0.0,0.34294873,155.01965
0.0,0.18556486,76499.72
0.0,0.56895894,6168.4956
0.0,0.2831342,1536.2535
0.0,0.4503939,109.62302
0.0,0.26955813,26670.643
0.0,0.39079425,557.7875
0.0,0.44537926,8928.769
0.0,0.6170466,1725.4021
0.0,0.5054984,8608.149
0.0,0.37951195,4018.7517
0.0,0.36346212,290.20007
0.0,0.27340752,1757.213
0.0,0.41004595,305.25583
0.0,0.26254377,7946.2935
0.0,0.35351273,1609.5055
0.0,0.45082602,68.56583
0.0,0.16871487,252.44754
0.0,0.32834777,3344.703
0.0,0.41896904,1782.3071
0.0,0.40017098,123.36278
0.0,0.45395908,471.63437
0.0,0.42623517,357.9918
0.0,0.31144616,1685.5043
0.0,0.35333452,2389.5671
0.0,0.40897408,480.3939
0.0,0.20672327,3496.6953
0.0,0.4043284,12374.887
0.0,0.39741948,507.62616
0.0,0.47064573,135.05875
0.0,0.49871394,2957.8918
0.0,0.57835215,1953.779
0.0,0.46280923,407.84204
0.0,0.4562304,154.76506
0.0,0.25336987,6797.6357
0.0,0.464991,246.32721
0.0,0.4873451,197.20842
0.0,0.47896644,328.17404
0.0,0.33578604,348.19205
0.0,0.34422886,2768.9348
0.0,0.30782494,1161.3767
0.0,0.23653132,63631.94
0.0,0.24549904,152.96036
0.0,0.48317945,259.8082
0.0,0.30437848,250.74615
0.0,0.41644847,2004.8959
0.0,0.46204165,181.01657
0.0,0.4698373,47048.047
0.0,0.35657102,204.88597
0.0,0.3228559,72.83958
0.0,0.31655765,78.19164
0.0,0.4934069,525.98315
0.0,0.5846527,9128.785
0.0,0.24428795,3563.1658
0.0,0.49226078,569.569
0.0,0.48119262,237.73997
0.0,0.47496444,71.28482
0.0,0.3779367,111.50146
0.0,0.5838753,8712.42
0.0,0.4528857,2861.5142
0.0,0.29478258,6797.9194
0.0,0.43744782,742.8532
0.0,0.48857522,97.722336
0.0,0.24932176,4531.4395
0.0,0.24924347,4524.395
0.0,0.19336599,3226.356
0.0,0.21640591,29907.033
0.0,0.9999926,146.79356
0.0,0.22698678,476.17
0.0,0.40831658,66.10264
0.0,0.28562602,1148.4498
0.0,0.44011667,192.67816
0.0,0.18009602,36870.215
0.0,0.38157448,957.2927
0.0,0.41704756,2996.3071
0.0,0.36671272,4065.3145
0.0,0.38071793,868.2545
0.0,0.23347528,13378.08
0.0,0.7990597,790.907
0.0,0.26200953,395.5721
0.0,0.34593967,8903.923
0.0,0.43368295,1318.6573
0.0,0.43160036,95.262825
0.0,0.39595708,67.87101
0.0,0.36162233,173.16745
0.0,0.18109581,68851.81
0.0,0.3034455,137.64209
0.0,0.23648043,57531.707
0.0,0.42243433,257.97192
0.0,0.52238595,5787.63
0.0,0.39847115,67.15022
0.0,0.4611796,80.75811
0.0,0.24601135,4190.0767
0.0,0.27742308,67810.34
0.0,0.41462326,91.26861
0.0,0.25762078,5732.105
0.0,0.3731637,1688.1527
0.0,0.82261467,556.2472
0.0,0.3528686,200.9653
0.0,0.42593387,1091.5178
0.0,0.41549575,139.90324
0.0,0.6296278,359.44867
0.0,0.4402011,174.86061
0.0,0.35700953,77.89353
0.0,0.2558859,8972.093
0.0,0.33062923,452.63477
0.0,0.50238657,122.48181
0.0,0.39579383,289.45004
0.0,0.38721257,148.18475
0.0,0.30863777,1208.2972
0.0,0.6068949,339.6112
0.0,0.35713914,86.69121
0.0,0.4201322,155.44908
0.0,0.32024765,1715.452
0.0,0.18988234,1381.7046
0.0,0.40047985,175.74745
0.0,0.2586924,4296.9834
0.0,0.37726265,3308.6326
0.0,0.57386893,88.44492
0.0,0.57345533,81.50742
0.0,0.48923317,380.55017
0.0,0.41512695,97.396965
0.0,0.43895438,147.6493
0.0,0.37415075,1037.5587
0.0,0.45192653,10914.143
0.0,0.3583395,90.42809
0.0,0.24310121,1239.9102
0.0,0.34887114,70192.32
0.0,0.48246226,18002.762
0.0,0.39910448,278.51083
0.0,0.46493024,81678.266
0.0,0.1623837,2922.4583
0.0,0.3616462,199.8134
0.0,0.29593757,2316.147
0.0,0.4172614,278.40182
0.0,0.4518686,13539.46
0.0,0.32980308,1336.9755
0.0,0.37995824,342.57993
0.0,0.28562877,9762.65
0.0,0.3613509,4395.2627
0.0,0.42595986,1768.7263
0.0,0.46700197,4763.5405
0.0,0.16358308,4247.4644
0.0,0.46090063,12182.176
0.0,0.25360557,468.14804
0.0,0.43986255,3740.3662
0.0,0.30569378,489.6504
0.0,0.124913454,9870.496
0.0,0.4612565,196.84003
0.0,0.3423366,7277.2544
0.0,0.34852102,1592.6621
0.0,0.30606386,2653.6658
0.0,0.99983454,120.75202
0.0,0.4576818,311.40338
0.0,0.2014065,15112.077
0.0,0.43620348,69.25273
0.0,0.5543551,99.149864
0.0,0.47274226,1484.3301
0.0,0.47297302,145.52693
0.0,0.4246433,75.31341
0.0,0.38868442,82.94532
0.0,0.534659,4709.6216
0.0,0.34659213,56187.477
0.0,0.3462035,65.50594
0.0,0.48601368,139.15884
0.0,0.38066998,110.55373
0.0,0.10638186,924.7405
0.0,0.4078678,74.31803
0.0,0.20538618,1053.7024
0.0,0.55338985,1202.5177
0.0,0.48897395,79.54726
0.0,0.21775182,3535.0505
0.0,0.34181294,1622.4336
0.0,0.3090279,4798.28
0.0,0.49435237,82.5977
0.0,0.49547175,1835.8859
0.0,0.33426705,33081.35
0.0,0.3628344,131.66219
0.0,0.25184903,922.30994
0.0,0.29943854,9107.016
0.0,0.2690833,1255.4852
0.0,0.5142422,841.02374
0.0,0.5319692,3077.1892
0.0,0.44253692,1783.1908
0.0,0.4140133,303.8302
0.0,0.4276434,770.8723
0.0,0.68420076,460.2011
0.0,0.28772545,6568.829
0.0,0.46738628,555.74725
0.0,0.4200421,180.99957
0.0,0.4882519,795.3643
0.0,0.32788643,12567.403
0.0,0.30097222,4392.701
0.0,0.47323537,566.5008
0.0,0.3936133,303.88275
0.0,0.4575247,826.80975
0.0,0.31885767,777.3646
0.0,0.20629606,186.74924
0.0,0.34782627,1998.9667
0.0,0.5873376,115.86734
0.0,0.39500132,105.31928
0.0,0.4943498,329.18558
0.0,0.5605429,145.5239
0.0,0.384531,25185.646
0.0,0.36714062,1644.4551
0.0,0.40112856,416.80267
0.0,0.22678591,1583.9583
0.0,0.59427315,153.81041
0.0,0.99999845,268.04095
0.0,0.50402087,76.89625
0.0,0.28390703,6388.5005
0.0,0.2275162,2853.0845
0.0,0.57880163,70.45233
0.0,0.3798537,203.77245
0.0,0.6296356,1264.9626
0.0,0.5145531,190.40407
0.0,0.47718665,83.62537
0.0,0.39610425,16631.395
0.0,0.346069,1504.098
0.0,0.34599036,1633.5659
0.0,0.22941254,42624.49
0.0,0.5007769,141.01546
0.0,0.5326117,148.30814
0.0,0.2742805,6011.9854
0.0,0.45159206,85.216255
0.0,0.32793108,121.967026
0.0,0.53495336,86.07342
0.0,0.5165786,137.31966
0.0,0.27583116,47400.21
0.0,0.5825452,594.1488
0.0,0.24566875,4094.919
0.0,0.281619,207.53915
0.0,0.3929868,70.39556
0.0,0.4702863,959.24817
0.0,0.53850913,14132.468
0.0,0.89871424,529.61804
0.0,0.3898196,232.5652
0.0,0.3661072,1739.2029
0.0,0.6153902,9098.471
0.0,0.3274421,11844.932
0.0,0.37384474,81.44856
0.0,0.59735805,91.737206
0.0,0.26864815,432.21066
0.0,0.5040088,8531.287
0.0,0.5515705,29815.79
0.0,0.39683336,24294.586
0.0,0.27622965,651.9674
0.0,0.4657565,2180.9846
0.0,0.46266806,450.575
0.0,0.36439136,9643.105
0.0,0.3425577,2741.2205
0.0,0.4829202,1017.83203
0.0,0.38685954,77.08917
0.0,0.98682934,92.21221
0.0,0.19804299,27364.84
0.0,0.42346087,69.930244
0.0,0.2504945,15517.02
0.0,0.45293564,116.564415
0.0,0.34194478,223.76247
0.0,0.3555475,8309.962
0.0,0.31954113,92838.71
0.0,0.3462502,212.62393
0.0,0.35636348,2713.0325
0.0,0.4122124,397.39697
0.0,0.6659831,961.25507
0.0,0.3752631,66.53684
0.0,0.37721244,16785.088
0.0,0.48499122,1021.17896
0.0,0.4111737,467.33176
0.0,0.29732537,1099.891
0.0,0.43672752,126.620705
0.0,0.21495265,15361.624
0.0,0.48718926,3122.1204
0.0,0.45733646,121.99261
0.0,0.5192335,426.41595
0.0,0.24591284,6892.829
0.0,0.39228013,116.62311
0.0,0.47496444,406.59818
0.0,0.32010818,23557.46
0.0,0.52299744,78.40661
0.0,0.339684,1299.0189
0.0,0.37538666,5487.857
0.0,0.30551368,3497.9873
0.0,0.44699335,5392.0757
0.0,0.3524486,130.06339
0.0,0.41717365,5356.5913
0.0,0.40016738,2747.3882
0.0,0.21250579,2002.3286
0.0,0.5543278,3071.3884
0.0,0.3907847,274.86884
0.0,0.3616467,25040.695
0.0,0.31050846,2221.8523
0.0,0.3248333,3623.4922
0.0,0.42463687,10321.094
0.0,0.5023096,938.01587
0.0,0.4893324,125.67803
0.0,0.34911054,89.92821
0.0,0.32830456,198.4138
0.0,0.43831396,980.13745
0.0,0.3551614,1349.2025
0.0,0.38093376,385.05194
0.0,0.5571896,191.0397
0.0,0.30245465,341.60242
0.0,0.26490322,2663.6172
0.0,0.64883727,10632.366
0.0,0.40897587,578.832
0.0,0.42908028,396.56143
0.0,0.3839795,1566.1394
0.0,0.4690076,143.34714
0.0,0.26163745,758.6494
0.0,0.26163748,758.6494
0.0,0.354214,67.804535
0.0,0.31878567,1994.3707
0.0,0.40482768,422.6291
0.0,0.23545851,74.27388
0.0,0.32573137,78.13854
0.0,0.33614194,102.48238
0.0,0.33844197,16443.16
0.0,0.51102114,83.66986
0.0,0.14958453,3213.378
0.0,0.49135852,95.09434
0.0,0.58404785,11466.254
0.0,0.37760606,159.4044
0.0,0.41219953,164.21474
0.0,0.3276994,142.64955
0.0,0.4329841,1697.0452
0.0,0.3503838,699.2802
0.0,0.4849972,71.068504
0.0,0.24216928,96968.02
0.0,0.3892447,129.47878
0.0,0.25765926,41825.934
0.0,0.4661637,194.68324
0.0,0.495726,68.74176
0.0,0.22565904,36059.7
0.0,0.35176235,108.7784
0.0,0.25959513,7168.027
0.0,0.3566609,112.37024
0.0,0.4523399,86.0601
0.0,0.65158397,1907.0209
0.0,0.3258887,87.98926
0.0,0.35942677,72.17301
0.0,0.5090751,12459.045
0.0,0.37265056,1598.508
0.0,0.227007,17293.697
0.0,0.56155074,425.13528
0.0,0.4159522,1189.8778
0.0,0.31104392,1029.9608
0.0,0.31370416,2186.941
0.0,0.44824168,32999.473
0.0,0.45499933,1417.9796
0.0,0.44938707,9688.41
0.0,0.41969153,30610.664
0.0,0.42443615,91.57222
0.0,0.6313806,10728.796
0.0,0.6313806,10728.796
0.0,0.17869455,18397.39
0.0,0.31753442,3026.2285
0.0,0.35195813,3693.0217
0.0,0.36763,1567.4357
0.0,0.36801115,79.558266
0.0,0.2687536,2901.1262
0.0,0.6393196,180.69736
0.0,0.3889812,218.32344
0.0,0.47217473,77.52226
0.0,0.3526456,196.28247
0.0,0.16541584,1270.2019
0.0,0.48829067,85.11639
0.0,0.3571425,104.86104
0.0,0.48064893,82.45228
0.0,0.477886,80.41593
0.0,0.5487449,86.04096
0.0,0.38845786,139.5303
0.0,0.35502172,360.263
0.0,0.47673625,131.00888
0.0,0.49203828,103.74995
0.0,0.47496444,75.19019
0.0,0.46080264,101.12293
0.0,0.60325813,79.95815
0.0,0.23623933,111.89477
0.0,0.50567406,187.55226
0.0,0.35241616,93.68183
0.0,0.525278,459.39108
0.0,0.5192237,175.09932
0.0,0.37590274,69.359
0.0,0.5294143,767.59955
0.0,0.51982766,77.77061
0.0,0.3772383,66.76205
0.0,0.38642454,326.06253
0.0,0.5041415,152.15851
0.0,0.41529554,187.42484
0.0,0.36947036,100.734474
0.0,0.3521699,74.66267
0.0,0.47877264,124.74334
0.0,0.38843888,100.579414
0.0,0.4858494,123.63091
0.0,0.40308204,584.617
0.0,0.4318851,100.92732
0.0,0.50382644,83.01967
0.0,0.4683221,79.15503
0.0,0.4830656,72.56044
0.0,0.3893217,145.83595
0.0,0.7257878,82.17069
0.0,0.47100085,111.63051
0.0,0.4030419,104.28019
0.0,0.40016153,70.401955
0.0,0.33503324,97.4787
0.0,0.34604624,71.27923
0.0,0.44363865,65.4468
0.0,0.48923093,161.3638
0.0,0.36524644,91.12652
0.0,0.49158478,83.50648
0.0,0.40105185,68.64477
0.0,0.37065494,99.13152
0.0,0.34998372,90.53764
0.0,0.34121782,71.932396
0.0,0.4833612,134.2779
0.0,0.6288168,70.43551
0.0,0.49123615,67.7353
0.0,0.5076034,345.30417
0.0,0.46571186,80.70915
0.0,0.29718512,72.59036
0.0,0.71737725,682.46704
0.0,0.5213594,71.03131
0.0,0.4572448,100.87188
0.0,0.49465105,98.92298
0.0,0.42403808,67.64277
0.0,0.39823037,307.45193
0.0,0.54381126,108.06011
0.0,0.38720912,91.35056
0.0,0.31045243,143.51414
0.0,0.46251562,74.82784
0.0,0.3796397,482.38412
0.0,0.5612908,96.567154
0.0,0.4767422,159.07135
0.0,0.30371642,136.71445
0.0,0.4502583,75.51664
0.0,0.40021542,137.36618
0.0,0.50033164,99.80404
0.0,0.5369799,71.192116
0.0,0.3142994,67.252174
0.0,0.3737644,102.06807
0.0,0.3253217,173.97702
0.0,0.4444413,329.11908
0.0,0.36715636,91.46954
0.0,0.40758643,109.42243
0.0,0.5529345,93.655914
0.0,0.5034133,152.74059
0.0,0.22557865,594.1772
0.0,0.39473912,73.806854
0.0,0.47519425,78.11527
0.0,0.4213044,763.346
0.0,0.46803117,257.48438
0.0,0.49500176,230.68518
0.0,0.4291606,180.25844
0.0,0.37132874,271.72028
0.0,0.56873715,135.07054
0.0,0.36361086,780.0955
0.0,0.4779865,88.86258
0.0,0.503525,107.0947
0.0,0.34278974,89.38203
0.0,0.33458424,177.3847
0.0,0.48081037,77.22307
0.0,0.5772434,69.03895
0.0,0.4017738,75.5599
0.0,0.47966874,106.38993
0.0,0.42722857,79.31242
0.0,0.36970925,112.84743
0.0,0.45094565,178.69696
0.0,0.3998255,66.88268
0.0,0.3612821,68.84048
0.0,0.50071007,180.68398
0.0,0.4695286,80.18491
0.0,0.51582354,95.847145
0.0,0.30671123,206.6501
0.0,0.5858143,895.4413
0.0,0.31094757,70.68998
0.0,0.5987791,501.612
0.0,0.5560559,90.958664
0.0,0.48696905,70.29072
0.0,0.37117118,129.34514
0.0,0.41117606,83.394485
0.0,0.41301316,506.0652
0.0,0.6353349,569.83075
0.0,0.4843785,121.723816
0.0,0.4250365,151.25563
0.0,0.6207606,83.484886
0.0,0.26845676,702.0104
0.0,0.46479946,67.359566
0.0,0.51743686,158.72163
0.0,0.53847706,78.83022
0.0,0.38629892,67.62194
0.0,0.44668475,83.24021
0.0,0.5328877,98.64078
0.0,0.4913068,124.5328
0.0,0.49777907,92.550026
0.0,0.45843828,78.1326
0.0,0.48765078,80.84428
0.0,0.4901042,73.26978
0.0,0.47827688,84.60243
0.0,0.4279499,201.48119
0.0,0.38667873,76.3387
0.0,0.4573917,70.982216
0.0,0.34483683,5048.875
0.0,0.42392507,906.9193
0.0,0.2818141,11212.21
0.0,0.33936423,893.5502
0.0,0.31602153,6794.233
0.0,0.46473283,198.28477
0.0,0.27359933,908.07715
0.0,0.42319462,1122.5808
0.0,0.4038608,159.41246
0.0,0.29922038,464.71454
0.0,0.31549892,17518.113
0.0,0.17581658,6270.5977
0.0,0.5068414,307.00296
0.0,0.7215674,87.13659
0.0,0.31924936,8133.3906
0.0,0.31229576,355.80228
0.0,0.5216971,301.5901
0.0,0.37152988,8152.26
0.0,0.37726572,68.21471
0.0,0.8998924,3.3984096e+08
0.0,0.8998924,3.3984096e+08
0.0,0.38978168,3404.8188
0.0,0.5811486,162.2951
0.0,0.35222867,2864.293
0.0,0.30103,70.1955
0.0,0.48752993,463.85355
0.0,0.26421782,15306.653
0.0,0.55782574,1193.2139
0.0,0.3998027,31615.07
0.0,0.4391774,749.68304
0.0,0.37115005,87.47785
0.0,0.5685137,116.342834
0.0,0.5043691,717.1672
0.0,0.41711956,186.74954
0.0,0.3271012,10927.1045
0.0,0.35827947,10731.765
0.0,0.5305097,775.9278
0.0,0.3493341,17782.93
0.0,0.35844174,43894.613
0.0,0.526423,13375.833
0.0,0.3808301,778.0439
0.0,0.22407989,8750.465
0.0,0.3726088,94.300476
0.0,0.27897376,123.552345
0.0,0.4493639,6188.2495
0.0,0.38370857,147.90956
0.0,0.23454802,62463.89
0.0,0.32493505,762.10913
0.0,0.34397906,106.44748
0.0,0.36548764,182.49931
0.0,0.31685585,12038.691
0.0,0.31832024,68.62043
0.0,0.31324512,27020.51
0.0,0.39741045,7327.658
0.0,0.39921495,1070.3228
0.0,0.61012197,1724.6028
0.0,0.4339802,333.27875
0.0,0.19896945,47341.285
0.0,0.3811222,1562.9066
0.0,0.3911182,68.69185
0.0,0.28703693,1063.204
0.0,0.6784202,9381.203
0.0,0.29614684,66.175514
0.0,0.39166385,3590.7473
0.0,0.2837097,2674.1047
0.0,0.28758612,79.23933
0.0,0.4023808,375.7378
0.0,0.22850986,113.451385
0.0,0.4457585,260.02792
0.0,0.31878045,1234.6263
0.0,0.26509273,94.44655
0.0,0.39285597,96.32154
0.0,0.4929891,74.82998
0.0,0.31461212,2820.6912
0.0,0.7000313,1745.6108
0.0,0.39495236,65.03613
0.0,0.51022315,311.8492
0.0,0.21656851,40640.69
0.0,0.62664545,239.31657
0.0,0.4247164,647.6048
0.0,0.36291844,82.44603
0.0,0.37324402,673.50275
0.0,0.48591033,1354.1884
0.0,0.43537256,68.79639
0.0,0.37194237,728.8969
0.0,0.47751656,196.45226
0.0,0.39349714,727.1133
0.0,0.3631666,76.41795
0.0,0.30417606,334.09155
0.0,0.3058204,54798.49
0.0,0.42320082,3028.2163
0.0,0.26190922,41408.387
0.0,0.34237757,15306.317
0.0,0.33592063,12959.817
0.0,0.20985448,83999.43
0.0,0.32831693,306.64655
0.0,0.35524166,400.27377
0.0,0.55729216,128.66357
0.0,0.30771834,2186.905
0.0,0.26490468,22912.18
0.0,0.28938076,1144.3263
0.0,0.37113926,2020.5851
0.0,0.3429826,592.30194
0.0,0.32429942,266.90594
0.0,0.48384604,472.92944
0.0,0.50355893,1274.8881
0.0,0.39637762,293.7257
0.0,0.26285446,35448.88
0.0,0.27466363,173.54042
0.0,0.4286294,475.95047
0.0,0.31807762,547.46045
0.0,0.29637897,443.66742
0.0,0.33813733,1738.9318
0.0,0.51107097,137.74844
0.0,0.309456,74.54899
0.0,0.24716127,5287.442
0.0,0.35386294,473.9964
0.0,0.6456624,3023.2993
0.0,0.16642238,1211.0958
0.0,0.47496444,349.27603
0.0,0.38930446,5112.7847
0.0,0.41647848,72.98487
0.0,0.33476302,83.15795
0.0,0.46769795,434.03247
0.0,0.42084825,6032.198
0.0,0.27717555,3128.6711
0.0,0.41499823,71.44994
0.0,0.3937891,352.22617
0.0,0.3110743,1255.83
0.0,0.51843494,3356.5764
0.0,0.61992854,3876.5398
0.0,0.39560905,340.41852
0.0,0.45329136,134.0169
0.0,0.26539177,74.82008
0.0,0.2841696,129.7219
0.0,0.2072671,64393.453
0.0,0.5354224,127.3011
0.0,0.46665162,120.13142
0.0,0.35251477,74.56618
0.0,0.44884473,81.01295
0.0,0.24600436,440.10626
0.0,0.5992568,39694.824
0.0,0.4751183,272.0373
0.0,0.3565226,273.6993
0.0,0.414713,4516.5107
0.0,0.2225214,76798.9
0.0,0.50315356,83.5552
0.0,0.3232734,114.41341
0.0,0.22998817,10144.86
0.0,0.22928677,149.04958
0.0,0.5261293,94.2393
0.0,0.30106136,8987.621
0.0,0.3922941,186.02408
0.0,0.42785823,3577.1165
0.0,0.40347296,10022.853
0.0,0.9999069,219.52408
0.0,0.3793739,78.54904
0.0,0.99999595,2033.2301
0.0,0.44325417,1367.2864
0.0,0.25900498,1901.5879
0.0,0.14095917,12007.551
0.0,0.38484094,82.737236
0.0,0.50473696,211.35066
0.0,0.4380287,826.1247
0.0,0.43270862,107.73705
0.0,0.4040579,270.13864
0.0,0.39081165,11977.029
0.0,0.272951,3557.0522
0.0,0.406357,303.8212
0.0,0.29557183,364.8403
0.0,0.36222294,88.3501
0.0,0.54280955,1321.4517
0.0,0.40120173,16638.555
0.0,0.4556594,175.04175
0.0,0.49682665,700.45435
0.0,0.40184656,101.76577
0.0,0.18589768,1104.3713
0.0,0.23718363,3524.068
0.0,0.34601992,377.19296
0.0,0.37227777,3084.018
0.0,0.36435413,85.182816
0.0,0.36525327,318.4203
0.0,0.28383544,13856.439
0.0,0.35516146,537.86383
0.0,0.5505616,852.1195
0.0,0.33165237,186.52403
0.0,0.4941837,109.636314
0.0,0.36089087,71.97395
0.0,0.3646231,253.83026
0.0,0.33112907,2356.5764
0.0,0.41213608,5675.5044
0.0,0.21899521,7348.8364
0.0,0.31312585,2799.939
0.0,0.15661496,1626.1573
0.0,0.39284652,83.740166
0.0,0.42517462,206.56071
0.0,0.25614744,7329.9717
0.0,0.40676564,26369.625
0.0,0.53048605,72.30448
0.0,0.47496444,108.288155
0.0,0.47990373,17473.22
0.0,0.3929658,88.7493
0.0,0.44350463,5914.594
0.0,0.36595333,393.41293
0.0,0.4231013,1892.0027
0.0,0.37631026,450.10034
0.0,0.23268999,12771.9
0.0,0.5829981,1251.586
0.0,0.44963375,153.97278
0.0,0.49546272,361.76984
0.0,0.18891762,11954.918
0.0,0.45203987,31113.988
0.0,0.32618925,526.96295
0.0,0.44396788,107.40959
0.0,0.5760012,663.37665
0.0,0.35640723,312.87808
0.0,0.34989995,2505.766
0.0,0.3161051,7181.0083
0.0,0.393246,938.28107
0.0,0.5315653,69.7875
0.0,0.27332336,14269.616
0.0,0.34797,423.10617
0.0,0.61503434,90.916275
0.0,0.47496444,853.59155
0.0,0.42019734,88.39258
0.0,0.34832662,1437.5148
0.0,0.35881132,357.59286
0.0,0.34244534,1436.8536
0.0,0.2814637,86331.57
0.0,0.20723198,1071.8492
0.0,0.2840605,703.7143
0.0,0.37106287,384.34003
0.0,0.4992684,149.75601
0.0,0.47496444,242.43718
0.0,0.40843126,199.88493
0.0,0.4938682,330.07697
0.0,0.76666486,1031.0815
0.0,0.23346342,5122.885
0.0,0.30772343,4848.553
0.0,0.3219976,541.72925
0.0,0.4057952,1153.7776
0.0,0.31599015,150.15082
0.0,0.27173346,40217.53
0.0,0.52490914,101.70501
0.0,0.5313114,564.2676
0.0,0.28123668,1203.9021
0.0,0.25146225,16499.893
0.0,0.36483905,13343.885
0.0,0.2190084,17845.422
0.0,0.302893,95.040535
0.0,0.37511176,347.8581
0.0,0.9948797,8072.684
0.0,0.5209856,267.09882
0.0,0.35733685,778.38995
0.0,0.4510451,121.80276
0.0,0.24491736,1006.6692
0.0,0.4139968,382.256
0.0,0.57399094,4646.3647
0.0,0.47407836,1237.3317
0.0,0.35874116,255.04927
0.0,0.4249264,6319.747
0.0,0.55072916,91.63867
0.0,0.38239995,1724.5422
0.0,0.9988544,87.1165
0.0,0.3380689,7396.7017
0.0,0.1798837,3792.9958
0.0,0.3065837,1760.2302
0.0,0.49348578,89.167046
0.0,0.31199062,308.6867
0.0,0.38995865,337.05307
0.0,0.37670526,10727.265
0.0,0.36834648,301.63263
0.0,0.17182064,97278.234
0.0,0.14568062,64441.05
0.0,0.24762553,2878.385
0.0,0.45599976,771.7594
0.0,0.3534675,157.16629
0.0,0.3981184,2204.281
0.0,0.33530164,261.53574
0.0,0.13519694,3570.252
0.0,0.33451045,108.10942
0.0,0.34162313,117.33575
0.0,0.45322818,58220.723
0.0,0.36632317,122.05263
0.0,0.33388343,18196.7
0.0,0.34964257,88.55813
0.0,0.34091085,1999.3136
0.0,0.25191423,813.1864
0.0,0.38176224,547.5001
0.0,0.4058664,1277.4901
0.0,0.43477094,3091.8704
0.0,0.30737555,2180.8853
0.0,0.39327025,438.54462
0.0,0.43573326,278.08807
0.0,0.2611125,69723.55
0.0,0.50238174,171.6021
0.0,0.42378503,120.80838
0.0,0.52523476,296.3434
0.0,0.23754844,1404.1908
0.0,0.4391569,236.13551
0.0,0.48030993,10800.965
0.0,0.3856403,76.93891
0.0,0.39572722,76532.48
0.0,0.3474374,1136.1936
0.0,0.47828236,914.7467
0.0,0.3696425,6822.8755
0.0,0.43520534,146.89546
0.0,0.42213112,898.698
0.0,0.4593842,92.1002
0.0,0.47324958,78.68918
0.0,0.41625082,136.07745
0.0,0.15042976,80758.0
0.0,0.1405756,33748.652
0.0,0.1946709,873.4929
0.0,0.3490268,905.9947
0.0,0.4089009,87.33083
0.0,0.31992662,72.17622
0.0,0.34331894,126.06112
0.0,0.4457811,2715.7417
0.0,0.39985383,81.57945
0.0,0.3663566,419.15097
0.0,0.34386367,2741.4822
0.0,0.99999166,104.140945
0.0,0.25817108,2685.9795
0.0,0.3186358,1266.8975
0.0,0.5522334,81.26549
0.0,0.4885699,71.06136
0.0,0.3583898,3133.804
0.0,0.64640826,12422.179
0.0,0.5366275,8041.505
0.0,0.52899265,84.08622
0.0,0.47709703,16537.98
0.0,0.43391842,22062.133
0.0,0.36393026,825.917
0.0,0.4086898,176.11978
0.0,0.29580125,977.403
0.0,0.4494884,208.45035
0.0,0.27544802,3399.2158
0.0,0.16874002,11022.999
0.0,0.46893194,301.98093
0.0,0.2080747,23305.213
0.0,0.33717307,28368.604
0.0,0.30690265,2945.8564
0.0,0.29891494,3982.7146
0.0,0.38972697,406.1063
0.0,0.2913563,110.69978
0.0,0.28599003,975.6773
0.0,0.33767208,9219.748
0.0,0.2511123,2056.1985
0.0,0.4329251,1353.2623
0.0,0.5514485,96.015724
0.0,0.31552112,9161.67
0.0,0.53810734,429.575
0.0,0.22358942,83572.766
0.0,0.3158227,114.70743
0.0,0.42245314,132.98537
0.0,0.27131918,19562.904
0.0,0.5752728,2814.6523
0.0,0.45261496,1136.5155
0.0,0.33134857,3326.8135
0.0,0.41518605,83.16242
0.0,0.51627797,2409.1777
0.0,0.57995665,1397.1335
0.0,0.5919894,1084.8826
0.0,0.3942164,97.21673
0.0,0.44107446,16495.42
0.0,0.48049182,92.51472
0.0,0.4202211,106.69548
0.0,0.25958046,1230.8853
0.0,0.41417134,134.57169
0.0,0.2110424,15327.508
0.0,0.48639837,1431.099
0.0,0.47553366,68943.05
0.0,0.37407127,82.573105
0.0,0.4968206,153.87595
0.0,0.28323305,696.6826
0.0,0.32333842,81.24979
0.0,0.27666342,134.69852
0.0,0.56691086,8046.053
0.0,0.32471752,203.46191
0.0,0.3379234,246.5415
0.0,0.3196526,19940.629
0.0,0.4259087,164.3862
0.0,0.31104803,4152.7017
0.0,0.2947854,27501.164
0.0,0.42639768,158.57854
0.0,0.43834335,72.58793
0.0,0.47937423,1155.2157
0.0,0.38626277,185.35779
0.0,0.22396782,25868.555
0.0,0.290051,1659.4658
0.0,0.40696025,140.92252
0.0,0.3660804,94.6349
0.0,0.49843535,1015.3096
0.0,0.51064664,11338.172
0.0,0.3392679,67.52842
0.0,0.54379207,2571.5408
0.0,0.411119,1327.9692
0.0,0.3793807,73.71829
0.0,0.4169381,111.41622
0.0,0.5137862,178.45422
0.0,0.44482028,555.32544
0.0,0.4610617,304.8887
0.0,0.37210265,250.64734
0.0,0.40136772,124.89512
0.0,0.38421747,87.736145
0.0,0.16137367,3607.1558
0.0,0.39164317,75.812294
0.0,0.32404345,26793.857
0.0,0.37156388,23299.227
0.0,0.43100822,290.8952
0.0,0.37551194,21333.072
0.0,0.45699662,100.328606
0.0,0.40114084,80.133224
0.0,0.34563902,19986.133
0.0,0.45321023,4880.0347
0.0,0.36155662,74860.92
0.0,0.38789055,327.85764
0.0,0.40161908,436.62164
0.0,0.95772916,897.291
0.0,0.20747526,18242.309
0.0,0.15736085,39284.617
0.0,0.48157483,922.94104
0.0,0.45729718,222.55624
0.0,0.55114275,130.07367
0.0,0.22901633,983.60394
0.0,0.4616093,149.1429
0.0,0.27205908,19460.395
0.0,0.3946558,583.75977
0.0,0.33373943,1643.4226
0.0,0.30053234,4000.8813
0.0,0.60474527,1419.3441
0.0,0.31648472,270.34903
0.0,0.308201,307.86673
0.0,0.40065613,143.84203
0.0,0.26044425,21792.254
0.0,0.51920265,7192.454
0.0,0.34092137,102.36211
0.0,0.27255428,668.096
0.0,0.48368907,285.33148
0.0,0.4476968,101.838875
0.0,0.47547993,1341.5736
0.0,0.38020557,167.87152
0.0,0.46932563,84.46198
0.0,0.99997866,113.917656
0.0,0.19322053,689.5191
0.0,0.4937025,526.4257
0.0,0.3943612,7898.4824
0.0,0.41654757,8621.591
0.0,0.13963334,12512.056
0.0,0.3055998,133.83846
0.0,0.341739,161.55888
0.0,0.17962496,343.4171
0.0,0.48667416,8336.995
0.0,0.5056583,66.63788
0.0,0.15831725,5845.7334
0.0,0.4428593,77.74615
0.0,0.45380378,90.75396
0.0,0.2570021,3044.1875
0.0,0.43424907,73.74331
0.0,0.42580384,2558.2178
0.0,0.27837196,4423.9927
0.0,0.24251972,36752.76
0.0,0.46394572,116.73002
0.0,0.5278724,287.62936
0.0,0.19567488,19086.357
0.0,0.2769074,2171.3865
0.0,0.18850811,10649.436
0.0,0.24212934,16117.77
0.0,0.59584683,1363.8424
0.0,0.2920775,27419.367
0.0,0.46238673,2576.9507
0.0,0.48183396,109.84995
0.0,0.5061144,231.61012
0.0,0.49346653,114.89757
0.0,0.54286784,755.1565
0.0,0.36411202,9139.526
0.0,0.14057602,4611.5557
0.0,0.3219509,255.23303
0.0,0.3969124,2773.837
0.0,0.33590177,4446.3687
0.0,0.35810447,32465.576
0.0,0.24381468,979.79694
0.0,0.39810938,330.2651
0.0,0.6135792,100.51081
0.0,0.2548094,62247.406
0.0,0.19288585,40392.906
0.0,0.2188569,10005.81
0.0,0.36756602,33623.23
0.0,0.67333055,4641.3477
0.0,0.48071614,94440.28
0.0,0.51279485,15124.311
0.0,0.37981507,190.56102
0.0,0.3819744,70.47351
0.0,0.9999932,5125.2085
0.0,0.61956775,137.50327
0.0,0.38558364,1421.3386
0.0,0.48493606,5852.7915
0.0,0.28150582,1464.8846
0.0,0.20997229,1666.4607
0.0,0.43945011,124.56445
0.0,0.5523041,2194.754
0.0,0.4076735,2431.0193
0.0,0.3239821,2764.1462
0.0,0.20759305,1524.9026
0.0,0.19177367,8925.559
0.0,0.49841693,163.89043
0.0,0.5262592,67.25435
0.0,0.7087112,67.04872
0.0,0.378357,286.71988
0.0,0.40823314,1285.2568
0.0,0.27346486,3694.6926
0.0,0.17442733,738.9887
0.0,0.4948716,630.9406
0.0,0.39407423,1269.5376
0.0,0.29491872,9387.561
0.0,0.36000225,715.1283
0.0,0.30468225,3582.6094
0.0,0.4673538,71.11327
0.0,0.52578974,81.121025
0.0,0.26847845,18753.783
0.0,0.28368476,9729.959
0.0,0.29605627,4758.9087
0.0,0.3226148,5602.995
0.0,0.49886656,105.93883
0.0,0.42315882,73.7359
0.0,0.3172442,815.8729
0.0,0.45553437,196.04501
0.0,0.4304919,600.3222
0.0,0.49448398,326.06717
0.0,0.5000795,144.35075
0.0,0.53920823,1486.0985
0.0,0.17451105,11319.526
0.0,0.29944566,116.2204
0.0,0.15195169,90441.25
0.0,0.37263662,72.24653
0.0,0.43850717,494.30365
0.0,0.41758567,193.09494
0.0,0.65012074,9208.767
0.0,0.42824227,15979.694
0.0,0.39920568,983.68005
0.0,0.2587995,4816.572
0.0,0.23997875,22090.225
0.0,0.34900078,18198.637
0.0,0.48380357,411.3279
0.0,0.3761778,101.649635
0.0,0.21902247,4049.5752
0.0,0.31890243,134.302
0.0,0.26428807,4705.1895
0.0,0.30677092,1761.7123
0.0,0.38908765,2093.4324
0.0,0.386607,2523.8933
0.0,0.31746167,8217.281
0.0,0.1421156,523.3836
0.0,0.3120281,301.42078
0.0,0.26355624,1148.2279
0.0,0.19988844,6525.2676
0.0,0.36953336,801.053
0.0,0.34665692,94.11163
0.0,0.43048632,523.59766
0.0,0.56366014,85.781944
0.0,0.31226456,63625.934
0.0,0.43328673,1979.9565
0.0,0.39008042,72.125244
0.0,0.41254398,34797.78
0.0,0.47615805,42619.574
0.0,0.20969099,25815.299
0.0,0.3404761,7004.359
0.0,0.29067993,70.588745
0.0,0.45311227,194.26816
0.0,0.62772083,3282.472
0.0,0.28132248,25988.236
0.0,0.21164553,5717.312
0.0,0.2744138,1229.2255
0.0,0.29736134,195.47554
0.0,0.48171976,127.03505
0.0,0.25436565,3187.428
0.0,0.39972425,833.20624
0.0,0.43815652,69.358505
0.0,0.21124399,346.91238
0.0,0.48220423,122.29724
0.0,0.26854864,1088.6735
0.0,0.38300318,4316.61
0.0,0.55605036,75.698944
0.0,0.32198927,87.51578
0.0,0.28881583,217.33246
0.0,0.39664966,669.5309
0.0,0.3413984,4001.1406
0.0,0.41682842,457.78842
0.0,0.36595482,66.82922
0.0,0.37329867,1445.8036
0.0,0.5045145,974.8229
0.0,0.44099325,2925.0938
0.0,0.49302885,255.19675
0.0,0.31667417,363.57266
0.0,0.20939113,43498.855
0.0,0.5498723,3847.9624
0.0,0.5224608,781.04297
0.0,0.47561526,104.118706
0.0,0.31287634,9584.254
0.0,0.46886143,389.16534
0.0,0.26823473,2510.0935
0.0,0.48881963,652.5629
0.0,0.36545426,85.059425
0.0,0.2471763,109.501755
0.0,0.28702295,14462.426
0.0,0.39954215,3115.9373
0.0,0.43001276,10615.417
0.0,0.6153646,3714.016
0.0,0.5410701,1627.9108
0.0,0.489509,35476.406
0.0,0.3906186,404.01425
0.0,0.7148203,2980.8914
0.0,0.29363534,21254.773
0.0,0.34183976,1140.0887
0.0,0.44382533,106.41359
0.0,0.4881211,71.4593
0.0,0.37064055,74.886795
0.0,0.47816023,2082.2275
0.0,0.4176761,991.5498
0.0,0.5769503,18565.895
0.0,0.3926003,172.36923
0.0,0.5612648,1010.7981
0.0,0.50472075,80.567604
0.0,0.39753526,120.71676
0.0,0.38814124,163.96521
0.0,0.4076281,97.45307
0.0,0.24449882,820.86475
0.0,0.25671464,58367.355
0.0,0.36731392,9232.542
0.0,0.28675696,823.90857
0.0,0.44575316,1381.0911
0.0,0.27066928,2402.732
0.0,0.51282847,144.9129
0.0,0.36821026,582.0657
0.0,0.44037226,1027.7214
0.0,0.4381706,210.89795
0.0,0.27408758,1673.3638
0.0,0.31815863,377.54703
0.0,0.5724049,20414.664
0.0,0.4264528,147.82433
0.0,0.38765806,5735.032
0.0,0.34135732,147.50444
0.0,0.15424481,33481.07
0.0,0.3397375,112.51437
0.0,0.34947646,26456.045
0.0,0.3392143,74.18598
0.0,0.37390685,3021.1292
0.0,0.46165493,1602.4004
0.0,0.33575463,1889.829
0.0,0.60671633,354.28256
0.0,0.3524533,210.45325
0.0,0.29636526,918.9954
0.0,0.42715245,186.89467
0.0,0.48475355,26988.873
0.0,0.28778407,12913.967
0.0,0.31459227,5326.757
0.0,0.4860474,331.71112
0.0,0.5248906,4064.8682
0.0,0.17492457,16049.711
0.0,0.18392998,11407.937
0.0,0.3924866,76.54689
0.0,0.4139218,374.46664
0.0,0.3933928,1627.0735
0.0,0.38808244,145.76503
0.0,0.4012801,71.91506
0.0,0.39829928,120.054016
0.0,0.15056719,4857.6543
0.0,0.42820016,1533.4098
0.0,0.14631762,2892.2544
0.0,0.55245966,91.50154
0.0,0.33354646,2797.4592
0.0,0.55453205,128.58858
0.0,0.41503757,83.8738
0.0,0.20072712,24770.525
0.0,0.21286705,5690.9175
0.0,0.9940877,96097.64
0.0,0.32490036,107.609726
0.0,0.21984428,1468.3419
0.0,0.39562735,288.6991
0.0,0.16334195,1849.506
0.0,0.31379288,1594.8187
0.0,0.3370534,101.13565
0.0,0.23003834,1765.24
0.0,0.42145804,4815.559
0.0,0.50642496,3574.9236
0.0,0.5172777,95.51497
0.0,0.34748203,139.20064
0.0,0.428166,246.66931
0.0,0.3056324,3180.2373
0.0,0.40996686,1865.0192
0.0,0.49257606,916.9454
0.0,0.3123453,71.12049
0.0,0.54303515,464.3649
0.0,0.2946714,1225.9785
0.0,0.3600815,223.54771
0.0,0.30838054,1040.6688
0.0,0.444308,683.6253
0.0,0.27279916,69.67455
0.0,0.35336897,75071.305
0.0,0.71487445,800.93164
0.0,0.49499494,117.92579
0.0,0.54094326,225.55795
0.0,0.4463657,3303.9897
0.0,0.34966257,3092.018
0.0,0.33413324,4027.5154
0.0,0.6224456,70.06855
0.0,0.48981127,78.940605
0.0,0.25298855,453.71497
0.0,0.33328956,1062.9985
0.0,0.41180614,1481.4458
0.0,0.34365737,706.75275
0.0,0.4744512,17117.125
0.0,0.45090112,151.11288
0.0,0.5848748,7146.189
0.0,0.212214,9220.026
0.0,0.35637015,957.30853
0.0,0.7311865,1072.4708
0.0,0.32057035,1023.2958
0.0,0.4998882,208.7144
0.0,0.45287505,2328.8179
0.0,0.41876423,73.64718
0.0,0.48064744,128.38692
0.0,0.24078244,701.57153
0.0,0.52046317,288.9071
0.0,0.3580326,160.78645
0.0,0.389124,1889.5613
0.0,0.40043107,528.5492
0.0,0.55806917,69.47504
0.0,0.4442361,2649.8284
0.0,0.41528502,167.64377
0.0,0.2526585,13802.702
0.0,0.5247457,235.39737
0.0,0.30732512,183.50656
0.0,0.3796799,4393.533
0.0,0.57394344,2776.75
0.0,0.34622347,101.1788
0.0,0.30108708,82511.84
0.0,0.4308532,129.44168
0.0,0.469205,832.75354
0.0,0.4258117,204.06921
0.0,0.404559,122.571335
0.0,0.4931826,67.253204
0.0,0.41625166,302.20877
0.0,0.47134256,125.92334
0.0,0.35441154,204.3524
0.0,0.37574625,363.81305
0.0,0.28655648,58651.17
0.0,0.42276892,1271.9233
0.0,0.34495845,1085.998
0.0,0.19573936,20498.307
0.0,0.3972531,3220.421
0.0,0.5420059,83.65942
0.0,0.4884456,11912.975
0.0,0.50631493,76.60895
0.0,0.46624017,1121.1649
0.0,0.58919954,6756.365
0.0,0.22873408,74177.49
0.0,0.33030164,686.15576
0.0,0.2762155,5953.3994
0.0,0.29816392,17772.584
0.0,0.52349657,357.1332
0.0,0.43284482,193.8198
0.0,0.29030713,106.2904
0.0,0.55297095,8282.008
0.0,0.50846297,1837.6707
0.0,0.36235297,652.4139
0.0,0.44015983,217.48427
0.0,0.31242704,112.4709
0.0,0.54777694,814.60236
0.0,0.60830426,2104.4111
0.0,0.64126325,8881.617
0.0,0.21399373,58972.875
0.0,0.4926887,68.53905
0.0,0.25595316,7851.5713
0.0,0.19119035,3444.9075
0.0,0.23225911,718.0894
0.0,0.32012305,200.74136
0.0,0.32012305,200.74136
0.0,0.24997455,18623.385
0.0,0.48679754,3895.6633
0.0,0.47496444,824.32117
0.0,0.4754644,88.225876
0.0,0.46850288,2877.6282
0.0,0.17111158,1156.5514
0.0,0.5291896,686.9265
0.0,0.47034118,932.8625
0.0,0.25379017,7622.4966
0.0,0.38661894,65.061165
0.0,0.37635905,92.35589
0.0,0.21213752,223.47545
0.0,0.35110632,137.99944
0.0,0.32079685,840.97345
0.0,0.606254,1568.7278
0.0,0.31158888,1937.0841
0.0,0.26890078,7272.1147
0.0,0.4829507,69.141426
0.0,0.48786822,83.218575
0.0,0.31579423,2857.4705
0.0,0.49059963,2453.773
0.0,0.54576975,13260.911
0.0,0.29275337,1036.0913
0.0,0.456535,70.1456
0.0,0.42100292,1139.0239
0.0,0.12611659,83824.75
0.0,0.32367304,7350.3936
0.0,0.335963,2603.7117
0.0,0.41183478,217.07335
0.0,0.43379268,73.62497
0.0,0.51276875,2325.8486
0.0,0.45425346,2936.2754
0.0,0.43936703,7379.3345
0.0,0.48170072,174.6416
0.0,0.3421349,67.876785
0.0,0.47496444,1272.4933
0.0,0.48254186,90.849396
0.0,0.32404742,275.81116
0.0,0.36763626,409.11035
0.0,0.4996531,399.88196
0.0,0.58006746,209.94402
0.0,0.538843,80.58364
0.0,0.21681258,27089.01
0.0,0.4312901,2085.2842
0.0,0.46657553,1004.6099
0.0,0.18008813,25245.807
0.0,0.5234076,730.0022
0.0,0.5476825,18250.121
0.0,0.31135055,3781.5813
0.0,0.5406474,2491.5361
0.0,0.4566596,6701.0894
0.0,0.2687612,3136.2515
0.0,0.32553566,7065.0366
0.0,0.3744505,1019.3737
0.0,0.36936718,79.007484
0.0,0.46590385,157.84601
0.0,0.44834098,13957.583
0.0,0.6246273,8255.951
0.0,0.48069465,325.06485
0.0,0.33186275,1004.3061
0.0,0.24454929,422.98935
0.0,0.3673119,105.47916
0.0,0.38968822,78.79137
0.0,0.34715793,284.98175
0.0,0.34169543,104.26829
0.0,0.179266,71212.81
0.0,0.40029263,82.49898
0.0,0.55621094,2177.9204
0.0,0.3313276,69.119095
0.0,0.38673782,66.152756
0.0,0.47777107,1329.7238
0.0,0.30959138,5319.6846
0.0,0.37733716,66.08187
0.0,0.40145785,2552.7927
0.0,0.40081304,1446.241
0.0,0.4033202,336.93134
0.0,0.28973466,411.8985
0.0,0.599813,4293.76
0.0,0.3033818,2267.6863
0.0,0.4812364,398.4136
0.0,0.10936077,13293.376
0.0,0.2669878,3888.6208
0.0,0.47686258,3690.229
0.0,0.3396529,10600.369
0.0,0.38022956,103.32365
0.0,0.5028125,98.86956
0.0,0.4336304,898.512
0.0,0.3790589,474.51062
0.0,0.35348603,1250.7838
0.0,0.5026308,606.9635
0.0,0.3368392,116.79245
0.0,0.48546883,102.55166
0.0,0.3137498,93.55332
0.0,0.26973724,17514.863
0.0,0.43477878,3982.332
0.0,0.39267772,1140.919
0.0,0.3710311,111.15926
0.0,0.53257996,1457.1943
0.0,0.2887151,5177.9067
0.0,0.1992845,1129.8157
0.0,0.5294324,8549.149
0.0,0.3646607,1733.32
0.0,0.5149675,243.3511
0.0,0.45215687,138.2911
0.0,0.49612662,106.49576
0.0,0.31873694,7346.198
0.0,0.20804381,1619.3672
0.0,0.24727495,131.39127
0.0,0.3377941,89.36586
0.0,0.587999,118.50057
0.0,0.14426336,2053.816
0.0,0.35879806,216.14178
0.0,0.3527795,91.83993
0.0,0.43853033,151.43369
0.0,0.23513126,2440.0847
0.0,0.54057175,533.6749
0.0,0.47885454,265.5002
0.0,0.5220174,1879.8685
0.0,0.49506843,126.18942
0.0,0.51089895,60205.332
0.0,0.47724697,367.7694
0.0,0.3968854,255.47612
0.0,0.31549603,573.89185
0.0,0.56481385,78.759995
0.0,0.38581553,417.71252
0.0,0.4204376,70.313194
0.0,0.3710524,3346.2476
0.0,0.44776854,159.70363
0.0,0.13762447,1357.2323
0.0,0.299201,19694.238
0.0,0.4004862,8233.076
0.0,0.29980096,15431.406
0.0,0.54803514,124.55529
0.0,0.47066867,106.71698
0.0,0.33643648,1878.8864
0.0,0.48317644,344.95157
0.0,0.40717643,807.39557
0.0,0.40844956,10078.979
0.0,0.51160437,435.73615
0.0,0.5194132,1083.6754
0.0,0.26441395,662.87933
0.0,0.33711365,713.38806
0.0,0.2908045,12082.854
0.0,0.586405,1098.9169
0.0,0.42509055,108.89814
0.0,0.36064827,11597.361
0.0,0.8049892,5452.093
0.0,0.27004957,21269.645
0.0,0.3339623,12246.655
0.0,0.23722038,50219.12
0.0,0.26217937,1796.7258
0.0,0.5076465,68.834076
0.0,0.40086046,76.332794
0.0,0.85933155,1113.4126
0.0,0.5141944,29028.102
0.0,0.47496444,1987.9727
0.0,0.22119859,9601.189
0.0,0.32723314,6410.085
0.0,0.3433169,1863.6139
0.0,0.7596193,74.433464
0.0,0.44730255,1864.713
0.0,0.20583077,9603.293
0.0,0.3433598,740.36523
0.0,0.33511585,20633.994
0.0,0.15630375,86050.23
0.0,0.5456092,12738.975
0.0,0.6675738,176.52855
0.0,0.17139113,18738.244
0.0,0.30635643,17217.893
0.0,0.5032196,2414.7017
0.0,0.6012453,123.88998
0.0,0.32508114,54556.434
0.0,0.50790715,691.3764
0.0,0.2528214,6479.6646
0.0,0.36869606,75.40314
0.0,0.37759814,168.13197
0.0,0.26809952,5755.0786
0.0,0.5143606,256.61087
0.0,0.5391945,73.1236
0.0,0.46615282,198.61423
0.0,0.3480436,2762.0876
0.0,0.19184382,78780.64
0.0,0.3294936,2257.0337
0.0,0.38927346,676.6844
0.0,0.18764266,806.3812
0.0,0.14397843,3223.4756
0.0,0.5758387,125.810776
0.0,0.38460633,138.20679
0.0,0.3222974,198.09807
0.0,0.44128764,257.9667
0.0,0.24320927,20950.373
0.0,0.41745502,72.06768
0.0,0.15202962,40448.69
0.0,0.312999,952.81256
0.0,0.6137537,959.3951
0.0,0.3865804,129.46783
0.0,0.4820651,66.923836
0.0,0.5009999,111.6204
0.0,0.41224924,79.12774
0.0,0.36724654,68.64077
0.0,0.22153778,4834.18
0.0,0.48705134,978.5831
0.0,0.17464635,52982.63
0.0,0.51506734,402.1526
0.0,0.3823565,862.9944
0.0,0.33534423,1411.3085
0.0,0.62671256,9555.742
0.0,0.38534388,164.29237
0.0,0.27787635,413.01138
0.0,0.33107382,336.89343
0.0,0.46170515,814.1776
0.0,0.13316758,78612.5
0.0,0.47980788,65.25581
0.0,0.42863128,2353.4348
0.0,0.47521567,1027.951
0.0,0.53687626,535.3057
0.0,0.14816952,4789.4004
0.0,0.36664978,98.33559
0.0,0.36664978,98.33559
0.0,0.36382756,95.21162
0.0,0.38321534,81.10292
0.0,0.43321058,340.463
0.0,0.42845204,148.85202
0.0,0.4187896,99.175285
0.0,0.41015115,94.0684
0.0,0.5733326,98.20452
0.0,0.3939083,65.623055
0.0,0.4735968,257.12445
0.0,0.27894726,115.45031
0.0,0.4878899,71.98075
0.0,0.4761252,168.46025
0.0,0.46718264,73.72604
0.0,0.524606,66.297615
0.0,0.3624926,67.2631
0.0,0.29689056,76.111984
0.0,0.54261005,89.48277
0.0,0.46001762,125.79524
0.0,0.46470132,121.66362
0.0,0.2670402,146.71687
0.0,0.32815117,1002.9843
0.0,0.38288733,71.957756
0.0,0.45402256,67.856964
0.0,0.41865772,121.96803
0.0,0.5026112,70.42144
0.0,0.51282126,82.7123
0.0,0.5603816,339.50385
0.0,0.41059592,239.9641
0.0,0.52406114,72.9648
0.0,0.50808704,69.7122
0.0,0.501317,142.49326
0.0,0.5952566,76.5466
0.0,0.43986642,65.565254
0.0,0.5074327,567.0098
0.0,0.50101465,70.80082
0.0,0.5313455,69.33201
0.0,0.42226812,153.10318
0.0,0.3611423,87.55722
0.0,0.5352979,88.87578
0.0,0.46673518,87.56958
0.0,0.32563594,81.45433
0.0,0.4811647,162.518
0.0,0.4343742,112.81813
0.0,0.5155552,308.24792
0.0,0.47620454,312.09375
0.0,0.37566373,115.17449
0.0,0.38137788,113.70054
0.0,0.48699474,78.114845
0.0,0.2725883,95.53146
0.0,0.37634647,79.6125
0.0,0.47158125,153.31143
0.0,0.46238893,127.05109
0.0,0.49145937,74.88069
0.0,0.5540429,98.657295
0.0,0.3785026,159.21078
0.0,0.4845948,105.76798
0.0,0.42362684,68.122795
0.0,0.35797906,108.56977
0.0,0.41196227,134.44637
0.0,0.3607888,78.584015
0.0,0.4720262,111.92825
0.0,0.43644568,77.919624
0.0,0.37162092,83.6065
0.0,0.52062315,108.52317
0.0,0.51897025,71.775696
0.0,0.5690954,72.712006
0.0,0.8443347,99.81404
0.0,0.48028502,131.9672
0.0,0.3743161,205.9511
0.0,0.50823617,67.64233
0.0,0.43278706,68.15646
0.0,0.46011508,74.15334
0.0,0.26984072,912.47815
0.0,0.30968818,89.92902
0.0,0.6737781,69.70877
0.0,0.43760264,140.13292
0.0,0.26048073,244.87228
0.0,0.98692316,146.63481
0.0,0.48269802,101.752754
0.0,0.389638,153.9804
0.0,0.35594624,70.400665
0.0,0.4205645,227.81488
0.0,0.46420816,109.50121
0.0,0.492641,219.99362
0.0,0.39258093,231.49953
0.0,0.5034685,244.45872
0.0,0.5002728,83.15881
0.0,0.40824538,100.678246
0.0,0.32768947,341.34317
0.0,0.36530733,87.06927
0.0,0.48072782,69.13661
0.0,0.45663527,419.9864
0.0,0.39444336,598.63293
0.0,0.5233603,262.4287
0.0,0.44832888,80.03883
0.0,0.51043683,120.21949
0.0,0.49178725,71.104836
0.0,0.3878599,125.630226
0.0,0.6275137,141.89233
0.0,0.4854479,319.67435
0.0,0.49301288,238.87476
0.0,0.44806972,164.44695
0.0,0.3063879,269.16074
0.0,0.5149416,65.437584
0.0,0.46951666,112.90431
0.0,0.3484803,92.16509
0.0,0.4298513,72.542274
0.0,0.49264827,81.67367
0.0,0.37979493,65.90748
0.0,0.48704773,108.175026
0.0,0.36158553,101.8211
0.0,0.49708232,67.52178
0.0,0.5005079,68.739494
0.0,0.49538395,150.53717
0.0,0.34552422,86.34342
0.0,0.3884121,87.10689
0.0,0.3428511,101.4593
0.0,0.3560239,92.42494
0.0,0.52657753,117.23743
0.0,0.36276695,70.37637
0.0,0.37995756,183.33699
0.0,0.53332,66.34331
0.0,0.45201504,71.85875
0.0,0.49659923,79.2677
0.0,0.31691095,384.56735
0.0,0.37381062,122.695076
0.0,0.44861817,228.16158
0.0,0.37466082,127.65767
0.0,0.32718378,83.98412
0.0,0.42591876,135.16362
0.0,0.447603,242.22818
0.0,0.3639406,96.836044
0.0,0.33598197,120.358696
0.0,0.49683395,93.42324
0.0,0.50636137,70.10029
0.0,0.48122,137.30617
0.0,0.5670745,190.52211
0.0,0.3683861,87.4477
0.0,0.34224853,77.51584
0.0,0.36205968,75.85028
0.0,0.38571197,196.45064
0.0,0.3881507,104.48357
0.0,0.533655,154.33948
0.0,0.533655,154.33948
0.0,0.29844773,154.14566
0.0,0.40668568,94.5975
0.0,0.484827,72.03587
0.0,0.41566893,69.80551
0.0,0.14777356,130.5332
0.0,0.4893708,67.627174
0.0,0.51551425,82.86505
0.0,0.41047588,207.89209
0.0,0.29791814,234.94719
0.0,0.47911358,94.84419
0.0,0.41229668,147.51448
0.0,0.406303,219.53722
0.0,0.29352134,76.24124
0.0,0.58564705,113.940544
0.0,0.50171554,91.282585
0.0,0.39578876,93.60302
0.0,0.29109186,98.18873
0.0,0.34228167,96.63769
0.0,0.3498213,66.90593
0.0,0.55741185,110.92859
0.0,0.40494713,128.83829
0.0,0.45194504,85.17561
0.0,0.48564488,72.58562
0.0,0.40787673,71.21797
0.0,0.32600066,340.38696
0.0,0.42287293,67.52675
0.0,0.47872946,77.56181
0.0,0.48853484,97.1281
0.0,0.3325597,204.80421
0.0,0.4838339,85.003944
0.0,0.4585556,83.12474
0.0,0.4009321,84.6596
0.0,0.48833683,80.37835
0.0,0.42449048,100.23953
0.0,0.39801902,115.66772
0.0,0.4748805,78.36719
0.0,0.40808523,82.571884
0.0,0.47496444,279.1505
0.0,0.39056703,211.64116
0.0,0.47496444,267.53027
0.0,0.5149811,74.69261
0.0,0.3708911,65.5875
0.0,0.5468907,67.723755
0.0,0.4262205,76.887825
0.0,0.37716666,87.25183
0.0,0.2584958,224.03264
0.0,0.27423233,84.71913
0.0,0.47916436,77.06984
0.0,0.3745778,90.06696
0.0,0.42011595,65.496506
0.0,0.47270852,68.39241
0.0,0.4494059,83.80874
0.0,0.4270786,101.01901
0.0,0.42870107,73.44464
0.0,0.42928693,106.92364
0.0,0.62905294,92.537346
0.0,0.49149877,66.94247
0.0,0.5789628,67.96947
0.0,0.533195,81.768036
0.0,0.5116611,84.31947
0.0,0.51170516,86.5601
0.0,0.34052628,138.0712
0.0,0.45756206,84.45723
0.0,0.42841044,144.43367
0.0,0.4059631,347.7084
0.0,0.6345315,77.71988
0.0,0.46717265,110.11882
0.0,0.3282416,73.496025
0.0,0.49524584,67.61637
0.0,0.5753436,90.23518
0.0,0.40079948,200.11891
0.0,0.49701893,69.42807
0.0,0.36162505,495.60355
0.0,0.30877778,72.002075
0.0,0.5456215,142.88821
0.0,0.37888312,275.5844
0.0,0.5152995,147.51773
0.0,0.56434953,503.07666
0.0,0.500789,152.07484
0.0,0.49192107,68.592575
0.0,0.54522306,67.254814
0.0,0.49352765,76.82055
0.0,0.495191,69.243454
0.0,0.52470034,117.56994
0.0,0.5214432,89.53333
0.0,0.44464552,78.80222
0.0,0.45714775,119.5209
0.0,0.4714602,74.62134
0.0,0.4050463,278.0148
0.0,0.38857275,73.08157
0.0,0.41808012,74.27437
0.0,0.33759207,113.93029
0.0,0.47496444,181.0266
0.0,0.5823887,121.46128
0.0,0.60998565,65.65141
0.0,0.5005599,76.61672
0.0,0.546157,130.12994
0.0,0.46890882,98.40307
0.0,0.3280266,87.60966
0.0,0.42656913,83.175964
0.0,0.41443038,224.65657
0.0,0.36725506,103.06475
0.0,0.32920596,115.93008
0.0,0.48611283,65.91305
0.0,0.31346092,218.25513
0.0,0.4040449,179.7444
0.0,0.3460302,100.59455
0.0,0.5106914,85.10639
0.0,0.4891109,4.0435683e+11
0.0,0.4491712,86.61612
0.0,0.3995838,90.57485
0.0,0.38899997,388.6892
0.0,0.37843555,75.27978
0.0,0.5374301,121.65019
0.0,0.43541342,116.42436
0.0,0.3304106,65.297615
0.0,0.21808775,97.61419
0.0,0.47068584,77.73496
0.0,0.51652163,91.57315
0.0,0.42024803,125.91809
0.0,0.49065202,96.331795
0.0,0.3890488,322.21414
0.0,0.58091825,70.157196
0.0,0.6195151,212.98001
0.0,0.530791,106.13966
0.0,0.28855324,100.904
0.0,0.46896094,148.31326
0.0,0.43709126,494.286
0.0,0.44121847,90.64663
0.0,0.31059328,165.55748
0.0,0.50666153,73.2237
0.0,0.3955104,67.20659
0.0,0.50625885,73.807945
0.0,0.40141588,653.9113
0.0,0.31582695,156.63423
0.0,0.27734765,180.73328
0.0,0.43879136,378.98132
0.0,0.47623625,126.50863
0.0,0.502817,82.309654
0.0,0.3975171,69.386536
0.0,0.38742706,89.44812
0.0,0.4972596,65.091064
0.0,0.4409131,100.09095
0.0,0.47908825,168.60985
0.0,0.58046097,84.65751
0.0,0.37670958,133.41914
0.0,0.33455616,114.10279
0.0,0.3989021,106.587875
0.0,0.33382678,103.87612
0.0,0.4011922,104.8105
0.0,0.4849781,143.35524
0.0,0.50636774,87.20086
0.0,0.47854885,95.57164
0.0,0.36323988,115.519035
0.0,0.34748593,163.91328
0.0,0.42995492,343.27988
0.0,0.3941253,423.4403
0.0,0.48070726,181.90726
0.0,0.53752774,84.91542
0.0,0.47496444,100.66836
0.0,0.61945605,128.17346
0.0,0.3922877,79.26582
0.0,0.30255425,84.28979
0.0,0.33815455,88.3534
0.0,0.3799273,118.48782
0.0,0.41295478,102.91345
0.0,0.5121041,112.23461
0.0,0.321631,114.45035
0.0,0.44968504,71.97925
0.0,0.42507303,169.30904
0.0,0.49671105,85.52494
0.0,0.5089799,86.06175
0.0,0.31167325,94.672264
0.0,0.3682851,84.66011
0.0,0.5954446,92.9411
0.0,0.45904025,100.85222
0.0,0.40003008,194.7166
0.0,0.4125722,236.14148
0.0,0.40846437,71.03997
0.0,0.32887983,90.903625
0.0,0.41670144,81.14218
0.0,0.41272536,82.5156
0.0,0.39471078,67.98671
0.0,0.38332242,109.30428
0.0,0.37512767,146.29912
0.0,0.5028394,106.79458
0.0,0.52330124,77.19049
0.0,0.48427474,71.49744
0.0,0.44536224,96.20892
0.0,0.53609073,102.28341
0.0,0.5004675,66.10714
0.0,0.5108935,121.49742
0.0,0.58143306,80.513374
0.0,0.32786608,200.15111
0.0,0.38252887,67.42137
0.0,0.50573546,68.11906
0.0,0.4249565,238.7987
0.0,0.6669233,117.13842
0.0,0.4922629,112.66531
0.0,0.36804923,71.6103
0.0,0.4325674,66.039635
0.0,0.23300327,300.34314
0.0,0.41010445,97.96517
0.0,0.40613735,70.990944
0.0,0.38022432,101.938774
0.0,0.36281708,78.237175
0.0,0.4193993,105.17328
0.0,0.42456535,84.317856
0.0,0.38025573,93.498024
0.0,0.44426847,144.09131
0.0,0.983548,211.92404
0.0,0.5136806,88.378456
0.0,0.5091233,264.76328
0.0,0.4681913,667.00836
0.0,0.48328623,124.3091
0.0,0.42787075,174.586
0.0,0.75897396,465.41052
0.0,0.48389566,102.58775
0.0,0.49103615,94.755356
0.0,0.46060702,68.54306
0.0,0.48551592,97.83022
0.0,0.36313912,88.1003
0.0,0.3635682,128.39748
0.0,0.5261628,76.9515
0.0,0.5016379,93.349106
0.0,0.3754866,100.49139
0.0,0.4094847,72.55203
0.0,0.40234926,516.95734
0.0,0.4986537,985.6667
0.0,0.4597216,67.889084
0.0,0.42154863,455.33362
0.0,0.43269506,180.28299
0.0,0.43269506,180.28299
0.0,0.38344774,209.61545
0.0,0.44728127,73.536385
0.0,0.4718617,85.28187
0.0,0.49190825,67.698906
0.0,0.47496444,693.2665
0.0,0.33183557,114.57954
0.0,0.48295859,73.74871
0.0,0.49188197,67.297485
0.0,0.58156615,152.42673
0.0,0.4366284,117.11347
0.0,0.39173403,84.6257
0.0,0.41186565,136.06693
0.0,0.36850154,80.87091
0.0,0.49384567,109.76893
0.0,0.31995437,129.67903
0.0,0.37053314,341.66357
0.0,0.3954669,120.84234
0.0,0.5792045,65.62103
0.0,0.41491124,374.5164
0.0,0.4224765,97.806595
0.0,0.62982184,76.089584
0.0,0.3556719,92.572945
0.0,0.47910208,525.1876
0.0,0.40394646,239.83134
0.0,0.28426057,98.3881
0.0,0.4190471,84.85598
0.0,0.51708496,67.66925
0.0,0.36241156,76.93805
0.0,0.48941773,185.47302
0.0,0.41484618,67.06665
0.0,0.48685142,76.77931
0.0,0.3924331,166.58131
0.0,0.33216107,79.55123
0.0,0.41533282,65.671844
0.0,0.40035006,437.9838
0.0,0.496585,82.08336
0.0,0.38195586,158.2069
0.0,0.52912223,225.72246
0.0,0.50102913,65.78515
0.0,0.36142176,82.845795
0.0,0.45892543,71.77426
0.0,0.7065847,79.602
0.0,0.66090834,66.742004
0.0,0.485875,307.98083
0.0,0.3969915,144.85564
0.0,0.49074003,128.6229
0.0,0.35765928,119.94572
0.0,0.39886203,134.57973
0.0,0.5318036,583.12744
0.0,0.41912553,73.95382
0.0,0.3332584,147.88991
0.0,0.4797531,69.584854
0.0,0.5085663,92.982185
0.0,0.43368042,85.22674
0.0,0.5115339,142.40848
0.0,0.28936887,129.69917
0.0,0.3940221,142.27751
0.0,0.4261185,145.27629
0.0,0.3602247,70.95331
0.0,0.5002905,257.30066
0.0,0.30527502,69.61628
0.0,0.39413407,100.14613
0.0,0.49338844,96.598335
0.0,0.48087806,96.86101
0.0,0.4948041,83.57158
0.0,0.22057569,303.79684
0.0,0.44620037,906.34045
0.0,0.30837724,68.60444
0.0,0.41177633,108.08515
0.0,0.44304445,174.37622
0.0,0.41458598,70.97902
0.0,0.40928218,81.90781
0.0,0.38467368,80.25857
0.0,0.3921096,78.14021
0.0,0.3392028,359.78824
0.0,0.44007632,74.88069
0.0,0.38894773,88.15548
0.0,0.43363628,83.544876
0.0,0.38508886,201.56682
0.0,0.56957775,94.516
0.0,0.42875698,82.867645
0.0,0.50880873,97.970604
0.0,0.4273061,78.24871
0.0,0.33046362,83.37592
0.0,0.3869957,123.024284
0.0,0.39150354,92.40777
0.0,0.28170213,72.67717
0.0,0.49556234,77.393425
0.0,0.4123404,123.421646
0.0,0.42005974,71.486336
0.0,0.39746353,70.55641
0.0,0.4500412,71.35322
0.0,0.43358436,78.027306
0.0,0.50506705,167.15038
0.0,0.33706006,67.685265
0.0,0.38830265,107.643585
0.0,0.60556537,110.62148
0.0,0.41548762,72.22521
0.0,0.47601593,85.59763
0.0,0.41745958,153.21483
0.0,0.49275818,138.63803
0.0,0.3789672,69.66493
0.0,0.49607903,198.24994
0.0,0.43909106,96.71725
0.0,0.43535906,207.38255
0.0,0.27650505,163.79678
0.0,0.48560646,294.28207
0.0,0.4291879,65.01878
0.0,0.4121074,104.816376
0.0,0.372384,69.58826
0.0,0.39449337,115.285255
0.0,0.4141275,82.86367
0.0,0.49961734,65.87098
0.0,0.46769315,153.9825
0.0,0.36929843,82.971664
0.0,0.4785051,90.83907
0.0,0.48403302,69.009315
0.0,0.4879473,148.42583
0.0,0.55849767,71.3982
0.0,0.5690319,498.23358
0.0,0.34123367,187.69348
0.0,0.31993094,127.44984
0.0,0.24131563,97.06901
0.0,0.4571973,127.422905
0.0,0.42253008,106.72835
0.0,0.4956951,69.19702
0.0,0.36534727,113.578575
0.0,0.46414667,68.11842
0.0,0.48392615,76.45049
0.0,0.44465628,74.76913
0.0,0.45283836,79.570366
0.0,0.36151373,80.6182
0.0,0.43697277,224.48767
0.0,0.4486423,71.40271
0.0,0.35480118,162.92732
0.0,0.3418023,105.81096
0.0,0.40358052,159.76141
0.0,0.32491437,68.18125
0.0,0.27526465,128.32257
0.0,0.28224874,92.50101
0.0,0.4733908,129.9651
0.0,0.40861803,74.86203
0.0,0.37211502,86.50979
0.0,0.36910203,104.403465
0.0,0.63445014,71.836464
0.0,0.21198702,255.00363
0.0,0.5127728,123.62094
0.0,0.4745083,66.21621
0.0,0.38274604,85.517975
0.0,0.4866657,79.71338
0.0,0.37752223,70.34377
0.0,0.42189714,92.05231
0.0,0.46529654,185.34222
0.0,0.49255073,82.09621
0.0,0.46599975,828.8553
0.0,0.3550394,96.00226
0.0,0.28852335,117.813065
0.0,0.4392898,74.90384
0.0,0.5287812,65.05945
0.0,0.50651157,72.877815
0.0,0.47184077,81.21491
0.0,0.48783943,105.99549
0.0,0.49541894,73.84087
0.0,0.35573673,209.05074
0.0,0.34754232,127.985794
0.0,0.4667424,93.88236
0.0,0.43540066,320.40875
0.0,0.44542477,157.37073
0.0,0.5283371,81.22256
0.0,0.45027277,83.55914
0.0,0.32893196,79.69029
0.0,0.42198056,269.13623
0.0,0.47327012,218.20206
0.0,0.50209683,73.08659
0.0,0.25481218,100.41369
0.0,0.48024705,71.614975
0.0,0.4653399,199.4847
0.0,0.521434,71.50124
0.0,0.5571401,75.55467
0.0,0.39802983,93.077484
0.0,0.45680082,106.39869
0.0,0.4556826,83.67974
0.0,0.31998035,366.1431
0.0,0.4139843,88.119316
0.0,0.5221972,114.08087
0.0,0.32214546,73.8246
0.0,0.51687384,502.79337
0.0,0.37320846,109.95155
0.0,0.43113247,68.424706
0.0,0.49714193,65.57667
0.0,0.44185963,130.69109
0.0,0.79083544,88.09975
0.0,0.29755795,86.55019
0.0,0.32299554,294.18353
0.0,0.4822605,134.79779
0.0,0.50200814,90.58194
0.0,0.4199982,76.18585
0.0,0.42741302,111.46492
0.0,0.39550918,71.0881
0.0,0.35520998,100.49067
0.0,0.3682972,81.9643
0.0,0.5131826,67.86386
0.0,0.18726762,101.81193
0.0,0.4325349,70.97676
0.0,0.6990961,102.630005
0.0,0.46249396,356.33496
0.0,0.37140623,134.64166
0.0,0.4994919,73.54839
0.0,0.35520583,90.8287
0.0,0.38465384,96.281044
0.0,0.3931948,77.58153
0.0,0.42027667,82.313095
0.0,0.37263146,88.296814
0.0,0.39201748,76.28862
0.0,0.38369218,66.45042
0.0,0.33936512,99.49121
0.0,0.5476697,147.80736
0.0,0.5732128,91.05316
0.0,0.4907134,76.46928
0.0,0.62293136,71.00359
0.0,0.48674968,71.43404
0.0,0.3042096,76.64138
0.0,0.432267,66.93232
0.0,0.432267,66.93232
0.0,0.4633049,76.61938
0.0,0.4158182,134.3742
0.0,0.3556729,299.89435
0.0,0.37553704,65.83837
0.0,0.40684476,86.601715
0.0,0.47152013,343.57455
0.0,0.43893868,73.23033
0.0,0.443734,78.96844
0.0,0.41541496,207.43687
0.0,0.62185633,88.04743
0.0,0.52171314,128.75826
0.0,0.5638147,84.24239
0.0,0.39215493,97.96679
0.0,0.3764925,101.15125
0.0,0.47914314,72.83326
0.0,0.33994836,68.442474
0.0,0.40035057,68.39042
0.0,0.36063376,108.50077
0.0,0.4105638,573.85626
0.0,0.42307442,66.65566
0.0,0.4443369,71.62968
0.0,0.43975896,120.029434
0.0,0.4899239,122.54254
0.0,0.38828814,67.79464
0.0,0.49456617,85.990395
0.0,0.54228777,70.82384
0.0,0.40053585,80.63438
0.0,0.50977653,130.26689
0.0,0.31952056,98.04082
0.0,0.5783992,284.46924
0.0,0.39438254,125.998436
0.0,0.3750717,70.55504
0.0,0.39184177,99.81237
0.0,0.41923964,79.33622
0.0,0.477629,193.83543
0.0,0.36183703,79.202385
0.0,0.58230484,66.02318
0.0,0.39328566,927.31537
0.0,0.44937494,204.0262
0.0,0.48265713,65.42639
0.0,0.49908122,89.08018
0.0,0.49097624,86.294655
0.0,0.42674837,96.07734
0.0,0.48856065,75.16952
0.0,0.49545938,104.28203
0.0,0.36187923,76.796265
0.0,0.529943,79.231346
0.0,0.42013833,67.36787
0.0,0.4953979,82.17777
0.0,0.38341522,67.55623
0.0,0.45018053,112.49387
0.0,0.44891208,118.98811
0.0,0.40991047,720.5152
0.0,0.3540863,167.25887
0.0,0.33009565,94.52753
0.0,0.2640073,221.85579
0.0,0.347311,88.307014
0.0,0.32653576,435.82993
0.0,0.51231515,66.623764
0.0,0.5348291,70.63393
0.0,0.5618851,69.06243
0.0,0.28070286,72.538414
0.0,0.4961056,89.122955
0.0,0.3274295,287.36768
0.0,0.35594183,286.9504
0.0,0.5002593,66.00594
0.0,0.4901722,66.08437
0.0,0.4151335,188.29454
0.0,0.48283038,77.882034
0.0,0.43985045,82.03998
0.0,0.47496444,77.29394
0.0,0.39989075,71.12057
0.0,0.5379622,95.23804
0.0,0.5341979,77.940994
0.0,0.552867,120.88812
0.0,0.40067405,140.86636
0.0,0.48332945,413.52594
0.0,0.47243208,160.81726
0.0,0.5187727,72.29225
0.0,0.5405267,126.763565
0.0,0.48493874,131.82722
0.0,0.42831406,244.65742
0.0,0.40520895,157.69997
0.0,0.55092466,185.45683
0.0,0.4734049,113.92554
0.0,0.520749,86.40506
0.0,0.40284225,428.34833
0.0,0.43499738,88.155045
0.0,0.47925767,93.879265
0.0,0.5550316,68.47758
0.0,0.48664448,70.77513
0.0,0.31920463,97.06389
0.0,0.5096405,74.90567
0.0,0.4831248,399.97284
0.0,0.46856853,100.96695
0.0,0.4415425,126.54635
0.0,0.38265657,299.33347
0.0,0.42022672,82.583855
0.0,0.25988507,92.58189
0.0,0.38627252,406.8802
0.0,0.30110627,96.3979
0.0,0.26442716,349.8431
0.0,0.6841819,465.8062
0.0,0.34430528,158.38062
0.0,0.47531617,104.36072
0.0,0.5989398,116.38998
0.0,0.46005207,68.483536
0.0,0.35892025,117.236145
0.0,0.5049085,83.83723
0.0,0.43513712,370.38477
0.0,0.38006163,97.213234
0.0,0.34462002,94.05575
0.0,0.46182978,147.7797
0.0,0.3550408,133.7736
0.0,0.42375284,79.66162
0.0,0.5614734,126.500786
0.0,0.43050352,77.33596
0.0,0.35587913,204.28409
0.0,0.516325,73.137566
0.0,0.3646214,75.68864
0.0,0.40203708,66.45544
0.0,0.5090377,322.59592
0.0,0.42871675,290.09128
0.0,0.3943333,70.30922
0.0,0.40812993,113.66653
0.0,0.38419595,126.21755
0.0,0.4330552,248.69106
0.0,0.37817293,79.8048
0.0,0.32842788,83.786156
0.0,0.44367322,153.9634
0.0,0.3737817,401.55893
0.0,0.50115377,67.8016
0.0,0.4482024,104.22388
0.0,0.35572413,74.387505
0.0,0.4245919,81.200066
0.0,0.2847231,76.13685
0.0,0.4791832,169.1654
0.0,0.3164931,68.76799
0.0,0.45763302,76.469734
0.0,0.42906603,199.68346
0.0,0.5841102,94.08611
0.0,0.41761088,107.32836
0.0,0.44829035,104.76368
0.0,0.3639912,747.8091
0.0,0.4037527,69.17191
0.0,0.50432724,75.488625
0.0,0.5087171,194.81305
0.0,0.6502143,81.195786
0.0,0.42490637,65.94258
0.0,0.40924144,785.002
0.0,0.41667148,163.16927
0.0,0.41639274,290.46304
0.0,0.4825945,74.12734
0.0,0.50133866,136.46826
0.0,0.3394834,84.94391
0.0,0.40255025,614.63275
0.0,0.4158416,914.3656
0.0,0.3702638,152.3772
0.0,0.47496444,78.24839
0.0,0.4780623,278.38608
0.0,0.47103566,78.28197
0.0,0.32303727,73.83589
0.0,0.35775185,108.8416
0.0,0.4722288,175.46536
0.0,0.6563675,226.9127
0.0,0.49200428,108.07797
0.0,0.4697397,70.40957
0.0,0.34755567,382.46277
0.0,0.25201803,249.5558
0.0,0.46346214,80.09299
0.0,0.5155421,65.04967
0.0,0.5155338,261.30466
0.0,0.31239825,90.36919
0.0,0.50834197,69.69703
0.0,0.43389964,78.841644
0.0,0.3959806,200.8367
0.0,0.5169324,203.8839
0.0,0.43117616,167.66751
0.0,0.19596039,401.8319
0.0,0.45167172,193.32362
0.0,0.5056888,85.36801
0.0,0.49161866,101.754486
0.0,0.39764005,125.02127
0.0,0.4425472,227.2438
0.0,0.43203703,70.23754
0.0,0.37211633,100.2687
0.0,0.45052284,134.70036
0.0,0.49573866,107.644
0.0,0.40264958,141.05588
0.0,0.50447863,81.931915
0.0,0.35106272,69.22276
0.0,0.37681103,80.63413
0.0,0.46084222,70.27715
0.0,0.4148091,80.65587
0.0,0.6411745,91.88405
0.0,0.37311402,535.0055
0.0,0.50875485,89.3224
0.0,0.43033275,88.761925
0.0,0.48941338,98.07102
0.0,0.46855658,155.24602
0.0,0.31665775,131.95786
0.0,0.6427134,79.18588
0.0,0.48913702,104.81712
0.0,0.5094426,194.36513
0.0,0.49842745,128.68765
0.0,0.5169528,101.693504
0.0,0.52161837,176.74615
0.0,0.32891065,71.2545
0.0,0.4352771,66.07202
0.0,0.28957805,340.27988
0.0,0.40531012,74.91757
0.0,0.45775753,252.85573
0.0,0.39074302,164.04768
0.0,0.5557829,67.85902
0.0,0.30748633,73.96316
0.0,0.3767056,127.87392
0.0,0.3343654,534.0149
0.0,0.38982898,83.56082
0.0,0.41737598,443.0373
0.0,0.31910166,90.57669
0.0,0.42479238,105.18263
0.0,0.47301346,485.2303
0.0,0.4253991,71.32494
0.0,0.3500836,90.63798
0.0,0.52615434,72.92171
0.0,0.38325456,103.854515
0.0,0.29209006,254.39706
0.0,0.41967347,100.011696
0.0,0.43245235,880.30566
0.0,0.48386255,100.046234
0.0,0.4688952,71.87441
0.0,0.30793333,67.891655
0.0,0.36694053,71.05169
0.0,0.38187012,94.5501
0.0,0.29463252,196.61075
0.0,0.47496444,107.79959
0.0,0.5047228,65.10479
0.0,0.58151966,83.04162
0.0,0.39991403,88.965645
0.0,0.50390047,85.127
0.0,0.4280988,75.61538
0.0,0.39325154,71.192566
0.0,0.34332624,90.5929
0.0,0.47984797,69.832535
0.0,0.29119572,173.47707
0.0,0.3724022,108.54593
0.0,0.49929956,666.16046
0.0,0.44740704,94.00415
0.0,0.35140836,101.43168
0.0,0.41698983,136.24452
0.0,0.38873798,125.607956
0.0,0.36963254,103.54181
0.0,0.48535636,497.0542
0.0,0.31285325,127.783455
0.0,0.31757694,88.33691
0.0,0.47496444,66.35615
0.0,0.35419616,69.36003
0.0,0.43265533,153.93365
0.0,0.5159106,79.11015
0.0,0.4773535,168.19115
0.0,0.43869245,365.61423
0.0,0.5194351,70.97834
0.0,0.3289718,90.92167
0.0,0.49815893,68.36395
0.0,0.41030335,88.30689
0.0,0.35478213,299.61737
0.0,0.38918874,249.89703
0.0,0.42726994,81.33246
0.0,0.3616869,85.9465
0.0,0.4392182,65.45945
0.0,0.4160678,110.93705
0.0,0.41648054,68.2582
0.0,0.45246476,68.93014
0.0,0.50194985,169.74841
0.0,0.48239544,93.15693
0.0,0.51444584,70.10149
0.0,0.49774754,147.01332
0.0,0.3404901,155.3172
0.0,0.41005826,380.86786
0.0,0.35791847,126.515366
0.0,0.61492187,70.49234
0.0,0.42019856,271.75757
0.0,0.39011237,67.965324
0.0,0.3948875,71.830315
0.0,0.4013625,229.05313
0.0,0.4561124,75.0714
0.0,0.3492851,74.492676
0.0,0.48367333,120.78424
0.0,0.5966012,82.67598
0.0,0.4321582,93.874886
0.0,0.5430905,67.34572
0.0,0.38128787,130.31783
0.0,0.37035528,81.19931
0.0,0.50186324,90.01857
0.0,0.49150872,65.04138
0.0,0.4985795,127.15701
0.0,0.51129806,145.46455
0.0,0.41368914,76.76655
0.0,0.43851262,171.82033
0.0,0.23969884,81.33895
0.0,0.35475123,286.4859
0.0,0.38819087,68.4788
0.0,0.55204135,657.1606
0.0,0.41526738,67.66543
0.0,0.41257992,180.89279
0.0,0.53506994,75.006874
0.0,0.48243728,240.88895
0.0,0.36459222,87.76158
0.0,0.36158082,76.42173
0.0,0.5002058,173.99153
0.0,0.46858475,105.49908
0.0,0.3725623,67.13446
0.0,0.42337987,148.04579
0.0,0.38453656,135.64561
0.0,0.45118865,77.56449
0.0,0.33546343,209.96072
0.0,0.403372,134.16884
0.0,0.4759002,160.73766
0.0,0.32921702,131.67953
0.0,0.49869937,66.27031
0.0,0.43718442,77.942726
0.0,0.48510194,87.24304
0.0,0.48044047,83.39144
0.0,0.61764985,77.40488
0.0,0.49094296,96.7009
0.0,0.44731244,104.88867
0.0,0.3543523,93.83153
0.0,0.4384788,112.246994
0.0,0.48526898,111.12088
0.0,0.54513985,159.6831
0.0,0.54742306,83.931816
0.0,0.40135896,694.8168
0.0,0.27253607,214.0348
0.0,0.46979243,290.62207
0.0,0.46508014,84.79537
0.0,0.48594612,137.12794
0.0,0.4984948,73.41469
0.0,0.4706723,79.11098
0.0,0.4416882,96.36552
0.0,0.38535434,72.15436
0.0,0.50838834,93.16677
0.0,0.425757,469.94745
0.0,0.35728335,70.987595
0.0,0.49030966,79.76827
0.0,0.31501082,76.87953
0.0,0.5480481,152.6799
0.0,0.50209147,69.42376
0.0,0.49929327,177.11954
0.0,0.40167838,84.98395
0.0,0.32763916,90.28162
0.0,0.48079962,113.53812
0.0,0.5307036,123.31741
0.0,0.5206414,322.9175
0.0,0.29030377,246.02193
0.0,0.43517345,219.86612
0.0,0.53277344,65.21038
0.0,0.3894659,109.07613
0.0,0.3615237,78.89501
0.0,0.44678593,330.86072
0.0,0.35921076,93.99427
0.0,0.41267443,145.02647
0.0,0.49607444,65.61725
0.0,0.43655774,79.93529
0.0,0.41184443,108.930305
0.0,0.34550828,73.93433
0.0,0.5191578,169.25858
0.0,0.4999609,72.63784
0.0,0.49915457,90.79104
0.0,0.4530453,92.95312
0.0,0.52633446,71.8133
0.0,0.32962036,73.289734
0.0,0.4046735,271.5224
0.0,0.41289687,229.66672
0.0,0.44416317,71.859024
0.0,0.438843,67.484726
0.0,0.5074608,158.74002
0.0,0.37148866,142.6945
0.0,0.5134021,81.357796
0.0,0.50235194,70.15644
0.0,0.40287468,83.58268
0.0,0.36146793,306.00833
0.0,0.54747796,84.65114
0.0,0.38128477,78.30896
0.0,0.39142987,69.9653
0.0,0.47438988,165.59157
0.0,0.41195732,157.71521
0.0,0.48563638,72.201706
0.0,0.5851687,109.94859
0.0,0.3618153,65.50337
0.0,0.5257863,85.96821
0.0,0.39156127,219.96681
0.0,0.4514028,144.66594
0.0,0.5579187,85.777
0.0,0.4193539,352.72693
0.0,0.28581497,70.10356
0.0,0.4579456,368.09076
0.0,0.59572953,714.1384
0.0,0.37417272,101.0696
0.0,0.43228847,70.70449
0.0,0.46714562,111.69733
0.0,0.3963887,67.334816
0.0,0.24800435,123.561844
0.0,0.42539343,241.12048
0.0,0.3052422,109.806114
0.0,0.49522924,72.904015
0.0,0.38029617,92.29762
0.0,0.36308026,114.812325
0.0,0.4586432,74.05683
0.0,0.49705333,83.61079
0.0,0.48552924,894.4984
0.0,0.48916417,68.55683
0.0,0.47195736,66.56532
0.0,0.32615027,98.54827
0.0,0.3967459,79.55219
0.0,0.42974445,103.38924
0.0,0.4651195,77.71028
0.0,0.39756602,67.420166
0.0,0.32310694,95.23644
0.0,0.47496444,67.676796
0.0,0.51924694,169.51682
0.0,0.5380155,152.41467
0.0,0.2454494,874.5562
0.0,0.5130393,88.19188
0.0,0.4473502,91.10321
0.0,0.40608522,241.81882
0.0,0.37273014,174.35077
0.0,0.40926245,79.02781
0.0,0.4237756,103.51685
0.0,0.3851507,246.9468
0.0,0.40903774,194.36427
0.0,0.39043394,81.644485
0.0,0.52790475,74.95102
0.0,0.3785689,283.15952
0.0,0.47970033,140.22234
0.0,0.31940645,144.19156
0.0,0.3609815,78.97073
0.0,0.405827,109.87751
0.0,0.3616942,206.26485
0.0,0.46332222,68.29437
0.0,0.3726299,66.75505
0.0,0.40303,66.29547
0.0,0.42909724,69.58268
0.0,0.3322185,130.27147
0.0,0.38694254,140.33154
0.0,0.5221757,134.45789
0.0,0.37319678,206.50697
0.0,0.37031677,99.14382
0.0,0.36371633,85.673325
0.0,0.46262178,77.60717
0.0,0.49492556,85.82054
0.0,0.3711158,72.26881
0.0,0.49678865,67.077324
0.0,0.38520184,67.32474
0.0,0.24171801,156.58823
0.0,0.44130093,75.8462
0.0,0.34884524,66.65731
0.0,0.45016932,85.7684
0.0,0.31595638,234.57524
0.0,0.3949694,69.781235
0.0,0.36859056,130.9894
0.0,0.5089149,150.19064
0.0,0.4490762,71.875656
0.0,0.5502956,80.08705
0.0,0.30934903,462.54956
0.0,0.40524074,101.80695
0.0,0.19869886,401.02182
0.0,0.5519434,76.127525
0.0,0.54010004,75.987526
0.0,0.44662428,80.33798
0.0,0.3096841,84.31367
0.0,0.38672784,71.36525
0.0,0.4890302,464.97125
0.0,0.49582538,74.12705
0.0,0.4848273,102.17128
0.0,0.34563908,148.20624
0.0,0.35859284,262.35855
0.0,0.3984803,191.7901
0.0,0.3793869,89.53562
0.0,0.43029085,109.933624
0.0,0.41152307,80.076324
0.0,0.3604431,146.62717
0.0,0.55252874,72.57606
0.0,0.37291196,161.76399
0.0,0.75142324,98.232185
0.0,0.42256993,98.580414
0.0,0.41213763,94.15173
0.0,0.47762993,119.41589
0.0,0.36126122,74.90653
0.0,0.3302102,68.317245
0.0,0.5396675,174.6273
0.0,0.3248804,97.25228
0.0,0.38889626,82.43216
0.0,0.4454801,106.21859
0.0,0.52044785,72.502464
0.0,0.5542519,76.99752
0.0,0.55083364,67.934105
0.0,0.4687667,72.14287
0.0,0.33136073,209.19447
0.0,0.5389736,80.74627
0.0,0.36791733,99.55022
0.0,0.49182335,78.91931
0.0,0.41943848,120.92888
0.0,0.48671636,73.025024
0.0,0.63064694,488.31247
0.0,0.5316621,77.136246
0.0,0.506143,72.66615
0.0,0.46716568,137.24165
0.0,0.3833473,132.58131
0.0,0.42985773,70.64036
0.0,0.50860816,83.38581
0.0,0.34917554,77.823395
0.0,0.4276778,70.366486
0.0,0.35526443,125.453384
0.0,0.4880047,112.70064
0.0,0.3933991,99.56369
0.0,0.49984068,67.47995
0.0,0.5032301,99.58654
0.0,0.44387287,101.376785
0.0,0.48394483,72.89441
0.0,0.32235637,110.04751
0.0,0.28461146,387.7834
0.0,0.34654608,83.825325
0.0,0.47032112,83.017006
0.0,0.5549146,104.17691
0.0,0.33111262,109.28736
0.0,0.46935356,108.18714
0.0,0.3061691,81.63966
0.0,0.5396783,68.77124
0.0,0.38591775,187.82738
0.0,0.45950875,108.05543
0.0,0.42529285,492.15778
0.0,0.45892322,67.80085
0.0,0.44970933,71.55145
0.0,0.46395463,69.826096
0.0,0.39208433,111.93691
0.0,0.43217194,161.47643
0.0,0.49465016,85.19095
0.0,0.54858416,83.89441
0.0,0.4777443,98.63744
0.0,0.40202403,90.77461
0.0,0.3675877,68.05951
0.0,0.33954436,106.31071
0.0,0.36421984,69.555565
0.0,0.61770636,199.30824
0.0,0.5687688,86.110664
0.0,0.22487241,168.58449
0.0,0.47526383,83.91329
0.0,0.47496444,117.268326
0.0,0.54666543,76.11468
0.0,0.40918383,136.18889
0.0,0.47553712,289.9674
0.0,0.4453646,152.01291
0.0,0.42197406,84.47923
0.0,0.50478953,79.27501
0.0,0.48555133,205.4585
0.0,0.45818928,77.441574
0.0,0.4831056,184.56477
0.0,0.48865277,74.324356
0.0,0.38214707,71.65658
0.0,0.37846142,465.22046
0.0,0.51785725,691.73364
0.0,0.49201432,280.80252
0.0,0.5661584,66.91722
0.0,0.41703582,504.5439
0.0,0.28079316,296.46222
0.0,0.50867814,84.91696
0.0,0.42453226,120.90093
0.0,0.42079875,515.2432
0.0,0.43224287,88.020515
0.0,0.48601246,84.815605
0.0,0.3936393,65.822395
0.0,0.38325337,77.776886
0.0,0.5216999,81.90169
0.0,0.29252833,331.26273
0.0,0.49258417,300.36407
0.0,0.3982412,68.8632
0.0,0.5385544,72.156494
0.0,0.5796425,110.878845
0.0,0.3585055,776.51715
0.0,0.33151177,72.14853
0.0,0.74440026,209.26213
0.0,0.31123102,101.47267
0.0,0.5187018,286.0201
0.0,0.37805608,70.59758
0.0,0.32660022,78.89696
0.0,0.60516673,65.12799
0.0,0.40835428,97.90636
0.0,0.36577496,78.344604
0.0,0.50568086,67.69075
0.0,0.3230248,132.3635
0.0,0.3131384,155.25992
0.0,0.51826876,74.23316
0.0,0.41071233,141.07323
0.0,0.49556693,245.03351
0.0,0.38257337,96.811646
0.0,0.42189744,257.47702
0.0,0.2927374,70.14838
0.0,0.43004873,72.269356
0.0,0.5276197,132.8638
0.0,0.50582385,100.849785
0.0,0.4488098,370.3372
0.0,0.3815744,175.2503
0.0,0.4810275,74.8966
0.0,0.42629182,107.53762
0.0,0.31796047,82.548454
0.0,0.42816716,105.65047
0.0,0.40145233,139.0059
0.0,0.28321004,147.90193
0.0,0.4767889,96.300446
0.0,0.49370077,109.15766
0.0,0.4988085,270.36386
0.0,0.46928027,79.554115
0.0,0.3681978,67.61426
0.0,0.48364547,98.771255
0.0,0.43882966,74.979866
0.0,0.34685358,125.83164
0.0,0.40071586,77.552315
0.0,0.38063502,76.917274
0.0,0.5354251,119.10157
0.0,0.49319088,109.16072
0.0,0.32487985,90.79141
0.0,0.31981784,108.84877
0.0,0.5301143,102.18194
0.0,0.3712886,66.88442
0.0,0.44272107,87.947044
0.0,0.5363418,79.1751
0.0,0.43854657,69.44522
0.0,0.408555,73.23894
0.0,0.367498,91.35031
0.0,0.42075333,71.0553
0.0,0.47069454,218.64993
0.0,0.27375218,110.56477
0.0,0.3403458,92.540474
0.0,0.38312536,974.3488
0.0,0.40652826,89.03556
0.0,0.42962885,93.27048
0.0,0.46321645,94.19521
0.0,0.665676,129.72318
0.0,0.41545376,73.435104
0.0,0.48959792,210.5835
0.0,0.48071894,76.0955
0.0,0.35462117,121.861885
0.0,0.46155357,65.01328
0.0,0.4352155,66.98779
0.0,0.30780607,201.77718
0.0,0.5481169,80.00782
0.0,0.39443505,99.98383
0.0,0.30127883,335.39905
0.0,0.472539,519.3117
0.0,0.48742637,134.3619
0.0,0.5096228,68.10649
0.0,0.3579285,329.33902
0.0,0.44256458,195.15376
0.0,0.34096035,181.45963
0.0,0.57404155,68.90279
0.0,0.4872517,172.94714
0.0,0.5400366,95.54169
0.0,0.43166348,208.50871
0.0,0.36141375,233.12854
0.0,0.50462645,77.82451
0.0,0.45726785,70.794235
0.0,0.36725318,67.19541
0.0,0.5269219,296.3958
0.0,0.41775212,83.93218
0.0,0.56997633,66.98121
0.0,0.46519426,283.06345
0.0,0.30474585,74.83006
0.0,0.5091316,65.08528
0.0,0.42420864,126.196976
0.0,0.64767534,453.42166
0.0,0.27130872,573.3565
0.0,0.49701115,94.133125
0.0,0.5388423,624.9846
0.0,0.39216504,85.93975
0.0,0.35021,252.61417
0.0,0.47747427,688.6993
0.0,0.4435626,100.14982
0.0,0.31920812,111.56312
0.0,0.7413541,72.80503
0.0,0.5747079,97.05454
0.0,0.34146157,110.74428
0.0,0.31086144,84.45094
0.0,0.27019757,89.21332
0.0,0.4037265,89.17853
0.0,0.32068038,125.2741
0.0,0.23833153,526.7619
0.0,0.5765999,113.00496
0.0,0.29300374,182.39404
0.0,0.37729,91.39375
0.0,0.44963846,180.90074
0.0,0.37633488,168.81427
0.0,0.49169236,122.0054
0.0,0.3427175,71.971664
0.0,0.35756916,101.51591
0.0,0.32990435,103.04269
0.0,0.44283462,78.49994
0.0,0.3869969,82.92175
0.0,0.3261983,152.25761
0.0,0.36316326,72.3339
0.0,0.34305924,121.11657
0.0,0.3943237,98.23407
0.0,0.5055436,83.87829
0.0,0.36923715,811.71185
0.0,0.39344192,153.87291
0.0,0.43178284,107.23177
0.0,0.372239,212.33803
0.0,0.46074626,218.8148
0.0,0.41535783,77.11584
0.0,0.46143648,144.57726
0.0,0.5405397,79.888
0.0,0.31838492,182.2413
0.0,0.4612363,471.22958
0.0,0.50826347,87.61617
0.0,0.35789037,283.0535
0.0,0.37067872,371.90146
0.0,0.41558778,160.92952
0.0,0.49220175,645.1641
0.0,0.49220175,645.1641
0.0,0.4992796,68.68521
0.0,0.33044854,89.80514
0.0,0.56036687,90.24425
0.0,0.42292067,70.15575
0.0,0.3619147,65.47986
0.0,0.39828452,65.08206
0.0,0.4958322,140.75087
0.0,0.28495565,89.24692
0.0,0.4301266,127.48504
0.0,0.45727757,120.59938
0.0,0.36523592,508.1852
0.0,0.4999808,68.88116
0.0,0.40003648,80.7588
0.0,0.46800354,134.18939
0.0,0.33681467,96.85784
0.0,0.34771115,71.5038
0.0,0.43113965,195.46931
0.0,0.38110358,72.30281
0.0,0.4293692,70.578514
0.0,0.473186,177.04185
0.0,0.46204743,82.803894
0.0,0.33965126,81.466515
0.0,0.42697105,65.87865
0.0,0.3719489,67.12507
0.0,0.5075589,72.976715
0.0,0.46780604,77.641136
0.0,0.34708562,93.25435
0.0,0.37743428,110.637634
0.0,0.48960546,236.34264
0.0,0.49597573,112.434296
0.0,0.48856208,231.96413
0.0,0.32004252,86.784515
0.0,0.49322262,123.55587
0.0,0.27876332,489.97144
0.0,0.36625907,107.608246
0.0,0.51858133,70.69409
0.0,0.5133067,108.12853
0.0,0.4976765,390.40625
0.0,0.45485958,162.23427
0.0,0.32595044,70.35579
0.0,0.44647622,72.47325
0.0,0.32272276,90.346466
0.0,0.6036415,74.42756
0.0,0.40654802,66.592735
0.0,0.39560795,70.532715
0.0,0.47034326,76.161674
0.0,0.33244306,171.33673
0.0,0.52404857,71.40142
0.0,0.5073392,83.35824
0.0,0.5014032,102.652596
0.0,0.48068857,616.76184
0.0,0.20996417,135.76704
0.0,0.40124878,105.11314
0.0,0.33477622,68.488815
0.0,0.52992415,101.71539
0.0,0.3382918,96.16061
0.0,0.40001893,120.02008
0.0,0.42951956,69.90787
0.0,0.33452442,73.02643
0.0,0.51561344,130.8022
0.0,0.48627222,66.82703
0.0,0.43129694,303.75616
0.0,0.5402217,73.29066
0.0,0.48031515,67.97272
0.0,0.4876619,90.51811
0.0,0.5604287,65.20111
0.0,0.45908758,134.99751
0.0,0.48257628,66.84056
0.0,0.3205016,107.52156
0.0,0.44742894,231.62717
0.0,0.36964887,81.22057
0.0,0.48270112,81.226036
0.0,0.49583653,137.3156
0.0,0.4769832,72.22454
0.0,0.5074347,73.29428
0.0,0.48294178,90.33255
0.0,0.5117236,83.84257
0.0,0.36486205,95.03839
0.0,0.32198465,149.76982
0.0,0.32302564,174.44525
0.0,0.6880825,107.81273
0.0,0.43589273,440.80386
0.0,0.40092942,156.57938
0.0,0.4890555,111.58278
0.0,0.42919967,84.08562
0.0,0.37325934,115.51174
0.0,0.49224517,66.40693
0.0,0.41723675,67.07589
0.0,0.5002144,71.73374
0.0,0.34533295,73.76989
0.0,0.3777404,80.633156
0.0,0.55369824,151.11644
0.0,0.53233314,65.932045
0.0,0.46908912,81.36595
0.0,0.46701872,161.13293
0.0,0.407606,68.31548
0.0,0.6282804,87.88855
0.0,0.36657572,65.94912
0.0,0.477325,71.995964
0.0,0.5600299,82.83488
0.0,0.44651535,68.27222
0.0,0.3632111,78.34278
0.0,0.48499364,262.0505
0.0,0.33987147,76.03142
0.0,0.54117113,115.849846
0.0,0.5065081,69.55634
0.0,0.5448378,556.7281
0.0,0.44499123,181.27144
0.0,0.39061502,74.61855
0.0,0.5500063,80.18927
0.0,0.3739697,169.28961
0.0,0.49780408,74.46596
0.0,0.4881733,76.090485
0.0,0.5518265,106.14549
0.0,0.40156463,72.45742
0.0,0.48398578,201.11519
0.0,0.41347846,73.224144
0.0,0.3045506,225.99895
0.0,0.5150132,149.35977
0.0,0.37009382,89.068565
0.0,0.411807,90.43236
0.0,0.45700285,65.031136
0.0,0.3132396,82.78128
0.0,0.5073202,85.462074
0.0,0.40525758,71.88311
0.0,0.4861439,79.96465
0.0,0.6278053,75.621765
0.0,0.35845274,94.94526
0.0,0.5039395,70.40797
0.0,0.33743703,103.43159
0.0,0.5034106,104.81292
0.0,0.4054524,84.13974
0.0,0.3262823,641.2619
0.0,0.4765156,92.08988
0.0,0.3740889,145.6258
0.0,0.38297743,95.61331
0.0,0.5367518,203.45923
0.0,0.413381,75.48622
0.0,0.5083229,70.1286
0.0,0.4579725,82.97278
0.0,0.48717105,112.6514
0.0,0.5027723,67.20508
0.0,0.31309986,163.47339
0.0,0.47760788,80.17604
0.0,0.27514905,80.332886
0.0,0.5431998,81.71854
0.0,0.4928846,73.558304
0.0,0.4872522,192.15117
0.0,0.29423967,156.05814
0.0,0.39109445,315.9789
0.0,0.48284167,76.42257
0.0,0.49699986,122.02837
0.0,0.34890717,142.39629
0.0,0.4950896,88.66771
0.0,0.70528466,100.2638
0.0,0.36720863,92.98321
0.0,0.34882557,85.46034
0.0,0.39836517,67.7729
0.0,0.48192975,443.6623
0.0,0.48531356,97.589325
0.0,0.43187833,94.56284
0.0,0.49367788,87.66226
0.0,0.47372207,118.423836
0.0,0.52296525,88.29904
0.0,0.49094257,90.109375
0.0,0.4736473,95.817505
0.0,0.46871373,84.28458
0.0,0.39390236,104.73539
0.0,0.42536795,455.4019
0.0,0.48696506,84.597855
0.0,0.5022022,82.46266
0.0,0.3846051,89.5397
0.0,0.4478593,187.81696
0.0,0.71801245,217.85663
0.0,0.38047096,148.58464
0.0,0.3703318,148.9313
0.0,0.4777803,91.47783
0.0,0.37431476,488.1755
0.0,0.37594613,138.13913
0.0,0.3427558,78.88992
0.0,0.56241465,217.98056
0.0,0.33676317,239.35034
0.0,0.26685688,279.51428
0.0,0.42648733,120.449715
0.0,0.49875534,137.93611
0.0,0.3774223,172.7657
0.0,0.49763468,87.22442
0.0,0.38606185,102.99614
0.0,0.45253897,80.14808
0.0,0.30097428,173.18504
0.0,0.41359553,88.792946
0.0,0.41456932,384.08206
0.0,0.47458518,99.99882
0.0,0.33745947,127.48308
0.0,0.4591745,70.37483
0.0,0.48972002,71.52712
0.0,0.42354754,287.96085
0.0,0.4587813,77.83677
0.0,0.42312846,231.882
0.0,0.43046573,430.2989
0.0,0.3008251,81.09916
0.0,0.4118168,362.34982
0.0,0.43183744,72.01391
0.0,0.48200342,65.51078
0.0,0.585212,111.737686
0.0,0.59130186,72.23073
0.0,0.5014881,70.33957
0.0,0.34801427,88.087105
0.0,0.36770433,65.51956
0.0,0.2822906,133.40999
0.0,0.45608565,93.078125
0.0,0.4669253,69.04402
0.0,0.5334024,67.43891
0.0,0.38750666,72.24849
0.0,0.54525876,85.79621
0.0,0.38792056,66.25394
0.0,0.36205652,83.07641
0.0,0.45502767,96.50472
0.0,0.36668906,92.1046
0.0,0.30523786,119.35101
0.0,0.56497234,71.24548
0.0,0.48065695,139.65147
0.0,0.3984199,91.77486
0.0,0.410463,168.2269
0.0,0.46600285,111.50917
0.0,0.4527969,217.51663
0.0,0.40484488,136.09435
0.0,0.51871866,98.26881
0.0,0.43223634,102.40826
0.0,0.44292158,66.96165
0.0,0.5024794,81.88863
0.0,0.35239553,175.09605
0.0,0.27578956,452.8147
0.0,0.37674877,335.46606
0.0,0.4028061,129.07956
0.0,0.25201377,110.22805
0.0,0.4559269,108.868904
0.0,0.47792116,80.18912
0.0,0.5015627,132.81099
0.0,0.3975178,66.38429
0.0,0.48183686,96.936676
0.0,0.512246,83.636246
0.0,0.48816082,86.546104
0.0,0.43086326,286.1957
0.0,0.3766649,576.1505
0.0,0.7428171,145.91827
0.0,0.49287093,93.01246
0.0,0.31700236,78.635284
0.0,0.3642434,207.62086
0.0,0.34736472,260.91132
0.0,0.37646708,117.260155
0.0,0.36869183,117.494896
0.0,0.4941802,245.5533
0.0,0.3277433,105.45785
0.0,0.34313232,106.42854
0.0,0.37050822,117.94437
0.0,0.48055166,89.179825
0.0,0.3434573,73.33988
0.0,0.3887802,251.33215
0.0,0.38924125,72.5289
0.0,0.30722335,68.41043
0.0,0.3422056,85.84092
0.0,0.39030236,76.94031
0.0,0.39367017,219.92178
0.0,0.45266327,105.973785
0.0,0.9224943,72.25817
0.0,0.54388034,203.63646
0.0,0.4127792,146.48283
0.0,0.3974482,102.0646
0.0,0.38197675,229.77087
0.0,0.32836315,75.17895
0.0,0.45302317,66.78221
0.0,0.48909572,77.688545
0.0,0.3714998,94.41928
0.0,0.4159475,126.09878
0.0,0.42380452,96.59521
0.0,0.5301865,179.50005
0.0,0.31272694,110.84537
0.0,0.3127269,110.84537
0.0,0.40975386,159.82124
0.0,0.44904304,87.336395
0.0,0.37207553,143.16302
0.0,0.40860826,196.60405
0.0,0.37560356,69.80831
0.0,0.38763642,78.592514
0.0,0.5487603,171.323
0.0,0.46607345,88.09317
0.0,0.39781263,232.15343
0.0,0.50964767,287.3699
0.0,0.33259517,101.442924
0.0,0.40812385,66.71447
0.0,0.44003633,270.55392
0.0,0.4379483,133.54944
0.0,0.49930567,78.36394
0.0,0.36584136,65.004486
0.0,0.45039555,97.32898
0.0,0.37750402,66.82378
0.0,0.39634845,104.66055
0.0,0.47325727,73.08932
0.0,0.5778953,521.8664
0.0,0.40961784,228.95218
0.0,0.41435108,69.3193
0.0,0.48457104,99.54883
0.0,0.47240376,97.94324
0.0,0.31245467,87.137215
0.0,0.40813506,90.722206
0.0,0.30709988,107.17622
0.0,0.5136141,83.57004
0.0,0.4298691,152.96724
0.0,0.32606617,559.5083
0.0,0.40226611,103.19264
0.0,0.47496444,76.78359
0.0,0.6790566,715.5225
0.0,0.33244812,76.00271
0.0,0.4816808,73.76977
0.0,0.5110732,130.86526
0.0,0.50695354,77.23375
0.0,0.5780306,72.58056
0.0,0.42063764,105.42509
0.0,0.3849915,66.536934
0.0,0.3879265,86.59938
0.0,0.47995153,251.471
0.0,0.33928424,66.11745
0.0,0.51808465,168.24518
0.0,0.52535486,68.48878
0.0,0.504373,91.49009
0.0,0.3143358,86.79309
0.0,0.2828524,323.8332
0.0,0.40682533,95.49295
0.0,0.5500073,93.62142
0.0,0.341131,99.951645
0.0,0.47805145,70.91476
0.0,0.54323524,96.81571
0.0,0.35801744,66.9447
0.0,0.3906757,715.96063
0.0,0.47695595,99.8452
0.0,0.48324326,77.886734
0.0,0.38228068,79.45152
0.0,0.4822904,189.45575
0.0,0.47496444,92.78042
0.0,0.2905408,82.72715
0.0,0.53553534,95.905655
0.0,0.24485949,389.43954
0.0,0.34439296,66.25781
0.0,0.43005317,149.73225
0.0,0.31663743,81.81707
0.0,0.37730443,113.3786
0.0,0.35328704,70.474
0.0,0.39828375,179.74973
0.0,0.4557044,160.22595
0.0,0.25533217,184.90298
0.0,0.29363066,689.8807
0.0,0.30871177,369.98196
0.0,0.44951442,90.606186
0.0,0.44071338,183.66772
0.0,0.33863473,132.7935
0.0,0.50665766,72.77017
0.0,0.29012996,87.2579
0.0,0.43718004,155.82306
0.0,0.4068126,75.84503
0.0,0.32819912,330.69693
0.0,0.39505452,71.226105
0.0,0.45199502,73.3043
0.0,0.54594296,72.38856
0.0,0.4601392,126.76196
0.0,0.36172673,97.51986
0.0,0.36578867,680.3591
0.0,0.45891392,116.50505
0.0,0.40728056,89.05385
0.0,0.28811538,65.3916
0.0,0.4245831,127.87083
0.0,0.40629295,123.32824
0.0,0.46628007,76.09991
0.0,0.5292305,101.462975
0.0,0.40900958,311.28015
0.0,0.5506852,161.19902
0.0,0.43464154,81.03937
0.0,0.3318793,85.53875
0.0,0.45783398,90.33808
0.0,0.38752997,108.503395
0.0,0.41493052,792.6152
0.0,0.4276985,269.56918
0.0,0.52887845,111.77854
0.0,0.36666343,83.51572
0.0,0.42116365,185.52078
0.0,0.37519565,190.30469
0.0,0.5273261,166.80324
0.0,0.40061527,75.25736
0.0,0.5089631,93.76981
0.0,0.3546895,267.22144
0.0,0.28345793,92.22522
0.0,0.4338021,70.09223
0.0,0.414288,116.425896
0.0,0.38302806,179.48251
0.0,0.49658242,86.524345
0.0,0.3889509,97.47522
0.0,0.4201451,142.88162
0.0,0.37769717,67.1748
0.0,0.4415061,81.34659
0.0,0.4946463,111.223236
0.0,0.45365238,473.81924
0.0,0.48806912,86.95777
0.0,0.38129413,67.366554
0.0,0.3117081,116.37183
0.0,0.42884707,140.73859
0.0,0.372191,176.68378
0.0,0.5355563,81.294624
0.0,0.54565364,82.373665
0.0,0.38802046,67.286514
0.0,0.5133531,72.94161
0.0,0.50819385,126.33429
0.0,0.41768274,69.6202
0.0,0.4794331,75.50106
0.0,0.47301587,76.936295
0.0,0.5102153,107.091354
0.0,0.54066116,66.52953
0.0,0.4758842,76.1004
0.0,0.37305424,563.455
0.0,0.2593763,168.46838
0.0,0.36480367,101.4309
0.0,0.36690313,187.91731
0.0,0.5213194,2.1451826e+07
0.0,0.38010737,91.42321
0.0,0.53688735,127.887115
0.0,0.83311415,121.2063
0.0,0.47243398,89.80667
0.0,0.349329,174.81108
0.0,0.53684556,112.99968
0.0,0.39968675,77.80849
0.0,0.39204833,76.0945
0.0,0.46334577,342.72253
0.0,0.46038607,65.10145
0.0,0.58892065,121.061325
0.0,0.72872835,81.4478
0.0,0.311615,72.70618
0.0,0.33231413,156.14966
0.0,0.39680904,263.47226
0.0,0.58350784,70.90557
0.0,0.19799282,559.6917
0.0,0.4013956,209.87695
0.0,0.5309293,67.99147
0.0,0.5122966,359.9364
0.0,0.5122966,359.9364
0.0,0.3558989,73.54502
0.0,0.37782532,232.49728
0.0,0.37782532,232.49728
0.0,0.3848394,109.2239
0.0,0.44538707,70.61932
0.0,0.5120407,81.72769
0.0,0.4931861,147.47221
0.0,0.27699298,437.54712
0.0,0.30583823,76.71429
0.0,0.4328901,125.79262
0.0,0.343688,120.62547
0.0,0.3756347,113.423676
0.0,0.47905493,115.48118
0.0,0.49726295,295.3561
0.0,0.44577688,97.49219
0.0,0.36024022,186.51634
0.0,0.411909,540.5374
0.0,0.35170642,97.327
0.0,0.56614304,66.89849
0.0,0.33715704,121.678314
0.0,0.33715707,121.678314
0.0,0.4649017,74.12907
0.0,0.3227776,110.76514
0.0,0.3481498,119.197525
0.0,0.5417465,95.234406
0.0,0.49049613,81.417694
0.0,0.5072465,189.59871
0.0,0.49212885,198.8894
0.0,0.49159947,423.29248
0.0,0.35037068,117.95609
0.0,0.2667797,1090.9697
0.0,0.48669496,125.13168
0.0,0.50003093,73.85247
0.0,0.26423958,228.55083
0.0,0.40314302,85.76485
0.0,0.55376595,294.83722
0.0,0.46765745,65.454124
0.0,0.39314908,176.91302
0.0,0.3753078,238.71613
0.0,0.38404095,260.99802
0.0,0.4066245,97.142784
0.0,0.32286274,197.00208
0.0,0.5135515,181.77847
0.0,0.26029187,581.80304
0.0,0.41805768,90.07643
0.0,0.36652437,722.5781
0.0,0.40894958,151.80234
0.0,0.50600934,77.8184
0.0,0.30784607,285.8261
0.0,0.307846,285.8261
0.0,0.28170893,148.04222
0.0,0.38271865,88.12628
0.0,0.48992103,69.00909
0.0,0.45598245,173.87007
0.0,0.3736165,346.21738
0.0,0.4982702,204.23677
0.0,0.5036998,65.59339
0.0,0.34203115,69.1183
0.0,0.376951,75.228195
0.0,0.53866917,100.07123
0.0,0.42788115,104.549545
0.0,0.36276245,75.889496
0.0,0.5228722,94.170105
0.0,0.3818373,99.37803
0.0,0.4232288,96.32109
0.0,0.38655052,77.81438
0.0,0.5016219,97.157295
0.0,0.3345898,76.65674
0.0,0.4832335,82.20137
0.0,0.4525928,83.469696
0.0,0.48398018,138.54643
0.0,0.42978296,65.068756
0.0,0.4087568,89.73233
0.0,0.37724578,70.28979
0.0,0.4278608,281.83646
0.0,0.3969213,81.29576
0.0,0.52997154,68.0381
0.0,0.3880303,409.3393
0.0,0.4767891,80.067924
0.0,0.4862793,110.1782
0.0,0.4423607,140.09738
0.0,0.31504807,74.13242
0.0,0.36623588,67.63313
0.0,0.2652662,758.7861
0.0,0.3317023,93.66722
0.0,0.5053452,72.32921
0.0,0.5097906,126.01338
0.0,0.37489074,92.0398
0.0,0.46940306,108.00757
0.0,0.42197528,114.57847
0.0,0.33957666,108.10147
0.0,0.3728156,120.033
0.0,0.48899,90.48053
0.0,0.3602538,68.95781
0.0,0.4977554,71.47668
0.0,0.432019,81.96318
0.0,0.45751905,87.97375
0.0,0.48595113,104.573715
0.0,0.39631122,84.681496
0.0,0.4076471,84.12076
0.0,0.4983177,92.73141
0.0,0.275927,190.55496
0.0,0.37467825,720.3985
0.0,0.45554718,93.25435
0.0,0.57358366,74.58333
0.0,0.4851887,82.05101
0.0,0.51863766,73.85494
0.0,0.4753806,94.002884
0.0,0.40115228,85.9566
0.0,0.47215107,66.70204
0.0,0.3018687,82.44046
0.0,0.22717948,487.3644
0.0,0.5776805,85.69736
0.0,0.35938802,366.2044
0.0,0.5007827,86.297646
0.0,0.47169065,255.22939
0.0,0.52652216,94.02707
0.0,0.45874453,170.24434
0.0,0.47326458,99.74017
0.0,0.35117123,76.41237
0.0,0.5270164,97.63418
0.0,0.3227481,470.51614
0.0,0.35247314,71.72278
0.0,0.41377288,205.04823
0.0,0.40565893,68.21078
0.0,0.5159284,87.9203
0.0,0.45994544,116.04539
0.0,0.48718315,95.84044
0.0,0.3243085,68.34936
0.0,0.4236147,96.16219
0.0,0.27704307,96.92641
0.0,0.3468394,89.85682
0.0,0.45045525,77.61292
0.0,0.43510976,70.81369
0.0,0.29853135,103.53374
0.0,0.505479,73.71734
0.0,0.37139985,67.927444
0.0,0.4960785,787.3568
0.0,0.38658497,67.12956
0.0,0.3919133,67.2103
0.0,0.46460763,70.68265
0.0,0.47569886,182.83725
0.0,0.5032174,261.45016
0.0,0.4915627,417.33386
0.0,0.52839077,68.68878
0.0,0.45912084,180.1978
0.0,0.511402,80.233765
0.0,0.40419507,143.23079
0.0,0.39500606,72.725296
0.0,0.43097866,72.53081
0.0,0.47749728,71.0147
0.0,0.42872867,138.55183
0.0,0.45768338,142.71135
0.0,0.3346688,144.25783
0.0,0.34924164,218.81589
0.0,0.39472002,184.29494
0.0,0.4959661,79.30184
0.0,0.35771486,99.29895
0.0,0.47496444,97.55193
0.0,0.46364585,106.07087
0.0,0.4785832,74.36029
0.0,0.41259325,217.50887
0.0,0.48792353,96.92992
0.0,0.49487615,70.22777
0.0,0.46569946,112.257164
0.0,0.3126537,67.708046
0.0,0.3218438,68.79752
0.0,0.9939468,3004.4458
0.0,0.5042745,85.54535
0.0,0.3333796,119.155266
0.0,0.4950475,169.74199
0.0,0.40098011,97.52023
0.0,0.37846252,79.52058
0.0,0.29411083,94.5529
0.0,0.32162055,112.0346
0.0,0.34566364,68.045746
0.0,0.48512012,214.18643
0.0,0.5099578,527.9002
0.0,0.30745876,66.535194
0.0,0.30828634,78.33557
0.0,0.35894758,94.79284
0.0,0.51474553,83.307045
0.0,0.46593043,105.40368
0.0,0.5441913,206.08432
0.0,0.61126745,94.01321
0.0,0.49954313,70.65981
0.0,0.43877962,184.59659
0.0,0.35605544,71.17711
0.0,0.3969752,159.7351
0.0,0.44049588,142.89873
0.0,0.48464277,76.63847
0.0,0.3408,109.86991
0.0,0.5101735,72.79085
0.0,0.33620328,146.72968
0.0,0.4867491,100.72889
0.0,0.48674917,100.72889
0.0,0.492313,85.285286
0.0,0.4152702,73.96815
0.0,0.44861832,97.25928
0.0,0.441528,106.53985
0.0,0.27028868,148.73244
0.0,0.5176742,212.3385
0.0,0.30897778,91.573
0.0,0.33425853,80.36796
0.0,0.39265636,83.36657
0.0,0.365781,65.68295
0.0,0.5069768,85.82632
0.0,0.37467274,68.37052
0.0,0.57019657,152.34808
0.0,0.33360067,166.07683
0.0,0.46794325,81.43244
0.0,0.44336933,139.91646
0.0,0.5084976,84.36823
0.0,0.3874361,77.832924
0.0,0.43431228,79.17002
0.0,0.39225072,66.53206
0.0,0.48656622,140.78983
0.0,0.5826256,184.1115
0.0,0.34148005,66.411125
0.0,0.5060819,90.45679
0.0,0.375567,77.361305
0.0,0.404919,135.56119
0.0,0.5396647,91.891975
0.0,0.48304334,78.63699
0.0,0.32905975,134.3804
0.0,0.49775723,140.94008
0.0,0.46467173,146.27734
0.0,0.50850594,224.80942
0.0,0.3696497,120.54802
0.0,0.4730238,77.97418
0.0,0.5552673,138.7924
0.0,0.4034045,68.46014
0.0,0.4804658,104.501
0.0,0.47193858,67.36546
0.0,0.47382262,129.75131
0.0,0.48434436,74.68283
0.0,0.53287387,154.5142
0.0,0.39634603,65.14029
0.0,0.34354106,70.95888
0.0,0.3756055,74.207146
0.0,0.5146131,113.580444
0.0,0.34859756,83.15589
0.0,0.3981312,132.77492
0.0,0.3202147,241.53423
0.0,0.35590577,93.519585
0.0,0.588146,95.37523
0.0,0.42000908,159.18997
0.0,0.4957777,77.997986
0.0,0.39216504,87.29991
0.0,0.28628492,105.0581
0.0,0.35164317,390.3801
0.0,0.41789046,109.482285
0.0,0.38813636,78.30075
0.0,0.42854837,98.90061
0.0,0.4339361,66.855644
0.0,0.29558304,388.20343
0.0,0.48691192,92.2636
0.0,0.49783865,98.54708
0.0,0.455979,89.91428
0.0,0.49194992,72.030594
0.0,0.2961258,446.06985
0.0,0.49952838,68.010956
0.0,0.31482473,290.3505
0.0,0.39153618,92.793205
0.0,0.40151194,223.80743
0.0,0.50871015,109.95282
0.0,0.47664648,492.1837
0.0,0.38300627,219.98239
0.0,0.49410492,433.441
0.0,0.44153756,69.03212
0.0,0.31285632,140.62375
0.0,0.46956828,161.39374
0.0,0.42348135,72.85761
0.0,0.33060154,103.36994
0.0,0.6091259,86.58655
0.0,0.45726326,65.32407
0.0,0.48174632,313.28027
0.0,0.49622482,76.81542
0.0,0.36255607,68.950424
0.0,0.2580754,202.72728
0.0,0.4772946,66.704056
0.0,0.4141684,320.83173
0.0,0.36369333,89.70851
0.0,0.38166294,79.76179
0.0,0.4395224,79.49863
0.0,0.41278553,284.068
0.0,0.3560083,96.24719
0.0,0.29373267,86.352615
0.0,0.46032742,155.53905
0.0,0.50437266,89.34501
0.0,0.52306527,76.631004
0.0,0.40728927,78.121315
0.0,0.3993073,486.07785
0.0,0.4385493,68.73665
0.0,0.24869795,84.55758
0.0,0.54833287,360.578
0.0,0.34337357,78.904434
0.0,0.2983751,284.15567
0.0,0.4940042,94.12894
0.0,0.5123365,75.02508
0.0,0.56447905,65.30973
0.0,0.17303397,1288.2202
0.0,0.3414777,101.77963
0.0,0.28170648,97.36692
0.0,0.49563947,101.65896
0.0,0.35498223,65.67762
0.0,0.40076226,68.98586
0.0,0.46749923,109.21029
0.0,0.38252136,68.34294
0.0,0.3616095,131.98654
0.0,0.5183132,83.28057
0.0,0.3704302,904.1191
0.0,0.34779274,152.019
0.0,0.3284212,76.47858
0.0,0.3211338,71.511765
0.0,0.37530658,105.09756
0.0,0.36472967,172.76419
0.0,0.5103917,84.848595
0.0,0.45766318,333.1666
0.0,0.38757598,128.5379
0.0,0.4277223,142.73541
0.0,0.33551228,190.10806
0.0,0.5007753,85.8586
0.0,0.30006632,163.5892
0.0,0.44485208,98.40009
0.0,0.47114506,127.358
0.0,0.41031212,213.45572
0.0,0.6404921,141.92725
0.0,0.2737862,563.8344
0.0,0.37697828,123.05752
0.0,0.32122692,83.125496
0.0,0.47811005,218.48027
0.0,0.54371655,67.55093
0.0,0.36329004,94.89453
0.0,0.47905195,66.18787
0.0,0.44416478,134.42534
0.0,0.4883104,71.98867
0.0,0.2373961,290.01868
0.0,0.4016042,92.464226
0.0,0.3438356,132.41618
0.0,0.36093366,70.684975
0.0,0.33556613,69.83441
0.0,0.35734463,112.74575
0.0,0.33313635,297.74405
0.0,0.5780492,4.8413136e+07
0.0,0.4784757,76.693375
0.0,0.35948312,522.4282
0.0,0.48015502,68.49639
0.0,0.5713034,77.36173
0.0,0.43419594,72.839096
0.0,0.4194906,90.71728
0.0,0.48918402,78.50282
0.0,0.14156123,258.0099
0.0,0.36093298,73.65816
0.0,0.48254097,104.58548
0.0,0.46941346,69.07995
0.0,0.48569503,66.50703
0.0,0.48010528,99.783226
0.0,0.3244649,151.30447
0.0,0.3352072,133.84412
0.0,0.2601509,99.9514
0.0,0.49022022,79.23211
0.0,0.5012862,653.0897
0.0,0.5222422,171.62065
0.0,0.22340578,293.4941
0.0,0.4782734,304.9056
0.0,0.4599783,81.56481
0.0,0.51967615,85.8515
0.0,0.46904022,98.97572
0.0,0.48844165,96.68975
0.0,0.27584824,66.4106
0.0,0.43907616,65.65851
0.0,0.4178859,157.56506
0.0,0.39147493,84.359085
0.0,0.5140926,80.10231
0.0,0.33196285,75.95403
0.0,0.29206333,74.247406
0.0,0.4508111,103.80823
0.0,0.4908487,176.8142
0.0,0.35857943,98.58393
0.0,0.41281256,97.15799
0.0,0.42050475,84.5201
0.0,0.2951929,161.11258
0.0,0.3590448,423.11102
0.0,0.53614885,101.177185
0.0,0.4973471,81.180405
0.0,0.36783576,98.15251
0.0,0.40410456,65.39537
0.0,0.36170715,74.36789
0.0,0.31465235,93.54256
0.0,0.32819343,86.58847
0.0,0.37495047,71.78226
0.0,0.3234073,137.70558
0.0,0.22255625,255.20067
0.0,0.47727942,87.96081
0.0,0.43630812,183.33206
0.0,0.5535127,172.50081
0.0,0.4116361,70.00342
0.0,0.31713966,237.88228
0.0,0.32423154,90.828
0.0,0.48079246,69.51811
0.0,0.55450076,77.78098
0.0,0.43607095,85.570526
0.0,0.46855998,86.54881
0.0,0.40398702,226.4264
0.0,0.40201157,104.60661
0.0,0.45185983,73.83816
0.0,0.37835723,82.89531
0.0,0.23911774,96.38602
0.0,0.43723354,72.93953
0.0,0.35659292,164.76865
0.0,0.33067638,67.00059
0.0,0.29800984,695.41284
0.0,0.3540057,67.39863
0.0,0.48792866,123.63417
0.0,0.51582485,69.88484
0.0,0.34058216,84.37833
0.0,0.32090944,122.66073
0.0,0.5270239,78.0354
0.0,0.3391136,514.19855
0.0,0.42209798,74.457985
0.0,0.58566695,74.010864
0.0,0.44146815,96.05608
0.0,0.34240395,96.952934
0.0,0.37482852,152.22151
0.0,0.44112623,212.74303
0.0,0.3704215,114.73734
0.0,0.48947483,77.96333
0.0,0.37475705,124.389656
0.0,0.33356422,65.675385
0.0,0.40477264,83.59971
0.0,0.44976768,90.7423
0.0,0.31664553,79.30796
0.0,0.61777186,131.05406
0.0,0.45833117,111.645035
0.0,0.47496444,76.50402
0.0,0.43368214,85.55427
0.0,0.5024451,110.702156
0.0,0.57695556,104.309166
0.0,0.5315543,69.650116
0.0,0.48186386,194.59563
0.0,0.2951206,205.69527
0.0,0.3984594,84.06162
0.0,0.38833278,119.20028
0.0,0.42851624,1021.34155
0.0,0.36053357,80.02104
0.0,0.58143085,385.7188
0.0,0.34850162,138.9216
0.0,0.5357655,127.97413
0.0,0.43044338,262.46042
0.0,0.5141447,68.31164
0.0,0.46812332,160.00093
0.0,0.52308786,128.53113
0.0,0.32353443,104.412636
0.0,0.4861153,71.836975
0.0,0.44852296,95.45864
0.0,0.47022527,77.49499
0.0,0.40166676,157.78908
0.0,0.37939125,67.1265
0.0,0.34208715,100.257256
0.0,0.47496444,75.31388
0.0,0.57603985,149.7806
0.0,0.5377218,71.49126
0.0,0.5517808,539.35944
0.0,0.3502143,66.62361
0.0,0.49546787,89.831474
0.0,0.3584456,106.748856
0.0,0.44599578,170.18575
0.0,0.48621473,73.08984
0.0,0.39394307,159.54518
0.0,0.4162608,152.78462
0.0,0.41390115,70.70713
0.0,0.46689847,79.66652
0.0,0.2251424,578.439
0.0,0.37270597,134.08446
0.0,0.56585,536.7335
0.0,0.328307,158.06566
0.0,0.45060807,320.91928
0.0,0.30893126,75.955956
0.0,0.34441373,97.78985
0.0,0.42447042,176.15459
0.0,0.37764212,71.743904
0.0,0.4329226,220.8283
0.0,0.40096813,66.95018
0.0,0.38523877,150.66367
0.0,0.4652056,651.70013
0.0,0.34384483,154.68309
0.0,0.49025017,103.24432
0.0,0.43884867,65.42993
0.0,0.47102222,67.90456
0.0,0.49559632,82.74296
0.0,0.38527694,84.1184
0.0,0.48020577,67.57507
0.0,0.27392492,77.19725
0.0,0.45032474,94.563286
0.0,0.36611155,67.46624
0.0,0.45759112,125.893135
0.0,0.3813421,126.057526
0.0,0.5916635,80.096214
0.0,0.5199977,74.1979
0.0,0.5310438,140.96043
0.0,0.4714072,85.43445
0.0,0.56999147,91.907486
0.0,0.5183502,116.14029
0.0,0.5296822,136.2704
0.0,0.3514733,401.79333
0.0,0.4435582,71.2075
0.0,0.3830585,88.886215
0.0,0.55269444,81.16575
0.0,0.49550837,95.99251
0.0,0.38265014,245.93375
0.0,0.5243112,124.131386
0.0,0.33418688,76.27243
0.0,0.49194393,80.49658
0.0,0.41648567,109.55461
0.0,0.34573853,77.27582
0.0,0.5076406,71.036446
0.0,0.43710163,75.42634
0.0,0.4465108,134.87825
0.0,0.42833325,106.52324
0.0,0.4038846,69.28498
0.0,0.41948837,184.28897
0.0,0.4039688,94.735535
0.0,0.4980572,84.36448
0.0,0.29337505,72.737595
0.0,0.3499107,87.097946
0.0,0.46920162,173.642
0.0,0.35045567,77.33736
0.0,0.25728446,237.90147
0.0,0.5397072,84.90932
0.0,0.5428905,225.03786
0.0,0.45644996,147.00905
0.0,0.58707947,334.77618
0.0,0.41287407,575.5237
0.0,0.44856265,91.414825
0.0,0.48174542,84.87604
0.0,0.48963454,119.59251
0.0,0.51973414,75.62754
0.0,0.50489324,73.075874
0.0,0.35918322,82.12023
0.0,0.53438085,118.19891
0.0,0.37470454,693.233
0.0,0.40780398,71.479385
0.0,0.39331096,72.025375
0.0,0.30414128,619.7684
0.0,0.57886696,129.21385
0.0,0.5067884,68.73708
0.0,0.5064807,209.64124
0.0,0.28760698,113.645935
0.0,0.2200057,672.75366
0.0,0.3965322,70.547485
0.0,0.36553007,599.78625
0.0,0.3584871,189.91217
0.0,0.3891392,73.014206
0.0,0.36091992,70.524
0.0,0.404364,88.2578
0.0,0.47958428,65.02485
0.0,0.5049464,164.0538
0.0,0.42002255,66.43891
0.0,0.45437178,90.72993
0.0,0.5170125,84.03267
0.0,0.38355,125.13395
0.0,0.38819262,105.799286
0.0,0.33776325,74.32705
0.0,0.30052644,540.75226
0.0,0.33340153,86.8743
0.0,0.40238342,328.83734
0.0,0.43081558,399.8084
0.0,0.40935624,73.19404
0.0,0.45543876,78.673065
0.0,0.41571972,115.79383
0.0,0.36481503,220.82126
0.0,0.41124243,68.72757
0.0,0.45887712,102.12216
0.0,0.35005274,70.14928
0.0,0.5000456,190.19731
0.0,0.40475348,176.51587
0.0,0.49661234,84.581276
0.0,0.47218361,121.722275
0.0,0.37457523,611.9739
0.0,0.3942112,91.18392
0.0,0.40549818,186.4586
0.0,0.43176946,88.84616
0.0,0.31459022,151.6415
0.0,0.3630784,68.30972
0.0,0.36575463,465.76144
0.0,0.48572078,87.54829
0.0,0.49216586,65.94121
0.0,0.48033077,99.126816
0.0,0.46098468,134.55247
0.0,0.49857333,76.73039
0.0,0.37667575,125.94567
0.0,0.47567487,202.22708
0.0,0.33582002,204.72272
0.0,0.3174258,66.11585
0.0,0.4710083,87.43709
0.0,0.5175629,98.93683
0.0,0.54478675,88.797745
0.0,0.49786335,341.59042
0.0,0.36271742,180.65332
0.0,0.42134705,66.39758
0.0,0.46443993,66.77521
0.0,0.4952857,189.90028
0.0,0.39733237,85.524635
0.0,0.5133152,169.69559
0.0,0.4305786,86.926414
0.0,0.3399235,82.797844
0.0,0.3219681,437.2496
0.0,0.37002432,386.19724
0.0,0.746657,117.340256
0.0,0.49005863,70.411194
0.0,0.32304537,75.443794
0.0,0.41989616,169.23824
0.0,0.40399277,65.235374
0.0,0.56762975,358.7904
0.0,0.3214699,86.45987
0.0,0.4778603,65.43846
0.0,0.38556394,74.25248
0.0,0.366288,86.91678
0.0,0.30517364,194.58932
0.0,0.29079917,132.43903
0.0,0.5637911,86.007904
0.0,0.4717828,186.75856
0.0,0.49767885,66.426254
0.0,0.5766446,76.89479
0.0,0.42685547,68.37951
0.0,0.33222917,365.62186
0.0,0.5990765,81.52129
0.0,0.4508682,87.618866
0.0,0.33998072,163.41292
0.0,0.47582844,75.000656
0.0,0.4451276,115.78303
0.0,0.42998976,89.79412
0.0,0.48457906,88.74735
0.0,0.43338898,72.64091
0.0,0.4783653,68.29144
0.0,0.52083975,98.77234
0.0,0.2818094,130.9469
0.0,0.48227865,132.28903
0.0,0.4477032,88.7934
0.0,0.45256323,75.9866
0.0,0.37372097,78.264244
0.0,0.37580723,79.52713
0.0,0.40449062,69.85874
0.0,0.4689798,97.97286
0.0,0.3746903,1015.6284
0.0,0.48138404,115.73536
0.0,0.3033016,108.37207
0.0,0.46514365,125.90654
0.0,0.46041235,128.09903
0.0,0.604498,79.90234
0.0,0.42502275,138.8113
0.0,0.40698344,65.962166
0.0,0.4015682,174.4489
0.0,0.4336497,68.30097
0.0,0.48057336,399.84222
0.0,0.4602783,188.79727
0.0,0.4724926,658.1954
0.0,0.4408216,72.561516
0.0,0.40511453,103.67678
0.0,0.47558814,67.265945
0.0,0.40885034,82.599724
0.0,0.45330587,88.70278
0.0,0.44868693,84.58209
0.0,0.38438198,136.94649
0.0,0.39043674,77.32728
0.0,0.3315222,214.23747
0.0,0.50531286,72.432724
0.0,0.60489774,69.336235
0.0,0.4653269,160.25429
0.0,0.45393,93.784485
0.0,0.48035276,65.73995
0.0,0.33764187,233.20265
0.0,0.39989078,118.13767
0.0,0.3645836,80.04125
0.0,0.30093822,171.5779
0.0,0.4959092,93.146545
0.0,0.4913746,97.23023
0.0,0.32553715,69.54924
0.0,0.48839557,74.89434
0.0,0.37687367,81.784065
0.0,0.57106346,189.3211
0.0,0.39412975,98.46605
0.0,0.46206933,124.17051
0.0,0.503614,77.92099
0.0,0.45620424,68.38907
0.0,0.4120301,68.50337
0.0,0.47326255,71.20656
0.0,0.7581281,98.46532
0.0,0.3704012,244.5626
0.0,0.5136094,71.473656
0.0,0.4981761,87.25119
0.0,0.3046356,543.6658
0.0,0.36082065,89.67707
0.0,0.29700634,73.56848
0.0,0.5057402,267.2625
0.0,0.48806486,72.77942
0.0,0.4629026,80.254425
0.0,0.51557404,98.29055
0.0,0.5085703,91.77652
0.0,0.6369352,90.30377
0.0,0.4681494,815.99835
0.0,0.4137555,81.75318
0.0,0.38091487,98.57987
0.0,0.4707709,68.20989
0.0,0.39613786,146.7138
0.0,0.29286596,82.91609
0.0,0.4726121,79.58159
0.0,0.31260565,98.735695
0.0,0.32923377,163.68515
0.0,0.36470425,229.00687
0.0,0.5519019,167.5525
0.0,0.32142723,138.843
0.0,0.51652867,85.88434
0.0,0.57105285,69.337074
0.0,0.4749591,149.12848
0.0,0.36625424,74.89085
0.0,0.3790896,98.7574
0.0,0.53047925,374.2455
0.0,0.39023054,107.954216
0.0,0.48652253,75.814354
0.0,0.40583447,75.36862
0.0,0.32714644,84.000496
0.0,0.4363289,120.36266
0.0,0.4365403,153.02922
0.0,0.49491125,74.56012
0.0,0.28624138,86.72491
0.0,0.36239088,110.84287
0.0,0.47354573,260.50113
0.0,0.34140867,120.18452
0.0,0.45414704,70.43795
0.0,0.28969517,81.49087
0.0,0.47019595,270.5646
0.0,0.57988775,633.43286
0.0,0.73091835,80.29162
0.0,0.5099392,68.532524
0.0,0.4308001,141.76146
0.0,0.5124731,94.00211
0.0,0.5142175,78.62752
0.0,0.3607673,65.27677
0.0,0.48742718,473.20108
0.0,0.3166282,922.6609
0.0,0.33988968,288.78485
0.0,0.49520066,7.397392e+12
0.0,0.3873591,120.52003
0.0,0.37024075,66.16712
0.0,0.3590337,106.64974
0.0,0.44409123,145.52325
0.0,0.38631266,69.01579
0.0,0.34045824,65.67598
0.0,0.2988494,100.68897
0.0,0.49012414,74.56458
0.0,0.24703477,316.62155
0.0,0.3735868,112.06942
0.0,0.45886594,86.09705
0.0,0.34412763,91.77052
0.0,0.59081155,83.52947
0.0,0.26437497,134.29044
0.0,0.37964103,74.98081
0.0,0.49572763,66.9274
0.0,0.3943092,651.12866
0.0,0.49126688,110.45412
0.0,0.49770325,443.25867
0.0,0.35813236,81.70674
0.0,0.39255115,73.60432
0.0,0.40141588,84.18976
0.0,0.4252691,330.65552
0.0,0.5434147,97.22127
0.0,0.41684744,86.00342
0.0,0.4833927,109.906105
0.0,0.47219563,81.28039
0.0,0.48282543,77.2547
0.0,0.3587771,116.411705
0.0,0.6301815,72.46371
0.0,0.53782666,284.71375
0.0,0.2729296,67.22973
0.0,0.45004672,91.43884
0.0,0.3627617,101.91303
0.0,0.5061957,77.19113
0.0,0.4900109,116.34526
0.0,0.5393137,122.25327
0.0,0.4354715,114.9536
0.0,0.3611285,67.809265
0.0,0.44252965,91.74129
0.0,0.50296134,268.30478
0.0,0.50715154,72.52284
0.0,0.5420153,67.97415
0.0,0.40709355,405.9966
0.0,0.3616085,71.50953
0.0,0.5018031,81.217606
0.0,0.35034767,89.50795
0.0,0.39968747,199.44331
0.0,0.3440153,107.97312
0.0,0.53091186,76.61496
0.0,0.37877196,727.22186
0.0,0.39212862,98.49375
0.0,0.44064695,143.07738
0.0,0.18010114,250.05788
0.0,0.3179206,466.864
0.0,0.34821126,68.60421
0.0,0.49863356,160.84816
0.0,0.47572568,106.28602
0.0,0.4121992,91.761
0.0,0.34478658,454.65048
0.0,0.4415744,467.62534
0.0,0.4611199,66.503845
0.0,0.48920047,84.99263
0.0,0.34185737,109.583244
0.0,0.45719945,98.36412
0.0,0.49799356,468.99435
0.0,0.48650786,70.555756
0.0,0.4269002,66.92808
0.0,0.33447444,72.2088
0.0,0.463292,80.74629
0.0,0.48395753,66.857956
0.0,0.4193741,107.38211
0.0,0.5045579,78.43222
0.0,0.35498548,89.29215
0.0,0.45038134,103.16857
0.0,0.5771811,339.60022
0.0,0.49428794,99.73974
0.0,0.45338818,80.05909
0.0,0.48148584,66.827614
0.0,0.5139573,107.56826
0.0,0.36509886,79.69841
0.0,0.39403737,125.32046
0.0,0.43894002,658.3092
0.0,0.44451025,183.10817
0.0,0.42203528,96.354965
0.0,0.33228266,91.13147
0.0,0.4541246,72.43853
0.0,0.48688897,92.478714
0.0,0.48918363,67.0512
0.0,0.5348683,100.234856
0.0,0.5259707,585.7542
0.0,0.49137786,74.316826
0.0,0.31329694,108.43134
0.0,0.5726779,100.24036
0.0,0.6891012,139.22731
0.0,0.3347495,102.26578
0.0,0.38728225,78.35321
0.0,0.5306728,478.97607
0.0,0.37252584,67.11839
0.0,0.40445855,91.88168
0.0,0.40165153,65.72023
0.0,0.47496444,111.11973
0.0,0.37418047,241.19832
0.0,0.5078834,77.48546
0.0,0.35572496,258.7685
0.0,0.4740687,72.60092
0.0,0.3387889,248.0445
0.0,0.5698951,75.28995
0.0,0.39041927,98.91847
0.0,0.55739504,72.84393
0.0,0.43927583,136.60783
0.0,0.23827563,133.63957
0.0,0.61067903,120.58336
0.0,0.34780884,88.832436
0.0,0.52003825,192.91757
0.0,0.3851318,68.30106
0.0,0.48399615,219.07912
0.0,0.4583444,100.03794
0.0,0.35099962,93.67468
0.0,0.45467988,76.949814
0.0,0.37637812,598.2551
0.0,0.27354786,333.8039
0.0,0.3846406,86.47244
0.0,0.48928344,163.03943
0.0,0.3835252,114.30574
0.0,0.5015642,85.89282
0.0,0.313037,66.22588
0.0,0.40879366,100.18496
0.0,0.4272165,72.29535
0.0,0.36402583,77.21948
0.0,0.39862725,91.65261
0.0,0.47236764,120.33921
0.0,0.40693617,79.983795
0.0,0.40818724,68.10283
0.0,0.45164496,71.080696
0.0,0.38382623,97.93189
0.0,0.49472532,75.63626
0.0,0.48101813,68.49291
0.0,0.3424689,80.58138
0.0,0.5032105,123.35506
0.0,0.3634514,98.76789
0.0,0.50052834,104.62476
0.0,0.49996376,110.60739
0.0,0.5107419,83.858536
0.0,0.45311067,71.88128
0.0,0.50445515,73.253006
0.0,0.5196459,72.462814
0.0,0.3987113,113.270164
0.0,0.4918424,400.78128
0.0,0.42655364,179.0426
0.0,0.49334034,71.47554
0.0,0.42467806,93.57887
0.0,0.5089276,74.04037
0.0,0.48410153,83.407585
0.0,0.36381394,409.99713
0.0,0.32936072,106.62966
0.0,0.40573493,87.95764
0.0,0.56228715,160.01236
0.0,0.32714874,187.25844
0.0,0.43373704,110.64158
0.0,0.4943025,65.07102
0.0,0.40578774,127.10669
0.0,0.39160088,71.01833
0.0,0.4470972,150.27278
0.0,0.3462692,135.62892
0.0,0.6563511,73.98224
0.0,0.4381326,75.26963
0.0,0.4723517,143.30936
0.0,0.38699663,65.671524
0.0,0.52732646,190.22844
0.0,0.48108378,118.05708
0.0,0.5391442,73.95554
0.0,0.5053582,71.22732
0.0,0.5727799,449.3508
0.0,0.5050785,67.248924
0.0,0.3617947,570.0232
0.0,0.44318998,120.59799
0.0,0.40012342,66.4235
0.0,0.4918132,97.318344
0.0,0.4354198,97.43138
0.0,0.3709889,229.13362
0.0,0.40657216,186.80727
0.0,0.5755983,67.584145
0.0,0.5918225,71.86309
0.0,0.5627714,70.921555
0.0,0.4637911,235.85283
0.0,0.4627456,73.57438
0.0,0.48379463,84.95958
0.0,0.51443636,80.69684
0.0,0.61728656,239.52832
0.0,0.45955166,103.89734
0.0,0.53684145,69.326355
0.0,0.50323874,163.00713
0.0,0.28415707,98.19428
0.0,0.435892,111.2305
0.0,0.59873784,176.38596
0.0,0.4240253,160.07289
0.0,0.34961143,76.13601
0.0,0.4854679,65.8887
0.0,0.31115752,97.32903
0.0,0.39561448,106.58472
0.0,0.48721042,176.71027
0.0,0.42067057,178.08713
0.0,0.56026477,124.00225
0.0,0.5391658,76.710175
0.0,0.5147018,94.71825
0.0,0.3366842,77.39758
0.0,0.5516113,69.21974
0.0,0.48262614,73.760254
0.0,0.48949552,111.41317
0.0,0.40406778,234.55772
0.0,0.40480423,68.00662
0.0,0.42816943,892.30316
0.0,0.45053816,65.20902
0.0,0.51223904,137.49814
0.0,0.60581255,202.1617
0.0,0.3431961,87.12927
0.0,0.4847915,99.463005
0.0,0.23899621,634.0737
0.0,0.4368303,95.32102
0.0,0.41233128,67.21213
0.0,0.42349276,65.97854
0.0,0.5427339,65.05649
0.0,0.447383,383.7714
0.0,0.5228596,108.41729
0.0,0.34897453,170.18117
0.0,0.4753319,145.98718
0.0,0.47819152,376.18814
0.0,0.37947085,76.7519
0.0,0.496611,552.6452
0.0,0.48410332,205.5773
0.0,0.554501,65.83551
0.0,0.23963934,172.46881
0.0,0.43946043,97.203545
0.0,0.47662988,67.495804
0.0,0.4058881,113.978775
0.0,0.3935193,70.76107
0.0,0.4099786,106.99216
0.0,0.4431926,92.130745
0.0,0.4641368,67.01958
0.0,0.4024223,73.91879
0.0,0.48150873,228.6988
0.0,0.525036,70.117
0.0,0.47063798,114.69918
0.0,0.40266767,400.67105
0.0,0.35711932,79.47995
0.0,0.48119837,167.65767
0.0,0.48089007,191.14146
0.0,0.42519528,80.191536
0.0,0.404976,99.95121
0.0,0.58414084,182.56123
0.0,0.33454716,96.73637
0.0,0.4331283,68.16177
0.0,0.44376028,87.770325
0.0,0.39234668,95.59111
0.0,0.29555112,123.986115
0.0,0.42009702,67.14969
0.0,0.46070385,94.09846
0.0,0.3965012,70.1159
0.0,0.34812865,89.92186
0.0,0.48756266,80.580986
0.0,0.43453914,163.5303
0.0,0.47761193,79.33535
0.0,0.28949347,98.755806
0.0,0.58937925,107.91706
0.0,0.3639963,106.3984
0.0,0.35642597,68.390076
0.0,0.40373093,245.3237
0.0,0.49617016,128.303
0.0,0.5378184,321.05515
0.0,0.43979096,261.45532
0.0,0.5012792,109.03698
0.0,0.3393131,67.50466
0.0,0.3624712,69.4213
0.0,0.38641283,81.17648
0.0,0.3790301,117.52012
0.0,0.4915263,75.955826
0.0,0.5375386,70.33748
0.0,0.41988972,131.76616
0.0,0.5556521,67.06245
0.0,0.3383492,97.616974
0.0,0.47252673,69.81877
0.0,0.39298096,509.3334
0.0,0.43624738,231.80894
0.0,0.55729526,66.14424
0.0,0.36808282,118.47898
0.0,0.4140745,185.22505
0.0,0.5281605,83.00502
0.0,0.5880806,66.713486
0.0,0.47342446,105.47754
0.0,0.33042333,91.616394
0.0,0.48336974,92.10874
0.0,0.525409,91.84946
0.0,0.47496444,227.42863
0.0,0.48307532,148.2662
0.0,0.3834333,182.13629
0.0,0.3528816,71.583565
0.0,0.5155183,173.54985
0.0,0.50739825,102.883
0.0,0.5302164,77.60377
0.0,0.5515194,69.958855
0.0,0.50197506,87.508255
0.0,0.40552565,131.80342
0.0,0.44489524,96.28715
0.0,0.3651397,78.142166
0.0,0.38020736,75.2441
0.0,0.4429839,82.60063
0.0,0.38035175,79.82572
0.0,0.37141708,72.476295
0.0,0.2085556,122.390396
0.0,0.42986864,368.07397
0.0,0.4159596,123.349846
0.0,0.5345849,84.60048
0.0,0.35409895,67.64441
0.0,0.39782515,75.79438
0.0,0.47025636,116.078964
0.0,0.3611185,114.23529
0.0,0.48421764,302.52084
0.0,0.47224256,71.58047
0.0,0.4919707,89.96791
0.0,0.3512285,66.499084
0.0,0.3092168,127.89821
0.0,0.39512545,84.54627
0.0,0.4231768,84.28477
0.0,0.2616792,118.194954
0.0,0.43988267,162.01746
0.0,0.4141578,713.4049
0.0,0.34655902,236.37572
0.0,0.3196068,214.68922
0.0,0.54953736,123.67599
0.0,0.47573385,76.57968
0.0,0.41140705,78.55163
0.0,0.34772852,81.55183
0.0,0.4030278,71.11478
0.0,0.28165194,106.20734
0.0,0.46913135,95.97544
0.0,0.4271965,87.29481
0.0,0.44512135,152.61261
0.0,0.5038413,68.45292
0.0,0.47060132,85.74122
0.0,0.40194538,105.887955
0.0,0.38505748,74.09963
0.0,0.37845603,76.474815
0.0,0.5721496,114.45425
0.0,0.41538033,309.00052
0.0,0.5435538,65.778145
0.0,0.39092478,84.50553
0.0,0.45904246,180.50284
0.0,0.4111758,88.804665
0.0,0.39687857,69.612595
0.0,0.27052045,80.77676
0.0,0.52222705,109.51841
0.0,0.42294994,104.86714
0.0,0.37056702,87.345146
0.0,0.4411358,84.30003
0.0,0.36291423,80.5769
0.0,0.35277754,246.79758
0.0,0.34685916,67.78619
0.0,0.48262125,202.30025
0.0,0.43828773,336.03046
0.0,0.42968026,76.83867
0.0,0.54192466,938.14307
0.0,0.42707738,72.0798
0.0,0.7138271,113.912155
0.0,0.48204306,108.35648
0.0,0.5368159,65.222946
0.0,0.57652885,66.52859
0.0,0.33376998,83.420425
0.0,0.41322908,125.702805
0.0,0.359865,190.70618
0.0,0.3317224,74.231995
0.0,0.49378267,142.37143
0.0,0.5469039,134.49095
0.0,0.4201751,185.57915
0.0,0.43296158,67.64229
0.0,0.33478588,660.7474
0.0,0.45211437,83.040726
0.0,0.5769983,75.96329
0.0,0.48521182,70.87706
0.0,0.3778277,65.8614
0.0,0.54576015,184.8838
0.0,0.36398062,78.443504
0.0,0.5801646,226.14441
0.0,0.3570945,178.88934
0.0,0.4990951,138.31213
0.0,0.29732394,88.54967
0.0,0.42664513,184.98654
0.0,0.56708854,135.34889
0.0,0.3916191,132.64981
0.0,0.34637693,71.46312
0.0,0.51134104,69.63721
0.0,0.44088426,109.575905
0.0,0.35807037,126.72849
0.0,0.45411104,87.26936
0.0,0.38686302,263.6806
0.0,0.60326946,106.054276
0.0,0.40166485,81.28512
0.0,0.4799065,363.51917
0.0,0.47496444,100.591896
0.0,0.40856618,170.31697
0.0,0.45730993,127.53348
0.0,0.3861189,66.873375
0.0,0.617186,81.197815
0.0,0.48237503,105.701866
0.0,0.47826797,116.27617
0.0,0.29725075,179.4972
0.0,0.4918195,157.65894
0.0,0.3691625,147.03989
0.0,0.4993143,123.37801
0.0,0.5028568,194.14214
0.0,0.50169176,73.81603
0.0,0.122821555,362.48093
0.0,0.48110884,75.60753
0.0,0.4306585,545.6515
0.0,0.3827682,238.58865
0.0,0.31236556,155.26263
0.0,0.46996498,73.132866
0.0,0.36248094,103.41836
0.0,0.47496444,66.03422
0.0,0.47057694,82.66454
0.0,0.3144103,833.1194
0.0,0.5073666,753.1961
0.0,0.3968061,135.51051
0.0,0.38932878,93.08602
0.0,0.5128776,74.81162
0.0,0.4173725,243.90776
0.0,0.4850936,89.141594
0.0,0.39401656,155.86685
0.0,0.48040846,838.729
0.0,0.49336988,66.87925
0.0,0.35751513,214.03761
0.0,0.49915177,226.01372
0.0,0.30801436,91.21534
0.0,0.39240533,168.13235
0.0,0.45557252,175.69429
0.0,0.63557583,148.32117
0.0,0.4489875,77.91943
0.0,0.34188208,170.14876
0.0,0.38564888,69.84354
0.0,0.3574185,97.2801
0.0,0.5225166,72.96644
0.0,0.30882737,67.624466
0.0,0.4505961,178.13065
0.0,0.6819345,79.45035
0.0,0.5015853,108.85289
0.0,0.49698406,66.073906
0.0,0.4440006,104.30384
0.0,0.3373023,547.4142
0.0,0.54074854,76.55744
0.0,0.4208403,407.58978
0.0,0.42533144,90.12558
0.0,0.30200127,385.54712
0.0,0.38235936,88.5312
0.0,0.36259383,65.015175
0.0,0.38699722,79.24834
0.0,0.5279578,86.71651
0.0,0.48863032,65.00883
0.0,0.40316814,101.018234
0.0,0.4571897,149.00688
0.0,0.505447,245.91174
0.0,0.38919488,289.6845
0.0,0.34006307,144.42868
0.0,0.46281555,132.27785
0.0,0.52720314,81.44583
0.0,0.32736826,131.1855
0.0,0.6210678,81.34828
0.0,0.4766339,85.9419
0.0,0.66623086,66.79409
0.0,0.38220805,72.26737
0.0,0.4121593,277.51953
0.0,0.3588156,71.460594
0.0,0.33157703,98.48748
0.0,0.42329243,183.01732
0.0,0.52541405,93.714905
0.0,0.3259148,98.5354
0.0,0.55683714,157.48274
0.0,0.5308432,208.0878
0.0,0.49222922,532.31024
0.0,0.5596496,73.197655
0.0,0.33846125,234.42976
0.0,0.3358062,69.60816
0.0,0.45125595,70.34455
0.0,0.5097512,68.18674
0.0,0.38732785,72.18573
0.0,0.40289843,66.92521
0.0,0.4382538,105.35375
0.0,0.3448394,689.9106
0.0,0.4393684,122.82056
0.0,0.4972687,82.722244
0.0,0.72691876,96.15797
0.0,0.39491147,82.09765
0.0,0.36701915,370.4293
0.0,0.61200154,68.6937
0.0,0.38236752,65.35185
0.0,0.42680317,677.02997
0.0,0.4561528,77.775215
0.0,0.34202412,78.193634
0.0,0.3229536,89.61091
0.0,0.25137427,169.04407
0.0,0.48240665,145.18245
0.0,0.51013154,70.24371
0.0,0.47496444,111.056725
0.0,0.46509433,654.0948
0.0,0.47356355,123.35993
0.0,0.25569752,350.75156
0.0,0.3351551,74.752975
0.0,0.39354652,224.85928
0.0,0.35028508,128.83984
0.0,0.2641965,87.01938
0.0,0.5080173,66.77697
0.0,0.5068841,149.72214
0.0,0.3865307,75.113434
0.0,0.44242528,85.991005
0.0,0.5214033,699.6638
0.0,0.49364424,84.82918
0.0,0.5018004,105.80951
0.0,0.48033023,85.31722
0.0,0.32564798,68.62491
0.0,0.40611,65.51143
0.0,0.4074183,236.52473
0.0,0.51282734,68.4057
0.0,0.360412,77.60234
0.0,0.5349301,151.66714
0.0,0.43959212,67.67664
0.0,0.4337738,118.58752
0.0,0.30372983,121.32373
0.0,0.47452134,115.99794
0.0,0.4446155,124.74272
0.0,0.47535753,70.32582
0.0,0.5054154,72.46741
0.0,0.49084973,84.91962
0.0,0.36290854,205.1677
0.0,0.45566082,93.19048
0.0,0.2959893,224.86559
0.0,0.4826781,67.14327
0.0,0.3225925,101.56256
0.0,0.4466566,81.86034
0.0,0.27424747,539.1321
0.0,0.40207627,201.87778
0.0,0.47967252,69.53401
0.0,0.36072534,133.56483
0.0,0.3769156,68.3028
0.0,0.39448008,83.25918
0.0,0.48158115,111.96236
0.0,0.30367687,406.07953
0.0,0.5029969,153.93103
0.0,0.2273301,397.1959
0.0,0.43795624,103.15764
0.0,0.33488324,208.53368
0.0,0.50861037,221.87358
0.0,0.5484338,100.62134
0.0,0.37682235,79.55577
0.0,0.5288762,125.54274
0.0,0.4939332,111.590805
0.0,0.29292366,109.15281
0.0,0.3757662,141.90044
0.0,0.47078294,65.91975
0.0,0.4316194,66.43158
0.0,0.35892302,72.251945
0.0,0.3735978,90.03239
0.0,0.44771636,71.8074
0.0,0.4847657,115.4872
0.0,0.51132196,87.1002
0.0,0.5760351,68.0284
0.0,0.52855307,66.54013
0.0,0.53573287,86.47874
0.0,0.36972404,255.69121
0.0,0.5792793,220.27194
0.0,0.33506596,111.17305
0.0,0.29104647,401.54218
0.0,0.36916316,107.38081
0.0,0.4737019,100.79887
0.0,0.29444328,65.014534
0.0,0.5673117,78.226974
0.0,0.38499156,66.929825
0.0,0.44302195,130.06017
0.0,0.37891,103.42637
0.0,0.24718207,142.66005
0.0,0.467733,67.06797
0.0,0.38153386,143.40877
0.0,0.38090086,77.028595
0.0,0.47924194,91.58426
0.0,0.45941988,159.93454
0.0,0.30688155,76.61479
0.0,0.44440565,110.994804
0.0,0.41324085,100.19062
0.0,0.3784019,169.9208
0.0,0.3137786,339.97104
0.0,0.33056307,72.17693
0.0,0.5037541,426.1997
0.0,0.34121042,85.8381
0.0,0.40143296,81.62071
0.0,0.43152404,68.37679
0.0,0.54991966,73.676155
0.0,0.565681,159.038
0.0,0.48207206,132.74371
0.0,0.41468754,89.54383
0.0,0.44304553,185.34619
0.0,0.58720034,66.048355
0.0,0.47663152,79.46147
0.0,0.39691812,468.40588
0.0,0.3039364,170.24013
0.0,0.4956017,76.54534
0.0,0.44035807,262.2373
0.0,0.36817905,110.375015
0.0,0.48361656,71.55003
0.0,0.44993317,68.32054
0.0,0.13901329,267.97668
0.0,0.5678551,100.18517
0.0,0.3782855,68.32433
0.0,0.48870492,73.1028
0.0,0.27072757,276.26212
0.0,0.46010336,66.018
0.0,0.41036683,99.94226
0.0,0.55711657,89.3339
0.0,0.29106823,80.60488
0.0,0.4407178,87.076294
0.0,0.47326207,70.66018
0.0,0.3517188,377.12857
0.0,0.45465803,70.95506
0.0,0.28377265,99.949615
0.0,0.5465692,89.42237
0.0,0.40181273,695.7245
0.0,0.39073476,76.4775
0.0,0.4103596,380.07144
0.0,0.3754407,107.3395
0.0,0.3302519,71.02161
0.0,0.44817817,148.16939
0.0,0.5434966,219.69986
0.0,0.4217907,117.928185
0.0,0.45516825,162.92392
0.0,0.4821928,97.574326
0.0,0.41974747,155.61276
0.0,0.44109058,72.141426
0.0,0.39350548,79.39515
0.0,0.5887397,132.79306
0.0,0.37612078,68.75431
0.0,0.29326388,99.56763
0.0,0.45223022,181.9452
0.0,0.49281603,150.08168
0.0,0.3677685,161.77571
0.0,0.43851945,76.78577
0.0,0.30279073,77.98536
0.0,0.39199188,339.71118
0.0,0.47011364,78.46493
0.0,0.47011364,78.46493
0.0,0.5187848,77.387794
0.0,0.4264431,86.515915
0.0,0.43679255,119.32978
0.0,0.3858341,225.09717
0.0,0.47382498,65.9445
0.0,0.31424946,101.31681
0.0,0.49253675,82.29127
0.0,0.5032969,93.92664
0.0,0.5612862,84.055504
0.0,0.5898712,107.826515
0.0,0.37761015,831.7415
0.0,0.31614852,81.250946
0.0,0.2360834,279.29248
0.0,0.5823008,154.14922
0.0,0.44852054,81.67503
0.0,0.35983744,101.41286
0.0,0.39055532,149.38184
0.0,0.37076008,93.08572
0.0,0.41698942,202.82957
0.0,0.49992722,83.05885
0.0,0.40577117,74.25841
0.0,0.41914073,81.15403
0.0,0.59533817,97.294464
0.0,0.48812842,117.85382
0.0,0.4871655,96.65504
0.0,0.49282253,88.26834
0.0,0.49174666,342.53537
0.0,0.5605091,163.1148
0.0,0.49566647,77.569115
0.0,0.5186567,109.9731
0.0,0.66849625,84.16189
0.0,0.31393942,102.31863
0.0,0.49186587,83.73316
0.0,0.49760824,95.51541
0.0,0.4741356,468.89423
0.0,0.38204214,108.7913
0.0,0.4627963,66.36816
0.0,0.44766632,72.738914
0.0,0.38908288,90.171875
0.0,0.34900934,127.87223
0.0,0.4891764,126.79642
0.0,0.5018634,267.01746
0.0,0.46511915,67.53257
0.0,0.4727225,300.64438
0.0,0.48923767,76.626945
0.0,0.36385965,116.50307
0.0,0.37253383,211.8539
0.0,0.5109044,68.5057
0.0,0.47243634,142.68582
0.0,0.4677952,437.9559
0.0,0.44620854,65.57721
0.0,0.34143257,65.55279
0.0,0.34012944,98.37962
0.0,0.5006903,142.0253
0.0,0.46440527,91.90779
0.0,0.47348452,142.46313
0.0,0.40824658,101.14192
0.0,0.5356464,80.688774
0.0,0.46237117,189.92322
0.0,0.15051503,261.83035
0.0,0.55249935,168.89825
0.0,0.53222114,73.31945
0.0,0.36309442,79.67534
0.0,0.47383553,68.70132
0.0,0.35803804,95.04131
0.0,0.4354641,83.83723
0.0,0.48272547,69.95017
0.0,0.41708726,171.08963
0.0,0.3499024,104.87059
0.0,0.41871652,82.20381
0.0,0.53118527,77.91808
0.0,0.30687797,75.74787
0.0,0.5285559,68.29403
0.0,0.36868906,482.11514
0.0,0.552403,119.62087
0.0,0.3625948,98.96502
0.0,0.4679122,133.72118
0.0,0.4014684,80.25086
0.0,0.4912953,90.672516
0.0,0.3688927,112.92688
0.0,0.38366088,203.33652
0.0,0.53460306,72.06115
0.0,0.4002103,92.30082
0.0,0.2883652,264.31918
0.0,0.5031761,93.889656
0.0,0.47496444,138.99881
0.0,0.46086225,79.83837
0.0,0.5234477,746.4744
0.0,0.58251995,67.4147
0.0,0.55852777,602.2688
0.0,0.53241056,83.40543
0.0,0.40073568,109.32751
0.0,0.5455399,346.5096
0.0,0.49010032,197.33655
0.0,0.26014346,334.63376
0.0,0.50865376,392.02237
0.0,0.2947025,151.99771
0.0,0.45289314,177.32034
0.0,0.3204021,122.5889
0.0,0.4556535,479.43753
0.0,0.484065,98.35192
0.0,0.5643343,2.5365502e+06
0.0,0.339376,115.901886
0.0,0.3319907,72.379814
0.0,0.40926573,69.864975
0.0,0.4210682,82.48019
0.0,0.35107458,96.73519
0.0,0.38170093,87.14212
0.0,0.5126893,100.5011
0.0,0.3755796,246.70628
0.0,0.51703185,79.29586
0.0,0.5020773,395.2248
0.0,0.37568834,100.9945
0.0,0.4342862,71.957954
0.0,0.40596575,81.82635
0.0,0.40420732,166.0286
0.0,0.4571902,65.36263
0.0,0.47040108,437.0557
0.0,0.5557346,76.5061
0.0,0.45276877,209.81796
0.0,0.4535358,320.79614
0.0,0.28670493,74.16631
0.0,0.2356172,295.59763
0.0,0.44331086,92.72868
0.0,0.30208984,292.53748
0.0,0.48933768,95.29947
0.0,0.40449664,70.63203
0.0,0.3935805,90.270065
0.0,0.50884324,94.76521
0.0,0.4594418,316.19702
0.0,0.38966173,74.99393
0.0,0.4303066,297.94516
0.0,0.6094944,91.11597
0.0,0.5244131,142.84688
0.0,0.539654,66.38883
0.0,0.45906538,71.4571
0.0,0.52123684,78.92666
0.0,0.53358865,92.69051
0.0,0.3510468,669.6949
0.0,0.36468157,78.792404
0.0,0.45727867,77.36084
0.0,0.61066675,170.75868
0.0,0.34472317,201.82736
0.0,0.36474755,78.079
0.0,0.53788924,426.23083
0.0,0.37173524,65.9901
0.0,0.39957947,82.775665
0.0,0.49907035,95.990875
0.0,0.47491726,172.14209
0.0,0.39396462,144.0297
0.0,0.3963178,190.3517
0.0,0.39715594,495.34106
0.0,0.33527958,88.636635
0.0,0.46765932,304.16647
0.0,0.49104124,93.54908
0.0,0.28925136,428.4958
0.0,0.43070072,189.60121
0.0,0.29069528,131.42165
0.0,0.34904936,111.20968
0.0,0.49953434,66.87112
0.0,0.3966421,129.72061
0.0,0.33975688,66.54126
0.0,0.5341048,104.07442
0.0,0.4737916,65.29213
0.0,0.5394021,127.92377
0.0,0.50150627,418.6416
0.0,0.27629194,118.056305
0.0,0.37793028,86.811485
0.0,0.47489104,106.313736
0.0,0.3407215,109.84344
0.0,0.43355134,104.13397
0.0,0.35092062,126.12813
0.0,0.43717545,67.79806
0.0,0.37733433,96.47988
0.0,0.45262402,381.83527
0.0,0.4088153,517.8197
0.0,0.5320544,66.12253
0.0,0.3145098,339.23743
0.0,0.36735728,230.50632
0.0,0.64606935,124.97241
0.0,0.50337464,77.671234
0.0,0.39848495,103.262405
0.0,0.4962746,68.38583
0.0,0.48871505,91.637215
0.0,0.3478415,76.04699
0.0,0.36307216,70.96141
0.0,0.44045463,75.14214
0.0,0.37915647,70.11007
0.0,0.41509894,72.71145
0.0,0.36775807,431.50037
0.0,0.49697134,94.43178
0.0,0.54597545,67.44737
0.0,0.4485032,96.76151
0.0,0.36451042,83.01546
0.0,0.45377013,154.48639
0.0,0.4208439,77.8353
0.0,0.43251637,97.8711
0.0,0.43810022,108.23567
0.0,0.32575274,186.42114
0.0,0.490004,106.55307
0.0,0.44916043,638.76483
0.0,0.61449176,76.93511
0.0,0.34877113,176.2606
0.0,0.37033355,411.24573
0.0,0.5716199,69.19975
0.0,0.36816213,80.88405
0.0,0.35744172,349.77396
0.0,0.3386983,90.66948
0.0,0.3394668,660.51886
0.0,0.36221468,68.284775
0.0,0.6127301,92.18584
0.0,0.5496804,132.7701
0.0,0.43244082,277.98367
0.0,0.54698503,74.32701
0.0,0.4498993,68.337234
0.0,0.49660924,867.83417
0.0,0.3932686,71.84841
0.0,0.2662826,251.07799
0.0,0.42587483,109.6046
0.0,0.31743178,164.97755
0.0,0.32662097,84.07046
0.0,0.37279072,227.70422
0.0,0.33415878,98.14674
0.0,0.5200793,126.43483
0.0,0.50778705,70.92788
0.0,0.26752907,82.08638
0.0,0.46155414,103.237015
0.0,0.47496444,68.26022
0.0,0.50313616,78.76531
0.0,0.36770737,198.80458
0.0,0.40603316,85.62811
0.0,0.50103503,66.1911
0.0,0.31410676,121.78684
0.0,0.4384882,87.95243
0.0,0.3776894,298.4112
0.0,0.33045208,69.30735
0.0,0.49459395,84.23899
0.0,0.38471463,86.333374
0.0,0.5127478,149.00574
0.0,0.31865922,65.600716
0.0,0.5030864,713.99146
0.0,0.358595,176.26651
0.0,0.4541017,78.71951
0.0,0.39891702,100.45581
0.0,0.45362365,105.43649
0.0,0.51324064,189.77293
0.0,0.47446695,82.18079
0.0,0.40982813,73.277626
0.0,0.4797345,84.71748
0.0,0.38072658,75.34388
0.0,0.5204109,99.65042
0.0,0.560009,74.1413
0.0,0.5457396,99.3234
0.0,0.3575412,68.9354
0.0,0.38040382,91.65321
0.0,0.2491138,96.98538
0.0,0.55168444,72.22797
0.0,0.43461227,80.01818
0.0,0.394491,78.535545
0.0,0.3181482,125.156006
0.0,0.396647,627.5915
0.0,0.4855574,176.62355
0.0,0.41030052,136.89897
0.0,0.5321063,81.1551
0.0,0.60138535,190.81111
0.0,0.50317985,74.85549
0.0,0.20434265,680.8728
0.0,0.3308761,103.58883
0.0,0.6402804,187.19882
0.0,0.40825117,218.43205
0.0,0.4932326,77.900696
0.0,0.38130972,72.369606
0.0,0.52059656,204.2583
0.0,0.421286,96.14804
0.0,0.3382648,91.50028
0.0,0.48453975,125.08834
0.0,0.3833892,73.07676
0.0,0.3869558,102.80396
0.0,0.5388177,88.05004
0.0,0.5388177,88.05004
0.0,0.41193664,92.28878
0.0,0.32922554,70.18892
0.0,0.36527106,140.5397
0.0,0.4872958,86.98274
0.0,0.3793518,154.21388
0.0,0.532392,75.74552
0.0,0.5058056,71.18252
0.0,0.5081495,77.61092
0.0,0.36055142,77.77635
0.0,0.40930596,143.23221
0.0,0.23466806,401.16098
0.0,0.47496444,74.84374
0.0,0.4113839,84.08915
0.0,0.47644624,75.888245
0.0,0.42523396,289.2645
0.0,0.38313615,78.01888
0.0,0.45146123,110.309715
0.0,0.49098888,462.04935
0.0,0.2723915,137.2348
0.0,0.45998856,69.21397
0.0,0.5115232,363.57565
0.0,0.4853448,71.905136
0.0,0.34178275,70.38163
0.0,0.39579585,675.4819
0.0,0.39397815,89.75038
0.0,0.5480343,241.0281
0.0,0.41053492,88.67459
0.0,0.49035278,94.08399
0.0,0.38575074,97.67299
0.0,0.5122443,274.15753
0.0,0.5122443,274.15753
0.0,0.34730542,82.32597
0.0,0.42334345,93.46592
0.0,0.48891038,92.31665
0.0,0.42602256,254.99509
0.0,0.3485092,133.79549
0.0,0.38150662,103.653564
0.0,0.41762283,72.03451
0.0,0.4208589,74.41659
0.0,0.3442188,132.41373
0.0,0.4779047,347.54028
0.0,0.33797917,65.41842
0.0,0.4420367,69.14803
0.0,0.40831345,68.34821
0.0,0.34305272,393.55704
0.0,0.40819317,133.23184
0.0,0.6133767,660.84094
0.0,0.4560426,66.02638
0.0,0.4323267,262.1124
0.0,0.48150307,87.33064
0.0,0.4286371,93.36523
0.0,0.26757202,179.08252
0.0,0.40955848,74.11588
0.0,0.42823902,102.51445
0.0,0.39129773,96.99699
0.0,0.48114875,67.38819
0.0,0.48427635,102.44964
0.0,0.4056245,431.0517
0.0,0.50095284,274.56693
0.0,0.21741167,112.34008
0.0,0.3878592,88.64432
0.0,0.4980854,136.07036
0.0,0.46473408,78.30969
0.0,0.4730697,189.75386
0.0,0.37796268,69.15593
0.0,0.45880455,89.67754
0.0,0.34199265,85.26834
0.0,0.4875712,126.64963
0.0,0.42713106,66.54718
0.0,0.5788772,101.53508
0.0,0.5526325,101.78991
0.0,0.4939847,84.724434
0.0,0.4949304,108.39944
0.0,0.550992,66.22628
0.0,0.38434646,80.98211
0.0,0.56752264,162.4569
0.0,0.3672207,70.53612
0.0,0.32599264,75.50197
0.0,0.54424524,127.68213
0.0,0.4399762,111.39066
0.0,0.5192158,96.783005
0.0,0.23249061,82.388725
0.0,0.5260408,164.87271
0.0,0.32097733,119.71941
0.0,0.6577301,230.1419
0.0,0.25423196,121.43921
0.0,0.3788646,870.9819
0.0,0.5164554,118.42358
0.0,0.44808632,93.34465
0.0,0.4289164,70.69669
0.0,0.36637333,100.739006
0.0,0.45254943,88.68107
0.0,0.28595942,84.12533
0.0,0.704466,66.393265
0.0,0.3501576,143.48476
0.0,0.55303776,77.80697
0.0,0.47061294,163.96844
0.0,0.29639438,79.02503
0.0,0.4957403,69.31089
0.0,0.22585137,973.65314
0.0,0.42181882,108.44825
0.0,0.44379613,237.47035
0.0,0.32959485,80.34272
0.0,0.35304636,77.9331
0.0,0.5107892,80.30154
0.0,0.30911306,88.0543
0.0,0.38193327,160.09952
0.0,0.4936358,82.78026
0.0,0.40830734,124.48304
0.0,0.41803315,305.01627
0.0,0.27898687,107.95665
0.0,0.422646,119.63775
0.0,0.5462672,66.77163
0.0,0.34478372,117.59421
0.0,0.57443017,79.91015
0.0,0.47835755,70.95578
0.0,0.5247661,69.621574
0.0,0.44052243,75.09505
0.0,0.5501125,74.51476
0.0,0.29352972,543.8216
0.0,0.43255934,66.619446
0.0,0.43934962,788.6304
0.0,0.4177877,396.26328
0.0,0.394398,74.546326
0.0,0.31657356,193.81691
0.0,0.38073626,959.70276
0.0,0.45157796,175.14441
0.0,0.43074238,103.906296
0.0,0.39342013,65.10286
0.0,0.34594834,803.9488
0.0,0.36004663,76.08909
0.0,0.48441038,67.90066
0.0,0.5529178,108.18987
0.0,0.30430853,66.919464
0.0,0.44426018,75.36022
0.0,0.34617698,102.42765
0.0,0.46404243,206.81058
0.0,0.35709414,160.69336
0.0,0.35834694,97.104614
0.0,0.37562314,187.0359
0.0,0.3455889,124.654205
0.0,0.48823717,65.57267
0.0,0.5143919,106.81076
0.0,0.5133803,113.95481
0.0,0.38356122,103.98161
0.0,0.36971885,253.68901
0.0,0.50888705,144.11606
0.0,0.35646483,461.26013
0.0,0.3741796,89.632996
0.0,0.31996152,947.3642
0.0,0.49524006,77.28473
0.0,0.40417817,114.61653
0.0,0.44656855,136.86456
0.0,0.34342057,96.74507
0.0,0.4979698,101.94426
0.0,0.35409537,181.6151
0.0,0.5161354,128.5758
0.0,0.29683074,69.13141
0.0,0.53789395,75.18518
0.0,0.41459507,319.0721
0.0,0.49376023,70.94809
0.0,0.55467665,205.5966
0.0,0.49316335,102.094185
0.0,0.3939242,75.577446
0.0,0.48254496,122.74978
0.0,0.3867305,178.27005
0.0,0.42052925,68.00192
0.0,0.30120292,71.324905
0.0,0.32827708,127.19967
0.0,0.68582433,222.87793
0.0,0.4303928,67.02877
0.0,0.31513548,242.07556
0.0,0.36500552,65.455925
0.0,0.4848857,68.32165
0.0,0.4495758,321.96396
0.0,0.3677557,66.066795
0.0,0.49295613,102.99976
0.0,0.4428789,107.821365
0.0,0.37314963,99.463715
0.0,0.42375842,65.5105
0.0,0.52229685,71.49208
0.0,0.43118918,416.76517
0.0,0.42827693,197.3554
0.0,0.27067143,153.74945
0.0,0.3666882,141.59462
0.0,0.45319855,120.17053
0.0,0.51565677,196.61247
0.0,0.5660217,65.172844
0.0,0.46755135,172.09532
0.0,0.40416968,225.9486
0.0,0.48408303,69.43992
0.0,0.39270723,65.82184
0.0,0.43016323,75.09688
0.0,0.43796828,549.55414
0.0,0.47746503,182.74243
0.0,0.5526843,75.43622
0.0,0.5063062,188.2068
0.0,0.2684071,285.42688
0.0,0.45317107,86.487404
0.0,0.37131768,286.6094
0.0,0.40906584,141.98444
0.0,0.40721747,118.02475
0.0,0.41455486,110.21958
0.0,0.42017272,89.60975
0.0,0.43099263,81.41803
0.0,0.3918181,178.41808
0.0,0.45968542,403.00766
0.0,0.4095988,105.797775
0.0,0.362447,75.53186
0.0,0.3862921,92.11603
0.0,0.23380041,68.148476
0.0,0.41390073,78.00287
0.0,0.37766552,117.032814
0.0,0.3326685,106.08549
0.0,0.51714027,86.415665
0.0,0.34732187,118.123085
0.0,0.49601325,84.50395
0.0,0.5321444,76.723694
0.0,0.33351293,66.39151
0.0,0.47508106,119.135574
0.0,0.45965368,73.70051
0.0,0.51580125,92.13378
0.0,0.49334282,126.69413
0.0,0.48641166,125.4715
0.0,0.51344997,873.2321
0.0,0.3683195,531.3567
0.0,0.47087595,387.48505
0.0,0.43933734,92.604454
0.0,0.45169118,79.09445
0.0,0.48100471,91.71668
0.0,0.4175618,70.20975
0.0,0.52281356,66.02746
0.0,0.33245823,176.3483
0.0,0.49775776,96.5194
0.0,0.56779337,65.55741
0.0,0.4199963,96.36552
0.0,0.37702647,147.43434
0.0,0.35927448,66.69525
0.0,0.39519614,76.26586
0.0,0.52217525,391.01797
0.0,0.41766068,83.14366
0.0,0.5220193,402.5199
0.0,0.3461611,291.00906
0.0,0.48277918,94.90695
0.0,0.495618,248.20877
0.0,0.39123538,90.6597
0.0,0.4036808,97.7329
0.0,0.48412415,178.8643
0.0,0.3084367,265.87958
0.0,0.5303662,84.26036
0.0,0.33572719,248.45593
0.0,0.48242396,68.456825
0.0,0.32074925,229.8833
0.0,0.453398,167.99303
0.0,0.3684538,79.00447
0.0,0.47437218,81.30578
0.0,0.46784788,143.7877
0.0,0.4337815,73.21867
0.0,0.49835694,96.59415
0.0,0.3818049,836.6485
0.0,0.39157984,68.59169
0.0,0.43133047,115.8316
0.0,0.41963956,70.45999
0.0,0.3668654,132.26784
0.0,0.6680382,66.42077
0.0,0.48264313,314.7516
0.0,0.5041229,371.8147
0.0,0.4002165,309.96353
0.0,0.4550842,373.2311
0.0,0.47439343,97.827805
0.0,0.6378851,104.69733
0.0,0.4847715,235.89944
0.0,0.37883243,74.5566
0.0,0.4106439,169.77246
0.0,0.32924348,126.676605
0.0,0.5364284,105.89173
0.0,0.37965405,76.50539
0.0,0.45758697,65.39375
0.0,0.35148215,69.79938
0.0,0.4398239,78.96765
0.0,0.6523494,94.90623
0.0,0.571317,294.19128
0.0,0.42167625,477.7518
0.0,0.33365557,648.118
0.0,0.4832897,170.86052
0.0,0.37368688,284.40738
0.0,0.5470763,195.78699
0.0,0.32388762,168.81277
0.0,0.48052058,85.09936
0.0,0.38278332,88.86514
0.0,0.49432066,82.13939
0.0,0.4045589,436.2692
0.0,0.34010586,168.5708
0.0,0.38871306,82.29965
0.0,0.36754477,75.46896
0.0,0.4889501,108.30837
0.0,0.47714186,183.4714
0.0,0.42326587,68.66615
0.0,0.48362896,78.36241
0.0,0.33955994,71.63475
0.0,0.3973859,80.15703
0.0,0.35864422,580.63715
0.0,0.49545535,172.17157
0.0,0.3621116,83.77247
0.0,0.523561,65.07095
0.0,0.7037486,73.70203
0.0,0.40300924,114.15091
0.0,0.43969664,138.17181
0.0,0.41351002,83.19311
0.0,0.52262807,74.31328
0.0,0.5618451,80.02082
0.0,0.41623452,72.725716
0.0,0.46098587,214.62758
0.0,0.28797355,161.6453
0.0,0.33120263,330.3714
0.0,0.3023165,82.913475
0.0,0.37015864,88.31805
0.0,0.37635878,160.36922
0.0,0.45847225,144.24872
0.0,0.39603055,78.79682
0.0,0.4879059,88.373795
0.0,0.5574913,142.20442
0.0,0.49990717,65.473694
0.0,0.6053622,117.14273
0.0,0.49228862,92.846504
0.0,0.36280444,113.30369
0.0,0.33715442,67.33847
0.0,0.4659271,92.61236
0.0,0.3663143,73.05644
0.0,0.3296517,98.279976
0.0,0.5474798,73.82466
0.0,0.38242626,97.11709
0.0,0.42270994,249.26212
0.0,0.29846603,87.95139
0.0,0.37088925,577.13855
0.0,0.38754255,69.99383
0.0,0.43556133,68.16396
0.0,0.41575456,899.42847
0.0,0.42015785,214.65115
0.0,0.6156596,79.8339
0.0,0.40136996,79.27387
0.0,0.5690738,88.32348
0.0,0.6195236,92.99783
0.0,0.33270633,183.09067
0.0,0.36708602,80.64008
0.0,0.42525494,80.74993
0.0,0.5396075,69.64358
0.0,0.4517967,74.41524
0.0,0.37976104,159.52023
0.0,0.43428162,170.09178
0.0,0.4110847,97.44291
0.0,0.51710886,72.54032
0.0,0.44240507,71.91664
0.0,0.4950034,137.8586
0.0,0.28416318,71.85506
0.0,0.4707415,77.91436
0.0,0.3277062,157.7269
0.0,0.36508667,75.3189
0.0,0.572089,84.311165
0.0,0.5246467,72.57711
0.0,0.48435873,91.133125
0.0,0.45962214,108.21524
0.0,0.53479356,67.370995
0.0,0.4636769,70.09791
0.0,0.47496444,99.80798
0.0,0.440888,84.852974
0.0,0.48510194,73.38312
0.0,0.4240934,69.98947
0.0,0.46239915,67.27797
0.0,0.54802024,68.58153
0.0,0.48649567,79.68148
0.0,0.2953373,70.861595
0.0,0.46314833,67.64985
0.0,0.46108004,94.602234
0.0,0.39804715,150.74309
0.0,0.44935068,85.796875
0.0,0.54841155,80.7484
0.0,0.4780417,74.809074
0.0,0.46063662,158.45375
0.0,0.2121134,618.635
0.0,0.47975343,77.13536
0.0,0.54373586,82.58549
0.0,0.40426219,536.1366
0.0,0.36066768,70.6622
0.0,0.36625084,594.2872
0.0,0.42200217,69.92499
0.0,0.50898117,78.79059
0.0,0.4737119,65.71909
0.0,0.5361176,74.38908
0.0,0.4199403,67.73389
0.0,0.5951278,104.42003
0.0,0.5591067,77.12922
0.0,0.38983613,91.84817
0.0,0.4719996,70.56259
0.0,0.41542792,95.03104
0.0,0.5587329,71.208435
0.0,0.46991202,126.70749
0.0,0.4502265,121.91227
0.0,0.47693276,103.750114
0.0,0.60585564,89.45328
0.0,0.4845608,105.702156
0.0,0.38446522,82.417114
0.0,0.5225508,125.37751
0.0,0.33285037,109.29552
0.0,0.3548117,129.59975
0.0,0.49077827,137.0213
0.0,0.4233779,73.64017
0.0,0.398773,80.90248
0.0,0.40333313,94.44469
0.0,0.49000424,92.11522
0.0,0.41764522,170.44344
0.0,0.3526928,69.8959
0.0,0.38289207,77.97915
0.0,0.40738353,137.03621
0.0,0.31102362,71.45942
0.0,0.48291275,84.8527
0.0,0.4473884,106.500084
0.0,0.36185208,80.616585
0.0,0.4759767,80.637405
0.0,0.3746651,303.69147
0.0,0.4996737,223.42172
0.0,0.43309703,69.74631
0.0,0.49285725,129.76376
0.0,0.46417835,256.35855
0.0,0.40994838,67.39332
0.0,0.40402913,188.38966
0.0,0.41218126,73.06208
0.0,0.3671031,115.22015
0.0,0.30982152,227.61263
0.0,0.38283148,79.3119
0.0,0.38415012,91.686226
0.0,0.3977099,178.32251
0.0,0.47055718,82.96397
0.0,0.49919847,414.4596
0.0,0.4219404,418.82114
0.0,0.46944928,75.63269
0.0,0.3983438,78.94869
0.0,0.4926021,67.01858
0.0,0.35994428,74.0013
0.0,0.3095257,255.77713
0.0,0.44733527,143.02979
0.0,0.3877515,524.7467
0.0,0.5335614,67.58398
0.0,0.2931394,402.88998
0.0,0.51684654,69.68811
0.0,0.4197532,229.79497
0.0,0.30331147,94.06114
0.0,0.4535248,83.554375
0.0,0.63288486,612.4905
0.0,0.36329186,71.724075
0.0,0.5021382,129.68208
0.0,0.3969478,177.79886
0.0,0.44635907,307.69388
0.0,0.55803984,65.473465
0.0,0.4100427,68.45882
0.0,0.3225517,70.036934
0.0,0.29373723,76.28183
0.0,0.531101,140.03271
0.0,0.5999209,114.57639
0.0,0.56615454,75.73993
0.0,0.45545954,142.89041
0.0,0.5010656,107.77343
0.0,0.3871421,74.91122
0.0,0.34867114,125.98426
0.0,0.39344692,95.48773
0.0,0.44764057,252.79118
0.0,0.3221814,89.19691
0.0,0.34030902,107.849014
0.0,0.41882762,132.04735
0.0,0.2375408,126.887566
0.0,0.41222513,74.712234
0.0,0.49134865,77.29003
0.0,0.4181877,140.37291
0.0,0.4225147,103.69773
0.0,0.4094127,345.816
0.0,0.4209693,66.840836
0.0,0.19193807,125.41564
0.0,0.37352148,87.00273
0.0,0.33558422,74.399475
0.0,0.580109,207.97713
0.0,0.39353856,73.43778
0.0,0.4892669,110.00486
0.0,0.51805615,81.92539
0.0,0.33469078,434.15402
0.0,0.4589828,112.8089
0.0,0.5894177,103.04353
0.0,0.50563854,108.54796
0.0,0.477799,113.91603
0.0,0.43923214,135.55524
0.0,0.40427464,143.81984
0.0,0.4767026,118.902054
0.0,0.34696427,97.95587
0.0,0.502106,91.833496
0.0,0.44245094,159.44589
0.0,0.38811526,448.26694
0.0,0.37895083,354.98422
0.0,0.3483106,74.850525
0.0,0.566504,78.30694
0.0,0.25779778,88.71428
0.0,0.40497956,474.15726
0.0,0.5794711,160.33612
0.0,0.5838095,91.07396
0.0,0.34567076,556.80084
0.0,0.33394736,114.12359
0.0,0.4181783,76.34845
0.0,0.3615845,71.26133
0.0,0.43781102,361.05637
0.0,0.2810288,128.1826
0.0,0.3508691,1069.6783
0.0,0.34973076,81.02295
0.0,0.33938557,136.25903
0.0,0.4648989,65.45118
0.0,0.35545215,66.194115
0.0,0.4373171,122.98107
0.0,0.5150636,304.0236
0.0,0.42060852,357.60327
0.0,0.36445794,236.71153
0.0,0.42129037,79.05692
0.0,0.57328105,113.481285
0.0,0.45795375,123.700096
0.0,0.5359485,70.988106
0.0,0.53903604,300.54816
0.0,0.4257818,73.515434
0.0,0.34058145,89.346115
0.0,0.48396873,87.31983
0.0,0.51292247,86.35816
0.0,0.3802915,178.06816
0.0,0.3193307,104.208885
0.0,0.39006746,65.680466
0.0,0.50242823,78.8181
0.0,0.42718822,77.87558
0.0,0.44758883,128.46968
0.0,0.3807465,80.70468
0.0,0.5131836,1.4839919e+07
0.0,0.33879188,83.17733
0.0,0.47765556,89.48068
0.0,0.5529379,117.68863
0.0,0.42265484,378.92538
0.0,0.485018,109.61525
0.0,0.36893514,144.39308
0.0,0.462923,177.12294
0.0,0.8021945,79.860504
0.0,0.47498396,67.4898
0.0,0.3315745,86.65517
0.0,0.4995524,493.00497
0.0,0.3754082,65.11826
0.0,0.4894316,79.766655
0.0,0.422614,99.43058
0.0,0.500022,137.88902
0.0,0.4234247,96.08407
0.0,0.2851057,683.76196
0.0,0.41910762,180.83728
0.0,0.4878252,79.62743
0.0,0.21868044,684.2137
0.0,0.33127183,88.93607
0.0,0.518518,95.880806
0.0,0.34579322,67.18822
0.0,0.3490044,67.870865
0.0,0.37955227,79.92055
0.0,0.51974624,92.72879
0.0,0.46268293,67.2641
0.0,0.3784371,128.45015
0.0,0.47491392,96.72771
0.0,0.42556405,166.60025
0.0,0.5462496,72.27301
0.0,0.41316402,69.62608
0.0,0.41012904,104.46423
0.0,0.37009895,198.4064
0.0,0.36500895,67.078926
0.0,0.43620265,472.71243
0.0,0.3889898,77.716446
0.0,0.51965004,66.572334
0.0,0.33007532,296.49475
0.0,0.3058757,824.0185
0.0,0.63235295,87.881165
0.0,0.4860632,108.44634
0.0,0.36968082,69.40276
0.0,0.59914434,207.25645
0.0,0.54067147,65.95055
0.0,0.3891653,135.88382
0.0,0.4566982,97.79806
0.0,0.30917665,123.47281
0.0,0.41607282,187.98045
0.0,0.47321904,86.50473
0.0,0.506101,103.07227
0.0,0.29770002,74.297516
0.0,0.4673236,94.26919
0.0,0.34581536,65.8005
0.0,0.46678972,66.72112
0.0,0.43898422,124.3418
0.0,0.52244073,409.2703
0.0,0.51557654,94.98034
0.0,0.38995814,86.726555
0.0,0.35106617,331.6401
0.0,0.3778997,78.39783
0.0,0.49691755,155.58713
0.0,0.41564074,174.63824
0.0,0.47496444,78.04789
0.0,0.29916298,461.85864
0.0,0.60454255,79.78268
0.0,0.37043965,123.97257
0.0,0.48530227,80.75981
0.0,0.33143497,105.1984
0.0,0.4064805,101.13465
0.0,0.35778424,104.0213
0.0,0.41436553,77.07081
0.0,0.3785535,315.62384
0.0,0.3242496,79.365974
0.0,0.49603826,103.036804
0.0,0.46147949,76.125206
0.0,0.3567508,66.24748
0.0,0.45866787,66.51244
0.0,0.448324,118.14111
0.0,0.4328969,378.70328
0.0,0.5394886,93.42503
0.0,0.28893813,167.55516
0.0,0.49365348,95.34633
0.0,0.5226313,73.216644
0.0,0.38060436,70.0522
0.0,0.42278084,74.95849
0.0,0.40903908,110.99608
0.0,0.51066434,89.90794
0.0,0.31119093,97.084274
0.0,0.3808605,418.1411
0.0,0.47496444,104.92996
0.0,0.49169582,65.57989
0.0,0.5238269,586.5001
0.0,0.5376366,71.90301
0.0,0.48718894,68.9992
0.0,0.5164025,80.30171
0.0,0.5165554,72.14025
0.0,0.39056805,149.1194
0.0,0.36151403,126.51301
0.0,0.35777602,80.98273
0.0,0.40600866,379.2411
0.0,0.47147527,72.29289
0.0,0.6700507,73.71611
0.0,0.46413982,81.64114
0.0,0.44799495,77.65081
0.0,0.27005443,266.25543
0.0,0.38249967,719.44446
0.0,0.47688672,65.338295
0.0,0.5530786,89.84119
0.0,0.40927517,78.60397
0.0,0.49095255,128.3161
0.0,0.5134391,66.65006
0.0,0.5331073,72.26009
0.0,0.31887653,72.575775
0.0,0.4712448,326.82864
0.0,0.46209386,110.163445
0.0,0.4448043,79.45927
0.0,0.48085815,138.9628
0.0,0.49795708,71.257805
0.0,0.40229484,98.968254
0.0,0.53299314,150.12263
0.0,0.3542423,148.45451
0.0,0.48483223,65.768036
0.0,0.25771368,85.010666
0.0,0.35920623,82.97428
0.0,0.49078012,114.252914
0.0,0.3906577,127.60225
0.0,0.4964477,212.80191
0.0,0.4173194,72.86053
0.0,0.2067259,137.86813
0.0,0.32919252,82.29267
0.0,0.3356386,87.00318
0.0,0.47496444,112.03731
0.0,0.4807671,75.772865
0.0,0.4132372,81.937065
0.0,0.56753534,88.26531
0.0,0.38321167,101.7708
0.0,0.33318543,65.42686
0.0,0.47496444,117.9489
0.0,0.39040148,211.11678
0.0,0.41230097,107.918304
0.0,0.4754112,197.31737
0.0,0.5176571,390.4727
0.0,0.40314835,300.02115
0.0,0.50415444,392.3927
0.0,0.5105618,321.1454
0.0,0.44309646,78.917625
0.0,0.41070196,66.39942
0.0,0.46772853,75.15528
0.0,0.4206154,140.3794
0.0,0.50087625,71.10482
0.0,0.44830042,84.53472
0.0,0.4548407,70.34497
0.0,0.5754159,91.97123
0.0,0.5212045,85.886314
0.0,0.48447505,193.11975
0.0,0.5440472,65.14404
0.0,0.54457355,273.06808
0.0,0.48700747,66.80916
0.0,0.37610438,96.35486
0.0,0.31886053,222.91794
0.0,0.47757116,82.639885
0.0,0.61842495,67.33318
0.0,0.46149212,92.82874
0.0,0.42373195,96.36679
0.0,0.44395337,71.64305
0.0,0.4678196,219.64233
0.0,0.49703702,89.422935
0.0,0.44239527,221.39613
0.0,0.5584718,85.08761
0.0,0.4368855,85.96655
0.0,0.6441132,83.71507
0.0,0.40853748,73.753204
0.0,0.42622328,66.703575
0.0,0.36712882,93.92879
0.0,0.37595853,103.15656
0.0,0.43493667,68.01756
0.0,0.48597494,165.71652
0.0,0.43262744,149.71252
0.0,0.36436749,85.13027
0.0,0.45712367,69.39716
0.0,0.5032656,123.24337
0.0,0.36802447,74.19496
0.0,0.42795736,80.1725
0.0,0.41045523,109.5513
0.0,0.43986896,83.30663
0.0,0.51954526,298.25052
0.0,0.38017637,493.0713
0.0,0.3377714,195.12976
0.0,0.27570444,244.8075
0.0,0.36971503,92.12556
0.0,0.40957144,259.18692
0.0,0.48772287,251.13464
0.0,0.46773311,65.224236
0.0,0.4097824,210.41814
0.0,0.48561665,409.4501
0.0,0.44867757,77.76369
0.0,0.46337152,73.49621
0.0,0.45783728,91.90007
0.0,0.553976,2.8869402e+06
0.0,0.49265686,318.81735
0.0,0.27612305,69.667725
0.0,0.42131603,67.15431
0.0,0.5354152,67.663124
0.0,0.40740764,77.34536
0.0,0.49061978,113.78415
0.0,0.4302067,110.59622
0.0,0.45611757,93.112854
0.0,0.44094962,128.56076
0.0,0.626273,107.76545
0.0,0.3867103,140.14284
0.0,0.34201536,90.51759
0.0,0.37120405,114.18789
0.0,0.29626146,422.29025
0.0,0.52498174,68.33341
0.0,0.39401323,120.03945
0.0,0.49005893,100.77297
0.0,0.40326825,74.883095
0.0,0.48416555,957.1982
0.0,0.53181267,85.68786
0.0,0.3821378,383.19373
0.0,0.4470508,164.23492
0.0,0.49255836,89.44417
0.0,0.509449,72.5418
0.0,0.35786337,106.41808
0.0,0.46837404,68.62401
0.0,0.52706367,96.911934
0.0,0.49037215,67.33086
0.0,0.4891166,87.936646
0.0,0.39094764,75.63858
0.0,0.47133473,95.13549
0.0,0.490632,80.06707
0.0,0.44666594,118.87027
0.0,0.53489256,281.30118
0.0,0.41763246,79.3673
0.0,0.3678105,984.4461
0.0,0.4090477,159.96
0.0,0.47725168,256.25443
0.0,0.38283226,71.5432
0.0,0.45556518,177.79369
0.0,0.547366,82.243805
0.0,0.35805598,70.80636
0.0,0.3370826,110.8234
0.0,0.33736458,86.92625
0.0,0.48366097,72.31659
0.0,0.4846554,137.1701
0.0,0.53490394,83.50015
0.0,0.49489167,75.0266
0.0,0.48734993,70.17576
0.0,0.49946776,110.066475
0.0,0.38043493,71.582466
0.0,0.48623708,153.9328
0.0,0.5168341,103.26173
0.0,0.47496444,106.237656
0.0,0.37705666,98.25101
0.0,0.4075001,71.23256
0.0,0.41610885,69.64552
0.0,0.38030136,177.95705
0.0,0.3637086,317.6578
0.0,0.360363,156.33098
0.0,0.4159885,65.4464
0.0,0.5204182,109.459206
0.0,0.46257553,134.01167
0.0,0.35116783,74.872795
0.0,0.36767754,97.84301
0.0,0.4602194,98.33011
0.0,0.3370077,99.03959
0.0,0.40075636,66.20724
0.0,0.3149024,70.11414
0.0,0.6044616,89.80115
0.0,0.2887838,136.14395
0.0,0.3045003,383.02734
0.0,0.62953913,75.171394
0.0,0.4230166,178.91064
0.0,0.47496444,74.188545
0.0,0.44027293,367.26016
0.0,0.4307169,103.76589
0.0,0.40883487,68.94619
0.0,0.5690858,108.02583
0.0,0.37322786,262.4548
0.0,0.47424796,71.73247
0.0,0.58785754,66.14649
0.0,0.41897875,472.77628
0.0,0.49294084,68.75267
0.0,0.44019538,214.60391
0.0,0.40631133,73.16192
0.0,0.44586465,67.1207
0.0,0.46018928,95.03339
0.0,0.72990876,97.71066
0.0,0.59008485,94.84984
0.0,0.46845946,110.05814
0.0,0.2435181,136.4106
0.0,0.30971292,73.71392
0.0,0.36632463,222.34973
0.0,0.49383587,89.859955
0.0,0.38438237,117.899704
0.0,0.43960565,79.31628
0.0,0.40979314,117.48813
0.0,0.4495721,147.23851
0.0,0.3242018,85.9722
0.0,0.43680483,97.37908
0.0,0.5070769,78.39572
0.0,0.46624598,70.05149
0.0,0.49245608,126.100365
0.0,0.42278814,98.34301
0.0,0.4844146,76.91638
0.0,0.40658104,381.82083
0.0,0.4872546,88.731544
0.0,0.36356127,77.238434
0.0,0.55199873,70.07932
0.0,0.46059528,78.047676
0.0,0.30851272,349.69025
0.0,0.29642954,102.18985
0.0,0.50999284,115.173416
0.0,0.26308453,213.90982
0.0,0.38528717,77.791916
0.0,0.4811678,68.267715
0.0,0.5068626,86.711555
0.0,0.32882884,117.56774
0.0,0.2949563,141.64943
0.0,0.39136207,68.11964
0.0,0.4706909,176.60077
0.0,0.32723135,140.66289
0.0,0.41451672,67.15802
0.0,0.39782077,109.98071
0.0,0.45435184,76.802055
0.0,0.4470327,144.36311
0.0,0.46033004,87.1507
0.0,0.44350192,65.91496
0.0,0.3927854,68.43015
0.0,0.5400959,72.80699
0.0,0.4451503,78.960915
0.0,0.34097293,110.49936
0.0,0.44214338,99.80007
0.0,0.34104264,137.64882
0.0,0.45377272,595.9275
0.0,0.52949667,100.94145
0.0,0.56685746,67.84475
0.0,0.49266982,86.35143
0.0,0.42158398,99.00426
0.0,0.51504636,374.86484
0.0,0.32904133,71.89521
0.0,0.3621868,107.86068
0.0,0.5732864,65.17298
0.0,0.61990184,74.93769
0.0,0.39845788,78.36585
0.0,0.59504133,66.98614
0.0,0.5644322,68.05235
0.0,0.5048042,102.20803
0.0,0.289573,122.3785
0.0,0.42368916,69.00638
0.0,0.33147523,91.06186
0.0,0.4038644,352.29654
0.0,0.5482835,65.73071
0.0,0.3251456,84.575195
0.0,0.39093375,354.32343
0.0,0.37754974,66.831375
0.0,0.51831615,274.1783
0.0,0.4817214,65.75403
0.0,0.4576027,147.79803
0.0,0.35310358,522.9611
0.0,0.45804107,104.963326
0.0,0.5333018,250.72208
0.0,0.22545764,131.84778
0.0,0.5502737,67.10388
0.0,0.4718567,97.42863
0.0,0.5231699,106.58448
0.0,0.5812067,85.247795
0.0,0.3635191,580.48926
0.0,0.54477835,139.64864
0.0,0.49964654,247.75787
0.0,0.33519053,90.07577
0.0,0.37843457,90.88721
0.0,0.33598584,92.04682
0.0,0.33320555,118.25083
0.0,0.47342137,184.52414
0.0,0.5036048,85.96953
0.0,0.4667747,68.262375
0.0,0.43604866,151.36403
0.0,0.50545883,128.23236
0.0,0.37784722,429.1036
0.0,0.2537783,520.1971
0.0,0.47086865,94.39767
0.0,0.41817963,73.134796
0.0,0.55022377,101.55509
0.0,0.3537384,65.5135
0.0,0.38646764,149.93756
0.0,0.4562962,209.32072
0.0,0.4087909,96.19854
0.0,0.459058,228.80907
0.0,0.44816503,73.830376
0.0,0.34449893,297.30597
0.0,0.33420217,87.61588
0.0,0.34736595,72.78689
0.0,0.32934093,284.9475
0.0,0.28751627,100.26969
0.0,0.50644976,70.53041
0.0,0.34400296,77.23053
0.0,0.39856043,90.68705
0.0,0.4269894,106.856155
0.0,0.41799524,144.158
0.0,0.4177849,86.47577
0.0,0.53161716,110.43544
0.0,0.62350243,81.09715
0.0,0.49061453,303.8851
0.0,0.33383965,141.40338
0.0,0.5555074,68.13232
0.0,0.36396384,767.3396
0.0,0.39550504,157.54984
0.0,0.35030803,69.11671
0.0,0.39791217,331.23618
0.0,0.34701514,77.12215
0.0,0.4529911,96.4677
0.0,0.33659005,141.79274
0.0,0.56015694,101.89133
0.0,0.3902421,91.8724
0.0,0.38717714,71.77863
0.0,0.32660204,221.7988
0.0,0.4873531,70.751396
0.0,0.39369905,93.01162
0.0,0.48251176,98.48662
0.0,0.47040394,351.7788
0.0,0.39293027,132.19923
0.0,0.3877206,96.48269
0.0,0.32344756,115.40456
0.0,0.5366855,170.46046
0.0,0.42349258,66.06872
0.0,0.33072475,82.2701
0.0,0.61677265,216.10951
0.0,0.5421434,154.0214
0.0,0.46172124,175.56027
0.0,0.4875728,106.16396
0.0,0.58134353,308.73264
0.0,0.59487736,95.04768
0.0,0.427364,70.34607
0.0,0.5428747,65.49521
0.0,0.42910913,78.877884
0.0,0.47921255,168.83809
0.0,0.5107765,123.71945
0.0,0.34855077,72.35976
0.0,0.3420174,66.53595
0.0,0.34369817,95.122116
0.0,0.28099808,75.71615
0.0,0.6569059,69.04179
0.0,0.5295224,116.07986
0.0,0.42424542,146.55603
0.0,0.38909954,657.5081
0.0,0.41095397,279.15878
0.0,0.533712,1.18137736e+08
0.0,0.5234107,211.27364
0.0,0.5535906,255.02756
0.0,0.39193338,269.91302
0.0,0.44404054,95.04095
0.0,0.5164965,65.84438
0.0,0.3319752,210.70284
0.0,0.4056636,69.26843
0.0,0.43566665,74.64158
0.0,0.35668465,75.25596
0.0,0.46567,139.31294
0.0,0.46207085,66.55061
0.0,0.46730995,84.069786
0.0,0.31433716,646.58417
0.0,0.3840382,108.31509
0.0,0.3886148,71.59996
0.0,0.38477072,879.965
0.0,0.31670982,160.79784
0.0,0.5586155,88.18927
0.0,0.37632117,77.951454
0.0,0.491393,65.33727
0.0,0.36897156,206.73611
0.0,0.43120134,65.66633
0.0,0.45551464,313.2383
0.0,0.3406555,77.69332
0.0,0.9601057,104102.65
0.0,0.505833,94.828415
0.0,0.571757,201.37613
0.0,0.51068944,66.05769
0.0,0.36888355,119.36411
0.0,0.19704852,135.99867
0.0,0.42475927,367.98428
0.0,0.4358376,404.99487
0.0,0.5359099,69.444176
0.0,0.26311946,652.04364
0.0,0.41437286,73.1323
0.0,0.4321528,120.39564
0.0,0.41128278,263.6524
0.0,0.3729117,88.07811
0.0,0.36914605,245.8012
0.0,0.5135154,101.66297
0.0,0.2555624,349.05542
0.0,0.59976,68.46829
0.0,0.4958649,67.612885
0.0,0.3958724,117.23138
0.0,0.4490727,114.90729
0.0,0.54013854,86.75898
0.0,0.52683055,72.43453
0.0,0.38999748,403.12317
0.0,0.57451975,185.60829
0.0,0.4049465,83.08339
0.0,0.22176747,264.09204
0.0,0.3789317,74.52556
0.0,0.48911282,76.15277
0.0,0.5170848,113.26177
0.0,0.5012673,67.04673
0.0,0.38503182,221.87444
0.0,0.43186644,70.41263
0.0,0.46147478,118.63284
0.0,0.389567,247.53342
0.0,0.47496444,127.7695
0.0,0.3017168,87.954384
0.0,0.47496444,67.3817
0.0,0.39723694,88.66062
0.0,0.48405197,74.21419
0.0,0.24160682,321.8277
0.0,0.5285051,177.2421
0.0,0.36010158,97.69634
0.0,0.70345336,276.61847
0.0,0.48832846,87.15889
0.0,0.29619917,279.5649
0.0,0.46681908,692.4761
0.0,0.400417,95.13821
0.0,0.49531856,199.26361
0.0,0.4861384,107.817345
0.0,0.5021725,73.81514
0.0,0.4700149,153.77975
0.0,0.44407192,68.32167
0.0,0.33990473,113.087616
0.0,0.42970234,99.7861
0.0,0.50628316,67.19895
0.0,0.5677804,67.25613
0.0,0.36396784,77.65516
0.0,0.5979099,71.63888
0.0,0.6117236,133.5982
0.0,0.38466677,107.82658
0.0,0.5069993,76.631615
0.0,0.6053199,379.1803
0.0,0.3875863,101.53815
0.0,0.3458658,74.709526
0.0,0.4139845,148.29071
0.0,0.3452563,97.8743
0.0,0.6572503,134.10757
0.0,0.4331082,98.602875
0.0,0.6867927,74.96871
0.0,0.37717387,168.14546
0.0,0.46608785,90.80926
0.0,0.47496444,65.59481
0.0,0.5071477,124.88819
0.0,0.48590255,79.41257
0.0,0.42703244,134.2255
0.0,0.4247517,137.39816
0.0,0.49302933,195.3616
0.0,0.5129247,74.17401
0.0,0.48812854,303.23517
0.0,0.48810792,86.80024
0.0,0.35364398,71.70268
0.0,0.5224178,92.44339
0.0,0.48940098,102.98314
0.0,0.6717082,140.19624
0.0,0.44900846,131.51453
0.0,0.48826754,433.71094
0.0,0.5620799,231.07025
0.0,0.2589797,195.19415
0.0,0.3276455,85.88601
0.0,0.4518071,74.10917
0.0,0.35923406,88.6902
0.0,0.5433304,112.7616
0.0,0.36700657,73.61353
0.0,0.34229767,178.74327
0.0,0.4338791,87.797646
0.0,0.27257517,155.45291
0.0,0.6589898,297.6955
0.0,0.5430931,141.59276
0.0,0.35682294,74.67285
0.0,0.42717126,132.34991
0.0,0.48458934,121.951096
0.0,0.5224643,764.39606
0.0,0.4142936,87.17071
0.0,0.39529556,125.77494
0.0,0.33732197,102.8319
0.0,0.28488776,118.09611
0.0,0.49622124,85.61401
0.0,0.3704956,73.37339
0.0,0.30365935,103.85816
0.0,0.37899092,85.30852
0.0,0.5592776,246.74203
0.0,0.40331453,75.90612
0.0,0.4911808,130.19397
0.0,0.47503796,88.4307
0.0,0.49603894,71.59945
0.0,0.4639859,254.3461
0.0,0.5098837,88.33095
0.0,0.477255,245.1215
0.0,0.42689753,119.09366
0.0,0.49207938,71.63172
0.0,0.5735087,250.73543
0.0,0.31985262,198.23329
0.0,0.4566335,201.56216
0.0,0.41232747,89.23247
0.0,0.5263946,111.210106
0.0,0.39611438,145.9343
0.0,0.20872372,94.632614
0.0,0.41580853,95.59866
0.0,0.49413222,173.75366
0.0,0.40251288,104.71055
0.0,0.523541,76.40402
0.0,0.5608323,106.42188
0.0,0.3094214,87.40343
0.0,0.39086288,82.093185
0.0,0.9513523,628.96423
0.0,0.6779417,353.3894
0.0,0.37442702,66.71885
0.0,0.43752587,74.91539
0.0,0.4434617,140.11137
0.0,0.2852358,98.17687
0.0,0.52068275,65.83569
0.0,0.44016388,85.00063
0.0,0.4718843,71.42523
0.0,0.35719508,167.7886
0.0,0.49007902,70.933815
0.0,0.47859433,90.340614
0.0,0.37138867,70.21904
0.0,0.40024346,72.286736
0.0,0.37703145,77.7534
0.0,0.44025138,96.14171
0.0,0.4971284,94.53386
0.0,0.3358707,73.17017
0.0,0.37264204,1003.0328
0.0,0.39216894,182.85382
0.0,0.47413805,96.8973
0.0,0.46282464,75.91822
0.0,0.30896756,83.56928
0.0,0.5107275,75.430336
0.0,0.27448097,110.0353
0.0,0.3791703,85.2396
0.0,0.4038583,87.83916
0.0,0.32858762,97.02913
0.0,0.36743826,102.01093
0.0,0.40193793,96.2644
0.0,0.318198,171.14844
0.0,0.5178529,270.47076
0.0,0.50945127,65.963295
0.0,0.46727735,556.7149
0.0,0.5888537,106.960976
0.0,0.48239228,78.91565
0.0,0.34781826,76.35103
0.0,0.48496127,139.64757
0.0,0.35916013,70.093155
0.0,0.44357198,110.35623
0.0,0.41161102,542.3321
0.0,0.3788618,114.175476
0.0,0.3872141,88.72139
0.0,0.42526206,177.57509
0.0,0.5410526,97.523285
0.0,0.36284414,78.50281
0.0,0.43578985,77.5636
0.0,0.50011444,67.68846
0.0,0.46338814,74.79741
0.0,0.55346435,68.033066
0.0,0.5280492,127.58081
0.0,0.5782035,66.08464
0.0,0.3811193,875.8621
0.0,0.3325483,68.03579
0.0,0.40898353,78.64902
0.0,0.5038334,69.03121
0.0,0.45380002,77.66987
0.0,0.3869167,85.59232
0.0,0.48248014,66.82017
0.0,0.48989883,68.37142
0.0,0.53867906,139.69986
0.0,0.47085318,74.54669
0.0,0.48095703,67.422554
0.0,0.44479856,93.16416
0.0,0.2754829,138.70761
0.0,0.45567724,81.16129
0.0,0.45279703,72.53296
0.0,0.45251954,69.561386
0.0,0.48563328,77.13375
0.0,0.4940803,78.69076
0.0,0.48929885,166.03653
0.0,0.4571573,77.86902
0.0,0.33354387,75.20578
0.0,0.37416765,244.68791
0.0,0.34278566,161.0131
0.0,0.41731527,119.8087
0.0,0.34225634,147.02512
0.0,0.49704507,152.53127
0.0,0.56462437,75.95833
0.0,0.5089516,88.83997
0.0,0.32097524,75.359314
0.0,0.47857925,615.3711
0.0,0.4155812,134.0216
0.0,0.452366,85.393326
0.0,0.4371093,83.511566
0.0,0.4408662,390.96365
0.0,0.4505496,209.51202
0.0,0.485318,276.78403
0.0,0.2807192,106.31957
0.0,0.5758324,76.188736
0.0,0.26258877,84.78071
0.0,0.33954942,132.29005
0.0,0.56104475,88.03033
0.0,0.36994284,161.89458
0.0,0.4954845,160.70174
0.0,0.3778011,67.42825
0.0,0.34002224,150.10252
0.0,0.45502722,278.90283
0.0,0.45713514,100.43193
0.0,0.5150386,516.8864
0.0,0.3490106,120.008026
0.0,0.4751346,104.30281
0.0,0.33846498,79.85423
0.0,0.56766796,70.009026
0.0,0.36940455,76.17276
0.0,0.3038549,71.411476
0.0,0.41518915,66.183266
0.0,0.49836695,149.29256
0.0,0.3339868,93.1216
0.0,0.51811546,118.0254
0.0,0.49689776,101.78063
0.0,0.4376713,247.8365
0.0,0.4366528,111.42503
0.0,0.33012822,124.75519
0.0,0.56586736,82.76681
0.0,0.5108319,74.53098
0.0,0.4514349,245.31186
0.0,0.49609083,229.44252
0.0,0.4944208,89.22507
0.0,0.36697936,99.07766
0.0,0.424106,101.84301
0.0,0.37198874,303.20853
0.0,0.51508176,168.77544
0.0,0.32335365,87.90544
0.0,0.45450875,72.604744
0.0,0.25870925,109.69056
0.0,0.5318481,215.9398
0.0,0.40124938,66.1923
0.0,0.43710026,91.34916
0.0,0.43575808,112.720436
0.0,0.43351093,68.22314
0.0,0.4022695,87.86081
0.0,0.38613534,97.0706
0.0,0.50589305,76.06455
0.0,0.9990633,93.73122
0.0,0.49353403,102.04303
0.0,0.6634064,679.9285
0.0,0.49456897,82.48005
0.0,0.41586345,430.25897
0.0,0.44079003,82.57062
0.0,0.34476256,65.5897
0.0,0.5324395,68.85348
0.0,0.37188885,296.79166
0.0,0.34252703,73.55217
0.0,0.4846591,71.23025
0.0,0.38210034,83.686264
0.0,0.38218912,655.0028
0.0,0.34908065,71.71802
0.0,0.3381401,111.56716
0.0,0.4979685,118.12425
0.0,0.35605842,82.80403
0.0,0.5099533,66.45212
0.0,0.38211504,68.76133
0.0,0.5275956,320.84915
0.0,0.34892324,589.5591
0.0,0.27139914,350.05655
0.0,0.48863465,73.709045
0.0,0.27333048,112.44121
0.0,0.44567344,73.077446
0.0,0.57393485,162.01808
0.0,0.49284697,84.59957
0.0,0.38105512,185.81862
0.0,0.6197576,90.061134
0.0,0.38570324,92.128265
0.0,0.3796612,139.5061
0.0,0.38131055,80.42441
0.0,0.4855358,65.36615
0.0,0.36377618,165.91943
0.0,0.48668647,84.170555
0.0,0.3750444,66.948494
0.0,0.32289234,81.1526
0.0,0.45733756,94.34783
0.0,0.6221469,76.13597
0.0,0.4437784,96.1053
0.0,0.5205466,111.74155
0.0,0.47496444,69.997635
0.0,0.4867033,95.36677
0.0,0.36560208,84.1481
0.0,0.49173218,124122.39
0.0,0.37141046,91.66469
0.0,0.49678475,69.5333
0.0,0.3991959,80.37868
0.0,0.426051,514.6965
0.0,0.5243067,105.920456
0.0,0.43452564,120.568665
0.0,0.3857144,96.76388
0.0,0.2935913,110.53947
0.0,0.46037596,111.47092
0.0,0.4353193,183.24684
0.0,0.5529166,123.63363
0.0,0.4065827,164.59552
0.0,0.40326557,93.02089
0.0,0.5182199,66.61685
0.0,0.48091334,197.98402
0.0,0.42100593,237.60728
0.0,0.48740804,167.03424
0.0,0.5138791,148.08408
0.0,0.4849911,241.54921
0.0,0.460941,108.88792
0.0,0.5423008,81.27539
0.0,0.3800646,76.633255
0.0,0.26749593,77.6344
0.0,0.42340878,257.869
0.0,0.45318195,179.07358
0.0,0.47169444,66.319
0.0,0.35389918,108.32347
0.0,0.38955584,147.29204
0.0,0.49207193,115.07173
0.0,0.4538446,171.96092
0.0,0.36899313,83.8736
0.0,0.55866534,77.746445
0.0,0.39091247,227.2337
0.0,0.4878548,87.20565
0.0,0.37273133,109.64215
0.0,0.4686452,141.49376
0.0,0.56803614,67.24483
0.0,0.4613869,69.79377
0.0,0.49499127,68.85639
0.0,0.5012115,427.8832
0.0,0.48257083,121.8578
0.0,0.40229952,438.83868
0.0,0.49520394,122.68443
0.0,0.43591887,65.04122
0.0,0.581297,82.02763
0.0,0.40388784,65.26532
0.0,0.37186885,79.23226
0.0,0.49798924,105.67924
0.0,0.5581454,87.11564
0.0,0.45476905,273.0808
0.0,0.5257248,78.75392
0.0,0.49670509,138.95364
0.0,0.487188,99.85079
0.0,0.41927844,239.74011
0.0,0.4947169,108.90071
0.0,0.27362132,133.05292
0.0,0.7125208,151.08327
0.0,0.48701537,67.03144
0.0,0.33975145,68.19956
0.0,0.34242952,78.950836
0.0,0.35873377,225.774
0.0,0.40657768,81.99216
0.0,0.42718998,447.8343
0.0,0.45454535,78.821526
0.0,0.52164155,131.79466
0.0,0.75114954,292.2317
0.0,0.43831182,244.95657
0.0,0.3489134,74.108315
0.0,0.40120417,512.7702
0.0,0.34115502,84.12131
0.0,0.42444175,83.544304
0.0,0.5054961,67.335846
0.0,0.4052233,460.45078
0.0,0.34150776,65.9651
0.0,0.5676814,87.263016
0.0,0.56684256,145.782
0.0,0.75878793,278.35507
0.0,0.3653039,159.1892
0.0,0.5060356,372.97488
0.0,0.27435863,122.53514
0.0,0.40034208,84.33172
0.0,0.49232492,90.19519
0.0,0.4280429,211.3219
0.0,0.3936569,65.485
0.0,0.5021107,75.29336
0.0,0.3473645,85.9297
0.0,0.48846224,141.28055
0.0,0.5799397,415.24963
0.0,0.36473295,87.288506
0.0,0.57037693,66.6623
0.0,0.521309,85.07393
0.0,0.3922087,66.820786
0.0,0.39075363,183.68053
0.0,0.43310276,89.59507
0.0,0.52962387,68.39083
0.0,0.4822411,72.885086
0.0,0.4934596,108.55559
0.0,0.4383981,115.10629
0.0,0.38731477,81.06506
0.0,0.4231381,67.52768
0.0,0.5213249,66.83663
0.0,0.3413695,72.01951
0.0,0.29184857,107.322
0.0,0.3685346,97.92028
0.0,0.5395342,89.99518
0.0,0.58110994,66.98787
0.0,0.44668993,93.969475
0.0,0.50228775,120.16413
0.0,0.5387431,110.14687
0.0,0.43956578,85.071335
0.0,0.43448865,107.49831
0.0,0.42343122,521.79767
0.0,0.4277615,88.84619
0.0,0.51250416,65.656944
0.0,0.3494451,140.99548
0.0,0.41659117,120.08058
0.0,0.5082753,96.289185
0.0,0.42498565,95.79231
0.0,0.77513134,470.2491
0.0,0.47511137,132.84177
0.0,0.38906503,87.78704
0.0,0.47587076,66.66503
0.0,0.45870546,89.50152
0.0,0.47810474,86.05424
0.0,0.45746136,364.2363
0.0,0.40168014,80.85952
0.0,0.42574465,399.6469
0.0,0.4224634,306.37057
0.0,0.42851,135.19101
0.0,0.44467315,70.97098
0.0,0.65068394,103.86489
0.0,0.49106535,79.10112
0.0,0.55110794,81.85912
0.0,0.54251784,68.13613
0.0,0.28727517,289.26212
0.0,0.48615384,238.76175
0.0,0.45702755,537.18604
0.0,0.4524304,253.30115
0.0,0.4125748,68.734436
0.0,0.45977673,132.34991
0.0,0.42185456,456.38696
0.0,0.41902906,65.345665
0.0,0.50228286,88.11378
0.0,0.42786744,68.811195
0.0,0.42279837,89.1891
0.0,0.74383014,234.94899
0.0,0.71351606,86.701225
0.0,0.4175116,105.51646
0.0,0.35202,88.50646
0.0,0.42935935,97.552765
0.0,0.42078355,109.698326
0.0,0.36590558,384.68094
0.0,0.44858953,77.20967
0.0,0.49929267,67.33838
0.0,0.5186232,66.30937
0.0,0.3859662,101.4348
0.0,0.4528147,77.352516
0.0,0.5072511,86.46395
0.0,0.48155537,187.78334
0.0,0.48155537,187.78334
0.0,0.4048068,133.75098
0.0,0.43927506,66.14023
0.0,0.37834674,139.23204
0.0,0.48872894,80.49453
0.0,0.37669852,191.33853
0.0,0.32555348,179.04997
0.0,0.45390493,81.073654
0.0,0.44967663,76.14575
0.0,0.49111226,170.83116
0.0,0.35202518,545.0141
0.0,0.38484105,280.8045
0.0,0.384841,280.8045
0.0,0.41513762,122.773636
0.0,0.45305437,80.6228
0.0,0.45280325,73.35708
0.0,0.4799939,178.86096
0.0,0.43417048,179.2823
0.0,0.24011512,328.77054
0.0,0.28951713,239.4539
0.0,0.541818,95.7749
0.0,0.541818,95.7749
0.0,0.47496444,76.810196
0.0,0.56598973,571.85864
0.0,0.33751,280.52084
0.0,0.35681126,84.655235
0.0,0.36638084,192.8894
0.0,0.4818291,100.87448
0.0,0.4583673,74.81416
0.0,0.33786547,68.821625
0.0,0.3835117,82.44872
0.0,0.29350862,73.74027
0.0,0.47071582,78.79279
0.0,0.47599265,65.59244
0.0,0.45613146,72.7644
0.0,0.5853545,90.90176
0.0,0.31503522,79.26548
0.0,0.4953337,69.812485
0.0,0.51536936,90.23826
0.0,0.48954597,82.40397
0.0,0.4656134,369.8518
0.0,0.3282476,98.3962
0.0,0.45205173,84.35638
0.0,0.38937017,140.05232
0.0,0.41531372,146.32425
0.0,0.48569122,141.15216
0.0,0.44317132,91.28048
0.0,0.40198305,97.7137
0.0,0.379724,71.20554
0.0,0.47496444,86.36887
0.0,0.448359,91.184845
0.0,0.38207525,129.53174
0.0,0.49289224,86.547104
0.0,0.34591824,275.9755
0.0,0.39619896,320.03433
0.0,0.40905622,79.74362
0.0,0.39886668,87.90983
0.0,0.2972803,98.79791
0.0,0.511582,238.05852
0.0,0.51682526,124.2095
0.0,0.508223,103.81632
0.0,0.3768262,131.06708
0.0,0.495075,72.444176
0.0,0.41081837,84.231224
0.0,0.46403432,435.25534
0.0,0.45673117,173.27386
0.0,0.35374922,143.78178
0.0,0.28187415,75.86248
0.0,0.38115588,417.40308
0.0,0.37023288,161.27187
0.0,0.38090664,126.385414
0.0,0.35874447,78.578476
0.0,0.32632065,182.32516
0.0,0.45645583,169.831
0.0,0.41391727,75.152534
0.0,0.23851897,106.90456
0.0,0.48944446,79.44531
0.0,0.5094159,101.095795
0.0,0.30933276,131.21005
0.0,0.41760853,123.85625
0.0,0.43237737,113.85895
0.0,0.39769584,495.8422
0.0,0.407712,75.56025
0.0,0.4029975,114.08056
0.0,0.46185267,106.42439
0.0,0.40371713,95.94309
0.0,0.53472054,91.25688
0.0,0.28910422,89.87429
0.0,0.42549598,141.11707
0.0,0.43914953,128.11226
0.0,0.3637928,74.30679
0.0,0.37579563,303.71265
0.0,0.6006897,301.92554
0.0,0.5389531,126.196075
0.0,0.36641535,141.1868
0.0,0.56987447,67.2814
0.0,0.42455792,70.76567
0.0,0.50088096,196.9653
0.0,0.34744605,66.87616
0.0,0.42175245,189.83493
0.0,0.3798599,103.66255
0.0,0.49660042,89.39167
0.0,0.44009635,160.0627
0.0,0.6033987,65.747185
0.0,0.37716237,105.93825
0.0,0.37792125,84.15627
0.0,0.5087114,68.04785
0.0,0.30717093,376.79498
0.0,0.5889089,77.63232
0.0,0.37781683,72.535904
0.0,0.50023866,81.76101
0.0,0.32270974,67.02042
0.0,0.3456371,84.4496
0.0,0.4493862,70.78574
0.0,0.3663462,127.64407
0.0,0.4502357,79.36262
0.0,0.31596747,79.85573
0.0,0.44108656,99.75721
0.0,0.29637912,185.87616
0.0,0.4107818,258.0375
0.0,0.486254,88.55934
0.0,0.4127511,95.40154
0.0,0.455113,214.89758
0.0,0.37811014,67.943504
0.0,0.539408,71.93212
0.0,0.38434467,81.82614
0.0,0.395538,174.18755
0.0,0.39105082,131.41342
0.0,0.38154912,84.92666
0.0,0.35577703,355.13196
0.0,0.50054127,147.10553
0.0,0.37646848,92.760864
0.0,0.35672802,67.94216
0.0,0.3836247,115.65241
0.0,0.37499622,102.58927
0.0,0.47093433,93.21473
0.0,0.44570366,148.04083
0.0,0.47658256,99.29023
0.0,0.47087732,135.42552
0.0,0.4394756,69.53884
0.0,0.5057723,136.21266
0.0,0.27388874,294.71292
0.0,0.3899983,77.39903
0.0,0.45371264,200.02248
0.0,0.3350161,913.8131
0.0,0.38057378,230.9982
0.0,0.35667932,72.01346
0.0,0.3335384,136.56255
0.0,0.32242563,66.03887
0.0,0.52612877,443.875
0.0,0.33671486,106.567696
0.0,0.41913232,90.46506
0.0,0.35211945,102.36902
0.0,0.33063483,82.49305
0.0,0.4789257,85.33208
0.0,0.605222,244.56517
0.0,0.32158035,148.42812
0.0,0.22391647,287.25128
0.0,0.47199434,148.8642
0.0,0.3288261,377.6712
0.0,0.47983128,175.18826
0.0,0.42836726,74.4163
0.0,0.45467025,90.883415
0.0,0.5149533,951.0708
0.0,0.40427807,106.52956
0.0,0.43014303,106.162506
0.0,0.35617274,72.29059
0.0,0.36383516,107.8682
0.0,0.4488157,85.15874
0.0,0.48850244,147.80396
0.0,0.33012077,84.5194
0.0,0.4933556,134.92995
0.0,0.47995213,74.21476
0.0,0.51291424,72.54998
0.0,0.5793675,67.76883
0.0,0.4606341,70.82945
0.0,0.41937792,89.763145
0.0,0.43817848,67.48565
0.0,0.3440767,70.36057
0.0,0.35874924,68.63177
0.0,0.46659136,552.3601
0.0,0.47521192,314.68732
0.0,0.41843602,76.0492
0.0,0.35260203,88.098854
0.0,0.41629443,292.0941
0.0,0.32407498,137.80078
0.0,0.35598418,75.75638
0.0,0.5063921,75.36674
0.0,0.4661725,72.13455
0.0,0.37227,101.88377
0.0,0.31864306,76.71789
0.0,0.5131903,73.30776
0.0,0.35095584,75.53348
0.0,0.36522815,563.254
0.0,0.44434816,140.01726
0.0,0.47156364,454.4753
0.0,0.57793844,80.2025
0.0,0.48190472,77.23244
0.0,0.5102852,76.961685
0.0,0.27277848,562.06635
0.0,0.5143361,96.15052
0.0,0.47496444,85.505646
0.0,0.40149084,128.985
0.0,0.3226107,96.49196
0.0,0.5792355,157.44937
0.0,0.50349474,66.93298
0.0,0.3961941,68.265434
0.0,0.39164934,67.53372
0.0,0.4333889,438.44617
0.0,0.5112776,180.36208
0.0,0.34123775,95.49874
0.0,0.40716836,128.96114
0.0,0.43585393,66.25906
0.0,0.41153786,69.985054
0.0,0.3812292,97.04199
0.0,0.45283154,96.199524
0.0,0.48558,97.24972
0.0,0.47496444,104.74424
0.0,0.32238793,122.73219
0.0,0.40075198,174.81445
0.0,0.41099018,83.141975
0.0,0.49864528,83.182465
0.0,0.42862222,893.7999
0.0,0.42360297,88.894806
0.0,0.39640313,65.50077
0.0,0.5335764,85.87061
0.0,0.45971575,268.71237
0.0,0.37697536,311.92078
0.0,0.5571093,89.80435
0.0,0.41928205,73.220406
0.0,0.4732304,67.3435
0.0,0.3689187,86.894325
0.0,0.47776067,72.19651
0.0,0.3403633,255.04843
0.0,0.46715412,169.48601
0.0,0.43717444,106.66825
0.0,0.39458734,85.69981
0.0,0.4870398,112.72254
0.0,0.32154974,151.41457
0.0,0.5512744,196.9291
0.0,0.4447155,72.21451
0.0,0.4278327,79.04572
0.0,0.48677883,179.3588
0.0,0.534897,121.83827
0.0,0.38875997,108.33394
0.0,0.37353155,80.07157
0.0,0.32953265,70.86282
0.0,0.48706722,642.6543
0.0,0.49059287,65.277824
0.0,0.42987323,209.76498
0.0,0.45476204,286.2908
0.0,0.47496444,89.83098
0.0,0.3205204,428.78876
0.0,0.47577113,330.87924
0.0,0.34079894,69.60797
0.0,0.42251432,69.25047
0.0,0.3832777,87.1574
0.0,0.30128205,97.645004
0.0,0.36405095,69.70858
0.0,0.4512351,81.82637
0.0,0.20619501,556.29974
0.0,0.60948163,78.34413
0.0,0.46687382,115.97425
0.0,0.422783,89.10666
0.0,0.53526056,74.37168
0.0,0.5060139,91.6143
0.0,0.5071548,122.01605
0.0,0.47978368,247.37625
0.0,0.37280026,175.62689
0.0,0.5686873,76.81382
0.0,0.4284365,225.32205
0.0,0.37840644,76.74183
0.0,0.44815528,148.57126
0.0,0.44518375,85.54267
0.0,0.47690412,79.6778
0.0,0.3707708,67.44891
0.0,0.324244,189.0381
0.0,0.4871483,95.5749
0.0,0.40432397,117.07812
0.0,0.49797726,105.6967
0.0,0.48477036,80.347374
0.0,0.5351718,96.61281
0.0,0.3655051,120.77781
0.0,0.49218783,141.06207
0.0,0.37018088,344.3153
0.0,0.29264465,122.3953
0.0,0.692377,106.553825
0.0,0.53052765,68.89175
0.0,0.30831137,604.7238
0.0,0.59454226,104.38403
0.0,0.47263384,84.64933
0.0,0.40691176,205.77863
0.0,0.5184415,86.34385
0.0,0.4477534,101.48582
0.0,0.507633,86.44183
0.0,0.5378662,84.51031
0.0,0.4795699,103.813866
0.0,0.3570512,102.21807
0.0,0.23468852,349.68353
0.0,0.50264686,284.60107
0.0,0.4950228,131.85004
0.0,0.5564207,74.762024
0.0,0.48190263,287.45258
0.0,0.49099568,113.58431
0.0,0.3772085,101.7946
0.0,0.4517468,67.06381
0.0,0.50180006,245.42918
0.0,0.57540333,78.65204
0.0,0.6016068,67.03045
0.0,0.3681099,191.78958
0.0,0.58586156,81.986176
0.0,0.30695054,151.2999
0.0,0.57222646,81.32618
0.0,0.3290336,159.18666
0.0,0.50055736,98.524414
0.0,0.3338736,294.07034
0.0,0.5059144,72.55506
0.0,0.2858982,124.11388
0.0,0.3350136,125.19593
0.0,0.39141926,78.57837
0.0,0.41624016,149.51819
0.0,0.36352497,71.87082
0.0,0.46009618,170.43959
0.0,0.4938583,65.66421
0.0,0.27011785,95.346954
0.0,0.42322743,66.32277
0.0,0.47270447,73.55445
0.0,0.33892298,193.66556
0.0,0.4028605,73.28145
0.0,0.4845284,69.54002
0.0,0.49144647,103.56608
0.0,0.4243632,352.74283
0.0,0.6292462,69.25059
0.0,0.47760096,100.97887
0.0,0.43554384,104.25077
0.0,0.4690527,73.96027
0.0,0.35055244,71.551506
0.0,0.45373023,66.22199
0.0,0.36380833,76.80828
0.0,0.607879,163.17975
0.0,0.49141446,76.94145
0.0,0.28956342,153.57196
0.0,0.36106154,357.93402
0.0,0.49778223,77.77825
0.0,0.49456337,67.13551
0.0,0.5089513,68.71044
0.0,0.52043986,83.11204
0.0,0.487829,66.99361
0.0,0.6334472,475.4295
0.0,0.4226763,139.18849
0.0,0.48623005,102.68377
0.0,0.47521767,136.1835
0.0,0.30246162,93.901024
0.0,0.3138423,66.80474
0.0,0.4228742,69.17172
0.0,0.45758793,92.01499
0.0,0.33530548,71.96662
0.0,0.44459802,65.13868
0.0,0.30182743,86.13818
0.0,0.34757957,215.39708
0.0,0.44095546,68.85034
0.0,0.48045248,110.18322
0.0,0.5132303,70.98046
0.0,0.3769571,117.04046
0.0,0.36690623,71.28422
0.0,0.45105454,106.86519
0.0,0.48264042,98.2922
0.0,0.35093692,136.48296
0.0,0.4170284,82.25087
0.0,0.29034278,107.1181
0.0,0.3668104,148.12294
0.0,0.316092,78.84591
0.0,0.336121,71.81969
0.0,0.5274423,68.957466
0.0,0.48551765,92.09969
0.0,0.5155689,273.32724
0.0,0.5096121,74.49464
0.0,0.43827775,262.19714
0.0,0.47430357,136.93077
0.0,0.32925045,77.64084
0.0,0.3756103,113.38713
0.0,0.49082837,67.19536
0.0,0.5020197,74.85747
0.0,0.4577554,168.99702
0.0,0.34428695,116.45172
0.0,0.5125407,84.196754
0.0,0.47496444,73.798935
0.0,0.51832694,92.63445
0.0,0.40721917,71.33148
0.0,0.42936403,72.380295
0.0,0.42365423,154.02951
0.0,0.51091564,66.42695
0.0,0.6528672,668.1085
0.0,0.41438195,104.31764
0.0,0.27446145,124.83089
0.0,0.37814972,239.54936
0.0,0.48855,70.14494
0.0,0.47496444,103.84237
0.0,0.49790797,77.35523
0.0,0.39827472,149.74121
0.0,0.42378923,70.15644
0.0,0.49814996,79.95717
0.0,0.35951832,108.752846
0.0,0.46618554,67.009254
0.0,0.4761221,70.91186
0.0,0.33724588,118.60262
0.0,0.48704913,110.02552
0.0,0.43879417,66.70186
0.0,0.4998758,109.004845
0.0,0.50405735,83.96674
0.0,0.46750784,99.45812
0.0,0.4714871,222.44142
0.0,0.4026588,92.34048
0.0,0.43745404,84.67917
0.0,0.5634974,132.27684
0.0,0.49200013,66.904366
0.0,0.5457949,101.92451
0.0,0.38822466,552.5005
0.0,0.49964365,172.948
0.0,0.3524683,87.621994
0.0,0.2950652,84.61525
0.0,0.34697074,401.04803
0.0,0.35436335,261.01218
0.0,0.599732,195.67116
0.0,0.44750795,69.78926
0.0,0.39598274,97.11927
0.0,0.46580848,99.14992
0.0,0.46657616,79.17993
0.0,0.35202128,68.5682
0.0,0.44987285,90.88603
0.0,0.3400546,74.1878
0.0,0.35734951,109.43349
0.0,0.3384733,78.96208
0.0,0.541054,359.85855
0.0,0.4213318,163.1766
0.0,0.47632033,72.383255
0.0,0.47058052,73.616745
0.0,0.32934555,70.11188
0.0,0.46535447,77.30168
0.0,0.46015546,76.05447
0.0,0.4053449,76.425125
0.0,0.46543854,66.74832
0.0,0.23370428,250.33437
0.0,0.32954785,73.94651
0.0,0.37264836,94.065636
0.0,0.54313654,109.01914
0.0,0.37195927,411.87384
0.0,0.46064395,71.76378
0.0,0.49741003,69.96626
0.0,0.4420926,92.77899
0.0,0.43686184,123.90304
0.0,0.43742573,145.5748
0.0,0.28213525,441.6611
0.0,0.46609965,65.86736
0.0,0.36501577,213.93013
0.0,0.50916,124.28945
0.0,0.38291857,66.95884
0.0,0.4345406,226.75555
0.0,0.49588576,90.4588
0.0,0.40252966,75.57606
0.0,0.4672708,79.73158
0.0,0.4174001,197.89699
0.0,0.48434883,86.625534
0.0,0.34770098,75.8685
0.0,0.41020873,493.25568
0.0,0.46501055,82.59093
0.0,0.53545195,208.3165
0.0,0.42803618,74.91147
0.0,0.44604406,253.10225
0.0,0.2374107,237.73424
0.0,0.4563254,72.916885
0.0,0.29298854,590.1465
0.0,0.49950814,66.623726
0.0,0.38243645,79.0125
0.0,0.29020065,107.63874
0.0,0.4215466,65.43178
0.0,0.60999,133.80827
0.0,0.4432773,481.59402
0.0,0.38176173,67.433395
0.0,0.46023735,113.23299
0.0,0.49812606,73.21387
0.0,0.5618534,79.16293
0.0,0.44110256,73.22064
0.0,0.34793353,117.154755
0.0,0.43853316,115.0711
0.0,0.39803883,118.021835
0.0,0.3719469,78.156425
0.0,0.3800186,68.0565
0.0,0.28900096,80.12918
0.0,0.5159328,93.47921
0.0,0.3920301,136.54883
0.0,0.67516243,498.96716
0.0,0.47035244,113.23137
0.0,0.47877887,176.6702
0.0,0.41312462,242.99321
0.0,0.48361033,66.83634
0.0,0.29039007,717.8155
0.0,0.40233722,76.82918
0.0,0.48492628,120.05962
0.0,0.40343213,95.1497
0.0,0.43436086,267.90326
0.0,0.44387072,68.11696
0.0,0.4696318,203.01115
0.0,0.4858532,101.20691
0.0,0.3096638,71.14371
0.0,0.45303464,138.27919
0.0,0.65233004,76.18439
0.0,0.8395598,133.34518
0.0,0.61218035,95.95668
0.0,0.51402265,246.37982
0.0,0.47272003,9.910176e+08
0.0,0.4727201,9.910176e+08
0.0,0.51866204,3.6282456e+07
0.0,0.48050883,280.31827
0.0,0.4840976,144.70781
0.0,0.8393615,2.3106504e+08
0.0,0.58956677,3.214599e+07
0.0,0.5592648,92.71896
0.0,0.5592648,92.71896
0.0,0.48948294,2413.1274
0.0,0.5245128,74.02769
0.0,0.6179567,815.8183
0.0,0.5624415,96.90868
0.0,0.62026095,226.81618
0.0,0.5651813,472855.44
0.0,0.63770074,5.440653e+09
0.0,0.5193731,1.1131523e+07
0.0,0.2749651,1675.7816
0.0,0.5255449,87.415085
0.0,0.51753545,576.62103
0.0,0.62392557,102.943855
0.0,0.508211,566544.94
0.0,0.5419584,2005.8328
0.0,0.5419584,2005.8328
0.0,0.64938855,87.792656
0.0,0.5354928,8.706778e+06
0.0,0.58399403,371.21936
0.0,0.62221646,38715.246
0.0,0.67131895,508.83426
0.0,0.22997674,245.04105
0.0,0.68316406,66.64209
0.0,0.58796465,1901.7163
0.0,0.72035235,88.60092
0.0,0.60417116,1.7559286e+08
0.0,0.708478,5.6063304e+07
0.0,0.44224194,1.5305746e+06
0.0,0.49997342,145.7592
0.0,0.5149309,57154.324
0.0,0.60693693,22882.465
0.0,0.74278164,175.19595
0.0,0.54747,757531.56
0.0,0.6310886,246.24635
0.0,0.73142856,98.589455
0.0,0.58854556,22511.73
0.0,0.6402462,87.8762
0.0,0.62564707,93381.66
0.0,0.5178485,171.23245
0.0,0.74537474,153.73334
0.0,0.55983853,182.5878
0.0,0.41760135,231.69101
0.0,0.8527132,1248.8168
0.0,0.5541427,1.7646258e+10
0.0,0.57365274,94.984436
0.0,0.48741987,68.924805
0.0,0.6178633,402.72546
0.0,0.848438,308.01822
0.0,0.5552731,174.29784
0.0,0.47496444,80.375435
0.0,0.49784178,158.76425
0.0,0.5110236,85.05207
0.0,0.65185124,147.08574
0.0,0.7745737,460.8759
0.0,0.48173264,210.24701
0.0,0.9655466,140.99263
0.0,0.5427187,254.78029
0.0,0.4708627,4211.764
0.0,0.69418985,127.32277
0.0,0.5225212,889.89874
0.0,0.50603557,6949.801
0.0,0.7256981,141.63016
0.0,0.513025,18983.053
0.0,0.535652,1.104506e+11
0.0,0.5743903,125.92576
0.0,0.5177591,411.04712
0.0,0.49249822,30163.1
0.0,0.76297194,65.38474
0.0,0.5481245,88.01022
0.0,0.5062887,69.66887
0.0,0.62602055,393.47342
0.0,0.5165642,9.505102e+08
0.0,0.736018,90.47964
0.0,0.5240934,50197.457
0.0,0.5106161,79.04798
0.0,0.59137523,3.0005212e+07
0.0,0.61694616,99.49878
0.0,0.17007594,27635.377
0.0,0.6356124,3.8726557e+08
0.0,0.5234638,2815.3013
0.0,0.5881006,190.06047
0.0,0.51151377,6.1828976e+07
0.0,0.4383601,1271.1193
0.0,0.5585331,69.815285
0.0,0.54550606,151.00888
0.0,0.5562319,2243.806
0.0,0.6442782,163.8369
0.0,0.48347163,195.11252
0.0,0.48646802,76.44128
0.0,0.5172544,1.1975373e+08
0.0,0.6900692,107.49884
0.0,0.6779476,148.02937
0.0,0.62714994,1.1571986e+09
0.0,0.54655683,3.7691415e+06
0.0,0.5900536,74.49819
0.0,0.50650555,278.8402
0.0,0.46691138,1522.6641
0.0,0.635356,289.17685
0.0,0.6631701,8.490926e+06
0.0,0.60692984,116.960236
0.0,0.4948846,4.7628084e+07
0.0,0.5203861,21041.34
0.0,0.5033585,77.78914
0.0,0.57913125,70.90876
0.0,0.54189557,21182.736
0.0,0.54189557,21182.736
0.0,0.6053039,86.45493
0.0,0.5269072,12366.072
0.0,0.50523424,818.98413
0.0,0.5348061,1.0804e+06
0.0,0.5348061,1.0804e+06
0.0,0.37568045,1.5361944e+08
0.0,0.70055103,182.28413
0.0,0.4541087,83.63117
0.0,0.56141675,72.355
0.0,0.47496444,4757.169
0.0,0.60262877,150.32832
0.0,0.60542893,95.07477
0.0,0.6849733,96.37549
0.0,0.6030907,74.64707
0.0,0.13237754,130.09203
0.0,0.54274005,74.773476
0.0,0.5653701,135.11852
0.0,0.7863626,1604.1202
0.0,0.5337349,143.21758
0.0,0.64304125,981.84894
0.0,0.6544107,140.29341
0.0,0.61439526,115.97667
0.0,0.5705287,1.3567078e+10
0.0,0.5971556,130.30188
0.0,0.5678652,239.04753
0.0,0.56687045,210.52132
0.0,0.5286853,108.51244
0.0,0.5420646,4.5892854e+08
0.0,0.6110592,99.589935
0.0,0.58742917,75.310036
0.0,0.59642,1197.9382
0.0,0.83498204,67.77439
0.0,0.49816823,67.58292
0.0,0.59666383,176.98842
0.0,0.62524164,65.332535
0.0,0.48141155,514.54987
0.0,0.7497222,91.87765
0.0,0.50230616,28267.615
0.0,0.58327144,246.9323
0.0,0.54134625,74.962685
0.0,0.53921944,107.05267
0.0,0.52591753,8.2928085e+06
0.0,0.99119264,61612.055
0.0,0.9981731,102.72064
0.0,0.9981731,102.72064
0.0,0.49318862,65.052895
0.0,0.47927377,79.63924
0.0,0.67899936,1083.3232
0.0,0.55995244,99.82854
0.0,0.61802685,132.53859
0.0,0.51944053,73.00928
0.0,0.43579024,24843.22
0.0,0.83035344,71.561584
0.0,0.6320729,126.74965
0.0,0.591398,105.05643
0.0,0.47496444,2.6240378e+12
0.0,0.47384784,3.7256356e+10
0.0,0.536183,1773.4186
0.0,0.13481027,68966.21
0.0,0.4894111,131.91425
0.0,0.49831885,67.36372
0.0,0.3948863,71.95487
0.0,0.58802456,93.25215
0.0,0.3560447,112.23239
0.0,0.47292843,73.762985
0.0,0.5100444,70.02686
0.0,0.4177272,172.37585
0.0,0.40606585,704.6545
0.0,0.5885429,454.11493
0.0,0.4453145,89.336525
0.0,0.42740405,131.89491
0.0,0.43797863,66.793175
0.0,0.23842669,81.7807
0.0,0.45726687,137.58006
0.0,0.38136485,128.29715
0.0,0.49120682,69.47359
0.0,0.49111858,82.21464
0.0,0.23650599,442.85175
0.0,0.47496444,113.63745
0.0,0.40216306,66.15368
0.0,0.50991285,98.46283
0.0,0.49075627,68.38385
0.0,0.39150995,113.09438
0.0,0.4073957,73.16684
0.0,0.5075453,108.952675
0.0,0.33848846,226.96204
0.0,0.5712515,79.84626
0.0,0.34756935,961.8753
0.0,0.48071694,99.70511
0.0,0.34695157,76.76174
0.0,0.49439853,625.42706
0.0,0.43174967,80.70679
0.0,0.43268046,82.6039
0.0,0.5283262,97.85158
0.0,0.34674016,82.72824
0.0,0.34569374,190.58739
0.0,0.3224738,84.54428
0.0,0.58232415,410.0892
0.0,0.4540203,386.7852
0.0,0.41800588,80.5705
0.0,0.35905623,85.98876
0.0,0.28723735,110.02352
0.0,0.36448798,85.5958
0.0,0.4657196,73.81635
0.0,0.39018342,84.4909
0.0,0.4869188,290.20358
0.0,0.32682544,105.53482
0.0,0.48678726,79.573685
0.0,0.495551,1257.0232
0.0,0.33981088,83.90173
0.0,0.468458,141.5006
0.0,0.47422972,67.44702
0.0,0.48539242,77.41862
0.0,0.3811646,164.75336
0.0,0.38697904,180.95586
0.0,0.59101176,232.99509
0.0,0.37659824,195.80666
0.0,0.5349501,148.52527
0.0,0.33942643,67.18173
0.0,0.38450497,87.13468
0.0,0.3013821,76.62261
0.0,0.3340999,87.77863
0.0,0.5187892,70.20146
0.0,0.47855255,103.28202
0.0,0.48581824,115.04779
0.0,0.40033597,190.10847
0.0,0.30076456,136.23831
0.0,0.5704273,186.02469
0.0,0.9566606,96.26194
0.0,0.4156141,79.0507
0.0,0.41163024,66.31946
0.0,0.28879085,334.9409
0.0,0.35716745,128.47229
0.0,0.49306235,102.919044
0.0,0.38197488,152.22034
0.0,0.4853777,98.877754
0.0,0.49892893,83.08544
0.0,0.34512824,162.67583
0.0,0.46524018,65.715706
0.0,0.49270344,132.67662
0.0,0.42717782,76.133545
0.0,0.4699527,70.71133
0.0,0.501321,75.561806
0.0,0.50838244,599.5104
0.0,0.29287088,106.29011
0.0,0.40624082,106.28795
0.0,0.38434362,119.01092
0.0,0.52002275,227784.88
0.0,0.5200228,227784.88
0.0,0.45699862,74.694824
0.0,0.3033707,113.57035
0.0,0.52471715,76.38029
0.0,0.4688598,68.00285
0.0,0.4055659,80.54857
0.0,0.41791797,199.55962
0.0,0.2686037,114.75574
0.0,0.42525744,73.03906
0.0,0.2849065,70.44508
0.0,0.30731988,130.66182
0.0,0.38747624,258.1605
0.0,0.44347832,81.570854
0.0,0.33943543,71.69855
0.0,0.44183728,72.202614
0.0,0.5427063,251.11093
0.0,0.38591182,237.78592
0.0,0.522797,247.60191
0.0,0.38687202,205.37268
0.0,0.5091488,69.798615
0.0,0.4756781,229.93985
0.0,0.37880972,74.43136
0.0,0.597098,76.781654
0.0,0.47727847,97.72282
0.0,0.36196774,113.567604
0.0,0.4953603,93.686455
0.0,0.40212652,67.332115
0.0,0.3471002,65.33365
0.0,0.49777582,88.75198
0.0,0.59161043,77.74606
0.0,0.39858004,73.962975
0.0,0.47520503,79.716965
0.0,0.40320277,94.25496
0.0,0.34941003,80.2228
0.0,0.5653837,77.63108
0.0,0.5396868,177.00562
0.0,0.446283,237.21654
0.0,0.4613796,72.14041
0.0,0.50040185,150.65457
0.0,0.41736487,91.87593
0.0,0.30737624,108.37956
0.0,0.42213637,112.284836
0.0,0.45104593,82.54333
0.0,0.50444233,76.694496
0.0,0.3293052,82.540794
0.0,0.47874752,65.71062
0.0,0.49594036,67.59682
0.0,0.3778132,115.25077
0.0,0.4529932,136.87448
0.0,0.42876926,592.1966
0.0,0.44850492,74.39998
0.0,0.44487494,169.10617
0.0,0.5128024,114.4092
0.0,0.5026431,67.999344
0.0,0.63571393,4837.2593
0.0,0.526131,70.328
0.0,0.41660282,748.95123
0.0,0.37985793,83.682495
0.0,0.48884925,148.25815
0.0,0.40092012,66.03137
0.0,0.2740441,67.0971
0.0,0.51171106,123.133675
0.0,0.511711,123.133675
0.0,0.36891598,70.97513
0.0,0.45296425,297.71707
0.0,0.46586618,107.51224
0.0,0.4254152,72.902016
0.0,0.4903443,67.26956
0.0,0.4394976,68.36938
0.0,0.45600948,67.96512
0.0,0.36160213,300.84216
0.0,0.3492106,82.790436
0.0,0.29937387,101.364655
0.0,0.58453923,80.517044
0.0,0.54923415,67.22054
0.0,0.5279861,73.21134
0.0,0.34428284,81.00834
0.0,0.35864943,87.6434
0.0,0.5088174,88.97844
0.0,0.4706553,74.82121
0.0,0.48220617,237.48366
0.0,0.3511722,124.82054
0.0,0.22628076,328.2881
0.0,0.5622691,89.947784
0.0,0.47496444,67.16432
0.0,0.4979426,106.46834
0.0,0.30880332,116.71169
0.0,0.42970297,469.4338
0.0,0.48292553,98.86983
0.0,0.6034796,67.972824
0.0,0.4005092,113.39665
0.0,0.35467178,149.58018
0.0,0.3387717,96.56843
0.0,0.3184329,76.04783
0.0,0.45534164,154.8492
0.0,0.4893749,85.84733
0.0,0.29126313,163.06207
0.0,0.4949216,77.44982
0.0,0.4545897,88.512924
0.0,0.3309192,130.67007
0.0,0.5429067,377.40094
0.0,0.5029326,95.80367
0.0,0.45300907,311.95963
0.0,0.59187627,108.68904
0.0,0.48932984,86.60494
0.0,0.36322555,135.29205
0.0,0.40081847,85.644875
0.0,0.4792402,65.70856
0.0,0.45425406,212.77434
0.0,0.3672651,86.49068
0.0,0.3540176,377.07703
0.0,0.3961557,298.11664
0.0,0.56785953,65.545105
0.0,0.5466225,150.46248
0.0,0.48346332,110.06769
0.0,0.48921102,70.95426
0.0,0.26945856,127.273224
0.0,0.41233152,180.53693
0.0,0.41250178,98.06294
0.0,0.47845542,189.92635
0.0,0.37994975,69.45149
0.0,0.47797155,73.56364
0.0,0.40204415,78.23969
0.0,0.40204415,78.23969
0.0,0.7539937,213.87001
0.0,0.34049597,434.65744
0.0,0.518349,65.47149
0.0,0.5874336,76.09331
0.0,0.3758168,82.16555
0.0,0.39285973,96.450966
0.0,0.48693046,73.20218
0.0,0.4503176,69.71268
0.0,0.44827253,65.4172
0.0,0.37575662,68.64318
0.0,0.38995978,304.61316
0.0,0.40658113,65.07266
0.0,0.43164238,89.55838
0.0,0.43709716,76.85419
0.0,0.39338693,65.76312
0.0,0.45243078,209.62971
0.0,0.5196282,414.49667
0.0,0.3989311,74.578705
0.0,0.3910562,83.98579
0.0,0.382913,77.94626
0.0,0.4838559,94.582184
0.0,0.46622306,270.89514
0.0,0.43504485,78.67743
0.0,0.44113067,116.79745
0.0,0.4558745,94.73398
0.0,0.37460828,68.40578
0.0,0.40276158,175.74426
0.0,0.4346919,180.98209
0.0,0.45815054,130.69849
0.0,0.39392328,80.335205
0.0,0.48798087,134.18431
0.0,0.33658656,81.95193
0.0,0.39418566,76.808784
0.0,0.42610413,139.15678
0.0,0.4184415,74.83606
0.0,0.49921304,86.802475
0.0,0.37375593,66.785835
0.0,0.32628584,100.954315
0.0,0.24902841,66.30573
0.0,0.2944059,88.41075
0.0,0.47705525,301.77344
0.0,0.4709108,296.12112
0.0,0.45196298,76.17788
0.0,0.432066,103.387085
0.0,0.37516794,110.78186
0.0,0.4236028,90.04084
0.0,0.5182169,66.94379
0.0,0.49220103,291.59644
0.0,0.28400758,75.80849
0.0,0.48263237,220.09485
0.0,0.27477086,170.13661
0.0,0.4590714,114.35124
0.0,0.6689646,225.95193
0.0,0.3405459,228.60266
0.0,0.41973898,113.7154
0.0,0.41098619,68.84297
0.0,0.46208006,97.17281
0.0,0.45569766,93.75587
0.0,0.56757647,623.55554
0.0,0.57111335,83.49321
0.0,0.350096,71.679596
0.0,0.54895085,143.62527
0.0,0.38475442,362.23465
0.0,0.39080098,74.72452
0.0,0.4001237,181.67542
0.0,0.37428698,91.147156
0.0,0.489183,86.258705
0.0,0.5886064,83.241806
0.0,0.46524426,430.99634
0.0,0.31828207,102.781105
0.0,0.5703545,200.42532
0.0,0.40578067,68.04976
0.0,0.3799291,70.13582
0.0,0.38489002,253.11447
0.0,0.47496444,172.0561
0.0,0.4024123,70.94552
0.0,0.36188817,101.18197
0.0,0.58647734,1227.1057
0.0,0.36784196,162.59868
0.0,0.53485554,77.19967
0.0,0.55681616,120.9087
0.0,0.21536927,583.605
0.0,0.35467154,77.12253
0.0,0.2264163,215.07863
0.0,0.42232156,68.359634
0.0,0.4189065,170.5505
0.0,0.5716654,80.27421
0.0,0.3952588,187.97302
0.0,0.49702176,130.79904
0.0,0.4338237,109.412346
0.0,0.4593805,94.4254
0.0,0.29989648,108.948845
0.0,0.5102234,235.60631
0.0,0.34452933,95.42754
0.0,0.40087986,88.13259
0.0,0.43785655,192.81636
0.0,0.30597502,364.49716
0.0,0.44616857,160.05199
0.0,0.37025133,81.04709
0.0,0.24745518,213.73515
0.0,0.43873483,71.194756
0.0,0.61767817,82.64023
0.0,0.5140701,72.06841
0.0,0.41306207,85.69068
0.0,0.36020276,218.91753
0.0,0.47686952,76.75966
0.0,0.48471743,158.50604
0.0,0.6331647,86.421646
0.0,0.41247028,71.61824
0.0,0.41640013,68.53865
0.0,0.4596973,74.127785
0.0,0.4435705,95.33473
0.0,0.41215944,153.87518
0.0,0.38776648,105.598976
0.0,0.41342515,220.42606
0.0,0.58500034,141.13348
0.0,0.44682822,199.01959
0.0,0.50714403,80.610054
0.0,0.36402658,92.850914
0.0,0.36842984,69.02655
0.0,0.44547802,187.87357
0.0,0.5146035,117.31991
0.0,0.42702278,260.7488
0.0,0.35933673,201.64418
0.0,0.5009052,285.261
0.0,0.3184672,84.42288
0.0,0.4526889,448.23914
0.0,0.28212854,190.13907
0.0,0.51957273,65.70791
0.0,0.5616344,111.2167
0.0,0.53324986,93.48932
0.0,0.56369096,90.543434
0.0,0.40840352,234.99904
0.0,0.41722536,331.0582
0.0,0.35267797,263.59232
0.0,0.2991772,66.998314
0.0,0.4906041,93.04193
0.0,0.40501037,162.57646
0.0,0.35958663,87.016365
0.0,0.4572848,195.28151
0.0,0.58653873,678.9058
0.0,0.46029988,103.93345
0.0,0.4560061,87.278206
0.0,0.5176863,91.00139
0.0,0.2839355,70.36869
0.0,0.496982,355.51138
0.0,0.50794405,92.30006
0.0,0.4119666,436.0051
0.0,0.513974,84.4809
0.0,0.5330965,579.57794
0.0,0.42506927,115.712555
0.0,0.5208552,70.021484
0.0,0.37191716,84.48818
0.0,0.4284449,95.372
0.0,0.5465846,66.06143
0.0,0.53862876,66.929085
0.0,0.71202147,171.80429
0.0,0.37283683,87.27193
0.0,0.47899315,92.49743
0.0,0.52592856,108.39361
0.0,0.38745755,77.272385
0.0,0.42804027,83.55199
0.0,0.5539246,84.19125
0.0,0.48352602,86.88271
0.0,0.5414274,91.6338
0.0,0.6113925,96.751656
0.0,0.44105354,77.66369
0.0,0.56986195,95.88033
0.0,0.45507258,71.3962
0.0,0.37456465,77.20264
0.0,0.38954446,71.491196
0.0,0.52517027,97.531906
0.0,0.38608596,392.0766
0.0,0.47910395,95.049194
0.0,0.45336425,606.9042
0.0,0.49938303,140.61302
0.0,0.36438867,83.059875
0.0,0.40251034,88.37916
0.0,0.40615416,177.48756
0.0,0.46869084,222.302
0.0,0.39966595,337.48578
0.0,0.41960698,76.142365
0.0,0.5351479,69.5669
0.0,0.5387945,192.02927
0.0,0.34374923,367.50964
0.0,0.57696027,285.6219
0.0,0.48049045,66.814644
0.0,0.28036493,277.82425
0.0,0.4950917,70.03659
0.0,0.50851,73.86528
0.0,0.48575017,104.97082
0.0,0.3421465,151.93065
0.0,0.34556982,107.90137
0.0,0.40367144,114.245575
0.0,0.3291749,65.85608
0.0,0.30947742,198.85916
0.0,0.46266058,95.29345
0.0,0.41048062,105.51298
0.0,0.42203307,136.736
0.0,0.4889754,217.7905
0.0,0.40463847,636.0358
0.0,0.2644176,94.235344
0.0,0.27179602,103.467995
0.0,0.36390975,110.330666
0.0,0.45148498,65.37042
0.0,0.3669307,83.069725
0.0,0.4434886,68.23856
0.0,0.40213642,72.38184
0.0,0.4133965,72.587036
0.0,0.3339519,71.04073
0.0,0.5739444,124.054405
0.0,0.45764843,96.34444
0.0,0.39571893,326.34726
0.0,0.3532599,73.01853
0.0,0.4943462,76.93626
0.0,0.42980018,74.02685
0.0,0.31069335,66.121056
0.0,0.51484525,130.5461
0.0,0.4906335,311.56464
0.0,0.35178143,137.9814
0.0,0.3824685,65.71433
0.0,0.48556396,240.96036
0.0,0.4670347,326.85574
0.0,0.32147992,99.67342
0.0,0.5421896,106.49699
0.0,0.4081664,103.60634
0.0,0.3225832,809.9078
0.0,0.31124464,91.65654
0.0,0.39336103,84.420235
0.0,0.4545619,69.944046
0.0,0.45134777,116.788216
0.0,0.47690964,181.3012
0.0,0.40160614,296.04294
0.0,0.38480863,78.520515
0.0,0.43453938,88.73249
0.0,0.5443535,72.02775
0.0,0.32281297,66.50872
0.0,0.4072838,105.889465
0.0,0.4788404,358.87314
0.0,0.30145678,276.46603
0.0,0.47568694,94.53158
0.0,0.49235958,75.47667
0.0,0.42502105,75.018364
0.0,0.28019387,394.6858
0.0,0.52290976,66.44788
0.0,0.29703975,95.79157
0.0,0.48476276,79.32681
0.0,0.33039916,66.284294
0.0,0.48362345,77.01386
0.0,0.52203286,79.21178
0.0,0.34215647,117.59337
0.0,0.31971058,284.68982
0.0,0.49297324,134.6059
0.0,0.49690259,77.18831
0.0,0.36404338,132.45094
0.0,0.45246094,117.55619
0.0,0.44622278,71.3336
0.0,0.37691963,99.062675
0.0,0.51286036,121.39395
0.0,0.5303538,99.96243
0.0,0.41159523,76.45278
0.0,0.5441604,460.96725
0.0,0.42618674,80.536804
0.0,0.43566918,103.28208
0.0,0.309844,91.55714
0.0,0.3624769,98.63471
0.0,0.5095672,68.92538
0.0,0.5122322,253.6989
0.0,0.39233994,72.09793
0.0,0.5782183,247.53084
0.0,0.40291926,138.45793
0.0,0.484789,74.63256
0.0,0.484375,77.25262
0.0,0.41367584,83.70229
0.0,0.5722343,108.04594
0.0,0.43312117,75.64648
0.0,0.34451717,222.46829
0.0,0.34522718,75.07252
0.0,0.42684355,181.95529
0.0,0.4558055,86.87661
0.0,0.26205772,203.45744
0.0,0.4072801,96.66263
0.0,0.44244954,341.8711
0.0,0.41236368,455.0003
0.0,0.4733144,131.77159
0.0,0.3448194,107.599976
0.0,0.3728388,225.98257
0.0,0.38203725,221.65054
0.0,0.44039455,117.249596
0.0,0.38524875,130.04839
0.0,0.5193745,68.28972
0.0,0.38991863,80.78487
0.0,0.4913425,72.166916
0.0,0.364477,95.10841
0.0,0.5082684,388.85696
0.0,0.36331576,230.5815
0.0,0.41723275,83.03975
0.0,0.5397387,76.85465
0.0,0.5262168,99.45845
0.0,0.5325159,77.57934
0.0,0.4010452,72.25714
0.0,0.512118,78.63952
0.0,0.48320088,72.19794
0.0,0.40437764,128.12604
0.0,0.5434586,70.526054
0.0,0.33524308,122.44698
0.0,0.44942203,343.80984
0.0,0.41522014,65.36238
0.0,0.35274163,156.34007
0.0,0.49776432,74.31452
0.0,0.4577977,111.903244
0.0,0.5545292,79.22104
0.0,0.47496694,82.8995
0.0,0.41146865,152.92207
0.0,0.35929415,70.371506
0.0,0.3827717,91.58898
0.0,0.41037756,124.84912
0.0,0.4300456,113.76029
0.0,0.5381538,65.26833
0.0,0.4290071,71.11702
0.0,0.2363508,193.39984
0.0,0.49201456,129.25911
0.0,0.51823187,108.3754
0.0,0.5117301,68.089355
0.0,0.35224056,67.11103
0.0,0.33283114,271.40915
0.0,0.36555684,114.86528
0.0,0.57361275,178.95859
0.0,0.36981237,80.95908
0.0,0.4688258,104.068474
0.0,0.49894133,67.81895
0.0,0.3451351,159.8889
0.0,0.37840092,76.43834
0.0,0.4968093,113.10482
0.0,0.39860132,321.6682
0.0,0.34604305,92.01942
0.0,0.3709968,65.00472
0.0,0.37833467,66.490814
0.0,0.4429093,68.793274
0.0,0.41321,124.960266
0.0,0.43123317,81.83201
0.0,0.40639874,128.58618
0.0,0.3810758,271.89548
0.0,0.4453139,128.57616
0.0,0.39540696,96.56679
0.0,0.4027489,68.46566
0.0,0.36664274,74.14557
0.0,0.39754,68.739136
0.0,0.46725997,208.97925
0.0,0.48492932,88.68516
0.0,0.4384305,95.26627
0.0,0.28466287,122.90804
0.0,0.3986923,258.3214
0.0,0.53070503,82.162254
0.0,0.40300342,91.90282
0.0,0.44091496,95.754295
0.0,0.38289097,71.58345
0.0,0.48341495,81.76741
0.0,0.440416,80.09536
0.0,0.300941,76.72692
0.0,0.49740872,80.1672
0.0,0.35586235,67.60752
0.0,0.5518628,81.1522
0.0,0.36208078,91.52932
0.0,0.4620564,97.11218
0.0,0.39835587,140.49757
0.0,0.40451294,79.4847
0.0,0.37632608,68.4306
0.0,0.5610688,67.8204
0.0,0.5129835,66.036285
0.0,0.2539155,181.00027
0.0,0.38406965,87.38632
0.0,0.49217215,83.96988
0.0,0.28629142,153.69283
0.0,0.51722926,100.69969
0.0,0.44356236,88.51308
0.0,0.49577606,667.9937
0.0,0.3765011,86.96333
0.0,0.47972512,92.366684
0.0,0.499801,78.56758
0.0,0.3283793,152.023
0.0,0.48036212,253.05417
0.0,0.36011636,69.82111
0.0,0.5258942,71.58628
0.0,0.49698135,98.43197
0.0,0.48152894,84.32505
0.0,0.45453683,90.88995
0.0,0.48130515,75.922516
0.0,0.3352771,165.12552
0.0,0.48316282,138.1571
0.0,0.37355608,85.6808
0.0,0.3439441,78.7408
0.0,0.36985666,71.73703
0.0,0.539383,68.399956
0.0,0.38690192,185.64049
0.0,0.613226,118.31402
0.0,0.4290626,263.3502
0.0,0.5055181,107.79545
0.0,0.41040814,132.3409
0.0,0.3211106,106.241974
0.0,0.37698567,96.03099
0.0,0.4163961,65.271286
0.0,0.5013209,107.26245
0.0,0.3984248,69.43863
0.0,0.4878189,236.53006
0.0,0.29830453,117.50206
0.0,0.4591419,76.56913
0.0,0.6495564,79.45303
0.0,0.48089603,145.97107
0.0,0.27477574,67.71076
0.0,0.55472344,167.812
0.0,0.46674106,157.16249
0.0,0.36887714,122.38166
0.0,0.25209522,96.09164
0.0,0.59907836,85.77123
0.0,0.37699744,65.48288
0.0,0.509317,141.42798
0.0,0.3907079,65.727486
0.0,0.5006281,338.1523
0.0,0.4991572,80.12438
0.0,0.4145513,74.207
0.0,0.6070381,227.24231
0.0,0.34196544,112.909584
0.0,0.5613232,336.10388
0.0,0.36620742,74.62068
0.0,0.39307866,177.68059
0.0,0.31059408,100.63299
0.0,0.43286434,132.61429
0.0,0.3903217,100.02169
0.0,0.49371588,109.37547
0.0,0.48295236,90.9161
0.0,0.42809346,67.5737
0.0,0.4038927,84.96345
0.0,0.40206328,182.2413
0.0,0.34151548,86.6359
0.0,0.37234932,84.737976
0.0,0.3959167,76.56591
0.0,0.50518686,143.10158
0.0,0.45799866,178.1995
0.0,0.3677194,109.278
0.0,0.370826,114.46348
0.0,0.26440263,101.26037
0.0,0.38855642,103.14468
0.0,0.66154134,947.1988
0.0,0.40089437,96.71778
0.0,0.48609784,70.302734
0.0,0.28041536,148.42493
0.0,0.16311218,561.5784
0.0,0.36985698,95.09384
0.0,0.33366388,120.496605
0.0,0.2622461,68.181366
0.0,0.49610215,69.21564
0.0,0.32418662,92.24016
0.0,0.36285454,70.096016
0.0,0.31346843,719.4654
0.0,0.43157426,67.388214
0.0,0.4912516,82.72847
0.0,0.33820045,114.532814
0.0,0.40751657,84.09439
0.0,0.37991375,68.61607
0.0,0.3802581,68.83849
0.0,0.4345379,126.12391
0.0,0.50311553,114.32796
0.0,0.4392287,80.63249
0.0,0.41072547,87.15561
0.0,0.34010214,312.01154
0.0,0.5229929,90.237686
0.0,0.37563965,67.604866
0.0,0.34621516,123.30333
0.0,0.36054322,105.310616
0.0,0.43523234,65.75239
0.0,0.51429397,172.70416
0.0,0.41839847,76.241325
0.0,0.41839847,76.241325
0.0,0.55418485,73.95938
0.0,0.4389158,83.837685
0.0,0.27777973,105.85883
0.0,0.39117226,154.74713
0.0,0.5045837,70.2346
0.0,0.44159392,70.15781
0.0,0.51508343,462.1706
0.0,0.32579803,88.50161
0.0,0.2610485,183.63869
0.0,0.44289964,81.23533
0.0,0.45564595,84.939476
0.0,0.33369112,101.66571
0.0,0.365341,110.90386
0.0,0.49391344,100.37251
0.0,0.38079593,151.42986
0.0,0.4186477,182.2358
0.0,0.50823027,241.5012
0.0,0.5121227,71.732506
0.0,0.52072936,77.37983
0.0,0.49148622,70.18383
0.0,0.4248354,91.82984
0.0,0.45804152,87.89434
0.0,0.271788,160.23775
0.0,0.48821002,290.9685
0.0,0.30272594,90.486984
0.0,0.47192326,119.980354
0.0,0.2942805,203.60571
0.0,0.41327927,85.816444
0.0,0.5042126,79.93952
0.0,0.44452965,116.27254
0.0,0.36644477,70.738075
0.0,0.4489355,68.114136
0.0,0.40987554,304.81238
0.0,0.3653341,104.73004
0.0,0.37599528,78.25017
0.0,0.40379933,146.81024
0.0,0.4292422,76.76547
0.0,0.371823,71.13084
0.0,0.42516175,747.98645
0.0,0.31564993,119.705154
0.0,0.34142834,142.22261
0.0,0.45446846,145.98149
0.0,0.47868565,110.31892
0.0,0.4338971,90.52966
0.0,0.4049205,515.76025
0.0,0.4550411,134.65807
0.0,0.4795572,68.16621
0.0,0.6093539,783.1829
0.0,0.33790377,66.44223
0.0,0.46905658,72.753494
0.0,0.5420098,1562.8525
0.0,0.4596141,66.68102
0.0,0.52835417,134.05943
0.0,0.35972756,73.95816
0.0,0.33197883,101.670616
0.0,0.45607284,68.66774
0.0,0.41050047,68.0132
0.0,0.50902873,120.172646
0.0,0.35989937,85.12557
0.0,0.53480136,84.436806
0.0,0.2964405,76.865074
0.0,0.33243546,97.22767
0.0,0.4491054,359.41315
0.0,0.34109238,102.497574
0.0,0.39773116,96.16673
0.0,0.50261736,75.22339
0.0,0.2968172,103.97049
0.0,0.42460024,103.25832
0.0,0.45905516,163.427
0.0,0.38432917,250.19643
0.0,0.5239187,75.79182
0.0,0.335946,277.2415
0.0,0.5039352,69.235245
0.0,0.3923898,84.00624
0.0,0.4702375,184.9103
0.0,0.41533807,358.44174
0.0,0.48704004,345.25034
0.0,0.45373288,929.704
0.0,0.48814592,145.15176
0.0,0.49973038,225.60042
0.0,0.33935,87.4374
0.0,0.5409303,81.75805
0.0,0.36837575,76.196304
0.0,0.41202512,256.26062
0.0,0.52605546,68.19395
0.0,0.50964415,66.52881
0.0,0.36828724,112.587845
0.0,0.32878307,73.9069
0.0,0.38549504,478.5939
0.0,0.47496444,76.15043
0.0,0.2908156,99.9207
0.0,0.35503045,249.66173
0.0,0.30140364,297.9471
0.0,0.53737915,70.078514
0.0,0.50503445,85.15551
0.0,0.4892509,89.123146
0.0,0.43763715,76.33185
0.0,0.49680334,97.833984
0.0,0.3591098,110.07379
0.0,0.4695249,247.72795
0.0,0.46300307,87.52111
0.0,0.5291998,66.537865
0.0,0.44404337,115.64968
0.0,0.5715879,69.52063
0.0,0.5380288,68.48694
0.0,0.40880033,104.55684
0.0,0.5984079,78.34555
0.0,0.5074693,171.51555
0.0,0.5832522,104.847336
0.0,0.5034908,77.573586
0.0,0.56031036,119.522934
0.0,0.34654596,91.03162
0.0,0.52756405,81.833755
0.0,0.27997357,82.76017
0.0,0.42348158,96.16641
0.0,0.2729605,143.59192
0.0,0.3977318,68.704185
0.0,0.39898625,186.86993
0.0,0.3009448,89.41273
0.0,0.32669458,81.41807
0.0,0.34273437,78.58221
0.0,0.50500226,126.10833
0.0,0.5266162,66.47058
0.0,0.46309248,172.87965
0.0,0.4997994,147.8068
0.0,0.3167192,74.25449
0.0,0.4137954,89.349625
0.0,0.40920046,106.16117
0.0,0.3641159,149.04843
0.0,0.48853266,105.52671
0.0,0.3674557,68.705956
0.0,0.37816286,435.83374
0.0,0.52285063,175.46893
0.0,0.5488881,75.42011
0.0,0.3015504,157.67296
0.0,0.47496444,77.51392
0.0,0.5954823,74.39998
0.0,0.38235176,398.28503
0.0,0.47069988,87.86351
0.0,0.47496444,100.02767
0.0,0.390963,65.34706
0.0,0.5017891,83.326805
0.0,0.4346021,109.76248
0.0,0.34468618,138.28937
0.0,0.49379748,100.308395
0.0,0.47386745,79.14586
0.0,0.51971006,192.24243
0.0,0.5442615,75.21273
0.0,0.4532652,103.7627
0.0,0.34062308,95.17926
0.0,0.44359797,78.520195
0.0,0.52700776,68.94778
0.0,0.32086107,87.12004
0.0,0.4670606,66.078186
0.0,0.2724593,155.76413
0.0,0.38107353,68.49615
0.0,0.56122977,156.45874
0.0,0.47355905,183.64977
0.0,0.5195571,93.28676
0.0,0.23666364,135.4157
0.0,0.42756775,67.562126
0.0,0.5020825,92.17876
0.0,0.502797,80.042015
0.0,0.52949023,96.61933
0.0,0.34086326,78.32975
0.0,0.41292486,71.01975
0.0,0.3107175,130.08195
0.0,0.3762066,165.3031
0.0,0.49974075,81.28092
0.0,0.56141245,81.84182
0.0,0.37572825,102.56388
0.0,0.35791907,755.7214
0.0,0.4867442,108.70205
0.0,0.47411138,208.98384
0.0,0.35661858,78.51662
0.0,0.56116533,113.27881
0.0,0.41525298,155.42842
0.0,0.35504138,65.3709
0.0,0.48340422,78.825935
0.0,0.35296333,70.033745
0.0,0.4103192,118.20904
0.0,0.37550375,111.94619
0.0,0.4425715,88.590706
0.0,0.32218063,114.37158
0.0,0.34994024,68.99189
0.0,0.48144653,102.51164
0.0,0.3286609,83.084755
0.0,0.49474528,70.22922
0.0,0.37016028,509.176
0.0,0.44373417,282.8129
0.0,0.4578046,71.70723
0.0,0.29057437,91.11354
0.0,0.46102196,116.028824
0.0,0.53245234,92.464554
0.0,0.31231564,88.225296
0.0,0.44689605,104.12682
0.0,0.3757106,66.00542
0.0,0.51903415,75.108116
0.0,0.46465757,150.33797
0.0,0.5444008,91.59499
0.0,0.44094035,154.78894
0.0,0.4163028,85.63982
0.0,0.49645063,148.20795
0.0,0.5162783,82.68452
0.0,0.5858447,548.18823
0.0,0.42336535,98.11334
0.0,0.41609102,80.3811
0.0,0.48696804,71.02389
0.0,0.45878196,65.10949
0.0,0.36080334,395.18988
0.0,0.28855005,68.31357
0.0,0.36161348,77.36301
0.0,0.52212065,89.961365
0.0,0.3526853,332.64575
0.0,0.3550956,83.37251
0.0,0.5189229,65.97387
0.0,0.30787194,123.05191
0.0,0.46235824,574.2789
0.0,0.4339061,80.293274
0.0,0.4624622,76.69592
0.0,0.45075372,305.50778
0.0,0.4528717,144.22624
0.0,0.47496444,256.98447
0.0,0.44570592,94.569984
0.0,0.50582033,86.937126
0.0,0.40725225,91.067635
0.0,0.46208796,83.668434
0.0,0.46401304,398.03235
0.0,0.3485262,81.3093
0.0,0.48539504,72.69959
0.0,0.55896366,65.74854
0.0,0.4859299,102.39993
0.0,0.51913697,191.87625
0.0,0.5526969,72.60993
0.0,0.3491864,87.30044
0.0,0.46762344,113.12053
0.0,0.45241567,90.14247
0.0,0.5906479,65.61826
0.0,0.42500326,75.91337
0.0,0.39654195,88.18607
0.0,0.48824024,107.226364
0.0,0.49637863,96.26603
0.0,0.74040604,92.33396
0.0,0.5030538,87.5815
0.0,0.46087033,78.60035
0.0,0.22238638,402.10535
0.0,0.5202853,84.803474
0.0,0.28490072,71.69624
0.0,0.60759634,68.19363
0.0,0.3955628,124.196754
0.0,0.3573147,101.10134
0.0,0.33468163,143.73601
0.0,0.5141538,178.2497
0.0,0.2632907,565.8046
0.0,0.5229285,73.32156
0.0,0.49020332,81.216385
0.0,0.3168783,98.0904
0.0,0.50598884,68.35085
0.0,0.5213625,297.5736
0.0,0.40145078,385.04306
0.0,0.49285564,136.01277
0.0,0.3464595,89.71312
0.0,0.3997829,86.27744
0.0,0.38802052,77.25198
0.0,0.51074153,94.36016
0.0,0.47496444,83.062775
0.0,0.50451064,65.93534
0.0,0.4091735,68.90396
0.0,0.43400082,85.26497
0.0,0.3529664,78.49132
0.0,0.47587153,125.559555
0.0,0.5310258,67.35324
0.0,0.5536332,68.90778
0.0,0.5437701,127.92285
0.0,0.43405437,67.55532
0.0,0.18754283,214.25981
0.0,0.50711906,96.489204
0.0,0.50711906,96.489204
0.0,0.3592525,103.76834
0.0,0.3505449,209.36623
0.0,0.50417644,65.6964
0.0,0.33701935,111.24717
0.0,0.39343107,118.33409
0.0,0.32583302,80.771385
0.0,0.55655366,81.36836
0.0,0.4856939,72.583206
0.0,0.5353601,102.62324
0.0,0.28699246,86.88603
0.0,0.45908135,222.9079
0.0,0.37284696,146.2181
0.0,0.47496444,72.03447
0.0,0.50802654,86.404205
0.0,0.4326845,545.9025
0.0,0.42837757,115.49069
0.0,0.4589505,185.67076
0.0,0.2974949,69.041145
0.0,0.35177082,203.65501
0.0,0.42121893,82.76613
0.0,0.36030135,114.48101
0.0,0.4251315,93.38904
0.0,0.39782575,368.673
0.0,0.49965125,71.80555
0.0,0.45227614,226.21097
0.0,0.3440919,71.56771
0.0,0.3944352,71.50777
0.0,0.4118995,319.0658
0.0,0.4459981,128.08841
0.0,0.31440988,83.39618
0.0,0.35062566,65.00354
0.0,0.4226774,108.95387
0.0,0.44321865,312.68524
0.0,0.4847245,129.66998
0.0,0.485729,118.90943
0.0,0.30772275,127.50939
0.0,0.4173144,691.2022
0.0,0.47151896,81.14672
0.0,0.46395844,201.6755
0.0,0.42738745,102.17661
0.0,0.31259525,108.44384
0.0,0.44502354,266.51733
0.0,0.42196667,446.0779
0.0,0.46213612,68.708015
0.0,0.39049295,74.49157
0.0,0.5061643,70.313644
0.0,0.42372912,67.18285
0.0,0.36028987,217.24884
0.0,0.49524018,92.96565
0.0,0.44432306,66.76725
0.0,0.6321628,69.13873
0.0,0.44630036,65.84726
0.0,0.5317159,180.60097
0.0,0.35969856,75.59759
0.0,0.353407,93.92855
0.0,0.34235147,142.23206
0.0,0.54921615,98.89398
0.0,0.39501047,77.95419
0.0,0.3751776,70.119576
0.0,0.48616332,144.32936
0.0,0.36228678,69.50823
0.0,0.4100011,122.11556
0.0,0.39080504,103.21661
0.0,0.41108522,147.13153
0.0,0.37295598,115.56794
0.0,0.5087329,138.48483
0.0,0.27152085,93.86979
0.0,0.5689143,78.57175
0.0,0.32844263,89.94052
0.0,0.36985138,96.353325
0.0,0.3401743,80.40189
0.0,0.35789096,85.78863
0.0,0.48730198,440.62048
0.0,0.46801218,110.51307
0.0,0.48964557,108.90304
0.0,0.46983337,92.52534
0.0,0.48265,69.62752
0.0,0.40771028,104.295425
0.0,0.36565593,67.645
0.0,0.48229837,94.36715
0.0,0.4643899,89.98784
0.0,0.55554473,286.26642
0.0,0.36958694,68.798935
0.0,0.50565827,77.87267
0.0,0.45072922,85.48164
0.0,0.44206804,730.0984
0.0,0.54290533,229.59108
0.0,0.5192144,105.844536
0.0,0.524657,95.80501
0.0,0.556368,76.23222
0.0,0.40650785,87.96402
0.0,0.43688455,212.48065
0.0,0.34662414,170.23573
0.0,0.36789152,386.68222
0.0,0.29061195,90.53302
0.0,0.38802347,71.14207
0.0,0.30316147,322.3431
0.0,0.4856162,89.88053
0.0,0.45417967,66.683
0.0,0.42699093,162.89021
0.0,0.4694247,92.56311
0.0,0.2756784,90.85463
0.0,0.50941336,98.39537
0.0,0.45735556,202.67609
0.0,0.305914,84.51857
0.0,0.65513736,92.88566
0.0,0.4613502,157.52225
0.0,0.49883744,776.34576
0.0,0.4950009,95.23336
0.0,0.45689446,69.5438
0.0,0.3551946,78.4723
0.0,0.48142064,130.1436
0.0,0.31253827,73.01158
0.0,0.39653435,77.902214
0.0,0.3259395,91.08833
0.0,0.46904558,66.50025
0.0,0.29602218,138.77983
0.0,0.37005526,99.621155
0.0,0.36533916,764.1418
0.0,0.45285735,78.887146
0.0,0.32742992,90.072556
0.0,0.5300962,69.20405
0.0,0.4644276,128.62134
0.0,0.48779848,69.91811
0.0,0.4962264,132.64902
0.0,0.49510697,110.99815
0.0,0.5058954,152.71997
0.0,0.48776886,362.82974
0.0,0.38458323,198.66307
0.0,0.4767844,279.5379
0.0,0.54521525,115.39265
0.0,0.40832397,105.42509
0.0,0.46517506,74.36531
0.0,0.40253493,69.94138
0.0,0.3633491,74.68369
0.0,0.42989117,265.87872
0.0,0.4084328,221.92961
0.0,0.56795317,135.8724
0.0,0.3659642,98.79555
0.0,0.5023661,72.09464
0.0,0.3122609,107.174866
0.0,0.5450292,77.9741
0.0,0.4196802,80.730446
0.0,0.43454808,152.43367
0.0,0.3947824,240.10153
0.0,0.35268593,84.11588
0.0,0.5344434,92.237526
0.0,0.3618774,378.6143
0.0,0.432134,128.18492
0.0,0.3883103,325.86334
0.0,0.38244396,78.45563
0.0,0.49746004,98.2469
0.0,0.49277225,77.622765
0.0,0.3672458,76.97039
0.0,0.48317635,81.7924
0.0,0.4481897,107.09088
0.0,0.4007077,67.307724
0.0,0.34101176,69.25241
0.0,0.3990262,132.60583
0.0,0.49036297,84.392296
0.0,0.47732008,72.43169
0.0,0.50853515,97.898834
0.0,0.48229948,106.506805
0.0,0.47846472,67.9097
0.0,0.27215284,357.95975
0.0,0.35842982,92.18802
0.0,0.51113105,78.411644
0.0,0.3036077,108.8762
0.0,0.49443105,76.54828
0.0,0.38818154,136.68698
0.0,0.3822211,69.66826
0.0,0.5051557,156.55325
0.0,0.32817745,69.88383
0.0,0.4195544,80.116554
0.0,0.38399565,70.2473
0.0,0.48661533,165.63284
0.0,0.5795402,67.20305
0.0,0.42028096,98.33397
0.0,0.44055167,91.41671
0.0,0.32896286,229.33838
0.0,0.4865362,65.29019
0.0,0.6988066,278.85123
0.0,0.49626738,71.88542
0.0,0.4754761,66.80903
0.0,0.48428386,66.26181
0.0,0.44244376,110.3689
0.0,0.40931803,293.91943
0.0,0.43609914,494.83606
0.0,0.36065224,80.33659
0.0,0.29309845,155.02135
0.0,0.3210327,599.94464
0.0,0.4512706,164.54031
0.0,0.38734218,102.40392
0.0,0.54415643,610.5893
0.0,0.4594891,87.80681
0.0,0.49470624,181.04568
0.0,0.5280418,74.27828
0.0,0.4920917,168.918
0.0,0.44600907,66.14449
0.0,0.48686174,106.21509
0.0,0.38396472,152.66364
0.0,0.27883375,149.92201
0.0,0.41296357,482.57748
0.0,0.41236502,156.27007
0.0,0.42608163,80.805336
0.0,0.36982548,74.74581
0.0,0.5706055,116.51963
0.0,0.5411508,111.766884
0.0,0.51473945,92.71794
0.0,0.5014703,74.84798
0.0,0.4085467,80.50038
0.0,0.38036916,93.27176
0.0,0.3637931,74.6747
0.0,0.32133466,80.19775
0.0,0.29957208,155.96837
0.0,0.33560455,88.75613
0.0,0.43451798,215.61014
0.0,0.37699583,172.88715
0.0,0.51526403,77.35243
0.0,0.5274096,141.11752
0.0,0.4885644,284.56418
0.0,0.3659214,68.1405
0.0,0.5605207,239.39528
0.0,0.4677401,113.79796
0.0,0.62754476,66.764946
0.0,0.34208265,80.12306
0.0,0.36108065,70.095
0.0,0.36901394,246.15837
0.0,0.456709,902.4088
0.0,0.30937654,99.74532
0.0,0.4466665,66.14257
0.0,0.580397,135.61278
0.0,0.47767678,72.837074
0.0,0.37783727,102.815475
0.0,0.37414947,113.63246
0.0,0.43279454,82.83081
0.0,0.5555659,658.6899
0.0,0.46746087,70.50592
0.0,0.41262156,65.871506
0.0,0.56515634,68.629974
0.0,0.4595001,288.14777
0.0,0.51382375,150.1763
0.0,0.5208309,173.63676
0.0,0.44390488,67.69861
0.0,0.4451674,172.45253
0.0,0.5160786,67.330414
0.0,0.42314416,161.69492
0.0,0.47023413,84.98103
0.0,0.4425891,97.30694
0.0,0.5190874,609.64575
0.0,0.4325209,73.3856
0.0,0.47019678,67.81662
0.0,0.39045483,92.513756
0.0,0.6337046,251.87955
0.0,0.41760695,392.6834
0.0,0.38765186,105.25773
0.0,0.45030192,557.70514
0.0,0.50534093,67.082184
0.0,0.34208807,93.49425
0.0,0.48107925,668.09894
0.0,0.40749165,288.43753
0.0,0.4314493,130.5572
0.0,0.40427104,130.43492
0.0,0.38270152,88.43599
0.0,0.39617917,360.24796
0.0,0.50820076,291.64944
0.0,0.2482312,559.3523
0.0,0.36074156,101.26549
0.0,0.36892918,100.90417
0.0,0.4356898,113.06906
0.0,0.46523735,554.0368
0.0,0.5040359,2.858374e+07
0.0,0.5744398,65.52289
0.0,0.36555573,66.54963
0.0,0.3496424,71.56129
0.0,0.52716434,70.04446
0.0,0.50731677,90.20517
0.0,0.43229347,68.673
0.0,0.47520125,68.77388
0.0,0.4118756,67.97406
0.0,0.37151027,238.86465
0.0,0.4416712,83.70827
0.0,0.3067786,75.49493
0.0,0.38213366,174.84698
0.0,0.5516986,97.97413
0.0,0.37815732,94.73762
0.0,0.3845692,84.83197
0.0,0.23491558,227.63286
0.0,0.4449665,131.96466
0.0,0.27785033,370.9806
0.0,0.4932478,621.2386
0.0,0.3606992,91.70697
0.0,0.36052266,81.13341
0.0,0.34523678,182.2494
0.0,0.53640455,77.01291
0.0,0.3060502,122.33001
0.0,0.43954194,74.05526
0.0,0.44193733,77.95471
0.0,0.49539578,71.736404
0.0,0.39840108,69.55944
0.0,0.40730777,108.515724
0.0,0.55704427,100.80794
0.0,0.40132284,90.026085
0.0,0.4639021,203.6207
0.0,0.40270206,90.29887
0.0,0.8663075,322.19574
0.0,0.51637495,66.93126
0.0,0.36152768,209.02136
0.0,0.39233607,141.729
0.0,0.47664803,65.71536
0.0,0.5386106,69.0203
0.0,0.4876822,103.08575
0.0,0.4111348,468.5422
0.0,0.48936257,74.24194
0.0,0.45024097,106.25469
0.0,0.4879546,89.02999
0.0,0.3919766,116.678635
0.0,0.507176,82.02575
0.0,0.32108933,95.81403
0.0,0.42618042,102.060394
0.0,0.49512035,97.58266
0.0,0.48284227,325.2105
0.0,0.4591966,77.7584
0.0,0.45856327,80.22293
0.0,0.2517659,103.521576
0.0,0.5070506,173.37015
0.0,0.41421363,73.47575
0.0,0.47496444,122.45155
0.0,0.44920233,67.60034
0.0,0.36934218,70.40524
0.0,0.410129,111.28553
0.0,0.4528988,71.81939
0.0,0.36993286,111.10045
0.0,0.4664302,75.70848
0.0,0.5214201,65.702286
0.0,0.42447674,145.77423
0.0,0.3828208,155.59686
0.0,0.27382463,112.82216
0.0,0.36340398,110.0228
0.0,0.50361824,78.891136
0.0,0.45307875,67.33006
0.0,0.25298095,129.8711
0.0,0.36718148,74.6106
0.0,0.4389235,81.16374
0.0,0.5292423,232.0831
0.0,0.50554657,73.01176
0.0,0.415728,203.50592
0.0,0.54400444,76.59351
0.0,0.5051876,66.15499
0.0,0.45649868,67.28788
0.0,0.43076888,126.65964
0.0,0.35937047,139.26698
0.0,0.36930123,118.4397
0.0,0.36699983,1165.9001
0.0,0.35893124,99.79928
0.0,0.4953223,82.006454
0.0,0.39838445,189.09384
0.0,0.50042033,68.38182
0.0,0.39928854,85.782555
0.0,0.43844175,220.73242
0.0,0.5257583,83.07096
0.0,0.5030711,508.06778
0.0,0.413033,95.38284
0.0,0.42174262,65.954636
0.0,0.31469536,145.92508
0.0,0.40507722,76.83917
0.0,0.4472229,69.39934
0.0,0.515877,338.58102
0.0,0.31897098,248.59264
0.0,0.48813933,142.63005
0.0,0.39249775,69.57336
0.0,0.3494144,66.20011
0.0,0.39628753,68.34932
0.0,0.34102562,73.43984
0.0,0.5214356,370.51553
0.0,0.4853273,72.92157
0.0,0.47388554,101.45284
0.0,0.3988069,127.67687
0.0,0.6012104,84.335075
0.0,0.5175423,104.04385
0.0,0.284878,112.34378
0.0,0.45934263,78.50002
0.0,0.46788138,123.95434
0.0,0.43541628,116.24184
0.0,0.47272015,75.247696
0.0,0.42352298,147.05118
0.0,0.3958332,109.75971
0.0,0.5171958,158.82893
0.0,0.5069241,77.27141
0.0,0.252306,80.24694
0.0,0.45472834,73.72426
0.0,0.5880671,8.194775e+10
0.0,0.27050728,71.04685
0.0,0.43659595,71.92166
0.0,0.26638582,70.135284
0.0,0.3338379,119.936104
0.0,0.49281037,354.5277
0.0,0.47951946,70.47574
0.0,0.42387062,68.53301
0.0,0.3361478,70.41641
0.0,0.48655912,169.29584
0.0,0.3151326,511.15134
0.0,0.4765223,109.91425
0.0,0.45854753,65.7578
0.0,0.35399917,79.47995
0.0,0.3854596,614.73096
0.0,0.35955182,71.74577
0.0,0.4148022,154.11562
0.0,0.47496444,79.690315
0.0,0.36829484,82.17204
0.0,0.3619019,82.1545
0.0,0.48057425,93.98322
0.0,0.4266118,69.36658
0.0,0.42767465,119.05705
0.0,0.3507149,157.5661
0.0,0.3175635,100.7087
0.0,0.36462292,205.6666
0.0,0.39651754,172.64624
0.0,0.4915325,69.22548
0.0,0.37982017,531.2006
0.0,0.373948,129.38455
0.0,0.42406216,79.66906
0.0,0.46475106,68.739914
0.0,0.529641,72.38087
0.0,0.4926264,68.59696
0.0,0.44483152,88.082146
0.0,0.5010277,66.329796
0.0,0.34315848,222.03441
0.0,0.5238826,114.51074
0.0,0.47394675,69.69349
0.0,0.43649346,69.72213
0.0,0.50408924,85.9465
0.0,0.4767107,82.676575
0.0,0.32449144,84.64947
0.0,0.45350593,75.596596
0.0,0.5051498,74.23624
0.0,0.47208437,329.6127
0.0,0.41858155,67.8772
0.0,0.3139897,72.16802
0.0,0.376493,135.88657
0.0,0.33138835,75.564606
0.0,0.5111801,68.652756
0.0,0.5247316,68.94278
0.0,0.44155797,94.3282
0.0,0.49245417,147.61696
0.0,0.35927317,66.44741
0.0,0.4833436,110.40938
0.0,0.45133603,75.938255
0.0,0.4831138,82.01485
0.0,0.48989847,66.563515
0.0,0.47497362,77.95935
0.0,0.36647364,68.54151
0.0,0.45266384,92.17655
0.0,0.33335608,67.51971
0.0,0.54193914,373.34033
0.0,0.3367862,85.26038
0.0,0.5673597,78.14581
0.0,0.5586328,97.338165
0.0,0.4892097,89.10211
0.0,0.42354804,72.54749
0.0,0.36136037,591.7878
0.0,0.47983456,77.537506
0.0,0.48230854,156.77548
0.0,0.38657832,117.70569
0.0,0.31877413,222.46841
0.0,0.54810256,158.97052
0.0,0.31144506,140.58994
0.0,0.3980903,68.386475
0.0,0.40091312,77.003334
0.0,0.415797,69.2246
0.0,0.41238627,837.06335
0.0,0.42420417,934.8809
0.0,0.46373817,86.50246
0.0,0.42959422,71.825424
0.0,0.52870864,78.83539
0.0,0.4884603,79.417755
0.0,0.37468705,85.574326
0.0,0.57242,68.0825
0.0,0.6218182,152.64838
0.0,0.32794258,120.6888
0.0,0.42096895,96.95038
0.0,0.48648077,80.57607
0.0,0.48778284,180.46202
0.0,0.45753452,154.28839
0.0,0.5098558,72.93624
0.0,0.47204596,152.47174
0.0,0.44629133,173.01903
0.0,0.27417636,647.0266
0.0,0.5031511,141.77827
0.0,0.6407729,276.1205
0.0,0.32499653,72.43547
0.0,0.50717527,79.50569
0.0,0.34716743,83.26313
0.0,0.44386992,175.71455
0.0,0.34301293,101.419426
0.0,0.33124593,124.82287
0.0,0.45203,98.573296
0.0,0.3954987,69.38735
0.0,0.23441175,671.65216
0.0,0.41218776,199.9487
0.0,0.40605587,158.56374
0.0,0.46947467,71.862755
0.0,0.4336128,72.06849
0.0,0.36157522,110.12178
0.0,0.3885346,89.97932
0.0,0.4134364,81.262314
0.0,0.43868607,457.86557
0.0,0.33092788,100.37191
0.0,0.38248488,86.04172
0.0,0.3716728,73.86346
0.0,0.34122276,88.02909
0.0,0.43011832,157.4472
0.0,0.47496444,68.35142
0.0,0.5216362,110.98426
0.0,0.4286681,94.15659
0.0,0.49643254,671.77124
0.0,0.5045058,69.22905
0.0,0.4323046,138.43741
0.0,0.4124507,93.236176
0.0,0.38900653,221.51138
0.0,0.47543395,67.67893
0.0,0.48699525,86.189835
0.0,0.4798616,74.71944
0.0,0.48027098,72.68762
0.0,0.39806172,79.25708
0.0,0.38365048,272.36786
0.0,0.486057,107.597496
0.0,0.42530367,103.97699
0.0,0.37041,350.14554
0.0,0.4147108,93.9889
0.0,0.46188676,88.3117
0.0,0.4500053,138.80443
0.0,0.41036385,305.1342
0.0,0.38960525,79.28014
0.0,0.40172225,100.65896
0.0,0.56789887,239.37952
0.0,0.49432194,119.81922
0.0,0.5073351,67.914696
0.0,0.42587414,82.202774
0.0,0.3761663,101.09929
0.0,0.46253088,79.18006
0.0,0.48292968,72.813545
0.0,0.48833752,78.529854
0.0,0.4962126,71.897064
0.0,0.33240753,77.12719
0.0,0.36818966,156.70561
0.0,0.33463004,153.87366
0.0,0.4020003,71.265495
0.0,0.26057634,84.46124
0.0,0.5040459,189.84598
0.0,0.41664952,65.912544
0.0,0.35728052,249.18892
0.0,0.3631673,166.62175
0.0,0.5834953,129.99821
0.0,0.5196284,76.237976
0.0,0.39044464,107.65741
0.0,0.42385948,104.82357
0.0,0.36070168,288.88425
0.0,0.3288296,74.090965
0.0,0.40636128,131.2334
0.0,0.39013773,298.78806
0.0,0.53774774,67.02614
0.0,0.53336096,69.39019
0.0,0.50123197,108.10954
0.0,0.48977262,69.42507
0.0,0.5495984,65.954926
0.0,0.37232792,93.55468
0.0,0.51167804,88.51042
0.0,0.43544438,108.06949
0.0,0.4546988,71.292336
0.0,0.47496444,70.23315
0.0,0.4154369,96.50409
0.0,0.51457477,70.37935
0.0,0.47207296,142.25533
0.0,0.49736807,95.25035
0.0,0.4549696,245.7421
0.0,0.31856734,287.09537
0.0,0.50458443,925.004
0.0,0.27227414,184.87294
0.0,0.46983778,173.87007
0.0,0.42678657,88.21406
0.0,0.39013618,101.431786
0.0,0.38507575,120.335045
0.0,0.3966214,94.5071
0.0,0.4342282,83.6362
0.0,0.39978945,65.30955
0.0,0.36407045,69.283646
0.0,0.3093639,91.02917
0.0,0.5032684,147.13638
0.0,0.5487968,335.08435
0.0,0.4384902,75.153854
0.0,0.45279622,259.17368
0.0,0.4326934,107.1864
0.0,0.47313836,66.63755
0.0,0.45408833,76.055756
0.0,0.53765535,96.026245
0.0,0.4443817,94.01808
0.0,0.45314398,122.700195
0.0,0.37882048,157.45248
0.0,0.4481972,215.69704
0.0,0.45722908,148.03296
0.0,0.4834742,156.19441
0.0,0.43187433,98.09845
0.0,0.4090161,66.388084
0.0,0.35148972,290.45398
0.0,0.50690603,72.67358
0.0,0.48929405,74.885376
0.0,0.3006962,88.25552
0.0,0.47496444,463.56998
0.0,0.4547181,118.27148
0.0,0.3275917,71.32514
0.0,0.51178485,97.69699
0.0,0.45565063,97.441246
0.0,0.4709594,89.84553
0.0,0.1416753,94.89031
0.0,0.4648222,178.49391
0.0,0.30351785,73.602295
0.0,0.47635368,71.45877
0.0,0.4917086,90.45445
0.0,0.5198297,90.63688
0.0,0.690058,66.042175
0.0,0.38472164,139.06522
0.0,0.47519502,72.782776
0.0,0.42668143,87.3386
0.0,0.48919642,81.86744
0.0,0.40283838,241.4568
0.0,0.25501692,274.368
0.0,0.49222317,79.47083
0.0,0.46520436,82.88152
0.0,0.5125739,83.11724
0.0,0.40732393,221.77177
0.0,0.43266127,115.59516
0.0,0.5129215,99.08536
0.0,0.47496444,68.70011
0.0,0.43769178,88.20287
0.0,0.48044267,151.06825
0.0,0.5116893,428.32553
0.0,0.4568448,82.397865
0.0,0.5367022,130.617
0.0,0.45660082,78.6865
0.0,0.43713105,185.37662
0.0,0.5453713,94.37909
0.0,0.49954563,203.40485
0.0,0.3321532,91.56782
0.0,0.39857808,71.00521
0.0,0.42023596,86.662445
0.0,0.42643225,107.867195
0.0,0.5168216,90.792305
0.0,0.47924867,124.000206
0.0,0.5989157,92.89343
0.0,0.42559162,65.39987
0.0,0.6460579,286.42
0.0,0.35018295,88.65186
0.0,0.5317425,330.5183
0.0,0.53369296,99.59105
0.0,0.43144616,115.49849
0.0,0.33169985,152.16528
0.0,0.471422,88.41182
0.0,0.48048848,112.26462
0.0,0.30255678,113.68756
0.0,0.53946906,81.37812
0.0,0.32525617,77.01359
0.0,0.52533966,70.03453
0.0,0.4883399,98.647385
0.0,0.45831764,65.29295
0.0,0.33949062,92.044395
0.0,0.5359122,2.1659768e+06
0.0,0.43664923,67.793144
0.0,0.3577904,127.07181
0.0,0.37254286,191.59206
0.0,0.5574276,66.76443
0.0,0.39239654,88.076515
0.0,0.35100698,69.02445
0.0,0.4649515,80.58214
0.0,0.47553247,78.03487
0.0,0.3994277,354.0998
0.0,0.50962424,568.9974
0.0,0.4094975,65.33442
0.0,0.33668154,113.63122
0.0,0.44695848,86.03728
0.0,0.4846582,80.95348
0.0,0.43563777,121.48836
0.0,0.39320645,168.56932
0.0,0.49681553,69.84618
0.0,0.40998292,660.50073
0.0,0.4635447,79.39308
0.0,0.40954584,458.97818
0.0,0.40954584,458.97818
0.0,0.49215743,75.14408
0.0,0.4376071,173.10063
0.0,0.48720455,65.468575
0.0,0.30382052,103.6395
0.0,0.4932192,126.67035
0.0,0.3744191,111.48989
0.0,0.54475904,68.431274
0.0,0.49819124,75.35832
0.0,0.403535,72.940285
0.0,0.35390592,85.25117
0.0,0.4336718,474.5854
0.0,0.49426812,113.55632
0.0,0.3392374,111.31388
0.0,0.49345693,67.942215
0.0,0.392402,156.76775
0.0,0.5336874,96.74778
0.0,0.3927093,231.45073
0.0,0.23081262,104.298515
0.0,0.29062077,108.67508
0.0,0.42956752,125.925415
0.0,0.3946322,77.06607
0.0,0.29914922,139.76093
0.0,0.33606574,148.86044
0.0,0.42518622,70.14618
0.0,0.4337074,91.170555
0.0,0.5109355,65.20961
0.0,0.32999766,128.6743
0.0,0.49530295,67.5223
0.0,0.46032578,80.078255
0.0,0.47361404,76.557106
0.0,0.41731143,360.30432
0.0,0.33859324,77.706375
0.0,0.35465762,245.8213
0.0,0.30626774,526.7515
0.0,0.5758634,186.37714
0.0,0.5608527,66.79143
0.0,0.39422143,429.92676
0.0,0.42018133,89.72285
0.0,0.32685217,98.88239
0.0,0.41148156,138.635
0.0,0.3546645,278.70248
0.0,0.43425438,70.97435
0.0,0.31684494,84.51931
0.0,0.32112902,135.60674
0.0,0.45255274,78.8485
0.0,0.4811647,75.99908
0.0,0.3440314,85.55934
0.0,0.4750439,74.28475
0.0,0.4002223,261.94235
0.0,0.4388023,526.43463
0.0,0.37192765,147.89998
0.0,0.5787178,85.585884
0.0,0.3341392,175.29996
0.0,0.37141365,133.23448
0.0,0.52239764,181.43541
0.0,0.49491435,73.1917
0.0,0.3136965,152.52867
0.0,0.32394493,68.05394
0.0,0.47496444,89.90123
0.0,0.37861517,78.324585
0.0,0.2847367,420.84473
0.0,0.49019152,69.257065
0.0,0.5212552,333.28113
0.0,0.46226212,181.50525
0.0,0.43485782,86.7737
0.0,0.48952132,165.21411
0.0,0.39108065,96.65958
0.0,0.32477313,91.91488
0.0,0.44721544,98.33772
0.0,0.49792725,103.64696
0.0,0.38582015,68.41254
0.0,0.500953,170.7704
0.0,0.32094043,80.43977
0.0,0.43995517,76.677025
0.0,0.44547606,174.64304
0.0,0.41023338,66.09438
0.0,0.42111638,70.49393
0.0,0.45107576,128.21625
0.0,0.4584135,86.71184
0.0,0.36590043,353.90118
0.0,0.3637893,71.12237
0.0,0.40489668,79.26071
0.0,0.49389413,72.88807
0.0,0.4524637,72.51606
0.0,0.36040813,73.40703
0.0,0.48776934,85.07077
0.0,0.35447934,66.28692
0.0,0.62991434,209.33795
0.0,0.5147353,101.67157
0.0,0.44807607,94.31841
0.0,0.4054692,85.36619
0.0,0.3586511,86.608604
0.0,0.36522132,102.67559
0.0,0.5874115,75.60396
0.0,0.3869982,107.55551
0.0,0.5293999,159.56726
0.0,0.37568182,70.771095
0.0,0.49558765,131.36595
0.0,0.42204216,203.60114
0.0,0.4284595,86.74441
0.0,0.4842738,86.213356
0.0,0.423257,94.531105
0.0,0.33231953,132.21187
0.0,0.39091653,75.71769
0.0,0.38325125,383.14197
0.0,0.4547544,102.91944
0.0,0.49162033,69.99623
0.0,0.32117617,133.72697
0.0,0.3872258,136.52402
0.0,0.4255061,70.86948
0.0,0.35991964,84.24771
0.0,0.4494726,116.10733
0.0,0.52232915,188.66756
0.0,0.4093063,81.473625
0.0,0.38326198,74.67447
0.0,0.39685565,67.83862
0.0,0.48385078,77.608025
0.0,0.4516262,265.09344
0.0,0.5134788,102.63242
0.0,0.59813833,126.18818
0.0,0.3755098,79.15663
0.0,0.3644396,77.406845
0.0,0.39189953,81.92377
0.0,0.43121374,81.74115
0.0,0.41320595,67.156876
0.0,0.5361412,103.56886
0.0,0.33345973,72.38359
0.0,0.50136757,70.64424
0.0,0.51946944,79.19273
0.0,0.26476875,80.20049
0.0,0.36809695,171.58975
0.0,0.34461784,68.240105
0.0,0.48664355,141.44623
0.0,0.441533,70.36092
0.0,0.4654978,120.19686
0.0,0.46831164,106.951225
0.0,0.36573318,72.82194
0.0,0.5397499,334.28253
0.0,0.5397499,334.28253
0.0,0.5011328,612.3224
0.0,0.39990526,749.09845
0.0,0.44127837,106.044266
0.0,0.63351834,69.17843
0.0,0.3687691,210.08768
0.0,0.49310932,73.806145
0.0,0.60172427,101.33456
0.0,0.4330594,67.38592
0.0,0.5316947,66.887726
0.0,0.4344689,270.89188
0.0,0.4472789,103.98007
0.0,0.40564603,67.4898
0.0,0.5455042,66.30217
0.0,0.39178357,94.101814
0.0,0.5053908,74.90482
0.0,0.4540728,65.69729
0.0,0.48973235,209.3151
0.0,0.29370555,72.09318
0.0,0.3333999,108.21797
0.0,0.38370016,113.69337
0.0,0.2918987,110.376526
0.0,0.5592208,75.66433
0.0,0.38373217,208.68896
0.0,0.36248475,784.76544
0.0,0.33592856,126.93613
0.0,0.384729,88.279366
0.0,0.46567386,91.20495
0.0,0.30567878,70.76612
0.0,0.36695892,236.71245
0.0,0.50439835,74.142624
0.0,0.51488745,70.74561
0.0,0.47496444,106.82436
0.0,0.3878346,88.9571
0.0,0.48764443,69.483986
0.0,0.49473372,125.75215
0.0,0.47490048,114.181435
0.0,0.38106903,69.99927
0.0,0.4645113,66.38042
0.0,0.35415107,83.10806
0.0,0.43981624,98.471375
0.0,0.52329344,177.03506
0.0,0.604798,1020.92
0.0,0.4266605,68.21471
0.0,0.36840615,199.3552
0.0,0.38647464,78.7062
0.0,0.3630151,145.31729
0.0,0.48828304,176.45212
0.0,0.28968424,110.678215
0.0,0.4629586,100.63619
0.0,0.40393925,68.562874
0.0,0.5003391,68.74195
0.0,0.37365878,91.813614
0.0,0.50033116,132.86452
0.0,0.36477903,85.75355
0.0,0.5022031,69.888756
0.0,0.4290239,82.946686
0.0,0.36947033,68.54074
0.0,0.5752988,428.50897
0.0,0.36651838,78.231705
0.0,0.36740386,318.51608
0.0,0.43024054,131.28961
0.0,0.38752228,130.28256
0.0,0.49521795,107.01207
0.0,0.31834286,115.021774
0.0,0.30750167,150.03769
0.0,0.4000142,118.04024
0.0,0.38820317,528.83417
0.0,0.48578167,214.88283
0.0,0.4808846,123.890656
0.0,0.3802233,70.549576
0.0,0.51530385,119.62658
0.0,0.49183315,85.3279
0.0,0.37539437,154.96426
0.0,0.46844932,102.41624
0.0,0.3809325,174.06041
0.0,0.3847992,72.210106
0.0,0.40533575,211.5825
0.0,0.46610063,70.198494
0.0,0.41707376,66.700134
0.0,0.3965163,103.20142
0.0,0.44523978,435.78543
0.0,0.57895845,110.7379
0.0,0.39650413,84.22126
0.0,0.5410603,69.8182
0.0,0.50787896,129.74382
0.0,0.40007856,298.11893
0.0,0.41014168,72.51988
0.0,0.39139128,95.94349
0.0,0.4148526,108.08865
0.0,0.4117887,140.73929
0.0,0.31527078,80.423965
