true_label,prob_tau,reco_energy_tev
1.0,0.56049883,106.125854
1.0,0.40338704,350.3455
1.0,0.2756021,1080.5258
1.0,0.49432442,295436.88
1.0,0.9606754,782257.4
1.0,0.9801232,359.82755
1.0,0.8134406,114.63591
1.0,0.9992393,977.4025
1.0,0.7468936,99.64806
1.0,0.77513313,111.29079
1.0,0.42482466,110.70683
1.0,0.6040016,73.61491
1.0,0.7344748,126.70498
1.0,0.8149487,332.57034
1.0,0.8809306,433.03525
1.0,0.8918405,1448.5293
1.0,0.7542671,139.2763
1.0,0.8703288,80.23425
1.0,0.7470827,73.32567
1.0,0.56360936,864351.4
1.0,0.49440283,3.6944655e+09
1.0,0.5925632,167.58221
1.0,0.5587645,372182.1
1.0,0.5917901,79.0489
1.0,0.6785714,478344.12
1.0,0.7380221,2879.8564
1.0,0.81663406,72675.77
1.0,0.67291015,109.75236
1.0,0.482955,9.366815e+06
1.0,0.3765259,111.434456
1.0,0.051430535,71.99798
1.0,0.7375794,72.818245
1.0,0.7059958,109.167435
1.0,0.9297334,154.86807
1.0,0.72179496,92.19834
1.0,0.042575326,1522.6532
1.0,0.49235624,96.48714
1.0,0.64090824,82.15892
1.0,0.9782462,1.7686895e+06
1.0,0.47370154,1669.2992
1.0,0.88165796,1022.0584
1.0,0.46721187,83.81497
1.0,0.96131027,129.34436
1.0,0.9999535,54653.438
1.0,0.89718395,76.75807
1.0,0.9610695,211.49307
1.0,0.89541596,179.83412
1.0,0.181878,1518.7369
1.0,0.9983941,1614.2139
1.0,0.35741687,123.16545
1.0,0.7591129,266.4164
1.0,0.6066567,139.78455
1.0,0.79619145,89.428116
1.0,0.5888978,45519.69
1.0,0.8843502,122.061745
1.0,0.85257316,894.2362
1.0,0.81810665,367.2374
1.0,0.7307423,73977.984
1.0,0.97014064,193.82245
1.0,0.97547907,2799.9758
1.0,0.7915313,4170.661
1.0,0.8497815,181.84395
1.0,0.49440283,167.2385
1.0,0.5706985,18198.656
1.0,0.56606644,107.27058
1.0,0.89573944,87.56986
1.0,0.85777366,1.9607115e+08
1.0,0.8654019,8.050896e+06
1.0,0.6240543,1.1269426e+09
1.0,0.9914795,170.47656
1.0,0.5381796,73.34892
1.0,0.7095885,70.62501
1.0,0.92127055,85.6974
1.0,0.57966536,113.81295
1.0,0.7967963,87.51104
1.0,0.48625427,70.71266
1.0,0.8008875,235.53375
1.0,0.6577752,125.63416
1.0,0.50599736,5.347236e+06
1.0,0.49440283,3814.3489
1.0,0.66611,636344.56
1.0,0.79491526,237.62567
1.0,0.60934067,88.8687
1.0,0.5898512,7.023319e+10
1.0,0.8424429,236.24054
1.0,0.7388638,363.09595
1.0,0.61825824,65560.87
1.0,0.5328857,165.64558
1.0,0.89943844,97.167694
1.0,0.543945,2.5823776e+07
1.0,0.59821236,172.56125
1.0,0.8488287,582.8827
1.0,0.4328372,802.62933
1.0,0.76649636,98.569374
1.0,0.03555117,85.95126
1.0,0.9314466,1788.429
1.0,0.4952672,171.82439
1.0,0.0080636535,117.927986
1.0,0.49440283,1.7281416e+08
1.0,0.64768136,350.6374
1.0,0.46445957,123.415955
1.0,0.47427794,76.92297
1.0,0.7232144,160.8487
1.0,0.99700016,215.67715
1.0,0.02210251,185.5165
1.0,0.7662084,72.58044
1.0,0.5780193,2179.1978
1.0,0.8063296,73.45601
1.0,0.9601014,214.11859
1.0,0.7590076,193.60019
1.0,0.45798525,66.83612
1.0,0.4541131,4421.147
1.0,0.934209,101.38207
1.0,0.6041157,4533.1016
1.0,0.8935893,95.75377
1.0,0.9708967,486.04877
1.0,0.31683165,333.17703
1.0,0.31683165,333.17703
1.0,0.49876565,214.48247
1.0,0.9753601,137.63249
1.0,0.0029528122,449.04993
1.0,0.35561657,10461.712
1.0,0.754958,107.92044
1.0,0.023587354,77.89666
1.0,0.8155261,133.41577
1.0,0.88207275,273.5874
1.0,0.80450267,168.57552
1.0,0.8769838,679375.56
1.0,0.090387985,173.09103
1.0,0.88141185,180.87244
1.0,0.34606966,170.24182
1.0,0.76828986,184.78436
1.0,0.5031612,8.2898505e+11
1.0,0.7439543,152.7073
1.0,0.8350658,1.9386926e+06
1.0,0.48892218,2.2587914e+10
1.0,0.43969184,225.87715
1.0,0.7281165,370.96735
1.0,0.6901761,97.36029
1.0,0.75777954,77.5129
1.0,0.44039086,434.64
1.0,0.38284945,4410.345
1.0,0.5510202,157.01683
1.0,0.55779654,149.27231
1.0,0.6785447,79.50257
1.0,0.54550725,129.91246
1.0,0.9847462,454.37152
1.0,0.5198906,76.681145
1.0,0.7660684,109.58439
1.0,0.49176037,260.48297
1.0,0.82439387,94.26588
1.0,0.43370393,107.17269
1.0,0.5864601,183.1323
1.0,0.48812354,104.71297
1.0,0.4624084,193.66418
1.0,0.6107541,726.5877
1.0,0.07162837,103.08161
1.0,0.38210142,4.1652797e+08
1.0,0.48586038,7426.412
1.0,0.06282237,180.22995
1.0,0.6415926,147.07928
1.0,0.719019,123.50013
1.0,0.66370976,249.2138
1.0,0.77915305,134.57361
1.0,0.16243973,80.234474
1.0,0.15986781,101.88786
1.0,0.8633219,119.788445
1.0,0.6176934,13887.205
1.0,0.7163029,120.10642
1.0,0.69103193,1.8060395e+08
1.0,0.69429487,80.90612
1.0,0.9480541,791.5998
1.0,0.5445516,121.638374
1.0,0.9979893,334.49234
1.0,0.78817165,221.62961
1.0,0.1011968,279.3403
1.0,0.19506605,70.6143
1.0,0.49126422,75.08256
1.0,0.0938169,112.77422
1.0,0.093816854,112.77422
1.0,0.48203254,89.85936
1.0,0.78336257,173.30013
1.0,0.9769398,222.33203
1.0,0.8822146,177.01018
1.0,0.9380876,90.74402
1.0,0.3179636,68.92437
1.0,0.96552616,63982.367
1.0,0.831592,175.9465
1.0,0.70271116,80.861626
1.0,0.9487143,4685.3447
1.0,0.87613493,213.0517
1.0,0.20541371,102.21605
1.0,0.722815,88.555046
1.0,0.47104248,69.45014
1.0,0.9020906,1429.64
1.0,0.82628244,126.633286
1.0,0.97015035,265.7808
1.0,0.6988057,495.09802
1.0,0.6742888,101.10867
1.0,0.5058157,106.66105
1.0,0.24301434,96.0113
1.0,0.14058983,87.3066
1.0,0.18233253,163.374
1.0,0.5444491,183.51744
1.0,0.51154727,21872.797
1.0,0.7324492,1829.5804
1.0,0.23097879,157.22488
1.0,0.48132017,2000.0381
1.0,0.895175,209.0006
1.0,0.042611063,107.82806
1.0,0.66909236,1.4858603e+08
1.0,0.5893937,130.0032
1.0,0.8478652,97.53011
1.0,0.9511166,138.12897
1.0,0.338142,10183.462
1.0,0.780188,5948.8384
1.0,0.74697036,297.52313
1.0,0.49440283,554.56476
1.0,0.099815205,163.1389
1.0,0.709148,95.34295
1.0,0.67457765,2224.7073
1.0,0.9972965,278.5015
1.0,0.73628676,72.98948
1.0,0.9566413,158.2645
1.0,0.49440283,3280.9873
1.0,0.7980797,72.83742
1.0,0.7885717,137.15543
1.0,0.919503,200860.1
1.0,0.029968524,351.5805
1.0,0.76884824,88.15756
1.0,0.763504,65.18116
1.0,0.8332778,1715.6696
1.0,0.9562855,3317.5593
1.0,0.50655967,7.579101e+06
1.0,0.526227,25261.723
1.0,0.13165936,119.31838
1.0,0.9936581,489.28226
1.0,0.98770034,83.87401
1.0,0.5923442,115.23799
1.0,0.99298567,222.44533
1.0,0.5915263,94.8969
1.0,0.7466514,128.0773
1.0,0.23973621,9.194662e+07
1.0,0.996442,307.74878
1.0,0.4880907,1041.2145
1.0,0.6156497,139.9899
1.0,0.71724147,117.337166
1.0,0.8904056,1.8767958e+07
1.0,0.9787364,295001.88
1.0,0.81176126,134.0983
1.0,0.9864253,28304.947
1.0,0.384784,1.4846536e+09
1.0,0.8407671,83.737595
1.0,0.43553206,135022.58
1.0,0.43553203,135022.58
1.0,0.56003606,71.35114
1.0,0.58974814,83.170044
1.0,0.4575227,1.8093818e+08
1.0,0.91068035,299.43274
1.0,0.6615488,76.170334
1.0,0.67550766,131.93439
1.0,0.51479137,76.66414
1.0,0.98437774,128.25603
1.0,0.67259187,129.35068
1.0,0.12784056,183.66267
1.0,0.4974483,72.25234
1.0,0.682368,98.56196
1.0,0.31850004,132.21753
1.0,0.579353,81.360565
1.0,0.7037489,182.15588
1.0,0.9997584,403.6591
1.0,0.100532725,82.1997
1.0,0.65396696,89.92473
1.0,0.35800338,93.11617
1.0,0.6758134,139.57275
1.0,0.9989009,86.192245
1.0,0.5226625,71.53733
1.0,0.51660144,103.95862
1.0,0.49065885,69.55553
1.0,0.875446,72.870674
1.0,0.21493514,132.55351
1.0,0.52261233,268.75177
1.0,0.9996308,34148.523
1.0,0.58335346,77.752655
1.0,0.5360076,66.814186
1.0,0.645795,111.51542
1.0,0.99999356,91.410065
1.0,0.99956816,331.2331
1.0,0.43819797,70.65911
1.0,0.1863576,101.44326
1.0,0.99950206,137.60484
1.0,0.09955501,110.55379
1.0,0.4645103,83.371414
1.0,0.25308406,462.21298
1.0,0.99999464,6789.8335
1.0,0.25979406,78.99961
1.0,0.344341,171.31389
1.0,0.037157163,92.978004
1.0,0.5958155,70.49429
1.0,0.36103547,122.05994
1.0,0.5415687,86.19649
1.0,0.19456235,79.9789
1.0,0.27526617,81.184555
1.0,0.57559425,99.81473
1.0,0.93963414,4.632601e+10
1.0,0.9872077,65.804146
1.0,0.49551937,140.50714
1.0,0.18567958,105.02708
1.0,0.34828863,154.94273
1.0,0.60410345,90.817085
1.0,0.3357245,78.222466
1.0,0.19555753,303.764
1.0,0.3021992,100.95342
1.0,0.06907651,175.60973
1.0,0.4075222,65.28184
1.0,1.0,131.39005
1.0,0.28501436,78.107765
1.0,0.5630119,639.9575
1.0,0.6140195,77.4579
1.0,0.2884289,243.25948
1.0,0.33540016,69.11889
1.0,0.5034771,76.61525
1.0,0.6022282,207.0896
1.0,0.4456204,69.175064
1.0,0.089214616,380.9789
1.0,0.2607138,84.139786
1.0,0.9984261,169.61511
1.0,0.46398097,274.544
1.0,0.5743586,75.94036
1.0,0.5352964,100.81386
1.0,0.43115175,946.2207
1.0,0.5962001,66.412506
1.0,0.5424803,142.30829
1.0,0.9828646,102.642624
1.0,0.54803115,97.78689
1.0,0.5983434,87.19598
1.0,0.5959918,379.17633
1.0,0.4363504,79.21428
1.0,0.5778375,78.99683
1.0,0.6378433,80.3274
1.0,0.3921318,67.79328
1.0,0.25469655,101.71534
1.0,0.8831957,72.20947
1.0,0.9999908,684.5112
1.0,0.4742204,65.04634
1.0,0.61476403,76.013016
1.0,0.6570393,88.54265
1.0,0.24747948,170.58347
1.0,0.37650046,104.86276
1.0,0.3959,65.19232
1.0,0.5319761,65.80512
1.0,0.3710675,86.38301
1.0,0.93230987,138.10266
1.0,0.69514847,104.57096
1.0,0.5666233,132.27205
1.0,0.99999857,314.35513
1.0,0.58781904,109.29072
1.0,0.8718639,697.2998
1.0,0.6207648,66.54537
1.0,0.4865177,12626.946
1.0,0.18865322,71.821045
1.0,0.4237441,73.10519
1.0,0.46100554,82.508766
1.0,0.9488497,267.6331
1.0,0.0884593,85.776596
1.0,0.6400842,66.41027
1.0,0.59851736,101.96609
1.0,0.99791056,1727.8325
1.0,0.9998305,84.122
1.0,0.55632174,94.42499
1.0,0.9810455,70.767555
1.0,0.28799868,145.37259
1.0,1.0,121.361565
1.0,0.87470716,424.32016
1.0,0.9999994,170.0369
1.0,0.36533025,68.25339
1.0,0.35767958,142.64783
1.0,0.6403101,80.76115
1.0,0.2387468,68.36723
1.0,0.7106559,190.11693
1.0,0.6466508,97.16892
1.0,0.7740558,173.3278
1.0,0.22259258,76.405075
1.0,0.44583488,140.04955
1.0,0.4108312,368.05984
1.0,0.6178246,108.217255
1.0,0.99908054,65.46976
1.0,0.99923015,78.253265
1.0,0.5131849,78.025826
1.0,0.6887712,82.9818
1.0,0.3710363,106.94676
1.0,0.4451161,71.5716
1.0,0.97325313,99.28364
1.0,0.31053677,114.16664
1.0,0.23055167,89.40941
1.0,0.42200413,211.94266
1.0,0.10841691,110.399796
1.0,0.23291078,105.69177
1.0,0.3733419,82.617455
1.0,0.7653636,681.7518
1.0,0.9999982,1574.2354
1.0,0.51328284,113.26898
1.0,0.49374354,350.46362
1.0,1.0,451.5313
1.0,0.48953414,83.3949
1.0,0.22241099,71.03839
1.0,0.109111875,523.8924
1.0,0.9108903,3049.386
1.0,0.10943789,79.35436
1.0,0.53214467,477.74313
1.0,0.46173787,166.13382
1.0,0.58343756,79.178276
1.0,0.26706,127.961555
1.0,0.33501205,155.3514
1.0,0.23217122,111.95775
1.0,0.44157773,67.522285
1.0,0.99999857,15666.227
1.0,0.10370214,73.6373
1.0,0.95604986,82.635826
1.0,0.99301237,86.96403
1.0,0.7170247,74.77735
1.0,0.3183585,75.69154
1.0,0.5164112,74.29368
1.0,0.8026264,72.80112
1.0,0.76433367,250.14397
1.0,0.9964192,224.18175
1.0,0.30224344,75.90993
1.0,0.9895466,101.03204
1.0,0.4432202,101.86404
1.0,0.9441029,93.2695
1.0,0.34241885,130.2044
1.0,0.9962243,1992.8286
1.0,0.54533565,109.612785
1.0,0.37256795,75.923515
1.0,0.99999356,71.6768
1.0,0.8427841,237.8324
1.0,0.5682202,80.9168
1.0,0.98163134,118.41597
1.0,0.44531733,225.4354
1.0,0.6031929,81.7833
1.0,0.60217166,81.41758
1.0,1.0,1523.1531
1.0,0.26047498,76.59557
1.0,0.15100704,378.9649
1.0,0.10422868,65.728874
1.0,0.720094,111.286385
1.0,0.64211076,94.574554
1.0,0.17103347,156.1344
1.0,0.3829157,1.6614768e+06
1.0,0.3659322,86.39278
1.0,0.10960223,93.55314
1.0,0.25957876,98.73122
1.0,1.0,71804.65
1.0,0.7183288,464.58725
1.0,0.89127207,78.55596
1.0,0.59087276,99.07918
1.0,0.55316544,71.21692
1.0,0.7526699,72.29904
1.0,0.48869717,218.47235
1.0,0.5548891,66.61425
1.0,0.0038017936,72.607834
1.0,0.995707,97.38678
1.0,0.65181756,89.32873
1.0,0.99804413,924.5953
1.0,0.24645053,117.158485
1.0,0.5732399,65.519646
1.0,0.59389544,78.43898
1.0,0.2674476,138.12943
1.0,0.502676,310.2124
1.0,0.9752661,1117.8223
1.0,0.31632596,109.39288
1.0,0.49684682,109.992485
1.0,0.77665985,718.62695
1.0,0.6365525,67.562996
1.0,0.99093634,115.714966
1.0,0.57159597,68.88112
1.0,0.73881996,131.01888
1.0,0.9994497,65.77112
1.0,0.9999988,239.37411
1.0,0.34798613,117.30664
1.0,0.69207734,71.28997
1.0,0.5268596,78.85747
1.0,0.9989422,1619.7584
1.0,0.2033752,247.9986
1.0,0.050088987,72.3227
1.0,1.0,255.71815
1.0,1.0,354.37924
1.0,0.3590332,74.302895
1.0,0.7438937,98.23121
1.0,0.5727313,123.73792
1.0,0.5222631,69.5686
1.0,0.88130134,392.4373
1.0,0.20195183,69.363914
1.0,0.60831255,97.32989
1.0,1.0,9711.09
1.0,0.5390223,74.49954
1.0,0.5095601,70.62035
1.0,0.26594028,90.39767
1.0,0.56966233,118.09099
1.0,0.6254966,67.73597
1.0,0.53172547,106.291916
1.0,0.35232398,264.5982
1.0,0.52657527,78.20882
1.0,0.9544467,112.72248
1.0,0.5024111,86.795235
1.0,0.07157764,98.502785
1.0,0.8777178,90.780495
1.0,0.9546021,99.24811
1.0,0.38680682,101.52098
1.0,0.99999356,76.13375
1.0,0.9961838,261.8121
1.0,0.77880704,105.31726
1.0,0.8749987,267.74875
1.0,0.5851002,91.58084
1.0,0.37866154,67.87394
1.0,0.42049146,72.630936
1.0,0.5042051,263.50638
1.0,0.5133385,75.629036
1.0,0.6633538,341.1255
1.0,0.54986656,100.09546
1.0,0.50290114,68.1412
1.0,0.06493241,74.0017
1.0,0.1222093,78.73224
1.0,0.40059757,128.92632
1.0,0.1861218,179.54459
1.0,0.51818097,87.794975
1.0,0.8810055,78.29697
1.0,0.22156765,92.180046
1.0,0.59935033,132.10397
1.0,0.76776814,201.3338
1.0,0.61688817,76.31172
1.0,0.63622564,65.744965
1.0,0.5547384,75.03401
1.0,0.5745237,191.47356
1.0,0.68666863,69.09187
1.0,0.15131968,65.05666
1.0,0.6167633,73.82608
1.0,0.6158406,144.4527
1.0,0.8616564,159.87099
1.0,0.2061914,237.989
1.0,0.30783266,70.82385
1.0,0.9976653,348.88412
1.0,0.73576826,86.4425
1.0,0.6275904,69.09468
1.0,0.9855306,668.6655
1.0,0.23874156,73.43523
1.0,0.1983054,93.83001
1.0,0.8773891,168.9268
1.0,0.33087325,165.01976
1.0,0.99999976,2976.29
1.0,0.56420666,89.61051
1.0,0.9999982,147.07104
1.0,0.34671843,67.06882
1.0,0.15160263,132.29892
1.0,0.9999901,166.65578
1.0,0.6379164,71.63432
1.0,0.6406425,91.63616
1.0,0.99999714,5264.7134
1.0,0.99864274,476.9504
1.0,0.41125166,73.79999
1.0,0.5160032,72.72502
1.0,0.8783114,111.58094
1.0,0.49671605,69.464645
1.0,0.9607535,103.1445
1.0,0.9995165,2415.2585
1.0,0.9584596,98.45402
1.0,0.03680009,88.31756
1.0,0.5245023,78.12998
1.0,0.52801085,67.8655
1.0,0.10637527,92.90555
1.0,0.61917984,118.411156
1.0,0.53219646,65.48691
1.0,0.54301775,73.691444
1.0,0.9811033,305.2436
1.0,0.11985449,67.474724
1.0,0.5982611,86.32219
1.0,0.52021044,77.64578
1.0,0.56993645,90.179596
1.0,0.9979983,218.5496
1.0,0.9999999,4052.9736
1.0,0.9999999,4052.9736
1.0,0.5552444,111.20968
1.0,0.49440283,112.178925
1.0,0.99961555,1456.8088
1.0,0.5074502,716.204
1.0,0.82242733,737.9784
1.0,0.947374,1307.8044
1.0,0.6968717,65.885086
1.0,0.41746888,301.00357
1.0,0.33538097,80.482994
1.0,0.8222675,66.33942
1.0,0.51373297,133.46764
1.0,1.0,1964.4977
1.0,0.97617257,1072.4731
1.0,0.097078085,118.49498
1.0,0.9999957,2170.4736
1.0,0.10921124,95.42155
1.0,0.2894178,118.9091
1.0,0.987356,523.786
1.0,0.99986255,3449.2468
1.0,0.41948417,122.17786
1.0,0.015777066,132.3848
1.0,0.94213355,154.27365
1.0,0.82868856,110.75814
1.0,0.29300126,68.40767
1.0,0.30648577,79.048615
1.0,0.5737598,145.05864
1.0,0.35879725,98.92352
1.0,0.6272339,493.72083
1.0,0.99536043,82.59471
1.0,0.5270906,119.6057
1.0,0.04640756,128.81128
1.0,0.60585594,183.33981
1.0,0.95928764,76.088104
1.0,0.6851845,78.647484
1.0,0.5893125,127.185005
1.0,0.74890023,93.234
1.0,0.52457696,81.785255
1.0,0.5507643,78.83883
1.0,0.649084,88.777
1.0,0.9975727,72.15713
1.0,0.9972638,97.50571
1.0,0.6354412,85.51384
1.0,0.6235691,84.934586
1.0,0.49440283,105.45362
1.0,0.60219824,113.35707
1.0,0.5749257,67.97294
1.0,0.29568952,138.25475
1.0,0.73339015,96.27338
1.0,0.088139616,230.23706
1.0,0.5403911,71.88051
1.0,0.99313134,86.95782
1.0,0.8895761,79.26339
1.0,0.61641073,75.8462
1.0,0.5741749,65.00053
1.0,0.5741749,65.00053
1.0,0.9499575,1643.0645
1.0,0.2955098,87.64903
1.0,0.45658386,606.0359
1.0,0.16787161,68.07203
1.0,0.9999933,94.0431
1.0,0.5756683,127.04251
1.0,0.30019724,165.16151
1.0,0.21636699,81.99808
1.0,0.99935514,1460.0001
1.0,0.9996705,2706.0579
1.0,0.5225439,154.69618
1.0,0.9074342,291.2509
1.0,0.63465816,91.58612
1.0,0.99983776,16911.137
1.0,0.02512774,133.27274
1.0,0.22431405,85.303314
1.0,0.999998,12659.749
1.0,0.12472298,225.33702
1.0,0.3740961,115.909706
1.0,0.5926685,68.46245
1.0,0.62819177,209.60014
1.0,0.5021841,94.29217
1.0,0.9999615,1223.2335
1.0,0.41259116,73.35977
1.0,0.5051652,66.285934
1.0,0.77523464,67.75241
1.0,0.6484229,86.83164
1.0,1.0,236.50696
1.0,0.6144815,93.04701
1.0,0.53597593,72.477394
1.0,0.5274396,80.356575
1.0,0.47512245,66.31092
1.0,0.43081743,98.669426
1.0,0.97336584,107.598564
1.0,0.97426355,331.70712
1.0,0.527786,181.03972
1.0,0.9918147,128.23335
1.0,0.99999034,534.49677
1.0,0.7406267,151.87393
1.0,0.8434277,3.9305456e+07
1.0,0.9645247,1962.456
1.0,0.9992194,84.613556
1.0,0.43040028,149.08167
1.0,0.48108637,93.334785
1.0,1.0,223.05614
1.0,0.29704443,148.73831
1.0,0.542832,172.52478
1.0,0.14631796,18296.99
1.0,0.99993443,92.76662
1.0,0.8380273,131.08586
1.0,0.9994092,5663.1733
1.0,0.47978878,73.66329
1.0,0.57594097,103.45794
1.0,0.49440283,155.94456
1.0,0.44385004,102.233955
1.0,0.5971146,77.9902
1.0,0.582543,88.770546
1.0,0.392929,128.24948
1.0,0.52578247,102.69081
1.0,0.2891073,135.36316
1.0,0.951403,221.26782
1.0,0.45289084,106.87258
1.0,0.65357095,510.5422
1.0,0.6467636,93.77051
1.0,0.43368864,190.59712
1.0,0.41106603,80.26432
1.0,0.5385623,69.546036
1.0,0.20606528,75.65227
1.0,0.09701742,73.71641
1.0,0.99999404,389.96667
1.0,0.690702,70.0101
1.0,1.0,12156.908
1.0,0.7191204,66.24439
1.0,0.86467314,373.3086
1.0,0.9468367,102.7863
1.0,0.5774013,67.16517
1.0,0.97274643,6467.34
1.0,0.32138,205.50813
1.0,0.40170732,65.00454
1.0,0.63069236,86.900055
1.0,0.9926313,78.15411
1.0,0.53444386,91.641464
1.0,0.42111334,5321.1626
1.0,0.4432632,232.03392
1.0,0.999992,78.40738
1.0,0.446133,84.39028
1.0,0.4746224,143.80539
1.0,0.99999654,5948.9395
1.0,0.67322713,783.6044
1.0,0.050962295,66.5733
1.0,0.5371224,79.31817
1.0,0.5214701,87.467674
1.0,0.32133713,68.94301
1.0,0.51161104,657.2815
1.0,0.05215431,74.86164
1.0,0.013067852,83.860886
1.0,0.5363995,79.13964
1.0,0.18480179,2388.447
1.0,0.4660287,72.026146
1.0,0.48852277,257.2672
1.0,0.43707103,185.19434
1.0,0.18459229,71.22145
1.0,0.46156064,93.5894
1.0,0.53476363,67.183464
1.0,0.27452675,165.49216
1.0,0.58047885,66.38222
1.0,0.9996525,22413.621
1.0,0.99991274,997.7736
1.0,0.37907252,120.46248
1.0,0.98539704,69.48095
1.0,0.9999739,7978.864
1.0,0.48162296,69.38436
1.0,0.44126117,70.13166
1.0,0.99560505,1578.3674
1.0,0.65985733,86.83853
1.0,0.941849,155.27321
1.0,0.5843669,204.66373
1.0,1.0,11542.699
1.0,0.25621966,248.76315
1.0,0.31668663,98.13856
1.0,0.065909006,392.61725
1.0,0.5872543,67.05231
1.0,0.7033049,79.79306
1.0,0.7828796,89.746666
1.0,0.68587536,433.17078
1.0,0.5360233,67.21205
1.0,0.14803472,113.493065
1.0,0.35713542,40720.777
1.0,0.41052473,83.32337
1.0,0.27264246,75.80907
1.0,0.48325038,133.17671
1.0,0.19027016,175.01523
1.0,0.22239213,103.04891
1.0,0.9999019,76.19103
1.0,1.0,2555.8062
1.0,0.56735116,75.603424
1.0,0.63672566,109.897964
1.0,0.18084422,138.68448
1.0,0.99318886,154.10175
1.0,0.816533,131.39163
1.0,0.51955014,435.36407
1.0,0.2428568,105.98455
1.0,0.7176584,69.36719
1.0,0.5713474,105.927605
1.0,0.45789665,72.09417
1.0,0.6052343,215.68402
1.0,0.82367575,67.084984
1.0,0.52264625,141.71687
1.0,0.5227066,153.91159
1.0,0.9999999,107.00185
1.0,0.4047169,75.95474
1.0,0.56238145,171.68248
1.0,0.74603975,234.9855
1.0,0.3186235,91.86378
1.0,0.6632204,123.5324
1.0,0.03188088,72.12885
1.0,1.0,23149.09
1.0,0.3476634,70.205086
1.0,0.5506756,91.69733
1.0,0.49440283,82.19686
1.0,0.9228934,90.701836
1.0,0.2807629,86.030716
1.0,0.5255206,71.27089
1.0,0.6517783,88.431915
1.0,0.46070603,83.201584
1.0,0.9999629,1219.6173
1.0,0.93821734,73.48025
1.0,0.32696906,103.474075
1.0,0.40296704,102.655136
1.0,0.39404908,358.33154
1.0,0.49440283,77.403984
1.0,0.40368327,88.68433
1.0,0.48268119,74.86499
1.0,0.16671188,68.81129
1.0,0.26976478,170.27621
1.0,0.3504257,91.238625
1.0,0.5959238,449.27505
1.0,0.452231,225.579
1.0,0.1899403,71.164215
1.0,0.63593745,79.4916
1.0,0.45438433,67.848175
1.0,0.59025544,97.05526
1.0,0.6147401,82.06633
1.0,0.32077932,145.47997
1.0,0.61244375,72.52289
1.0,0.35905546,163.23781
1.0,0.9136075,552.65216
1.0,0.49222565,120.49561
1.0,0.9593444,90.1398
1.0,0.6788471,2461.1147
1.0,0.3222257,265.15515
1.0,0.6578513,69.013176
1.0,0.49440283,228.61546
1.0,0.96521264,320.31256
1.0,0.3568563,252.4043
1.0,0.68640167,122.50703
1.0,0.7049086,92.74824
1.0,0.4052299,434.51932
1.0,0.33689868,120.43153
1.0,0.47728112,108.47242
1.0,0.37695312,81.58505
1.0,0.97725505,155.83879
1.0,0.50390595,325.6498
1.0,0.54951656,76.09627
1.0,0.49418777,162.32745
1.0,0.9220173,122.732735
1.0,0.98628193,105.89348
1.0,0.9927859,495.0347
1.0,0.6307594,93.311806
1.0,0.9971162,1541.4761
1.0,0.14828788,233.95511
1.0,0.5003392,92.16312
1.0,0.12793441,220.44336
1.0,0.26447558,70.840515
1.0,0.99999964,119.362015
1.0,0.14814523,93.89004
1.0,0.9999964,3311.242
1.0,0.5567468,110.883896
1.0,0.52155185,102.541756
1.0,0.47819528,123.59651
1.0,0.54862463,114.21134
1.0,0.0393662,157.36105
1.0,0.49908254,70.75334
1.0,0.9999567,1179.1471
1.0,0.3923028,181.77968
1.0,0.7664615,92.8276
1.0,0.29157758,87.96141
1.0,0.533548,85.508675
1.0,0.998998,193.75606
1.0,0.9313933,115.693375
1.0,0.99634796,375.5759
1.0,0.527183,79.20441
1.0,0.8864756,89.97914
1.0,0.6006864,66.05443
1.0,0.6405164,74.14093
1.0,0.8645046,271.19318
1.0,0.70995295,98.71326
1.0,0.29271144,70.828926
1.0,0.5408958,65.03813
1.0,0.35144332,71.4162
1.0,0.29781845,72.419685
1.0,0.7860201,143.04031
1.0,0.6177733,70.289444
1.0,0.48641792,65.18567
1.0,0.5560254,67.63937
1.0,0.99999225,801.9053
1.0,0.5817494,89.59276
1.0,0.40041295,106.236786
1.0,0.6695484,171.78816
1.0,0.5072601,74.39771
1.0,0.59356046,82.1051
1.0,0.4428614,110.599495
1.0,0.5292021,90.282875
1.0,0.7417297,66.242485
1.0,0.8867049,100.76943
1.0,0.12894952,66.31738
1.0,0.115127526,399.3526
1.0,0.5002919,65.8439
1.0,0.56928575,244.62384
1.0,0.86211044,223.5157
1.0,0.3243025,67.54421
1.0,0.37110057,1595.7515
1.0,0.7140515,150.33278
1.0,0.5828605,67.74986
1.0,0.6411409,66.108116
1.0,0.9999999,363.97607
1.0,0.4157843,262.19528
1.0,0.4157843,262.19528
1.0,0.4256201,91.89868
1.0,1.0,22397.385
1.0,0.26566193,204.9762
1.0,0.2874563,75.39503
1.0,0.9674567,253.76604
1.0,0.48054144,66.78008
1.0,0.478166,727.31604
1.0,0.34947535,67.61966
1.0,0.94095373,66.14478
1.0,0.26755065,851.7631
1.0,0.96046805,85.6745
1.0,0.41491342,84.748856
1.0,0.5774422,106.92481
1.0,0.9889197,97.613434
1.0,0.5342339,82.18581
1.0,0.9995142,247.41753
1.0,0.4588183,83.923195
1.0,0.47267458,161.91795
1.0,0.43165264,80.20879
1.0,0.6450552,72.71488
1.0,0.9813244,112.553734
1.0,0.5030775,69.64952
1.0,0.5397268,86.60302
1.0,0.5287251,65.2029
1.0,0.24643932,65.66943
1.0,0.8566206,181.58847
1.0,0.41680676,332.19244
1.0,0.7288742,85.84514
1.0,0.3419029,175.73027
1.0,0.80503255,73.349144
1.0,0.99997497,96.23785
1.0,1.0,18056.666
1.0,0.6083885,77.83942
1.0,0.4687901,70.36525
1.0,0.9996878,165.73946
1.0,0.5110428,97.912025
1.0,0.60436505,331.2411
1.0,0.94802696,5323.313
1.0,0.9999993,92.372925
1.0,0.5708716,71.730316
1.0,0.45417702,82.28689
1.0,0.76249886,89.24795
1.0,0.5480153,158.02817
1.0,0.80015254,257.51944
1.0,0.31225878,86.98652
1.0,0.27628163,97.35022
1.0,0.08691545,108.687904
1.0,0.30872643,203.59096
1.0,0.978994,74.54031
1.0,0.99999094,151.88486
1.0,0.9945766,178.76956
1.0,0.7178539,83.890495
1.0,0.08192219,622.41974
1.0,1.0,184.22798
1.0,0.613661,66.40839
1.0,0.9635971,922.11707
1.0,0.4075286,148.67448
1.0,0.49440283,319.8239
1.0,0.8286147,72.9499
1.0,0.41980797,79.731514
1.0,0.25024995,67.45037
1.0,0.24068102,155.8068
1.0,0.99792373,519.21704
1.0,0.74100167,110.20905
1.0,0.48414266,104.038315
1.0,0.9333097,92.656784
1.0,0.13021794,94.0968
1.0,0.8853296,75.57284
1.0,0.23056886,120.031876
1.0,0.91212785,92.85751
1.0,0.44889748,387.11063
1.0,0.58137125,71.582565
1.0,0.64802927,71.7809
1.0,0.81022847,463.27255
1.0,0.86471474,107.57234
1.0,0.67152494,72.51484
1.0,0.984868,144.5675
1.0,0.018794734,166.25543
1.0,0.99999857,4417.884
1.0,0.35991308,124.95478
1.0,0.99988306,70.26977
1.0,0.96986187,1309.5812
1.0,0.63452965,123.04874
1.0,0.51830375,108.062965
1.0,0.9550462,268.27798
1.0,1.0,177.46019
1.0,0.6448075,65.27021
1.0,0.54254436,81.66705
1.0,0.6220045,69.11044
1.0,0.6399829,120.293365
1.0,0.46661612,256.59918
1.0,0.5027484,90.98398
1.0,1.0,399.22195
1.0,0.31252787,277.97055
1.0,0.4486545,88.17673
1.0,0.3376812,125.99816
1.0,0.046500795,69.4948
1.0,0.45049402,75.11554
1.0,0.73285544,298.42807
1.0,0.3903387,67.07188
1.0,0.89228785,80.80201
1.0,0.39683014,99.68358
1.0,0.51857907,115.10193
1.0,0.1854882,65.062325
1.0,0.99949145,102.14974
1.0,0.19570768,99.061775
1.0,0.11859294,168.48763
1.0,0.9211767,669.7467
1.0,0.00814898,219.31377
1.0,0.36231926,244.94582
1.0,0.50199056,97.87559
1.0,0.5635457,68.99098
1.0,0.30384064,117.792305
1.0,0.36752343,98.13142
1.0,0.7165444,168.83336
1.0,0.23150337,316.92294
1.0,0.98000354,464.58572
1.0,0.08989323,145.19736
1.0,0.31374615,102.58517
1.0,0.9999,89.042915
1.0,0.17485793,134.02875
1.0,0.4944435,651.5227
1.0,0.60311216,75.310844
1.0,0.41472062,724.4592
1.0,0.5490133,90.56673
1.0,0.9999974,163.18002
1.0,0.9965988,959.1518
1.0,0.50265837,65.75067
1.0,0.5124347,69.281136
1.0,0.99998724,1140.8795
1.0,0.26711804,66.08272
1.0,0.13990457,107.17728
1.0,0.3510619,66.639565
1.0,0.44585228,67.71437
1.0,0.026072683,322.52206
1.0,0.5358203,94.31337
1.0,0.5529529,110.015495
1.0,0.99966586,1259.9642
1.0,0.55241483,244.03528
1.0,0.5283959,83.238884
1.0,0.53977066,94.16778
1.0,0.5562031,142.11241
1.0,0.65323645,82.570114
1.0,0.99999094,122.372185
1.0,0.95365554,68.54328
1.0,0.57561535,68.456474
1.0,0.29209247,86.17675
1.0,0.28464606,96.287125
1.0,1.0,3254.9077
1.0,0.9999094,248.6183
1.0,0.574024,75.27922
1.0,0.19810201,66.5125
1.0,0.46686897,86.24767
1.0,0.99986315,1178.324
1.0,0.4697619,66.98691
1.0,0.5925035,79.71522
1.0,0.5337432,84.26251
1.0,0.40111578,99.82325
1.0,0.7791269,75.135956
1.0,0.44871277,66.32375
1.0,0.49175486,87.95695
1.0,0.9967553,108.00691
1.0,0.5177693,151.19586
1.0,0.910723,367.2283
1.0,0.4285257,155.36624
1.0,0.63387805,75.15466
1.0,0.7130003,65.65523
1.0,0.9510525,93.17447
1.0,0.66192484,66.58255
1.0,0.9999113,1205.4615
1.0,0.35946766,742.0861
1.0,0.86202204,149923.4
1.0,0.9855058,154.90608
1.0,0.8484122,96.278824
1.0,0.6380041,4.3936705e+06
1.0,0.47396314,79.38092
1.0,0.11003688,76.17736
1.0,0.9996575,295.27814
1.0,0.45754325,87.796295
1.0,0.397489,165.12589
1.0,0.9999995,375.0326
1.0,0.17681482,80.823814
1.0,0.51565343,126.28853
1.0,0.97108895,520.7383
1.0,0.15618813,104.94759
1.0,0.38320014,73.47769
1.0,0.9318785,144.60011
1.0,0.476756,376.55078
1.0,0.9815599,570.65814
1.0,0.45540285,76.58809
1.0,0.45206156,548.39294
1.0,0.14991571,85.15712
1.0,0.9998758,1095.0536
1.0,0.6904532,77.170006
1.0,0.811181,344.81165
1.0,0.37147686,96.56729
1.0,0.2839636,212.24922
1.0,0.53331,109.79979
1.0,0.9983954,511.58957
1.0,0.8774685,167.38342
1.0,0.44547197,130.5403
1.0,0.99310195,303.58694
1.0,0.9984456,364.16333
1.0,0.21189636,84.38152
1.0,0.5932152,67.90373
1.0,0.56668407,144.96121
1.0,0.61320764,144.9379
1.0,0.5626778,79.58399
1.0,0.60437876,114.16984
1.0,0.5706721,232.37772
1.0,0.8832958,68.5484
1.0,0.34815592,72.02601
1.0,0.52193105,96.53048
1.0,0.17842804,134.50159
1.0,0.27479795,179.94176
1.0,0.51969206,113.39634
1.0,0.9991924,170.30818
1.0,0.9089419,69.600784
1.0,0.5939527,70.32385
1.0,0.36890787,101.24653
1.0,0.5368395,194.31467
1.0,0.99999964,102.38858
1.0,0.9999993,324.06546
1.0,0.47765794,71.946106
1.0,0.3509075,107.53189
1.0,0.98734367,187.26285
1.0,0.5728222,117.071686
1.0,0.5896327,89.53995
1.0,0.9002159,489.9373
1.0,0.12958287,119.09798
1.0,0.6879512,113.11078
1.0,0.35797113,350.21436
1.0,0.06610324,98.34288
1.0,0.49440283,203.4072
1.0,0.8617083,65.13418
1.0,0.99956757,959.93195
1.0,0.44034383,785.2951
1.0,0.6548784,79.95425
1.0,0.14346087,69.10443
1.0,0.84430283,70.50097
1.0,0.4756131,95.67905
1.0,0.48042804,66.29794
1.0,0.6267984,66.19048
1.0,0.9270281,476.0814
1.0,0.99991655,112.63909
1.0,0.30923474,69.324776
1.0,0.54801196,427.27478
1.0,0.6994572,82.59963
1.0,0.9998957,6475.2944
1.0,0.99998677,117.819664
1.0,0.86861306,102.05255
1.0,0.5550624,169.23247
1.0,0.9999999,17594.562
1.0,0.7607081,87.44818
1.0,0.57242686,146.81775
1.0,0.17303888,77.47755
1.0,0.75302565,77.12749
1.0,0.56758446,65.23874
1.0,0.9998847,98.55885
1.0,0.62570006,91.64189
1.0,0.9594099,74.48934
1.0,0.38058087,69.42473
1.0,0.6860927,105.40084
1.0,0.51246774,99.13792
1.0,0.87235415,87.70896
1.0,0.49440283,114.053505
1.0,0.5776883,79.542496
1.0,0.45759353,538.2325
1.0,0.5113947,143.06844
1.0,0.3929872,72.6875
1.0,0.60145015,68.23935
1.0,0.48218495,246.72076
1.0,0.19274616,88.55577
1.0,0.999663,207.06891
1.0,0.62854314,69.445885
1.0,0.99734515,3087.767
1.0,0.23910627,83.22337
1.0,0.35401544,68.82623
1.0,0.51418877,67.3844
1.0,0.5538535,149.9732
1.0,0.61049867,107.680466
1.0,0.46385643,90.322266
1.0,0.35699582,172.86778
1.0,1.0,84.529564
1.0,0.99967194,67.67352
1.0,0.4987065,83.72757
1.0,0.62401617,74.22797
1.0,0.50945455,2058.2856
1.0,0.94904107,324.89038
1.0,0.47991627,142.64117
1.0,0.80689144,99.792755
1.0,0.33153078,180.86986
1.0,0.3183379,93.64195
1.0,0.25191686,568.7872
1.0,0.9082387,370.55194
1.0,0.3525706,120.145134
1.0,0.88736546,225.52489
1.0,0.14995196,75.72214
1.0,0.32292277,138.97325
1.0,0.99823475,81.37868
1.0,0.20754667,117.18222
1.0,0.86782086,68.716515
1.0,0.21350025,161.8945
1.0,0.20900996,167.03883
1.0,0.6079706,1040.0697
1.0,0.7508776,279.49585
1.0,0.43856138,68.26768
1.0,0.57218933,80.51276
1.0,0.10308219,160.30365
1.0,0.5627489,118.161934
1.0,0.26943168,254.714
1.0,0.9908241,67.969376
1.0,0.4713235,370.9478
1.0,0.8437081,136.63708
1.0,0.97534764,78.9612
1.0,0.97291374,144.57964
1.0,0.3352369,123.206505
1.0,0.7085639,143.94472
1.0,0.54592896,92.122345
1.0,0.87990355,291.90875
1.0,0.34441176,106.65302
1.0,0.8899408,101.27905
1.0,0.2668539,111.796585
1.0,0.89386994,153.98242
1.0,0.39018705,90.48202
1.0,0.49433425,77.580635
1.0,0.41286835,95.90526
1.0,0.9967127,123.1399
1.0,0.07261564,145.01804
1.0,0.52237433,80.66911
1.0,0.5545892,90.46101
1.0,0.9889659,78.51108
1.0,0.8142052,72.42175
1.0,0.9999894,358.58502
1.0,0.9999976,85.41423
1.0,0.4397739,69.92591
1.0,0.99999845,317.7759
1.0,0.6186074,73.39256
1.0,0.9999424,129.94748
1.0,0.9999995,118.44828
1.0,0.57462597,68.041374
1.0,0.16902092,117.03043
1.0,0.23336802,214.09227
1.0,0.652282,73.92255
1.0,0.9629523,100.22864
1.0,0.7560169,15448.766
1.0,0.19920333,80.69467
1.0,0.9652285,229.27618
1.0,0.32592565,72.68872
1.0,0.51671576,68.58433
1.0,0.9924269,253.16978
1.0,0.57681537,71.33035
1.0,0.7665464,160.99057
1.0,0.10830198,75.94065
1.0,0.60629463,97.41036
1.0,0.9965953,96.74571
1.0,0.14020605,97.43108
1.0,0.42920968,76.77419
1.0,0.8380551,737271.8
1.0,0.9999927,6905.532
1.0,0.87753433,367.0568
1.0,0.7595173,118.74563
1.0,0.5930992,69.66084
1.0,0.6580898,68.726234
1.0,0.33536714,125.80201
1.0,0.9664952,97.8328
1.0,0.99999356,76.06399
1.0,0.9993254,106.736725
1.0,0.9206034,346.9398
1.0,0.99915016,5156.6484
1.0,0.9300881,102.320366
1.0,0.15973938,157.26598
1.0,0.9992902,11893.424
1.0,0.8964864,66.27655
1.0,0.25163543,67.289986
1.0,0.99359787,425.91998
1.0,0.5954958,77.4314
1.0,0.49742728,70.125595
1.0,0.55691576,73.94249
1.0,0.26378062,137.82393
1.0,0.3480938,121.16259
1.0,0.99996066,5003.2437
1.0,0.28250143,135.10101
1.0,0.4619957,82.45434
1.0,0.4080599,130.51765
1.0,0.40175927,68.18663
1.0,0.49440283,77.22048
1.0,0.99938166,374.9171
1.0,0.8830216,79.925064
1.0,0.512051,94.71635
1.0,0.37838304,104.94978
1.0,0.99999785,182.4956
1.0,0.43365264,93.17184
1.0,0.21968532,102.252304
1.0,0.9989266,3130.238
1.0,0.27052513,93.874886
1.0,0.5498235,73.0689
1.0,0.31076932,75.445786
1.0,0.8871781,254.86339
1.0,0.49440283,354.62213
1.0,0.59613645,91.77604
1.0,1.0,13483.517
1.0,0.46752748,85.15018
1.0,0.5599428,78.49412
1.0,0.3795394,84.1432
1.0,0.82965165,188.5256
1.0,0.99739444,71.311104
1.0,0.46240014,168.58467
1.0,0.6205713,88.81988
1.0,0.33920735,87.35706
1.0,0.9957755,94.56895
1.0,0.5859553,85.45583
1.0,0.18074502,113.91772
1.0,0.97154534,71.48932
1.0,0.6472412,131.5053
1.0,0.31351647,136.91972
1.0,0.22171612,146.03447
1.0,0.48491082,160.3319
1.0,0.5654841,215.77936
1.0,0.42171508,79.23176
1.0,0.56363034,86.07266
1.0,0.5324329,83.73442
1.0,0.9998441,532.281
1.0,0.6549387,365.80255
1.0,0.24708445,76.77223
1.0,0.9980117,1664.0326
1.0,0.17777489,135.09863
1.0,0.52589,1.5218843e+12
1.0,0.83013165,259.88693
1.0,0.26310748,83.21375
1.0,0.27754685,88.51079
1.0,0.5019486,161.5345
1.0,0.40665147,79.823555
1.0,0.9999944,185.47006
1.0,0.62993973,86.98611
1.0,0.526351,96.79084
1.0,0.99996126,95.78763
1.0,1.0,3292.0962
1.0,1.0,101.67615
1.0,0.95029765,126.35524
1.0,0.30271342,116.15852
1.0,0.9999987,99.06047
1.0,0.9999598,931.71967
1.0,0.5022444,67.870476
1.0,0.09102594,115.98832
1.0,0.48204362,285.33978
1.0,0.9969702,958.5222
1.0,0.86928654,91.15699
1.0,0.9999871,32937.25
1.0,0.9278755,267.1393
1.0,0.5782698,7.322547e+07
1.0,0.2682714,636.93835
1.0,0.12115448,69.18756
1.0,0.6620532,84.599945
1.0,0.27919215,142.4525
1.0,0.99134654,498.71274
1.0,0.47844636,93.238304
1.0,0.0749677,178.39761
1.0,0.54889256,66.03547
1.0,0.99983716,1160.9484
1.0,0.9999999,4692.104
1.0,0.97997254,79043.43
1.0,0.6644328,80.09549
1.0,0.27623153,224.06732
1.0,0.20571801,189.44452
1.0,0.8124718,70.28043
1.0,0.9999927,25752.197
1.0,0.6031901,77.83181
1.0,0.72247,106.96315
1.0,0.96856415,1837.6051
1.0,0.9934597,90.757324
1.0,0.43087256,282.19348
1.0,0.70199776,98.9597
1.0,1.0,313.64938
1.0,0.3991555,88.23886
1.0,0.3816017,86.69823
1.0,0.9998727,401.72693
1.0,0.7539707,387.618
1.0,0.8890113,300.1516
1.0,0.48939875,74.818436
1.0,0.15547758,74.94583
1.0,0.7310463,65.33799
1.0,0.30185315,117.94334
1.0,0.37479478,91.251724
1.0,0.5150279,72.03538
1.0,0.9999864,4950.893
1.0,0.61042356,75.60058
1.0,0.99999976,422.7567
1.0,0.75904554,94.41843
1.0,0.86558807,131549.19
1.0,0.52345717,122.894615
1.0,0.5325383,80.89009
1.0,0.10253072,422.1002
1.0,0.34290525,260.62473
1.0,0.9986512,232.18262
1.0,0.5320668,160.25903
1.0,0.9999727,3856.7095
1.0,0.65986496,97.0042
1.0,0.44815642,70.02877
1.0,0.5833442,121.00239
1.0,0.9390128,347.58835
1.0,0.99463814,65.401115
1.0,0.61749035,144.07524
1.0,0.56466806,65.52107
1.0,0.9491543,422.37534
1.0,0.9661538,340.7373
1.0,0.8248285,170.81128
1.0,0.24494603,107.81089
1.0,0.6106236,90.79537
1.0,0.57795656,120.668655
1.0,0.47849366,73.21256
1.0,0.61352193,124.220215
1.0,0.5502547,67.10499
1.0,0.59068274,71.34834
1.0,0.18567608,69.66271
1.0,0.5440239,135.30067
1.0,1.0,10006.523
1.0,0.9584413,267.8293
1.0,0.21764533,78.66845
1.0,0.06976182,85.81326
1.0,0.17095318,90.95971
1.0,0.23402241,80.82022
1.0,0.39358464,264.52487
1.0,0.99996483,158.68095
1.0,0.8770278,265.86163
1.0,0.5503277,66.869514
1.0,0.5292332,76.66271
1.0,0.10380906,179.53
1.0,0.7946807,72.80266
1.0,0.7846523,68.906265
1.0,0.20462097,312.85162
1.0,0.45221803,94.04844
1.0,0.6211588,73.47065
1.0,0.9999993,80.95539
1.0,0.50414854,386.22714
1.0,0.6863085,65.6027
1.0,0.56569374,91.87543
1.0,0.49440283,89.61049
1.0,0.54237926,93.78531
1.0,0.29257163,66.97946
1.0,0.9287384,123.47491
1.0,0.0764659,95.178635
1.0,0.85820967,69.37031
1.0,0.908638,66.44778
1.0,0.9999994,858.3338
1.0,0.2579539,115.98354
1.0,0.6871934,69.61393
1.0,0.9978156,369.10455
1.0,0.9840493,146.76512
1.0,0.20267686,69.36494
1.0,0.688057,81.937065
1.0,0.35683462,163.47205
1.0,0.08667567,151.18964
1.0,0.6054802,125.53178
1.0,0.6351547,72.29209
1.0,0.5397053,65.56079
1.0,0.23644593,85.24036
1.0,0.38564622,141.30885
1.0,0.53682536,84.68538
1.0,0.51580995,85.87849
1.0,0.15031758,117.2944
1.0,0.7666582,101.72109
1.0,0.9234942,481.06818
1.0,0.18373966,254.74406
1.0,0.57991457,76.49854
1.0,0.17792554,119.88515
1.0,0.9971359,93.924736
1.0,0.49440283,76.9979
1.0,0.5624745,83.2456
1.0,0.080851175,89.17221
1.0,0.9999937,855.28156
1.0,0.44597387,66.91513
1.0,0.50186753,242.26195
1.0,0.9999994,104.16204
1.0,0.5091857,123.668655
1.0,0.40226927,101.74544
1.0,0.35756034,133.05664
1.0,0.45496508,74.4381
1.0,0.27096835,197.22684
1.0,0.5996718,87.61262
1.0,0.16908194,200.52802
1.0,0.0952839,299.2567
1.0,0.5711441,76.11599
1.0,0.995455,2900.115
1.0,0.66250384,83.74969
1.0,0.670468,83.785324
1.0,0.555199,70.00849
1.0,0.13435249,74.22996
1.0,0.7952611,69.71117
1.0,0.4982296,499.11316
1.0,0.9871782,321.46835
1.0,0.64501053,82.552414
1.0,0.79739165,65.12506
1.0,0.57907206,80.81942
1.0,0.5997075,99.1103
1.0,0.071649574,125.37661
1.0,0.6865585,471.02914
1.0,0.7472595,80.42092
1.0,1.0,152.53487
1.0,0.5485509,81.76301
1.0,0.6116351,108.69393
1.0,0.64111346,88.2509
1.0,0.14081243,81.52584
1.0,0.9999907,94.46416
1.0,0.5155317,158.16713
1.0,0.3781735,402.24884
1.0,0.39415076,193.71628
1.0,0.6131221,2264.105
1.0,0.6085459,211.19107
1.0,0.34323397,9197.363
1.0,0.95995796,333.0514
1.0,0.7473189,602.63495
1.0,0.20466441,202.96703
1.0,0.28935808,90.473076
1.0,0.022641448,180.85992
1.0,0.66486263,74.440285
1.0,0.23295228,71.8721
1.0,0.107964605,209.13017
1.0,0.9991841,1795.1454
1.0,0.08809575,67.94919
1.0,0.27285463,466.74307
1.0,0.5645124,66.099594
1.0,0.36492872,128.4314
1.0,0.4899218,404.83795
1.0,0.3264528,148.58391
1.0,0.63975704,86.80676
1.0,0.90140265,65.65553
1.0,0.2732783,137.09882
1.0,0.45198402,92.61709
1.0,0.45198405,92.61709
1.0,0.49741432,74.64084
1.0,0.99999034,120.68508
1.0,0.22678898,93.239685
1.0,0.63229173,74.77834
1.0,0.5746303,235.04652
1.0,0.4248336,71.916504
1.0,0.79822385,1175.536
1.0,0.6242565,73.32986
1.0,0.99757165,92.10599
1.0,0.52950656,116.92409
1.0,0.99736303,742.8271
1.0,0.9999783,7936.371
1.0,0.4770326,581.8149
1.0,0.97126734,101.04475
1.0,0.89007574,80.35148
1.0,0.26691362,213.81424
1.0,0.5697923,90.68561
1.0,0.11354032,89.075264
1.0,0.16726685,707.7389
1.0,0.3404574,74.1993
1.0,0.53198254,81.86932
1.0,0.24224637,68.41606
1.0,0.7717446,66.62894
1.0,0.68541425,69.45399
1.0,0.9957152,66.57922
1.0,0.7428782,117.61183
1.0,0.18078153,72.36957
1.0,0.089201175,80.1793
1.0,0.41456205,91.29201
1.0,0.31180856,133.45064
1.0,0.9933785,119.80712
1.0,0.9834035,267.26443
1.0,0.99555075,170.73393
1.0,0.5282662,102.01155
1.0,0.3413051,118.28063
1.0,0.104934216,448.33463
1.0,0.3441452,105.80649
1.0,0.5567123,82.223236
1.0,0.549522,94.26127
1.0,0.40510523,197.85342
1.0,0.50505465,124.4212
1.0,0.535497,81.35403
1.0,0.99999976,6086.4326
1.0,0.99999726,569.9268
1.0,0.3910199,110.043335
1.0,0.66432244,98.16097
1.0,0.53084934,204.13129
1.0,0.24111916,94.38391
1.0,0.6428723,79.308914
1.0,0.99999964,80.72648
1.0,0.5940086,112.757515
1.0,0.35275313,109.2816
1.0,0.998858,2156.1296
1.0,0.2822649,67.96113
1.0,0.72533625,66.362724
1.0,0.5382058,94.9672
1.0,0.9996921,466.1971
1.0,0.36499935,71.731995
1.0,0.94066936,288.80148
1.0,0.5758283,115.25836
1.0,0.889829,103.66722
1.0,0.33290285,278.97754
1.0,0.21484275,178.32632
1.0,0.9964451,2.7862845e+06
1.0,0.90572846,1316.3182
1.0,0.6774822,67.56778
1.0,0.58881277,79.32194
1.0,0.41353843,100.004395
1.0,0.99938333,112.687645
1.0,0.24261695,257.4875
1.0,0.828901,65.428474
1.0,0.111583784,271.67285
1.0,0.45805976,70.87257
1.0,0.36901322,79.46945
1.0,0.99999976,1952.2468
1.0,0.9951049,99.40133
1.0,0.8743447,74.04998
1.0,0.26892272,195.3349
1.0,0.41255748,162.29787
1.0,0.6079606,203.58269
1.0,0.6293894,67.19641
1.0,0.5498618,117.47987
1.0,0.032128926,69.951195
1.0,0.07856715,343.65057
1.0,0.9999945,104.10048
1.0,0.8465304,102.41742
1.0,0.9999895,1059.0668
1.0,0.49440283,76.28709
1.0,0.5415944,71.93723
1.0,0.4186599,151.27216
1.0,0.6339014,89.02151
1.0,0.7595813,7066.4795
1.0,0.99992704,2115.0017
1.0,0.7455761,73.890656
1.0,0.15652889,210.61484
1.0,0.37857476,85.58652
1.0,0.9981236,69.51697
1.0,0.64966106,240.10074
1.0,0.26995432,121.35531
1.0,0.3376447,105.68371
1.0,0.069957145,253.85925
1.0,0.6578092,369.48325
1.0,0.34912908,76.12882
1.0,1.0,215.38643
1.0,0.9982034,1.1222013e+07
1.0,0.4895914,105.13691
1.0,0.7235399,82.82799
1.0,0.61140555,77.260254
1.0,0.5891104,71.797905
1.0,0.77248764,107.20576
1.0,0.3436789,71.213806
1.0,0.17593259,90.66119
1.0,0.24329469,90.28285
1.0,0.4864818,211.1767
1.0,0.9995814,75.7414
1.0,0.099672645,95.19303
1.0,0.7301581,114.959656
1.0,0.59969074,77.166405
1.0,0.7406783,7.332733e+07
1.0,0.4603511,75.13678
1.0,0.9794047,573.9284
1.0,0.8158424,83.871864
1.0,0.30390906,365.2465
1.0,0.772108,108.5134
1.0,0.49440283,156.49911
1.0,0.9172948,489.8765
1.0,0.47412154,71.384094
1.0,0.33631182,131.24031
1.0,0.5587917,71.611595
1.0,0.9923109,103.0828
1.0,0.33130303,69.53231
1.0,0.35696575,71.03061
1.0,0.531629,75.22661
1.0,0.99999094,387.21265
1.0,0.9999676,986.10614
1.0,0.12660955,196.47813
1.0,0.840304,111.29591
1.0,0.34957224,123.66221
1.0,0.5089501,95.740685
1.0,1.0,111.977356
1.0,0.66042566,75.74652
1.0,0.8856911,350.9588
1.0,0.59596276,89.560844
1.0,0.65737075,84.04759
1.0,0.98736084,71.98679
1.0,0.36181062,70.341034
1.0,0.12729907,67.14055
1.0,0.45865458,115.909515
1.0,0.45683494,106.47068
1.0,0.46510294,402.9391
1.0,0.7196147,97.203545
1.0,0.50440574,74.52715
1.0,0.34635225,78.2299
1.0,0.084167354,72.89479
1.0,0.16158934,120.17495
1.0,0.9994351,1411.0885
1.0,0.99996877,81.32002
1.0,0.72414726,66.293106
1.0,0.1546887,84.88722
1.0,0.9950364,110.30402
1.0,0.35205364,89.62709
1.0,0.3867966,72.39607
1.0,0.2695921,86.9304
1.0,0.8101571,236.9829
1.0,0.9988839,164.8176
1.0,0.8031004,295.90677
1.0,0.5671015,70.359146
1.0,0.08797917,106.00568
1.0,0.7183986,67.269875
1.0,0.5074778,78.24502
1.0,0.48701447,143.30472
1.0,0.3107391,77.95557
1.0,0.2069171,74.8721
1.0,0.999997,275.68173
1.0,0.78963614,65.645065
1.0,0.66329265,89.680595
1.0,0.77425164,421.30753
1.0,0.19222173,92.95406
1.0,0.9639292,89.4332
1.0,0.49440283,77.28622
1.0,0.2870571,67.55843
1.0,0.55197483,71.91617
1.0,0.8238537,117.201584
1.0,0.591534,90.77172
1.0,0.06534359,69.40461
1.0,0.56490356,308.73907
1.0,0.8355453,68.26213
1.0,0.47220623,385.99716
1.0,1.0,3659.8635
1.0,0.25918123,68.38388
1.0,0.45609596,101.74616
1.0,0.99957186,2066.4443
1.0,0.12720789,71.17119
1.0,0.5334989,164.26839
1.0,0.3868933,69.69944
1.0,0.99944025,734.07635
1.0,0.5835618,97.99056
1.0,0.65127456,107.213646
1.0,0.2206659,65.7341
1.0,0.23834033,152.08752
1.0,0.28781947,69.568146
1.0,0.12462884,69.43971
1.0,0.21698211,206.8284
1.0,0.17124021,97.860306
1.0,0.68503535,79.8959
1.0,0.7088662,113.070114
1.0,0.3140501,660.98535
1.0,0.35179314,102.73829
1.0,0.27115026,95.94899
1.0,0.9234804,478.61624
1.0,0.20074631,92.95266
1.0,0.5852065,81.66585
1.0,0.9996464,76.2586
1.0,0.6108404,108.04392
1.0,0.41807896,644.29944
1.0,0.99903095,513.65094
1.0,0.76298004,359.8222
1.0,1.0,16198.136
1.0,0.9866366,137.2058
1.0,0.4768809,78.6377
1.0,0.23712419,88.933266
1.0,0.9579588,1435.488
1.0,0.3599688,66.373695
1.0,0.5282873,80.50396
1.0,0.96664155,65.60936
1.0,0.4961346,81.82547
1.0,0.55636644,550.33124
1.0,0.3260618,73.49134
1.0,0.9999918,88.074066
1.0,0.50703377,104.58267
1.0,0.87313986,88.02631
1.0,0.242109,65.27107
1.0,0.99999833,230.85356
1.0,0.5416026,117.261185
1.0,0.55052966,203.7116
1.0,0.8903456,200.5912
1.0,0.67119616,94.27369
1.0,0.1309992,66.605896
1.0,0.23967692,89.320366
1.0,0.92255825,69.706406
1.0,0.99999964,114.462975
1.0,0.6204477,73.10212
1.0,0.6227388,65.29159
1.0,0.20061548,183.41512
1.0,0.54277843,100.39412
1.0,0.96413565,287.2579
1.0,0.5155395,134.06944
1.0,0.9973574,420.90088
1.0,0.57928216,88.497574
1.0,0.4882061,65.75984
1.0,0.5089538,70.194565
1.0,0.6993846,150.71579
1.0,0.191745,77.28516
1.0,0.99982387,1204.7867
1.0,0.6826817,93.59146
1.0,0.6303559,69.77
1.0,0.5139621,138.44774
1.0,0.5446159,68.97276
1.0,0.53800935,633.47144
1.0,0.4812633,815.3692
1.0,0.53098005,72.25343
1.0,0.4963544,93.85896
1.0,0.50613546,435.14282
1.0,0.61089814,93.57143
1.0,0.7240691,9518.197
1.0,0.2821291,112.559296
1.0,0.38759848,70.18441
1.0,0.59475535,74.472374
1.0,0.33088616,85.211205
1.0,0.9994205,86.885315
1.0,0.6537104,115.89189
1.0,0.9999908,6936.3574
1.0,0.45379788,90.16987
1.0,0.9800581,270.45886
1.0,0.15070708,231.01279
1.0,0.99977666,20908.412
1.0,0.20332122,122.39906
1.0,0.4919334,117.63082
1.0,0.25376818,146.05821
1.0,0.78988284,203.11751
1.0,0.6799667,68.806755
1.0,0.9765827,509.19977
1.0,0.37968796,75.57931
1.0,0.9886324,75.29521
1.0,0.99837744,807.1319
1.0,0.9999994,72.401375
1.0,0.199909,97.14103
1.0,0.37311557,82.08237
1.0,0.39676708,89.069786
1.0,0.013724449,297.4095
1.0,0.5430723,89.22245
1.0,0.14144742,140.78804
1.0,0.41751835,65.63026
1.0,0.53222626,161.86366
1.0,0.5454515,72.28769
1.0,0.9999869,171.45934
1.0,0.5130063,83.64798
1.0,0.75005776,73.14166
1.0,0.44934654,76.661705
1.0,0.48608798,103.40559
1.0,0.9998124,559.0318
1.0,0.9999987,68.90025
1.0,0.65648043,81.79484
1.0,0.53606415,83.0289
1.0,0.47516814,79.466034
1.0,0.5669957,73.959076
1.0,0.66078436,85.85186
1.0,0.34875846,297.1699
1.0,0.9284849,106.39501
1.0,0.25788936,93.454636
1.0,0.1829077,165.30556
1.0,0.1829077,165.30556
1.0,0.68744457,101.67492
1.0,1.0,493.4672
1.0,0.9848125,843.04333
1.0,0.2597663,176.26836
1.0,0.600191,123.9446
1.0,0.545431,95.39149
1.0,0.49440283,85.254654
1.0,0.21684256,183.4547
1.0,0.8113742,253.64389
1.0,0.55994976,104.11648
1.0,0.6042781,67.49506
1.0,0.45494792,75.274345
1.0,0.46977317,67.87444
1.0,0.697077,110.9228
1.0,0.16796118,65.18612
1.0,0.40223894,103.68185
1.0,0.9713387,76.80497
1.0,0.2099794,70.19934
1.0,0.6929451,136.9646
1.0,0.31569567,78.98912
1.0,0.45400012,123.657455
1.0,0.33909607,105.91185
1.0,0.99618995,128.14708
1.0,0.108561695,213.92625
1.0,0.9140078,140.90851
1.0,0.88313806,260.7959
1.0,0.17529063,66.35478
1.0,0.5735848,73.946045
1.0,0.8664696,65.48191
1.0,0.99999976,90.58597
1.0,0.99199986,331.78616
1.0,0.99996626,72.47003
1.0,0.99638915,148.4802
1.0,0.68317616,69.900345
1.0,0.75550544,70.78745
1.0,0.590938,65.14919
1.0,0.9989085,10759.077
1.0,0.5742111,109.51534
1.0,0.9953713,328.8886
1.0,0.4880757,117.65491
1.0,0.48807564,117.65491
1.0,0.4138871,172.0667
1.0,0.88110024,875.99915
1.0,0.23500903,98.47397
1.0,0.84783787,80.38543
1.0,0.5809556,67.9992
1.0,0.46465397,65.21575
1.0,0.2275603,106.0073
1.0,0.15947676,103.03194
1.0,0.47092855,95.237885
1.0,0.60043555,77.52567
1.0,0.41996977,71.933304
1.0,0.5364572,93.33732
1.0,0.9974559,126.0904
1.0,0.6744321,89.08578
1.0,0.22901838,105.69618
1.0,1.0,242.07025
1.0,0.5774719,377039.97
1.0,0.5051068,263.90842
1.0,0.9920676,301.1687
1.0,0.954611,117.41082
1.0,0.6668524,71.94539
1.0,1.0,94.17334
1.0,0.5776759,95.26944
1.0,0.20726696,75.34202
1.0,0.5307348,117.95771
1.0,0.94786984,86.61831
1.0,0.9999032,127.736465
1.0,0.6861826,113.40711
1.0,0.99959344,3428.4558
1.0,1.0,36780.695
1.0,0.59652895,212.78555
1.0,0.9999989,35746.195
1.0,0.8057211,147.82773
1.0,0.56144613,74.44294
1.0,0.99995875,762.1133
1.0,0.5413175,192.75307
1.0,0.6791563,88.34367
1.0,0.60257834,305.9124
1.0,0.4899534,91.366714
1.0,0.96331656,75.30088
1.0,0.4810417,143.338
1.0,0.9897483,431.7098
1.0,0.55997837,190.17622
1.0,0.99830914,841.75586
1.0,0.97499144,202.08492
1.0,0.5313128,172.71478
1.0,0.6282425,65.19968
1.0,0.52233493,81.341835
1.0,0.12037987,104.729866
1.0,0.9659305,403.1205
1.0,0.45202786,65.63847
1.0,0.539425,85.0873
1.0,0.3913869,127.00443
1.0,0.32294938,84.710045
1.0,0.49440283,395.0725
1.0,0.8096698,76.13279
1.0,0.25995392,107.36213
1.0,0.99984944,81.8095
1.0,0.5238586,65.56169
1.0,0.9926359,81.06698
1.0,0.99999833,113.81614
1.0,0.08176739,144.56805
1.0,0.9787001,98.06986
1.0,0.1467863,171.46884
1.0,0.6559911,67.56222
1.0,0.49538186,114.60684
1.0,0.99990034,1298.1058
1.0,0.6173703,189.54303
1.0,0.7951683,85.43724
1.0,0.6339041,83.253235
1.0,0.95230454,92.39694
1.0,0.9849288,241.1091
1.0,0.12437016,65.28184
1.0,0.51732653,79.75881
1.0,0.9999379,114.30975
1.0,0.63590527,119.62776
1.0,0.9572216,316.559
1.0,0.79586023,106.81627
1.0,0.20466429,101.57053
1.0,0.6817913,78.07352
1.0,0.8400689,65.11898
1.0,0.44430745,71.63703
1.0,0.4433175,78.52766
1.0,0.6119551,169.74077
1.0,0.5263883,67.27086
1.0,0.6370284,79.362206
1.0,0.9811143,98.8948
1.0,0.8713238,233.53152
1.0,0.6368577,77.49142
1.0,0.49440283,104.81269
1.0,0.5715732,103.29098
1.0,0.7164019,4060.938
1.0,0.068378255,184.40971
1.0,0.8736133,121.16452
1.0,0.024606844,264.74338
1.0,0.99999225,12189.507
1.0,0.6564755,281.8874
1.0,0.009341056,70.93477
1.0,0.2506441,97.082115
1.0,0.29877067,71.40302
1.0,0.53229415,94.80926
1.0,0.9392637,347.6036
1.0,0.5227725,68.40003
1.0,0.7581211,69.46375
1.0,0.5880998,74.71199
1.0,0.9667537,68.59817
1.0,0.54687923,105.410095
1.0,0.8579006,67.98232
1.0,0.2702928,132.1713
1.0,0.50588894,69.97297
1.0,0.5143676,152.24207
1.0,0.5755697,228.19942
1.0,0.92899704,134.3939
1.0,0.11581695,228.73158
1.0,0.99989676,71.625824
1.0,0.5558658,76.90195
1.0,0.4577824,92.257805
1.0,0.87661386,86.39586
1.0,0.4750215,103.982414
1.0,0.45059848,98.93387
1.0,0.5393266,570.6832
1.0,0.64075726,107.65044
1.0,0.5268013,107.0746
1.0,0.999961,556.8265
1.0,0.42973027,119.61667
1.0,0.54237556,94.409645
1.0,0.9964742,2854.783
1.0,0.3850721,77.63913
1.0,0.25863835,94.18988
1.0,0.65385234,33356.062
1.0,0.46133035,276.55606
1.0,0.9985281,979.712
1.0,0.54567623,71.953766
1.0,0.5286192,121.75048
1.0,0.3823839,67.090805
1.0,0.6076651,89.0825
1.0,0.5615089,87.22044
1.0,0.25687,103.21854
1.0,0.52450085,291.68176
1.0,0.91205007,99.13549
1.0,0.8892792,101.04186
1.0,0.5872341,69.22164
1.0,0.061182477,70.23089
1.0,0.623115,71.3743
1.0,1.0,3582.1826
1.0,0.33291164,88.98929
1.0,0.22066729,178.39624
1.0,0.06990709,117.12929
1.0,0.21942218,135.33983
1.0,0.5049856,93.86012
1.0,0.5015734,113.00744
1.0,0.99983966,1232.2104
1.0,0.6652661,153.27911
1.0,0.59220535,93.29283
1.0,0.8811138,507.0435
1.0,0.541872,129.99493
1.0,0.92279774,67.198105
1.0,0.79217297,1.5706908e+12
1.0,0.99266535,78.62255
1.0,0.55122787,67.05421
1.0,0.51227146,112.025314
1.0,0.9562439,2448.8262
1.0,0.98412067,83.95707
1.0,0.23435453,162.26732
1.0,0.5342396,86.60473
1.0,0.50813305,98.18638
1.0,0.99999726,4423.519
1.0,0.5444928,66.94946
1.0,0.31982255,145.30254
1.0,0.18728921,72.12667
1.0,0.31693485,158.28682
1.0,0.37730342,328.07928
1.0,0.56178886,76.69824
1.0,0.85321254,84.95202
1.0,0.8811532,74.736496
1.0,0.39556688,86.27363
1.0,0.99657804,71.575195
1.0,0.75727993,185.55826
1.0,0.888237,71.0934
1.0,0.30336466,120.32811
1.0,0.3419303,65.29872
1.0,0.7243799,65.17152
1.0,0.3144462,134.887
1.0,0.41927895,80.728874
1.0,0.43524113,115.8641
1.0,0.9999969,286.29504
1.0,0.6433204,122.99039
1.0,0.9976432,70.31204
1.0,0.82221466,83.52367
1.0,0.74870586,136.81363
1.0,0.43188697,66.64853
1.0,0.6380203,71.96022
1.0,0.2504968,116.65494
1.0,0.7375624,135.93895
1.0,0.99102014,68.940094
1.0,0.30639252,117.86094
1.0,0.6157187,66.03924
1.0,0.04522303,125.541084
1.0,0.5232496,325.77374
1.0,0.279082,846.3943
1.0,0.5268956,115.19524
1.0,0.7708128,137.7765
1.0,0.6814926,67.46817
1.0,0.4675895,810.58215
1.0,0.9789764,84.4983
1.0,0.48090938,98.5129
1.0,0.3559433,108.914696
1.0,0.7785337,65.351295
1.0,0.9573239,150.13286
1.0,0.36369827,74.823616
1.0,0.5601094,119.4633
1.0,0.3148678,69.78612
1.0,0.4496411,104.23212
1.0,0.05976922,77.020515
1.0,0.9094468,1042.1855
1.0,0.11225779,69.08031
1.0,0.46089795,142.40121
1.0,0.68863845,553.64667
1.0,0.7069683,65.917625
1.0,0.075226426,190.50664
1.0,0.67051023,110.24741
1.0,0.3761621,105.14366
1.0,0.40101942,200.9086
1.0,0.5122024,109.92976
1.0,0.47054958,65.31009
1.0,0.89001775,386.46384
1.0,0.50807863,467.293
1.0,0.3604583,65.65916
1.0,0.32456964,179.80183
1.0,0.1519202,5090.438
1.0,0.5133532,189.52191
1.0,0.9865139,831.811
1.0,0.9151431,103.396675
1.0,0.4864766,146.37938
1.0,0.92999005,296.073
1.0,0.5067827,83.356224
1.0,0.8131862,70.20269
1.0,0.65485334,132.99297
1.0,0.67806834,67.557045
1.0,0.5601222,250.48846
1.0,0.24531513,96.449486
1.0,0.5115765,274.1223
1.0,0.5438378,125.26756
1.0,0.5214851,77.042404
1.0,0.5753527,68.36906
1.0,0.30635026,132.4159
1.0,0.04352449,77.37621
1.0,0.41357484,155.6137
1.0,0.81339777,326.47342
1.0,0.21141393,85.30809
1.0,0.7789401,97.13036
1.0,0.9984211,658.58716
1.0,1.0,506.87067
1.0,0.9999225,2049.959
1.0,0.30401134,202.88649
1.0,0.99996924,1811.7554
1.0,0.1470841,89.92902
1.0,0.82444495,141.63162
1.0,0.16746774,81.391685
1.0,0.999995,292.2105
1.0,1.0,90.01348
1.0,0.67540777,68.28871
1.0,0.9878341,999734.3
1.0,0.5582199,105.67059
1.0,0.4693317,254.93321
1.0,0.9999999,53103.996
1.0,0.9999964,100.9542
1.0,0.795562,89.743484
1.0,0.5034331,77.73217
1.0,0.6446285,134.19006
1.0,0.87528867,83.58931
1.0,0.51505214,68.60683
1.0,0.1544721,104.953354
1.0,0.5562694,232.2229
1.0,0.49516535,85.7985
1.0,0.7076492,74.74372
1.0,0.5310501,69.278175
1.0,0.6892569,116.48535
1.0,0.6926594,81.66351
1.0,0.9999418,7923.92
1.0,0.29831296,66.629944
1.0,0.53514344,107.35912
1.0,0.6062742,109.618744
1.0,0.58503056,77.00942
1.0,0.3183436,156.76534
1.0,0.9647668,1854.8381
1.0,0.52361315,105.41253
1.0,0.5621413,96.141815
1.0,0.34963128,69.66841
1.0,0.28593653,125.287025
1.0,0.27667934,66.30933
1.0,0.6021507,110.51107
1.0,0.5195167,91.130775
1.0,0.98793143,220.31995
1.0,0.7749181,65.11601
1.0,0.95492744,144.81708
1.0,0.6820541,75.71764
1.0,0.9977532,77.88396
1.0,0.63000494,108.931564
1.0,0.23806666,88.19774
1.0,0.9082467,92.80887
1.0,0.6339978,813.4181
1.0,0.7616235,70.883896
1.0,0.9976769,87.062386
1.0,0.39282387,98.29271
1.0,0.9547838,113.87289
1.0,0.16108721,110.924446
1.0,0.48721948,69.20954
1.0,0.19545485,352.99466
1.0,0.9999933,348.74704
1.0,0.7099222,66.74284
1.0,0.41715342,160.6572
1.0,0.037892368,116.89508
1.0,0.8792271,131.3532
1.0,0.90466595,119.82488
1.0,0.9999654,999.6449
1.0,0.23036803,199.77687
1.0,0.9622753,793.38794
1.0,0.9999838,78.266754
1.0,0.8450262,72.84725
1.0,0.28572217,156.04442
1.0,0.9961228,316.37482
1.0,0.45019898,122.12756
1.0,0.20699295,116.32508
1.0,0.7425846,104.84526
1.0,0.98940593,95.994194
1.0,0.45528945,320.46295
1.0,0.66091865,85.988075
1.0,0.20196955,226.57176
1.0,0.568394,108.81973
1.0,1.0,717.32385
1.0,0.47867343,71.599724
1.0,0.8142274,325.93472
1.0,0.3987902,90.60141
1.0,0.13029367,75.43982
1.0,0.539586,91.05714
1.0,0.1804278,111.382225
1.0,0.3946393,68.114365
1.0,0.2654886,93.82056
1.0,0.6175382,67.36761
1.0,0.7268043,72.0456
1.0,0.44231814,77.40919
1.0,0.999938,135.90388
1.0,0.6489983,113.76617
1.0,0.65394944,68.45071
1.0,0.3585547,68.82703
1.0,0.89916503,122.225555
1.0,0.9666294,72.28686
1.0,0.17220262,433.80093
1.0,0.5391237,74.484764
1.0,0.5162654,70.544525
1.0,0.57494044,77.61361
1.0,0.9964223,6120.381
1.0,0.73883015,68.18453
1.0,0.46839893,107.626564
1.0,0.5249875,74.94456
1.0,0.9998167,5637.267
1.0,0.99726,317.0141
1.0,0.500756,160.81232
1.0,0.4374013,89.428406
1.0,0.34203473,71.66827
1.0,0.5448153,77.179245
1.0,0.66483104,151.08742
1.0,0.9454049,67.07198
1.0,0.64159834,89.55826
1.0,0.47227612,78.561005
1.0,0.5229636,100.74338
1.0,0.9999999,101.15542
1.0,0.18623157,89.13714
1.0,0.50102943,66.48959
1.0,0.75152946,91.568275
1.0,0.52649164,72.492355
1.0,0.058058836,81.87454
1.0,0.36315018,86.81187
1.0,0.35173613,90.21552
1.0,0.5158034,104.813034
1.0,0.3743266,135.59326
1.0,0.19534864,67.402534
1.0,0.49715927,115.46121
1.0,0.09947139,91.40008
1.0,0.21487713,128.48006
1.0,0.6426164,68.767166
1.0,0.637546,231.06682
1.0,0.52528185,98.41582
1.0,0.59072983,76.337616
1.0,0.49332193,67.342316
1.0,0.9999995,1003.04816
1.0,0.20607992,138.25877
1.0,0.728549,88.7207
1.0,0.955948,515.77216
1.0,0.8164283,338.6037
1.0,0.715511,67.434364
1.0,0.9488292,458.67493
1.0,0.42011088,70.85117
1.0,0.5792789,126.5633
1.0,0.38422316,152.55598
1.0,0.1823591,70.22071
1.0,0.5971378,248.94171
1.0,0.14398395,65.16032
1.0,0.37315625,70.38422
1.0,0.5695813,74.25653
1.0,0.56299406,82.02453
1.0,0.09917563,67.314
1.0,0.9999994,8473.795
1.0,0.59126455,123.002335
1.0,0.13089876,93.039505
1.0,0.98568994,701.2154
1.0,0.36481103,108.2333
1.0,0.3882821,115.89902
1.0,0.47759667,110.02093
1.0,0.32268342,143.63875
1.0,0.51676214,97.71756
1.0,0.46624482,157.19977
1.0,0.4481646,334.30545
1.0,0.61300796,92.229065
1.0,0.7296416,72.339294
1.0,0.19566563,91.13998
1.0,0.507581,75.119576
1.0,0.2241389,77.23061
1.0,0.21033199,105.05124
1.0,0.7354556,286.16037
1.0,0.28945217,67.85426
1.0,1.0,401.6449
1.0,0.9880164,66.12367
1.0,1.0,9029.787
1.0,0.51190585,200.02774
1.0,0.9993749,438.06653
1.0,0.9999763,1087.849
1.0,0.8916436,74.93995
1.0,0.36302376,120.84446
1.0,0.915622,70.4687
1.0,0.3828352,66.68306
1.0,0.83873934,81.12009
1.0,0.39516586,71.97178
1.0,0.36661723,109.05458
1.0,0.99998915,1235.902
1.0,0.59287196,68.77334
1.0,0.35338572,102.23255
1.0,0.48945758,67.03972
1.0,0.5549855,67.91209
1.0,0.550991,102.097664
1.0,0.4922606,192.12553
1.0,0.47574943,94.71651
1.0,0.42843342,99.380104
1.0,0.5314153,122.731255
1.0,0.7494427,170.74574
1.0,0.46937278,136.64864
1.0,0.709808,224.29709
1.0,0.28333578,126.83234
1.0,0.01777661,186.44234
1.0,0.9999994,101.02644
1.0,0.55230206,231.8218
1.0,0.17790881,84.21668
1.0,1.0,573.9227
1.0,0.44183293,79.97231
1.0,0.19107606,90.23486
1.0,0.610276,112.40597
1.0,0.60793334,114.72021
1.0,0.6097375,77.59294
1.0,0.9999789,2266.7153
1.0,0.22684693,72.586655
1.0,0.40227872,81.59549
1.0,0.23714907,154.87386
1.0,0.58064014,66.3014
1.0,0.42796436,173.3891
1.0,0.5605332,88.94772
1.0,0.90847564,76.580055
1.0,0.12376746,65.68205
1.0,0.9983997,244.09772
1.0,0.03245021,66.224594
1.0,0.34997007,98.58515
1.0,0.08054342,80.72041
1.0,0.042948212,116.368515
1.0,0.3888177,475.42767
1.0,0.5360268,108.51459
1.0,0.84558284,82.33528
1.0,0.31504062,79.24385
1.0,0.5480378,65.15563
1.0,0.48319536,93.74866
1.0,0.1277601,89.75687
1.0,0.60462946,74.60946
1.0,0.6600634,1.7478575e+06
1.0,0.998423,900.38043
1.0,0.48549905,82.652565
1.0,0.36924627,165.4936
1.0,0.5159175,161.77509
1.0,0.37217945,143.3417
1.0,0.703702,70.62654
1.0,0.72621936,5381.291
1.0,0.8075297,86.14698
1.0,0.9630044,105.74621
1.0,0.99381566,384.84167
1.0,0.8825408,116.68228
1.0,0.49573115,21270.672
1.0,0.5116882,99.2008
1.0,0.61164486,67.77899
1.0,0.683625,69.235985
1.0,0.96005213,190.42926
1.0,0.5139615,784.0842
1.0,0.8854709,73.442604
1.0,0.26167178,89.24173
1.0,0.10965472,71.23576
1.0,0.30904543,315.89514
1.0,0.3092497,88.16966
1.0,0.38340905,203.95721
1.0,0.27152014,252.09811
1.0,0.9999993,144.93597
1.0,0.34676716,72.33211
1.0,0.53912413,91.358315
1.0,0.48052827,69.90894
1.0,0.3936311,272.2982
1.0,0.77720547,82.30898
1.0,0.9614674,481.21133
1.0,0.17257977,159.78053
1.0,0.07963956,80.37981
1.0,0.99457526,133.6356
1.0,0.9351198,136.50229
1.0,0.9999999,2403.761
1.0,0.9940257,322.67776
1.0,0.9299902,648.65936
1.0,0.2853728,79.476456
1.0,0.9985171,81.758835
1.0,0.9401355,343.99695
1.0,0.96925527,6197.7554
1.0,0.9999988,166.48642
1.0,0.41303563,78.18233
1.0,0.99436885,423.19186
1.0,0.70195794,157.72595
1.0,0.5818554,71.54
1.0,0.5321055,97.08718
1.0,0.22460073,108.31295
1.0,0.9979686,69.260185
1.0,0.9845637,2086.0054
1.0,0.39977598,75.10492
1.0,0.99999976,1908.1132
1.0,0.9999993,181.15286
1.0,0.68638545,97.83941
1.0,0.89978874,69.747284
1.0,0.99782914,93.531006
1.0,0.6171325,108.35363
1.0,0.6371695,133.54643
1.0,0.34679973,68.33611
1.0,0.12929606,100.89669
1.0,0.6260556,66.41262
1.0,0.54675597,99.62236
1.0,0.65470695,72.563385
1.0,0.08588807,66.5596
1.0,0.44718546,108.36778
1.0,0.66637856,72.353455
1.0,0.59897065,90.73755
1.0,0.29536474,87.9119
1.0,0.29150146,150.32559
1.0,0.47436863,201.42511
1.0,0.53988063,87.22504
1.0,0.7129727,70.424644
1.0,0.6313734,112.861496
1.0,0.27149758,107.79574
1.0,0.5022781,81.43198
1.0,0.51387686,138.99515
1.0,0.39223745,111.439224
1.0,0.5881839,101.15442
1.0,0.7964312,127.057365
1.0,0.47715685,130.17854
1.0,0.07922401,106.1797
1.0,0.57105654,205.15126
1.0,0.2668059,315.447
1.0,0.19904861,70.888176
1.0,0.8494322,110.38986
1.0,0.5855036,185.36552
1.0,0.24877776,153.59245
1.0,0.46273866,96.52396
1.0,0.86048675,94.21724
1.0,0.48018008,71.75834
1.0,0.51322556,91.821625
1.0,0.48733214,110.310074
1.0,0.5467175,198.0087
1.0,0.26444897,77.311295
1.0,0.41677827,95.1685
1.0,0.9982717,1223.4109
1.0,0.51745343,72.06022
1.0,0.7503641,74.648094
1.0,0.63496375,104.51575
1.0,0.6926057,83.71898
1.0,0.038931184,128.3216
1.0,0.5736473,73.93157
1.0,0.51594543,103.33023
1.0,0.20164977,324.8638
1.0,0.12524045,80.47697
1.0,0.50005144,73.144066
1.0,0.59870285,247.84889
1.0,0.18894911,65.29116
1.0,0.18894911,65.29116
1.0,0.7557574,66.25785
1.0,0.51920766,93.227936
1.0,0.15342362,189.32661
1.0,0.74328685,85.5616
1.0,0.6433106,68.0337
1.0,0.82383513,108.16089
1.0,0.97150266,319.9205
1.0,0.5405554,107.42474
1.0,0.9991805,75.86862
1.0,0.7315379,407.54236
1.0,0.600207,79.33319
1.0,0.5609852,107.616165
1.0,0.2532579,118.123215
1.0,0.56170696,171.18283
1.0,0.99975926,153.63293
1.0,0.049415804,94.3641
1.0,0.19571821,668.59393
1.0,0.4160476,239.77118
1.0,0.1932319,86.63854
1.0,0.78817534,101.16553
1.0,0.99304044,107.87027
1.0,0.48824242,4171.937
1.0,0.6456987,91.62701
1.0,0.21701252,996.88446
1.0,0.24557221,88.758415
1.0,0.41625968,106.2481
1.0,0.60136575,135.7274
1.0,0.009171494,68.83646
1.0,0.77966446,169.39522
1.0,0.5244757,65.31923
1.0,0.5168322,66.24554
1.0,0.9849439,268.4131
1.0,0.18219532,102.809494
1.0,0.20558257,73.9744
1.0,0.75706154,104.22903
1.0,0.15681046,163.51038
1.0,0.055641193,129.16711
1.0,0.96341217,155.93225
1.0,1.0,74.51867
1.0,0.55496407,80.15382
1.0,0.5053714,105.602104
1.0,0.17082968,123.30455
1.0,0.8041815,74.93762
1.0,0.9411565,184.24193
1.0,0.23471445,72.02909
1.0,0.5352403,77.456116
1.0,0.5990308,69.95707
1.0,0.31803796,82.990845
1.0,0.646183,65.66183
1.0,0.3463183,83.27458
1.0,0.5885536,70.277985
1.0,0.34392673,70.25091
1.0,0.12796474,495.7475
1.0,0.40861005,89.818306
1.0,0.9946061,547.9343
1.0,0.38707685,111.116615
1.0,0.64883256,75.09397
1.0,0.74794686,127.60701
1.0,0.8612247,96.57203
1.0,0.7776357,77.31019
1.0,0.9994537,2721.8433
1.0,0.35969844,92.02025
1.0,0.45455194,178.7999
1.0,0.29732922,75.61041
1.0,0.9999902,6725.9487
1.0,0.4097481,140.67525
1.0,0.5139229,78.522354
1.0,0.5939993,180.47757
1.0,0.5807596,71.268135
1.0,0.5463499,67.06889
1.0,0.17641361,75.96384
1.0,0.9996878,3192.9832
1.0,0.5264241,123.11637
1.0,0.99992883,361.50003
1.0,0.9972892,85.94938
1.0,0.4919179,72.06341
1.0,0.5051717,84.08539
1.0,0.47999012,83.100494
1.0,0.99997234,11959.998
1.0,0.4872431,90.40898
1.0,0.57095295,71.78348
1.0,0.9721737,1061.8973
1.0,0.515809,67.35907
1.0,0.60721225,82.18671
1.0,0.48557037,93.840675
1.0,0.12588413,90.39325
1.0,0.075515896,112.616585
1.0,0.39387065,168.23871
1.0,0.8821289,303.49164
1.0,1.0,25304.584
1.0,0.5729335,111.765045
1.0,0.5096227,106.47694
1.0,0.99893755,78.80352
1.0,0.11098993,69.33903
1.0,0.5152558,90.099754
1.0,0.31779885,75.240234
1.0,0.5961398,153.20508
1.0,0.5115321,94.27685
1.0,0.534347,274.61032
1.0,0.99997187,4126.9814
1.0,0.99952114,520.76855
1.0,0.9998311,3740.6064
1.0,0.5113429,107.206406
1.0,0.49924785,170.98099
1.0,0.5932235,79.66722
1.0,0.8055447,278.5515
1.0,0.3936159,87.01651
1.0,0.47131756,98.566315
1.0,0.99951386,813.595
1.0,0.641659,120.69867
1.0,0.53567094,84.8855
1.0,0.5051485,67.51741
1.0,0.16021939,80.67044
1.0,0.6801865,73.75958
1.0,0.75978434,97.73784
1.0,0.51562214,146.45107
1.0,0.4530658,73.56614
1.0,0.5450548,245.37704
1.0,0.19865489,119.44776
1.0,0.5549502,78.25773
1.0,0.75795704,304.70413
1.0,0.8743147,154.06232
1.0,0.6289097,101.280556
1.0,0.4704844,91.62771
1.0,0.575711,349.43982
1.0,0.206489,318.64832
1.0,0.5403036,83.01787
1.0,0.17375149,3.552006e+06
1.0,0.1367926,3.7247196e+11
1.0,0.6285728,127.779884
1.0,0.99649674,83.1972
1.0,0.54636395,71.33779
1.0,0.18062586,65.87584
1.0,0.67846274,265.07657
1.0,0.9995716,3993.96
1.0,0.79729515,82.51044
1.0,0.31971258,435.607
1.0,0.26289013,137.33142
1.0,0.999814,68.37041
1.0,0.39841375,65.524345
1.0,0.830884,99.89643
1.0,0.14963372,78.14742
1.0,0.37236905,87.590614
1.0,0.88346547,631.85504
1.0,0.5874085,131.12062
1.0,0.7199694,115.167984
1.0,0.99813664,74.93294
1.0,0.69371766,82.44101
1.0,0.56020385,135.05296
1.0,0.21830271,66.493935
1.0,0.9994209,128.76532
1.0,0.80723983,92.58778
1.0,0.49403834,126.1156
1.0,0.99990594,413.2956
1.0,0.43628207,69.43855
1.0,0.03336354,65.27903
1.0,0.7413723,69.794014
1.0,0.33392444,87.94014
1.0,0.28985676,101.74276
1.0,0.5852711,89.07174
1.0,0.670145,176.04912
1.0,0.35795596,153.81015
1.0,0.56149054,66.71519
1.0,0.2389156,344.62393
1.0,0.7073321,80.66473
1.0,0.94333684,123.579414
1.0,0.9998332,1382.1158
1.0,0.4895162,97.344635
1.0,0.14077292,80.36734
1.0,0.5289092,74.23485
1.0,0.018871568,137.29803
1.0,0.8260112,76.15804
1.0,0.99006957,439.18115
1.0,0.45606798,66.85436
1.0,0.71213174,81.44505
1.0,0.28584078,71.87694
1.0,0.30743632,77.11313
1.0,0.3940259,226.41086
1.0,0.24568035,122.11811
1.0,0.9999844,213.35321
1.0,0.99975187,97.88526
1.0,0.07677352,110.6165
1.0,0.55969495,82.93091
1.0,0.8560457,70.48859
1.0,0.39958394,110.73328
1.0,0.64412487,81.712395
1.0,0.97654265,530.66113
1.0,0.89597416,89.94477
1.0,0.83348656,533.4921
1.0,0.2636582,149.33911
1.0,0.034909666,436.60535
1.0,0.9991621,187.49893
1.0,0.19477881,102.79335
1.0,0.99962425,1062.7523
1.0,0.6624626,80.14372
1.0,0.1194414,67.938896
1.0,0.7366816,89.09184
1.0,0.9996302,6371.5557
1.0,0.6753876,75.72694
1.0,0.99999857,84.46363
1.0,0.47799316,83.58534
1.0,0.92492336,174.6459
1.0,0.5090981,77.794174
1.0,0.35678825,71.88633
1.0,0.69491625,76.64727
1.0,0.6740022,164.27939
1.0,0.5640839,142.57674
1.0,0.60141623,275.0906
1.0,0.043000713,294.53195
1.0,0.99999964,108.21352
1.0,0.46644196,70.474075
1.0,0.535651,100.49784
1.0,0.99195987,691.2906
1.0,0.7124084,404.0788
1.0,0.6505605,274.656
1.0,0.99960417,4935.3003
1.0,0.31786668,70.65378
1.0,0.20985478,65.38761
1.0,0.3990451,109.85025
1.0,0.16278625,116.95426
1.0,0.22974919,87.21649
1.0,0.5834308,65.03171
1.0,0.374564,165.71625
1.0,0.9885013,99.8458
1.0,0.6086057,65.25726
1.0,0.509764,477.87848
1.0,0.6659488,66.43566
1.0,0.12723275,103.2131
1.0,0.2231471,144.51727
1.0,0.81762624,68.887505
1.0,0.579209,76.350815
1.0,0.7887108,110.64128
1.0,0.9997869,103.297615
1.0,0.54476947,110.32903
1.0,0.9972932,169.041
1.0,0.4803039,67.016075
1.0,0.98746836,686.47144
1.0,0.98075014,519.47797
1.0,0.43037766,78.01777
1.0,0.3741824,175.74716
1.0,0.21592401,87.4609
1.0,0.3628896,234.09282
1.0,0.49440283,214.4587
1.0,0.9999534,75.88905
1.0,0.5611793,928.49615
1.0,0.49440283,205.98026
1.0,0.45860428,72.96728
1.0,0.6007164,81.92613
1.0,0.25408056,163.94226
1.0,0.5654099,77.47325
1.0,0.9807191,71.119225
1.0,1.0,119.003075
1.0,0.63768184,74.56131
1.0,0.37728727,190.10817
1.0,0.16512702,99.612404
1.0,0.20286064,181.60153
1.0,0.6655313,96.39028
1.0,0.96488357,69.2603
1.0,0.9983183,1552.8268
1.0,0.24856816,492.13235
1.0,0.09771018,644.2354
1.0,0.3191751,169.07599
1.0,1.0,333.2685
1.0,0.2235825,141.04024
1.0,0.49584427,70.26589
1.0,0.5501895,125.62623
1.0,0.80504644,106.853745
1.0,0.4781545,94.72508
1.0,0.9910936,65.158745
1.0,0.6526333,72.35763
1.0,0.9398374,219.26103
1.0,0.8840635,98.010895
1.0,0.999997,87.75955
1.0,0.80727667,71.45581
1.0,0.5300707,87.438095
1.0,0.48812705,369.16696
1.0,0.47566214,166.59613
1.0,0.33352932,80.65589
1.0,0.57473075,72.27533
1.0,0.93489426,144.78934
1.0,0.24442473,80.61497
1.0,0.022481468,136.68443
1.0,0.16123068,376.28958
1.0,0.4800178,137.28853
1.0,0.76414925,66.97955
1.0,0.5101683,67.05087
1.0,0.49440283,121.36829
1.0,0.33683676,111.91461
1.0,0.7964759,347.68417
1.0,0.9999937,2481.7456
1.0,0.8193132,82.531685
1.0,0.71054834,443.22702
1.0,0.99999976,209.87108
1.0,0.7063514,65.29064
1.0,0.5446139,68.692154
1.0,0.7055788,127.832924
1.0,0.6893303,65.96278
1.0,0.61783093,70.27368
1.0,0.99999774,698.9827
1.0,0.52316386,77.2209
1.0,0.51838464,281.42938
1.0,0.99170715,18430.527
1.0,0.52645886,150.79987
1.0,0.5411134,66.13589
1.0,0.55001587,117.24644
1.0,0.5095378,69.710724
1.0,0.82866615,75.573586
1.0,0.59842455,68.31721
1.0,0.5273377,107.373505
1.0,0.19670472,78.505844
1.0,0.3948546,82.66409
1.0,0.7357808,70.22937
1.0,0.23931305,89.65446
1.0,0.26977247,112.846565
1.0,0.028774211,197.89177
1.0,0.58457935,67.94194
1.0,0.31810185,114.19623
1.0,0.107924215,112.20017
1.0,0.09851136,119.86205
1.0,6.412815e-05,110.72659
1.0,0.6444655,68.88872
1.0,0.68206304,87.5752
1.0,0.6298221,602.6419
1.0,0.92451376,235.46265
1.0,0.96406376,1078.3805
1.0,0.9999747,365.8582
1.0,0.5389046,84.51996
1.0,0.49440283,125.969185
1.0,0.42998472,207.06482
1.0,0.24033609,87.48717
1.0,0.52842516,97.23007
1.0,0.9969259,80.997406
1.0,0.23237486,66.172935
1.0,0.9999988,10432.371
1.0,0.93341106,2347.3315
1.0,0.9993524,965.8491
1.0,0.1455261,255.3945
1.0,0.343525,66.35515
1.0,0.6744585,80.01366
1.0,0.9917032,81.37325
1.0,0.6619842,82.02296
1.0,0.20487471,206.44485
1.0,0.279959,138.36128
1.0,0.18168843,80.89817
1.0,0.25140953,67.87563
1.0,0.45677695,216.61777
1.0,0.8905621,776.20514
1.0,0.15304168,75.74538
1.0,0.9891746,89.48825
1.0,0.99991894,102.47484
1.0,0.9691515,281.99478
1.0,0.5455228,70.24433
1.0,0.4612337,112.472565
1.0,0.16808932,74.39851
1.0,0.42949414,124.70486
1.0,0.42949414,124.70486
1.0,0.47298753,193.154
1.0,0.54851335,281.14386
1.0,0.058063556,158.14307
1.0,0.91105807,69.392975
1.0,0.6022952,153.9209
1.0,0.32394773,79.15883
1.0,0.92096543,154.36278
1.0,0.68670875,87.71113
1.0,0.5285416,75.333916
1.0,0.9798013,138.2807
1.0,0.23431772,249.73506
1.0,1.0,129.86589
1.0,0.25733912,105.88144
1.0,0.99999785,659.86835
1.0,0.35974652,76.51858
1.0,0.5798233,121.84717
1.0,0.25525585,70.422
1.0,0.99588,852.35205
1.0,0.12254146,320.19144
1.0,0.5967977,242.67992
1.0,0.3186319,97.28731
1.0,0.674534,308.36252
1.0,0.9996909,3535.961
1.0,0.25236776,79.59793
1.0,0.8571419,71.0476
1.0,0.9703793,77.3498
1.0,0.35828114,199.39021
1.0,0.96651256,296.00018
1.0,0.42933825,65.01328
1.0,0.13146773,84.69962
1.0,0.98465216,118.4583
1.0,0.64795333,102.84545
1.0,0.82948005,93.183525
1.0,0.33918566,67.53105
1.0,0.9999999,159.95114
1.0,0.2124731,682.38007
1.0,0.24822497,66.96621
1.0,0.32446945,104.793015
1.0,0.6907622,67.02903
1.0,0.99865866,164.005
1.0,0.5867385,75.27893
1.0,0.9999831,196.99905
1.0,0.14268735,101.71886
1.0,0.67101187,71.4859
1.0,0.5551838,116.64866
1.0,1.0,14557.216
1.0,0.6007112,84.645355
1.0,0.7458232,101.12088
1.0,0.61181897,85.103165
1.0,0.6211973,87.60908
1.0,0.19076025,67.191925
1.0,0.7619102,103.10278
1.0,0.14697205,87.68154
1.0,0.5446549,135.50092
1.0,0.55409336,116.89226
1.0,0.54992044,70.96176
1.0,0.99999285,29718.785
1.0,0.50672424,78.94141
1.0,0.40878218,69.08211
1.0,0.93706846,974.29535
1.0,0.64510095,107.21854
1.0,0.61070794,100.75162
1.0,0.99545974,76.511055
1.0,0.5313942,218.24028
1.0,0.4910267,159.71608
1.0,0.5993217,87.59912
1.0,0.7272726,70.76546
1.0,0.5469858,69.781944
1.0,0.6072848,453.5765
1.0,0.5514844,310.46454
1.0,0.8939553,137.6792
1.0,0.4404946,77.72602
1.0,0.24544813,78.916214
1.0,0.38580045,417.1758
1.0,0.9035096,68.42681
1.0,0.41329113,104.82823
1.0,0.5989117,103.74584
1.0,0.27720168,126.97885
1.0,0.8189692,84.56941
1.0,0.15567295,66.38298
1.0,0.14570211,88.35175
1.0,0.18711558,229.797
1.0,0.6384323,84.161476
1.0,0.30846193,67.92158
1.0,0.1702997,92.02747
1.0,0.034188922,134.4105
1.0,0.5976134,100.251915
1.0,0.99630153,3048.4321
1.0,0.34231633,71.52457
1.0,0.50943434,183.89604
1.0,0.9999976,4090.185
1.0,0.50528145,89.83709
1.0,0.26506525,140.34557
1.0,0.2235517,70.01941
1.0,0.61792547,255.29315
1.0,0.2006002,77.155815
1.0,0.2775962,66.4881
1.0,0.14211272,149.4532
1.0,0.99789375,761.81714
1.0,0.29331988,273.26904
1.0,0.36518025,86.50426
1.0,0.2076215,80.941795
1.0,0.75060374,120.21844
1.0,0.44278136,69.11272
1.0,0.43306774,104.96592
1.0,0.9525948,725.63745
1.0,0.49802136,65.7073
1.0,0.5169472,238.43755
1.0,0.99912065,80.271126
1.0,0.9958008,318.9602
1.0,0.28041276,118.109726
1.0,0.97920096,600.22864
1.0,0.6862901,100.38458
1.0,0.99834573,67.52384
1.0,0.60187507,74.54252
1.0,0.2134452,205.0103
1.0,0.2732458,67.41204
1.0,0.7137709,77.812584
1.0,0.4343815,78.26254
1.0,0.44409922,96.08868
1.0,0.5012839,87.37234
1.0,0.48418668,588.86523
1.0,0.15399936,74.260445
1.0,0.4934944,139.59438
1.0,0.6723962,287.9033
1.0,0.56203973,65.39759
1.0,0.5755064,78.63272
1.0,0.44011182,105.70605
1.0,0.66327566,92.11678
1.0,0.21458377,67.329636
1.0,0.5968148,76.756744
1.0,0.5219052,89.17664
1.0,0.53690386,75.76937
1.0,0.63183624,124.5715
1.0,0.9999559,2242.6643
1.0,0.048571385,372.30838
1.0,0.9999716,71.123146
1.0,0.4256276,96.28126
1.0,0.26404655,85.49995
1.0,0.74784327,224.0057
1.0,0.9995092,91.46242
1.0,0.54072446,177.33679
1.0,0.9711501,234.23578
1.0,0.117323376,74.89076
1.0,0.2830153,80.280556
1.0,0.047713522,142.19896
1.0,0.10393627,291.1088
1.0,0.26262027,93.61613
1.0,0.50140184,150.04082
1.0,1.0,441.65237
1.0,0.3899266,82.08179
1.0,0.55239385,92.59101
1.0,0.2703767,284.522
1.0,0.9998554,132.08751
1.0,0.551821,119.97917
1.0,0.9838774,721.09686
1.0,0.29710114,278.67523
1.0,0.10356109,65.22782
1.0,0.44459063,669.86584
1.0,0.51705045,77.29712
1.0,0.20020308,306.32382
1.0,0.04010461,91.63347
1.0,0.047429938,77.576546
1.0,0.4520978,500.82147
1.0,0.5678723,86.86392
1.0,1.0,37554.6
1.0,0.60616726,100.82676
1.0,0.31989232,77.364494
1.0,0.2772249,148.18468
1.0,0.7828848,78.33543
1.0,0.21964946,148.73195
1.0,0.119375795,149.4715
1.0,0.4433735,82.45678
1.0,0.49532008,87.707756
1.0,0.7050676,66.455505
1.0,0.93806756,311.60654
1.0,0.5621385,74.53943
1.0,0.44015178,97.18071
1.0,0.4824383,333.88617
1.0,0.15195708,249.89896
1.0,0.56436276,76.43903
1.0,0.99670655,554.63385
1.0,0.23125054,68.19664
1.0,0.19780512,70.32742
1.0,0.53448635,90.938065
1.0,0.19023675,72.71817
1.0,0.4173273,86.83053
1.0,0.33126006,155.9682
1.0,0.2859807,128.25673
1.0,0.6258231,80.93186
1.0,0.43452606,173.91905
1.0,0.95747894,98.37638
1.0,0.5071678,165.36438
1.0,0.5379902,75.93644
1.0,0.5648829,66.926735
1.0,0.55316293,80.285446
1.0,0.54010355,121.06612
1.0,0.09987155,78.7464
1.0,0.1440732,165.90805
1.0,0.9574038,82.15923
1.0,0.9992331,158.00519
1.0,0.75673974,76.928185
1.0,0.2796013,67.05907
1.0,0.99995756,90.45441
1.0,0.9988726,89.729294
1.0,0.32616574,88.03868
1.0,0.3622205,114.53545
1.0,0.9961665,1271.7802
1.0,0.31789404,75.58582
1.0,0.5404836,95.65791
1.0,0.5018251,148.75539
1.0,0.95551527,121.6327
1.0,0.84484696,642.6511
1.0,0.524306,86.64227
1.0,0.6394343,70.98793
1.0,0.8573634,174.87578
1.0,0.52034646,100.98874
1.0,0.9980416,155.68462
1.0,0.6007337,110.86783
1.0,0.74465513,66.27625
1.0,0.19940461,145.61876
1.0,0.17588802,72.983665
1.0,0.2664878,67.408936
1.0,0.08270156,95.68929
1.0,0.9999938,26227.648
1.0,0.101089366,71.63845
1.0,0.64519346,68.33943
1.0,0.999736,72.070465
1.0,0.82674056,76.705734
1.0,0.49482805,75.6172
1.0,0.7705196,102.4857
1.0,0.62524295,71.84167
1.0,0.22511014,97.43751
1.0,0.5474621,109.264084
1.0,0.41587698,78.23501
1.0,0.5528034,141.43288
1.0,0.5210763,72.92459
1.0,0.61542344,71.50462
1.0,1.0,1499.2383
1.0,0.7854636,105.60755
1.0,0.6610426,325.46915
1.0,0.88263863,288.2547
1.0,0.5224667,70.406746
1.0,0.5446381,69.43353
1.0,0.9987231,67.3594
1.0,0.9999987,6559.326
1.0,0.15385789,69.90208
1.0,0.57467663,72.108734
1.0,0.9998952,513.8709
1.0,0.27392268,83.14912
1.0,0.5129763,85.38695
1.0,0.10098962,223.39314
1.0,0.3649561,73.3723
1.0,0.9999728,65.759155
1.0,0.23421757,73.359215
1.0,0.6767366,76.73783
1.0,0.5095895,69.68293
1.0,1.0,3845.27
1.0,0.5446325,87.602806
1.0,0.9965133,535.3763
1.0,0.99999774,162.12724
1.0,0.61099786,3.5906173e+08
1.0,0.5518475,94.73751
1.0,0.59016603,95.554436
1.0,0.55986106,96.83051
1.0,0.27760264,229.26021
1.0,0.7648434,177.73035
1.0,0.2684013,329.38586
1.0,0.25189698,66.709526
1.0,0.46417516,154.75894
1.0,0.99795675,126.653244
1.0,0.3513155,216.23734
1.0,0.9999858,68.772316
1.0,0.608307,125.76086
1.0,0.21843441,263.2197
1.0,0.61295974,69.37956
1.0,0.41446763,120.85077
1.0,0.4622112,216.59792
1.0,0.5657337,76.699165
1.0,0.5503084,72.576294
1.0,0.56640726,66.25505
1.0,0.5607928,76.92185
1.0,0.71930337,94.89781
1.0,0.93908745,386.04102
1.0,0.7155155,66.25287
1.0,0.5314641,142.02748
1.0,0.5393869,76.02228
1.0,0.41937584,91.092155
1.0,0.5623766,78.99497
1.0,0.52965176,70.94357
1.0,0.4362185,4.5072692e+07
1.0,0.28761056,174.60526
1.0,0.54176015,70.32366
1.0,0.12222403,76.176125
1.0,0.3215769,146.52144
1.0,0.30643943,65.25855
1.0,0.18736103,180.33218
1.0,0.5925156,71.405106
1.0,0.47338396,87.19172
1.0,0.99999905,68.81199
1.0,0.8225804,76.10826
1.0,0.19958667,81.84816
1.0,0.41439524,143.90845
1.0,0.62303054,385.1162
1.0,0.9999999,71.213806
1.0,0.16330282,105.18674
1.0,0.99926406,1403.7561
1.0,0.49440283,75.011154
1.0,0.9067054,70.69995
1.0,0.999984,116.812904
1.0,0.16811503,201.1726
1.0,0.9997367,97.353615
1.0,0.58448386,201.05138
1.0,0.19725053,72.5415
1.0,0.55985135,127.582146
1.0,0.4919639,225.52501
1.0,0.99999976,201.81982
1.0,0.4899172,115.06314
1.0,0.1440092,66.69728
1.0,0.36040184,70.474266
1.0,0.74980235,129.45738
1.0,0.49181414,258.99133
1.0,0.2957251,86.291534
1.0,0.41282758,587.32654
1.0,0.6015823,258.978
1.0,0.6117141,271.1835
1.0,0.9999999,70.775795
1.0,0.56989706,72.73947
1.0,0.81806827,82.84963
1.0,0.46145532,163.29965
1.0,0.22747476,74.032906
1.0,0.69657046,375.0993
1.0,0.052906133,430.46878
1.0,0.98477465,111.33179
1.0,0.8243269,86.555374
1.0,0.7034797,227.60362
1.0,0.45463023,67.22613
1.0,0.9996495,3457.0496
1.0,0.8265422,83.172424
1.0,0.41069046,143.80681
1.0,0.3160578,223.47177
1.0,0.19560528,115.58691
1.0,0.60270065,70.98257
1.0,0.9741984,228.98662
1.0,0.59622645,93.13655
1.0,0.7391969,77.97604
1.0,0.30534375,132307.62
1.0,0.313718,181.34859
1.0,0.26467803,127.76459
1.0,0.5321056,74.61995
1.0,0.7192404,174.84497
1.0,0.99240315,738.0238
1.0,0.031422008,257.4708
1.0,0.4468401,87.87236
1.0,0.36878848,96.5886
1.0,0.98481095,88.634346
1.0,0.9812826,653.9483
1.0,0.7611244,83.36469
1.0,0.8552155,113.00948
1.0,0.25884357,167.16028
1.0,0.6423006,93.82491
1.0,0.34850198,90.182045
1.0,0.55936307,96.27285
1.0,0.1564507,89.32716
1.0,0.56006145,191.41554
1.0,0.59242845,87.32383
1.0,0.6407707,13630.564
1.0,0.1589396,81.12844
1.0,0.84300274,99.376884
1.0,0.35493752,243.22636
1.0,0.27938417,159.18997
1.0,1.0,136.92009
1.0,0.52881366,91.05841
1.0,0.9999832,77.43841
1.0,0.9999707,74.01299
1.0,0.46585578,390.34558
1.0,0.8481677,107.91866
1.0,0.4069032,85.09714
1.0,0.99999666,140.96268
1.0,0.6247989,78.428345
1.0,0.087642066,76.16697
1.0,0.45987457,99.2747
1.0,0.8466122,296.711
1.0,0.68102354,89.14842
1.0,0.72048587,217.99217
1.0,0.22519355,299.91705
1.0,0.53448826,82.807304
1.0,0.14742577,101.92473
1.0,0.18375501,73.717804
1.0,0.44203454,78.087875
1.0,0.99994195,93.15432
1.0,0.41918784,82.05387
1.0,0.98661196,2387.3027
1.0,0.5938439,464.36923
1.0,0.46118063,79.52813
1.0,0.44586635,92.13998
1.0,0.46178028,79.05304
1.0,0.67141515,605.7641
1.0,0.99995613,12673.128
1.0,0.68846107,201.00768
1.0,0.62057996,115.32052
1.0,0.21264043,153.2092
1.0,0.6020246,135.26064
1.0,0.69632673,65.85843
1.0,0.35904327,70.473145
1.0,0.91828775,288.00543
1.0,0.999602,246.55328
1.0,0.2196295,121.609
1.0,0.32545912,172.74986
1.0,0.56924367,88.08664
1.0,0.7542398,70.21249
1.0,0.092435196,2.3806661e+11
1.0,0.22981422,77.400154
1.0,0.99997187,74.21855
1.0,0.28714013,424.71655
1.0,0.09594555,94.63017
1.0,0.13452664,69.34347
1.0,0.95818996,441.81
1.0,0.9863929,76.774826
1.0,0.6169163,145.44139
1.0,0.22092783,88.66257
1.0,0.94817936,86.36703
1.0,0.63543767,257.73993
1.0,0.5444689,71.11735
1.0,0.61104375,98.65372
1.0,0.33069676,139.78854
1.0,0.6896541,66.82192
1.0,0.24275447,76.81853
1.0,0.46668553,118.41656
1.0,0.9998764,963.6623
1.0,0.9317921,65.25963
1.0,0.80536664,104.1326
1.0,0.58493745,121.35317
1.0,0.9974921,151.10152
1.0,0.45926625,129.4753
1.0,0.50084877,120.17773
1.0,0.7601523,139.94188
1.0,0.84450114,248.37956
1.0,0.8494811,800.3101
1.0,0.9998882,205.83162
1.0,0.49157447,94.36767
1.0,0.6053141,81.18939
1.0,0.9998431,609.4697
1.0,0.8725857,82.78044
1.0,1.0,19286.969
1.0,0.4770039,147.50444
1.0,0.29872504,73.924515
1.0,0.99999976,53093.445
1.0,0.5533634,72.40291
1.0,0.11505209,104.65331
1.0,0.97781664,75.19242
1.0,0.5196726,175.04128
1.0,0.62754685,96.55061
1.0,0.39360917,191.92313
1.0,0.9981692,157.96086
1.0,0.6639324,100.13003
1.0,0.9857368,724.17017
1.0,0.6099817,73.819435
1.0,0.665743,147.49246
1.0,0.16584873,346.655
1.0,0.9964706,224.853
1.0,0.9989961,1345.9098
1.0,0.8646196,489.08218
1.0,0.60108495,70.910904
1.0,0.6373457,86.17193
1.0,0.9998535,684.807
1.0,0.59806114,77.51778
1.0,0.9546897,430.65125
1.0,0.7164049,70.85059
1.0,0.6631903,175.26907
1.0,0.19270582,116.13914
1.0,0.70421004,71.858116
1.0,0.9568659,459.0427
1.0,0.25071052,69.174385
1.0,0.9999949,323.03915
1.0,0.16549991,189.45627
1.0,0.98258,329.4318
1.0,0.98098207,67.51222
1.0,0.15329133,132.24373
1.0,0.5157582,66.98319
1.0,0.50502175,83.88306
1.0,0.9440696,91.11732
1.0,1.0,3461.1077
1.0,0.55105746,81.31627
1.0,0.6292683,73.43476
1.0,0.55540776,75.4845
1.0,0.39984685,111.30716
1.0,0.99886096,1105.5444
1.0,0.06495862,78.14585
1.0,0.08880537,75.06154
1.0,0.6198603,219.94894
1.0,0.8506044,228.86082
1.0,0.62326115,72.67214
1.0,0.5075888,235.84972
1.0,0.23172097,96.19635
1.0,0.42394963,122.7541
1.0,0.4234351,73.57705
1.0,0.49252737,277.33463
1.0,0.96959406,371.49744
1.0,0.17015304,102.435135
1.0,0.98256934,78.43274
1.0,1.0,6157.902
1.0,0.99538356,6665.6284
1.0,0.88479346,74.56552
1.0,0.51542103,121.845764
1.0,0.52169544,207.25008
1.0,0.6751538,257.01126
1.0,0.99999714,510.07715
1.0,0.54081875,84.734924
1.0,0.4426126,214.10072
1.0,0.39540982,79.464874
1.0,0.55885345,83.240395
1.0,0.24629094,93.03659
1.0,0.6434647,72.08807
1.0,0.47891718,129.56439
1.0,1.0,110.79116
1.0,0.9996469,125.40132
1.0,0.57096326,71.84727
1.0,0.99975854,8444.089
1.0,0.9967879,371.6235
1.0,0.6482896,120.99462
1.0,0.5138486,219.45564
1.0,0.98549634,3982.6753
1.0,0.9761831,1054.6283
1.0,0.99945945,944.95044
1.0,0.89420235,82.08868
1.0,0.48900336,113.06465
1.0,0.65750504,97.85713
1.0,0.65411,103.49975
1.0,0.8065831,76.18704
1.0,1.0,24236.984
1.0,0.10904271,733.9132
1.0,0.86566556,86.22746
1.0,0.8311829,352.64774
1.0,0.9692377,101.46838
1.0,0.30041167,175.37581
1.0,0.9995797,624.5994
1.0,0.9999474,199.59314
1.0,0.5192716,84.94214
1.0,0.28450853,120.51791
1.0,0.57981634,68.01751
1.0,0.3484309,213.20732
1.0,0.53292686,69.74721
1.0,0.592826,69.437256
1.0,0.23704928,70.572876
1.0,0.972926,541.0923
1.0,0.31832725,79.818474
1.0,0.23323628,85.66034
1.0,0.542552,88.0281
1.0,0.75141686,98.80846
1.0,0.4999544,132.01443
1.0,0.8035398,296.5397
1.0,0.8394489,137.2703
1.0,0.9852202,448.92227
1.0,0.1419953,394.12134
1.0,0.5300967,74.4765
1.0,0.4595795,152.46153
1.0,0.99999356,406.62094
1.0,0.9403175,98.927025
1.0,0.9999994,521.2943
1.0,0.52536285,360.96024
1.0,0.26749998,91.60706
1.0,0.59879375,70.19863
1.0,1.0,6236.8633
1.0,0.18227892,71.33309
1.0,0.4504642,67.63962
1.0,0.2378698,400.58615
1.0,0.14313316,84.37756
1.0,0.952377,527.15533
1.0,0.8261532,97.723885
1.0,0.9814223,117.05363
1.0,0.9881264,82.917046
1.0,0.21689643,285.93643
1.0,0.681331,122.81813
1.0,0.5900819,219220.11
1.0,0.99181926,1820.6552
1.0,0.8305085,99.70035
1.0,0.7100013,72.542816
1.0,0.57366306,68.101746
1.0,0.5646805,168.9308
1.0,0.8767352,120.2762
1.0,0.68159777,93.05023
1.0,0.42177075,325.9494
1.0,0.5151404,70.57154
1.0,0.9790131,585.0048
1.0,0.03358029,166.28474
1.0,0.57454896,120.358765
1.0,1.0,3654.7737
1.0,0.23439236,110.99901
1.0,0.8325419,583.9941
1.0,0.45425624,364.8499
1.0,0.108598985,69.7505
1.0,0.052062303,68.89541
1.0,0.6654702,81.41553
1.0,0.316845,110.8828
1.0,0.7424479,79.66202
1.0,0.4770193,116.77379
1.0,0.99924195,181.84375
1.0,0.9999999,68.74231
1.0,0.41730583,73.669525
1.0,0.33602715,223.77893
1.0,0.46699047,121.550995
1.0,0.60434955,116.48401
1.0,0.72779936,70.44588
1.0,0.51773304,69.262085
1.0,0.09965791,132.94748
1.0,0.12056381,74.29625
1.0,0.09873074,74.641396
1.0,0.51124114,66.67956
1.0,0.4902314,192.36256
1.0,0.3796228,143.73792
1.0,0.71176034,88.66919
1.0,0.45733944,101.80248
1.0,0.13594729,91.144905
1.0,0.5959298,1190.9542
1.0,0.2237221,96.50653
1.0,0.54413885,118.13372
1.0,0.25377795,101.97711
1.0,0.43034577,226.86176
1.0,0.4636593,505.9249
1.0,0.65398806,77.64263
1.0,0.19486922,114.098976
1.0,0.9998473,114.81478
1.0,0.072363354,306.28583
1.0,0.5837669,80.69427
1.0,0.4738803,102.963745
1.0,0.37027678,82.25342
1.0,0.6848855,89.93426
1.0,0.541767,70.299416
1.0,0.60024506,106.99674
1.0,0.98354846,308.41956
1.0,0.5154663,94.00841
1.0,0.68604606,69.468216
1.0,0.99999535,138.39348
1.0,0.5851893,75.46921
1.0,0.5800849,68.686005
1.0,0.91870713,175.57262
1.0,0.5916473,118.769684
1.0,0.45239496,122.3746
1.0,0.53117675,637.9234
1.0,0.66253495,1045.8313
1.0,0.4157843,73.811714
1.0,0.66802865,75.562614
1.0,0.7062439,83.27275
1.0,0.7693121,97.1053
1.0,0.34074932,89.17424
1.0,0.7974977,78.782455
1.0,0.40851292,167.77911
1.0,0.675688,245.98856
1.0,0.49179384,72.1299
1.0,1.0,3927.0603
1.0,0.31351933,93.14123
1.0,0.44701156,84.37201
1.0,0.4069153,70.103546
1.0,0.4431582,80.45037
1.0,0.31764436,70.88705
1.0,0.50051004,213.2738
1.0,0.45024502,66.317894
1.0,0.56128806,117.75106
1.0,0.5780866,97.574165
1.0,0.027277375,89.118645
1.0,0.65203375,75.873184
1.0,0.57099164,100.40619
1.0,0.80705917,143.40932
1.0,0.96303135,751.59924
1.0,0.5803312,112.44071
1.0,0.24818167,125.651886
1.0,0.15591961,78.84684
1.0,0.22964866,133.87762
1.0,0.14930478,1.06432404e+12
1.0,0.99999964,173.33524
1.0,0.2566761,566.179
1.0,0.54999626,67.82587
1.0,0.7077108,91.25858
1.0,0.5297589,117.87291
1.0,0.99846184,111.190575
1.0,0.60492617,110.36017
1.0,0.398847,185.46294
1.0,0.38587928,173.43327
1.0,0.23444654,259.0596
1.0,0.9984694,520.0235
1.0,0.23328026,127.80984
1.0,0.9999901,6438.9917
1.0,0.72417766,66.71381
1.0,0.40459433,66.240685
1.0,0.29496014,91.08316
1.0,0.58382523,124.11612
1.0,0.26505762,97.70882
1.0,0.9999026,72.77842
1.0,0.97472286,81.81995
1.0,0.30377048,78.22496
1.0,1.0,203.55643
1.0,0.50595635,79.67383
1.0,0.99994636,7628.877
1.0,0.14105907,67.78356
1.0,0.28246388,158.94983
1.0,0.3330255,99.00643
1.0,0.7052888,65.54075
1.0,0.64797866,80.24121
1.0,0.27926075,334.184
1.0,0.9994023,478.04852
1.0,0.9999014,488.22348
1.0,0.99999976,2217.4717
1.0,0.6901484,410.02008
1.0,0.7560529,67.9698
1.0,0.6550955,95.57369
1.0,0.5689546,80.1002
1.0,0.49619856,130.91794
1.0,0.549092,71.1192
1.0,0.6414073,87.048164
1.0,0.5776664,82.42499
1.0,0.4898385,67.406456
1.0,0.40145424,72.37181
1.0,0.18285072,89.723015
1.0,0.78168654,278.98383
1.0,0.6072793,458.53064
1.0,0.31582567,90.823166
1.0,0.9897966,235.75548
1.0,0.48895535,225.539
1.0,0.998175,102587.414
1.0,0.19017309,111.49283
1.0,0.4457723,121.00279
1.0,0.5296575,74.36101
1.0,0.5131871,142.1075
1.0,0.45925295,89.754944
1.0,0.53811234,77.72513
1.0,0.5496732,106.091896
1.0,0.49440283,370.99973
1.0,0.630364,89.04969
1.0,0.6138177,128.24046
1.0,0.2804173,154.03314
1.0,0.49440283,86.42622
1.0,0.55496824,70.60326
1.0,0.55897874,189.67148
1.0,0.9905475,83.9161
1.0,0.99148667,69.176735
1.0,0.49262166,106.9558
1.0,0.5020817,69.20374
1.0,0.6044186,71.35984
1.0,0.6665283,68.81448
1.0,0.99999297,127.07641
1.0,0.07960413,68.67628
1.0,0.1537078,95.51122
1.0,0.60719275,103.733086
1.0,0.018298369,119.611084
1.0,0.16658732,304.84186
1.0,0.99994063,139.46759
1.0,0.27408975,73.279076
1.0,0.6357965,131.58017
1.0,0.63040286,317.00784
1.0,0.4305664,72.10609
1.0,0.9309588,105.23213
1.0,0.90383655,106.26834
1.0,1.0,697.1857
1.0,0.93821687,82.74945
1.0,0.47993165,363.08917
1.0,0.81826705,96.94801
1.0,0.55445254,237.58784
1.0,0.23607628,302.3588
1.0,0.28909534,204.91849
1.0,0.50101274,151.04826
1.0,0.4519242,82.86646
1.0,0.97758776,79.107025
1.0,0.9994161,576.7452
1.0,0.47273374,68.8474
1.0,0.9999167,80.81268
1.0,0.99413306,120.59925
1.0,0.4720023,65.13314
1.0,0.9997265,113.88083
1.0,0.537581,77.513115
1.0,0.2503727,65.7135
1.0,0.58320916,67.59166
1.0,0.4262875,141.34927
1.0,0.5567693,84.18262
1.0,0.49511883,70.17233
1.0,0.99997175,77.123886
1.0,0.5902344,82.45717
1.0,0.29565817,88.2516
1.0,0.19940525,65.22363
1.0,0.99731195,92.05026
1.0,0.059058905,126.30503
1.0,0.2118902,128.28947
1.0,0.3896907,89.106125
1.0,0.97811514,219.57338
1.0,0.50613546,112.84359
1.0,0.9999366,251.31532
1.0,0.9999957,12530.822
1.0,0.5400622,188.36732
1.0,1.0,195.98442
1.0,1.0,3081.735
1.0,0.64903957,84.18812
1.0,0.97914565,1492.7019
1.0,0.93702024,160.835
1.0,0.55797756,96.25102
1.0,0.52447253,104.813385
1.0,0.99707747,68.15993
1.0,0.7933816,173.31374
1.0,0.3636921,86.34252
1.0,0.9999994,123.99184
1.0,0.6817889,136.32787
1.0,0.54452646,75.73382
1.0,0.41664657,96.356155
1.0,0.29997048,74.152695
1.0,0.29144973,87.409874
1.0,0.54301286,782.90265
1.0,0.57713556,79.86412
1.0,0.5489801,334.99017
1.0,0.9999987,100.42615
1.0,0.60112584,131.4744
1.0,0.21428268,173.36235
1.0,0.56844944,139.37253
1.0,0.9975473,77.78495
1.0,0.78761655,66.172806
1.0,0.99999547,3132.3093
1.0,0.315895,279.19254
1.0,0.13972338,75.3474
1.0,0.99281245,87.1587
1.0,0.7136532,88.98953
1.0,0.5931531,70.24992
1.0,0.77069646,676.4259
1.0,0.22075996,108.997246
1.0,0.9865546,72.813225
1.0,0.51562065,107.45571
1.0,1.0,2513.9617
1.0,0.86417115,352.82764
1.0,0.15099117,74.997505
1.0,0.7969374,80.546906
1.0,0.66405064,88.85865
1.0,0.082164146,618.75903
1.0,0.85391027,183.61923
1.0,0.19979595,72.686104
1.0,0.61267406,1599.8812
1.0,0.60175836,81.03018
1.0,0.9628021,543.658
1.0,0.08994642,118.791985
1.0,0.82707554,768.0181
1.0,0.86351633,87.24939
1.0,0.6423534,66.208725
1.0,0.7802477,121.530846
1.0,0.6239043,400.63785
1.0,0.5098353,85.60341
1.0,0.527366,103.75752
1.0,0.42582586,104.84204
1.0,0.5145397,297.18375
1.0,0.5600227,67.34498
1.0,0.57670486,65.4682
1.0,0.79728335,132.46577
1.0,0.5497932,70.60911
1.0,0.27331853,167.49889
1.0,0.91441697,317.3965
1.0,0.31381238,70.26178
1.0,0.6211712,96.94583
1.0,0.014103466,214.63713
1.0,0.4351369,89.177376
1.0,1.0,180.05351
1.0,0.7585929,270.73474
1.0,0.39952335,138.25285
1.0,0.91034746,122.14399
1.0,1.0,195.83836
1.0,0.42128184,71.056725
1.0,0.44547528,76.93982
1.0,0.99998236,72.76957
1.0,0.45960715,110.34254
1.0,0.52439034,107.80059
1.0,0.13107827,81.1314
1.0,0.5160149,156.98166
1.0,0.97094417,106.91876
1.0,0.29667732,136.84645
1.0,0.22413073,73.250755
1.0,0.521468,83.30645
1.0,0.039070707,220.47627
1.0,0.5535072,83.47331
1.0,0.97471386,195.98917
1.0,0.96748894,743.8032
1.0,0.41272315,67.96091
1.0,0.53729916,77.61544
1.0,0.58381057,87.73347
1.0,0.98273695,71.65381
1.0,0.095202744,243.07086
1.0,0.6056048,67.645294
1.0,0.66043776,65.83923
1.0,0.43311098,126.85838
1.0,0.5711336,72.053696
1.0,0.19694018,72.11529
1.0,0.5034949,86.1923
1.0,0.10140622,83.903435
1.0,0.43817526,108.8278
1.0,0.0457578,68.59297
1.0,0.5750103,67.505844
1.0,0.4621413,74.898125
1.0,0.27412143,93.388016
1.0,0.24407393,66.899666
1.0,0.34911147,78.594376
1.0,0.5946448,365.23065
1.0,0.363486,73.5134
1.0,0.6048406,289.29135
1.0,0.46378165,234.95622
1.0,0.13216247,80.74202
1.0,0.6512032,69.6383
1.0,0.42791912,127.55126
1.0,0.11292199,92.70094
1.0,0.99480397,423.9958
1.0,0.30735272,108.34185
1.0,0.9999999,180.2615
1.0,0.17964122,76.658
1.0,0.7569627,66.84023
1.0,0.3304828,319.454
1.0,0.57230705,85.77165
1.0,0.4984809,99.31618
1.0,0.3099364,141.31995
1.0,0.99999976,11616.937
1.0,0.39037043,118.18483
1.0,0.5237061,87.72538
1.0,0.5237061,87.72538
1.0,0.2629573,68.4613
1.0,0.9995968,208.9188
1.0,0.675514,127.44501
1.0,0.88668025,99.06673
1.0,0.8856704,338.31906
1.0,0.5261683,140.30072
1.0,0.14722769,66.04651
1.0,0.28613293,68.515816
1.0,0.35833067,66.06291
1.0,0.9999987,888.1598
1.0,0.69987476,95.42244
1.0,0.9999912,940.0072
1.0,0.9825801,6311.34
1.0,0.3162251,72.80767
1.0,0.47005937,123.25467
1.0,0.35776624,637.18494
1.0,0.79700005,516.63873
1.0,0.5078353,88.111595
1.0,0.66912556,87.1849
1.0,0.49396265,67.601845
1.0,0.769016,97.97319
1.0,0.2673363,91.70903
1.0,0.9960586,68.877525
1.0,0.28088382,173.19284
1.0,0.9998684,10625.937
1.0,0.4215896,86.98976
1.0,0.55064195,109.34953
1.0,0.35010457,373.85657
1.0,0.99988174,71.74284
1.0,0.99999857,88.2735
1.0,0.44822437,77.255
1.0,0.31643477,192.82535
1.0,1.0,4659.2437
1.0,0.303459,117.14575
1.0,0.8008671,117.36384
1.0,0.36985242,66.21705
1.0,0.5216895,102.97206
1.0,0.6379418,79.805504
1.0,0.56932896,101.618
1.0,0.48140383,107.830246
1.0,0.46977255,197.56786
1.0,0.62523013,100.20201
1.0,0.89549524,85.14397
1.0,0.5545698,80.03167
1.0,0.6417365,81.656876
1.0,0.5969719,70.58721
1.0,0.9925799,65.10761
1.0,0.25084546,73.78204
1.0,0.97715366,78.27062
1.0,0.99999976,174.19864
1.0,0.8132288,70.67108
1.0,0.52423394,124.78334
1.0,0.149041,94.42416
1.0,0.31813133,259.26788
1.0,0.791198,667.59375
1.0,0.67895955,112.52883
1.0,0.636439,101.92792
1.0,0.2483133,255.42493
1.0,0.9472976,74.59005
1.0,0.5001483,69.129814
1.0,0.5522085,131.7206
1.0,0.49376646,79.06921
1.0,0.49440283,82.13096
1.0,0.7110868,104.68279
1.0,0.6074642,78.8056
1.0,0.88062656,388.06494
1.0,0.38471708,73.061356
1.0,0.31529593,123.7685
1.0,0.048262194,93.75272
1.0,0.7000564,124.82822
1.0,0.9817176,160.40259
1.0,0.49440283,192.07007
1.0,0.9853697,1392.6859
1.0,0.9999982,5927.883
1.0,0.9999968,121.98631
1.0,0.5483593,96.66066
1.0,0.9939726,928.459
1.0,0.61080635,106.99004
1.0,0.4655635,80.57435
1.0,0.36738423,69.53487
1.0,0.30956107,75.44945
1.0,0.7166425,81.030136
1.0,0.09813933,199.18092
1.0,0.49628776,88.37251
1.0,0.48742026,71.64461
1.0,0.273762,119.5022
1.0,0.9987012,500.46582
1.0,0.5768714,115.96591
1.0,0.21434976,142.6823
1.0,0.5003959,161.82314
1.0,0.34878224,347.42047
1.0,0.28969476,161.97379
1.0,0.7253953,174.75198
1.0,0.726987,85.23918
1.0,0.5215808,87.42049
1.0,0.076568194,94.32051
1.0,0.2700277,95.454765
1.0,0.9854188,468.43137
1.0,0.56782985,80.830894
1.0,0.68100226,441698.94
1.0,0.5363865,76.36503
1.0,0.9816388,1.657148e+09
1.0,0.6514182,307.49243
1.0,0.9984686,215.57843
1.0,0.9862067,109.13879
1.0,0.5163455,108.99353
1.0,0.37675175,123.47254
1.0,0.9989911,548.2981
1.0,0.66462016,76.30313
1.0,0.08835237,76.254684
1.0,0.7534337,543.22095
1.0,0.9993529,69.48639
1.0,0.49440283,251.80557
1.0,0.5492576,83.836624
1.0,0.99305165,957.67175
1.0,0.44166255,277.2357
1.0,0.008829681,80.51192
1.0,0.70255125,132.42688
1.0,0.32607174,88.592606
1.0,0.94499,857.8401
1.0,0.98004055,77.073135
1.0,0.07308499,87.18741
1.0,0.36419973,77.43465
1.0,0.78890836,103.04936
1.0,0.4726481,97.77771
1.0,0.999997,12883.561
1.0,0.24381267,70.33113
1.0,0.5370893,75.560936
1.0,0.7438025,65.88328
1.0,0.6099899,91.45044
1.0,0.9999379,117.53922
1.0,0.17882395,69.65872
1.0,0.98944086,97.987015
1.0,0.70266575,71.648735
1.0,0.548818,69.600746
1.0,0.31833112,87.15748
1.0,0.5806573,65.91963
1.0,0.54519033,87.11865
1.0,0.9999145,194.8308
1.0,0.6260302,77.89046
1.0,0.5362634,299.2513
1.0,0.49287128,162.57002
1.0,0.6001074,66.42788
1.0,0.7592263,378.8555
1.0,0.30321726,80.16248
1.0,0.99981195,87.232605
1.0,0.1756484,80.46709
1.0,0.45536813,147.23584
1.0,0.5229495,152.67897
1.0,0.99999714,4220.694
1.0,0.99988806,1020.9111
1.0,0.19117059,94.6679
1.0,0.20887926,112.14881
1.0,0.5276607,111.52619
1.0,0.47809255,115.85665
1.0,0.22667013,105.0126
1.0,0.8483659,95.180626
1.0,0.099215396,123.727264
1.0,0.5510776,144.65395
1.0,0.7349389,138.41962
1.0,0.99995613,14871.073
1.0,0.9999118,70.314896
1.0,0.60708797,67.57502
1.0,0.9999857,80.12082
1.0,0.9325788,118.64508
1.0,0.28617263,631.51135
1.0,0.40053287,167.9119
1.0,0.6204486,66.661995
1.0,0.65970784,89.3277
1.0,0.92480475,739.4757
1.0,0.13021822,71.98535
1.0,0.9785926,759.7973
1.0,0.35374385,90.176056
1.0,0.939461,157.9149
1.0,0.917214,568.6283
1.0,0.94987315,99.19216
1.0,1.0,75.925224
1.0,0.05237337,70.88409
1.0,0.67504364,75.62235
1.0,0.54452056,83.47643
1.0,0.40897384,254.78099
1.0,0.98207456,315.32648
1.0,0.52591777,75.31295
1.0,0.6416788,74.402695
1.0,0.49440283,216.32555
1.0,0.4410823,141.56656
1.0,0.24554859,210.5909
1.0,0.9520051,98.63314
1.0,0.45344263,87.01678
1.0,0.5890448,85.92291
1.0,0.56483,89.22287
1.0,0.24260333,125.71212
1.0,0.9999957,2998.6438
1.0,0.99973947,534.4915
1.0,1.0,824.1922
1.0,0.6028335,87.02673
1.0,0.6931631,79.16432
1.0,0.25156152,182.75467
1.0,0.5606515,181.49498
1.0,1.0,209.55643
1.0,0.99989986,245.20374
1.0,0.477645,99.03706
1.0,0.99999535,840.5123
1.0,0.9727117,571.46985
1.0,0.9058603,95.15847
1.0,0.94196486,85.482414
1.0,0.3063326,119.97482
1.0,0.84756064,439.12015
1.0,0.31013688,98.46505
1.0,0.22721319,85.07341
1.0,0.9631044,234.18692
1.0,0.21172564,66.303
1.0,0.999966,113.67289
1.0,0.62531424,75.57466
1.0,0.48433632,105.46706
1.0,0.31173524,105.54073
1.0,0.7417777,70.94563
1.0,0.9736804,76.01335
1.0,0.29975474,68.90638
1.0,0.99826103,298.6485
1.0,0.5581618,80.697945
1.0,0.19931406,119.24452
1.0,0.7508335,78.99688
1.0,0.99999833,2512.4385
1.0,0.57077515,114.89631
1.0,0.4875576,112.43929
1.0,0.98504454,117.8678
1.0,0.6142524,72.8179
1.0,0.15384392,101.98759
1.0,0.7455743,68.82982
1.0,0.99999607,915.02094
1.0,0.7362752,141.13496
1.0,0.5968181,84.79528
1.0,0.39045176,115.58158
1.0,0.5477811,77.23103
1.0,0.24110994,102.16477
1.0,0.74066883,68.622574
1.0,0.6599375,161.26505
1.0,0.9999968,16360.466
1.0,0.9552871,665.0839
1.0,0.4087707,216.7466
1.0,0.12550044,82.14595
1.0,0.64790004,71.74601
1.0,0.5646387,149.40594
1.0,0.15204155,76.844215
1.0,0.2531801,67.095276
1.0,0.7076358,67.26362
1.0,0.19537352,106.347534
1.0,0.9874529,98.396904
1.0,0.1773119,68.928246
1.0,0.99995756,1759.7712
1.0,0.9999845,71.52457
1.0,0.6270169,74.01878
1.0,0.9978872,174.61926
1.0,0.5378326,134.09874
1.0,0.35850394,75.952515
1.0,0.63492906,74.27461
1.0,0.9999554,93.40444
1.0,0.31400576,106.065285
1.0,0.34472185,172.55688
1.0,0.64960986,107.45571
1.0,0.41156664,104.212494
1.0,0.9941294,4121.231
1.0,0.19929923,77.409355
1.0,0.73154205,159.07344
1.0,0.9999995,43706.625
1.0,0.64999026,116.0359
1.0,0.23010276,134.6444
1.0,0.99959654,184.49538
1.0,0.57381433,82.9111
1.0,0.8048818,74.0136
1.0,0.34921253,79.57792
1.0,0.28998876,119.25899
1.0,0.9935912,328.67435
1.0,0.57069194,89.9343
1.0,0.6495416,67.32132
1.0,0.5544846,113.36603
1.0,0.7136945,97.62089
1.0,0.42260236,90.889854
1.0,0.56518894,71.046776
1.0,0.9999981,111.47533
1.0,0.83575445,116.5314
1.0,0.5913613,67.715034
1.0,0.74175584,80.69737
1.0,0.9976367,585.373
1.0,0.5486352,76.130615
1.0,0.38877752,75.86527
1.0,0.5242335,125.20761
1.0,0.94557947,702.9421
1.0,0.72725224,138.03065
1.0,0.1210718,118.329735
1.0,0.30874613,107.90261
1.0,0.46736836,81.68079
1.0,0.99998915,140.77939
1.0,0.37808713,115.4017
1.0,0.3475559,179.98167
1.0,0.94322485,81.64083
1.0,0.62815434,92.64851
1.0,0.56727993,123.59339
1.0,0.61873245,73.433105
1.0,0.97548246,70.28028
1.0,0.85553455,373.29218
1.0,0.9999809,1399.1583
1.0,0.6476885,87.51823
1.0,0.9996414,216.7673
1.0,0.26272964,122.79696
1.0,0.9999187,13192.178
1.0,0.028530726,510.86295
1.0,0.3008417,141.16533
1.0,0.4804348,404.62885
1.0,0.6224725,160.71391
1.0,0.5213173,70.6121
1.0,0.47514448,68.614586
1.0,0.52306664,110.28495
1.0,0.6127828,85.50215
1.0,0.94230896,72.63018
1.0,0.44346994,82.24457
1.0,0.79833835,147.1199
1.0,0.9999324,119.41019
1.0,0.8716851,71.95139
1.0,0.999905,92.531555
1.0,0.98719585,79.55447
1.0,1.0,31675.805
1.0,0.70799524,91.172905
1.0,0.24363199,104.694855
1.0,0.5779353,68.01409
1.0,0.96226966,70.197815
1.0,0.36071423,66.94937
1.0,0.50468016,93.78902
1.0,0.61305696,66.61312
1.0,0.5565468,66.00535
1.0,0.6591076,79.635254
1.0,0.30712664,104.40226
1.0,0.39316133,83.90891
1.0,1.0,13342.039
1.0,0.3069248,298.35074
1.0,0.5419876,85.17902
1.0,0.99999917,135855.17
1.0,0.5195715,67.7387
1.0,0.6375637,69.63234
1.0,1.0,330.26257
1.0,0.9999949,124.85391
1.0,0.94425464,1019.2965
1.0,0.54060495,78.30917
1.0,0.5838249,67.93174
1.0,0.99166673,239.34271
1.0,0.97505695,446.16534
1.0,0.99824786,151.5527
1.0,0.4121564,88.092255
1.0,0.9997528,108.62676
1.0,0.70732945,102.15816
1.0,1.0,30198.822
1.0,0.45550868,112.860374
1.0,0.9995622,4260.577
1.0,0.67967814,66.41145
1.0,0.9999722,106.01888
1.0,0.6575842,76.11357
1.0,0.66086936,193.19482
1.0,1.0,65.576775
1.0,0.83447456,78.16765
1.0,0.62117815,213.05124
1.0,0.21196361,70.557014
1.0,0.058151532,202.96814
1.0,0.30869105,161.91635
1.0,0.70692873,72.8243
1.0,0.63957745,65.23528
1.0,0.31332523,69.33764
1.0,0.5739738,80.18753
1.0,0.4080456,86.94937
1.0,0.5112106,134.1106
1.0,0.7024351,107.70317
1.0,0.9778717,152.72943
1.0,0.596826,91.58021
1.0,0.5896757,76.39058
1.0,0.6017734,99.47382
1.0,0.9887278,76.22819
1.0,0.9991732,114.431435
1.0,0.403192,91.01068
1.0,0.9913545,2595.9858
1.0,0.7360377,247.41862
1.0,0.07682946,94.61924
1.0,0.54876,66.6116
1.0,0.20669782,93.173035
1.0,0.18093969,77.68765
1.0,0.13038866,73.51459
1.0,0.99995637,299.7324
1.0,0.45785186,84.7406
1.0,0.991691,101.592064
1.0,0.9998963,89.23332
1.0,0.10870645,125.2741
1.0,0.71565,86.873795
1.0,0.50995874,74.35309
1.0,0.35656747,68.32737
1.0,0.38117293,66.38747
1.0,0.6993155,70.2365
1.0,0.4967338,143.70888
1.0,0.28651875,99.516426
1.0,0.14050159,251.12141
1.0,0.056448177,574.8902
1.0,0.59788054,66.07349
1.0,0.38722888,171.72008
1.0,0.74151343,145.83884
1.0,0.25753325,74.58755
1.0,0.45509422,92.806274
1.0,0.88533765,85.55751
1.0,0.59629035,97.95205
1.0,0.9918737,164.87923
1.0,0.18723194,71.20747
1.0,0.59568304,68.47994
1.0,0.18975045,73.99989
1.0,0.41375646,265.7592
1.0,0.98090726,260.88812
1.0,0.99998295,302.6745
1.0,0.3944713,65.24496
1.0,0.7362854,117.91498
1.0,0.23903096,87.726105
1.0,0.5169191,85.91857
1.0,0.5214718,127.97897
1.0,0.44902626,212.66818
1.0,0.97703767,127.25883
1.0,0.43035355,81.15837
1.0,0.08472268,122.55997
1.0,0.56631875,108.10408
1.0,0.41356766,93.23602
1.0,0.39143264,79.57237
1.0,0.30966058,83.0905
1.0,0.5103875,87.51852
1.0,0.8166772,76.07476
1.0,0.37600404,98.768654
1.0,0.3642385,70.84433
1.0,0.3985876,79.315445
1.0,0.9454641,798.041
1.0,0.9999995,776.0002
1.0,0.36460787,71.11221
1.0,0.36903626,86.22261
1.0,0.22068703,80.09338
1.0,0.9999999,196.75694
1.0,0.55565345,88.77664
1.0,0.42836112,82.86367
1.0,0.99989367,2806.624
1.0,0.92475927,104.313286
1.0,0.99772674,133.15309
1.0,0.7078425,70.39832
1.0,0.47323853,68.59045
1.0,0.56110424,92.51823
1.0,0.105963774,570.8631
1.0,1.0,1124.2152
1.0,0.241163,213.48209
1.0,0.58921766,107.260155
1.0,0.33296275,86.44098
1.0,0.53786665,66.35506
1.0,0.20243722,85.90994
1.0,0.55635655,90.12865
1.0,0.5062964,288.24362
1.0,0.99681264,655.6817
1.0,0.48692068,65.427864
1.0,0.9998079,104.78916
1.0,0.98091656,180.21025
1.0,0.86415166,78.626114
1.0,0.18323329,95.37664
1.0,0.47715005,82.370026
1.0,0.53021836,73.23857
1.0,0.99999976,217.29178
1.0,0.62007743,65.1345
1.0,0.44957373,542.97943
1.0,0.9533823,202.76746
1.0,0.29294512,103.384186
1.0,0.9994741,261.53085
1.0,0.85752064,692.41144
1.0,0.90117747,72.2263
1.0,0.83924234,834.6355
1.0,0.6139762,137.08601
1.0,0.419689,146.64078
1.0,0.99999857,94.720924
1.0,0.47771215,173.61273
1.0,0.9283283,552.1157
1.0,0.44340175,120.25085
1.0,0.13586715,74.849785
1.0,0.5447097,109.66623
1.0,0.99920386,86.58075
1.0,0.84779453,3731.5984
1.0,1.0,7591.4517
1.0,0.94762707,102.820045
1.0,0.4520142,77.38713
1.0,0.46565604,110.103226
1.0,0.51095086,70.93691
1.0,0.9999982,203.82727
1.0,0.33969587,94.83735
1.0,0.99457115,99.59447
1.0,0.5099932,92.349045
1.0,0.97094077,4033.286
1.0,0.9237025,68.7066
1.0,0.67010844,141.46642
1.0,0.6180933,75.03995
1.0,0.49440283,4.2795697e+09
1.0,0.93004525,158.26231
1.0,0.30476612,66.50768
1.0,0.79434806,73.7413
1.0,0.4262875,84.26871
1.0,0.7856367,852.0236
1.0,0.6470721,92.43294
1.0,0.5688603,172.91049
1.0,0.22720252,266.90622
1.0,0.27617204,339.59705
1.0,0.89056337,86.937416
1.0,0.99898225,277.30936
1.0,0.71184504,82.25613
1.0,0.41629082,98.190994
1.0,0.999985,2375.1494
1.0,0.013042096,102.39606
1.0,0.5968385,72.32725
1.0,0.5477328,121.00851
1.0,0.97228956,87.45058
1.0,0.49885637,66.013245
1.0,0.572175,90.323204
1.0,0.3186782,178.31085
1.0,0.9907115,1250.0432
1.0,0.13460153,124.5834
1.0,0.5849498,92.24947
1.0,0.9991099,1376.6001
1.0,0.9999975,400.79953
1.0,0.9774383,246.88878
1.0,0.99743253,4516.6895
1.0,0.59423894,78.27545
1.0,0.99999976,103398.89
1.0,0.024874266,170.48555
1.0,0.70282656,426.1934
1.0,0.47108018,291.53867
1.0,0.4498639,136.7242
1.0,0.17299388,79.14868
1.0,0.50237757,86.1544
1.0,0.9970782,6148.7373
1.0,0.5459096,104.22038
1.0,0.6377502,83.16023
1.0,0.30665722,102.799675
1.0,0.6128307,89.28588
1.0,0.70366067,137.1195
1.0,0.990026,496.44687
1.0,0.35621965,97.19384
1.0,0.9999999,178.13318
1.0,0.2528918,73.827034
1.0,0.89061683,243.46643
1.0,0.5585434,99.12404
1.0,0.8552836,102.77129
1.0,0.98991865,93.61222
1.0,0.5411789,89.99155
1.0,0.6309883,96.304596
1.0,0.057575643,71.360664
1.0,0.46820793,88.14849
1.0,0.9958223,124.44054
1.0,0.4704204,164.75471
1.0,0.5447955,119.73098
1.0,0.45427415,102.10428
1.0,0.9348827,108.958
1.0,0.66321254,434.6448
1.0,0.5063169,67.123886
1.0,0.2548989,118.78338
1.0,0.23388621,162.34135
1.0,0.5392936,103.82504
1.0,0.26988092,79.42569
1.0,0.51833797,95.13988
1.0,0.38216102,66.39395
1.0,0.54718083,78.09958
1.0,0.6284456,77.78094
1.0,0.47079915,66.91094
1.0,0.99765354,28782.682
1.0,0.45365307,111.06691
1.0,0.44735035,905.4095
1.0,0.5592913,144.73648
1.0,0.6949781,389.18863
1.0,0.49440283,104.28237
1.0,0.61479497,77.81344
1.0,0.06620433,80.665344
1.0,0.5456823,79.26595
1.0,0.6871782,69.09574
1.0,0.97439146,278.32602
1.0,0.41773772,135.9226
1.0,0.27468303,69.002
1.0,0.99963653,118.04367
1.0,0.99997306,297.8006
1.0,0.6574251,139.15984
1.0,0.53052497,81.6703
1.0,0.53316694,206.06825
1.0,0.99991024,932.714
1.0,0.59316,118.61135
1.0,0.8826237,91.09751
1.0,0.99991906,3478.5466
1.0,0.92953354,118.49387
1.0,0.99992466,634.7772
1.0,0.49440283,91.84043
1.0,0.33899605,85.13721
1.0,0.5989978,183.89018
1.0,0.9850744,65.96496
1.0,0.29238772,190.28714
1.0,0.38823897,71.67283
1.0,0.23827825,85.835365
1.0,0.55170417,77.89811
1.0,0.22228375,251.25407
1.0,0.3479329,97.32347
1.0,0.9999974,67.605576
1.0,0.78714013,258.83868
1.0,0.58364284,118.72894
1.0,0.9999999,1390.362
1.0,0.43769348,100.4342
1.0,0.21050692,145.7516
1.0,0.4935201,68.73482
1.0,0.10072409,80.510414
1.0,0.24307002,72.48754
1.0,0.47848797,65.208305
1.0,0.97914755,67.85063
1.0,0.5963027,91.784836
1.0,0.9999976,6026.4688
1.0,0.8262403,837.5437
1.0,0.112989195,77.15224
1.0,0.99999523,258.21832
1.0,0.07528981,89.98883
1.0,0.062224105,313.9824
1.0,0.55115545,68.27577
1.0,0.6566267,76.676476
1.0,0.99999976,207.02515
1.0,0.9495539,152.24634
1.0,0.5259008,77.94857
1.0,0.54003423,85.43093
1.0,0.26666364,253.14073
1.0,0.8741962,91.09596
1.0,0.75353503,159.8838
1.0,0.73604935,189.83752
1.0,0.599273,75.86514
1.0,0.9999449,11593.466
1.0,0.99997413,887.4346
1.0,0.17673478,109.998886
1.0,0.98125035,69.44846
1.0,0.3713698,390.64615
1.0,0.3634359,75.1459
1.0,0.6668828,70.99564
1.0,0.46912727,174.07933
1.0,0.3978551,71.88858
1.0,0.9947044,86.06902
1.0,0.99143827,926.85834
1.0,0.62484336,69.6936
1.0,0.45848298,176.07791
1.0,1.0,7940.084
1.0,0.5577981,91.88335
1.0,0.8087505,54224.934
1.0,0.13717446,81.266045
1.0,1.0,124.51878
1.0,0.21667059,104.03329
1.0,0.7640683,144.04883
1.0,0.9973901,582.5247
1.0,0.4819127,71.90419
1.0,0.27320147,150.08704
1.0,0.520644,132.23618
1.0,0.12726715,95.619606
1.0,0.7622405,431.17548
1.0,0.42123657,65.55295
1.0,0.32790026,93.15504
1.0,0.9999982,388.76987
1.0,0.21273366,82.98715
1.0,0.6093671,86.74805
1.0,0.73442507,69.22276
1.0,0.71931744,88.00041
1.0,0.56035316,2941.7192
1.0,0.62251776,85.21855
1.0,0.47459945,68.66829
1.0,0.32422584,153.01596
1.0,0.95545053,82.09291
1.0,0.57569695,97.38678
1.0,0.6424803,112.41411
1.0,0.99937904,2550.5193
1.0,0.22533122,136.81918
1.0,0.6603474,101.922264
1.0,0.1384928,153.7114
1.0,0.9946354,70.973564
1.0,0.19945271,85.82255
1.0,0.73301214,65.54398
1.0,0.6929344,243.72586
1.0,0.66586727,75.19316
1.0,0.23365027,89.66912
1.0,0.48933366,135.9282
1.0,0.5296991,151.22815
1.0,0.67569935,73.36871
1.0,0.55555034,68.09154
1.0,0.28304213,79.457
1.0,0.061127827,71.71223
1.0,1.0,28349.86
1.0,0.26091978,82.06714
1.0,0.3891133,70.8446
1.0,0.5053563,197.79858
1.0,0.99986124,72.42875
1.0,0.31456673,197.07607
1.0,0.9987936,7517.1357
1.0,0.85327685,111.40699
1.0,0.812572,74.79889
1.0,0.45593828,136.82977
1.0,0.531134,122.094246
1.0,0.17338695,66.77658
1.0,0.52138436,115.36807
1.0,0.13500719,70.916275
1.0,0.077448584,306.0416
1.0,0.5556628,85.42272
1.0,0.79365015,289.6702
1.0,0.9999987,282.82828
1.0,0.08314795,82.63609
1.0,0.45206296,72.509865
1.0,0.4345259,98.779366
1.0,0.90042937,86.67596
1.0,0.58494234,65.4267
1.0,0.9999976,2182.1462
1.0,0.9972485,83.31331
1.0,0.6139827,82.30898
1.0,0.4250932,115.001884
1.0,0.49440283,101.28433
1.0,0.5910977,90.06162
1.0,0.6006732,467.0245
1.0,0.9187549,77.40646
1.0,0.9999987,851.37976
1.0,0.6456122,85.45142
1.0,0.39006767,121.21275
1.0,0.5209328,123.08732
1.0,0.011945031,74.40372
1.0,0.5238314,67.39941
1.0,0.26396915,135.72314
1.0,0.65311754,82.027954
1.0,0.9166562,83.75999
1.0,0.55615073,86.47686
1.0,0.17452855,104.80613
1.0,0.9999999,6143.798
1.0,0.30653337,213.80157
1.0,0.87016463,103.200066
1.0,0.06781224,86.11322
1.0,0.30077797,182.95775
1.0,0.060783926,72.04365
1.0,0.9844648,73.2112
1.0,0.5552614,75.60989
1.0,0.31519753,524.7306
1.0,0.5903631,206.70116
1.0,0.10386581,413.64264
1.0,0.45672864,133.2238
1.0,0.49873766,101.38903
1.0,0.22874255,84.60023
1.0,0.5799329,71.60898
1.0,0.25692773,106.98006
1.0,0.9960024,187.3736
1.0,0.5933046,102.74382
1.0,0.15625651,77.66079
1.0,0.3466343,147.96243
1.0,0.27871823,72.90986
1.0,0.26993838,316.38177
1.0,0.99999964,10266.223
1.0,0.9999994,8913.254
1.0,0.28335056,337.33908
1.0,0.6705726,206.48975
1.0,0.21154317,82.94711
1.0,0.3890875,90.584404
1.0,0.530561,265.3194
1.0,0.17998366,67.01027
1.0,0.14243141,122.774445
1.0,0.1742734,147.59402
1.0,0.4731823,89.49798
1.0,0.12413135,218.46504
1.0,0.4073172,143.39388
1.0,0.2845087,124.50354
1.0,0.9831496,276.0543
1.0,0.90023696,260.07974
1.0,0.66875356,86.11927
1.0,0.49440283,662.54425
1.0,0.48119402,73.53174
1.0,0.6612176,74.97752
1.0,0.052165356,99.0229
1.0,0.9999995,1308.0773
1.0,0.67241734,113.65885
1.0,0.9668745,128.62424
1.0,0.3281804,68.461655
1.0,0.18417318,96.34676
1.0,0.9999602,92.7586
1.0,0.9999993,109.7223
1.0,0.99945754,860.0932
1.0,0.012841883,66.92916
1.0,0.47302878,114.42176
1.0,0.57704186,68.95031
1.0,0.85506976,69.20652
1.0,0.114199035,71.912025
1.0,0.2450355,84.013596
1.0,0.9635208,78.34387
1.0,0.34761995,107.7603
1.0,0.09932229,86.805145
1.0,0.09618478,70.57931
1.0,0.5187345,157.07623
1.0,0.14423004,80.29387
1.0,0.021684295,117.02106
1.0,0.530941,75.06623
1.0,0.659654,71.32706
1.0,0.1043025,106.90743
1.0,0.20527925,233.38797
1.0,0.9988256,246.7209
1.0,0.5470171,65.15159
1.0,0.75545496,167.75885
1.0,0.5782674,124.143585
1.0,0.6239369,140.4601
1.0,0.46143916,65.944756
1.0,0.675352,71.05376
1.0,0.4774534,114.22877
1.0,0.35225317,79.40027
1.0,0.60383844,103.94309
1.0,0.2578662,96.11321
1.0,0.9995584,294.4133
1.0,0.20558146,290.79956
1.0,0.9835037,179.88419
1.0,0.6789363,88.08122
1.0,0.98446584,122.26656
1.0,0.10309531,153.38214
1.0,0.17809722,66.147255
1.0,0.60698545,127.87349
1.0,0.5534328,74.051094
1.0,0.8186982,93.869835
1.0,0.27896547,97.80541
1.0,0.74005926,260.3952
1.0,0.55475646,79.82237
1.0,0.73279953,102.446266
1.0,0.55764455,75.87977
1.0,0.9761037,88.7314
1.0,0.8288747,66.453285
1.0,0.5639951,129.38747
1.0,0.2944283,95.1488
1.0,0.99999964,237.00034
1.0,0.38459066,124.892166
1.0,0.17922089,117.60841
1.0,0.6278597,203.35338
1.0,0.21088049,139.62488
1.0,0.79350454,77.980606
1.0,0.77706695,96.554726
1.0,0.9999969,7751.312
1.0,0.46299386,75.938896
1.0,0.9955258,143.20226
1.0,0.49440283,161.77171
1.0,0.7690229,101.53636
1.0,0.6278697,111.37464
1.0,0.99978715,66.517815
1.0,0.32519916,85.218506
1.0,0.9349965,127.717606
1.0,0.5485364,100.50667
1.0,0.45815104,66.3166
1.0,0.123601586,77.02902
1.0,0.9062143,105.775475
1.0,0.17008829,67.63215
1.0,0.9469885,149.03346
1.0,0.8548802,366.25708
1.0,0.4830716,79.51041
1.0,0.63198143,84.89987
1.0,0.9778547,114.7696
1.0,0.67944354,76.887764
1.0,0.6312386,108.16291
1.0,0.47585803,94.96345
1.0,0.91278386,965.6975
1.0,0.3938107,88.505005
1.0,0.99180084,260.2827
1.0,0.5119345,117.82982
1.0,0.068131685,306.2431
1.0,0.115434796,1.5651269e+08
1.0,0.9989624,1352.7499
1.0,0.9954348,110.370285
1.0,0.47696263,223.38713
1.0,0.76154333,78.239174
1.0,0.94709855,390.98297
1.0,0.51280403,249.46759
1.0,0.61131364,302.71188
1.0,0.70208955,67.30015
1.0,0.53095627,168.28601
1.0,0.3787454,68.63461
1.0,0.41433483,228.62148
1.0,0.46736974,7284.7373
1.0,0.5456842,97.08012
1.0,0.59055746,68.23475
1.0,0.7532579,96.82913
1.0,0.77283174,570.134
1.0,0.15513411,77.010925
1.0,0.5711983,65.940155
1.0,0.076306306,87.27337
1.0,0.34257722,256.98334
1.0,0.47587872,122.993965
1.0,0.53160995,104.862305
1.0,0.750356,71.85035
1.0,0.47574878,91.80544
1.0,0.54666454,290.843
1.0,0.30287182,132.59572
1.0,0.28614622,73.33793
1.0,0.9995679,433.76782
1.0,0.11558936,294.0121
1.0,0.13382588,75.857605
1.0,0.28569502,73.20278
1.0,0.35068098,71.89246
1.0,0.9204976,74.42358
1.0,0.63506,87.77403
1.0,0.42970198,72.46114
1.0,0.6001497,78.479256
1.0,0.00095684035,79.57324
1.0,0.36057833,79.35604
1.0,0.9993326,6578.562
1.0,0.6222279,83.9127
1.0,0.4970061,86.174416
1.0,0.9963381,122.94968
1.0,0.9930935,178.6793
1.0,0.4655212,69.95436
1.0,0.15009975,136.56404
1.0,0.57069546,104.642624
1.0,0.21175618,177.09212
1.0,0.9999945,1750.0726
1.0,0.97163343,713.5377
1.0,0.9747199,70.124
1.0,0.517788,98.67722
1.0,0.67254174,67.68033
1.0,0.10088946,67.61318
1.0,0.6271033,129.51353
1.0,0.5750784,98.69513
1.0,0.59598047,141.86664
1.0,1.0,20665.01
1.0,0.67195743,71.474014
1.0,0.6967304,84.6708
1.0,0.5662278,147.27579
1.0,0.5128023,68.48427
1.0,0.6819667,143.00797
1.0,0.7577529,68.682106
1.0,0.56177413,73.8871
1.0,0.65569633,117.605316
1.0,0.3107432,762.4736
1.0,0.3840827,118.31142
1.0,0.46859565,67.3894
1.0,0.5345715,67.727234
1.0,0.44000906,101.04419
1.0,0.99976224,1867.4667
1.0,0.49630603,80.232574
1.0,0.99999964,2366.945
1.0,0.2517254,304.89456
1.0,0.6328226,452.4785
1.0,0.5384288,218.34969
1.0,0.2873445,364.11975
1.0,0.5111235,146.06703
1.0,0.9999156,454.04486
1.0,0.4476369,85.0485
1.0,0.9917888,625.1686
1.0,0.19846305,125.842415
1.0,0.9988463,13249.836
1.0,0.990417,215.47833
1.0,0.26848084,644.70526
1.0,0.96936554,75.15959
1.0,0.15082908,92.105865
1.0,0.5204758,75.849884
1.0,0.5773663,75.68156
1.0,0.59373736,148.1388
1.0,0.0066719516,312.88083
1.0,0.46375242,88.92787
1.0,0.58043253,84.155304
1.0,0.4047744,202.69467
1.0,0.6275573,115.30387
1.0,0.1990905,165.55077
1.0,0.24886152,218.9245
1.0,0.79860365,82.18513
1.0,0.17823324,168.78415
1.0,0.54957765,217.46219
1.0,0.7359806,116.384544
1.0,0.54023,73.15648
1.0,0.87537014,105.474815
1.0,0.51604,301.29883
1.0,0.7321545,75.04695
1.0,0.293314,81.72074
1.0,0.9599696,81.088165
1.0,0.15839705,137.5405
1.0,0.65639764,104.28569
1.0,0.11569904,131.70694
1.0,0.34348294,112.659134
1.0,0.53636885,75.85777
1.0,0.98404354,457.2233
1.0,0.9971675,145.62427
1.0,0.68641675,74.58008
1.0,0.980724,4.821252e+07
1.0,0.9996792,185.19067
1.0,0.14603019,198.03653
1.0,0.80371475,69.92272
1.0,0.39888403,278.1473
1.0,0.7342937,76.4237
1.0,0.029944712,399.78143
1.0,0.43553266,91.99762
1.0,0.99999917,823.18384
1.0,0.6937589,286.78897
1.0,0.961491,687.79517
1.0,0.3204831,324.01794
1.0,0.98414916,164.00662
1.0,0.81857526,88.29568
1.0,0.9998915,304.01425
1.0,0.29537717,279.71075
1.0,0.20931415,104.11453
1.0,0.9974396,78.77143
1.0,0.34012198,282.8848
1.0,0.43020794,99.0029
1.0,0.71419793,97.96189
1.0,0.9958823,76.6858
1.0,0.999967,82.000534
1.0,0.60523206,136.29254
1.0,0.6106675,167.21077
1.0,0.1408957,69.34748
1.0,0.61058456,111.03277
1.0,0.64430046,114.89467
1.0,0.5624567,91.43561
1.0,0.93973494,372.06503
1.0,0.6939039,86.85157
1.0,0.4447339,73.707954
1.0,0.45698944,88.940445
1.0,0.99999535,3817.833
1.0,0.8676509,97.10776
1.0,0.9999143,121.90765
1.0,0.52510804,533.8894
1.0,0.5703266,74.474884
1.0,0.75430334,127.951996
1.0,0.9903591,173.61922
1.0,0.6022242,86.45094
1.0,0.5397474,66.356895
1.0,0.54324174,89.40617
1.0,0.51981574,122.04848
1.0,0.91076535,66.38984
1.0,0.2152198,216.06218
1.0,0.04603959,78.64437
1.0,0.5071204,94.7994
1.0,0.47548848,82.23665
1.0,0.27895102,284.12695
1.0,0.97235346,77.88314
1.0,0.14970842,71.32788
1.0,0.5093618,151.48257
1.0,0.9995975,480.06567
1.0,0.41067436,75.674095
1.0,0.22858964,285.89297
1.0,0.99637234,89.264755
1.0,0.6645033,84.452156
1.0,0.69084805,124.552765
1.0,0.6944551,89.124664
1.0,0.11391753,171.35875
1.0,0.8141171,66.65811
1.0,0.9999995,292.8939
1.0,0.9948502,278.0629
1.0,0.5025319,138.93259
1.0,0.6206722,66.51003
1.0,0.4879734,1.9941681e+06
1.0,0.31686863,112.836525
1.0,0.095746145,969.2555
1.0,0.94006616,83.95665
1.0,0.6848379,151.50504
1.0,0.48645538,247.12581
1.0,0.5826633,70.123344
1.0,0.58218515,91.22943
1.0,0.12962236,73.96592
1.0,0.5385959,109.591545
1.0,0.5642204,67.11317
1.0,0.52963877,71.10761
1.0,0.7975852,925.4906
1.0,0.44248512,106.770424
1.0,0.14303936,69.93113
1.0,0.9999999,26538.758
1.0,0.25244075,76.21768
1.0,0.8415151,297.58487
1.0,0.7061216,106.924576
1.0,0.9920735,75.17919
1.0,0.5521215,84.208755
1.0,0.327674,155.20819
1.0,0.99975115,449448.5
1.0,1.0,2029.2959
1.0,0.99999833,22407.371
1.0,0.098598376,108.07791
1.0,0.6372524,690.27356
1.0,0.6479145,85.588425
1.0,0.34627852,83.69568
1.0,0.96697515,77.62829
1.0,0.085935526,226.01682
1.0,0.5924523,1343.6005
1.0,0.9996722,1359.771
1.0,0.9999999,2801.5671
1.0,0.93990934,292.9442
1.0,0.49440283,270.43155
1.0,0.5723922,73.470795
1.0,0.3763974,463.20212
1.0,0.6152074,118.74269
1.0,0.7094462,145.6078
1.0,0.043564137,6.6683515e+10
1.0,0.2513066,72.22081
1.0,0.54026926,151.33205
1.0,0.62782115,75.72637
1.0,0.9980228,118.14617
1.0,0.6265024,88.687546
1.0,0.27729952,119.85909
1.0,0.34873724,129.82063
1.0,0.99999774,2276.8772
1.0,0.3248025,89.53127
1.0,0.9999994,11475.838
1.0,0.42861354,104.153755
1.0,0.57532984,91.97732
1.0,0.57221735,77.24799
1.0,0.09262434,89.128746
1.0,0.54295504,67.2105
1.0,0.99171466,92.11734
1.0,0.9976199,822.1306
1.0,0.99889296,463.9129
1.0,0.5580111,152.40665
1.0,0.9998109,1363.9076
1.0,0.5009982,80.33388
1.0,0.4794357,67.4621
1.0,0.34117767,117.64503
1.0,0.5729102,101.84474
1.0,1.0,21999.58
1.0,0.8395515,115.103195
1.0,0.999995,3336.258
1.0,0.47745356,134.7912
1.0,0.15584525,104.95491
1.0,0.2319354,125.64023
1.0,0.54290736,90.356285
1.0,0.24267997,71.51738
1.0,0.60881793,96.171135
1.0,0.15421276,175.17894
1.0,0.58108145,86.94916
1.0,0.63969076,77.97328
1.0,0.8425655,66.734474
1.0,0.67367095,108.02975
1.0,0.49440283,4.9925485e+10
1.0,0.65959036,73.74596
1.0,0.53744054,106.59057
1.0,0.57391506,147.58617
1.0,0.4219778,370.0685
1.0,0.5266185,247.79501
1.0,0.5522753,76.60703
1.0,0.9916048,425.28073
1.0,0.6226431,82.87515
1.0,0.9999974,281.93164
1.0,0.7692637,173.5769
1.0,0.47033957,70.348175
1.0,0.9999552,122.2428
1.0,0.99880505,10567.981
1.0,0.9868767,91.64763
1.0,0.5725953,107.0582
1.0,0.679112,75.20813
1.0,0.4751947,95.62139
1.0,0.3170678,72.895096
1.0,0.7950046,87.16841
1.0,0.9999677,101.9751
1.0,0.9966702,83.94978
1.0,0.99152654,115.855446
1.0,0.3976614,90.63997
1.0,0.64584607,89.31064
1.0,0.9999989,66.84232
1.0,0.52272826,104.60564
1.0,0.4870871,327.56546
1.0,0.35915312,79.32651
1.0,0.86023724,91.68721
1.0,0.6821895,97.47533
1.0,0.5451573,68.045616
1.0,0.9980453,3206.657
1.0,0.071053155,98.59032
1.0,0.03667119,79.89537
1.0,0.50289536,109.91975
1.0,0.5273855,124.54271
1.0,0.30639225,92.0661
1.0,0.26283592,190.78021
1.0,0.9992447,496.7544
1.0,0.9988048,175.28139
1.0,0.9999938,696.6777
1.0,0.4573969,94.75975
1.0,0.37768805,68.28886
1.0,0.74984795,73.29251
1.0,0.64093006,94.530014
1.0,0.7747971,66.71061
1.0,1.0,20098.848
1.0,0.47990704,83.810905
1.0,0.73638976,733.9281
1.0,0.6694607,85.616806
1.0,0.51280946,201.5905
1.0,0.37222236,65.59827
1.0,1.0,248.10619
1.0,0.9999931,10393.2705
1.0,0.73787624,76.69281
1.0,0.66240716,66.6677
1.0,0.34284842,66.20987
1.0,0.43967825,102.715454
1.0,0.67749995,80.70313
1.0,0.31420183,354.20654
1.0,0.47512588,87.847115
1.0,0.45091733,196.156
1.0,0.25677687,74.58825
1.0,0.53051966,69.266785
1.0,0.21232054,125.84539
1.0,0.99996305,97.837555
1.0,0.16579434,151.42894
1.0,0.94526213,87.41569
1.0,0.9611866,658.47906
1.0,0.092485264,92.06315
1.0,0.5985483,71.16996
1.0,0.18836543,67.62369
1.0,0.19815911,246.65862
1.0,0.20778488,121.69822
1.0,0.49651882,65.134964
1.0,0.49440283,380.40417
1.0,0.5426023,90.26556
1.0,0.89834154,72.1027
1.0,0.9926218,104.20969
1.0,0.6180167,111.64847
1.0,0.67009795,198810.16
1.0,0.99960047,526.2318
1.0,0.5541527,68.31417
1.0,0.70494074,103.095985
1.0,0.4033205,131.75409
1.0,0.21593441,141.79811
1.0,0.98398155,126.425804
1.0,0.16568163,109.31556
1.0,0.53788954,143.0989
1.0,0.20422223,75.04992
1.0,0.37488574,69.14826
1.0,0.41593498,124.95499
1.0,0.4802385,85.42204
1.0,0.99998987,98.57609
1.0,0.07070914,80.170364
1.0,0.34002486,116.05679
1.0,0.80490047,433.72235
1.0,0.6023738,177.4631
1.0,0.5653091,73.46343
1.0,0.60925996,68.33484
1.0,0.1647505,66.46912
1.0,0.8965303,340.23825
1.0,0.654165,106.614975
1.0,0.90856403,96.935394
1.0,0.2340485,286.03
1.0,0.91076124,682.4543
1.0,0.9999813,2096.0117
1.0,0.3150335,88.005005
1.0,0.99494404,94.97161
1.0,0.6102124,69.31043
1.0,0.43075407,74.03149
1.0,0.18913893,100.32299
1.0,0.72159433,646.7439
1.0,0.97578883,327.5678
1.0,0.14462888,69.07016
1.0,0.46473417,95.32646
1.0,0.3136049,106407.63
1.0,0.9233299,478.69403
1.0,0.99979526,82.923874
1.0,0.44324234,94.6719
1.0,0.9999943,80.93633
1.0,0.12817088,122.52391
1.0,0.30405033,83.82935
1.0,0.5501235,95.09533
1.0,0.9868068,266.891
1.0,0.2256777,242.58469
1.0,1.0,1611.0781
1.0,0.49424338,90.06479
1.0,0.99714065,89.63765
1.0,0.9474953,740.673
1.0,0.47248897,76.042
1.0,0.46802652,186.85034
1.0,0.48663566,75.50787
1.0,1.0,112.164696
1.0,0.2865416,1048.6218
1.0,0.67066616,88.713936
1.0,0.82990456,120.085655
1.0,0.8140095,152.92635
1.0,0.5103717,264.77737
1.0,0.8415377,262.87555
1.0,0.12761508,96.25911
1.0,0.33793172,93.46356
1.0,0.5541702,94.72371
1.0,0.84930813,76.20112
1.0,0.4890186,125.061424
1.0,0.15875399,201.78337
1.0,0.83769214,218.4955
1.0,0.9904785,65.4464
1.0,0.14916486,124.6833
1.0,0.99489295,449.59088
1.0,0.9998766,89.39569
1.0,0.64506376,108.55117
1.0,0.6561061,76.40738
1.0,0.9887466,1011.382
1.0,0.3838589,214.78813
1.0,0.504583,108.16558
1.0,0.62846947,420.9263
1.0,0.54440343,167.46762
1.0,0.23888913,304.4311
1.0,0.3430946,70.3639
1.0,0.7381822,73.1081
1.0,0.89321107,86.642654
1.0,0.77466756,145.11353
1.0,0.05079377,97.31754
1.0,0.62060195,328.35028
1.0,0.47626773,72.37346
1.0,0.85051125,68.79431
1.0,0.53187805,198.44856
1.0,0.5281043,76.30229
1.0,0.048550624,677.82733
1.0,0.20600402,154.77425
1.0,0.3257684,121.45281
1.0,0.99999905,163.73781
1.0,0.20108977,85.41958
1.0,0.9515521,540.60535
1.0,0.6260225,67.40838
1.0,0.7497838,68.2952
1.0,0.45582482,94.93671
1.0,0.33100265,112.852325
1.0,0.99984646,67.37993
1.0,0.32639295,72.641785
1.0,0.74157035,240.8736
1.0,0.4432759,90.31084
1.0,0.7333713,88.91423
1.0,0.6326116,100.524216
1.0,0.18281266,133.86792
1.0,0.59647036,193.77202
1.0,0.4068268,82.33533
1.0,0.9994844,116.032715
1.0,0.5532029,133.0852
1.0,1.0,33506.26
1.0,0.9999993,88.60297
1.0,0.32818013,116.128876
1.0,0.9999889,357.37875
1.0,0.99378127,375.23834
1.0,0.7370041,74.70221
1.0,0.9842771,514.7804
1.0,0.7262895,181.57083
1.0,0.34673896,86.84614
1.0,0.59799117,68.57174
1.0,0.5983014,117.876015
1.0,1.0,68.40136
1.0,0.50400394,67.2196
1.0,0.6195599,120.81196
1.0,0.8870709,67.966446
1.0,0.6230539,72.64621
1.0,0.83169574,806.8351
1.0,0.50743276,136.8059
1.0,0.11572808,89.431526
1.0,0.31053498,89.64525
1.0,0.7387941,68.76371
1.0,1.0,5574.7524
1.0,0.99999905,813.28906
1.0,0.5585252,96.86119
1.0,0.5439619,95.65369
1.0,0.9968418,163.55634
1.0,0.23311469,351.30133
1.0,0.38029715,271.2313
1.0,0.78539973,72.3998
1.0,0.13564162,183.28546
1.0,0.018712504,215.16838
1.0,0.48735422,87.96675
1.0,0.2671049,65.0627
1.0,0.3399825,69.151886
1.0,0.5250189,74.96429
1.0,0.5091114,130.35396
1.0,0.20098832,109.07691
1.0,0.5260718,80.48925
1.0,0.46807975,177.37866
1.0,0.39110515,86.06066
1.0,0.45114073,138.22098
1.0,0.64646,100.40636
1.0,0.9946995,72.522804
1.0,0.7174947,66.741066
1.0,0.48653778,89.23301
1.0,0.6325744,66.67919
1.0,0.99708694,302.60672
1.0,0.117557526,65.60365
1.0,0.34682,141.82661
1.0,0.63526416,277.81647
1.0,0.97134566,69.69886
1.0,0.15719637,96.66284
1.0,0.538974,80.422905
1.0,0.99999964,16213.954
1.0,0.6660661,438.7356
1.0,0.40560463,122.61892
1.0,0.7496599,141.71991
1.0,0.31429735,90.23524
1.0,0.5141701,95.74699
1.0,0.6150006,146.37865
1.0,0.98547953,481.57022
1.0,0.50686055,184.39796
1.0,0.41914585,67.431046
1.0,0.79794484,67.52829
1.0,0.3569195,90.31054
1.0,0.18056972,161.05908
1.0,0.9998228,612.71747
1.0,0.36519647,380.51947
1.0,0.2799148,92.097824
1.0,0.44451642,105.86116
1.0,0.9974051,5.925319e+07
1.0,0.90094656,77.61808
1.0,0.9807115,237.51637
1.0,0.99996686,71.09625
1.0,0.8855507,79.248055
1.0,0.75451505,200.10056
1.0,0.54009235,67.27056
1.0,0.8893565,84359.336
1.0,0.74500656,260.72305
1.0,0.5201624,195.64247
1.0,0.99964786,185.69572
1.0,0.20896497,95.552025
1.0,0.9992649,1623.3566
1.0,0.9423421,70.5163
1.0,0.9999995,181.37337
1.0,0.44321528,130.55835
1.0,0.20400795,224.37222
1.0,0.99999905,237.48209
1.0,0.95581454,189.09145
1.0,0.7437375,83.95181
1.0,0.20144281,125.68921
1.0,0.49440283,66.24541
1.0,0.2872903,68.18327
1.0,0.5675943,301.1186
1.0,0.5137508,114.86478
1.0,0.6214696,75.45568
1.0,0.99078876,1.4964285e+06
1.0,0.5494966,69.04707
1.0,0.57386845,131.60133
1.0,0.5294482,75.13884
1.0,0.82770157,402.67526
1.0,0.49402338,65.96845
1.0,0.112404965,103.90806
1.0,0.99121606,1853.6838
1.0,0.53896827,73.958466
1.0,0.55363876,68.83458
1.0,0.33264834,69.16601
1.0,0.9072707,766.24133
1.0,0.5836407,70.09421
1.0,0.13672261,78.04652
1.0,0.51414365,185.72438
1.0,0.49966258,69.04175
1.0,0.5771861,81.98149
1.0,0.30168945,94.71609
1.0,0.789133,100.25461
1.0,0.998931,86.26998
1.0,0.99997854,79.061874
1.0,0.4530628,85.92758
1.0,0.9999999,67796.73
1.0,0.5628842,85.36199
1.0,0.7236557,113.71646
1.0,0.85111016,412.4155
1.0,0.70079255,70.24697
1.0,0.49766043,70.56157
1.0,0.31482407,68.502014
1.0,0.05543683,184.9712
1.0,0.6189941,161.75137
1.0,0.9847973,7.632144e+07
1.0,0.99999297,207.49757
1.0,0.489682,149.87354
1.0,0.15387304,144.34125
1.0,0.48284438,83.89894
1.0,0.2743851,86.27147
1.0,0.7327855,77.4224
1.0,0.9999875,68.10679
1.0,0.9998467,442.03076
1.0,0.9995864,7680.535
1.0,0.45248175,69.07648
1.0,0.99995685,186.19868
1.0,0.5182052,67.08193
1.0,0.33512816,216.69295
1.0,0.11299595,106.61679
1.0,0.12064462,164.31267
1.0,0.9997495,211.77599
1.0,0.5549951,128.5561
1.0,0.19615023,667.5963
1.0,0.07976008,88.52124
1.0,0.62167567,73.433556
1.0,0.8078287,71.329254
1.0,0.26422256,99.04258
1.0,0.5320831,94.788864
1.0,0.5392657,115.97343
1.0,0.56808364,103.28792
1.0,0.5266386,112.25735
1.0,0.6862951,79.702896
1.0,0.82960737,112.103874
1.0,0.4826142,94.2828
1.0,0.99805826,135.37163
1.0,0.6402878,121.82055
1.0,0.42595538,116.67479
1.0,0.04273038,68.893745
1.0,0.6496832,86.54299
1.0,0.89541066,334.18674
1.0,0.57845706,268.9119
1.0,0.37570703,483.2429
1.0,0.49440283,68.18505
1.0,0.46722645,127.40332
1.0,0.5276725,90.34535
1.0,0.14974917,83.74086
1.0,0.38384646,150.53313
1.0,0.6757151,86.44413
1.0,0.99430376,1133.4624
1.0,0.5352016,66.84689
1.0,0.077867776,654.6167
1.0,0.48800665,84.349846
1.0,0.43916306,93.96316
1.0,0.5271595,112.22025
1.0,0.09048922,94.69329
1.0,0.59243894,110.73127
1.0,0.9999994,84.13101
1.0,0.5071317,136.42917
1.0,0.7110443,80.70198
1.0,0.59366304,82.613235
1.0,0.739866,77.74034
1.0,0.079792395,98.96279
1.0,0.9742891,127.70989
1.0,0.42957872,6545.589
1.0,0.41358203,331.27402
1.0,0.058119603,80.00153
1.0,0.05852473,70.616325
1.0,0.8085661,78.40459
1.0,0.53469086,69.51834
1.0,0.97465897,327.23602
1.0,0.3729642,119.52188
1.0,0.339427,86.89559
1.0,0.99990666,88.37746
1.0,0.10203398,523.03174
1.0,0.4125327,78.73911
1.0,0.65743554,71.5475
1.0,0.88772595,88.34326
1.0,0.021055095,639.8511
1.0,0.3358966,101.47986
1.0,0.91424763,65.903534
1.0,0.18467087,137.9708
1.0,0.99959415,345.90295
1.0,0.13173825,207.34715
1.0,0.04190359,76.57119
1.0,0.61976826,332.26648
1.0,0.20958048,185.44319
1.0,0.99268216,96.546326
1.0,0.5662705,123.80438
1.0,0.11599871,334.59924
1.0,0.36170986,74.78017
1.0,0.5771296,164.60411
1.0,0.3232626,76.54278
1.0,0.49485824,98.43402
1.0,0.82972205,65.86986
1.0,0.33561477,193.93825
1.0,0.9990883,229.0818
1.0,0.6114769,68.38407
1.0,0.56411403,257.1973
1.0,0.57068384,131.32867
1.0,0.99961436,68.0722
1.0,0.12572016,228.89287
1.0,0.6788728,466.57962
1.0,0.684726,76.99
1.0,0.56003577,271.50528
1.0,0.5784072,74.14177
1.0,0.99985385,2718.6907
1.0,0.66966283,106.974304
1.0,0.47055855,1.1820508e+07
1.0,0.17291556,352.61676
1.0,0.26480314,70.80323
1.0,0.41380122,122.74675
1.0,0.5557796,86.56535
1.0,0.5159345,190.95184
1.0,0.5406021,139.29665
1.0,0.4893614,166.78033
1.0,0.39695248,68.18161
1.0,0.9625976,154.1289
1.0,0.9837535,809.14294
1.0,0.6318131,79.125786
1.0,0.82522094,174.41806
1.0,0.5378411,84.89361
1.0,1.0,28110.697
1.0,0.2949281,90.33917
1.0,0.39457953,97.43298
1.0,0.15704057,209.47281
1.0,0.9994468,5819.5283
1.0,0.3350953,125.60065
1.0,0.8372528,97.26915
1.0,0.53964496,94.67284
1.0,0.09326775,871.80853
1.0,0.6684867,81.512215
1.0,0.5166417,2685.4324
1.0,0.095778525,486.3597
1.0,0.4686881,187.161
1.0,0.99997735,268.13736
1.0,0.9885874,24950.129
1.0,0.69086486,103.06894
1.0,0.98722005,481.9929
1.0,0.56815374,163.80038
1.0,0.5885433,103.48964
1.0,0.66294897,99.3567
1.0,0.4226222,111.31132
1.0,0.8591044,191.5686
1.0,0.48377275,75.457344
1.0,0.4363162,75.672806
1.0,0.98731625,579.493
1.0,0.9240349,1790.0261
1.0,0.47406447,218.79222
1.0,0.5197445,118.62828
1.0,0.5238231,324.8952
1.0,0.17222778,363.2742
1.0,0.06162939,241.99252
1.0,0.4564522,170.62018
1.0,0.70796764,352.42847
1.0,0.49440283,629.8142
1.0,0.42054158,100.45504
1.0,0.05360336,86.713486
1.0,0.65412587,103.313385
1.0,0.24824983,73.45871
1.0,0.59021086,98.534805
1.0,0.57374537,76.91398
1.0,0.4992197,183.06052
1.0,0.46463832,90.79824
1.0,0.4228018,226.90248
1.0,0.82483864,493.23834
1.0,0.47585338,314.01276
1.0,0.9999914,306.6408
1.0,0.9803992,79.69373
1.0,0.9998505,97.752754
1.0,0.99999833,6686.468
1.0,0.6118259,252.30801
1.0,0.7765837,73.69513
1.0,0.62154114,81.39345
1.0,0.5181672,77.741196
1.0,0.5357034,72.482025
1.0,1.0,96.615486
1.0,0.27921227,72.407814
1.0,0.6694127,83.25849
1.0,0.64386314,67.202644
1.0,0.97155577,73.89282
1.0,0.8703562,91.43711
1.0,0.5953154,119.904236
1.0,0.46987328,123.26644
1.0,0.9998229,312.89252
1.0,0.9999995,79.806114
1.0,0.5524817,70.35795
1.0,0.07170216,99.22596
1.0,0.4137604,137.68297
1.0,0.7858394,65.19592
1.0,0.3652698,102.288574
1.0,0.996748,981.96704
1.0,0.9999993,34612.062
1.0,0.88687956,120.244644
1.0,0.96091914,170.987
1.0,0.41291127,80.94971
1.0,0.6798589,125.49933
1.0,0.9998281,144.88658
1.0,0.6762091,88.204765
1.0,0.49933836,70.63423
1.0,0.99999964,368.08936
1.0,0.5050813,67.5632
1.0,0.11377131,92.79168
1.0,0.9999597,851.8356
1.0,0.99999964,716.4317
1.0,0.9967991,1664.2592
1.0,0.5117336,69.71486
1.0,0.6897925,69.96976
1.0,0.99966943,408.65582
1.0,0.08425052,72.75888
1.0,0.51829517,76.95032
1.0,0.9999993,6955.7476
1.0,0.6053321,73.05141
1.0,0.8120772,131.09593
1.0,0.3504696,92.77487
1.0,0.53711563,126.265305
1.0,0.2952391,81.02671
1.0,0.45543632,292.17682
1.0,0.6123535,76.29274
1.0,0.34584793,99.0095
1.0,0.83418006,234.25095
1.0,0.31101608,192.1596
1.0,0.4662682,215.86987
1.0,0.5266348,65.80363
1.0,0.10294457,168.25682
1.0,0.79366547,226.41223
1.0,0.9998598,264896.16
1.0,0.12114644,107.85073
1.0,0.4597067,77.13561
1.0,0.9637469,222.01662
1.0,0.3026855,80.22864
1.0,0.99999976,2029.4697
1.0,0.9993794,1647.844
1.0,0.301007,81.0
1.0,0.25814077,72.601616
1.0,0.9999474,21843.205
1.0,0.99985135,529.1455
1.0,0.997416,360.3164
1.0,0.99896014,69.9596
1.0,0.56987774,101.54299
1.0,0.31933564,353.3419
1.0,0.9980934,2032.777
1.0,0.31325474,133.39526
1.0,0.5173282,128.83624
1.0,0.37805638,73.907715
1.0,0.3693722,216.62206
1.0,0.049497895,117.264595
1.0,0.9852439,675.1397
1.0,0.9993536,4660.876
1.0,0.9999713,672.72156
1.0,0.500991,165.70834
1.0,0.4803817,160.39018
1.0,0.31724674,117.79677
1.0,0.12858158,65.12763
1.0,0.202696,149.51688
1.0,0.45764196,75.19019
1.0,0.9010119,70.22339
1.0,0.60647744,101.01674
1.0,0.68283224,93.791824
1.0,0.9968548,77.48065
1.0,0.65426546,96.686325
1.0,0.63400656,89.73915
1.0,0.31666377,197.10355
1.0,0.7220412,75.52987
1.0,0.99912614,146.84749
1.0,0.3007495,281.54883
1.0,0.09496187,95.183914
1.0,0.66819465,338.10367
1.0,0.53507304,71.70093
1.0,0.17301255,65.78609
1.0,0.18626243,169.05548
1.0,0.5364472,84.51532
1.0,0.68412614,100.308784
1.0,0.9669453,67.386734
1.0,0.57454604,123.66791
1.0,0.99999654,217.32208
1.0,0.49440283,245.37085
1.0,0.26522288,168.2705
1.0,0.21821475,109.11926
1.0,0.8561209,107.595665
1.0,0.5149006,79.07739
1.0,0.39475194,81.461174
1.0,0.027878996,113.11078
1.0,0.29130676,75.89855
1.0,0.52658725,71.163574
1.0,0.7397239,102.53533
1.0,0.5136587,75.480644
1.0,0.9485151,713.8613
1.0,0.46410897,125.962616
1.0,0.12987846,89.18868
1.0,0.49761385,87.06525
1.0,0.92824286,650.2349
1.0,0.63649184,140.18777
1.0,0.9987239,134.12584
1.0,0.63010776,77.35371
1.0,0.8461898,235.01105
1.0,0.6078802,67.3579
1.0,0.9437954,302890.75
1.0,0.46907714,225.54755
1.0,0.9999989,960356.25
1.0,0.5618484,68.16069
1.0,0.99972206,114.38779
1.0,0.0227547,144.1751
1.0,0.31374317,95.18903
1.0,0.56774855,240.29749
1.0,0.9709816,349.73056
1.0,0.9992306,751.7094
1.0,0.7372393,68.171036
1.0,0.5089576,190.09137
1.0,0.7814893,351.36093
1.0,0.75379705,86.0515
1.0,0.9487142,61574.996
1.0,0.51785606,84.6851
1.0,0.6509192,71.84678
1.0,0.78577864,78.76051
1.0,0.47746047,118.91002
1.0,0.99991965,278.83316
1.0,0.5113758,101.75371
1.0,0.57474416,1.4397957e+07
1.0,0.999998,401.85068
1.0,0.99837023,177.80763
1.0,0.35639974,194.22998
1.0,0.6535495,75.7857
1.0,0.77007157,326.01007
1.0,0.4148276,67.95203
1.0,0.71649545,84.55932
1.0,0.7164955,84.55932
1.0,0.47614276,208.95596
1.0,0.5736323,67.06845
1.0,0.5359911,112.63749
1.0,0.6101904,85.51314
1.0,0.9994474,935.0149
1.0,0.22571817,97.06656
1.0,0.421583,106.30294
1.0,0.303136,101.888535
1.0,0.2491416,122.11349
1.0,0.3338751,72.107704
1.0,0.44106832,110.08292
1.0,0.23564628,82.12985
1.0,0.369218,81.850044
1.0,0.17048629,335.16638
1.0,0.99982303,1326.6721
1.0,0.4793751,91.205246
1.0,0.5852227,69.46841
1.0,0.5705276,103.91348
1.0,0.05537115,103.96997
1.0,0.5609317,73.75568
1.0,0.49440283,15942.856
1.0,0.63490933,120.745255
1.0,0.54667425,92.7169
1.0,0.49681047,280.56522
1.0,0.69845563,96.28921
1.0,0.3939895,97.10605
1.0,0.83186185,116.24305
1.0,0.23477547,65.21317
1.0,0.5283747,68.68507
1.0,1.0,1534.5568
1.0,0.9999994,2052.0588
1.0,0.72135776,76.23455
1.0,0.31349206,88.11895
1.0,0.5820784,118.85461
1.0,0.23866962,148.65219
1.0,0.7629808,232.43169
1.0,0.31725767,66.14861
1.0,1.0,132874.22
1.0,0.49440283,453.4749
1.0,0.48478487,599.84686
1.0,0.4556707,71.908356
1.0,0.37999925,105.64803
1.0,0.9989328,9241.573
1.0,0.5390409,251.88701
1.0,0.46609074,95.9708
1.0,0.63865197,78.38483
1.0,0.83261377,65.75868
1.0,0.6675375,71.71685
1.0,0.059096478,67.625244
1.0,0.9951031,1882.0712
1.0,0.3890438,73.470184
1.0,0.9914929,291.40475
1.0,0.27169862,96.55918
1.0,0.55769384,107.254265
1.0,0.27357662,278.961
1.0,0.55911404,257.76538
1.0,0.36219734,83.95412
1.0,0.40278205,84.39876
1.0,0.55114776,83.55763
1.0,0.48724484,91.265396
1.0,0.026475592,73.945335
1.0,0.8623569,93.10174
1.0,0.79520065,123.94365
1.0,0.54905385,68.02335
1.0,0.5711353,108.667145
1.0,0.44017917,173.69653
1.0,0.2903998,109.512215
1.0,0.41404703,128.93764
1.0,0.7300971,67.31227
1.0,0.62260747,85.61493
1.0,0.96932596,76.28089
1.0,0.8955144,77.073875
1.0,0.53408873,101.17991
1.0,0.9632187,87.057915
1.0,0.4943412,199.17523
1.0,0.7466447,5791.517
1.0,0.9999162,5076.713
1.0,0.5818055,102.64341
1.0,0.9982962,3774.2559
1.0,0.998635,109.380516
1.0,0.438497,81.03536
1.0,0.78037804,132.31184
1.0,0.61768305,65.31511
1.0,0.49007878,97.24646
1.0,0.99982065,3961.7107
1.0,0.2379092,80.42348
1.0,0.64423317,73.01729
1.0,0.7307934,388.7242
1.0,0.52033633,71.04185
1.0,0.4897701,209.56241
1.0,0.63488245,69.13661
1.0,0.98948,154.03061
1.0,0.4612915,188.98352
1.0,0.6620232,88.64303
1.0,0.99999964,9117.701
1.0,0.2149422,72.787605
1.0,0.22411565,105.54444
1.0,0.58011013,81.64747
1.0,0.33563438,65.63132
1.0,0.33541417,138.25877
1.0,0.24167997,78.702034
1.0,0.99069107,95.85922
1.0,0.18221053,179.80391
1.0,0.23519269,65.47113
1.0,0.8050216,77.00674
1.0,0.101358235,78.173485
1.0,0.08354243,78.421455
1.0,0.9916511,366.4578
1.0,1.0,179.09923
1.0,0.46985063,77.74805
1.0,0.2289734,118.097275
1.0,0.9995431,4.0792154e+09
1.0,0.90314716,370.18756
1.0,0.29174313,68.35052
1.0,0.6445386,87.69844
1.0,0.9492606,141.53773
1.0,0.19322944,72.407555
1.0,0.9999993,1136.0177
1.0,0.55467635,99.01496
1.0,0.5671788,67.974976
1.0,0.11459023,540.7137
1.0,0.99999714,391.3562
1.0,0.8742271,203.1717
1.0,0.40383083,69.01306
1.0,0.08995407,73.79889
1.0,0.1853229,66.01771
1.0,0.2723723,92.26553
1.0,1.0,5828.6826
1.0,0.25918123,117.02607
1.0,0.9510994,103.91788
1.0,0.705351,78.9496
1.0,0.15969458,129.42435
1.0,0.99432856,2561.3938
1.0,0.38628346,69.555756
1.0,0.8332965,117.77963
1.0,0.49440283,102.99801
1.0,0.9999863,1725.819
1.0,0.59988946,67.08944
1.0,0.32030854,686.36334
1.0,0.50758106,66.21796
1.0,0.3903485,71.798965
1.0,0.9455819,85.718155
1.0,0.33639488,74.04616
1.0,0.99999964,88.00198
1.0,0.58368343,67.67013
1.0,0.9999912,372.98123
1.0,0.35295165,118.93241
1.0,0.44623408,117.16543
1.0,0.21867807,93.96269
1.0,0.6735564,70.184586
1.0,0.62246525,76.11457
1.0,0.8605119,657.4103
1.0,0.96408015,386.5572
1.0,0.6100295,79.970535
1.0,0.5544536,66.70226
1.0,0.65753055,100.40299
1.0,0.182281,154.81827
1.0,0.99990165,2215.233
1.0,0.5648958,72.540085
1.0,0.615712,79.09443
1.0,0.4491135,136.20555
1.0,0.99883825,940.40155
1.0,0.53155416,101.59786
1.0,0.17611623,120.44317
1.0,0.36777884,84.5253
1.0,0.9741776,657.53485
1.0,0.33709055,77.32677
1.0,0.38473597,84.58137
1.0,0.5441695,81.29743
1.0,0.13099565,181.77548
1.0,0.2221541,254.45308
1.0,0.02468411,83.469284
1.0,0.6585967,92.346054
1.0,0.57973284,80.54839
1.0,0.1133823,129.91588
1.0,0.98374116,942.71515
1.0,0.5326359,69.04683
1.0,1.0,28330.068
1.0,0.6243896,112.14469
1.0,0.18648282,137.54593
1.0,0.72073483,113.224846
1.0,0.54750055,68.53002
1.0,0.6481709,68.689926
1.0,0.5383058,115.912895
1.0,0.6157496,65.052734
1.0,0.5766276,94.179184
1.0,0.094281405,328.04434
1.0,0.6201568,130.88545
1.0,0.669096,82.195145
1.0,0.8992208,206.15266
1.0,0.31666586,70.554474
1.0,0.9999995,1953.0444
1.0,0.51318014,76.37492
1.0,0.88883126,106.70532
1.0,0.54798394,67.280014
1.0,0.49440283,129.33861
1.0,0.27670738,79.79904
1.0,0.8228282,202.29204
1.0,0.17666446,179.55504
1.0,0.1998995,125.13072
1.0,0.2768541,104.03255
1.0,0.6408071,202.62602
1.0,0.5604711,96.155594
1.0,0.4234338,94.13948
1.0,0.45671448,85.54845
1.0,0.62310743,79.08388
1.0,0.99999857,118.75104
1.0,0.9999566,118.206245
1.0,0.8993507,66.40653
1.0,0.9987342,100.84541
1.0,0.9768118,94.987434
1.0,0.09055019,103.96746
1.0,0.9736555,342.39624
1.0,0.2691814,107.30775
1.0,0.5658439,297.48132
1.0,0.3429185,260.0726
1.0,0.56031454,169.01521
1.0,0.38504702,88.92907
1.0,0.99789774,3010.7068
1.0,0.03536487,132.8611
1.0,0.73144454,65.0702
1.0,0.8005332,80.06001
1.0,0.3971107,99.48829
1.0,0.6127374,130.75949
1.0,0.5627227,75.48587
1.0,0.7868631,192.66907
1.0,0.9983481,102.36087
1.0,0.988827,83.20302
1.0,0.89653563,119.10203
1.0,0.16558088,115.18157
1.0,0.60219127,86.56651
1.0,0.2737585,160.52795
1.0,0.041050177,102.33705
1.0,0.59890556,108.24637
1.0,0.5070888,66.22625
1.0,0.44855595,77.99788
1.0,0.9985852,214.51614
1.0,0.5466647,67.149445
1.0,0.32003814,1240.2164
1.0,0.73813,102.946846
1.0,0.62131506,70.16274
1.0,0.18221112,70.61954
1.0,0.30246577,95.64072
1.0,0.7137012,70.44845
1.0,0.17970596,72.454834
1.0,0.40291175,119.3592
1.0,0.5448333,81.398544
1.0,0.88291043,436.59286
1.0,0.8944537,245.7259
1.0,0.33495602,85.78877
1.0,0.43935958,231.31914
1.0,0.099439055,69.28447
1.0,0.4980307,79.66762
1.0,0.1768492,86.91236
1.0,0.11465817,69.11228
1.0,0.52946305,77.86156
1.0,0.99579513,73.38227
1.0,0.5969039,66.246735
1.0,0.96772087,197.33449
1.0,0.558559,97.59374
1.0,0.37254772,70.00576
1.0,0.68817145,98.81426
1.0,0.5818992,85.93513
1.0,0.32743514,66.905266
1.0,0.26372072,76.69209
1.0,0.53099734,187.92123
1.0,0.19581158,86.610886
1.0,0.2868897,176.8974
1.0,0.47833517,74.12461
1.0,0.99985886,71.26721
1.0,0.59447086,74.669304
1.0,0.6625346,145.33644
1.0,0.61592007,147.68895
1.0,0.6364155,77.85933
1.0,0.1060672,147.37672
1.0,0.64759994,97.763916
1.0,0.610745,106.00858
1.0,0.28328305,118.2113
1.0,0.008235834,149.07037
1.0,0.18770306,77.43091
1.0,0.052424185,311.76566
1.0,0.99999857,1832.5035
1.0,0.49440283,366.99554
1.0,0.16928582,795.6726
1.0,0.62226,71.80597
1.0,0.19739148,594.9939
1.0,0.14401297,159.6179
1.0,0.46388587,101.05806
1.0,0.849179,102.90373
1.0,0.9773573,3923.1062
1.0,0.9773573,3923.1062
1.0,0.35839576,125.00748
1.0,0.16426285,67.045845
1.0,0.99999,16362.011
1.0,0.7493093,117.20429
1.0,0.29770452,69.119774
1.0,0.5403371,76.12527
1.0,0.6085211,455.01254
1.0,0.9855913,499.3327
1.0,0.99952507,113.84638
1.0,0.37045747,73.446594
1.0,0.95345,4845.621
1.0,0.53402555,66.5801
1.0,0.99208164,112.504616
1.0,0.4188436,77.67494
1.0,0.981248,101.966255
1.0,0.36658564,102.44672
1.0,0.9777852,72.28642
1.0,0.9999995,1127.6296
1.0,0.9999999,75.53331
1.0,0.35869646,122.56649
1.0,0.5130926,71.86605
1.0,0.9823056,172.21922
1.0,0.56453073,99.04783
1.0,0.09759877,131.66306
1.0,0.5916745,83.04825
1.0,0.99995494,109.134056
1.0,0.5835181,68.85459
1.0,0.5279425,132.09984
1.0,0.9905938,94.32116
1.0,0.27156553,65.78721
1.0,0.81661355,2561.8408
1.0,0.22979975,130.65744
1.0,0.9999999,3310.7222
1.0,0.07252546,102.21471
1.0,0.5427585,79.17497
1.0,0.35594705,76.34495
1.0,0.66237706,79.25808
1.0,0.8891726,467.05936
1.0,0.8471133,286.90567
1.0,0.9999999,3732.3235
1.0,0.428636,183.08946
1.0,0.5525659,70.10666
1.0,0.48269802,261.92426
1.0,0.5178267,193.14201
1.0,0.35134825,110.87392
1.0,0.24862868,81.437805
1.0,0.59643537,86.954865
1.0,0.97862875,129.18263
1.0,0.10048672,176.41472
1.0,0.4664442,143.66794
1.0,1.0,159.19452
1.0,0.33294225,170.83669
1.0,0.5670926,71.84688
1.0,0.1836297,226.85814
1.0,0.9999914,5695.5117
1.0,0.9998896,370.3628
1.0,0.9999739,151.69637
1.0,0.2936807,80.88149
1.0,0.6479684,169.2217
1.0,0.9946932,76.10939
1.0,0.7079771,128.48824
1.0,0.49248636,74.76449
1.0,0.94961756,4951.6675
1.0,0.8844759,4982.9375
1.0,0.998422,663.6986
1.0,0.2940855,192.34505
1.0,0.33950508,94.737434
1.0,0.5403044,102.45931
1.0,0.5184893,115.34413
1.0,0.61513644,257.1123
1.0,0.23486857,171.98236
1.0,0.1871809,69.92491
1.0,0.1351222,68.62415
1.0,0.9999994,234.45963
1.0,0.24100775,84.98621
1.0,0.26992327,245.05652
1.0,0.9710419,538.0806
1.0,0.9775483,77.78173
1.0,0.06132645,126.342476
1.0,0.7705108,67.656975
1.0,0.45704976,72.75832
1.0,0.5778296,77.85916
1.0,0.14389116,112.86422
1.0,0.5748668,101.20818
1.0,0.74995553,77.90902
1.0,0.41708747,140.9229
1.0,0.5013472,139.84772
1.0,0.65252334,118.97054
1.0,1.0,1089.4985
1.0,0.4544536,169.28813
1.0,0.45552614,69.72481
1.0,0.30178112,93.87901
1.0,0.64970887,107.30286
1.0,0.967604,85.14569
1.0,0.52875674,86.76827
1.0,0.15222368,73.63459
1.0,0.9998124,11466.972
1.0,0.49440283,81.88164
1.0,0.99999976,26457.557
1.0,0.63748413,99.943085
1.0,0.99993455,73.51763
1.0,0.976829,173.97539
1.0,0.97332835,283.37814
1.0,0.8221529,78.45272
1.0,0.5400864,74.06978
1.0,0.45709762,101.27288
1.0,0.6096201,74.18731
1.0,0.92175525,438.98856
1.0,0.7318417,101.56111
1.0,0.38861883,94.873924
1.0,0.611062,97.100296
1.0,0.9792733,289.2172
1.0,0.21765116,73.71981
1.0,0.5855956,146.81331
1.0,0.30852783,75.88539
1.0,0.8560446,109.592926
1.0,0.98841864,224.9772
1.0,0.13336855,143.3019
1.0,0.974452,108.25493
1.0,0.13503656,118.4005
1.0,0.56296533,67.98486
1.0,0.61753386,100.80794
1.0,0.94804895,271.21655
1.0,0.30690834,130.26476
1.0,0.31873485,331.51508
1.0,0.5075903,103.90407
1.0,0.1946557,166.93854
1.0,0.58468467,85.928055
1.0,0.9964743,109.40766
1.0,0.0913543,70.91945
1.0,0.66705984,69.05521
1.0,1.0,268.7615
1.0,0.49242836,139.87068
1.0,0.123091124,224.59096
1.0,0.99633574,302.47617
1.0,0.4990235,118.5771
1.0,0.030245217,86.79171
1.0,0.5362345,71.89761
1.0,0.97970337,83.36467
1.0,0.5223883,71.80041
1.0,0.10171015,66.76087
1.0,0.59837216,76.05129
1.0,0.4564207,128.36415
1.0,0.48028055,182.56393
1.0,0.49288878,623.789
1.0,0.1446992,71.2239
1.0,0.98362905,74.879745
1.0,0.99959606,4655.664
1.0,0.9999715,71.38723
1.0,0.47663337,141.45158
1.0,0.4724016,393.5026
1.0,0.97780836,79.32768
1.0,0.9997403,145.21632
1.0,0.5910278,112.54736
1.0,0.462631,81.343864
1.0,0.7197224,344.00922
1.0,0.47652993,377.87234
1.0,0.1242656,79.71556
1.0,0.40326265,316.05594
1.0,0.48843583,97.268326
1.0,0.9999919,158.42313
1.0,0.31881794,390.40387
1.0,0.65215284,72.19497
1.0,0.9999981,4291.255
1.0,0.76639646,75.82446
1.0,0.540745,148.43317
1.0,0.06442285,78.54861
1.0,0.51758766,68.26688
1.0,1.0,391.2561
1.0,0.98719805,282.1128
1.0,0.010347935,256.33084
1.0,0.52087456,91.25155
1.0,0.49580944,82.06198
1.0,0.28020078,94.47473
1.0,0.519948,152.95885
1.0,0.5216722,66.92865
1.0,0.79465014,107.89994
1.0,0.2916617,90.09639
1.0,0.09892792,86.61001
1.0,0.110573545,86.668205
1.0,0.6424556,65.70705
1.0,0.6081287,95.58502
1.0,0.85459054,399.05103
1.0,0.73178375,181.08981
1.0,0.40192974,165.03815
1.0,0.24598886,97.499306
1.0,0.29854158,111.54695
1.0,0.49440283,102.73716
1.0,0.91170335,143.89313
1.0,0.63615626,167.7665
1.0,0.67505133,81.65051
1.0,0.33513343,87.75623
1.0,0.99999905,263.601
1.0,0.49440283,80.65587
1.0,0.2338429,72.818306
1.0,0.49440283,96.91015
1.0,0.67540646,464.4934
1.0,0.8168741,109.72242
1.0,0.9999982,130.19147
1.0,0.4584943,89.61947
1.0,0.5445704,67.33261
1.0,0.60627896,84.37458
1.0,0.51920265,139.5228
1.0,0.51269644,149.74048
1.0,0.552571,65.99942
1.0,0.57068014,294.77313
1.0,0.9987342,94.28285
1.0,0.41370085,66.79783
1.0,0.5530046,76.4472
1.0,0.351332,117.88973
1.0,0.2459522,74692.86
1.0,0.30946112,122.380585
1.0,0.46133438,79.89887
1.0,0.99944776,114.5691
1.0,0.23436263,101.6411
1.0,0.33564618,183.81418
1.0,0.55145776,90.10495
1.0,0.8390301,67.90336
1.0,0.53896976,78.31259
1.0,0.30313388,68.66683
1.0,0.33141282,171.53673
1.0,0.6064286,86.29961
1.0,0.4434685,120.498924
1.0,0.99952066,81.77473
1.0,0.75089103,73.61757
1.0,0.3965537,258.49518
1.0,0.1904311,118.24324
1.0,0.93936116,119.11197
1.0,0.31581682,69.220955
1.0,0.9192094,124.18537
1.0,0.33162242,103.453285
1.0,0.49361077,150.58545
1.0,0.1878756,114.94703
1.0,0.29224804,68.39984
1.0,0.27852064,70.437546
1.0,0.9923161,447.20853
1.0,0.99919814,1191.4767
1.0,0.7708316,131.51265
1.0,0.8185033,120.413155
1.0,0.5587428,70.82391
1.0,0.5109086,91.84544
1.0,0.99929917,180.24954
1.0,0.31777972,101.36093
1.0,0.9984958,115.58996
1.0,0.82484025,120.23091
1.0,0.35220182,128.50833
1.0,0.9971873,414.1132
1.0,0.20613502,76.97398
1.0,0.05978696,73.13881
1.0,0.17370939,80.61287
1.0,0.5154054,66.12155
1.0,0.49199256,118.98962
1.0,0.9999863,1368.3662
1.0,0.0038379834,145.10683
1.0,0.9999999,94.33232
1.0,0.37212762,281.3296
1.0,0.99999166,445.7132
1.0,0.7878039,403.93884
1.0,0.35966137,106.51178
1.0,0.5251812,79.768425
1.0,0.77077687,117.86644
1.0,0.2740956,114.60791
1.0,0.14284769,79.27392
1.0,1.0,216.89777
1.0,0.5008496,77.667564
1.0,0.6475987,85.11195
1.0,0.8926974,104.57297
1.0,0.6280693,80.69828
1.0,0.6929263,73.96596
1.0,0.56566066,67.79843
1.0,0.68231505,90.25981
1.0,0.2542572,117.700516
1.0,0.9951444,68.82956
1.0,0.49440283,94.90529
1.0,0.9999312,155.95912
1.0,0.51402795,460.11826
1.0,0.36951825,82.09796
1.0,0.41736066,297.68503
1.0,0.020176139,99.95264
1.0,0.54965854,287.39954
1.0,0.99998844,11097.878
1.0,0.3377927,67.18752
1.0,0.3001883,99.80221
1.0,0.11209197,68.08982
1.0,0.734153,97.24363
1.0,0.91763246,188.6978
1.0,0.46178687,78.702705
1.0,0.48883694,65.79797
1.0,0.48464087,116.372345
1.0,0.41259006,126.45065
1.0,0.5005064,94.95042
1.0,0.15645365,136.83646
1.0,0.11073251,82.41804
1.0,0.3782449,119.867516
1.0,0.39962214,304.0019
1.0,0.63967943,69.50453
1.0,0.43405727,272.2372
1.0,0.15251952,77.05674
1.0,0.8948677,102.33874
1.0,0.7497604,935.6095
1.0,0.9311733,553.15814
1.0,0.99978405,182.17778
1.0,0.5800652,70.39956
1.0,0.5368542,70.58386
1.0,0.99958485,22688.805
1.0,0.42849258,93.912544
1.0,0.16546646,70.7447
1.0,0.936035,74.30759
1.0,0.41841882,307.5713
1.0,0.9310155,99.025345
1.0,0.5456573,141.7287
1.0,0.5837761,67.58798
1.0,0.14015701,167.1234
1.0,0.5708646,340034.7
1.0,0.6834795,71.697014
1.0,0.9999285,974.8796
1.0,0.39109054,88.115685
1.0,0.42902467,103.02091
1.0,0.20955384,111.5701
1.0,0.07746973,113.698166
1.0,0.4295813,65.6153
1.0,0.63205826,184.97568
1.0,0.026037041,514.15735
1.0,0.99421823,104.64435
1.0,0.33744523,67.80439
1.0,0.64746016,117.36236
1.0,0.9999995,75.81635
1.0,0.60779333,69.63553
1.0,0.9999604,65.55108
1.0,0.9732694,484.66428
1.0,0.50674593,136.17288
1.0,0.22579972,117.269875
1.0,0.7221204,75.71927
1.0,0.13025726,159.08784
1.0,0.93275374,292.32684
1.0,0.44975486,73.3636
1.0,0.3082602,72.2636
1.0,0.89932656,131.3255
1.0,0.5309278,73.16708
1.0,0.6619262,81.14659
1.0,0.9177692,79.80046
1.0,0.1357825,89.94033
1.0,0.13578251,89.94033
1.0,0.11157643,108.30772
1.0,0.8809862,80.837
1.0,0.5265733,67.84728
1.0,0.5905917,168.8429
1.0,0.9915815,870.3175
1.0,0.41746274,72.27269
1.0,0.24763395,85.9044
1.0,0.9995958,720.6058
1.0,0.6400608,140.57535
1.0,0.6924573,237.11108
1.0,0.5662559,70.17449
1.0,0.28928825,175.4568
1.0,0.5171508,75.01604
1.0,0.5095093,132.63809
1.0,0.47022983,136.3543
1.0,0.22401986,92.527466
1.0,0.53529495,123.82817
1.0,0.5471651,980.4722
1.0,0.81591046,84.729485
1.0,0.8639867,92.40376
1.0,0.78475744,352.26135
1.0,0.9995432,218.15727
1.0,0.20754318,279.83594
1.0,0.39954534,132.29716
1.0,0.51169086,295.09485
1.0,0.44389966,104.10842
1.0,0.013003661,138.7246
1.0,0.7682073,86.68693
1.0,0.31103992,253.0782
1.0,0.5472272,115.59415
1.0,0.5056838,121.09396
1.0,0.21788226,71.3252
1.0,0.95362186,70.221115
1.0,0.5674419,92.40731
1.0,0.9949308,134.61446
1.0,0.5842762,69.6748
1.0,0.54899174,71.68519
1.0,0.49440283,124.5925
1.0,0.5755571,73.60217
1.0,0.6021513,106.57588
1.0,0.5403948,268.1602
1.0,0.3336293,137.0675
1.0,0.44834536,70.36751
1.0,0.9998099,116.56595
1.0,0.45830652,79.051414
1.0,0.7194369,90.41397
1.0,0.8029101,131.49374
1.0,0.9841172,947.26746
1.0,0.7519608,115.724434
1.0,0.5205231,87.10211
1.0,0.2885017,179.33025
1.0,0.81887597,383.91742
1.0,0.89867663,415.31915
1.0,0.59309274,78.231705
1.0,0.9977641,258.88232
1.0,0.109705105,169.35031
1.0,0.99991703,996.4747
1.0,0.38455608,75.1853
1.0,0.96090025,190.28902
1.0,0.49440283,7.4007065e+06
1.0,0.25302452,83.66341
1.0,0.99672663,65.575264
1.0,0.3324568,99.47393
1.0,0.54214686,215.79582
1.0,0.4838726,97.09923
1.0,0.56699806,65.89114
1.0,0.18155335,103.509186
1.0,0.65551865,71.06129
1.0,0.7802134,94.948906
1.0,0.9999783,172.7529
1.0,0.5851104,73.533615
1.0,0.6990643,84.1797
1.0,0.86491567,184.62355
1.0,0.34762585,132.42986
1.0,0.99942183,257.60498
1.0,0.9995016,1972.1481
1.0,0.45307326,69.23806
1.0,0.99894816,1013.3639
1.0,0.32756487,71.45947
1.0,0.4173171,126.25019
1.0,0.25537708,163.63106
1.0,0.99512523,259.00073
1.0,0.5092145,66.19789
1.0,0.58565277,65.60843
1.0,1.0,135.36107
1.0,0.14353774,79.13456
1.0,0.9999957,2357.1536
1.0,0.6982894,78.54236
1.0,0.53059316,68.798355
1.0,0.6400808,121.18554
1.0,0.60290426,209.7088
1.0,0.99991965,2805.2854
1.0,0.11042972,86.41227
1.0,0.40625042,79.356476
1.0,0.4918821,237.20183
1.0,0.5497652,83.558205
1.0,0.6159832,67.11517
1.0,0.12177502,88.33698
1.0,0.85428214,89.95643
1.0,0.45988566,180.61772
1.0,0.9942443,85.396515
1.0,0.54920644,74.3134
1.0,0.42436287,70.25154
1.0,0.19748396,111.17854
1.0,0.4797895,116.11446
1.0,0.9998963,328.66913
1.0,0.12906015,95.4893
1.0,0.9999188,74.21825
1.0,0.35598454,102.27022
1.0,0.033556666,543.2081
1.0,0.49440283,1450.4375
1.0,0.9161503,446.52188
1.0,0.5334176,111.76848
1.0,0.99999833,155.53546
1.0,0.32085907,124.03302
1.0,0.9999223,4430.504
1.0,0.64094603,74.40564
1.0,0.49440283,9.574105e+09
1.0,0.14485368,260.58423
1.0,0.6426343,103.68469
1.0,0.25928953,124.0
1.0,0.78150696,701.09644
1.0,0.9998696,615.358
1.0,0.99990785,760.43866
1.0,0.43433386,103.385155
1.0,0.08250853,72.66631
1.0,0.60887885,93.54916
1.0,0.51653993,66.37878
1.0,0.3594042,87.21685
1.0,0.9999962,8.364327e+09
1.0,0.19858772,99.14028
1.0,0.034808755,119.72296
1.0,0.6442496,90.17719
1.0,0.53002584,69.60453
1.0,0.8440023,76.56883
1.0,0.6544234,106.403656
1.0,0.6136257,598.8466
1.0,0.77492315,92.52973
1.0,0.4445685,156.87415
1.0,0.51974165,127.17656
1.0,0.24550456,84.534996
1.0,0.515477,87.38421
1.0,0.48216122,99.27409
1.0,0.61071336,106.19498
1.0,0.31160206,150.19682
1.0,0.9411706,71.46148
1.0,0.09021759,367.42816
1.0,0.30885452,97.49776
1.0,0.9999784,1829.1226
1.0,0.09673214,69.625916
1.0,0.5737098,65.51091
1.0,0.49891737,68.51894
1.0,0.25129718,66.217705
1.0,0.52800727,104.152725
1.0,1.0,103.961296
1.0,0.98819995,249.96577
1.0,0.41506812,84.0991
1.0,0.42674288,65.019066
1.0,0.8163515,108.275734
1.0,0.32493204,868.5439
1.0,1.0,6986.1255
1.0,0.6427659,82.22446
1.0,0.20592704,70.67586
1.0,0.24164546,114.20494
1.0,0.6254128,87.9555
1.0,0.29584125,190.69498
1.0,0.7410025,114.52438
1.0,0.26512676,496.0524
1.0,0.64075804,127.85033
1.0,0.85659164,247.31364
1.0,0.66366297,144.12177
1.0,1.0,457.9616
1.0,0.5373958,101.70143
1.0,0.5122995,68.47893
1.0,0.7357559,71.14525
1.0,0.25857154,212.33337
1.0,0.45756042,88.27423
1.0,0.44181198,92.42598
1.0,0.9516031,1870.589
1.0,0.6608228,71.70667
1.0,0.41785204,83.83092
1.0,0.31148005,79.642296
1.0,0.3669298,126.26322
1.0,0.9999927,366.10773
1.0,0.3715725,107.749176
1.0,0.22696607,69.10959
1.0,0.47951332,68.850174
1.0,0.41570085,73.02613
1.0,0.137749,121.69562
1.0,0.27709317,69.02604
1.0,0.39741066,93.565155
1.0,0.12451538,103.893005
1.0,0.6219074,70.693565
1.0,0.5384657,65.72703
1.0,0.22624868,123.42686
1.0,0.42420277,112.07902
1.0,0.7993074,74.05498
1.0,0.13677618,99.27222
1.0,0.3103402,68.33079
1.0,0.41121402,73.16081
1.0,0.13062882,129.45647
1.0,0.7623695,108.25314
1.0,0.99995816,1154.1267
1.0,0.13693382,83.45709
1.0,0.5431527,106.128944
1.0,0.4934018,133.34937
1.0,0.48128098,77.84441
1.0,0.9304006,120.24174
1.0,0.96047753,94.31337
1.0,0.39519703,65.460754
1.0,0.49440283,83.46649
1.0,0.9999639,285.35812
1.0,0.032451555,139.08995
1.0,0.2629184,88.917305
1.0,0.885924,138.4796
1.0,0.5181901,71.860405
1.0,0.59921837,109.520454
1.0,0.49237126,77.71773
1.0,0.38968092,465.9809
1.0,0.4497776,178.02936
1.0,0.55694866,117.777695
1.0,0.9998864,4614.7363
1.0,0.0707194,82.04779
1.0,0.5730375,88.11789
1.0,0.23670208,101.566635
1.0,0.23670208,101.566635
1.0,0.99963844,117.332596
1.0,0.9999999,92.241425
1.0,0.7430705,91.81611
1.0,0.999305,573.8109
1.0,0.4663494,110.77419
1.0,0.9552237,76.83917
1.0,0.3901867,69.27351
1.0,0.999998,97.71257
1.0,0.117838725,132.47247
1.0,0.31403947,145.44994
1.0,0.45103148,162.16873
1.0,1.0,15250.675
1.0,0.4904826,193.82277
1.0,0.61478746,102.54586
1.0,0.34941158,71.23979
1.0,0.2706815,130.5226
1.0,0.1102745,83.182396
1.0,0.76009727,123.95978
1.0,0.98965585,438.04416
1.0,0.4975459,69.28874
1.0,0.5756976,65.9855
1.0,0.599108,103.26614
1.0,0.18129551,67.66038
1.0,0.537922,265.3526
1.0,0.47618952,88.038635
1.0,0.94330716,73.681656
1.0,0.58045983,171.34436
1.0,0.99775296,100.17286
1.0,0.99945444,536.77124
1.0,0.20691633,71.704865
1.0,0.25414777,109.405495
1.0,0.20745404,85.16177
1.0,0.8111635,196.15062
1.0,0.6873025,116.36877
1.0,0.9999745,1004.96625
1.0,0.29232907,95.260025
1.0,0.56029755,109.166115
1.0,0.4676256,81.962364
1.0,0.5499664,66.40239
1.0,0.9459767,85.11938
1.0,0.2473434,68.31085
1.0,0.21726498,465.39417
1.0,0.63190156,96.58065
1.0,0.2589307,80.377045
1.0,0.2589307,80.377045
1.0,0.85387546,79.83863
1.0,0.18014538,68.61969
1.0,0.23457153,69.77214
1.0,0.27339956,78.30346
1.0,0.63963985,76.82523
1.0,0.6001986,280.02386
1.0,0.57348466,66.59005
1.0,0.75865185,3258.0613
1.0,1.0,4563.3135
1.0,0.39430106,73.355705
1.0,0.10206391,92.88015
1.0,0.97102743,69.95396
1.0,0.29230103,208.01686
1.0,0.9870308,103.62961
1.0,0.37857744,85.20096
1.0,0.42663682,95.310295
1.0,0.515838,88.18174
1.0,0.4913081,105.15007
1.0,1.0,6286.908
1.0,0.5149188,87.070816
1.0,0.14717028,73.55736
1.0,0.0026473198,66.97084
1.0,0.9999932,926.67566
1.0,0.2354982,88.100235
1.0,0.5267213,71.89951
1.0,0.53703,76.24932
1.0,0.99985254,211.79482
1.0,0.99985254,211.79482
1.0,0.5336351,72.39589
1.0,0.99819165,70.6601
1.0,0.3737896,68.18461
1.0,0.9857948,249.55266
1.0,0.15671924,209.68358
1.0,0.6258519,102.02684
1.0,1.0,70.234146
1.0,0.99998677,9995.828
1.0,0.99955004,2.8454358e+06
1.0,0.6860566,70.5605
1.0,0.34948578,98.50376
1.0,0.60344523,122.978165
1.0,0.2662869,82.29547
1.0,0.14816636,180.40685
1.0,0.99911636,381.21802
1.0,0.5469321,95.57537
1.0,0.6098738,67.74553
1.0,0.3189938,159.43924
1.0,0.16807356,95.5484
1.0,0.78279394,75.25459
1.0,0.9468859,112.42707
1.0,0.6934753,92.948685
1.0,0.15144986,109.21827
1.0,0.30614248,67.104065
1.0,0.5552909,114.89864
1.0,0.43896687,66.087654
1.0,0.51535535,101.03798
1.0,0.95309776,120.48788
1.0,0.8176721,168.70522
1.0,0.8926439,108.15596
1.0,0.40927044,200.49652
1.0,0.55393755,70.14283
1.0,0.99794644,3257.4944
1.0,0.10330402,94.71655
1.0,0.5107535,143.70682
1.0,0.3326491,98.1728
1.0,0.36127913,409.76694
1.0,0.9999975,113.59579
1.0,0.29110062,104.7063
1.0,0.63942707,100.0737
1.0,0.84610856,1758.9484
1.0,0.20056732,131.01614
1.0,0.3652129,73.17351
1.0,0.56093484,167.58073
1.0,0.3640568,386.5765
1.0,0.3716877,236.3547
1.0,0.07899778,103.3279
1.0,0.14086504,210.67577
1.0,0.9961358,628.0885
1.0,0.6770186,169.34084
1.0,0.20757075,89.711914
1.0,0.5171808,729.5122
1.0,0.0642707,65.972855
1.0,0.74170643,136.84128
1.0,0.61805797,72.66663
1.0,0.6030208,75.719185
1.0,0.991855,1091.0847
1.0,0.43063483,183.16788
1.0,0.5066415,84.892044
1.0,0.058693018,377.1319
1.0,0.072247654,82.95613
1.0,0.35675678,152.04053
1.0,0.6576765,134.15706
1.0,0.61339885,77.04126
1.0,0.19939008,70.79715
1.0,0.29469952,2374.276
1.0,0.291205,163.09448
1.0,0.7404744,84.88002
1.0,0.55850744,135.27505
1.0,0.53525203,102.30262
1.0,0.38032886,139.8845
1.0,0.9985875,739.755
1.0,0.9919037,78.13069
1.0,0.64394456,98.548325
1.0,0.5909345,93.880455
1.0,0.9991279,76.006004
1.0,0.21033324,74.669304
1.0,0.45587194,2516.0742
1.0,0.9159653,1.2474786e+08
1.0,0.4809313,120.676735
1.0,0.3164933,103.05077
1.0,0.99980587,956.0706
1.0,0.7307173,184.98187
1.0,0.5283002,190.83699
1.0,0.5759835,67.33117
1.0,0.9916305,373.44406
1.0,0.9138601,326.7657
1.0,0.5957701,65.03984
1.0,0.61524254,69.14754
1.0,0.26447564,74.59467
1.0,0.9898301,173.27206
1.0,0.920536,859.2932
1.0,0.9998128,272.27725
1.0,0.9980363,6011.4604
1.0,0.9461028,108.33566
1.0,0.9999976,759.93994
1.0,0.4753647,75.23072
1.0,0.4465679,175.40103
1.0,0.078946464,88.21919
1.0,0.46795616,71.96846
1.0,0.2786656,81.479
1.0,0.5921971,139.63261
1.0,0.40906796,139.80083
1.0,0.98869133,372.90405
1.0,0.1283037,65.94456
1.0,0.77730435,86.79614
1.0,0.313934,69.875885
1.0,0.21504258,87.091156
1.0,0.5495766,94.0606
1.0,0.4974692,86.896545
1.0,0.50032043,285.30032
1.0,0.98797417,240.41466
1.0,0.98152727,1234.2537
1.0,0.99022335,90.26744
1.0,0.64248246,107.489105
1.0,0.43138108,72.805435
1.0,0.82433236,72.61848
1.0,0.99994254,148.36563
1.0,0.4987468,208.36443
1.0,0.5776496,114.34189
1.0,0.13438325,83.4047
1.0,0.77175075,92.192215
1.0,0.2803149,80.14326
1.0,0.17879787,98.27987
1.0,0.55921215,94.143
1.0,0.9943434,306.40488
1.0,0.5041683,128.1608
1.0,0.6450594,92.433846
1.0,0.99995077,886.1707
1.0,0.1797463,67.6042
1.0,0.1091166,78.52602
1.0,0.23464338,107.12993
1.0,0.56509316,92.40508
1.0,0.6561064,73.51569
1.0,0.049355187,154.91484
1.0,0.5654298,81.64697
1.0,0.5281885,87.37183
1.0,0.9647838,80.31536
1.0,0.37186554,279.9919
1.0,0.4614861,75.55446
1.0,1.0,3286.0886
1.0,0.6374006,89.5082
1.0,0.77806306,149.41063
1.0,0.14980564,685.6417
1.0,0.03019152,85.37929
1.0,0.12322605,4072.7888
1.0,0.42190802,129.38591
1.0,0.083419375,1043.07
1.0,0.034578502,3387.7773
1.0,0.18670528,19101.684
1.0,0.49576086,9710.982
1.0,0.049001448,3028.6484
1.0,0.04609063,124.59195
1.0,0.92185706,165.5543
1.0,0.6989096,74.85794
1.0,0.14851598,199.00769
1.0,0.024560105,115.136185
1.0,0.53408986,84.19565
1.0,0.19558626,604.6103
1.0,0.9987544,325.48273
1.0,0.9999361,67.25501
1.0,0.11369492,126.52203
1.0,0.21227661,321.23672
1.0,0.17238136,117.373245
1.0,0.43157732,1141.7172
1.0,0.0032814743,902.497
1.0,0.4539011,231.68134
1.0,0.07053544,308.1219
1.0,0.70617336,235.95424
1.0,0.21331003,122.40766
1.0,0.49440283,210.43777
1.0,0.48887426,28707.691
1.0,1.0,4433.8325
1.0,0.01593991,674.8533
1.0,0.17656414,19417.986
1.0,0.2495768,1126.7373
1.0,0.1474257,201.50441
1.0,0.5936368,2579.8325
1.0,0.036039844,92.28777
1.0,0.006171679,39190.355
1.0,0.22138843,91.896286
1.0,0.0997309,111.91025
1.0,1.0,6111.427
1.0,1.0,788.6256
1.0,1.0,125.81706
1.0,0.029232735,331.5815
1.0,0.13778792,1330.5116
1.0,0.9908732,20066.5
1.0,0.019240206,18728.453
1.0,1.0,12162.583
1.0,0.4360987,458.66785
1.0,0.4419171,1424.1935
1.0,0.27711156,237.47244
1.0,0.9999925,1401.4746
1.0,0.9999988,2090.458
1.0,0.28542995,197.65627
1.0,0.99341726,3581.4512
1.0,0.2851564,136.32166
1.0,0.86746746,69.71019
1.0,0.86825,11514.231
1.0,0.8588037,81.29712
1.0,0.050374787,980.0611
1.0,0.9998621,33702.066
1.0,0.05056848,6493.2173
1.0,0.35461545,161.01134
1.0,0.45825043,1045.1213
1.0,0.80894256,8093.5576
1.0,0.9412465,69.15874
1.0,0.036684114,3404.8113
1.0,0.22475697,8869.99
1.0,0.021308506,204.92444
1.0,0.010411665,1611.6274
1.0,0.031102637,87.26623
1.0,0.109669685,1149.6016
1.0,0.58031,1440.1428
1.0,0.034359343,14571.959
1.0,0.99999034,69.1906
1.0,0.042836785,718.3098
1.0,0.49566847,96.481766
1.0,0.9999999,168.62892
1.0,0.9999293,413.52866
1.0,0.12114045,91.793
1.0,0.99701464,34903.277
1.0,0.43781403,12821.667
1.0,0.044320628,577.3699
1.0,0.43771434,1403.0781
1.0,0.32698599,169.92033
1.0,0.95428014,6336.1265
1.0,0.31472427,2089.3772
1.0,0.80104953,6963.003
1.0,0.21798234,97.34421
1.0,0.2668686,485.26358
1.0,0.0812309,2167.6086
1.0,0.07016384,91.906
1.0,0.9999995,44832.723
1.0,0.10000862,549.1847
1.0,0.99982244,8224.087
1.0,0.52840185,142.75546
1.0,0.1248768,69.05869
1.0,0.9999286,18555.664
1.0,0.5786117,15120.973
1.0,0.079671286,1317.2277
1.0,0.64362794,2.1182366e+08
1.0,0.49440283,411.0498
1.0,0.013003949,611.4376
1.0,0.22487876,66.14831
1.0,0.9861849,86.5653
1.0,0.4620787,397.29578
1.0,0.9999999,2018.237
1.0,0.074922055,476.53925
1.0,0.02783451,14684.58
1.0,0.0818133,13392.997
1.0,0.009284491,4242.582
1.0,0.14017473,113.44435
1.0,0.024302451,122.028915
1.0,0.9999995,35085.285
1.0,0.4931426,248.79333
1.0,0.006619201,3582.7844
1.0,0.45110345,324.3675
1.0,0.6795744,94.43981
1.0,0.23808506,184.1942
1.0,0.84017974,3588.3018
1.0,0.11749305,90.42916
1.0,0.87713027,256.79843
1.0,0.09155981,115.7754
1.0,0.013336442,176.51732
1.0,0.37854955,88.57665
1.0,0.20686512,1642.7894
1.0,0.28353876,301.63992
1.0,0.9999658,27684.18
1.0,0.22692442,122.19805
1.0,0.9999999,770.1139
1.0,0.40225014,90.42841
1.0,0.5626455,86.24209
1.0,0.075429976,212.77048
1.0,0.9998946,17404.387
1.0,0.5225241,329.249
1.0,0.21410939,296.2974
1.0,0.30949202,101.2163
1.0,0.8954237,78.70482
1.0,0.16877869,186.07729
1.0,0.98823893,1634.6981
1.0,0.04040968,283.72778
1.0,0.23423375,412.4164
1.0,0.49216646,8529.207
1.0,0.91152877,18405.674
1.0,1.0,1590.3232
1.0,0.084815964,323.7109
1.0,0.015246724,127.64022
1.0,0.5586581,287.56747
1.0,0.9999865,388.2303
1.0,0.49904683,97.224846
1.0,0.010329718,521.0305
1.0,0.622937,255.39912
1.0,0.14335412,457.74344
1.0,0.6404797,1164.9321
1.0,0.9999893,6862.0244
1.0,0.5114278,112.42571
1.0,0.99999297,9270.456
1.0,0.13674411,986.20795
1.0,0.98614967,7767.115
1.0,0.08845583,310.35413
1.0,0.3205339,576.2666
1.0,0.42604527,914.45447
1.0,0.11227856,294.25656
1.0,0.03645702,136.67183
1.0,1.0,2497.352
1.0,0.30772927,81.23072
1.0,0.015722789,1392.5896
1.0,0.41889954,571.83826
1.0,0.022537688,5033.4214
1.0,0.3782069,2237.1458
1.0,0.999997,12566.12
1.0,0.9999757,332.70547
1.0,0.108953774,10116.241
1.0,0.65363234,1705.932
1.0,0.09235496,145.21999
1.0,0.3451192,929.158
1.0,0.60768443,255.6651
1.0,0.9036714,75.852905
1.0,0.9959883,4918.342
1.0,0.20936656,1052.8541
1.0,0.39764675,116.58899
1.0,0.22774802,80.09901
1.0,0.62929255,200.25804
1.0,0.7879115,642.4455
1.0,0.14256519,175.22105
1.0,0.060064424,40198.594
1.0,0.14100374,3063.6892
1.0,0.15237258,243.39253
1.0,0.13000308,281.6501
1.0,0.60957533,350.24203
1.0,0.299968,2629.6113
1.0,0.110858314,117.28545
1.0,0.6177118,110.852066
1.0,0.014696652,511.86795
1.0,0.72237605,128.14032
1.0,0.76794356,43847.023
1.0,0.777592,1.19976e+06
1.0,0.03740957,7538.559
1.0,0.4055865,277.08978
1.0,1.0,7.183445e+08
1.0,0.513154,376.20673
1.0,0.12506358,615.76447
1.0,0.5230784,1916.78
1.0,1.0,120.88288
1.0,0.9989017,122.17189
1.0,0.9999999,5799.8438
1.0,0.6545058,627.8089
1.0,0.43170673,1890.8875
1.0,0.602559,1651.0513
1.0,0.98775804,25596.705
1.0,0.9999925,5010.225
1.0,0.021497682,189.25543
1.0,0.07478622,144.46555
1.0,0.49557734,78.8768
1.0,0.9412716,465.43658
1.0,0.20775855,86.27675
1.0,1.0,156166.97
1.0,0.06000939,68.68186
1.0,0.5388627,149.09673
1.0,0.048062842,93.24675
1.0,0.77410746,292.612
1.0,0.99978,235.67577
1.0,0.22158588,1477.4523
1.0,0.8767483,19550.17
1.0,0.9999993,1257.429
1.0,0.453117,2224.7195
1.0,0.12712117,71.93098
1.0,0.922548,627.6418
1.0,0.77452034,2157.1123
1.0,0.049422543,17237.754
1.0,0.7351131,615.2347
1.0,0.008207969,895.01074
1.0,1.0,450657.66
1.0,0.17588353,591.3886
1.0,0.3824542,125.86529
1.0,0.31115082,67.3933
1.0,0.6073182,79.18871
1.0,0.5655246,65.57893
1.0,0.9103637,165.64276
1.0,0.44530606,73.79391
1.0,0.03221963,222.69484
1.0,0.545884,208.50711
1.0,0.999997,35498.305
1.0,0.100389935,129.32584
1.0,0.3322408,177.37817
1.0,0.02178708,2007.3342
1.0,0.99994266,2727.8208
1.0,0.0020666027,1925.9229
1.0,0.5107224,912.1546
1.0,0.13722457,8352.892
1.0,0.26857242,171.42763
1.0,0.6011732,196.79648
1.0,0.0956948,267.24255
1.0,0.21997249,81.20945
1.0,0.987002,70.45063
1.0,0.016383525,2603.3958
1.0,0.55328965,8718.43
1.0,1.0,1064.4135
1.0,0.48725402,14874.535
1.0,1.0,1251.209
1.0,0.18511175,86.17796
1.0,0.9999999,3696.1594
1.0,0.19821239,328.42184
1.0,0.23280571,77.20751
1.0,0.0414624,124.46793
1.0,0.57844555,955.5412
1.0,0.035220403,617.396
1.0,0.045065813,115.55043
1.0,0.33187434,132.30734
1.0,0.10523184,90.84293
1.0,0.38059887,1824.9851
1.0,0.16745421,72.50923
1.0,0.54478335,8544.758
1.0,0.07876023,68.66493
1.0,0.37948313,133.97865
1.0,0.19674899,787.6901
1.0,0.5687421,91.36584
1.0,0.6954153,79.52246
1.0,0.050139118,82.31822
1.0,0.025452897,13801.944
1.0,0.24967231,1064.4625
1.0,1.0,3766.2542
1.0,0.04790039,5423.923
1.0,1.0,143772.47
1.0,0.32242385,80.23498
1.0,0.34211862,903.4091
1.0,0.029263394,442.43814
1.0,0.97597164,6571.466
1.0,0.13869731,5511.7607
1.0,0.9944027,87676.46
1.0,0.3061878,20940.807
1.0,0.04350025,137.37848
1.0,0.36631328,94.383
1.0,0.21028297,134.14424
1.0,0.99969876,68.15903
1.0,0.01632774,302.7621
1.0,0.43403998,269.57895
1.0,0.5384901,1594.0144
1.0,0.49440283,1774.6534
1.0,0.6017699,984.2565
1.0,1.0,12084.525
1.0,0.29523513,5549.924
1.0,0.4862912,77.355446
1.0,0.5551912,123.1996
1.0,0.072887756,117.067
1.0,0.08677145,189.63588
1.0,0.9965496,485.65454
1.0,0.96293384,470.72644
1.0,0.6381785,212.50175
1.0,0.5393829,91.94804
1.0,0.29528794,1096.1675
1.0,0.26201057,96.19139
1.0,0.78181505,928.1216
1.0,1.0,69.961006
1.0,0.005857267,1319.2975
1.0,0.6080731,70.28354
1.0,0.49440283,135.62341
1.0,0.23159188,190.10243
1.0,0.06047416,100.2676
1.0,0.05823576,1099.1412
1.0,0.6257992,75.85323
1.0,0.5323165,1332.8635
1.0,0.7430276,74.04738
1.0,0.94781744,8246.584
1.0,0.32710525,1892.6322
1.0,0.63649535,67.03298
1.0,0.8799455,147.86717
1.0,0.39477924,87.747246
1.0,0.9999989,13338.143
1.0,0.03730959,2761.2417
1.0,0.24163212,503.0609
1.0,0.17294094,134.3866
1.0,0.99999964,4216.076
1.0,0.27866006,1588.2336
1.0,0.14940605,505.43134
1.0,0.16985667,72.71039
1.0,0.0061843004,857.26904
1.0,0.9994991,1167.3359
1.0,0.41377345,71.74759
1.0,0.099594146,2464.8506
1.0,0.32992217,1743.4243
1.0,0.42248398,3990.3877
1.0,0.042460788,161.56021
1.0,0.12533976,1297.2217
1.0,0.3272029,99.36477
1.0,0.13576369,5587.3726
1.0,0.86057436,140.94905
1.0,0.9993735,1286.7302
1.0,0.1305036,4696.6733
1.0,0.6126247,260.24072
1.0,0.15548699,149.40874
1.0,0.92854404,295.9162
1.0,0.7387917,2981.3267
1.0,0.0144314915,30057.375
1.0,0.6620833,581.5734
1.0,0.9947706,1976.8307
1.0,0.64580125,67.076294
1.0,0.36219057,185.01407
1.0,1.0,9.065131e+06
1.0,0.378771,251.72375
1.0,0.3196874,640.284
1.0,0.25092795,2.6974298e+08
1.0,0.026997332,17708.871
1.0,0.6640849,492.328
1.0,0.09017928,925.46014
1.0,0.22787377,147.3044
1.0,0.7061401,107.723274
1.0,0.9998198,1167.3866
1.0,0.040921733,1875.2457
1.0,0.03166721,2784.9111
1.0,0.54772013,73.248024
1.0,0.8086421,305.93643
1.0,0.38681242,458.84213
1.0,0.97144574,844.05475
1.0,0.37944055,6646.7256
1.0,0.92185485,858.0342
1.0,0.62887424,400.31445
1.0,0.055379983,140.90952
1.0,0.999998,1175.3883
1.0,0.9634175,67.71336
1.0,0.04035793,1781.5685
1.0,1.0,136.0661
1.0,0.99997866,1051.2255
1.0,0.99776113,187.49626
1.0,0.28352788,74.11102
1.0,0.3452035,186.83742
1.0,0.29465163,18620.012
1.0,0.04649292,191.08199
1.0,0.9999409,3729.8186
1.0,0.22628692,2275.1094
1.0,0.19013174,115.48606
1.0,0.4065833,109.99979
1.0,0.20826277,90.06875
1.0,0.1764435,90.34815
1.0,0.09832342,23065.873
1.0,0.21951538,6908.7935
1.0,0.04220464,181.02998
1.0,0.009711067,1795.7535
1.0,0.07164206,415.7081
1.0,0.041522123,57313.12
1.0,0.69070613,3430.6284
1.0,0.5388925,2008.71
1.0,0.84309065,93.07307
1.0,0.08186178,159.02943
1.0,0.99972004,523.4163
1.0,0.2592259,65.10876
1.0,0.46876836,90.66895
1.0,0.17344731,71.92924
1.0,0.6366913,104.0751
1.0,0.18081401,36639.184
1.0,0.081241444,2802.7056
1.0,0.1308108,708.8607
1.0,0.30345058,514.24994
1.0,0.62943894,72.890015
1.0,0.12751462,238.13759
1.0,0.99998534,2487.4592
1.0,0.24934186,4019.2634
1.0,0.99982446,1921.4135
1.0,0.5148517,158.72617
1.0,0.97817147,113.868324
1.0,0.003461676,2190.4663
1.0,0.57694805,4962.6377
1.0,0.5094485,111.88838
1.0,0.84470993,78.65532
1.0,1.0,10949.852
1.0,0.36485386,105.94866
1.0,0.11264454,815.7103
1.0,0.15196176,9306.364
1.0,0.21448943,72.45814
1.0,0.5911369,405.92886
1.0,0.018035999,240.80061
1.0,0.4782209,1583.9722
1.0,0.0150209265,13684.323
1.0,0.99984336,7758.251
1.0,0.20086688,322.78104
1.0,0.0131932385,2685.6343
1.0,0.07024891,730.705
1.0,0.72700155,2845.267
1.0,0.46962905,310.3042
1.0,0.99998975,134.0386
1.0,0.10444361,924.0945
1.0,0.9999999,1941.1635
1.0,0.99978703,4228.7324
1.0,0.31071934,137.4641
1.0,0.6486449,1409.335
1.0,0.048622597,464.17044
1.0,0.53244424,1394.7518
1.0,0.9996741,886.81116
1.0,1.0,20458.867
1.0,0.42898834,233007.88
1.0,0.6553987,118.39368
1.0,0.6602077,106.23224
1.0,0.6615848,114.19905
1.0,0.61485565,139.13966
1.0,0.13191324,97.07002
1.0,1.0,2189.9373
1.0,0.28741324,121.71386
1.0,0.51210576,5026.9595
1.0,0.5107644,470.21738
1.0,0.21785288,399.99875
1.0,0.9802069,2509.4336
1.0,0.4188215,97.868576
1.0,0.031396933,2880.2217
1.0,0.3890937,290.73776
1.0,0.12105457,4088.8696
1.0,0.022143692,110.62178
1.0,0.9586278,88.91074
1.0,0.5347174,110.65051
1.0,0.009297824,23049.746
1.0,1.0,5.1271053e+08
1.0,0.23621067,134.50314
1.0,0.11968762,167.57144
1.0,0.68331414,73.25828
1.0,0.13228323,381.81287
1.0,0.99995506,40432.35
1.0,0.07586866,90.28243
1.0,0.23073421,88.55191
1.0,0.012665629,896.7026
1.0,0.10076395,5733.2505
1.0,0.9072607,118.56213
1.0,0.049095437,1541.1038
1.0,0.7128728,1554.4081
1.0,0.5629063,120.93512
1.0,0.29540518,72.867134
1.0,0.36924693,7388.666
1.0,0.48509952,1357.8688
1.0,1.0,2782.075
1.0,0.24062282,392.67587
1.0,0.9980089,15281.0625
1.0,0.0706894,856.54034
1.0,0.9737517,992.19885
1.0,0.19693744,823.2164
1.0,0.033648744,1957.3722
1.0,0.031830467,853.2795
1.0,0.01846178,49568.33
1.0,0.1681051,1625.9824
1.0,0.19001216,457.2647
1.0,0.21066576,92.275734
1.0,0.08601786,77.92403
1.0,0.56614697,146.87015
1.0,0.48910543,161.82243
1.0,0.4820022,3314.592
1.0,0.2715005,501.44022
1.0,0.9999348,1435.1099
1.0,0.9999968,186.56714
1.0,0.8890822,113.7864
1.0,0.99646604,8828.997
1.0,0.36930096,781.4007
1.0,0.50347215,976.5063
1.0,0.54219157,82.43017
1.0,0.098013945,111.388336
1.0,0.002832363,282.25873
1.0,0.99847466,2305.3845
1.0,0.44594598,120.448524
1.0,0.0028986807,7323.158
1.0,0.5661428,70.73303
1.0,0.9999995,1713.6627
1.0,0.0066563357,79.70681
1.0,1.0,1988.9355
1.0,0.48786622,8835.902
1.0,0.58298004,100.69179
1.0,0.61096394,6906.901
1.0,0.66197205,154.33101
1.0,0.9936335,76375.586
1.0,0.17685291,119.399704
1.0,0.3073825,585.87775
1.0,0.45011985,114.66304
1.0,0.20515497,315.83566
1.0,0.39149964,151.70503
1.0,0.00018324773,1768.6176
1.0,0.47576573,265.7077
1.0,0.99999774,730.73553
1.0,1.0,2818.6973
1.0,0.9993387,93.427345
1.0,0.49936804,939.21436
1.0,0.050802875,172.23085
1.0,0.7601687,420.31622
1.0,0.20985861,235.46626
1.0,0.9999138,32548.236
1.0,0.36653894,347.5935
1.0,0.002846367,8820.814
1.0,0.2856334,2009.9686
1.0,0.16327311,74.47041
1.0,0.99998796,7337.8066
1.0,0.112354934,190.04774
1.0,0.20445694,995.6626
1.0,0.58089983,451.97003
1.0,0.99999964,655.57513
1.0,0.5770503,4923.8477
1.0,0.31784922,694.19916
1.0,0.061087642,88.50287
1.0,0.010788149,21499.223
1.0,0.57153744,1235.8986
1.0,0.8321104,259.7668
1.0,0.12319733,175.89948
1.0,0.6104898,390.94177
1.0,1.0,13673.8545
1.0,0.02187515,530.5236
1.0,0.13138705,66.64022
1.0,0.113602,121.035545
1.0,0.46747214,3802.797
1.0,0.042989135,2390.143
1.0,0.99999905,455.17044
1.0,0.1555187,827.76263
1.0,0.9999653,23399.62
1.0,0.485238,425.12457
1.0,0.5193544,1015.309
1.0,0.014620223,3239.4185
1.0,0.015334761,37423.707
1.0,1.0,29391.559
1.0,1.0,1828.6345
1.0,1.0,272.92224
1.0,0.012024752,75536.38
1.0,0.85499644,77.37645
1.0,0.26596004,78.31233
1.0,0.0084342575,143.07141
1.0,0.027168306,311.06183
1.0,0.4650306,1062.3287
1.0,0.34326848,707.29803
1.0,0.99979335,1003.9671
1.0,0.27894324,242.84491
1.0,0.99986875,134.0094
1.0,0.323794,3372.9592
1.0,0.99999785,1027.3564
1.0,1.0,548.4637
1.0,0.08309854,193.38434
1.0,0.6163495,1466.188
1.0,0.31156853,3474.716
1.0,0.14424348,21423.982
1.0,0.42302287,2036.53
1.0,0.10454526,2360.2275
1.0,0.061102957,3050.3254
1.0,0.13154575,115.07893
1.0,0.5241167,2440.6929
1.0,0.99099547,38205.312
1.0,0.5456378,67.54492
1.0,0.59344834,486.8689
1.0,0.9487886,541.9336
1.0,0.049192097,11497.619
1.0,0.049915824,1170.9135
1.0,0.035637815,29954.883
1.0,0.8558074,392.9603
1.0,0.109189995,70.73491
1.0,0.7520395,136.86757
1.0,0.85034955,147.90485
1.0,0.07171298,137.98564
1.0,0.9821247,73699.42
1.0,0.33537123,15162.369
1.0,0.99999857,5.266364e+09
1.0,0.16342269,6691.3735
1.0,0.9998746,7954.119
1.0,0.6734859,483.89066
1.0,0.7364778,84.090744
1.0,0.9971921,4755.456
1.0,0.50503385,120.34225
1.0,0.50047636,1085.2758
1.0,0.20278361,858.10956
1.0,0.99995506,16317.948
1.0,0.15799847,1159.4216
1.0,0.25949585,73.37927
1.0,1.0,4393.6055
1.0,0.49838755,155.44737
1.0,0.4820702,2621.187
1.0,0.34693798,16911.99
1.0,0.24460879,585.5398
1.0,0.016801355,521.4772
1.0,0.49440283,905.7411
1.0,0.48057705,72.44205
1.0,0.6924227,26597.975
1.0,0.9995214,426.23785
1.0,0.47702616,492.42395
1.0,0.12579593,27932.04
1.0,0.2903564,70.302505
1.0,0.35290304,2693.5723
1.0,0.14904626,158.77158
1.0,0.021740178,863.11145
1.0,1.0,47443.22
1.0,1.0,441.89734
1.0,0.18044743,11034.26
1.0,0.3435055,94.76987
1.0,0.5103393,343.56796
1.0,0.41526192,105.752075
1.0,0.27562323,696.1352
1.0,0.99999106,28874.885
1.0,0.20553897,80.28428
1.0,0.18047869,90.2498
1.0,1.0,171.44344
1.0,0.105644986,580.49945
1.0,0.043849796,1404.5316
1.0,0.7207158,1323.3225
1.0,0.32190478,2144.926
1.0,0.62057775,79.94464
1.0,0.999793,23051.037
1.0,0.09249706,377.88812
1.0,0.17012726,6680.9233
1.0,0.09397232,233.57704
1.0,0.07121518,135.62498
1.0,0.014174598,9373.307
1.0,0.9575951,390.35202
1.0,0.1810368,652.30145
1.0,0.07776887,72.21143
1.0,0.2063881,78.38511
1.0,0.2600218,427.70215
1.0,0.21996804,1536.99
1.0,0.37839147,514.51117
1.0,0.5496196,112.94108
1.0,1.0,151.97269
1.0,0.12876679,304.4978
1.0,0.03384473,7029.3975
1.0,0.528709,4206.02
1.0,1.0,410410.34
1.0,0.60048205,72.17981
1.0,0.07915868,2159.903
1.0,0.032866195,262.37613
1.0,0.4929277,648.6954
1.0,0.4596409,90.300896
1.0,0.6517019,500.9774
1.0,0.12542823,472.43744
1.0,0.99999,1997.975
1.0,0.58963746,99.93744
1.0,0.1329625,70.305244
1.0,0.8168968,92.46755
1.0,0.99997747,12314.504
1.0,0.9885195,12867.0625
1.0,0.3170009,66.85084
1.0,0.010062267,988.30865
1.0,0.180941,168.1774
1.0,0.98126835,1646.0537
1.0,0.99999917,85.31493
1.0,0.2871976,163.52823
1.0,0.031030552,131.97423
1.0,0.021030096,4230.2466
1.0,0.99459463,716.09076
1.0,0.4844607,82.695816
1.0,0.008787332,4266.3677
1.0,0.45754814,105.598625
1.0,0.09215668,133.1441
1.0,0.10800793,199.65144
1.0,0.2893372,2343.8484
1.0,1.0,174787.67
1.0,0.07368948,194.03984
1.0,0.9999994,4827.979
1.0,0.054734398,1222.8676
1.0,0.94101536,94.83331
1.0,0.2568455,187.01003
1.0,0.07715941,1279.3823
1.0,0.2956075,65.685295
1.0,0.05863732,4567.89
1.0,0.07232112,2070.0764
1.0,0.4219569,68.26442
1.0,0.5409702,56586.797
1.0,0.03615688,238.80762
1.0,0.9999014,8454.015
1.0,0.016222585,1403.4834
1.0,0.1437589,100.42162
1.0,0.3540357,261.81226
1.0,0.075684085,2418.8306
1.0,0.0106166545,9317.232
1.0,0.8862099,433.79404
1.0,0.9999982,28566.861
1.0,0.29097867,10862.3545
1.0,0.67171586,1441.8752
1.0,0.49440283,401.40155
1.0,0.3713289,265.16678
1.0,0.29983833,2144.7705
1.0,0.06276357,4006.627
1.0,0.24895209,226.54366
1.0,0.32770842,15637.803
1.0,0.07968522,108.21333
1.0,0.30108315,119.990036
1.0,0.91663086,5467.2407
1.0,0.4311565,4516.518
1.0,0.17968668,197.82779
1.0,0.25030982,81.09796
1.0,0.49424496,183.274
1.0,0.667198,1054.8182
1.0,0.9998338,1193.3777
1.0,0.80084646,162.15573
1.0,0.4115918,123.78677
1.0,0.6788725,69.100296
1.0,0.5524774,87.95579
1.0,0.61027825,1787.8694
1.0,0.99999845,805293.8
1.0,0.85485053,1571.6621
1.0,0.06220652,31621.873
1.0,0.9938474,130.98343
1.0,0.67633426,73.750496
1.0,0.259894,344.53595
1.0,1.0,11468.066
1.0,0.1172902,97.88615
1.0,0.19296665,1436.9767
1.0,0.18863115,192.28381
1.0,0.020106811,189.49268
1.0,0.4873325,108.61043
1.0,0.07367632,99.63494
1.0,0.9518679,518.2949
1.0,0.72632736,74.43203
1.0,0.5556078,108.44753
1.0,0.043036796,89.21503
1.0,0.18581311,924.59985
1.0,0.99991214,4252.263
1.0,0.058470152,78.85429
1.0,0.5944258,70.474266
1.0,0.3542243,118.5704
1.0,0.45797914,428.04907
1.0,0.085069925,2301.975
1.0,1.0,20457.723
1.0,0.20590623,102.75657
1.0,0.019906802,536.64307
1.0,0.9999819,16862.596
1.0,0.5663159,213.9225
1.0,0.49440283,2925.402
1.0,0.1472955,1532.9325
1.0,0.40149269,309.31824
1.0,0.9970939,473.34476
1.0,0.46088478,120.03148
1.0,0.51446176,120.90472
1.0,0.38947657,131.15266
1.0,0.021901423,4495.3633
1.0,0.9952502,1527.1184
1.0,0.9984463,437.65234
1.0,0.9999994,17421.633
1.0,0.08080071,8308.01
1.0,0.19710162,120.05771
1.0,0.9904233,895.15765
1.0,0.92407393,336.3769
1.0,0.08928848,450.745
1.0,0.99970835,155.90195
1.0,0.9996481,7054.119
1.0,0.4938794,2052.256
1.0,0.7757979,1099.6627
1.0,0.77607775,1039.2233
1.0,0.5807735,3387.197
1.0,0.43628567,77.98946
1.0,0.5426783,461.89462
1.0,0.37985733,883.5485
1.0,0.2408689,142.08331
1.0,0.058198586,87.35596
1.0,0.17890126,116.82053
1.0,0.66836685,73.68772
1.0,1.0,264.29538
1.0,0.12542087,1582.8544
1.0,0.0053159227,311.2868
1.0,1.0,1.8145165e+06
1.0,0.7049094,150.06125
1.0,0.081265695,88.17426
1.0,0.22268447,2064.2515
1.0,0.82933164,5301.8066
1.0,0.08999604,2118.5833
1.0,0.98993427,388.86337
1.0,0.34306636,231.10284
1.0,0.5463475,73.07347
1.0,0.49440283,440.0019
1.0,0.7862444,5567.2075
1.0,0.29849598,858.7137
1.0,1.0,15222.085
1.0,0.9999887,992.2054
1.0,0.18850453,984.0787
1.0,0.63917375,1227.9897
1.0,0.07997734,1133.0145
1.0,0.8447426,152.81892
1.0,0.99996436,25845.248
1.0,1.0,4748.113
1.0,0.07362474,8425.196
1.0,0.34289107,600.8369
1.0,0.13924819,86.042145
1.0,0.49253762,21164.186
1.0,0.9999869,68.58687
1.0,0.97420233,9308.95
1.0,0.4236223,232.19193
1.0,0.31629398,110.13067
1.0,0.083526716,484.05963
1.0,0.07952046,138.95204
1.0,0.9999994,3511.5981
1.0,0.49268085,380.58902
1.0,0.99176764,96.76279
1.0,0.3123668,71.07883
1.0,0.48924246,107.998795
1.0,0.033300802,49519.26
1.0,0.14764482,22949.543
1.0,0.036078278,83.99898
1.0,1.0,22813.678
1.0,0.0094117755,49863.582
1.0,0.5950587,2279.0095
1.0,0.51742786,520.29364
1.0,0.35219005,215.12256
1.0,0.15827478,115.65514
1.0,0.13836505,3476.8054
1.0,0.0013208336,581.9433
1.0,0.22790785,232.47112
1.0,0.15817036,34222.652
1.0,0.113219716,162.38245
1.0,0.552887,71.161934
1.0,0.3980647,217.07144
1.0,0.4872873,664.16815
1.0,0.08504747,77.20283
1.0,0.09791989,294.45352
1.0,0.24328074,67.99867
1.0,0.014323135,759.7994
1.0,1.0,30778.191
1.0,0.99999976,316.27048
1.0,0.99999356,6226.125
1.0,0.720374,133.30779
1.0,0.5723993,90.645065
1.0,0.60515857,2196.1182
1.0,0.079339676,10916.636
1.0,0.66464466,269.32452
1.0,0.35056743,198.71773
1.0,0.5420549,537.4618
1.0,0.15673812,140.78348
1.0,1.0,10604.386
1.0,0.99987364,937.78876
1.0,0.9756176,299.24078
1.0,0.3004675,9776.874
1.0,0.21204832,747.59686
1.0,1.0,421.45258
1.0,0.31538984,430.9606
1.0,0.0507377,95.20534
1.0,0.79714257,1244.98
1.0,0.013888344,1576.497
1.0,0.023276309,29813.693
1.0,0.3935541,96.22548
1.0,0.38149643,162.5421
1.0,0.11052591,1096.3168
1.0,1.0,2663.7312
1.0,0.52766377,752.9617
1.0,0.7591338,276.02124
1.0,0.48856807,312.7292
1.0,0.09596158,23809.432
1.0,0.015278852,6909.973
1.0,1.0,2653.9849
1.0,0.26197818,101.65856
1.0,0.37515593,2926.8928
1.0,0.05691045,3821.9536
1.0,0.051681105,80.53789
1.0,0.69945484,1097.8706
1.0,0.4983937,74.78279
1.0,0.49440283,418.37576
1.0,0.054378852,2352.0425
1.0,0.013718822,260.54993
1.0,0.44228512,419.52713
1.0,0.99999976,39729.312
1.0,0.09785677,129.941
1.0,0.08576555,65.20401
1.0,0.99885976,24139.941
1.0,0.55819887,76.50081
1.0,0.04638861,518.22125
1.0,0.49440283,211.09615
1.0,0.040193796,69.95655
1.0,0.4057902,210.19554
1.0,0.0023984723,172.24683
1.0,0.6494103,90.83493
1.0,0.08981065,431.29834
1.0,0.5112186,67.01395
1.0,0.9999999,97708.33
1.0,0.22481726,176.38577
1.0,0.4677148,1113.6693
1.0,0.29041168,10411.225
1.0,0.09824879,1160.2571
1.0,0.017038409,283.1965
1.0,0.36229232,118.4343
1.0,0.21197107,11856.005
1.0,0.20961942,198.96562
1.0,0.013506101,3157.4727
1.0,0.031100027,12023.117
1.0,0.24992341,158.1713
1.0,0.07182915,8667.6045
1.0,0.363138,1030.2764
1.0,0.97565675,1064.8021
1.0,0.2863421,666.1363
1.0,0.0016468365,3024.9265
1.0,0.13311148,150.81255
1.0,0.009216252,5145.563
1.0,0.4718941,895.3764
1.0,0.0780678,68147.19
1.0,0.057573676,240.53902
1.0,0.12999769,1878.4944
1.0,0.99926823,219.56494
1.0,0.60257715,6114.588
1.0,0.1485337,15094.035
1.0,0.71529514,9291.703
1.0,0.04690317,488.8905
1.0,0.49440283,5738.7456
1.0,0.20170276,2075.2651
1.0,0.31131786,344.97165
1.0,0.52567315,286.70807
1.0,0.2852815,211.74553
1.0,0.16535209,349.6442
1.0,0.9762542,72.51807
1.0,0.16671695,3615.8042
1.0,0.48276702,419.40073
1.0,0.22228229,1264.0359
1.0,0.51218593,466.6242
1.0,0.066357784,1003.01514
1.0,0.6184379,613.0301
1.0,0.99992454,2199.726
1.0,0.6915985,113.427536
1.0,0.3828974,1578.0027
1.0,0.09962886,221.67549
1.0,0.99999666,78.81586
1.0,0.9999956,617.0026
1.0,0.0075945193,927.82306
1.0,0.0139116505,671.95123
1.0,0.47083873,92.57818
1.0,0.1658924,1167.7001
1.0,0.99946815,69834.79
1.0,0.39528206,98.81909
1.0,0.8771567,143.76088
1.0,1.0,10753.195
1.0,0.066466525,1146.0125
1.0,0.46035978,143.0872
1.0,0.60184133,402.8767
1.0,0.5237585,78.470726
1.0,0.04833591,140.3868
1.0,0.9091322,3144.404
1.0,0.11901518,1375.2804
1.0,0.9975303,5277.217
1.0,0.68003786,70.09962
1.0,0.57317066,87.32618
1.0,0.99996316,252.7658
1.0,0.625844,960.0964
1.0,1.0,11738.008
1.0,0.03216122,171.06305
1.0,0.7564142,2300.396
1.0,0.9999155,14754.235
1.0,1.0,7321.9844
1.0,0.504789,201.1482
1.0,0.9656822,1839.0028
1.0,0.9980665,628.6318
1.0,0.23124504,108.17817
1.0,0.626373,540.23065
1.0,0.21508177,298.6444
1.0,0.049857695,641.50165
1.0,0.46311876,642.896
1.0,0.9962226,86.30698
1.0,0.47828472,9008.517
1.0,0.8526978,155.79123
1.0,1.0,29065.957
1.0,0.6481575,82.2821
1.0,0.9999999,2620.0679
1.0,0.9926738,1371.7192
1.0,0.04504585,16158.523
1.0,0.5472918,86.0579
1.0,1.0,7842.9727
1.0,0.123568535,106.72706
1.0,0.049505476,155.04433
1.0,0.9977957,954.8338
1.0,0.19951926,70.15141
1.0,0.990094,13608.374
1.0,0.38041642,280.82193
1.0,0.20444402,950.8265
1.0,0.9948861,16385.688
1.0,0.28576076,228.57254
1.0,0.6393207,151.82909
1.0,0.029043768,5251.548
1.0,0.8372048,3042.019
1.0,0.3188358,79.4844
1.0,0.09344259,556.4971
1.0,0.5408276,394.60065
1.0,0.2897218,207.11507
1.0,0.48617655,403.77655
1.0,0.9999995,559.842
1.0,0.13427241,1201.2726
1.0,0.16412622,78.04206
1.0,0.6266651,5024.079
1.0,0.659052,800.67926
1.0,0.99834955,109.126625
1.0,0.98344177,1298.3944
1.0,0.3525888,2571.3828
1.0,0.1598652,238.69267
1.0,0.11403465,75.78231
1.0,0.13709167,121.47315
1.0,0.06361565,780.8638
1.0,0.09369311,72.76058
1.0,0.53823185,24047.115
1.0,0.98910236,78.995575
1.0,0.024935296,910.24426
1.0,0.53099597,705.6594
1.0,0.44597587,700.15027
1.0,0.6643985,145.09193
1.0,0.025563544,30523.773
1.0,0.63041025,3566.2185
1.0,0.41897225,9490.752
1.0,0.60910124,7706.083
1.0,0.4847213,413.8616
1.0,0.49440283,345.16486
1.0,0.99999475,7365.505
1.0,1.0,404.31955
1.0,0.12357926,2757.7969
1.0,0.09725386,35566.344
1.0,0.27675813,434.78107
1.0,0.6680573,6012.134
1.0,0.029594773,11899.667
1.0,1.0,98.87938
1.0,0.23096351,76.07338
1.0,0.44234562,76.995346
1.0,0.21979389,568.65765
1.0,0.98146856,436.84125
1.0,0.99991727,764.11786
1.0,0.0211593,898.44147
1.0,0.9999927,10320.233
1.0,0.264804,730.3862
1.0,0.44168007,167.5067
1.0,0.73828226,96.98085
1.0,0.20458896,74.45723
1.0,1.0,6720.604
1.0,0.9285577,75.80892
1.0,0.17930076,2010.7456
1.0,0.99998355,71.11304
1.0,0.6388717,73.87587
1.0,0.37368208,1382.4929
1.0,0.36720428,103.61465
1.0,0.63412017,746.94415
1.0,0.99724305,2182.7214
1.0,0.05336627,408.89594
1.0,0.6908315,84.82489
1.0,0.292468,422.42172
1.0,0.5318687,800.00793
1.0,0.48574498,138.09848
1.0,0.045716573,84.35045
1.0,0.2148462,136.41689
1.0,0.44685802,2051.552
1.0,0.99999654,15035.7295
1.0,0.28689623,1032.5266
1.0,0.17992541,925.94293
1.0,0.17766638,95.67212
1.0,1.0,1992.2816
1.0,0.9588978,155.03284
1.0,0.5833785,83.21101
1.0,0.80228585,2565.513
1.0,0.5210913,16506.87
1.0,0.46258658,230.62617
1.0,0.33586267,104.27687
1.0,0.044140793,847.943
1.0,0.6884863,366.04944
1.0,0.13587011,85.712135
1.0,0.91391397,2257.6396
1.0,0.9999999,7462.6216
1.0,0.46696013,3534.7595
1.0,0.56910306,73.06212
1.0,0.99996793,11471.315
1.0,0.06881663,4334.938
1.0,0.17523947,477.64978
1.0,0.06314795,882.6817
1.0,0.37782183,95.38418
1.0,0.3424693,225.07986
1.0,0.20608819,3794.541
1.0,0.56876594,165.72472
1.0,0.5092843,941.4491
1.0,0.6962386,10237.801
1.0,0.10080525,67.345535
1.0,0.47706643,6503.135
1.0,0.12752181,267.3877
1.0,0.03886375,7579.1675
1.0,0.4824061,153.80112
1.0,0.2511657,1123.7993
1.0,0.9999981,105593.64
1.0,0.5435601,668.43134
1.0,0.9960789,1152.2546
1.0,0.23041347,1453.7969
1.0,0.32164547,1464.8428
1.0,0.008018845,48252.45
1.0,0.9937913,776.70215
1.0,1.0,694.1576
1.0,0.12703124,663.12103
1.0,0.7088071,471.66544
1.0,0.15905875,467.40588
1.0,0.021638362,3326.147
1.0,0.044586174,174.95049
1.0,0.49440283,277.80975
1.0,0.41827312,201.08923
1.0,0.9858925,489.75684
1.0,0.61866415,4382.416
1.0,0.026761116,221.87212
1.0,0.68360496,769.6232
1.0,0.99993575,813.4757
1.0,0.012753651,16003.345
1.0,0.52096003,147.94862
1.0,1.0,1.6669658e+06
1.0,0.9996942,213.26749
1.0,0.34216022,4989.455
1.0,0.45057562,314.55432
1.0,0.31754658,164.3686
1.0,0.7567605,143.02995
1.0,0.40547,92.68619
1.0,0.17252874,221.02768
1.0,0.37447524,77.582405
1.0,0.15851761,105.32102
1.0,0.35211822,311.80914
1.0,0.24474894,9077.846
1.0,0.08811806,114.14709
1.0,0.7074777,773.7648
1.0,0.6544074,251.22469
1.0,0.9991373,494.3077
1.0,0.32874504,330.9214
1.0,0.7460286,88.12265
1.0,0.56821525,66.169556
1.0,0.14855604,142.3454
1.0,0.5176898,140.8134
1.0,0.14326538,242.05736
1.0,0.5498531,99.73498
1.0,0.2588158,253.22649
1.0,1.0,989.48834
1.0,0.021529192,612.1856
1.0,0.98720896,28903.56
1.0,0.06739804,224.61476
1.0,0.0438073,769.88605
1.0,0.27178302,81.945854
1.0,0.72903377,1095.4203
1.0,0.4966087,170.63724
1.0,0.74988365,140.72267
1.0,0.21229964,82.67213
1.0,0.4397421,1477.7273
1.0,0.47759524,183.12756
1.0,0.61068773,2015.6162
1.0,1.0,41034.094
1.0,0.10270919,121.23505
1.0,0.9999962,590.3156
1.0,0.20669319,4315.155
1.0,0.98897237,3663.9062
1.0,0.20029211,69.006165
1.0,0.99962103,113.70004
1.0,1.0,40547.63
1.0,0.17132321,178.3369
1.0,0.07661443,10826.491
1.0,0.5101913,894.6114
1.0,0.39945766,90.140915
1.0,0.6110089,85.7535
1.0,0.048481118,161.78815
1.0,0.1467276,20462.059
1.0,0.45448983,118.2694
1.0,0.44472992,114.37579
1.0,0.13552202,119.28295
1.0,0.0051655346,68845.84
1.0,0.99999654,416.7114
1.0,0.14684007,3139.6277
1.0,0.06894597,256.99066
1.0,0.376966,2366.2214
1.0,0.030270254,105.415016
1.0,0.015410076,226.15236
1.0,0.24372798,478.82965
1.0,0.1999118,229.3108
1.0,0.07834649,427.14343
1.0,0.5363217,92.77632
1.0,0.99999833,2.031523e+06
1.0,0.6080738,84.76401
1.0,0.71908534,1912.6501
1.0,1.0,5745.876
1.0,0.9999709,3861.86
1.0,0.9999994,19011.963
1.0,0.15525132,191.3233
1.0,0.9999095,250.30385
1.0,0.51297444,5401.4795
1.0,0.55228496,129.4171
1.0,0.32153496,791.48816
1.0,0.20630762,286.94708
1.0,0.22452478,66.42819
1.0,0.51829463,81.3444
1.0,0.17011182,4224.472
1.0,0.40151617,82.70358
1.0,0.08372958,301.61493
1.0,0.5581353,5386.57
1.0,0.87670565,20315.05
1.0,0.35982695,675.00775
1.0,0.07745698,65.954
1.0,0.09320934,468.54813
1.0,0.34366673,50152.117
1.0,0.047474228,8268.506
1.0,0.16928992,111.28975
1.0,1.0,3567.1975
1.0,0.4816662,134.69733
1.0,0.006384445,1982.4081
1.0,0.99999547,90.77162
1.0,1.0,1781.6038
1.0,0.15373142,32581.846
1.0,0.999997,3472.9539
1.0,0.2687794,1589.8842
1.0,0.99999964,108.54968
1.0,0.3050125,2372.5103
1.0,0.009493386,151.85568
1.0,0.93796945,70.08359
1.0,0.22959621,509.28812
1.0,0.28693998,68.84195
1.0,0.08070324,3020.4807
1.0,0.663328,7807.137
1.0,0.1643011,136.19374
1.0,0.55668163,80.43794
1.0,0.14795846,7437.8115
1.0,0.05030647,2379.2026
1.0,0.9999999,1.0066659e+06
1.0,0.3913506,385.55792
1.0,0.20970084,144.64767
1.0,1.0,1.2384034e+06
1.0,0.25657,1863.8973
1.0,0.163532,96.16193
1.0,0.017481975,82.03104
1.0,0.11748519,189.61183
1.0,0.14383027,7652.2905
1.0,0.38370955,76.79993
1.0,0.0012449649,9838.448
1.0,0.10381247,1137.5155
1.0,0.2979666,335.8973
1.0,0.99997735,142.13269
1.0,0.108200476,7894.1606
1.0,0.0047586337,3987.8845
1.0,0.09397098,111.42613
1.0,0.0258248,8150.832
1.0,0.30366686,14227.407
1.0,0.04699861,115.42553
1.0,0.14009795,69.30855
1.0,0.46548858,92.378
1.0,0.46410415,112.47152
1.0,0.24802716,773.7435
1.0,0.00014106187,7618.4014
1.0,0.109474525,4672.4478
1.0,0.9999832,2618.5464
1.0,0.969824,101.29067
1.0,0.3973949,92.56141
1.0,0.13493922,168.92245
1.0,0.028075837,10743.943
1.0,0.47104913,15320.677
1.0,0.98185354,8231.604
1.0,0.045220945,302.9094
1.0,0.066319,748.9858
1.0,0.13729797,76.99904
1.0,0.35227814,142.78087
1.0,0.09145845,167.37737
1.0,0.13993332,6048.128
1.0,0.13995905,220.03276
1.0,0.32725286,1308.4163
1.0,0.99347997,110951.24
1.0,0.98922825,80488.27
1.0,0.96317047,1724.7733
1.0,1.0,37741.066
1.0,0.28845596,1830.5751
1.0,0.99894327,1199.7732
1.0,0.50936264,168.39764
1.0,0.48641568,689.925
1.0,1.0,9112.843
1.0,0.052448306,7253.093
1.0,0.14961573,91.663055
1.0,0.35102293,5217.3774
1.0,1.0,935.4451
1.0,0.12147537,1305.2667
1.0,0.17814142,2673.8242
1.0,0.6586594,20712.19
1.0,0.9999459,63736.336
1.0,0.49440283,3309.8281
1.0,0.9999969,6522.8286
1.0,0.9999137,121.77602
1.0,0.07407037,196.88596
1.0,0.25768247,3174.5107
1.0,0.99228644,578.4778
1.0,0.51334876,7861.0513
1.0,0.17607157,319.81442
1.0,1.0,3690.2107
1.0,0.09337957,237.93935
1.0,0.38395664,93.35369
1.0,0.83891004,427.36017
1.0,0.61082387,80.10939
1.0,0.3483106,409.6745
1.0,0.00052218896,2957.056
1.0,0.029861107,865.0777
1.0,0.16923566,679.29767
1.0,0.13705823,539.2256
1.0,0.28132325,610.1962
1.0,0.03099676,4698.1045
1.0,0.52044994,2404.231
1.0,0.17700073,91.08966
1.0,0.23852202,133.85873
1.0,0.045146544,118.97048
1.0,1.0,14458.996
1.0,0.060420945,9609.68
1.0,0.2174772,338.35138
1.0,0.99999845,148.93736
1.0,0.3594872,152.8759
1.0,0.9777753,122.13762
1.0,0.66320163,119.45858
1.0,0.2914758,117.001076
1.0,0.09768506,332.49805
1.0,0.03832304,855.1877
1.0,0.27939636,4941.167
1.0,0.60081345,2276.311
1.0,0.99998724,58232.23
1.0,0.99962294,243.19365
1.0,0.71073383,69.90138
1.0,0.0027358735,2616.5046
1.0,0.58242863,87.74568
1.0,0.080423504,1081.3833
1.0,0.09829795,74.619415
1.0,1.0,7323.6323
1.0,0.39267012,482.404
1.0,0.04493834,2555.0808
1.0,0.0065020705,6918.745
1.0,0.53756833,78.76676
1.0,0.9996358,1148.2279
1.0,0.36507288,2281.4805
1.0,0.9999999,76895.51
1.0,1.0,21865.906
1.0,0.34990075,767.27264
1.0,0.6846064,10754.412
1.0,0.582863,27886.564
1.0,0.21172197,253.94482
1.0,0.09041524,65.139145
1.0,0.097309425,2832.2168
1.0,0.09203464,105.87993
1.0,0.33285892,722.83124
1.0,0.99996734,214.98938
1.0,0.054806136,518.12054
1.0,0.05741694,687.68567
1.0,0.3148681,1473.0927
1.0,0.32979417,679.0505
1.0,0.1802305,360.96936
1.0,0.14671618,351.1284
1.0,0.20457153,186.01733
1.0,0.41462198,3645.2817
1.0,0.92117304,120.19567
1.0,0.3422462,401.25482
1.0,0.09695082,246.73242
1.0,0.41264212,16633.715
1.0,0.045232855,773.8136
1.0,0.27380383,71.47566
1.0,0.19871223,373.33685
1.0,0.13956068,1735.2003
1.0,0.49440283,2188.3125
1.0,0.55632776,104.22147
1.0,0.8227587,4066.3323
1.0,1.0,7954.3765
1.0,0.57395226,169.69931
1.0,0.010068258,7514.817
1.0,0.42565656,3525.4246
1.0,0.5359266,269.88147
1.0,0.09021473,90.799385
1.0,0.7007662,184.37874
1.0,0.57711095,10694.513
1.0,0.6293537,2750.2961
1.0,0.2454822,420.15936
1.0,0.22720845,208.7685
1.0,0.9999989,3381.393
1.0,0.10781473,81.75619
1.0,0.608097,278.84174
1.0,0.9975464,2519.9253
1.0,0.5207061,2887.5012
1.0,0.17731075,469.02036
1.0,0.07950374,78283.984
1.0,0.32905993,3616.763
1.0,1.0,7845.8193
1.0,0.10408222,190.61041
1.0,0.98170805,91.122696
1.0,0.028636012,1014.1085
1.0,0.013269192,146.9311
1.0,0.12246183,11207.767
1.0,0.22323231,182.74474
1.0,0.47675896,1692.4565
1.0,0.99989104,2112.908
1.0,1.0,3052.508
1.0,0.5564457,576.76385
1.0,0.03236258,404.03064
1.0,0.17727523,1652.4023
1.0,0.104637995,1264.0089
1.0,0.1669543,957.3621
1.0,0.9998976,11442.371
1.0,0.33481896,299.9088
1.0,0.091769,442.95218
1.0,0.10048118,91.412346
1.0,0.534295,80.65682
1.0,0.38554344,227.33888
1.0,0.999841,2383.0144
1.0,0.37067297,111.10033
1.0,0.02262735,1892.3726
1.0,0.31607208,1480.397
1.0,0.28722695,1382.6333
1.0,0.30822688,510.53156
1.0,0.00033301802,7642.6343
1.0,1.0,1.0391468e+06
1.0,0.9999999,2770.1482
1.0,0.028657295,13928.144
1.0,0.16612339,20966.873
1.0,0.9989316,13982.462
1.0,0.53341424,178.07901
1.0,0.40186238,81.980995
1.0,0.45819423,147.49384
1.0,0.027268235,553.2851
1.0,0.9999994,2936.5334
1.0,0.5967055,533.10187
1.0,0.04337505,377.5035
1.0,0.3750503,231.96718
1.0,0.13642858,91.39441
1.0,0.2222273,5071.2476
1.0,0.43942228,2763.8716
1.0,0.998536,93.49071
1.0,0.62702197,72.526146
1.0,0.22421858,1280.5853
1.0,0.7122287,11763.928
1.0,0.5926454,95.490456
1.0,0.013293707,369.2894
1.0,0.60399884,114.449905
1.0,0.99999964,1804.109
1.0,0.6115721,74.72386
1.0,0.9954587,10411.396
1.0,0.09226897,4083.033
1.0,0.14539053,4596.108
1.0,0.018945912,1095.869
1.0,0.2505551,2237.4294
1.0,0.9406499,121.44361
1.0,0.08395974,98.61002
1.0,0.053341303,375.98212
1.0,0.6452005,1003.6926
1.0,0.5707951,143.35255
1.0,0.052909244,328.39642
1.0,0.08801495,65.62921
1.0,0.083904296,8474.488
1.0,0.32117957,125.817894
1.0,0.006477582,1011.62024
1.0,0.035067275,18327.713
1.0,0.99548304,22950.098
1.0,0.25574943,226.37122
1.0,0.12239132,318.07297
1.0,0.24919479,78.13813
1.0,0.43580616,144.30124
1.0,0.25396553,975.77374
1.0,0.091577016,1265.4954
1.0,1.0,4444.6553
1.0,0.12259895,193.71745
1.0,0.1260667,65.851524
1.0,0.9596168,106433.69
1.0,0.49440283,5728.245
1.0,0.09023873,72.58538
1.0,0.27573147,125.90965
1.0,0.20691143,121.28011
1.0,0.7344456,3066.122
1.0,0.15221606,100.958244
1.0,0.99999785,796.9903
1.0,0.2391215,463.4295
1.0,0.35338372,168.33313
1.0,0.2813465,1028.9097
1.0,0.99999344,65.230255
1.0,0.22451155,409.32178
1.0,0.386393,70.55022
1.0,0.012803772,1709.3491
1.0,0.36318523,19973.629
1.0,0.13404347,94.09833
1.0,0.99919206,491.98
1.0,0.022460831,14370.509
1.0,0.025853166,91.33552
1.0,0.08871787,485.27664
1.0,0.99980956,5717.3213
1.0,0.6544808,1412.6449
1.0,0.06685995,160.3959
1.0,1.0,30038.8
1.0,1.0,11501.508
1.0,1.0,51940.664
1.0,0.19686021,141.3922
1.0,0.18388157,86.306694
1.0,0.58506596,91.66066
1.0,0.16527988,462.8112
1.0,0.21518207,75.57192
1.0,0.11987882,86.825165
1.0,1.0,4688.1387
1.0,0.08371285,162.59377
1.0,0.0532034,323.17023
1.0,0.17294441,1233.478
1.0,0.15600578,271.8792
1.0,0.48193762,688.69965
1.0,0.01650231,4588.2676
1.0,0.0279888,3909.0312
1.0,0.5416553,1534.9562
1.0,0.058008164,692.0941
1.0,1.0,2266.346
1.0,0.19406223,214.43173
1.0,0.24985935,213.3607
1.0,0.8802609,955.6865
1.0,0.96545017,9906.259
1.0,0.62848824,728.1998
1.0,0.37098023,3326.2236
1.0,0.58880997,89.932625
1.0,1.0,1.8633715e+06
1.0,0.31474245,143.86153
1.0,0.34097537,450.63885
1.0,0.41463432,178.06396
1.0,0.017700315,51666.117
1.0,0.91043687,4440.953
1.0,0.27211213,530.9531
1.0,0.7090347,161.0444
1.0,0.9999956,1045.5363
1.0,0.023806544,20497.63
1.0,0.03277804,2068.3713
1.0,0.11822454,120.08618
1.0,0.083460994,203.72704
1.0,0.99997926,4800.7485
1.0,0.3495349,144.0456
1.0,0.0156167755,561.9105
1.0,0.113878384,66.341415
1.0,0.23214112,1628.5248
1.0,0.16132775,1525.0374
1.0,0.6652211,827.3678
1.0,0.8184679,5676.751
1.0,0.9999974,924.67194
1.0,0.8519891,354.8231
1.0,0.5345499,1222.7018
1.0,0.11377284,76.69401
1.0,0.12190964,7267.6167
1.0,0.015110896,31099.883
1.0,0.8673669,245.9066
1.0,0.26880938,164.66321
1.0,0.10959049,471.36725
1.0,0.18730487,879.9723
1.0,0.48634857,620.48773
1.0,0.08965886,480.40366
1.0,0.9997392,689.3049
1.0,0.25981003,81.89189
1.0,0.0022443954,20294.297
1.0,0.11200971,71.45841
1.0,0.03087763,23109.27
1.0,0.29591903,374.80496
1.0,0.6491312,628.2923
1.0,0.986893,123.25596
1.0,0.15181056,118.52465
1.0,0.46732348,859.4843
1.0,0.99573404,2793.3633
1.0,0.2972539,382.82407
1.0,0.6575156,8202.643
1.0,0.9999982,1230.9988
1.0,0.63997483,2748.4443
1.0,0.054275192,295.83823
1.0,0.49440283,3.6007e+10
1.0,0.0156004075,304.15195
1.0,0.81535614,143.85458
1.0,0.06193448,95.793045
1.0,1.0,6149.9053
1.0,0.41858533,652.7406
1.0,0.13045502,7269.8633
1.0,1.0,1.1652155e+06
1.0,0.011569677,425.6042
1.0,0.49440283,3814.8433
1.0,0.22654378,69.947945
1.0,0.024907706,395.25085
1.0,0.9351467,5282.866
1.0,0.5402577,3586.3936
1.0,0.28902376,124.84508
1.0,0.07913391,271.48978
1.0,0.5267242,400.14944
1.0,0.9999126,12352.339
1.0,0.008828859,828.3763
1.0,0.35647494,28021.64
1.0,0.46613726,10754.364
1.0,0.17052765,111.32769
1.0,0.9177914,2450.0122
1.0,0.9997415,262831.4
1.0,1.0,14650.311
1.0,0.13544822,10491.09
1.0,0.99986744,17495.625
1.0,0.03760621,746.7818
1.0,0.17519459,919.26636
1.0,0.7166235,101.366325
1.0,0.45285317,176.9478
1.0,0.13683605,76.637
1.0,0.22262642,542.4125
1.0,0.48506862,193.25624
1.0,0.6122015,222.30444
1.0,1.0,10804.547
1.0,0.06478579,424.2682
1.0,0.83664334,2368.9143
1.0,0.10417369,87.89482
1.0,0.38430208,157.16093
1.0,0.21372437,129.31262
1.0,0.33449903,287.81165
1.0,0.46157536,83.81166
1.0,0.99995863,1216.9841
1.0,0.115669556,2544.4302
1.0,0.035639044,241.47841
1.0,0.99999976,278.74057
1.0,0.131361,70.04328
1.0,0.2947578,286.20734
1.0,0.025765881,332.6936
1.0,0.132923,71.18635
1.0,0.45014125,19188.371
1.0,0.3737712,1604.4504
1.0,0.99710435,913.23236
1.0,0.6372171,91.06076
1.0,0.117201604,4573.4053
1.0,0.3867473,149.25781
1.0,0.99999595,58466.645
1.0,0.3456532,106.2848
1.0,0.8702966,6484.4043
1.0,0.39128342,68.347176
1.0,0.0022409642,53659.152
1.0,0.6348945,1788.7815
1.0,0.24237445,239.23369
1.0,0.16301186,5659.003
1.0,0.007073247,601.9475
1.0,0.45805728,21251.508
1.0,0.99997425,1602.3054
1.0,0.99970645,73.365776
1.0,1.0,27426.352
1.0,0.6534168,4959.669
1.0,0.13913529,193.76457
1.0,0.043020315,72.07824
1.0,0.46271068,5854.977
1.0,1.0,2106.959
1.0,1.0,623.97845
1.0,0.049809285,2272.488
1.0,0.26808685,104.123795
1.0,0.008658062,1310.537
1.0,0.99999726,759.2498
1.0,1.0,11318.221
1.0,0.27177414,168.89203
1.0,0.5500047,217.85233
1.0,0.3912582,379.66458
1.0,0.17073515,705.02905
1.0,0.99989164,179.44153
1.0,0.009421579,1136.7614
1.0,0.8551629,71.52991
1.0,0.43593702,1156.575
1.0,0.16856739,68.15051
1.0,0.1593302,105.13062
1.0,0.2534214,158.25902
1.0,0.15055121,194.24362
1.0,0.055543695,135.50658
1.0,0.010630326,284.7472
1.0,0.20835783,192.22554
1.0,0.06273873,23265.867
1.0,1.0,2910.006
1.0,0.49440283,828.05896
1.0,0.9764215,1703.843
1.0,0.36619803,199.82239
1.0,0.9871907,243.87898
1.0,0.2490026,2482.694
1.0,0.9999931,22417.979
1.0,0.99999166,110.14663
1.0,1.0,15615.961
1.0,0.91168493,2570.773
1.0,1.0,23168.744
1.0,0.13448362,85.91362
1.0,0.09105878,168.37694
1.0,0.966674,20754.803
1.0,0.3978514,82.793686
1.0,0.36111796,223.14175
1.0,0.20712137,14896.354
1.0,0.011182127,1999.1643
1.0,0.017416043,2504.6138
1.0,0.49327296,401.36584
1.0,0.15598173,1952.9254
1.0,0.9999999,968.63525
1.0,0.22509065,187.03569
1.0,0.6153247,149.36905
1.0,0.49216172,282.7193
1.0,0.3596123,546.0521
1.0,0.9965335,1635.8661
1.0,0.49440283,3748.4365
1.0,0.114992775,5148.3267
1.0,0.609471,2297.0278
1.0,0.9999851,274.83112
1.0,0.43751,104.84958
1.0,0.09346877,300.3382
1.0,0.28778604,391.37082
1.0,0.9998498,667.9647
1.0,0.9188361,690.5093
1.0,1.0,3417.0688
1.0,0.54449254,472.66806
1.0,0.49440283,102.913284
1.0,0.5511254,75.70152
1.0,0.4358249,774.33075
1.0,0.44908115,12300.666
1.0,0.9999999,7364.2393
1.0,0.034383133,15810.445
1.0,0.18208282,81.75919
1.0,0.41641736,92.24474
1.0,0.12790957,88.46954
1.0,0.09781123,4082.3
1.0,0.8283367,5393.9854
1.0,0.46828946,66.62248
1.0,0.003381078,3703.624
1.0,0.9942311,110.671715
1.0,0.02423003,1844.3198
1.0,0.05028711,6992.4336
1.0,0.067903325,68.07377
1.0,0.9975011,96.308716
1.0,0.7680809,5662.6265
1.0,0.99998,478.47675
1.0,0.49440283,76.93718
1.0,0.46982417,372.91388
1.0,0.49440283,152.60323
1.0,0.90113974,2677.107
1.0,0.23754032,96.85715
1.0,0.27961448,14248.699
1.0,0.37200147,147.70476
1.0,0.28067246,168.69244
1.0,0.36833587,67.29331
1.0,0.05903567,5293.945
1.0,0.23933017,299.9472
1.0,0.25895745,1244.3186
1.0,0.95400554,692.34265
1.0,0.46880195,77.89867
1.0,0.44615272,73.03557
1.0,0.53674,75.55786
1.0,0.03439748,255.65837
1.0,0.11821041,82.67162
1.0,0.9740616,71.10297
1.0,0.48839954,230.41573
1.0,0.8028894,81.78923
1.0,0.94815534,109.74531
1.0,0.8063823,3136.7852
1.0,0.29745078,1660.3771
1.0,0.048243836,2068.651
1.0,0.019099645,4044.9226
1.0,0.6174771,72.17171
1.0,0.54401696,173.58272
1.0,1.0,1.3194728e+06
1.0,0.99996984,25957.61
1.0,0.1179248,80.292015
1.0,0.43454194,76.73404
1.0,0.04223331,1826.9398
1.0,0.7882427,104.08819
1.0,0.80428684,2284.3818
1.0,0.12409624,67.13818
1.0,0.10692651,3825.3457
1.0,0.19464594,2830.577
1.0,0.07517364,18911.738
1.0,0.01418061,3710.9346
1.0,0.015714172,1102.4886
1.0,0.29055482,815.71216
1.0,0.15019144,104.4006
1.0,0.3761093,276.78024
1.0,0.1268584,416.40222
1.0,0.1268584,416.40222
1.0,0.42388785,135.95857
1.0,0.4780593,289.37076
1.0,0.54825276,76.02032
1.0,0.058648784,5531.904
1.0,1.0,1160.5756
1.0,0.16813405,1230.151
1.0,0.49440283,1354.6523
1.0,0.42296273,73.07532
1.0,0.6471683,2543.8938
1.0,0.14634587,115.34609
1.0,1.0,7249.263
1.0,0.99999976,9099.999
1.0,0.99999976,131.44235
1.0,0.999323,459.65118
1.0,0.21265623,16730.588
1.0,0.48376238,151.79059
1.0,0.5201293,1580.2427
1.0,0.3199822,869.9702
1.0,0.34234625,190.17456
1.0,0.1564937,6528.589
1.0,0.038819388,94.906586
1.0,0.36257014,273.85428
1.0,0.059655882,104.20946
1.0,0.98571646,926.26013
1.0,0.552501,88.006256
1.0,0.6572749,1787.7703
1.0,0.47886327,92.36785
1.0,0.36343566,16161.486
1.0,0.14327344,143.75954
1.0,0.99999595,407.75183
1.0,1.0,2.574643e+06
1.0,1.0,5876.4165
1.0,0.9999995,1504.4052
1.0,0.17215274,59798.133
1.0,0.19975097,67.69835
1.0,0.5013197,83.59675
1.0,0.9997967,20722.652
1.0,0.49440283,230.374
1.0,0.5901189,56940.484
1.0,0.002006607,1345.4214
1.0,0.5134682,5723.3447
1.0,0.09044281,173.10605
1.0,0.057549994,177.71414
1.0,0.36808613,503.02832
1.0,0.99999905,70398.86
1.0,0.022297068,658.7792
1.0,0.15992583,8624.733
1.0,0.7375898,82.841156
1.0,0.39946693,394.18625
1.0,0.55861914,268.59924
1.0,0.8903586,164.80855
1.0,0.44561487,321.5727
1.0,0.9998348,1731.7905
1.0,0.7580435,121.41634
1.0,0.46371797,236.74936
1.0,0.4865657,115.36794
1.0,0.07061201,81.64549
1.0,0.010078857,111.1024
1.0,0.6656203,115.969925
1.0,0.9999989,15657.904
1.0,0.5198668,1133.5084
1.0,0.2571588,86.74902
1.0,0.9998043,1003.0757
1.0,0.9999722,7523.093
1.0,0.016066546,188.602
1.0,0.29866737,104.25283
1.0,1.0,8120.836
1.0,0.2766284,986.9239
1.0,0.786105,120.107544
1.0,0.028664222,464.5286
1.0,0.3127808,72.012764
1.0,0.900835,340.26627
1.0,1.0,172.67136
1.0,0.66622657,5969.2354
1.0,0.03428996,97.891525
1.0,0.0022543513,1245.7389
1.0,0.7806476,94.05931
1.0,0.77129966,298.78018
1.0,0.14026202,722.7404
1.0,0.9999974,3918.812
1.0,0.032136466,4468.9634
1.0,0.16934961,449.38385
1.0,0.9999409,7919.6147
1.0,0.9999963,3204.6208
1.0,0.91062695,160.561
1.0,0.5983722,1172.8944
1.0,0.01062809,2873.4592
1.0,0.17006499,1176.9573
1.0,0.9828142,6968.115
1.0,0.99807346,683.258
1.0,0.112658404,12164.038
1.0,0.04877164,1678.5898
1.0,0.04333992,1613.4431
1.0,0.054947592,87.77878
1.0,0.0012574362,733.9865
1.0,0.48468092,1148.9783
1.0,0.6534269,209.29521
1.0,0.3357472,68.592026
1.0,0.05345445,2697.3767
1.0,0.0099326195,2270.7432
1.0,0.33986896,73.60557
1.0,0.041823506,11474.629
1.0,0.42152599,70971.695
1.0,0.048521675,688.6452
1.0,0.533826,519.32227
1.0,0.0049352515,1837.8492
1.0,0.19560674,1633.2037
1.0,0.117093496,272.78326
1.0,0.047840327,1122.1766
1.0,0.8236347,1550.5618
1.0,0.008719013,2144.7305
1.0,0.29183644,1370.3967
1.0,1.0,6711.814
1.0,0.2838113,3127.9463
1.0,0.42176232,867.939
1.0,0.5980652,74.30583
1.0,0.6431321,1756.7385
1.0,0.18223558,91.98146
1.0,0.72529995,159.05685
1.0,0.50109637,96.32165
1.0,0.5907031,1731.6593
1.0,0.603368,523.2865
1.0,0.99914324,1871.796
1.0,0.5073631,80.501816
1.0,0.15823565,66.054245
1.0,0.34301817,577.3135
1.0,0.22951464,146.24861
1.0,0.9051475,128.93665
1.0,0.99265337,136.74281
1.0,0.69662094,76.552734
1.0,0.20915927,839.99756
1.0,0.98082674,14169.478
1.0,0.1432591,82.61287
1.0,0.08659308,71.616234
1.0,0.6337839,482.11646
1.0,0.11705222,92.32917
1.0,0.117908925,1521.3948
1.0,0.18665567,754.86224
1.0,0.99995375,613.67523
1.0,0.39626625,93.04055
1.0,0.5350516,162.1438
1.0,0.06509231,160.12079
1.0,0.08749762,109.914314
1.0,0.5454264,1926.6969
1.0,0.023343323,49617.496
1.0,0.34690982,277.80228
1.0,0.24797525,73.09002
1.0,0.94314355,501.3499
1.0,0.96704435,34703.996
1.0,0.7069712,1516.1129
1.0,0.999992,13894.983
1.0,0.22397985,311.55862
1.0,0.98329526,237.92473
1.0,0.46250615,1331.694
1.0,0.015585241,128.12097
1.0,0.1213508,3868.5376
1.0,0.073566526,94.80957
1.0,0.0035937033,1137.4574
1.0,0.9999956,9002.539
1.0,0.5122855,130.98322
1.0,0.9992055,1834.1945
1.0,0.9810523,256.27765
1.0,0.47590965,1237.2604
1.0,0.9999976,3821.2864
1.0,0.99998236,96.94056
1.0,0.15842758,193.11594
1.0,0.02517756,1.3418136e+06
1.0,0.46907008,13544.218
1.0,0.090089455,368.63495
1.0,0.96636623,745.3704
1.0,0.3169273,5346.9756
1.0,0.1797195,937.59625
1.0,0.99999964,6230.1255
1.0,0.4534209,1677.8159
1.0,0.7567085,199.00179
1.0,0.2720458,68.75454
1.0,0.094300784,886.22327
1.0,0.52913713,1224.8059
1.0,0.21424279,269.49817
1.0,0.45936048,221.77725
1.0,0.9999995,184.57733
1.0,0.14212368,973.87555
1.0,0.14212368,973.87555
1.0,0.9888045,83.76775
1.0,0.033002965,1057.5463
1.0,0.28866082,91.46954
1.0,0.49414292,673.2303
1.0,0.5423145,142.28853
1.0,0.9997787,2343.1138
1.0,0.6520116,86.603424
1.0,0.98462534,173.92316
1.0,1.0,268.36932
1.0,0.07794237,107.95505
1.0,0.9726648,4406.2603
1.0,0.32126933,108.68767
1.0,0.15685971,122.35244
1.0,0.5942847,3070.225
1.0,0.85556555,42215.79
1.0,0.3011287,365.88608
1.0,0.02491253,290.3277
1.0,0.007834507,6400.668
1.0,0.5559772,116.79322
1.0,0.99999654,26968.229
1.0,0.15419136,1963.3915
1.0,0.73929083,100.72695
1.0,0.47834483,94.07586
1.0,0.053730667,121.54079
1.0,0.34572336,669.0301
1.0,0.11594182,6350.9727
1.0,0.08819838,90.46893
1.0,0.19450845,356.9458
1.0,0.2466142,367.34244
1.0,1.0,2.9502002e+06
1.0,0.07875598,1404.0135
1.0,1.0,1.4340151e+06
1.0,0.5009727,96.119545
1.0,0.6069325,108.69178
1.0,0.99766135,953.16626
1.0,0.049286112,656.08673
1.0,1.0,200.52625
1.0,0.010876514,16388.98
1.0,1.0,3733.2847
1.0,0.14104302,904.53314
1.0,0.36963573,65.32665
1.0,0.09695527,1739.7673
1.0,0.27977958,67.14029
1.0,0.0789617,11186.24
1.0,0.011857008,1551.5605
1.0,0.9999914,420.1522
1.0,0.2195043,1865.8066
1.0,0.22835524,121.84536
1.0,0.06414913,15976.08
1.0,1.0,2048.69
1.0,0.08212041,94.47832
1.0,0.056429543,10549.723
1.0,0.19325966,163.88583
1.0,0.27615982,137.45459
1.0,1.0,12760.631
1.0,0.83115786,3409.2947
1.0,0.13724032,378.11993
1.0,0.12690537,83.778244
1.0,0.91762215,7460.586
1.0,0.0955328,69.40528
1.0,0.08217823,244.21419
1.0,0.14290997,669.9762
1.0,0.49440283,240.43288
1.0,0.10643926,81.83765
1.0,0.47918907,2005.2999
1.0,0.9858541,160.33014
1.0,0.11887269,13373.277
1.0,0.06391941,348.4301
1.0,0.2124018,245.10199
1.0,0.20851207,134.20877
1.0,0.9609996,1384.1287
1.0,0.4242975,1986.6766
1.0,0.043681342,39244.566
1.0,0.5057969,1546.5526
1.0,0.4474981,16332.288
1.0,0.025388185,18317.572
1.0,0.012192151,327.74445
1.0,0.586606,137.12733
1.0,0.58020216,113.67002
1.0,0.022841712,1002.10205
1.0,0.22765753,3091.8076
1.0,0.27845755,3904.208
1.0,0.28880703,682.9726
1.0,0.9981217,97.1686
1.0,0.085682206,85.14756
1.0,0.17916262,76.01268
1.0,0.2313232,535.0381
1.0,0.7840734,81.76234
1.0,0.9999143,5260.504
1.0,0.1734716,509.25653
1.0,0.66172206,117.1938
1.0,1.0,17648.193
1.0,0.46415117,46896.215
1.0,0.015844885,1404.1592
1.0,0.53391343,235.15959
1.0,0.29735306,227.81201
1.0,0.2437197,73.133385
1.0,0.084334046,1469.4733
1.0,1.0,61633.57
1.0,0.7445176,660.148
1.0,0.11848738,155.05574
1.0,0.3078441,3380.3647
1.0,0.44949755,227.44275
1.0,0.9976533,291.0829
1.0,0.18011974,487.59137
1.0,0.009700828,974.1622
1.0,0.17653291,98.56388
1.0,0.114896536,12009.054
1.0,0.25038433,79.7549
1.0,0.4525519,120.442116
1.0,0.012390954,675.9196
1.0,0.9639873,19468.066
1.0,0.014586491,19284.174
1.0,0.6458803,117.31559
1.0,0.48066303,165.34059
1.0,0.9999294,181.70305
1.0,0.6146699,74.62326
1.0,0.42448294,103.471855
1.0,0.24430406,274.98535
1.0,0.21856543,391.65088
1.0,0.6743338,509.2579
1.0,0.60609597,232.6763
1.0,1.0,581.9126
1.0,0.2668839,233.70915
1.0,0.28553265,602.88574
1.0,0.11550626,6424.561
1.0,0.7027277,5797.835
1.0,0.9044165,76.50942
1.0,0.5467407,75.785095
1.0,0.5098247,80.52973
1.0,0.99994075,3853.1416
1.0,0.5126858,1307.1204
1.0,0.7356573,734.31415
1.0,0.046583403,24488.451
1.0,0.25017124,133.66621
1.0,0.62917155,82.0839
1.0,0.12534799,71.71581
1.0,0.9999069,9007.765
1.0,0.33835334,2486.6716
1.0,0.9996971,4318.864
1.0,0.46231976,112.47597
1.0,0.08241732,74.72403
1.0,0.07218619,319.1581
1.0,0.13666587,135.79797
1.0,0.1377916,283.43945
1.0,0.39203903,88.87739
1.0,0.99999857,110.33533
1.0,0.32285482,73.88858
1.0,0.75407237,2682.5415
1.0,0.9232766,86.24661
1.0,0.18153074,76.65436
1.0,0.5505684,88.11668
1.0,0.3822316,251.37506
1.0,0.6070849,528.4395
1.0,1.0,723.69763
1.0,0.6931651,5740.504
1.0,0.5811601,2127.6792
1.0,0.99996984,42684.105
1.0,0.047681853,105.67262
1.0,0.4955537,70.83459
1.0,0.15518789,547.8101
1.0,0.19389126,655.3661
1.0,0.8568687,527.58673
1.0,0.010695443,1884.1791
1.0,0.63772666,6320.2744
1.0,0.54295886,86.225876
1.0,0.044277307,101.81003
1.0,0.20498297,380.86868
1.0,0.2514465,172.85687
1.0,0.03818257,2.6281206e+08
1.0,0.07609981,674.2837
1.0,0.8937425,28559.68
1.0,0.40194246,119.70003
1.0,0.6124947,99.069336
1.0,0.066189736,130.53456
1.0,0.82810694,2615.6687
1.0,0.15414691,145.0409
1.0,1.0,95.06276
1.0,0.029842848,115.26956
1.0,0.00018306173,1659.5697
1.0,0.55704206,5078.101
1.0,0.109513834,78.86137
1.0,0.15719204,4330.8086
1.0,0.572471,72.407936
1.0,0.119203694,76.77717
1.0,0.010785834,488.12003
1.0,0.31337056,70.800995
1.0,0.30968362,2933.1404
1.0,0.19056764,118.350525
1.0,0.49440283,427.20956
1.0,0.04464625,553.55005
1.0,0.41580945,78.36706
1.0,0.572134,131.39314
1.0,0.44716027,10795.641
1.0,0.11363756,722.38855
1.0,0.0069810497,1163.422
1.0,0.9999882,138.22986
1.0,0.069119565,2989.4753
1.0,0.62300426,9182.294
1.0,0.28130165,489.8125
1.0,1.0,4355.1035
1.0,0.113855265,3985.0876
1.0,0.62710345,889.6902
1.0,0.027461264,1262.965
1.0,0.7198042,30323.684
1.0,0.11877499,803.0357
1.0,1.0,34546.227
1.0,0.86825854,2040.4714
1.0,0.99867404,376.99216
1.0,0.17357096,90.57179
1.0,0.12093169,88.3893
1.0,0.6317041,128.72835
1.0,0.099443935,1935.172
1.0,0.9999994,6799.569
1.0,0.47867057,794.741
1.0,0.051147785,141.19548
1.0,0.8872747,28040.322
1.0,0.012696693,4612.158
1.0,0.9999999,98.01854
1.0,0.0018120791,2260.7861
1.0,0.10066288,223.51643
1.0,0.19739099,274.48297
1.0,0.39857864,3826.9253
1.0,0.9999864,71.20492
1.0,0.15287964,87.34603
1.0,0.15341316,102.175934
1.0,0.0694921,562.42377
1.0,0.20593485,90.88603
1.0,0.07161226,176.83398
1.0,0.1343185,77.75686
1.0,0.5055487,77.92322
1.0,0.043614753,710.8801
1.0,0.1715328,80.986374
1.0,0.42278555,2634.485
1.0,0.2258867,70.92519
1.0,0.54548293,84.65375
1.0,0.99988997,10294.543
1.0,1.0,165.80516
1.0,0.31588402,173.70293
1.0,0.4142359,940.4372
1.0,0.8288552,3259.6284
1.0,0.0012715327,3871.75
1.0,0.99998665,4357.4736
1.0,0.07615767,23085.0
1.0,0.360133,248.06355
1.0,0.30939853,214.81854
1.0,0.07914919,3179.9526
1.0,0.40701059,541.8711
1.0,0.12196332,935.92645
1.0,0.18258202,3884.7097
1.0,0.38384435,748.2468
1.0,0.067689046,67.07769
1.0,0.99929285,966.4055
1.0,0.95098585,395.7048
1.0,0.2878019,71.1525
1.0,0.20283441,1307.1053
1.0,0.6706333,69.103935
1.0,0.16429938,1299.5397
1.0,0.74323833,115.43643
1.0,0.98499507,451.56232
1.0,0.98122025,489.36578
1.0,0.3747683,91.7041
1.0,0.19012089,791.8649
1.0,0.4250449,3280.0508
1.0,0.031976756,1441.2793
1.0,0.19016331,1147.9285
1.0,0.64666,205.67642
1.0,0.24827546,2604.0706
1.0,0.53724205,69.588295
1.0,0.10265889,179.68037
1.0,0.2974408,48635.414
1.0,0.5847534,669.5151
1.0,0.49440283,452.4626
1.0,0.9961597,93777.44
1.0,0.0023007821,3895.582
1.0,0.107354626,579.18353
1.0,0.61720014,89.23751
1.0,0.009799063,1359.9241
1.0,0.9086346,179.5717
1.0,0.99999344,2734.1655
1.0,0.52390283,401.01413
1.0,0.048564687,269.7797
1.0,0.30438888,84.4064
1.0,0.075647935,756.6093
1.0,0.76640874,187.44089
1.0,0.9988238,109.01179
1.0,0.7767185,98.53291
1.0,0.077424124,177.79973
1.0,0.45869014,98.27701
1.0,4.644316e-05,2154.7808
1.0,0.34795922,1592.593
1.0,0.5150798,286.2707
1.0,0.6769295,95.0749
1.0,0.53998595,122.53056
1.0,0.048860326,5499.7915
1.0,0.49816167,211.54662
1.0,0.49440283,637.45013
1.0,0.3621386,84.84788
1.0,0.4880814,73.05033
1.0,0.29114407,4177.5356
1.0,0.24419187,66.23021
1.0,0.34195808,210.38625
1.0,0.1708725,287.86172
1.0,0.99832004,827.3601
1.0,0.8090356,2705.6135
1.0,0.08392357,102.03239
1.0,0.5263631,651755.94
1.0,1.0,205.05577
1.0,0.87239325,10541.085
1.0,0.3684538,692.7312
1.0,0.9720551,26956.594
1.0,0.9793952,25821.705
1.0,0.79733586,1710.5873
1.0,0.088912465,266.78333
1.0,0.20409778,230.91643
1.0,0.5608216,179.30444
1.0,0.005069345,5928.791
1.0,0.8682941,496.38855
1.0,0.09792992,320.96014
1.0,0.16690336,70.673546
1.0,0.6206457,25029.04
1.0,1.0,1131.3823
1.0,0.030056747,888.4909
1.0,0.4802882,172.83467
1.0,0.9984301,844866.94
1.0,0.48791492,254.60733
1.0,0.9846597,9140.104
1.0,0.99999976,5201.291
1.0,0.3715674,139.83275
1.0,0.46997046,208.54214
1.0,1.0,1.4586542e+06
1.0,0.5562365,67.7339
1.0,0.99669313,2100.7314
1.0,0.56529164,15759.82
1.0,0.67774373,79.29437
1.0,0.9999106,627.7159
1.0,0.99993074,184.11989
1.0,0.99156934,773.0608
1.0,0.03509444,221.96007
1.0,0.48562604,537.86176
1.0,0.5930436,410.86978
1.0,0.9655164,192.18303
1.0,0.8159129,986.431
1.0,0.017363155,502.7241
1.0,0.02411625,935.8062
1.0,0.54358214,9349.974
1.0,0.7332026,5225.323
1.0,0.06484038,11639.164
1.0,0.179953,1512.9592
1.0,1.0,493.78018
1.0,0.004960628,2830.3533
1.0,0.80843735,863.51855
1.0,0.99999213,173.93242
1.0,1.0,4083.3962
1.0,0.31216985,217.6381
1.0,0.0020924052,1626.0592
1.0,0.9981402,1995.4954
1.0,0.12554918,990.3829
1.0,0.5306957,330.9935
1.0,0.88626516,118.92863
1.0,0.9489765,4225.507
1.0,0.07236794,169.51643
1.0,0.21732019,909.70874
1.0,0.08271813,631.914
1.0,0.97464037,96.995926
1.0,0.00065079634,1339.3813
1.0,0.13373502,79.35683
1.0,0.25209302,92.67515
1.0,0.03585269,183.24432
1.0,0.21750368,208.42975
1.0,0.55652475,677.1987
1.0,1.0,6831.1997
1.0,0.08263916,253.44511
1.0,0.0051115006,309.41898
1.0,0.1782642,754.4218
1.0,0.9990939,11745.085
1.0,0.013116296,74.05197
1.0,0.46940926,349.525
1.0,0.12078557,90.0551
1.0,0.25885704,296.49313
1.0,0.29732946,1660.1356
1.0,0.3237096,248.75946
1.0,0.31736755,271.95206
1.0,0.9999993,10288.95
1.0,1.0,11970.784
1.0,0.17293899,90.86149
1.0,1.0,3178.307
1.0,0.13286795,377.8041
1.0,0.30926058,103.11444
1.0,0.49399838,542.7404
1.0,0.022116847,6494.4297
1.0,0.0108762365,502.80524
1.0,0.2281787,308.1302
1.0,0.14785779,129.26422
1.0,0.98194855,2719.219
1.0,0.0059212907,4406.212
1.0,0.20690411,212.36719
1.0,0.58404654,214.25534
1.0,0.8958319,171.9379
1.0,0.13230819,1771.3451
1.0,0.8532316,593.416
1.0,0.8450331,425.60608
1.0,0.31365705,65.1066
1.0,0.9989428,73.70188
1.0,0.99996877,1619.401
1.0,0.5114156,4405.0557
1.0,0.11648344,134.86893
1.0,0.78674257,510.94794
1.0,0.5780546,225.45941
1.0,0.59275305,3807.161
1.0,0.5350234,145.21027
1.0,0.0067101493,1367.4381
1.0,0.9995431,373.79214
1.0,0.50278956,68.90996
1.0,0.46246243,90.24806
1.0,0.28841403,77.68816
1.0,0.020566246,2060.1035
1.0,0.060781103,92.1224
1.0,0.83466214,4872.606
1.0,0.68562496,121.88216
1.0,0.10078315,122.966354
1.0,0.24428579,7091.3047
1.0,0.7667911,4836.378
1.0,0.26676857,1280.0216
1.0,0.23397504,136.63101
1.0,0.580103,111.42724
1.0,0.06228867,2984.5496
1.0,0.9857556,10313.199
1.0,0.5083213,2290.1982
1.0,0.48040962,8276.436
1.0,0.28806913,82.946846
1.0,0.048808612,1170.0858
1.0,0.031450603,163.55014
1.0,0.23613226,21471.387
1.0,0.0068619773,1210.3009
1.0,0.22748521,174.8514
1.0,0.43693334,75.894554
1.0,0.22114359,125.425766
1.0,1.0,2100.2898
1.0,1.0,6.4786545e+06
1.0,0.21659423,208.5615
1.0,0.5377456,621.8183
1.0,0.2463778,1185.8439
1.0,0.07056389,276.4961
1.0,0.085612975,171.41783
1.0,0.9999999,136.77623
1.0,0.36465657,1829.1185
1.0,0.10996595,170.6673
1.0,0.09003979,97.37074
1.0,0.006397392,23048.658
1.0,0.080245495,390.7107
1.0,0.5326798,1323.5623
1.0,0.103250265,128.56105
1.0,0.3315513,93.26978
1.0,0.14211608,776.24603
1.0,0.3237193,1953.8348
1.0,0.7989798,115.78741
1.0,0.14970282,305.99606
1.0,1.0,3849.262
1.0,0.14687324,87.65721
1.0,0.27266288,2429.7932
1.0,0.47514117,202.6999
1.0,0.033070806,8268.171
1.0,0.16981418,1405.7596
1.0,0.2877583,74.5309
1.0,0.99977905,33972.758
1.0,0.27481416,192.8082
1.0,1.0,3051.1191
1.0,0.23202203,112.760605
1.0,1.0,9877.934
1.0,0.49440283,14654.719
1.0,0.038364973,188.1822
1.0,0.9999995,183.59332
1.0,0.9809518,95317.305
1.0,1.0,2134.7998
1.0,0.7062721,1884.5784
1.0,0.92022085,104.67003
1.0,0.5518585,1072.7534
1.0,0.20473754,72.112144
1.0,0.055505175,258.01953
1.0,0.03827758,2604.814
1.0,0.89379084,1285.3593
1.0,0.57273835,812.5023
1.0,0.04331002,691.9034
1.0,0.27062964,133.12225
1.0,0.101771064,504.34286
1.0,0.014762357,1564.1873
1.0,0.40103155,5594.1616
1.0,0.2316173,91.77476
1.0,0.015983177,66031.586
1.0,0.49440283,391.733
1.0,0.0042725103,28140.807
1.0,0.4619993,261.0649
1.0,0.53520954,110.066475
1.0,0.9999951,4527.0435
1.0,0.999967,1450.4884
1.0,1.0,421.71548
1.0,0.26481527,2363.478
1.0,0.5045478,1084.1401
1.0,0.9999889,151.4563
1.0,0.9451109,847.3846
1.0,0.18499205,101.03576
1.0,0.080729365,1655.1024
1.0,0.58679515,116.9368
1.0,0.28900415,2438.7979
1.0,0.2632445,456.06137
1.0,0.23172987,1858.4882
1.0,0.3481225,233.91336
1.0,0.9994899,19027.771
1.0,0.46097067,7987.634
1.0,0.0033790602,1445.4988
1.0,0.33147338,1354.7445
1.0,0.22014825,434.85577
1.0,0.9967771,80.60152
1.0,0.5951208,133.72243
1.0,0.004977131,12006.312
1.0,0.7773823,120.192635
1.0,0.9992816,5274.6333
1.0,0.40889984,725.0067
1.0,0.3879957,281.41208
1.0,0.50589377,938.6082
1.0,0.009101347,934.017
1.0,0.53582704,95.71924
1.0,0.2601466,3524.1455
1.0,0.10487845,675.8209
1.0,0.9862048,167.20341
1.0,0.54885066,138.41795
1.0,0.09829303,393.48422
1.0,0.48924908,516.1718
1.0,0.9999995,18718.217
1.0,0.6796376,79.52525
1.0,0.6086085,6601.9736
1.0,0.85611075,231.54147
1.0,0.20924361,84.51249
1.0,0.14766112,242.85118
1.0,0.53647846,90.25664
1.0,0.11529229,502.3914
1.0,0.011164594,24467.22
1.0,0.002476989,995.75775
1.0,0.16087168,66.714714
1.0,1.0,4892.782
1.0,0.64174545,101.250534
1.0,0.27501556,131.98698
1.0,0.64039594,1407.8093
1.0,0.6808941,152.86449
1.0,0.028230416,91.36596
1.0,0.2739798,94.98459
1.0,0.114071704,85.76311
1.0,0.7265204,657.8078
1.0,1.0,366.07294
1.0,0.21859837,406.75467
1.0,0.9476123,560.8356
1.0,0.0893617,1091.6113
1.0,0.45193318,413.34482
1.0,0.7036532,132.72157
1.0,0.9999999,110.949905
1.0,0.2954659,130.26096
1.0,0.6788377,145.63794
1.0,0.6329246,85.27274
1.0,0.49440283,599.3995
1.0,1.0,2022.727
1.0,0.4859884,468.07944
1.0,0.09947779,66.10725
1.0,0.33657205,2148.813
1.0,0.073777445,1928.4514
1.0,0.9970795,117.77491
1.0,0.20641552,25136.445
1.0,0.36795172,93.58129
1.0,0.5298601,557.6206
1.0,0.049156226,121.19632
1.0,1.0,230.2267
1.0,0.5860758,78.841866
1.0,0.075595066,4997.761
1.0,0.22563927,97.184715
1.0,0.20431666,607.3468
1.0,0.9999882,443.61093
1.0,0.08322014,9484.866
1.0,0.15143485,162.52675
1.0,0.9887889,1254.9202
1.0,0.06870621,143.68048
1.0,0.13344373,1120.5441
1.0,0.27881044,432.91998
1.0,0.64367306,1042.814
1.0,1.0,2.4015055e+06
1.0,0.010463787,495.3476
1.0,0.009354405,466.4572
1.0,0.12009279,186.62276
1.0,0.44376642,78.13204
1.0,0.23158921,74.38738
1.0,0.9001308,1077.1925
1.0,0.9992544,2039.1255
1.0,0.3112678,109.655396
1.0,0.17831846,3019.4065
1.0,0.99910647,3913.8027
1.0,0.99985385,195.50053
1.0,0.07450231,18022.975
1.0,0.26538733,511.46628
1.0,0.36484197,357.73227
1.0,0.49730107,469.41086
1.0,0.1031243,7186.794
1.0,0.029590584,4034.176
1.0,0.18890607,641.6454
1.0,0.17889866,1411.8433
1.0,0.010868745,2774.5999
1.0,0.7485108,93.138824
1.0,0.25887698,214.59566
1.0,0.9644921,450.59506
1.0,0.60811156,2106.1658
1.0,1.0,2801.026
1.0,0.9993625,192.98346
1.0,0.1376511,549.9972
1.0,0.20163365,74.17529
1.0,0.99935657,495.15918
1.0,0.63878024,95.02353
1.0,0.98270375,174.75237
1.0,0.49440283,5139.578
1.0,0.005043653,50614.965
1.0,0.40185803,88.00563
1.0,0.20713407,112.67064
1.0,0.0015549978,1090.9679
1.0,0.21826264,388.44028
1.0,0.44318372,82.47007
1.0,0.028384589,106.464714
1.0,0.0077213463,2532.6013
1.0,0.58302546,105.6844
1.0,1.0,118101.69
1.0,0.021594685,619.27997
1.0,1.0,1695.652
1.0,0.1240041,6323.304
1.0,0.49440283,3081.8264
1.0,0.70476454,105.67982
1.0,0.13973287,181.69208
1.0,0.35481858,720.59784
1.0,0.032158554,123.132324
1.0,0.999435,182.16698
1.0,0.15178806,269.44492
1.0,0.00093198614,4963.5396
1.0,0.68248427,246.28963
1.0,0.8324685,1883.0995
1.0,0.085215375,4883.4033
1.0,1.0,5250.32
1.0,0.5698749,905.1267
1.0,0.058673825,618.25037
1.0,0.873217,2906.2288
1.0,0.65924007,920.682
1.0,0.11927735,148.75064
1.0,0.17687851,399.1209
1.0,0.09547703,472.80197
1.0,0.009187046,202.35556
1.0,0.46900266,1219.2424
1.0,0.9999777,2464.135
1.0,0.14240111,259.05307
1.0,0.2079596,257.2374
1.0,0.6516908,2407.0862
1.0,0.09821263,99.07744
1.0,0.9999993,16921.742
1.0,0.0678163,2378.2312
1.0,0.77956086,161.37177
1.0,0.38354087,67.801895
1.0,0.99998975,6.9342515e+06
1.0,0.49440283,712.9723
1.0,0.1603041,2831.9338
1.0,0.9505437,78.659424
1.0,0.99999976,85.607735
1.0,1.0,1071.0963
1.0,1.0,10685.111
1.0,0.99998534,907.1339
1.0,0.39043412,205.20961
1.0,0.9989452,1000.5453
1.0,0.49440283,2316.254
1.0,0.009160434,1399.607
1.0,0.2921028,104.28958
1.0,0.5155877,216.57782
1.0,0.9907074,2044.0446
1.0,0.48762336,227.02086
1.0,0.44530156,1121.8921
1.0,0.88851935,4337.823
1.0,0.0014904878,818.7301
1.0,0.23769186,94.03034
1.0,0.72823095,151.86118
1.0,0.34592387,883.03894
1.0,0.059562493,69.6686
1.0,0.85060304,478.08185
1.0,0.54155797,664.0777
1.0,0.08658848,81.245636
1.0,0.60090685,315.9281
1.0,0.481205,447.13684
1.0,0.0570778,141.99037
1.0,0.057077773,141.99037
1.0,0.9245347,1850.2565
1.0,0.5458914,109.31784
1.0,0.6010853,430.85297
1.0,0.21662216,100.145035
1.0,0.18116027,1217.1478
1.0,0.49998593,5453.4307
1.0,0.0395725,194.8493
1.0,0.33317262,719.0977
1.0,0.24115273,270.82495
1.0,0.43193302,189.43579
1.0,0.9995975,2007.1216
1.0,0.020916872,447.02298
1.0,0.4996906,1488.6976
1.0,0.16432391,65.51086
1.0,0.09482259,97.538925
1.0,0.6181313,81.13862
1.0,0.47515765,149.72823
1.0,0.56646854,162.67769
1.0,0.99997663,1377.5239
1.0,0.056994326,902.8122
1.0,0.47764263,915.6717
1.0,0.9921887,2998.5386
1.0,0.16134891,33285.93
1.0,0.9881627,9656.916
1.0,0.4342125,841.736
1.0,0.027916655,14022.649
1.0,0.14820857,4714.4536
1.0,0.39342338,5291.3735
1.0,0.6544735,1315.9006
1.0,0.27377704,67.80528
1.0,0.090113424,87.03653
1.0,0.67008823,2407.998
1.0,0.13181815,101.419205
1.0,0.016564732,2918.168
1.0,0.124026574,856.4346
1.0,0.14665122,679.3652
1.0,0.32954806,103.65464
1.0,0.5105823,98.965836
1.0,0.14216234,6179.518
1.0,0.055273015,28917.24
1.0,0.4371338,77.66921
1.0,0.2914507,93.80019
1.0,0.010749462,492.32343
1.0,0.08894908,123.01517
1.0,0.74599004,150.39609
1.0,0.3167307,430.5756
1.0,0.5819885,110.265335
1.0,0.1594485,4035.175
1.0,0.9999181,79.86169
1.0,1.0,578.0867
1.0,0.94183415,582.14014
1.0,0.12776208,325.57742
1.0,0.99998915,80.161385
1.0,0.5536927,804.6654
1.0,0.23744863,281.62057
1.0,0.2168331,2023.0159
1.0,0.18999563,298.2191
1.0,0.48460558,123.01497
1.0,1.0,449.59607
1.0,1.0,1652.1556
1.0,0.33853197,561.3549
1.0,0.71969724,724.0036
1.0,0.09228234,2609.6575
1.0,0.4807634,508.1347
1.0,0.011136371,75758.39
1.0,1.0,1073.207
1.0,0.2975336,1699.7397
1.0,0.004205951,201.35492
1.0,0.008560653,847.6712
1.0,0.031502515,1758.9232
1.0,0.009034391,4616.168
1.0,0.26436895,298.2335
1.0,0.9535978,19143.95
1.0,0.9999999,941.2915
1.0,0.034688298,481.0983
1.0,0.8554647,4071.1033
1.0,0.2987927,9595.583
1.0,0.47638348,1204.7233
1.0,0.43369937,164.73718
1.0,0.1794201,84.19093
1.0,0.07343391,159.67978
1.0,0.18795224,150.41112
1.0,0.60582805,963.64325
1.0,0.6457304,1821.106
1.0,0.9999999,1297.7046
1.0,0.06538416,162.94763
1.0,0.91198504,88.84831
1.0,0.9401263,68.06233
1.0,0.9062072,44129.66
1.0,0.9999951,32787.906
1.0,0.001646302,7157.3154
1.0,0.9411216,363.857
1.0,0.99999785,96502.81
1.0,0.05935791,71.56655
1.0,0.16993529,513.1994
1.0,0.51143223,92.490395
1.0,0.9999913,22815.531
1.0,0.9999912,5667.733
1.0,0.31836846,92.97703
1.0,0.2451817,73953.3
1.0,0.4904607,93.66517
1.0,0.5009838,2216.1038
1.0,0.05069855,8186.753
1.0,0.63721406,119.34963
1.0,0.9026428,92.301346
1.0,0.99998665,84216.81
1.0,0.4542461,2316.788
1.0,0.0005965917,2696.888
1.0,0.112310566,701.0352
1.0,0.17907338,1496.8442
1.0,0.16298145,76.178444
1.0,0.49440283,1882.0164
1.0,0.999863,1654.6427
1.0,0.10907508,40709.11
1.0,0.93330604,4219.7554
1.0,0.18022032,203.05809
1.0,0.0015001392,961.5844
1.0,0.4914202,691.16766
1.0,0.063334,50678.305
1.0,0.8705863,1287.6221
1.0,0.23898591,67.77151
1.0,0.009564232,23504.238
1.0,0.12623484,253.64137
1.0,0.59767556,205.94781
1.0,0.19930775,87.22533
1.0,0.11213432,126.94268
1.0,0.15880895,741.4183
1.0,0.037024472,6269.0317
1.0,0.46759722,284.2048
1.0,0.1160535,66.17853
1.0,0.1002308,443.97418
1.0,0.74191886,1139.6244
1.0,0.24855188,11124.998
1.0,0.4674855,1999.4354
1.0,1.0,15521.398
1.0,0.23636325,61590.48
1.0,0.39290345,143.9177
1.0,0.99999976,73692.38
1.0,1.0,11003.519
1.0,0.03695153,454.93985
1.0,1.0,6859.354
1.0,0.19933364,150.54039
1.0,0.46616253,76.9638
1.0,0.7845912,94.89078
1.0,0.9999999,411.78387
1.0,0.030778771,602.9596
1.0,0.9999912,1192.3712
1.0,0.9998628,2129.148
1.0,0.13705015,776.12463
1.0,0.49651283,107.20317
1.0,0.040083855,126.17314
1.0,0.999938,305.5947
1.0,0.9998971,8885.962
1.0,0.10334644,338.642
1.0,0.42852837,75.32827
1.0,0.9999981,5307.1616
1.0,0.16369118,904.8346
1.0,0.4696932,82.626755
1.0,0.08786088,92.5892
1.0,0.5590025,14046.148
1.0,0.031377856,274.82538
1.0,0.024129895,564.50586
1.0,0.088901535,140.72406
1.0,0.74639153,161.82927
1.0,0.06986525,739.00287
1.0,0.4816412,2816.8628
1.0,0.8402131,109.194466
1.0,0.24210572,10872.103
1.0,0.46662816,82.66482
1.0,1.0,196.67995
1.0,0.052193422,160.56628
1.0,0.32837513,458.84668
1.0,0.5925503,110.895706
1.0,0.44547084,95.76481
1.0,0.86697596,103.959755
1.0,0.12358489,106.63587
1.0,0.08556939,138.78256
1.0,0.06582908,1054.1172
1.0,0.0128007885,317.7602
1.0,0.0041021183,18800.11
1.0,0.49440283,16573.773
1.0,0.03798216,2375.5562
1.0,0.28367355,256.1637
1.0,0.109308854,3003.4282
1.0,0.5291669,232.81276
1.0,0.096467175,85.16061
1.0,0.27223107,122.95508
1.0,0.094753325,90.42186
1.0,0.16487372,140.64807
1.0,0.37924752,98.52217
1.0,0.99636936,9426.406
1.0,0.98022974,189.08844
1.0,0.031400632,1216.2649
1.0,0.2816414,218.6066
1.0,0.62672806,71.14406
1.0,0.9008463,13176.573
1.0,0.7943965,1466.7048
1.0,0.17266738,7017.653
1.0,0.19439785,849.74316
1.0,1.0,2519.9973
1.0,0.07210222,901.33936
1.0,0.9999999,22346.613
1.0,0.7607335,188.40579
1.0,0.088926725,443.6657
1.0,0.50126296,7216.493
1.0,0.24631916,450.92566
1.0,0.24589927,4782.254
1.0,0.47956985,193.05043
1.0,0.9999999,4141.73
1.0,1.0,2478.7637
1.0,0.6859051,82.12456
1.0,0.19322008,80.299515
1.0,0.16295882,137.71866
1.0,0.2468669,103.0901
1.0,0.0588564,90.01675
1.0,0.15211475,578.0225
1.0,0.29206958,403.8355
1.0,0.02517126,89.40777
1.0,0.9932458,418.10782
1.0,0.5005665,5179.024
1.0,0.28907248,881.38306
1.0,0.1640074,114.86806
1.0,0.973138,309.93085
1.0,0.5751975,81.219055
1.0,1.0,30300.652
1.0,0.97848105,1098.0563
1.0,0.36084276,161.53769
1.0,0.999998,5649.247
1.0,0.022516415,613.43744
1.0,0.6850163,77.757416
1.0,0.12048136,2249.2312
1.0,0.62882125,88.88061
1.0,0.38728195,96.36488
1.0,0.0028797924,3066.829
1.0,0.3744341,95.82539
1.0,0.66347075,944.47437
1.0,0.15120807,143.44853
1.0,0.33715668,598.9702
1.0,0.6366384,222.86618
1.0,0.36173835,797.4122
1.0,0.17988442,106.96784
1.0,0.4322295,270.28238
1.0,0.72931796,653.87897
1.0,0.09822251,99.52784
1.0,0.90904105,538.22534
1.0,0.28966698,101.85302
1.0,1.0,113.90515
1.0,0.9999999,284.06955
1.0,0.5242167,418.9338
1.0,0.99961084,3882.6118
1.0,0.20632999,82.85589
1.0,0.06247878,169.8145
1.0,0.5821717,156.7254
1.0,0.6710371,162.6318
1.0,0.059564125,2059.1492
1.0,0.019086469,1056.6254
1.0,0.18841009,132.5052
1.0,0.17148533,108.08135
1.0,0.016057005,381.9875
1.0,0.87061834,293.71524
1.0,0.09993141,796.0086
1.0,0.13222595,72.84953
1.0,0.06831116,929.2233
1.0,0.99561274,3335.758
1.0,0.31605917,78.38195
1.0,0.37698308,1352.1521
1.0,0.121208675,1395.7943
1.0,0.3609139,571.8998
1.0,0.43455672,220.31148
1.0,0.023676516,72.665375
1.0,0.9999325,1565.8257
1.0,0.48969302,99.95055
1.0,0.99872416,1158.9025
1.0,0.02454538,69.62444
1.0,1.0,1680.8629
1.0,0.03507223,7612.427
1.0,0.026149455,819.06866
1.0,0.07605846,247.40367
1.0,0.013202584,9304.01
1.0,0.023196336,9351.318
1.0,0.75246483,461.01736
1.0,0.110982776,14072.375
1.0,0.034915503,1594.3505
1.0,0.51306826,1321.5011
1.0,1.0,17337.12
1.0,0.019777313,4831.779
1.0,0.14182557,2416.1445
1.0,0.60994774,909.78564
1.0,0.46525794,3055.3481
1.0,0.49446952,171.32019
1.0,0.09027757,1129.6284
1.0,0.058849275,239.72537
1.0,0.12004985,6918.745
1.0,0.4109118,403.98874
1.0,0.53810537,82.81962
1.0,0.49440283,84.51374
1.0,0.14267866,304.48694
1.0,0.31974238,11357.297
1.0,0.07921288,76.98797
1.0,0.15347551,94.41703
1.0,0.013979181,461.29938
1.0,0.06013079,5434.28
1.0,0.081392474,741.4484
1.0,0.32759956,588.31885
1.0,0.1254768,25739.73
1.0,0.35036778,337.11026
1.0,0.3760867,9499.071
1.0,0.4268314,69.63052
1.0,0.36360183,169.16086
1.0,0.99970824,4083.6562
1.0,0.15450108,85.712746
1.0,0.04060775,103.05988
1.0,0.27767238,94.45062
1.0,0.9999989,157.56212
1.0,0.88533694,777.49097
1.0,0.04961385,22898.398
1.0,0.98349047,6.210412e+06
1.0,0.72292066,93.17061
1.0,0.44723538,136.9047
1.0,0.56855804,454.8989
1.0,0.99999976,1.0585296e+06
1.0,0.025027348,4973.6836
1.0,0.041869238,637.05444
1.0,1.0,162.39609
1.0,0.57007575,85.72942
1.0,0.040776044,38547.367
1.0,0.07816801,2347.7466
1.0,0.10342803,115.031876
1.0,0.3182674,116.796295
1.0,0.3155766,1850.8407
1.0,0.26821008,74.27229
1.0,0.031632178,1545.6707
1.0,0.13206431,137.16129
1.0,0.012773617,884.8256
1.0,0.83598536,3238.892
1.0,0.21750298,85.477936
1.0,0.39221302,735.7378
1.0,0.84110504,1525.1185
1.0,0.5299497,5106.9805
1.0,0.34611037,174.38408
1.0,0.086746916,456.55612
1.0,0.7238,1924.1305
1.0,0.035368003,369.61533
1.0,0.52275085,92.76382
1.0,0.40275815,387.43613
1.0,0.34430662,145.22884
1.0,0.04889144,9400.959
1.0,0.2025485,1948.4833
1.0,0.6863731,72.708176
1.0,0.9993699,25083.236
1.0,0.540558,85.97307
1.0,0.12649933,90.211754
1.0,0.22501938,1103.7998
1.0,0.9999831,1437.3696
1.0,0.24442454,605.1502
1.0,0.025192855,775.65393
1.0,0.76538247,9297.9795
1.0,0.17546888,373.04327
1.0,0.05493386,71.64472
1.0,0.13223308,1318.1637
1.0,0.99998295,441.99973
1.0,0.3383306,1165.7095
1.0,0.33833054,1165.7095
1.0,0.9989575,460.0147
1.0,0.6091583,72.09013
1.0,0.69798034,174.2238
1.0,0.19143768,263.134
1.0,0.14155667,65.23067
1.0,0.99791473,740.03406
1.0,0.30841362,91.19844
1.0,0.27301082,74.8031
1.0,0.074782066,66.303185
1.0,0.99903274,2709.6
1.0,0.19409382,416.24704
1.0,0.4972781,300.44406
1.0,0.945209,618.507
1.0,0.0058901976,20509.066
1.0,0.5715442,69.13562
1.0,0.49440283,2004.4656
1.0,0.33679736,706.8226
1.0,0.14330311,117.79353
1.0,0.15571615,1595.1279
1.0,0.023913477,2335.16
1.0,0.9959122,99.82821
1.0,0.047003917,107.49424
1.0,0.06029298,66.18191
1.0,0.3486161,603.4421
1.0,0.34861603,603.4421
1.0,0.97351813,1354.9565
1.0,1.0,379.70627
1.0,0.9684912,154.709
1.0,0.007870572,5994.7026
1.0,0.13344982,50145.125
1.0,0.25376433,111.59436
1.0,0.65983367,9302.263
1.0,0.99693066,2034.8984
1.0,0.48666853,1004.21844
1.0,0.59548646,98.289444
1.0,0.20147733,647.77795
1.0,0.64355785,16296.731
1.0,0.48009798,229.01265
1.0,0.5679543,72.14742
1.0,0.22317217,140.88167
1.0,0.19366196,232.35234
1.0,0.31936842,112.71574
1.0,0.34918034,1517.7218
1.0,0.49440283,1060.555
1.0,0.56056124,88.172516
1.0,0.19452225,216.76755
1.0,0.3625084,2838.9385
1.0,0.086413965,18210.85
1.0,0.13957183,2280.5815
1.0,0.17949827,66.9102
1.0,0.07917095,102.39544
1.0,0.17424358,87.790634
1.0,0.9998939,303.65863
1.0,0.50164807,119.563354
1.0,0.3630933,275.2007
1.0,0.026469676,203.24835
1.0,0.17722934,72.36025
1.0,0.0034514645,3528.8267
1.0,0.2998223,91.23665
1.0,0.1878205,70.10522
1.0,0.011182243,893.4006
1.0,0.15068041,1808.624
1.0,0.0043134405,9404.655
1.0,0.009809001,4471.42
1.0,0.43199506,752.4406
1.0,0.60887754,949.3634
1.0,0.5097108,75.24022
1.0,0.5363685,333.18216
1.0,0.042475384,540.59705
1.0,0.0090351375,1035.9121
1.0,0.99999785,24862.785
1.0,0.74627626,562.51794
1.0,0.2652393,89.185455
1.0,0.046354484,277.51434
1.0,1.0,11297.735
1.0,0.28096816,1757.0607
1.0,1.0,2595.262
1.0,0.64044523,85.537506
1.0,0.11669394,1136.8588
1.0,0.21211106,122.849014
1.0,0.3608233,78.324844
1.0,0.032206442,172.37434
1.0,0.49461615,1303.1718
1.0,0.02710208,1988.7172
1.0,0.68927324,108.958
1.0,0.66715866,154.5383
1.0,0.44676316,37534.152
1.0,0.028411733,9770.13
1.0,0.15519276,1868.0583
1.0,0.6320535,1096.5479
1.0,0.53787327,201.67308
1.0,0.015218184,19405.006
1.0,0.39542112,130.39804
1.0,0.8576994,1518.426
1.0,0.4930743,102.04566
1.0,0.5258735,152.92526
1.0,0.41883364,75.68043
1.0,0.4674575,746.57605
1.0,0.99647,189.74615
1.0,0.5226787,511.75613
1.0,0.51871645,305.2
1.0,0.2523738,273.74155
1.0,0.068782374,206.95549
1.0,0.7136577,99.063354
1.0,0.4383923,14053.877
1.0,0.48741755,27220.373
1.0,0.99997103,97465.65
1.0,0.99964774,132.16245
1.0,0.21168792,67.01704
1.0,0.117239475,1892.7954
1.0,0.124335,102.93707
1.0,0.057781193,1444.922
1.0,0.14847818,176.08072
1.0,0.16088815,865.587
1.0,0.2065172,196.8664
1.0,0.5796984,35760.836
1.0,0.49587816,1580.1525
1.0,0.050593406,9421.273
1.0,0.18311074,138.26279
1.0,0.9888732,93.27165
1.0,0.4450377,622.47644
1.0,0.6433896,4056.3638
1.0,0.2534972,473.6611
1.0,0.9999312,666.437
1.0,0.06116451,118.127884
1.0,0.00021006087,1994.6017
1.0,0.99997616,3129.4836
1.0,0.24353275,764.3931
1.0,1.0,89.4729
1.0,0.10344607,74.837234
1.0,0.5986825,156.43434
1.0,0.96339655,1337.4938
1.0,0.039303,1411.2325
1.0,0.15406898,577.12994
1.0,1.0,146779.55
1.0,0.27026913,1813.4988
1.0,0.49411547,764.8948
1.0,0.12463791,13462.925
1.0,0.6623483,68.26195
1.0,0.58244264,4799.571
1.0,0.24480541,85.3911
1.0,1.0,10045.184
1.0,0.99997663,2242.9402
1.0,1.0,10404.025
1.0,0.0058386237,10543.168
1.0,0.9999995,808.1339
1.0,0.10793592,4619.025
1.0,0.016725574,1912.731
1.0,0.07151316,103.85702
1.0,0.45311242,15600.914
1.0,1.0,5353.287
1.0,0.18589644,2025.1515
1.0,0.17833973,660.9208
1.0,0.9990978,954.4617
1.0,0.50572383,66.469574
1.0,0.91617405,489.1485
1.0,0.49961537,34144.4
1.0,0.45442995,18640.713
1.0,0.10964713,1941.0931
1.0,0.9999856,8461.75
1.0,0.40460816,69.73034
1.0,0.59444374,1405.5991
1.0,0.07622152,81.7307
1.0,0.4709245,289.3547
1.0,0.35505816,132.12152
1.0,0.23424618,86.4313
1.0,0.23904753,2615.2336
1.0,0.069669634,2382.1277
1.0,0.17460139,84.56684
1.0,0.81519973,91.087105
1.0,0.32613865,74.05829
1.0,0.99999666,38764.074
1.0,0.43641034,99.31171
1.0,0.34057444,309.80463
1.0,0.06971588,1434.7601
1.0,0.9959857,81.35215
1.0,0.12301201,10136.666
1.0,0.020392241,289.3401
1.0,0.6622705,1862.991
1.0,0.57144535,230.87953
1.0,0.34082302,97.30515
1.0,0.046575673,4555.639
1.0,0.49440283,154.60533
1.0,0.6601132,80.56307
1.0,0.4630529,3504.0706
1.0,0.04334944,605.81
1.0,1.0,238.69582
1.0,0.026233487,4334.3574
1.0,0.8115587,467.42514
1.0,0.06418714,748.7987
1.0,0.049018003,50777.332
1.0,0.4150147,504.06635
1.0,0.42783427,84.597206
1.0,0.3241335,433.92313
1.0,0.5176545,427.6587
1.0,0.013462061,41926.164
1.0,0.68608975,208.59607
1.0,0.6675121,75.23885
1.0,0.9874046,410.3599
1.0,0.9991217,1267.9286
1.0,0.49440283,3708.5496
1.0,0.79532236,222.40259
1.0,0.5542562,219.8123
1.0,0.9999862,158.66736
1.0,0.36567888,4757.349
1.0,0.28044578,1155.1447
1.0,0.10764807,3993.3418
1.0,0.049837906,444.96924
1.0,0.2574989,99.97758
1.0,0.2856752,441.0786
1.0,0.15930238,87.438675
1.0,0.99996865,9400.784
1.0,0.85571253,69.83131
1.0,0.99998796,2345.4277
1.0,0.19227293,77.450035
1.0,0.49652553,181.439
1.0,0.46953657,1449.9861
1.0,0.9999949,3103.5686
1.0,0.65465206,68.39686
1.0,0.38726887,70.51762
1.0,1.0,4646.824
1.0,0.2705068,146.64182
1.0,0.95735383,905.9415
1.0,1.0,7308.0493
1.0,0.26257017,1513.2766
1.0,0.114392936,18524.355
1.0,0.092927195,16782.525
1.0,0.18368925,74.43393
1.0,0.5373248,10482.822
1.0,0.7756111,2448.337
1.0,0.92792046,2906.4043
1.0,0.9965585,199.28526
1.0,0.99984443,1108.4263
1.0,0.9361059,517.2313
1.0,0.34510925,109.68682
1.0,0.9997397,1925.8743
1.0,0.8876756,81.29864
1.0,0.15063791,557.82697
1.0,0.4672652,7745.4165
1.0,0.1784483,270.08112
1.0,0.32169768,164.7133
1.0,0.20980592,119.35153
1.0,0.14049116,104.648544
1.0,0.51124114,69.62842
1.0,0.9999329,4263.301
1.0,0.36412853,3497.9163
1.0,0.15654776,14883.8955
1.0,0.011796033,9490.294
1.0,0.14760134,188.12726
1.0,0.0047777314,868.2793
1.0,0.075787574,3609.735
1.0,0.0033497373,1054.9039
1.0,0.4060727,82.63145
1.0,0.4227452,173.5386
1.0,1.0,5141.2373
1.0,0.0021378603,2631.652
1.0,0.85783875,80.10139
1.0,0.015286158,828.1899
1.0,0.08558898,111.2683
1.0,0.9996381,1172.2012
1.0,0.31387112,112.286934
1.0,0.9969894,67.74928
1.0,0.6301009,74.854385
1.0,1.0,3701.825
1.0,0.22133857,69.501854
1.0,0.55378336,74.66026
1.0,0.09535232,4009.0493
1.0,0.49440283,1595.0709
1.0,0.3504363,922.0548
1.0,0.9999877,492.54266
1.0,0.041029617,3546.636
1.0,1.0,890.037
1.0,0.9999975,7925.5034
1.0,1.0,231.75359
1.0,0.99316376,2135.23
1.0,1.0,11874.36
1.0,0.5257979,799.6171
1.0,0.15138574,1045.7279
1.0,1.0,5626.5137
1.0,0.5694645,972.4726
1.0,0.3086754,110.31486
1.0,0.063194394,9801.3955
1.0,0.7603616,2011.768
1.0,0.2641174,99.17253
1.0,0.11850377,23315.527
1.0,0.49616835,1042.002
1.0,0.07952346,278.30832
1.0,0.44396478,5399.757
1.0,0.99994314,5451.473
1.0,1.0,6.1607795e+06
1.0,0.3644874,130.2649
1.0,0.29570696,1630.0239
1.0,0.3031589,233.65552
1.0,0.32437417,108.94939
1.0,0.56361604,1021.3528
1.0,0.415068,170.18817
1.0,0.57854843,308.6716
1.0,0.084713235,1187.7163
1.0,0.07432224,108.83676
1.0,0.9798313,827.2733
1.0,0.057354014,176.26903
1.0,0.018511994,20621.242
1.0,0.47308025,15510.138
1.0,0.24667376,4558.581
1.0,0.24484476,114.40989
1.0,0.9999956,12699.621
1.0,0.3636624,183.56439
1.0,0.3144121,370.56638
1.0,0.019330028,1461.612
1.0,0.9846481,435.53
1.0,0.2612795,1225.9448
1.0,0.3407863,82.520584
1.0,0.14754906,105.58419
1.0,0.7235656,83.8564
1.0,0.010587224,16479.236
1.0,0.99871886,856.8136
1.0,0.99998486,6585.7236
1.0,0.49440283,2482.4214
1.0,0.6276041,80.14264
1.0,0.36857095,71.2353
1.0,0.20006976,5398.411
1.0,0.31357753,82.63977
1.0,0.103214264,122.47878
1.0,0.9999993,325.28568
1.0,0.5885674,678.3697
1.0,0.7145055,414.22757
1.0,0.024023365,970.67084
1.0,0.99999964,910.9441
1.0,0.2262054,119.111115
1.0,0.32679895,792.41504
1.0,0.3005801,1280.8103
1.0,0.9942952,2.4694815e+09
1.0,0.0073741106,84544.69
1.0,0.59299684,322.84042
1.0,0.12632011,30698.645
1.0,0.043369427,1873.8945
1.0,0.07627904,907.33466
1.0,0.02737567,106.27966
1.0,0.9999994,11401.513
1.0,0.44664598,2671.792
1.0,0.061791133,822.2692
1.0,0.97188956,6843.609
1.0,0.31486598,865.7248
1.0,0.9999999,10378.059
1.0,0.66681784,73.34154
1.0,0.04605383,256.9049
1.0,0.47728926,379.66708
1.0,0.64720845,2076.3079
1.0,0.08207782,76715.46
1.0,1.0,1300.9695
1.0,0.06990144,73.188934
1.0,0.99999976,33610.02
1.0,0.36137864,804.29047
1.0,0.24284384,1129.3109
1.0,0.66254395,2283.1257
1.0,0.5256088,838.7529
1.0,1.0,8897.531
1.0,1.0,18154.473
1.0,0.54850405,408.4903
1.0,0.06877945,15972.222
1.0,0.16925386,1335.5436
1.0,0.005910293,1549.5585
1.0,0.13845505,2465.231
1.0,0.9999256,114.055885
1.0,0.077302344,98.903595
1.0,1.0,2.904688e+07
1.0,0.98839253,482.13156
1.0,0.29090333,736.7236
1.0,1.0,91386.83
1.0,0.1760165,78.147545
1.0,0.009406825,346.631
1.0,0.4418427,69.70227
1.0,0.15821508,464.81097
1.0,0.1841704,93.41129
1.0,0.28615046,972.76306
1.0,0.5095417,306.1004
1.0,0.33698106,109.73609
1.0,0.070589416,13333.867
1.0,0.11756061,1279.053
1.0,0.02004524,658.8081
1.0,1.0,1.3357928e+06
1.0,0.21759172,109.820045
1.0,0.085799545,77.84741
1.0,0.13965905,3485.893
1.0,0.1886128,329.11545
1.0,0.12391231,66.12585
1.0,0.96655655,1910.8334
1.0,0.4390163,111.0001
1.0,0.10965104,136.35721
1.0,0.44890267,1058.1996
1.0,0.25032237,455.1522
1.0,0.07624215,32577.232
1.0,0.8597454,2265.0398
1.0,0.8721281,2375.984
1.0,0.99988794,165021.58
1.0,0.26074955,451.3157
1.0,0.33060706,753.58405
1.0,0.8004064,173.15405
1.0,0.953741,132.62877
1.0,0.14273417,2608.89
1.0,0.3130675,138.57321
1.0,0.18443902,155.72745
1.0,0.9822238,65.34678
1.0,0.81334,867.807
1.0,0.9999999,2402.4497
1.0,1.0,1544.9954
1.0,0.4923685,239.75539
1.0,0.049683932,128.70229
1.0,0.13529575,636.0016
1.0,0.06608522,774.0409
1.0,0.27981764,827.29877
1.0,0.08340198,3769.4893
1.0,0.08340198,3769.4893
1.0,0.27787542,6818.7
1.0,0.38615727,430.26843
1.0,0.5406632,111.364555
1.0,0.9999993,371.42627
1.0,0.0031382842,67242.43
1.0,0.978187,72.56982
1.0,0.4695151,424.07098
1.0,0.59723943,109.01179
1.0,0.06780939,817.21954
1.0,0.050807584,1354.8041
1.0,0.9999994,1294.4417
1.0,0.037567765,62004.64
1.0,1.0,1.2676704e+06
1.0,0.30345532,39232.504
1.0,0.99685824,79.28589
1.0,0.5464112,747.15497
1.0,0.58944106,580.3328
1.0,0.010958967,665.10297
1.0,0.49068612,2399.1074
1.0,0.5770391,104.452194
1.0,0.00750005,2790.621
1.0,0.290564,979.6388
1.0,0.010407583,7061.663
1.0,0.9995685,6842.5347
1.0,0.82125425,146.95143
1.0,0.49440283,121.49196
1.0,0.99999857,10469.066
1.0,0.1010964,158.49342
1.0,0.30563265,2782.1406
1.0,0.99811363,1634.0431
1.0,0.87510806,147.409
1.0,0.26702487,119.68268
1.0,0.019003248,23132.904
1.0,0.8565817,474.04065
1.0,1.0,4431.2944
1.0,0.13121957,1713.4952
1.0,0.25590578,4197.2017
1.0,0.67545664,72.81331
1.0,0.38663566,80.938286
1.0,1.0,10338.481
1.0,0.03614067,3439.7617
1.0,0.2598453,815.555
1.0,0.2421,1195.2922
1.0,0.92778695,844.71625
1.0,0.58347434,151.02704
1.0,0.033681903,177.99701
1.0,0.53554374,95.61672
1.0,0.040786855,305.42242
1.0,0.018537717,11406.91
1.0,0.505213,100.97582
1.0,0.65732276,88.674255
1.0,0.0045357523,16861.578
1.0,0.06357991,126.26427
1.0,0.9953242,535.5865
1.0,0.2764147,91.37895
1.0,0.85173976,1841.6002
1.0,0.053240985,1989.2216
1.0,0.86614436,10393.407
1.0,0.03355013,24079.639
1.0,0.994871,77.88851
1.0,0.65651566,71.82785
1.0,0.7715518,82.89649
1.0,0.9995932,3003.514
1.0,0.9999894,355.21814
1.0,0.99993396,142.67908
1.0,0.09505304,716.6142
1.0,0.6830652,146.37985
1.0,0.27223775,643.65814
1.0,0.09284806,6414.8867
1.0,0.18814923,456.1535
1.0,0.9991053,8265.175
1.0,0.9946747,1184.4951
1.0,1.0,8574.907
1.0,0.106128186,88.5981
1.0,1.0,2342.8901
1.0,0.04563393,249.99927
1.0,0.9999999,1.0931772e+06
1.0,0.067922,964.9233
1.0,0.3532277,179.43503
1.0,0.22943023,74.98349
1.0,0.33694088,148.61002
1.0,0.369894,95.59129
1.0,0.0011427309,2023.2891
1.0,0.363008,1029.3035
1.0,0.11768921,372.33905
1.0,0.60589504,252.93431
1.0,0.5493827,461.5043
1.0,0.1596584,84.205215
1.0,0.32573038,136.03302
1.0,0.51396626,5427.983
1.0,0.61784804,11224.034
1.0,0.24846943,2155.7036
1.0,0.2643192,68.485695
1.0,0.37736946,2650.8936
1.0,0.8075542,245.9394
1.0,0.48852277,694.1786
1.0,0.48896608,160.7997
1.0,0.9998977,4662.534
1.0,0.481584,740.3831
1.0,0.19388422,78.10228
1.0,0.46274093,1164.2142
1.0,0.32092848,127.302574
1.0,0.37912926,180.28952
1.0,0.9568046,46391.668
1.0,0.80381566,122.52795
1.0,0.9999999,178.06905
1.0,0.4980851,271.8189
1.0,0.4793189,94.44977
1.0,0.016652659,304.1655
1.0,1.0,418.47064
1.0,0.12249156,746.1434
1.0,0.4923835,7803.864
1.0,0.10987691,149.66946
1.0,0.56883,1243.8822
1.0,0.49440283,1985.9896
1.0,0.07488184,115.91022
1.0,1.0,1181.9417
1.0,0.13098924,1492.8019
1.0,0.16674651,88.09515
1.0,0.14785355,11090.277
1.0,0.47816885,104.41785
1.0,0.47013423,885.6421
1.0,0.20853099,178.30019
1.0,0.99975556,16753.475
1.0,0.08210341,629.939
1.0,0.0065230336,71.42088
1.0,0.09634101,278.32358
1.0,0.32678065,72.41435
1.0,0.49440283,72.835495
1.0,0.54484814,81.45053
1.0,1.0,3.5471382e+06
1.0,0.9999505,4880.099
1.0,0.045058284,190.04755
1.0,0.43891668,178.05106
1.0,0.33511275,997.4089
1.0,0.49440283,554.2455
1.0,0.09834375,150.61008
1.0,0.031697884,209.118
1.0,0.028658036,30413.879
1.0,0.9994529,1360.4072
1.0,0.39556167,68.93139
1.0,0.96188086,88.71269
1.0,0.4426419,10418.349
1.0,1.0,22274.008
1.0,1.0,28131.445
1.0,0.18961814,169.71152
1.0,0.26217547,4650.315
1.0,0.18300225,30114.588
1.0,1.0,1669.5356
1.0,0.1572472,139.67801
1.0,0.03989535,2365.9539
1.0,0.70473677,1540.1887
1.0,0.9998043,195.09003
1.0,0.28891763,1412.7938
1.0,0.497281,77.142815
1.0,0.5387001,99.17659
1.0,0.5315926,1239.0902
1.0,0.16067119,104.98269
1.0,0.1980981,2136.4177
1.0,0.07014788,123.97033
1.0,0.042856988,5594.7515
1.0,0.1450766,124.23624
1.0,0.4866993,8800.731
1.0,0.61483186,80.52907
1.0,0.11332088,94.70543
1.0,0.38153782,302.5976
1.0,0.51959443,803.02203
1.0,0.25990978,72.23596
1.0,0.026290635,12613.1455
1.0,0.05430236,113.18905
1.0,0.3439642,1002.0773
1.0,0.49440283,507.576
1.0,0.3145462,319.36652
1.0,0.99994206,62094.16
1.0,0.099936955,2512.0938
1.0,0.21483418,78.820335
1.0,0.49456397,2762.7444
1.0,0.0010095196,2937.362
1.0,0.543403,69.68972
1.0,0.39251935,1298.4436
1.0,0.5030173,1573.12
1.0,0.042160194,152.56737
1.0,0.52760726,129.74596
1.0,0.04333474,126.40166
1.0,0.7768027,3989.586
1.0,0.05815341,102.93368
1.0,0.22070245,312.30664
1.0,0.5497221,81.18192
1.0,0.49219215,1158.8096
1.0,0.33156994,238.49817
1.0,0.0118475035,1354.1393
1.0,0.12480743,1494.8389
1.0,0.31913832,1559.8585
1.0,0.3114897,798.39246
1.0,0.4656291,5479.9634
1.0,0.061704446,618.75256
1.0,0.10344237,5109.6895
1.0,0.09020812,1523.5168
1.0,0.13881548,73.65355
1.0,0.016413068,981.86084
1.0,0.16052756,653.79285
1.0,0.7284103,936.716
1.0,0.22273333,89.83406
1.0,1.0,279.78723
1.0,0.37834132,352.90686
1.0,0.5207119,385.74887
1.0,0.18856257,11541.584
1.0,1.0,5269.9097
1.0,0.1598349,97.29708
1.0,0.3871159,91.19208
1.0,1.0,108.13963
1.0,0.4948305,81.05819
1.0,0.15279683,252.43742
1.0,0.165142,268.9584
1.0,0.48153734,2001.9341
1.0,0.34258538,77.59797
1.0,0.933592,4068.3127
1.0,0.9602141,212.60083
1.0,0.031222539,369.86215
1.0,0.9994721,4959.8647
1.0,0.359836,93.53437
1.0,0.5729657,147.28023
1.0,0.99998856,111.07728
1.0,0.108044125,65.7376
1.0,0.7121659,69.72175
1.0,0.026976343,3161.6145
1.0,1.0,2.8668192e+06
1.0,0.99985003,485.45062
1.0,0.1654175,120.51824
1.0,0.006752693,17892.254
1.0,0.033573944,14449.442
1.0,0.32696706,74.94834
1.0,0.17705414,110.47328
1.0,0.7399118,106.05724
1.0,0.04557803,1252.2844
1.0,0.09628344,96.63095
1.0,0.06317074,228.08168
1.0,0.20837054,281.70947
1.0,0.12704678,72.3389
1.0,0.36007845,178.10072
1.0,0.502391,343.10995
1.0,0.17844315,45913.62
1.0,0.9991461,76.021965
1.0,0.2770845,225.4537
1.0,0.56869096,101.23492
1.0,0.5451089,86.9975
1.0,0.9999306,336.55847
1.0,0.0074319984,471.64447
1.0,0.00058976817,3869.5698
1.0,1.0,589.0027
1.0,0.004323622,324.90787
1.0,0.16933644,133.09718
1.0,0.833898,2017.6012
1.0,0.67565995,2965.8284
1.0,0.99918133,752.6137
1.0,0.57577705,630.15625
1.0,0.21342835,517.47217
1.0,0.027488448,213.91862
1.0,0.99870837,11548.454
1.0,0.0016804449,5275.1777
1.0,0.49589878,33341.67
1.0,0.011764769,24502.33
1.0,0.1694316,1733.5826
1.0,0.99998236,206.9171
1.0,0.9999999,23943.97
1.0,0.7557489,107.06567
1.0,0.4883847,84.38722
1.0,0.9999502,146520.31
1.0,0.49366638,74.88176
1.0,0.9999881,237.88959
1.0,0.18544868,710.9621
1.0,0.039182324,431.8255
1.0,0.020864578,147.54364
1.0,0.117115386,7915.416
1.0,0.5214701,233.5137
1.0,0.08909043,69.64769
1.0,0.14354289,1751.9576
1.0,0.5995973,200.40761
1.0,0.08242603,10126.287
1.0,0.0446785,11642.295
1.0,0.72617275,79.45977
1.0,0.14645645,13663.484
1.0,0.3256082,8359.699
1.0,0.16790825,1231.0326
1.0,0.9999918,181.87111
1.0,0.12143959,398.3073
1.0,0.94795007,1747.0057
1.0,0.49596465,158.47568
1.0,0.23204818,94.96079
1.0,0.9981523,4241.5386
1.0,0.47440147,819.02954
1.0,0.5052869,7280.387
1.0,0.025819708,431.30545
1.0,0.11421396,723.3481
1.0,0.0007276519,3806.304
1.0,0.064191565,6412.51
1.0,0.4400817,111.9891
1.0,0.1289218,304.5366
1.0,0.99999964,3393.98
1.0,0.20007166,603.2589
1.0,0.42843106,121.55694
1.0,0.1970626,211.66138
1.0,0.06751822,1362.9951
1.0,1.0,255.5635
1.0,0.12951769,380.3862
1.0,0.58393943,885.64545
1.0,0.99999106,22686.014
1.0,0.5468494,138.62677
1.0,0.14331186,1759.1812
1.0,0.41326115,126.47148
1.0,0.08699051,548.33484
1.0,0.006312208,1078.2432
1.0,0.99999917,1118.2003
1.0,0.3096363,2302.3945
1.0,0.697638,65.6349
1.0,0.09015699,1900.3094
1.0,0.23858564,1024.1444
1.0,0.042616032,72.106125
1.0,0.27650455,2041.9854
1.0,0.9997662,349.54803
1.0,0.31893048,1924.5361
1.0,0.32522634,1448.6884
1.0,0.022903435,180.81635
1.0,0.05405599,129.16945
1.0,0.19905968,99.44548
1.0,0.53905255,15267.026
1.0,1.0,3926.461
1.0,0.38187373,109.222824
1.0,0.43162608,1930.0867
1.0,0.5647418,496.51364
0.0,0.2665785,363.10233
0.0,0.004303217,40874.69
0.0,0.5367022,187.59572
0.0,0.29321384,1436.7858
0.0,0.51902,106.06575
0.0,0.3520768,131.81094
0.0,0.3697421,21959.979
0.0,0.005125292,51148.312
0.0,0.08586953,8196.229
0.0,0.6289249,3912.1787
0.0,0.103616595,9517.946
0.0,0.08724911,473.58936
0.0,0.56626314,104.06002
0.0,0.3185409,1377.4937
0.0,0.007839675,4719.296
0.0,0.17274716,567.03595
0.0,0.17899829,66.386116
0.0,0.6694696,4986.9546
0.0,0.2327484,131.186
0.0,0.09508026,534.063
0.0,0.15706988,1154.3763
0.0,0.03441741,1883.4944
0.0,0.4785158,1379.1265
0.0,0.33369967,110.000755
0.0,0.2531773,240.57454
0.0,0.3001298,139.61069
0.0,0.2358774,1020.76196
0.0,0.0058507705,4005.967
0.0,0.09648804,761.8577
0.0,0.1261743,1108.004
0.0,0.025503391,166.10545
0.0,0.46038228,86.83098
0.0,0.2793628,114.04173
0.0,0.19924496,20175.125
0.0,0.1300901,146.39087
0.0,0.6714591,1113.1033
0.0,0.06897609,292.31177
0.0,0.6709595,1810.6398
0.0,0.1758377,2360.3286
0.0,0.14022018,2785.486
0.0,0.103020884,265.44934
0.0,0.19659548,73.63142
0.0,0.24322633,74.01816
0.0,0.14361718,646.1995
0.0,0.0042926935,5564.1035
0.0,0.9997564,15806.088
0.0,0.1702544,697.0717
0.0,0.2524799,2817.3855
0.0,0.47675744,1473.6572
0.0,0.38812423,70.131355
0.0,0.049473315,47690.3
0.0,0.104723416,71.986305
0.0,0.08568342,1178.4508
0.0,0.5667777,2455.1233
0.0,0.9512409,84.23629
0.0,0.49440283,2244.5266
0.0,0.27822033,64088.043
0.0,0.010829573,8224.322
0.0,0.026732298,9758.321
0.0,0.7392385,702.02924
0.0,0.50712806,78.35364
0.0,0.44642463,254.76686
0.0,0.27283752,70.35424
0.0,0.5374778,779.37683
0.0,6.8213654e-07,56861.64
0.0,0.020609003,11943.019
0.0,0.9999757,3644.8115
0.0,0.027377378,531.4903
0.0,0.05199745,20697.004
0.0,0.19089673,484.4153
0.0,0.1696871,6995.505
0.0,0.523911,456.88483
0.0,0.4597908,952.7854
0.0,0.41768432,331.45502
0.0,0.028466765,32540.518
0.0,0.026225578,581.0807
0.0,0.28540263,1127.9213
0.0,0.32033616,227.2508
0.0,0.1388035,70.25385
0.0,0.047526,89.24442
0.0,0.06477362,116.90734
0.0,0.024525492,671.19543
0.0,0.52790767,79.10281
0.0,0.205467,1858.4882
0.0,0.8225099,1858.5739
0.0,0.31843436,111.76872
0.0,0.81342155,157.66708
0.0,0.17330109,2002.3749
0.0,0.16027795,1826.668
0.0,0.013780458,6298.924
0.0,0.07762614,529.16614
0.0,0.23512612,68.95593
0.0,0.14928918,1582.9048
0.0,0.6229915,76.1381
0.0,0.8291429,249.95837
0.0,0.58933973,227.6896
0.0,0.23658709,992.14386
0.0,0.06091213,96.44117
0.0,0.07703829,152.39911
0.0,0.101043046,1739.5906
0.0,0.05899208,7280.2915
0.0,0.013742696,28811.232
0.0,0.032641083,574.72327
0.0,0.18818778,1602.2667
0.0,0.061221436,4063.2751
0.0,0.23503874,521.78845
0.0,0.087811045,93.37248
0.0,0.41994753,536.1607
0.0,0.46308103,72.600784
0.0,0.29844928,461.6325
0.0,0.019652085,19785.656
0.0,0.863736,3101.7803
0.0,0.036706306,5845.1753
0.0,0.019144136,9943.014
0.0,0.17252675,90.73789
0.0,0.31286553,2119.1135
0.0,0.053086318,1307.9093
0.0,0.022150198,1096.5166
0.0,0.13271803,3476.4504
0.0,0.30783686,91.60286
0.0,0.12041655,103629.266
0.0,0.4367484,587.63873
0.0,0.55048275,1040.951
0.0,0.25523534,14640.421
0.0,0.12382981,291.0265
0.0,0.04623524,1981.6508
0.0,0.020325834,1261.5714
0.0,0.22055794,94.04459
0.0,0.0011382,1251.1685
0.0,0.075735,3476.4524
0.0,0.10310136,653.748
0.0,0.01764063,4286.12
0.0,1.0,392.22214
0.0,0.023087386,2821.5273
0.0,0.20438048,72.343925
0.0,0.32247353,23266.123
0.0,0.3076769,227.58626
0.0,0.057154942,3875.4438
0.0,0.22035708,83.78321
0.0,0.058711678,921.32513
0.0,0.16012636,115.51389
0.0,0.28970084,5080.4487
0.0,0.23104571,1481.5986
0.0,0.056508195,255.38315
0.0,0.0077899806,11491.713
0.0,0.6945431,7604.787
0.0,0.013001549,757.6385
0.0,0.062145505,692.3674
0.0,0.6164834,957.1761
0.0,0.4754713,156.00964
0.0,0.37125736,442.36725
0.0,0.49440283,981.2465
0.0,0.40249947,2096.9014
0.0,0.6649486,110.295
0.0,0.49440283,5913.731
0.0,0.0764528,42400.855
0.0,0.1384363,105.369774
0.0,0.07340974,231.74965
0.0,0.5208408,65.14265
0.0,0.27274492,711.64197
0.0,0.5819557,76.736336
0.0,0.041306596,24970.244
0.0,0.49440283,3781.3945
0.0,0.4596558,177.17068
0.0,0.0013832116,73752.69
0.0,0.6452,34802.023
0.0,0.5491457,743.7073
0.0,0.5491457,743.7073
0.0,0.13250409,1263.7501
0.0,0.06111571,355.39606
0.0,0.023694457,407.8156
0.0,0.47953108,2423.0225
0.0,0.030839331,682.3449
0.0,0.4622174,5665.6455
0.0,0.8475537,98.03732
0.0,0.48257738,90.10653
0.0,0.07688473,1110.913
0.0,0.4248706,531.56616
0.0,0.37283832,355.65485
0.0,0.07592874,103.48628
0.0,0.058689024,154.31017
0.0,0.010862912,1728.2308
0.0,0.049123183,862.7301
0.0,0.030348307,63065.15
0.0,0.25428197,89.05673
0.0,0.011821339,4000.921
0.0,0.113644056,11042.95
0.0,0.1107423,225.59312
0.0,0.41863316,3428.3843
0.0,0.015067639,8474.051
0.0,0.6337385,272.1749
0.0,0.012680916,5451.147
0.0,0.19571497,75.94503
0.0,0.0052232044,34602.45
0.0,0.43598184,309.81824
0.0,0.043335207,1281.5664
0.0,0.026642594,6254.202
0.0,0.007176103,347.63608
0.0,0.21197708,73.561844
0.0,0.17726842,790.06555
0.0,0.5171998,1651.5072
0.0,0.10337367,47100.87
0.0,0.19741969,668.05566
0.0,0.209052,79.42523
0.0,0.1725374,1898.0325
0.0,0.06408981,201.78615
0.0,0.11086295,90.79559
0.0,0.2523308,855.1055
0.0,0.48918003,75.25647
0.0,0.0009517306,3967.3933
0.0,0.33261603,1895.7592
0.0,0.04905576,300.32516
0.0,0.06477696,23085.508
0.0,0.53772694,69.48278
0.0,0.348561,862.1241
0.0,0.14876679,301.90533
0.0,0.10708413,105.41253
0.0,0.29416412,890.2691
0.0,0.08781131,123.95087
0.0,0.07189178,4872.183
0.0,0.080465734,67.86137
0.0,0.084572814,1862.7557
0.0,0.49440283,163120.36
0.0,0.23235133,216.6161
0.0,0.08929016,79.764984
0.0,0.0022233392,1473.5504
0.0,0.47833517,70.67709
0.0,0.13249041,111.88291
0.0,0.115814075,509.9601
0.0,0.021712592,427.48453
0.0,0.06976294,17688.232
0.0,0.09005261,565.52014
0.0,0.06558468,38418.41
0.0,0.05143684,16433.613
0.0,0.23725495,827.3242
0.0,0.16055247,125.314545
0.0,0.99881953,2779.5562
0.0,0.69147134,3501.8435
0.0,0.08845805,4340.9395
0.0,0.7836793,3074.624
0.0,0.15778504,70.953735
0.0,0.23062244,1026.5706
0.0,0.119464256,71.62111
0.0,0.042056337,895.94824
0.0,0.451158,397.44235
0.0,0.18786934,847.8141
0.0,0.5059805,149.21954
0.0,0.0028242734,1708.0892
0.0,0.0009786163,5826.491
0.0,0.012852835,1412.672
0.0,0.18880071,1005.5921
0.0,0.002737559,24789.625
0.0,0.093073204,2531.0195
0.0,0.7566924,203.33585
0.0,0.15100062,57913.297
0.0,0.2146287,1095.1702
0.0,0.18506579,505.96823
0.0,0.41911188,1790.8517
0.0,0.21966673,302.2594
0.0,0.07664152,335.74982
0.0,0.18071193,95.60546
0.0,0.103018835,1039.4155
0.0,0.052340683,8561.191
0.0,0.13910718,70.32288
0.0,0.61238635,12384.659
0.0,0.0855153,73.11059
0.0,0.5167265,641.3872
0.0,0.41553897,8092.2246
0.0,0.0027910927,22420.39
0.0,0.017560678,6363.002
0.0,0.40332267,1866.5863
0.0,0.99999964,75.35067
0.0,0.40792772,137.32434
0.0,0.0013621164,39817.438
0.0,0.2219698,18234.52
0.0,0.041670807,274.84018
0.0,0.21123675,156.55049
0.0,0.0020594893,43315.652
0.0,0.002078997,96274.75
0.0,0.19345579,86.84261
0.0,0.8154878,80.43423
0.0,0.15325516,29254.566
0.0,0.18193519,1836.1761
0.0,0.02526812,4121.489
0.0,0.0417657,362.67
0.0,0.21847285,84.41878
0.0,0.3155128,214.17867
0.0,0.6003216,186.38553
0.0,0.014333438,9870.892
0.0,0.4988114,6719.7188
0.0,0.005107275,6725.55
0.0,0.08858736,103.32274
0.0,0.009471539,1858.7188
0.0,0.47247615,93.72329
0.0,0.26512334,90.235756
0.0,0.22319482,117.43641
0.0,0.22620444,541.07715
0.0,0.20703967,872.4702
0.0,0.26067236,120.50686
0.0,0.25168365,74.09426
0.0,0.1411622,2331.832
0.0,0.5672719,628.3523
0.0,0.022173014,25318.285
0.0,0.0011775605,984.12354
0.0,0.028063372,2559.8474
0.0,0.10925189,2258.0054
0.0,0.08474167,144.56583
0.0,0.080734916,7589.0225
0.0,0.1417384,3869.9182
0.0,0.2812889,74.51122
0.0,0.2899084,82.9412
0.0,0.038025003,155.78029
0.0,0.04467844,74006.336
0.0,0.011822174,10696.215
0.0,0.26864907,181.80542
0.0,0.093502365,96.93593
0.0,0.044602524,1132.4106
0.0,0.5328496,120.14606
0.0,0.8042427,6160.5767
0.0,0.3674668,1108.3977
0.0,0.039333504,61485.21
0.0,0.46220487,18317.975
0.0,0.5423932,157.97466
0.0,0.08624739,166.3283
0.0,0.24653599,785.7915
0.0,0.039367516,3521.519
0.0,0.6466995,818.03375
0.0,0.0066729505,17220.256
0.0,0.114421375,14346.577
0.0,0.038445413,1191.6952
0.0,0.161465,115.87198
0.0,0.22678185,176.9209
0.0,0.5661412,154.19186
0.0,0.22381362,101.82982
0.0,0.0157848,1628.6079
0.0,0.03294537,5157.118
0.0,0.52495927,82.80339
0.0,0.28539565,5279.176
0.0,0.40546435,358.77896
0.0,0.11507628,246.78255
0.0,0.16775703,439.44235
0.0,0.3842337,425.0387
0.0,0.009150095,36399.285
0.0,0.15891361,735.96844
0.0,0.04526421,14068.652
0.0,0.02119207,23411.596
0.0,0.19093707,142.33556
0.0,0.12881693,1299.2401
0.0,0.50525296,160.94374
0.0,0.11431074,2102.2693
0.0,0.002162751,23979.803
0.0,0.0982806,1921.3702
0.0,0.024697479,1481.8289
0.0,0.3347162,1953.4808
0.0,0.31235278,1792.7866
0.0,0.1142584,118.16018
0.0,0.14696851,1327.5289
0.0,0.13998918,1239.3568
0.0,0.31359804,597.3907
0.0,0.13766676,67.090416
0.0,0.02336405,1013.1442
0.0,0.2666835,150.3695
0.0,0.5502442,66.31134
0.0,0.20381632,187.34943
0.0,0.08298234,139.95241
0.0,0.72697043,72.79343
0.0,0.060890935,212.00212
0.0,0.003402803,3798.276
0.0,0.21111375,78.077675
0.0,0.04149402,192.10149
0.0,0.18697469,3682.5347
0.0,0.30322078,74.35941
0.0,0.086957924,2782.0583
0.0,0.15557057,134.98758
0.0,0.5091034,2820.6555
0.0,0.059158307,1243.8146
0.0,0.3903591,384.2976
0.0,0.65185994,6965.5913
0.0,0.07994121,867.6798
0.0,0.1616656,416.94617
0.0,0.06539271,35002.867
0.0,0.36152646,365.09476
0.0,0.5321468,77.36394
0.0,0.08178188,605.0433
0.0,0.15186511,73.808655
0.0,0.00029187638,88906.32
0.0,0.030952185,531.228
0.0,0.29715428,810.2178
0.0,0.05853114,188.77852
0.0,0.26401,1257.9365
0.0,0.601103,275.5923
0.0,0.21877703,136.52448
0.0,0.7027032,982.92706
0.0,0.006883588,1129.1113
0.0,0.004104178,31154.908
0.0,0.52833754,105.08117
0.0,0.79292136,67.363174
0.0,0.86508,2508.6897
0.0,0.014893395,1980.3588
0.0,0.36147246,1459.0145
0.0,0.14935392,221.72649
0.0,0.25970873,711.13464
0.0,0.29489788,1971.293
0.0,0.1379729,323.683
0.0,0.10761418,698.67584
0.0,0.15432712,4179.054
0.0,0.0021798739,913.0128
0.0,0.18029405,66.662575
0.0,0.5288315,490.87607
0.0,0.28366494,347.62766
0.0,0.1863555,1185.3518
0.0,0.17768414,115.93027
0.0,0.3274164,5119.3906
0.0,0.11221533,4357.99
0.0,0.45733148,69.165764
0.0,0.014354717,6963.8325
0.0,0.42614403,186.47047
0.0,0.05218842,1724.4031
0.0,0.08381375,507.39743
0.0,0.00569984,36829.676
0.0,0.2916753,4836.4683
0.0,0.055745203,1206.5977
0.0,0.43127844,169.58066
0.0,0.21092069,105.05631
0.0,0.15561356,127.457184
0.0,0.98718286,2047.923
0.0,0.0020083294,1469.9114
0.0,0.032741833,2028.3336
0.0,0.4598328,1180.2844
0.0,0.7137293,115.0128
0.0,0.13268037,2500.0364
0.0,0.08523169,69.616875
0.0,0.061900914,239.11026
0.0,0.23498212,283.44257
0.0,0.001645943,3972.7527
0.0,0.100147314,691.2595
0.0,0.025722818,28950.28
0.0,0.041085757,5306.4653
0.0,0.035889644,2410.629
0.0,0.03322856,256.66724
0.0,0.4830262,267.96167
0.0,0.04527965,1259.1407
0.0,0.16001512,26801.832
0.0,0.5170379,91.18031
0.0,0.13415745,637.81555
0.0,0.17014855,584.1627
0.0,0.121251814,90.10952
0.0,0.05738466,92.489204
0.0,0.015681202,3072.8743
0.0,0.036306616,97.25791
0.0,0.0071456805,74022.51
0.0,0.01612712,396.794
0.0,0.00055715715,41354.41
0.0,0.15565477,9341.108
0.0,0.4916754,292.98297
0.0,0.015803365,108.16891
0.0,0.08296405,9801.067
0.0,0.02514639,30779.611
0.0,0.027708914,18374.498
0.0,0.052416258,613.4849
0.0,0.36839703,3792.9375
0.0,0.12862746,10083.794
0.0,0.26435995,302.72852
0.0,0.034794945,36295.883
0.0,0.028242055,697.8509
0.0,0.52660805,1757.6201
0.0,0.16351067,138.8998
0.0,0.25636166,96.0708
0.0,0.061838556,1814.4489
0.0,0.12526949,273.9457
0.0,0.6974441,1584.4784
0.0,0.10920995,3953.409
0.0,0.6668893,9913.511
0.0,0.8691149,117.6697
0.0,0.45572165,156.00793
0.0,0.20779328,238.1083
0.0,0.0019393795,769.47876
0.0,0.0008815011,3366.83
0.0,0.0695803,1028.8035
0.0,0.01156271,7864.9795
0.0,0.02384687,2051.105
0.0,0.04348616,1654.8125
0.0,0.002561604,1221.6068
0.0,0.0493321,2680.775
0.0,0.1134162,745.5464
0.0,0.17922598,317.65903
0.0,0.76827383,78.03456
0.0,0.20939265,74.38742
0.0,0.18703927,93.096344
0.0,0.13962479,1220.9994
0.0,0.0064327526,13963.606
0.0,0.10246139,2400.6672
0.0,0.13153881,1156.8944
0.0,0.16640586,68.53
0.0,0.4593764,1670.2837
0.0,0.2818244,69.91296
0.0,0.027073905,2515.055
0.0,0.85370564,994.9889
0.0,0.0050549977,704.28784
0.0,0.022488305,21610.596
0.0,0.4846766,112.763084
0.0,0.42452028,82.94634
0.0,0.51856893,68.55982
0.0,0.0020376027,38463.023
0.0,0.2472305,18041.428
0.0,0.032012664,14389.345
0.0,0.14266248,2856.4634
0.0,0.15892242,454.50824
0.0,0.15892242,454.50824
0.0,0.1718552,229.83409
0.0,0.0013711192,2307.489
0.0,0.53142726,747.1304
0.0,0.10532901,1207.9777
0.0,0.3534945,221.67001
0.0,0.20963873,84.5544
0.0,0.024082338,95.10625
0.0,0.0046090973,733.142
0.0,0.07835207,34723.207
0.0,0.021694403,20821.816
0.0,0.019725401,20153.518
0.0,0.16456768,6655.7046
0.0,0.19133611,97.25935
0.0,0.094844,165.60712
0.0,0.047267735,621.5159
0.0,0.6044063,8088.3384
0.0,0.21015213,533.9589
0.0,0.582884,230.13887
0.0,0.5624886,5804.695
0.0,0.04444275,689.4036
0.0,0.25675637,746.2872
0.0,0.98186964,298.00568
0.0,0.0065532913,8979.849
0.0,0.04330911,33718.465
0.0,0.40021688,159.74246
0.0,0.9989963,152.08986
0.0,0.03421949,4879.5767
0.0,0.19507006,1548.0663
0.0,0.16743994,71.97546
0.0,0.44023624,152.25812
0.0,0.0044367234,31686.865
0.0,0.35873672,2084.2803
0.0,0.0076817973,7007.005
0.0,0.094100386,68.346275
0.0,0.09800897,130.11923
0.0,0.008604163,33117.438
0.0,0.0019362661,25060.69
0.0,0.49440283,1124.4226
0.0,0.7127737,5981.921
0.0,0.011445687,3936.441
0.0,0.4753828,4887.85
0.0,0.8567926,68.59926
0.0,0.94547707,98.91739
0.0,0.3204969,2053.3896
0.0,0.15666705,72.53264
0.0,0.016165381,7730.8027
0.0,0.03510628,535.71735
0.0,0.6518633,904.64886
0.0,0.12178586,710.57855
0.0,0.13589802,314.61874
0.0,0.05469266,9839.646
0.0,0.64704347,69.64948
0.0,0.5342717,8284.363
0.0,0.28998947,10465.204
0.0,0.25821105,98.02973
0.0,0.12910476,199.62888
0.0,0.49504974,66.27822
0.0,0.16772532,186.62143
0.0,0.11326138,267.82123
0.0,0.11326138,267.82123
0.0,0.46887842,441.56873
0.0,0.30293295,1763.2769
0.0,0.045840584,105.77361
0.0,0.18648237,1407.151
0.0,0.23341058,1897.0553
0.0,0.0029413006,7729.954
0.0,0.54433185,94.33061
0.0,0.021564772,22625.443
0.0,0.14621195,31453.104
0.0,0.49629933,4210.037
0.0,0.62605494,233.4755
0.0,0.3757194,339.5926
0.0,0.023506602,526.711
0.0,0.43436855,190785.02
0.0,0.31597078,1487.718
0.0,0.016699057,1842.6945
0.0,0.00048914953,76568.54
0.0,0.46351328,5683.964
0.0,0.18974514,447.1273
0.0,0.58127403,76.261505
0.0,0.44096908,143.2665
0.0,0.19528838,362.27005
0.0,0.1615824,173.0899
0.0,0.0050420165,4077.4556
0.0,0.21745901,4637.5806
0.0,0.7223372,3766.2976
0.0,0.08334274,1514.4159
0.0,0.5569431,782.0942
0.0,0.16833289,1254.4202
0.0,0.9994035,7960.8555
0.0,0.13422912,91.15714
0.0,0.5277758,79.184975
0.0,0.20744672,1487.6804
0.0,0.0009975358,1586.3567
0.0,0.15013611,129.4485
0.0,0.006222369,5915.1562
0.0,0.9696788,200.11649
0.0,0.011880989,21272.05
0.0,0.3966214,922.9157
0.0,0.23526709,391.19254
0.0,0.06880948,11829.738
0.0,0.13469134,71.20179
0.0,0.6379218,5482.9663
0.0,0.6939273,2316.399
0.0,0.015642203,14768.725
0.0,0.18381853,2518.4165
0.0,0.29087973,77.99212
0.0,0.11471578,103.14796
0.0,0.09961476,2678.4507
0.0,0.027370717,314.92477
0.0,0.029591134,29654.865
0.0,0.015763352,8181.254
0.0,0.18116258,251.03664
0.0,0.22513056,84.85445
0.0,0.49164867,74.65965
0.0,0.64012873,95.93946
0.0,0.54509693,84.68286
0.0,0.722286,42811.207
0.0,0.19728571,98.34674
0.0,0.04464403,112.082275
0.0,0.25034112,594.141
0.0,0.68461496,988.7059
0.0,0.09210746,67.31552
0.0,0.086177275,84.14473
0.0,0.07178809,564.083
0.0,0.18530929,114.52388
0.0,0.5357947,150.54767
0.0,0.020048851,2890.1274
0.0,0.034494806,20153.473
0.0,0.0081252735,4688.0
0.0,0.10810274,125.016464
0.0,0.11928967,1486.3173
0.0,0.11928967,1486.3173
0.0,0.044968594,11282.711
0.0,0.20940152,1399.9252
0.0,0.09182537,1124.9456
0.0,0.34806445,502.2419
0.0,0.009241129,2895.365
0.0,0.43815774,69.26836
0.0,0.56864405,69.01035
0.0,0.9999403,225.90419
0.0,0.0010911021,1132.164
0.0,0.41213658,2832.7783
0.0,0.0069853542,2531.3071
0.0,0.39183217,116.00615
0.0,0.387853,1190.805
0.0,0.6626164,70.74899
0.0,0.008707172,1500.4379
0.0,0.0037239422,5825.551
0.0,0.06490347,2393.941
0.0,0.44107306,160.22887
0.0,0.024648963,133.00691
0.0,0.9999995,96.37898
0.0,0.29807612,113.8122
0.0,0.36199072,536.1731
0.0,0.013322533,1008.5554
0.0,0.026193207,1789.1644
0.0,0.012214856,9207.492
0.0,0.16396496,13714.48
0.0,0.5416123,231.72064
0.0,0.18484469,2347.8833
0.0,0.11388944,3859.7893
0.0,0.5754047,141.66211
0.0,0.11857237,107.990074
0.0,0.05888347,833.0544
0.0,0.00848132,1442.9672
0.0,0.13405745,3619.3372
0.0,0.18443047,12835.837
0.0,0.10408599,437.63458
0.0,0.0012531852,4856.124
0.0,0.19766165,6867.722
0.0,0.026031137,3499.1743
0.0,0.068871774,261.3813
0.0,0.038353417,284.6495
0.0,0.003116177,63868.945
0.0,0.07214388,117.234726
0.0,0.09023029,89.66127
0.0,0.00762912,48290.715
0.0,0.99999607,114.12409
0.0,0.0009357001,25232.174
0.0,0.14049192,2545.7212
0.0,0.061069187,643.2964
0.0,0.3047453,8098.5225
0.0,0.34944466,83.241165
0.0,0.49440283,161.84998
0.0,0.017643925,2402.0435
0.0,0.49800798,65.72656
0.0,0.015428558,1194.248
0.0,0.35881168,6119.121
0.0,0.079389885,2695.766
0.0,0.5237404,731.8954
0.0,0.2812904,490.60287
0.0,0.18144882,16749.19
0.0,0.32419866,79.54973
0.0,0.48890686,88.00952
0.0,0.47339347,2492.6018
0.0,0.4861594,3931.2837
0.0,0.28306285,120.69641
0.0,0.455132,4134.7534
0.0,0.055889543,778.4472
0.0,0.052335218,1911.2216
0.0,0.0068689412,290.76553
0.0,0.54347736,5504.7603
0.0,0.24085023,97.268456
0.0,0.44489405,83.82851
0.0,0.10623044,565.2818
0.0,0.19420752,131.41609
0.0,0.34268036,233.40091
0.0,0.047364734,4413.029
0.0,0.99883515,3723.734
0.0,0.008451702,463.64682
0.0,0.062824674,85.44976
0.0,0.062824674,85.44976
0.0,0.09767042,101.20852
0.0,0.0039006004,35588.098
0.0,0.5216682,383.5372
0.0,0.01258681,24249.229
0.0,0.19464839,71.04315
0.0,0.008547761,10797.668
0.0,0.03508314,4855.7773
0.0,0.0219976,7103.6675
0.0,0.33838254,91.32943
0.0,0.18495038,11438.251
0.0,0.012231299,55842.574
0.0,0.03156899,8082.293
0.0,0.063307576,1868.999
0.0,0.03370364,2859.6987
0.0,0.36924297,70.53157
0.0,0.4398785,139.64404
0.0,0.007733635,576.94116
0.0,0.1905994,69.63266
0.0,0.07793365,5263.647
0.0,0.026721414,3210.5637
0.0,0.04345648,139.93866
0.0,0.28493533,318.0178
0.0,0.08815735,7239.6626
0.0,0.11052704,711.1706
0.0,0.13981505,346.9737
0.0,0.34329796,162.54272
0.0,0.3385859,516.5103
0.0,0.33226922,468.2393
0.0,0.40646186,514.3976
0.0,0.037405383,2364.0542
0.0,0.55047417,79.16854
0.0,0.2110882,512.09143
0.0,0.37381485,78.21128
0.0,0.05871513,2725.7698
0.0,0.0080458885,13639.592
0.0,0.1016662,155.58055
0.0,0.022992926,7095.6934
0.0,0.009086209,548.19727
0.0,0.11995839,94.0
0.0,0.33414668,4171.243
0.0,0.28277987,7832.2847
0.0,0.08646535,83.10024
0.0,0.23437612,122.31342
0.0,0.21411341,205.63657
0.0,0.4387538,10079.532
0.0,0.22404101,69292.21
0.0,0.0679847,85.21219
0.0,0.7668597,1563.4181
0.0,0.00047776732,4929.159
0.0,0.005614797,4511.978
0.0,0.49727654,124.32657
0.0,0.15190218,149.20988
0.0,0.054478783,1308.57
0.0,0.38344434,83.308464
0.0,0.021930931,1087.1768
0.0,0.06036105,112.37943
0.0,0.39907593,578.28406
0.0,0.4840585,391.09763
0.0,0.12036194,92.47823
0.0,0.0020630243,1858.0597
0.0,0.64717263,74.04823
0.0,0.72116196,109.75874
0.0,0.1590597,1806.7236
0.0,0.35714686,115.91054
0.0,0.42255622,814.6994
0.0,0.0938182,75.567696
0.0,0.2955744,11602.469
0.0,0.07268842,774.3214
0.0,0.06127607,29577.346
0.0,0.020610437,2053.7087
0.0,0.26517454,818.45557
0.0,0.006481944,12969.512
0.0,0.012553081,1611.9274
0.0,0.58757985,208.77228
0.0,0.06376194,1102.3833
0.0,0.17038186,1500.7262
0.0,0.276867,11775.338
0.0,0.109613314,291.89835
0.0,0.9131437,20676.334
0.0,0.18573564,140.62892
0.0,0.019981058,358.90723
0.0,0.2604139,73.766815
0.0,0.0015432487,56048.594
0.0,0.49440283,1557.1001
0.0,0.0031871127,10103.1875
0.0,0.09843794,85.851524
0.0,0.5703231,6407.9736
0.0,0.9995492,472.00815
0.0,0.124352574,813.1123
0.0,0.07833579,7135.1187
0.0,0.017524756,1330.4554
0.0,0.4613982,79.435455
0.0,0.45418948,129.3335
0.0,0.17651403,110.89656
0.0,0.015696539,6541.864
0.0,0.57123005,1537.362
0.0,0.011108575,65714.73
0.0,0.07775334,543.36084
0.0,0.29772013,511.9593
0.0,0.23000914,628.7388
0.0,0.35602012,20579.85
0.0,0.0002588286,88509.14
0.0,0.0029248858,97188.02
0.0,0.3052902,2562.727
0.0,0.32271296,90.51157
0.0,0.30946964,877.1878
0.0,0.02434705,6434.751
0.0,0.101696394,328.16846
0.0,0.027480926,21253.49
0.0,0.037069943,5269.4585
0.0,0.10437538,12680.811
0.0,0.34181926,148.0397
0.0,0.026576305,20673.633
0.0,0.5508605,130.23558
0.0,0.35923257,134.0392
0.0,0.2352266,28501.822
0.0,0.0028558522,29022.715
0.0,0.009291801,50306.312
0.0,0.003220333,22411.26
0.0,0.010126391,50963.1
0.0,0.13552596,1430.9498
0.0,0.5581056,1662.1555
0.0,0.21262224,100.38227
0.0,0.31388324,24632.75
0.0,0.001685078,400.05344
0.0,0.49440283,751.61035
0.0,0.09485198,8526.876
0.0,0.28366238,113.76666
0.0,0.3429425,1434.8704
0.0,0.49440283,2107.6428
0.0,0.26705006,100.46535
0.0,0.36688182,7616.933
0.0,0.1258388,1632.1567
0.0,0.2609356,78.63757
0.0,0.013320615,28094.621
0.0,0.6777951,1177.0897
0.0,0.48300174,169.80536
0.0,0.038702536,43892.207
0.0,0.17446527,174.4332
0.0,0.15673701,1616.8711
0.0,0.58237594,2292.2622
0.0,0.18037617,987.5331
0.0,0.067502536,95.84223
0.0,0.043285724,9233.49
0.0,0.013917069,284.77063
0.0,0.05798042,2332.2644
0.0,0.2177416,509.4682
0.0,0.06400002,3084.775
0.0,0.55667436,290.97522
0.0,0.1344826,722.9511
0.0,0.99999964,9032.167
0.0,0.5083061,22874.703
0.0,0.14437665,74.434235
0.0,0.02046486,2103.0276
0.0,0.0034797697,62702.395
0.0,0.23018959,114.79581
0.0,0.06389941,1083.4934
0.0,0.0062610256,962.45105
0.0,0.44105348,3147.3884
0.0,0.0029951234,1826.4955
0.0,0.6536214,1471.6143
0.0,0.0032222318,20806.895
0.0,0.03430871,17274.682
0.0,0.5382086,197.72203
0.0,0.0057853586,48273.113
0.0,0.10222193,2963.5337
0.0,0.10134132,239.60512
0.0,0.20569538,72.40271
0.0,0.07567485,62649.27
0.0,0.27311227,798.045
0.0,0.48274592,1699.5718
0.0,0.5603772,82.92558
0.0,0.5133554,1070.9458
0.0,0.44034934,2056.2234
0.0,0.07676521,6380.548
0.0,0.16300955,203.77199
0.0,0.05650387,75309.56
0.0,0.1694823,1107.34
0.0,0.15056498,87.22353
0.0,0.55910873,985.2052
0.0,0.06934381,366.70975
0.0,0.73255634,1358.6145
0.0,0.27426824,15287.91
0.0,0.13970709,127.02222
0.0,0.55496126,1316.1796
0.0,0.009984881,176.37347
0.0,0.47004947,1982.3776
0.0,0.014702929,250.63826
0.0,0.010471175,7376.313
0.0,0.0037051225,1689.4749
0.0,0.015793238,30170.62
0.0,0.37447318,74.58256
0.0,0.028810825,11322.957
0.0,0.14181562,711.2537
0.0,0.012004749,5921.999
0.0,0.013279827,3907.2056
0.0,0.30118722,639.7046
0.0,0.30118722,639.7046
0.0,0.015891172,23117.543
0.0,0.00026377372,13945.772
0.0,0.024931412,2964.5393
0.0,0.11704595,972.8079
0.0,0.15396218,3041.889
0.0,0.006678645,3384.799
0.0,0.17355937,113.97533
0.0,0.16788682,10144.771
0.0,0.21760666,70.19895
0.0,0.0034095466,621.8702
0.0,0.21587098,1091.8696
0.0,0.3055282,94.17277
0.0,0.1963808,104.823685
0.0,0.24431676,157.93701
0.0,0.012854608,1242.887
0.0,0.08536684,8766.317
0.0,0.0026439691,3665.9343
0.0,0.0013669168,3462.1262
0.0,0.20053491,7783.835
0.0,0.11648071,75.971405
0.0,0.008903288,80741.33
0.0,0.05754318,59934.395
0.0,0.0014669759,2860.2593
0.0,0.11724759,71.10277
0.0,0.07781494,656.0234
0.0,0.16005209,271.32498
0.0,0.8433722,3971.379
0.0,0.1154754,69.983665
0.0,0.18362457,5272.7314
0.0,0.5272349,241.00958
0.0,0.020276314,71097.49
0.0,0.29415202,87.75582
0.0,0.01702146,1032.2998
0.0,0.85652465,1438.759
0.0,0.27992234,143.75188
0.0,0.55844855,11937.63
0.0,0.008390981,315.08994
0.0,0.028334094,9781.728
0.0,0.009054413,4929.522
0.0,0.4720381,141.2454
0.0,0.28670493,435.10056
0.0,0.2855024,151.43892
0.0,0.0013811297,13136.632
0.0,0.9999113,87.88247
0.0,0.059718806,96.6803
0.0,0.12593006,508.70187
0.0,0.36582658,94.93963
0.0,0.03138993,2413.6575
0.0,0.26581717,334.35263
0.0,0.5024117,192.90085
0.0,0.090304635,323.11453
0.0,0.07208624,57682.492
0.0,0.20924556,536.9761
0.0,0.15827326,131.25854
0.0,0.60046947,6316.7227
0.0,0.15859991,116.71041
0.0,0.107494794,7378.468
0.0,0.99972755,114.26878
0.0,0.2974196,355.7527
0.0,0.24983242,598.79535
0.0,0.3209707,147.6733
0.0,0.11059743,1113.2305
0.0,0.49440283,1992.7225
0.0,0.32497072,66.07338
0.0,0.10629985,308.30142
0.0,0.06622317,349.17
0.0,0.475738,85.63377
0.0,0.0069491505,8066.256
0.0,0.019156035,80305.46
0.0,0.16862114,70.04282
0.0,0.017766004,1762.4165
0.0,0.44140026,155.65462
0.0,0.44014817,2917.492
0.0,0.14350969,837.438
0.0,0.14350966,837.438
0.0,0.35909128,966.21985
0.0,0.12985334,180.69032
0.0,0.8175082,1916.3065
0.0,0.62986577,74.356804
0.0,0.017426303,5017.64
0.0,0.12327211,95.12567
0.0,0.13144065,766.54675
0.0,0.02422947,1382.1567
0.0,0.04004535,357.97488
0.0,0.15669535,25559.27
0.0,0.14915861,6496.1875
0.0,0.044062465,488.25726
0.0,0.16311467,2515.8174
0.0,0.05677933,9800.938
0.0,0.7870263,793.8737
0.0,0.26402384,14125.968
0.0,0.9203965,669.42175
0.0,0.53893095,7068.3267
0.0,0.049191404,6792.1074
0.0,0.56903493,1542.7358
0.0,0.64849937,73.751144
0.0,0.4156698,995.0211
0.0,0.14033704,117.549545
0.0,0.05502062,6924.1104
0.0,0.81030065,2875.8926
0.0,0.13309948,160.95187
0.0,0.1617682,189.0022
0.0,0.10147593,155.01965
0.0,0.001818298,76499.72
0.0,0.41244286,6168.4956
0.0,0.13026902,1536.2535
0.0,0.40054205,109.62302
0.0,0.030228974,26670.643
0.0,0.079282254,557.7875
0.0,0.32587337,8928.769
0.0,0.9999621,1725.4021
0.0,0.434471,8608.149
0.0,0.061358787,4018.7517
0.0,0.14309536,290.20007
0.0,0.009277773,1757.213
0.0,0.3670966,305.25583
0.0,0.032458182,7946.2935
0.0,0.0892386,1609.5055
0.0,0.50761193,68.56583
0.0,0.014198412,252.44754
0.0,0.24166785,3344.703
0.0,0.139735,1782.3071
0.0,0.1327017,123.36278
0.0,0.38119596,471.63437
0.0,0.17681596,357.9918
0.0,0.040428646,1685.5043
0.0,0.06082278,2389.5671
0.0,0.11811381,480.3939
0.0,0.017792061,3496.6953
0.0,0.155634,12374.887
0.0,0.11770158,507.62616
0.0,0.29061142,135.05875
0.0,0.41531336,2957.8918
0.0,0.756033,1953.779
0.0,0.26663265,407.84204
0.0,0.23086782,154.76506
0.0,0.027305432,6797.6357
0.0,0.4441109,246.32721
0.0,0.38931668,197.20842
0.0,0.33164582,328.17404
0.0,0.047053654,348.19205
0.0,0.06625104,2768.9348
0.0,0.13917522,1161.3767
0.0,0.029383903,63631.94
0.0,0.031161556,152.96036
0.0,0.52131563,259.8082
0.0,0.14221919,250.74615
0.0,0.1971731,2004.8959
0.0,0.5715557,181.01657
0.0,0.29879016,47048.047
0.0,0.077144176,204.88597
0.0,0.03205267,72.83958
0.0,0.049649883,78.19164
0.0,0.16491418,525.98315
0.0,0.5620549,9128.785
0.0,0.054449074,3563.1658
0.0,0.50310785,569.569
0.0,0.34203443,237.73997
0.0,0.42335558,71.28482
0.0,0.12611252,111.50146
0.0,0.094964065,8712.42
0.0,0.15617116,2861.5142
0.0,0.081954524,6797.9194
0.0,0.17252022,742.8532
0.0,0.50671613,97.722336
0.0,0.01101742,4531.4395
0.0,0.013953912,4524.395
0.0,0.007367618,3226.356
0.0,0.006310973,29907.033
0.0,0.9999865,146.79356
0.0,0.0663822,476.17
0.0,0.15514165,66.10264
0.0,0.0095883235,1148.4498
0.0,0.30610386,192.67816
0.0,0.0011202092,36870.215
0.0,0.4251516,957.2927
0.0,0.07082232,2996.3071
0.0,0.03999541,4065.3145
0.0,0.37859145,868.2545
0.0,0.008739062,13378.08
0.0,0.74075645,790.907
0.0,0.030867103,395.5721
0.0,0.05090406,8903.923
0.0,0.15855211,1318.6573
0.0,0.10901596,95.262825
0.0,0.19700103,67.87101
0.0,0.12693964,173.16745
0.0,0.002986602,68851.81
0.0,0.12282327,137.64209
0.0,0.0044287564,57531.707
0.0,0.24905309,257.97192
0.0,0.5074006,5787.63
0.0,0.31105947,67.15022
0.0,0.39419258,80.75811
0.0,0.016841834,4190.0767
0.0,0.07361507,67810.34
0.0,0.19945791,91.26861
0.0,0.0038025372,5732.105
0.0,0.16520795,1688.1527
0.0,0.9828598,556.2472
0.0,0.074784376,200.9653
0.0,0.1823486,1091.5178
0.0,0.18017241,139.90324
0.0,0.79308593,359.44867
0.0,0.34384596,174.86061
0.0,0.17937058,77.89353
0.0,0.00648795,8972.093
0.0,0.13329227,452.63477
0.0,0.49440283,122.48181
0.0,0.16085418,289.45004
0.0,0.19018419,148.18475
0.0,0.020913789,1208.2972
0.0,0.5911709,339.6112
0.0,0.18616483,86.69121
0.0,0.47340083,155.44908
0.0,0.03184933,1715.452
0.0,0.0011779419,1381.7046
0.0,0.15587172,175.74745
0.0,0.033176344,4296.9834
0.0,0.2425727,3308.6326
0.0,0.58222306,88.44492
0.0,0.51415634,81.50742
0.0,0.37600756,380.55017
0.0,0.32261553,97.396965
0.0,0.3117847,147.6493
0.0,0.25688928,1037.5587
0.0,0.13086034,10914.143
0.0,0.10567506,90.42809
0.0,0.005938327,1239.9102
0.0,0.04548549,70192.32
0.0,0.33418483,18002.762
0.0,0.29227513,278.51083
0.0,0.16134562,81678.266
0.0,0.0011825135,2922.4583
0.0,0.19681145,199.8134
0.0,0.0110854935,2316.147
0.0,0.1647872,278.40182
0.0,0.1963827,13539.46
0.0,0.07013819,1336.9755
0.0,0.18285201,342.57993
0.0,0.016744554,9762.65
0.0,0.07168531,4395.2627
0.0,0.16461506,1768.7263
0.0,0.22443372,4763.5405
0.0,0.0035425082,4247.4644
0.0,0.4013728,12182.176
0.0,0.017472116,468.14804
0.0,0.21628289,3740.3662
0.0,0.062041756,489.6504
0.0,0.00031273236,9870.496
0.0,0.30126077,196.84003
0.0,0.02884809,7277.2544
0.0,0.0917716,1592.6621
0.0,0.18387626,2653.6658
0.0,0.9999976,120.75202
0.0,0.51726913,311.40338
0.0,0.003125061,15112.077
0.0,0.2197376,69.25273
0.0,0.53717023,99.149864
0.0,0.5056581,1484.3301
0.0,0.21762809,145.52693
0.0,0.19180024,75.31341
0.0,0.28449097,82.94532
0.0,0.49383143,4709.6216
0.0,0.025109535,56187.477
0.0,0.19364434,65.50594
0.0,0.51759076,139.15884
0.0,0.2203112,110.55373
0.0,0.00066909374,924.7405
0.0,0.3217941,74.31803
0.0,0.013922435,1053.7024
0.0,0.49440283,1202.5177
0.0,0.60010624,79.54726
0.0,0.008114893,3535.0505
0.0,0.03739341,1622.4336
0.0,0.06661625,4798.28
0.0,0.5597361,82.5977
0.0,0.17006533,1835.8859
0.0,0.027432213,33081.35
0.0,0.112177975,131.66219
0.0,0.038050074,922.30994
0.0,0.0225108,9107.016
0.0,0.02357211,1255.4852
0.0,0.48454612,841.02374
0.0,0.49278343,3077.1892
0.0,0.27767634,1783.1908
0.0,0.15884785,303.8302
0.0,0.5063148,770.8723
0.0,0.6990548,460.2011
0.0,0.038151342,6568.829
0.0,0.49756256,555.74725
0.0,0.24626386,180.99957
0.0,0.49440283,795.3643
0.0,0.15970083,12567.403
0.0,0.016812779,4392.701
0.0,0.38129845,566.5008
0.0,0.10988873,303.88275
0.0,0.44725,826.80975
0.0,0.0049928543,777.3646
0.0,0.015527304,186.74924
0.0,0.18206598,1998.9667
0.0,0.66906846,115.86734
0.0,0.18363564,105.31928
0.0,0.38344088,329.18558
0.0,0.57846385,145.5239
0.0,0.07391956,25185.646
0.0,0.21296245,1644.4551
0.0,0.13022411,416.80267
0.0,0.0074365158,1583.9583
0.0,0.5665963,153.81041
0.0,1.0,268.04095
0.0,0.9305447,76.89625
0.0,0.014445109,6388.5005
0.0,0.0025334444,2853.0845
0.0,0.5680786,70.45233
0.0,0.1315013,203.77245
0.0,0.47007653,1264.9626
0.0,0.38794136,190.40407
0.0,0.4108828,83.62537
0.0,0.05696189,16631.395
0.0,0.07319344,1504.098
0.0,0.12920876,1633.5659
0.0,0.011274745,42624.49
0.0,0.5929029,141.01546
0.0,0.28663623,148.30814
0.0,0.03256181,6011.9854
0.0,0.23067944,85.216255
0.0,0.16686334,121.967026
0.0,0.63536954,86.07342
0.0,0.32157463,137.31966
0.0,0.10802075,47400.21
0.0,0.5734121,594.1488
0.0,0.016721465,4094.919
0.0,0.023289213,207.53915
0.0,0.14758806,70.39556
0.0,0.3810533,959.24817
0.0,0.24305958,14132.468
0.0,0.999775,529.61804
0.0,0.15663506,232.5652
0.0,0.030522654,1739.2029
0.0,0.43699607,9098.471
0.0,0.047499157,11844.932
0.0,0.09349944,81.44856
0.0,0.6679098,91.737206
0.0,0.03511358,432.21066
0.0,0.5159673,8531.287
0.0,0.5933882,29815.79
0.0,0.19694476,24294.586
0.0,0.026517551,651.9674
0.0,0.4060975,2180.9846
0.0,0.3296444,450.575
0.0,0.12657079,9643.105
0.0,0.06799856,2741.2205
0.0,0.41231748,1017.83203
0.0,0.19501051,77.08917
0.0,0.9998184,92.21221
0.0,0.05297674,27364.84
0.0,0.5315052,69.930244
0.0,0.021526001,15517.02
0.0,0.3490586,116.564415
0.0,0.093759924,223.76247
0.0,0.14910652,8309.962
0.0,0.015294493,92838.71
0.0,0.10568847,212.62393
0.0,0.049405254,2713.0325
0.0,0.17325157,397.39697
0.0,0.76343256,961.25507
0.0,0.15192491,66.53684
0.0,0.15561667,16785.088
0.0,0.30986962,1021.17896
0.0,0.2922012,467.33176
0.0,0.28221607,1099.891
0.0,0.2667321,126.620705
0.0,0.0064764856,15361.624
0.0,0.80433905,3122.1204
0.0,0.49487737,121.99261
0.0,0.76211315,426.41595
0.0,0.02426682,6892.829
0.0,0.18959832,116.62311
0.0,0.41906413,406.59818
0.0,0.032632925,23557.46
0.0,0.60313475,78.40661
0.0,0.0732878,1299.0189
0.0,0.3153959,5487.857
0.0,0.045011505,3497.9873
0.0,0.3102639,5392.0757
0.0,0.0773596,130.06339
0.0,0.06614054,5356.5913
0.0,0.24208194,2747.3882
0.0,0.013580617,2002.3286
0.0,0.629932,3071.3884
0.0,0.09445961,274.86884
0.0,0.17859781,25040.695
0.0,0.083418675,2221.8523
0.0,0.074805364,3623.4922
0.0,0.093416214,10321.094
0.0,0.58128345,938.01587
0.0,0.62035793,125.67803
0.0,0.06278445,89.92821
0.0,0.12714341,198.4138
0.0,0.20886458,980.13745
0.0,0.08562392,1349.2025
0.0,0.1058123,385.05194
0.0,0.6200318,191.0397
0.0,0.08175933,341.60242
0.0,0.03731328,2663.6172
0.0,0.6627275,10632.366
0.0,0.09309458,578.832
0.0,0.3652099,396.56143
0.0,0.045538716,1566.1394
0.0,0.4874363,143.34714
0.0,0.050618336,758.6494
0.0,0.050618336,758.6494
0.0,0.19947608,67.804535
0.0,0.045825563,1994.3707
0.0,0.28802425,422.6291
0.0,0.18362676,74.27388
0.0,0.13340864,78.13854
0.0,0.10676939,102.48238
0.0,0.081326164,16443.16
0.0,0.46599028,83.66986
0.0,0.001435304,3213.378
0.0,0.37258917,95.09434
0.0,0.54239184,11466.254
0.0,0.119010836,159.4044
0.0,0.2853644,164.21474
0.0,0.058524493,142.64955
0.0,0.429412,1697.0452
0.0,0.067147344,699.2802
0.0,0.17462713,71.068504
0.0,0.016861204,96968.02
0.0,0.25154087,129.47878
0.0,0.019049617,41825.934
0.0,0.21102358,194.68324
0.0,0.6421756,68.74176
0.0,0.0024990696,36059.7
0.0,0.047556892,108.7784
0.0,0.014473214,7168.027
0.0,0.09480108,112.37024
0.0,0.38988754,86.0601
0.0,0.45933005,1907.0209
0.0,0.14470102,87.98926
0.0,0.17162539,72.17301
0.0,0.3282695,12459.045
0.0,0.09372832,1598.508
0.0,0.0025827806,17293.697
0.0,0.7236165,425.13528
0.0,0.31292364,1189.8778
0.0,0.028318426,1029.9608
0.0,0.08614401,2186.941
0.0,0.19932519,32999.473
0.0,0.15163395,1417.9796
0.0,0.48062357,9688.41
0.0,0.11523705,30610.664
0.0,0.36175206,91.57222
0.0,0.49440283,10728.796
0.0,0.49440283,10728.796
0.0,0.0026795033,18397.39
0.0,0.08242558,3026.2285
0.0,0.12786627,3693.0217
0.0,0.1129271,1567.4357
0.0,0.10369709,79.558266
0.0,0.011817195,2901.1262
0.0,0.53975415,180.69736
0.0,0.15273963,218.32344
0.0,0.6472076,77.52226
0.0,0.16346014,196.28247
0.0,0.0019562496,1270.2019
0.0,0.49730852,85.11639
0.0,0.118407786,104.86104
0.0,0.5566044,82.45228
0.0,0.44982025,80.41593
0.0,0.69966644,86.04096
0.0,0.1018382,139.5303
0.0,0.054551065,360.263
0.0,0.54943407,131.00888
0.0,0.56938106,103.74995
0.0,0.32538524,75.19019
0.0,0.4761747,101.12293
0.0,0.6809166,79.95815
0.0,0.031919897,111.89477
0.0,0.40143096,187.55226
0.0,0.55594736,93.68183
0.0,0.3197806,459.39108
0.0,0.5314396,175.09932
0.0,0.3021764,69.359
0.0,0.51531065,767.59955
0.0,0.6253282,77.77061
0.0,0.1399416,66.76205
0.0,0.17359209,326.06253
0.0,0.46455866,152.15851
0.0,0.25313944,187.42484
0.0,0.114697225,100.734474
0.0,0.11465957,74.66267
0.0,0.55453944,124.74334
0.0,0.26458555,100.579414
0.0,0.6149407,123.63091
0.0,0.19783108,584.617
0.0,0.45038626,100.92732
0.0,0.53139347,83.01967
0.0,0.25546288,79.15503
0.0,0.4074411,72.56044
0.0,0.20503935,145.83595
0.0,0.59978753,82.17069
0.0,0.3843841,111.63051
0.0,0.34543362,104.28019
0.0,0.25382808,70.401955
0.0,0.151338,97.4787
0.0,0.03453639,71.27923
0.0,0.16789627,65.4468
0.0,0.45959023,161.3638
0.0,0.1574672,91.12652
0.0,0.3897077,83.50648
0.0,0.13152814,68.64477
0.0,0.11282161,99.13152
0.0,0.18010302,90.53764
0.0,0.093158096,71.932396
0.0,0.16936459,134.2779
0.0,0.7425472,70.43551
0.0,0.5879816,67.7353
0.0,0.56687576,345.30417
0.0,0.35110232,80.70915
0.0,0.06564921,72.59036
0.0,0.6502362,682.46704
0.0,0.45690054,71.03131
0.0,0.42967522,100.87188
0.0,0.5729522,98.92298
0.0,0.39490172,67.64277
0.0,0.088766515,307.45193
0.0,0.27091584,108.06011
0.0,0.19313575,91.35056
0.0,0.05733652,143.51414
0.0,0.399227,74.82784
0.0,0.13156028,482.38412
0.0,0.6771598,96.567154
0.0,0.35934567,159.07135
0.0,0.04456372,136.71445
0.0,0.3162448,75.51664
0.0,0.29826564,137.36618
0.0,0.51850677,99.80404
0.0,0.6882559,71.192116
0.0,0.12054909,67.252174
0.0,0.375805,102.06807
0.0,0.18097246,173.97702
0.0,0.32499367,329.11908
0.0,0.3159332,91.46954
0.0,0.1706292,109.42243
0.0,0.6466745,93.655914
0.0,0.54184693,152.74059
0.0,0.007004505,594.1772
0.0,0.3236176,73.806854
0.0,0.42050204,78.11527
0.0,0.5024014,763.346
0.0,0.5719196,257.48438
0.0,0.7664416,230.68518
0.0,0.51894933,180.25844
0.0,0.1923193,271.72028
0.0,0.56963223,135.07054
0.0,0.05061594,780.0955
0.0,0.48435006,88.86258
0.0,0.5905285,107.0947
0.0,0.068404235,89.38203
0.0,0.21683711,177.3847
0.0,0.50258315,77.22307
0.0,0.82419336,69.03895
0.0,0.18158926,75.5599
0.0,0.34814003,106.38993
0.0,0.40428954,79.31242
0.0,0.27904594,112.84743
0.0,0.31170774,178.69696
0.0,0.19461647,66.88268
0.0,0.1382018,68.84048
0.0,0.5243868,180.68398
0.0,0.31123087,80.18491
0.0,0.6278311,95.847145
0.0,0.06085821,206.6501
0.0,0.7854534,895.4413
0.0,0.086612165,70.68998
0.0,0.71838224,501.612
0.0,0.6204215,90.958664
0.0,0.5501468,70.29072
0.0,0.2892703,129.34514
0.0,0.23780558,83.394485
0.0,0.28179008,506.0652
0.0,0.8156734,569.83075
0.0,0.44275686,121.723816
0.0,0.2579818,151.25563
0.0,0.69726384,83.484886
0.0,0.012484219,702.0104
0.0,0.5085247,67.359566
0.0,0.52542126,158.72163
0.0,0.6518328,78.83022
0.0,0.41284814,67.62194
0.0,0.47857237,83.24021
0.0,0.5538413,98.64078
0.0,0.448022,124.5328
0.0,0.36641955,92.550026
0.0,0.29857704,78.1326
0.0,0.6102427,80.84428
0.0,0.50620806,73.26978
0.0,0.27346525,84.60243
0.0,0.2853307,201.48119
0.0,0.19627549,76.3387
0.0,0.48795858,70.982216
0.0,0.20983166,5048.875
0.0,0.14590314,906.9193
0.0,0.0086595025,11212.21
0.0,0.047813598,893.5502
0.0,0.058811482,6794.233
0.0,0.1319158,198.28477
0.0,0.013160953,908.07715
0.0,0.19060211,1122.5808
0.0,0.28994086,159.41246
0.0,0.04366661,464.71454
0.0,0.036222443,17518.113
0.0,0.0038141408,6270.5977
0.0,0.542017,307.00296
0.0,0.94070816,87.13659
0.0,0.07464731,8133.3906
0.0,0.030602641,355.80228
0.0,0.50725454,301.5901
0.0,0.064255014,8152.26
0.0,0.15224782,68.21471
0.0,0.17116854,3.3984096e+08
0.0,0.1711686,3.3984096e+08
0.0,0.14183524,3404.8188
0.0,0.9135266,162.2951
0.0,0.17688467,2864.293
0.0,0.028331675,70.1955
0.0,0.17837356,463.85355
0.0,0.0071170945,15306.653
0.0,0.48345608,1193.2139
0.0,0.18528052,31615.07
0.0,0.15240899,749.68304
0.0,0.102666885,87.47785
0.0,0.61966085,116.342834
0.0,0.045372404,717.1672
0.0,0.35896417,186.74954
0.0,0.025169639,10927.1045
0.0,0.07193155,10731.765
0.0,0.47404107,775.9278
0.0,0.036051515,17782.93
0.0,0.078736514,43894.613
0.0,0.21905807,13375.833
0.0,0.20715469,778.0439
0.0,0.00956799,8750.465
0.0,0.19506271,94.300476
0.0,0.05022717,123.552345
0.0,0.082081996,6188.2495
0.0,0.0936709,147.90956
0.0,0.012706146,62463.89
0.0,0.07857288,762.10913
0.0,0.1805939,106.44748
0.0,0.15242232,182.49931
0.0,0.018949777,12038.691
0.0,0.12244081,68.62043
0.0,0.08612881,27020.51
0.0,0.22137913,7327.658
0.0,0.091419615,1070.3228
0.0,0.109666705,1724.6028
0.0,0.2660044,333.27875
0.0,0.048442595,47341.285
0.0,0.09845286,1562.9066
0.0,0.18949382,68.69185
0.0,0.042514533,1063.204
0.0,0.99914,9381.203
0.0,0.1130009,66.175514
0.0,0.4321073,3590.7473
0.0,0.10363214,2674.1047
0.0,0.08204769,79.23933
0.0,0.226026,375.7378
0.0,0.03785,113.451385
0.0,0.31649604,260.02792
0.0,0.028887302,1234.6263
0.0,0.035114814,94.44655
0.0,0.1583081,96.32154
0.0,0.51906496,74.82998
0.0,0.018072,2820.6912
0.0,0.69591147,1745.6108
0.0,0.39675483,65.03613
0.0,0.46828774,311.8492
0.0,0.0016694885,40640.69
0.0,0.44202065,239.31657
0.0,0.28542635,647.6048
0.0,0.14903438,82.44603
0.0,0.05490201,673.50275
0.0,0.49440283,1354.1884
0.0,0.34988648,68.79639
0.0,0.061565936,728.8969
0.0,0.4025602,196.45226
0.0,0.108117595,727.1133
0.0,0.21218155,76.41795
0.0,0.05488221,334.09155
0.0,0.11911156,54798.49
0.0,0.3425171,3028.2163
0.0,0.0029700424,41408.387
0.0,0.14683798,15306.317
0.0,0.09100596,12959.817
0.0,0.005041586,83999.43
0.0,0.035104066,306.64655
0.0,0.1481017,400.27377
0.0,0.5464154,128.66357
0.0,0.08290051,2186.905
0.0,0.0583797,22912.18
0.0,0.08128291,1144.3263
0.0,0.116150595,2020.5851
0.0,0.067766115,592.30194
0.0,0.17160752,266.90594
0.0,0.40577227,472.92944
0.0,0.18888909,1274.8881
0.0,0.24692011,293.7257
0.0,0.01297347,35448.88
0.0,0.029642895,173.54042
0.0,0.3893649,475.95047
0.0,0.03336032,547.46045
0.0,0.025031066,443.66742
0.0,0.09929101,1738.9318
0.0,0.44816312,137.74844
0.0,0.080657974,74.54899
0.0,0.0020394875,5287.442
0.0,0.17464413,473.9964
0.0,0.6558645,3023.2993
0.0,0.0017563566,1211.0958
0.0,0.480832,349.27603
0.0,0.05808094,5112.7847
0.0,0.2930828,72.98487
0.0,0.07602999,83.15795
0.0,0.40244412,434.03247
0.0,0.13624406,6032.198
0.0,0.009280356,3128.6711
0.0,0.45567408,71.44994
0.0,0.14163952,352.22617
0.0,0.017646728,1255.83
0.0,0.36608136,3356.5764
0.0,0.60894567,3876.5398
0.0,0.11345788,340.41852
0.0,0.33373478,134.0169
0.0,0.06959631,74.82008
0.0,0.030687992,129.7219
0.0,0.002135964,64393.453
0.0,0.576078,127.3011
0.0,0.5505191,120.13142
0.0,0.3032464,74.56618
0.0,0.34310895,81.01295
0.0,0.0333981,440.10626
0.0,0.54983944,39694.824
0.0,0.44785523,272.0373
0.0,0.084653944,273.6993
0.0,0.06453435,4516.5107
0.0,0.09159341,76798.9
0.0,0.49440283,83.5552
0.0,0.09705924,114.41341
0.0,0.00156737,10144.86
0.0,0.038328927,149.04958
0.0,0.5689654,94.2393
0.0,0.012278271,8987.621
0.0,0.20297053,186.02408
0.0,0.36037296,3577.1165
0.0,0.2175212,10022.853
0.0,0.99998164,219.52408
0.0,0.1685963,78.54904
0.0,0.9999999,2033.2301
0.0,0.5228334,1367.2864
0.0,0.06742721,1901.5879
0.0,0.0008388822,12007.551
0.0,0.19704607,82.737236
0.0,0.31912827,211.35066
0.0,0.31130424,826.1247
0.0,0.30572343,107.73705
0.0,0.2196973,270.13864
0.0,0.03773897,11977.029
0.0,0.014533284,3557.0522
0.0,0.31956023,303.8212
0.0,0.09581168,364.8403
0.0,0.27477017,88.3501
0.0,0.4840328,1321.4517
0.0,0.09972096,16638.555
0.0,0.33133036,175.04175
0.0,0.44760537,700.45435
0.0,0.28270024,101.76577
0.0,0.003550496,1104.3713
0.0,0.008182881,3524.068
0.0,0.05024023,377.19296
0.0,0.20672515,3084.018
0.0,0.18908492,85.182816
0.0,0.13665442,318.4203
0.0,0.016625602,13856.439
0.0,0.04841929,537.86383
0.0,0.4478252,852.1195
0.0,0.04421548,186.52403
0.0,0.35424417,109.636314
0.0,0.10925454,71.97395
0.0,0.18624616,253.83026
0.0,0.053227615,2356.5764
0.0,0.1399525,5675.5044
0.0,0.0070802425,7348.8364
0.0,0.035908293,2799.939
0.0,0.0019520471,1626.1573
0.0,0.3198898,83.740166
0.0,0.3606419,206.56071
0.0,0.026213476,7329.9717
0.0,0.4060197,26369.625
0.0,0.76431197,72.30448
0.0,0.49440283,108.288155
0.0,0.3557896,17473.22
0.0,0.4920837,88.7493
0.0,0.33629918,5914.594
0.0,0.16123721,393.41293
0.0,0.20492432,1892.0027
0.0,0.1514413,450.10034
0.0,0.008448196,12771.9
0.0,0.85323256,1251.586
0.0,0.35509548,153.97278
0.0,0.6747129,361.76984
0.0,0.004349845,11954.918
0.0,0.35205412,31113.988
0.0,0.07057626,526.96295
0.0,0.38374186,107.40959
0.0,0.6108147,663.37665
0.0,0.0867268,312.87808
0.0,0.101138875,2505.766
0.0,0.03527202,7181.0083
0.0,0.21038093,938.28107
0.0,0.48883545,69.7875
0.0,0.026309786,14269.616
0.0,0.21688804,423.10617
0.0,0.8208232,90.916275
0.0,0.15112263,853.59155
0.0,0.28909737,88.39258
0.0,0.110865235,1437.5148
0.0,0.20178886,357.59286
0.0,0.08365485,1436.8536
0.0,0.010175525,86331.57
0.0,0.0045075263,1071.8492
0.0,0.020838376,703.7143
0.0,0.097166814,384.34003
0.0,0.37587357,149.75601
0.0,0.47520837,242.43718
0.0,0.27800602,199.88493
0.0,0.5084124,330.07697
0.0,0.9975757,1031.0815
0.0,0.01570727,5122.885
0.0,0.07792522,4848.553
0.0,0.036183827,541.72925
0.0,0.10173213,1153.7776
0.0,0.06941903,150.15082
0.0,0.016209759,40217.53
0.0,0.5211067,101.70501
0.0,0.68549466,564.2676
0.0,0.023836827,1203.9021
0.0,0.01702392,16499.893
0.0,0.14269786,13343.885
0.0,0.016738322,17845.422
0.0,0.09957545,95.040535
0.0,0.05958601,347.8581
0.0,0.9999987,8072.684
0.0,0.5125722,267.09882
0.0,0.06376982,778.38995
0.0,0.39031008,121.80276
0.0,0.019150445,1006.6692
0.0,0.27321026,382.256
0.0,0.5796425,4646.3647
0.0,0.20509508,1237.3317
0.0,0.19818185,255.04927
0.0,0.49905765,6319.747
0.0,0.46616513,91.63867
0.0,0.7447006,1724.5422
0.0,1.0,87.1165
0.0,0.01855215,7396.7017
0.0,0.0007001845,3792.9958
0.0,0.022790734,1760.2302
0.0,0.67838097,89.167046
0.0,0.03624296,308.6867
0.0,0.19653982,337.05307
0.0,0.10868741,10727.265
0.0,0.24712871,301.63263
0.0,0.005075417,97278.234
0.0,0.00097291835,64441.05
0.0,0.009382143,2878.385
0.0,0.43445882,771.7594
0.0,0.11739658,157.16629
0.0,0.18700308,2204.281
0.0,0.05858097,261.53574
0.0,0.0007172327,3570.252
0.0,0.08443018,108.10942
0.0,0.05558247,117.33575
0.0,0.1468738,58220.723
0.0,0.07781609,122.05263
0.0,0.07429987,18196.7
0.0,0.20278542,88.55813
0.0,0.07259388,1999.3136
0.0,0.014364569,813.1864
0.0,0.14169028,547.5001
0.0,0.276207,1277.4901
0.0,0.7989735,3091.8704
0.0,0.012873154,2180.8853
0.0,0.36920565,438.54462
0.0,0.20691955,278.08807
0.0,0.045631014,69723.55
0.0,0.49592137,171.6021
0.0,0.18684159,120.80838
0.0,0.4915194,296.3434
0.0,0.010195549,1404.1908
0.0,0.4616114,236.13551
0.0,0.4227723,10800.965
0.0,0.23162259,76.93891
0.0,0.004573163,76532.48
0.0,0.039036997,1136.1936
0.0,0.45641875,914.7467
0.0,0.16780746,6822.8755
0.0,0.4722206,146.89546
0.0,0.20014651,898.698
0.0,0.43533313,92.1002
0.0,0.49845532,78.68918
0.0,0.47282854,136.07745
0.0,0.0017949124,80758.0
0.0,0.00089424575,33748.652
0.0,0.018636735,873.4929
0.0,0.09893702,905.9947
0.0,0.30747646,87.33083
0.0,0.19178145,72.17622
0.0,0.12307285,126.06112
0.0,0.7327169,2715.7417
0.0,0.31521308,81.57945
0.0,0.08579255,419.15097
0.0,0.042813715,2741.4822
0.0,0.99999976,104.140945
0.0,0.011625627,2685.9795
0.0,0.12570682,1266.8975
0.0,0.9170996,81.26549
0.0,0.6004938,71.06136
0.0,0.24177729,3133.804
0.0,0.30569917,12422.179
0.0,0.24218364,8041.505
0.0,0.545192,84.08622
0.0,0.22726886,16537.98
0.0,0.060388826,22062.133
0.0,0.10183291,825.917
0.0,0.21898383,176.11978
0.0,0.056139108,977.403
0.0,0.524696,208.45035
0.0,0.008453884,3399.2158
0.0,0.0018174795,11022.999
0.0,0.29149088,301.98093
0.0,0.0013491869,23305.213
0.0,0.060254164,28368.604
0.0,0.0903015,2945.8564
0.0,0.03557775,3982.7146
0.0,0.10299489,406.1063
0.0,0.05794102,110.69978
0.0,0.039843597,975.6773
0.0,0.056643672,9219.748
0.0,0.017397994,2056.1985
0.0,0.41061705,1353.2623
0.0,0.5899337,96.015724
0.0,0.05321706,9161.67
0.0,0.5513384,429.575
0.0,0.0040004565,83572.766
0.0,0.109558366,114.70743
0.0,0.1853436,132.98537
0.0,0.009978166,19562.904
0.0,0.66503364,2814.6523
0.0,0.3444631,1136.5155
0.0,0.054520212,3326.8135
0.0,0.21101674,83.16242
0.0,0.48059687,2409.1777
0.0,0.4693341,1397.1335
0.0,0.54945326,1084.8826
0.0,0.21427011,97.21673
0.0,0.101256564,16495.42
0.0,0.4472967,92.51472
0.0,0.25500822,106.69548
0.0,0.017908722,1230.8853
0.0,0.12258682,134.57169
0.0,0.07089578,15327.508
0.0,0.49713105,1431.099
0.0,0.32826188,68943.05
0.0,0.21694054,82.573105
0.0,0.5405704,153.87595
0.0,0.026710603,696.6826
0.0,0.11550145,81.24979
0.0,0.05377357,134.69852
0.0,0.52004045,8046.053
0.0,0.061104547,203.46191
0.0,0.09720167,246.5415
0.0,0.0150165465,19940.629
0.0,0.27536562,164.3862
0.0,0.16101073,4152.7017
0.0,0.011295287,27501.164
0.0,0.42156819,158.57854
0.0,0.27901366,72.58793
0.0,0.37369657,1155.2157
0.0,0.17300019,185.35779
0.0,0.021547927,25868.555
0.0,0.019634211,1659.4658
0.0,0.487492,140.92252
0.0,0.112635195,94.6349
0.0,0.28330654,1015.3096
0.0,0.33649,11338.172
0.0,0.16324043,67.52842
0.0,0.35081953,2571.5408
0.0,0.13230714,1327.9692
0.0,0.16418347,73.71829
0.0,0.3082076,111.41622
0.0,0.7521408,178.45422
0.0,0.25307,555.32544
0.0,0.3084145,304.8887
0.0,0.29209143,250.64734
0.0,0.15034623,124.89512
0.0,0.43057004,87.736145
0.0,0.0022359735,3607.1558
0.0,0.1719064,75.812294
0.0,0.047454175,26793.857
0.0,0.05941749,23299.227
0.0,0.34746242,290.8952
0.0,0.10795677,21333.072
0.0,0.26998168,100.328606
0.0,0.52204216,80.133224
0.0,0.044403594,19986.133
0.0,0.33021602,4880.0347
0.0,0.03268199,74860.92
0.0,0.03686884,327.85764
0.0,0.25552294,436.62164
0.0,0.99792504,897.291
0.0,0.01588886,18242.309
0.0,0.0005028903,39284.617
0.0,0.49440283,922.94104
0.0,0.22240321,222.55624
0.0,0.6725745,130.07367
0.0,0.0074129123,983.60394
0.0,0.6965781,149.1429
0.0,0.029325124,19460.395
0.0,0.39150527,583.75977
0.0,0.07602417,1643.4226
0.0,0.029201148,4000.8813
0.0,0.9739517,1419.3441
0.0,0.09132311,270.34903
0.0,0.046877798,307.86673
0.0,0.22824156,143.84203
0.0,0.01902023,21792.254
0.0,0.43771186,7192.454
0.0,0.15791105,102.36211
0.0,0.03711048,668.096
0.0,0.8519272,285.33148
0.0,0.44276106,101.838875
0.0,0.4142147,1341.5736
0.0,0.25894403,167.87152
0.0,0.43420896,84.46198
0.0,1.0,113.917656
0.0,0.0133040855,689.5191
0.0,0.5011081,526.4257
0.0,0.41062835,7898.4824
0.0,0.28942832,8621.591
0.0,0.00024569043,12512.056
0.0,0.09254122,133.83846
0.0,0.12847188,161.55888
0.0,0.010184016,343.4171
0.0,0.49440283,8336.995
0.0,0.5317607,66.63788
0.0,0.0011685754,5845.7334
0.0,0.17682564,77.74615
0.0,0.24157667,90.75396
0.0,0.013357215,3044.1875
0.0,0.24261613,73.74331
0.0,0.36181268,2558.2178
0.0,0.04409379,4423.9927
0.0,0.004985038,36752.76
0.0,0.45895576,116.73002
0.0,0.52971834,287.62936
0.0,0.0068883686,19086.357
0.0,0.03210112,2171.3865
0.0,0.0009413734,10649.436
0.0,0.004171298,16117.77
0.0,0.68928033,1363.8424
0.0,0.01724812,27419.367
0.0,0.19206001,2576.9507
0.0,0.56401837,109.84995
0.0,0.60327,231.61012
0.0,0.5369747,114.89757
0.0,0.7022115,755.1565
0.0,0.10911127,9139.526
0.0,0.0007647947,4611.5557
0.0,0.05360403,255.23303
0.0,0.3068327,2773.837
0.0,0.050206013,4446.3687
0.0,0.06543164,32465.576
0.0,0.077057496,979.79694
0.0,0.1890585,330.2651
0.0,0.96274453,100.51081
0.0,0.032291967,62247.406
0.0,0.002704689,40392.906
0.0,0.003185038,10005.81
0.0,0.2036079,33623.23
0.0,0.6648386,4641.3477
0.0,0.17086491,94440.28
0.0,0.42480662,15124.311
0.0,0.11134401,190.56102
0.0,0.2618922,70.47351
0.0,1.0,5125.2085
0.0,0.7126669,137.50327
0.0,0.14060919,1421.3386
0.0,0.08379373,5852.7915
0.0,0.024955466,1464.8846
0.0,0.0027821339,1666.4607
0.0,0.35306898,124.56445
0.0,0.6612237,2194.754
0.0,0.071936905,2431.0193
0.0,0.069515906,2764.1462
0.0,0.0030422097,1524.9026
0.0,0.0016778935,8925.559
0.0,0.48179045,163.89043
0.0,0.6137693,67.25435
0.0,0.86151886,67.04872
0.0,0.095451884,286.71988
0.0,0.20752934,1285.2568
0.0,0.013573694,3694.6926
0.0,0.00097504054,738.9887
0.0,0.42310762,630.9406
0.0,0.21749125,1269.5376
0.0,0.008555475,9387.561
0.0,0.08476701,715.1283
0.0,0.0072590215,3582.6094
0.0,0.45678163,71.11327
0.0,0.5775839,81.121025
0.0,0.027355488,18753.783
0.0,0.026989903,9729.959
0.0,0.009414056,4758.9087
0.0,0.073034175,5602.995
0.0,0.54542726,105.93883
0.0,0.21977837,73.7359
0.0,0.067234546,815.8729
0.0,0.40485606,196.04501
0.0,0.27653614,600.3222
0.0,0.41881877,326.06717
0.0,0.20688826,144.35075
0.0,0.19607738,1486.0985
0.0,0.004422806,11319.526
0.0,0.051422022,116.2204
0.0,1.3552318e-06,90441.25
0.0,0.2716226,72.24653
0.0,0.2528377,494.30365
0.0,0.2654205,193.09494
0.0,0.9189231,9208.767
0.0,0.4177233,15979.694
0.0,0.14315897,983.68005
0.0,0.016061503,4816.572
0.0,0.004306536,22090.225
0.0,0.06981398,18198.637
0.0,0.4187384,411.3279
0.0,0.3643214,101.649635
0.0,0.017246908,4049.5752
0.0,0.0689306,134.302
0.0,0.0049057477,4705.1895
0.0,0.08115489,1761.7123
0.0,0.08611744,2093.4324
0.0,0.073140875,2523.8933
0.0,0.05142587,8217.281
0.0,0.0015442793,523.3836
0.0,0.039216463,301.42078
0.0,0.03894048,1148.2279
0.0,0.0026467291,6525.2676
0.0,0.113274984,801.053
0.0,0.31259105,94.11163
0.0,0.3292358,523.59766
0.0,0.5716227,85.781944
0.0,0.19891313,63625.934
0.0,0.4734653,1979.9565
0.0,0.11717415,72.125244
0.0,0.1711718,34797.78
0.0,0.4962035,42619.574
0.0,0.011734986,25815.299
0.0,0.14889619,7004.359
0.0,0.075438105,70.588745
0.0,0.25609297,194.26816
0.0,0.5458643,3282.472
0.0,0.013157746,25988.236
0.0,0.003388316,5717.312
0.0,0.048035588,1229.2255
0.0,0.071397856,195.47554
0.0,0.41059095,127.03505
0.0,0.003647236,3187.428
0.0,0.10606269,833.20624
0.0,0.3203986,69.358505
0.0,0.010361344,346.91238
0.0,0.50887775,122.29724
0.0,0.081143245,1088.6735
0.0,0.38951975,4316.61
0.0,0.65200764,75.698944
0.0,0.12837383,87.51578
0.0,0.04255751,217.33246
0.0,0.17391169,669.5309
0.0,0.21796615,4001.1406
0.0,0.23787692,457.78842
0.0,0.14150959,66.82922
0.0,0.2065414,1445.8036
0.0,0.47876197,974.8229
0.0,0.27886063,2925.0938
0.0,0.30300868,255.19675
0.0,0.045138285,363.57266
0.0,0.0040535964,43498.855
0.0,0.70771056,3847.9624
0.0,0.35424882,781.04297
0.0,0.3654781,104.118706
0.0,0.042499553,9584.254
0.0,0.274826,389.16534
0.0,0.020444563,2510.0935
0.0,0.2693306,652.5629
0.0,0.15190919,85.059425
0.0,0.06459796,109.501755
0.0,0.020946197,14462.426
0.0,0.2146386,3115.9373
0.0,0.14463466,10615.417
0.0,0.61402225,3714.016
0.0,0.5530004,1627.9108
0.0,0.29683858,35476.406
0.0,0.18836197,404.01425
0.0,0.68000996,2980.8914
0.0,0.032383606,21254.773
0.0,0.062370382,1140.0887
0.0,0.25756434,106.41359
0.0,0.4875117,71.4593
0.0,0.1502262,74.886795
0.0,0.1976902,2082.2275
0.0,0.028168654,991.5498
0.0,0.73221576,18565.895
0.0,0.27830762,172.36923
0.0,0.5389805,1010.7981
0.0,0.5328825,80.567604
0.0,0.41312894,120.71676
0.0,0.08929551,163.96521
0.0,0.2904949,97.45307
0.0,0.006854835,820.86475
0.0,0.012147049,58367.355
0.0,0.06311514,9232.542
0.0,0.022968868,823.90857
0.0,0.26111227,1381.0911
0.0,0.011358388,2402.732
0.0,0.49440283,144.9129
0.0,0.11367446,582.0657
0.0,0.31325847,1027.7214
0.0,0.33165744,210.89795
0.0,0.041493524,1673.3638
0.0,0.08531091,377.54703
0.0,0.3669798,20414.664
0.0,0.4549999,147.82433
0.0,0.16532266,5735.032
0.0,0.10474555,147.50444
0.0,0.0051263818,33481.07
0.0,0.10879172,112.51437
0.0,0.09348455,26456.045
0.0,0.23925777,74.18598
0.0,0.1487408,3021.1292
0.0,0.22901233,1602.4004
0.0,0.022169938,1889.829
0.0,0.65229106,354.28256
0.0,0.2139507,210.45325
0.0,0.02138803,918.9954
0.0,0.22303474,186.89467
0.0,0.49130538,26988.873
0.0,0.027262822,12913.967
0.0,0.055270657,5326.757
0.0,0.49440283,331.71112
0.0,0.34153074,4064.8682
0.0,0.0049394197,16049.711
0.0,0.023040608,11407.937
0.0,0.24738881,76.54689
0.0,0.076320544,374.46664
0.0,0.10080614,1627.0735
0.0,0.19073701,145.76503
0.0,0.23426767,71.91506
0.0,0.15322326,120.054016
0.0,0.0026196924,4857.6543
0.0,0.14239727,1533.4098
0.0,0.00045280892,2892.2544
0.0,0.69643414,91.50154
0.0,0.05576831,2797.4592
0.0,0.5585557,128.58858
0.0,0.21276668,83.8738
0.0,0.004635089,24770.525
0.0,0.014618822,5690.9175
0.0,1.0,96097.64
0.0,0.052164927,107.609726
0.0,0.016600814,1468.3419
0.0,0.11623058,288.6991
0.0,0.002814811,1849.506
0.0,0.058828082,1594.8187
0.0,0.100378305,101.13565
0.0,0.013520741,1765.24
0.0,0.13844755,4815.559
0.0,0.08241145,3574.9236
0.0,0.56819046,95.51497
0.0,0.13590872,139.20064
0.0,0.6723323,246.66931
0.0,0.0405795,3180.2373
0.0,0.15278709,1865.0192
0.0,0.30517733,916.9454
0.0,0.035950743,71.12049
0.0,0.5983906,464.3649
0.0,0.023152327,1225.9785
0.0,0.08179824,223.54771
0.0,0.026846336,1040.6688
0.0,0.22778401,683.6253
0.0,0.044480745,69.67455
0.0,0.021214055,75071.305
0.0,0.54295087,800.93164
0.0,0.56035274,117.92579
0.0,0.58031046,225.55795
0.0,0.14330082,3303.9897
0.0,0.0697384,3092.018
0.0,0.082979836,4027.5154
0.0,0.78236026,70.06855
0.0,0.5294633,78.940605
0.0,0.0586471,453.71497
0.0,0.23751661,1062.9985
0.0,0.17422298,1481.4458
0.0,0.10007068,706.75275
0.0,0.3728653,17117.125
0.0,0.5012198,151.11288
0.0,0.53921175,7146.189
0.0,0.013982028,9220.026
0.0,0.12061902,957.30853
0.0,0.5500697,1072.4708
0.0,0.10152968,1023.2958
0.0,0.5189729,208.7144
0.0,0.46197376,2328.8179
0.0,0.24649186,73.64718
0.0,0.54661655,128.38692
0.0,0.021875925,701.57153
0.0,0.42659542,288.9071
0.0,0.08083066,160.78645
0.0,0.13901761,1889.5613
0.0,0.18323737,528.5492
0.0,0.5940715,69.47504
0.0,0.29231468,2649.8284
0.0,0.20943424,167.64377
0.0,0.029287333,13802.702
0.0,0.5250626,235.39737
0.0,0.09986907,183.50656
