true_label,prob_tau
1.0,0.58254766
1.0,0.5446634
1.0,0.49821556
1.0,0.48780444
1.0,0.59404635
1.0,0.5667698
1.0,0.5457029
1.0,0.40639138
1.0,0.98832184
1.0,0.583316
1.0,0.4998324
1.0,0.55224186
1.0,0.5978033
1.0,0.65477467
1.0,0.5089201
1.0,0.53290546
1.0,0.6320528
1.0,0.54856926
1.0,0.56642056
1.0,0.5598176
1.0,0.5716916
1.0,0.6445492
1.0,0.4404351
1.0,0.5173283
1.0,0.58619267
1.0,0.42708036
1.0,0.42680022
1.0,0.68389076
1.0,0.51146674
1.0,0.55640185
1.0,0.991435
1.0,0.8200169
1.0,0.51521766
1.0,0.6032443
1.0,0.54152334
1.0,0.5979969
1.0,0.54721016
1.0,0.5406442
1.0,0.50398076
1.0,0.58401144
1.0,0.12442842
1.0,0.49055636
1.0,0.51949364
1.0,0.52883697
1.0,0.5856052
1.0,0.53464705
1.0,0.5478929
1.0,0.98931456
1.0,0.47651687
1.0,0.521347
1.0,0.59165525
1.0,0.47995356
1.0,0.5973638
1.0,0.6216509
1.0,0.5264905
1.0,0.58690375
1.0,0.55410415
1.0,0.62558347
1.0,0.6298704
1.0,0.57137936
1.0,0.5090782
1.0,0.8402855
1.0,0.49796188
1.0,0.25984573
1.0,0.49671063
1.0,0.61506253
1.0,0.6655569
1.0,0.47360343
1.0,0.20889127
1.0,0.49011493
1.0,0.51281756
1.0,0.9374991
1.0,0.46104434
1.0,0.26338637
1.0,0.41238517
1.0,0.6547655
1.0,0.93197465
1.0,0.5784429
1.0,0.24329655
1.0,0.41786858
1.0,0.45779538
1.0,0.6218747
1.0,0.5683426
1.0,0.49485356
1.0,0.5848409
1.0,0.5595059
1.0,0.57361156
1.0,0.53216195
1.0,0.68906254
1.0,0.47929534
1.0,0.5756595
1.0,0.5202572
1.0,0.53392047
1.0,0.5589352
1.0,0.5890624
1.0,0.54703957
1.0,0.62941325
1.0,0.57096386
1.0,0.6812982
1.0,0.44737554
1.0,0.55980647
1.0,0.61769205
1.0,0.5335524
1.0,0.5516913
1.0,0.5294282
1.0,0.5696452
1.0,0.5412237
1.0,0.5416088
1.0,0.6179736
1.0,0.53867084
1.0,0.53715724
1.0,0.59591866
1.0,0.6020613
1.0,0.56476825
1.0,0.5284813
1.0,0.47379068
1.0,0.9754794
1.0,0.5800191
1.0,0.56196314
1.0,0.71785784
1.0,0.4985105
1.0,0.47297415
1.0,0.48420894
1.0,0.5600717
1.0,0.566653
1.0,0.54579824
1.0,0.64544535
1.0,0.52123696
1.0,0.5852954
1.0,0.5535433
1.0,0.5599739
1.0,0.6182742
1.0,0.51495796
1.0,0.49286646
1.0,0.6435339
1.0,0.59923184
1.0,0.5558622
1.0,0.7344707
1.0,0.5771831
1.0,0.57226044
1.0,0.61542064
1.0,0.4688476
1.0,0.5908778
1.0,0.62587655
1.0,0.60784906
1.0,0.5029578
1.0,0.5706111
1.0,0.5169037
1.0,0.5557935
1.0,0.5136433
1.0,0.5669998
1.0,0.5380682
1.0,0.60810906
1.0,0.5450315
1.0,0.6160028
1.0,0.512045
1.0,0.59428793
1.0,0.5968184
1.0,0.46670416
1.0,0.5843543
1.0,0.6400945
1.0,0.5114232
1.0,0.6168689
1.0,0.63477474
1.0,0.60890114
1.0,0.69211507
1.0,0.58576745
1.0,0.80233085
1.0,0.5799977
1.0,0.4132298
1.0,0.57011133
1.0,0.601807
1.0,0.62043864
1.0,0.56177944
1.0,0.5451729
1.0,0.58407193
1.0,0.8030481
1.0,0.5905195
1.0,0.42719424
1.0,0.55695796
1.0,0.5803952
1.0,0.536124
1.0,0.5219372
1.0,0.6330015
1.0,0.9738864
1.0,0.27263954
1.0,0.528628
1.0,0.6133668
1.0,0.57460326
1.0,0.6099091
1.0,0.5688278
1.0,0.5702979
1.0,0.60094714
1.0,0.5164184
1.0,0.63911915
1.0,0.54179615
1.0,0.5906033
1.0,0.54347295
1.0,0.49311826
1.0,0.9872521
1.0,0.47629562
1.0,0.6447621
1.0,0.5884565
1.0,0.578342
1.0,0.47871992
1.0,0.56812453
1.0,0.6655052
1.0,0.5759403
1.0,0.6828311
1.0,0.53248864
1.0,0.50826854
1.0,0.9740486
1.0,0.51088524
1.0,0.45805377
1.0,0.5314532
1.0,0.5843253
1.0,0.60678077
1.0,0.41027167
1.0,0.5348843
1.0,0.58773607
1.0,0.48693922
1.0,0.4894456
1.0,0.52298665
1.0,0.60762316
1.0,0.64049834
1.0,0.45484528
1.0,0.55836004
1.0,0.59876007
1.0,0.6958939
1.0,0.5319649
1.0,0.4512405
1.0,0.5921499
1.0,0.49771476
1.0,0.53168696
1.0,0.41633543
1.0,0.56070805
1.0,0.4911592
1.0,0.5284353
1.0,0.46516845
1.0,0.53388447
1.0,0.5589161
1.0,0.5214402
1.0,0.5716909
1.0,0.57735217
1.0,0.59702384
1.0,0.57896256
1.0,0.39423198
1.0,0.5554414
1.0,0.53857106
1.0,0.48184094
1.0,0.5072159
1.0,0.6496807
1.0,0.5509903
1.0,0.576351
1.0,0.67150855
1.0,0.50545543
1.0,0.5941684
1.0,0.568847
1.0,0.17010751
1.0,0.031612534
1.0,0.9869911
1.0,0.58892244
1.0,0.4904061
1.0,0.6218605
1.0,0.5696195
1.0,0.578189
1.0,0.5394162
1.0,0.64220166
1.0,0.5078977
1.0,0.73970073
1.0,0.98652554
1.0,0.54794097
1.0,0.54769045
1.0,0.68381834
1.0,0.61623096
1.0,0.45276007
1.0,0.4281848
1.0,0.5179439
1.0,0.4664435
1.0,0.5277531
1.0,0.30170745
1.0,0.5288525
1.0,0.634973
1.0,0.52593243
1.0,0.53558165
1.0,0.57305163
1.0,0.5390263
1.0,0.35097533
1.0,0.5639395
1.0,0.53353983
1.0,0.53445363
1.0,0.58195704
1.0,0.5260486
1.0,0.5912583
1.0,0.56051373
1.0,0.58620757
1.0,0.58099616
1.0,0.5285018
1.0,0.5233752
1.0,0.62825876
1.0,0.56528854
1.0,0.59982705
1.0,0.4515692
1.0,0.56504005
1.0,0.63135844
1.0,0.58908224
1.0,0.43451434
1.0,0.712954
1.0,0.5594756
1.0,0.5861325
1.0,0.52042985
1.0,0.61297613
1.0,0.49855122
1.0,0.5898821
1.0,0.53021526
1.0,0.72957015
1.0,0.44908231
1.0,0.5803966
1.0,0.60519624
1.0,0.53983957
1.0,0.4893806
1.0,0.46486697
1.0,0.48466164
1.0,0.5633836
1.0,0.5685148
1.0,0.44359252
1.0,0.54726994
1.0,0.4640994
1.0,0.48041406
1.0,0.5991062
1.0,0.5858631
1.0,0.57791233
1.0,0.6011
1.0,0.599893
1.0,0.55579716
1.0,0.6336645
1.0,0.7167227
1.0,0.62382746
1.0,0.3657074
1.0,0.45983332
1.0,0.6572186
1.0,0.52320397
1.0,0.57296246
1.0,0.56764627
1.0,0.5588152
1.0,0.704692
1.0,0.5954146
1.0,0.5780288
1.0,0.71023065
1.0,0.5334833
1.0,0.66118115
1.0,0.47241953
1.0,0.6441028
1.0,0.41082478
1.0,0.47834435
1.0,0.47245082
1.0,0.6501829
1.0,0.62925255
1.0,0.5114658
1.0,0.48871857
1.0,0.62456304
1.0,0.6055397
1.0,0.5697602
1.0,0.64532757
1.0,0.6141121
1.0,0.014617449
1.0,0.45716733
1.0,0.5382618
1.0,0.5951397
1.0,0.5961275
1.0,0.6001085
1.0,0.6965204
1.0,0.5886051
1.0,0.699038
1.0,0.5633789
1.0,0.5813651
1.0,0.99516886
1.0,0.54098815
1.0,0.5031803
1.0,0.46266884
1.0,0.6855069
1.0,0.657777
1.0,0.5451017
1.0,0.6212365
1.0,0.22749643
1.0,0.5207914
1.0,0.41929764
1.0,0.99016285
1.0,0.5335679
1.0,0.5731944
1.0,0.5158143
1.0,0.49582574
1.0,0.5694004
1.0,0.5876018
1.0,0.4906902
1.0,0.51097137
1.0,0.8247789
1.0,0.45633414
1.0,0.5724615
1.0,0.46948364
1.0,0.48326263
1.0,0.17466068
1.0,0.546127
1.0,0.5420343
1.0,0.5526797
1.0,0.5475696
1.0,0.5297502
1.0,0.6015608
1.0,0.53613603
1.0,0.43512785
1.0,0.55916715
1.0,0.5920065
1.0,0.5450936
1.0,0.5754149
1.0,0.5178844
1.0,0.5581549
1.0,0.44458324
1.0,0.45803937
1.0,0.42969424
1.0,0.539467
1.0,0.5083873
1.0,0.51560825
1.0,0.5705332
1.0,0.64245665
1.0,0.5135714
1.0,0.53547245
1.0,0.478893
1.0,0.5970073
1.0,0.7589152
1.0,0.6349818
1.0,0.6097721
1.0,0.611723
1.0,0.65798926
1.0,0.5229551
1.0,0.61454177
1.0,0.63270164
1.0,0.555834
1.0,0.57755697
1.0,0.59022564
1.0,0.61215174
1.0,0.710015
1.0,0.5472081
1.0,0.48198777
1.0,0.5886124
1.0,0.5933888
1.0,0.5461896
1.0,0.6275183
1.0,0.47039735
1.0,0.56150025
1.0,0.98309696
1.0,0.592893
1.0,0.60724294
1.0,0.64135945
1.0,0.6041263
1.0,0.48838192
1.0,0.60431975
1.0,0.57935
1.0,0.48680928
1.0,0.5348902
1.0,0.557
1.0,0.53420675
1.0,0.52562314
1.0,0.4479934
1.0,0.4970134
1.0,0.4518387
1.0,0.5391187
1.0,0.51776314
1.0,0.5838062
1.0,0.4638191
1.0,0.4946728
1.0,0.5722998
1.0,0.59909195
1.0,0.61370736
1.0,0.8113644
1.0,0.5609702
1.0,0.5459506
1.0,0.52013415
1.0,0.5673461
1.0,0.5526757
1.0,0.18160377
1.0,0.53611076
1.0,0.60303366
1.0,0.60840076
1.0,0.5638834
1.0,0.62491626
1.0,0.46465716
1.0,0.70316213
1.0,0.57104963
1.0,0.47204188
1.0,0.5739737
1.0,0.6191865
1.0,0.47637653
1.0,0.5449299
1.0,0.51864624
1.0,0.70139843
1.0,0.5728347
1.0,0.53728074
1.0,0.6192102
1.0,0.69780827
1.0,0.5280263
1.0,0.46116742
1.0,0.5481577
1.0,0.5379486
1.0,0.5705141
1.0,0.6396492
1.0,0.70463645
1.0,0.64282227
1.0,0.98680973
1.0,0.53894544
1.0,0.60234654
1.0,0.47016716
1.0,0.494217
1.0,0.5985056
1.0,0.59934497
1.0,0.56870514
1.0,0.52793646
1.0,0.6347106
1.0,0.5695412
1.0,0.5616968
1.0,0.5000979
1.0,0.5985562
1.0,0.46331075
1.0,0.51823467
1.0,0.52194357
1.0,0.5305108
1.0,0.40526798
1.0,0.6108048
1.0,0.5333339
1.0,0.5330073
1.0,0.5902153
1.0,0.64139825
1.0,0.49138498
1.0,0.58445626
1.0,0.45450422
1.0,0.5058566
1.0,0.40155882
1.0,0.614161
1.0,0.5529499
1.0,0.5452456
1.0,0.41708794
1.0,0.56571007
1.0,0.590528
1.0,0.5911919
1.0,0.58353484
1.0,0.59756315
1.0,0.45878106
1.0,0.5369253
1.0,0.6028298
1.0,0.56790495
1.0,0.5682451
1.0,0.535056
1.0,0.51116955
1.0,0.6574036
1.0,0.3633039
1.0,0.6241835
1.0,0.49394578
1.0,0.5055155
1.0,0.58956236
1.0,0.6476748
1.0,0.5399178
1.0,0.5214453
1.0,0.549458
1.0,0.47812802
1.0,0.62422365
1.0,0.9442251
1.0,0.5805673
1.0,0.6391601
1.0,0.4808914
1.0,0.6593698
1.0,0.32972094
1.0,0.5425369
1.0,0.54401726
1.0,0.5725679
1.0,0.484167
1.0,0.61155313
1.0,0.5530776
1.0,0.47406074
1.0,0.5463759
1.0,0.631021
1.0,0.5942387
1.0,0.5967709
1.0,0.52104986
1.0,0.5896769
1.0,0.5367084
1.0,0.59867436
1.0,0.6598646
1.0,0.57998765
1.0,0.4922662
1.0,0.6086259
1.0,0.5803759
1.0,0.6606588
1.0,0.70511246
1.0,0.57460254
1.0,0.5132872
1.0,0.4372937
1.0,0.59394205
1.0,0.5764972
1.0,0.54631674
1.0,0.54921913
1.0,0.5943845
1.0,0.6714643
1.0,0.57088894
1.0,0.60276103
1.0,0.561906
1.0,0.48930502
1.0,0.61788124
1.0,0.39105403
1.0,0.5019797
1.0,0.33605474
1.0,0.5205096
1.0,0.57712865
1.0,0.4629909
1.0,0.58321875
1.0,0.62573254
1.0,0.62573254
1.0,0.46104434
1.0,0.642194
1.0,0.51734257
1.0,0.35805106
1.0,0.5389997
1.0,0.5533826
1.0,0.86618906
1.0,0.5791585
1.0,0.6078558
1.0,0.623479
1.0,0.65059674
1.0,0.506395
1.0,0.61104727
1.0,0.45123652
1.0,0.5832078
1.0,0.45924532
1.0,0.42847157
1.0,0.7808069
1.0,0.48764643
1.0,0.5927049
1.0,0.6833557
1.0,0.5542231
1.0,0.47120678
1.0,0.59594756
1.0,0.5099368
1.0,0.5286391
1.0,0.55441076
1.0,0.5534127
1.0,0.6128683
1.0,0.6260857
1.0,0.5380812
1.0,0.53904665
1.0,0.61568016
1.0,0.54264945
1.0,0.54808104
1.0,0.5912749
1.0,0.44915912
1.0,0.58090633
1.0,0.51164895
1.0,0.5241978
1.0,0.39973098
1.0,0.57979304
1.0,0.54545903
1.0,0.5821542
1.0,0.5623532
1.0,0.62264967
1.0,0.42581335
1.0,0.46104434
1.0,0.55086696
1.0,0.4643431
1.0,0.57769
1.0,0.48655617
1.0,0.61131394
1.0,0.5785844
1.0,0.5158599
1.0,0.44359413
1.0,0.65440917
1.0,0.6200631
1.0,0.6339483
1.0,0.64170825
1.0,0.46315035
1.0,0.5461388
1.0,0.58678436
1.0,0.5349377
1.0,0.374052
1.0,0.63171875
1.0,0.5834783
1.0,0.5530755
1.0,0.616059
1.0,0.66410387
1.0,0.46104434
1.0,0.55034626
1.0,0.5173795
1.0,0.6163984
1.0,0.5649961
1.0,0.6029658
1.0,0.6113711
1.0,0.4586747
1.0,0.46557385
1.0,0.5785241
1.0,0.5276098
1.0,0.5092022
1.0,0.60028094
1.0,0.5841972
1.0,0.49290407
1.0,0.7476583
1.0,0.7050126
1.0,0.49980843
1.0,0.4847624
1.0,0.56614155
1.0,0.5458164
1.0,0.49668998
1.0,0.55596644
1.0,0.63801855
1.0,0.72937113
1.0,0.5241165
1.0,0.6549063
1.0,0.56421554
1.0,0.7405478
1.0,0.53695977
1.0,0.45529184
1.0,0.58098215
1.0,0.5696976
1.0,0.60582125
1.0,0.53294045
1.0,0.76354426
1.0,0.77877814
1.0,0.5703512
1.0,0.7333577
1.0,0.57409656
1.0,0.48668614
1.0,0.59215397
1.0,0.5002451
1.0,0.60680443
1.0,0.60695153
1.0,0.70135987
1.0,0.4292209
1.0,0.54131
1.0,0.4375702
1.0,0.6028144
1.0,0.60441405
1.0,0.62305665
1.0,0.5066725
1.0,0.5965124
1.0,0.5274665
1.0,0.44347134
1.0,0.57408303
1.0,0.5710055
1.0,0.6051534
1.0,0.55742586
1.0,0.6044549
1.0,0.53578097
1.0,0.51478195
1.0,0.48473972
1.0,0.54119796
1.0,0.5132818
1.0,0.58320016
1.0,0.45353085
1.0,0.5187736
1.0,0.53593767
1.0,0.5442108
1.0,0.55889857
1.0,0.6011805
1.0,0.55683005
1.0,0.5774114
1.0,0.5980782
1.0,0.5148848
1.0,0.2701013
1.0,0.5469337
1.0,0.47651103
1.0,0.49040622
1.0,0.4148896
1.0,0.59153706
1.0,0.62884074
1.0,0.45631698
1.0,0.05069333
1.0,0.49180582
1.0,0.5126683
1.0,0.6120331
1.0,0.4632117
1.0,0.9159751
1.0,0.64848477
1.0,0.5677858
1.0,0.57970107
1.0,0.5610946
1.0,0.8613285
1.0,0.46253777
1.0,0.5218994
1.0,0.51615375
1.0,0.5304863
1.0,0.599796
1.0,0.54740435
1.0,0.4022361
1.0,0.9937738
1.0,0.50248164
1.0,0.6538806
1.0,0.47121102
1.0,0.58882886
1.0,0.53759927
1.0,0.8868395
1.0,0.5321515
1.0,0.48325306
1.0,0.5097386
1.0,0.5587687
1.0,0.61867744
1.0,0.5663695
1.0,0.43930733
1.0,0.634604
1.0,0.52648026
1.0,0.60842437
1.0,0.48183662
1.0,0.48162493
1.0,0.55685014
1.0,0.4680306
1.0,0.6863199
1.0,0.55025
1.0,0.55366296
1.0,0.43655732
1.0,0.49733174
1.0,0.58497256
1.0,0.6261315
1.0,0.41423646
1.0,0.53856725
1.0,0.55354965
1.0,0.55654824
1.0,0.5709432
1.0,0.55004156
1.0,0.61311424
1.0,0.50675905
1.0,0.5567879
1.0,0.6224136
1.0,0.7342268
1.0,0.57031506
1.0,0.63472027
1.0,0.46069536
1.0,0.54588646
1.0,0.52189875
1.0,0.6021745
1.0,0.54784936
1.0,0.487371
1.0,0.58611155
1.0,0.55711305
1.0,0.64409
1.0,0.5754686
1.0,0.98176116
1.0,0.5450398
1.0,0.4841817
1.0,0.009192109
1.0,0.57303125
1.0,0.5347364
1.0,0.53275305
1.0,0.55860394
1.0,0.4978698
1.0,0.48957163
1.0,0.6282189
1.0,0.623213
1.0,0.61351484
1.0,0.56044877
1.0,0.4779105
1.0,0.5088556
1.0,0.68259317
1.0,0.3483915
1.0,0.55255884
1.0,0.46104434
1.0,0.9276379
1.0,0.5349049
1.0,0.60940105
1.0,0.5214337
1.0,0.46144354
1.0,0.56982374
1.0,0.4624363
1.0,0.57479954
1.0,0.45022792
1.0,0.55196285
1.0,0.6330371
1.0,0.6484886
1.0,0.6791251
1.0,0.9972498
1.0,0.5876378
1.0,0.39967844
1.0,0.4798672
1.0,0.48330244
1.0,0.5356621
1.0,0.4860817
1.0,0.6176809
1.0,0.6492663
1.0,0.6145474
1.0,0.5106104
1.0,0.5621759
1.0,0.49681795
1.0,0.63265026
1.0,0.58836806
1.0,0.5617139
1.0,0.9195004
1.0,0.57864773
1.0,0.5356541
1.0,0.6118276
1.0,0.59024656
1.0,0.5370001
1.0,0.61723703
1.0,0.6267306
1.0,0.7513977
1.0,0.4169498
1.0,0.6618582
1.0,0.7031351
1.0,0.5133209
1.0,0.96638316
1.0,0.5338328
1.0,0.6013217
1.0,0.6480924
1.0,0.52073216
1.0,0.5952188
1.0,0.46104434
1.0,0.46632746
1.0,0.5911139
1.0,0.5477906
1.0,0.6140636
1.0,0.5180516
1.0,0.7404489
1.0,0.6367722
1.0,0.5518184
1.0,0.5376682
1.0,0.65423167
1.0,0.46839496
1.0,0.60723186
1.0,0.66591024
1.0,0.5402483
1.0,0.5661003
1.0,0.47461706
1.0,0.51628304
1.0,0.6130151
1.0,0.48197284
1.0,0.66649514
1.0,0.5725983
1.0,0.54395247
1.0,0.70609057
1.0,0.5239541
1.0,0.46892214
1.0,0.59035844
1.0,0.6192149
1.0,0.53429365
1.0,0.63233894
1.0,0.5860834
1.0,0.45311114
1.0,0.49684736
1.0,0.5218938
1.0,0.54040396
1.0,0.5461635
1.0,0.5016257
1.0,0.53960335
1.0,0.62921345
1.0,0.5444235
1.0,0.6296625
1.0,0.7995262
1.0,0.64959735
1.0,0.15195267
1.0,0.01638942
1.0,0.657862
1.0,0.5660991
1.0,0.65101916
1.0,0.5059622
1.0,0.5148333
1.0,0.57917506
1.0,0.5285761
1.0,0.46581742
1.0,0.54249454
1.0,0.4955055
1.0,0.55641735
1.0,0.56506824
1.0,0.6960714
1.0,0.56351185
1.0,0.6465892
1.0,0.64063764
1.0,0.5461903
1.0,0.6273541
1.0,0.56677526
1.0,0.51510686
1.0,0.5673032
1.0,0.64432466
1.0,0.5773037
1.0,0.4755647
1.0,0.5592183
1.0,0.5670842
1.0,0.55573666
1.0,0.46949175
1.0,0.50969243
1.0,0.6076994
1.0,0.5267959
1.0,0.61986005
1.0,0.5393653
1.0,0.5385223
1.0,0.5432358
1.0,0.5329298
1.0,0.621881
1.0,0.596611
1.0,0.7590129
1.0,0.09813406
1.0,0.49993432
1.0,0.5551761
1.0,0.9249154
1.0,0.6174287
1.0,0.6400341
1.0,0.5239438
1.0,0.3322156
1.0,0.496501
1.0,0.6619442
1.0,0.6562747
1.0,0.49051437
1.0,0.46546704
1.0,0.56204385
1.0,0.48533186
1.0,0.52322453
1.0,0.55750597
1.0,0.56312066
1.0,0.58508354
1.0,0.5407841
1.0,0.67148024
1.0,0.48415238
1.0,0.55791914
1.0,0.93121237
1.0,0.882172
1.0,0.48679167
1.0,0.57546055
1.0,0.50385165
1.0,0.9986029
1.0,0.5211419
1.0,0.5496123
1.0,0.042873092
1.0,0.5974287
1.0,0.5567207
1.0,0.60411215
1.0,0.61071545
1.0,0.50463474
1.0,0.55604035
1.0,0.06482829
1.0,0.54409117
1.0,0.5819757
1.0,0.51606166
1.0,0.5483929
1.0,0.6767134
1.0,0.42832837
1.0,0.50262415
1.0,0.51471734
1.0,0.5188077
1.0,0.47993648
1.0,0.53691256
1.0,0.47658926
1.0,0.5037785
1.0,0.56606776
1.0,0.48966205
1.0,0.55598825
1.0,0.4649395
1.0,0.5645825
1.0,0.51283514
1.0,0.4857671
1.0,0.51565814
1.0,0.5594405
1.0,0.52987313
1.0,0.6950475
1.0,0.56958896
1.0,0.4920381
1.0,0.48702285
1.0,0.5727305
1.0,0.5472108
1.0,0.49978802
1.0,0.45293802
1.0,0.5696997
1.0,0.6750947
1.0,0.36102128
1.0,0.4755794
1.0,0.5790886
1.0,0.5848332
1.0,0.5795868
1.0,0.52148145
1.0,0.515831
1.0,0.40445438
1.0,0.62513036
1.0,0.52744055
1.0,0.54221034
1.0,0.44445705
1.0,0.46641576
1.0,0.570666
1.0,0.57977927
1.0,0.58999014
1.0,0.505032
1.0,0.5980423
1.0,0.55808514
1.0,0.45365858
1.0,0.51839775
1.0,0.5910433
1.0,0.48266512
1.0,0.5434754
1.0,0.44946742
1.0,0.2591654
1.0,0.6304831
1.0,0.67405516
1.0,0.6321082
1.0,0.51600415
1.0,0.5568075
1.0,0.5559662
1.0,0.86398494
1.0,0.54242986
1.0,0.58044374
1.0,0.6015173
1.0,0.5856545
1.0,0.51038754
1.0,0.5767949
1.0,0.5188648
1.0,0.5763748
1.0,0.6468672
1.0,0.5923716
1.0,0.6520774
1.0,0.532558
1.0,0.5758508
1.0,0.93846875
1.0,0.5193983
1.0,0.6187853
1.0,0.5249448
1.0,0.56561714
1.0,0.5439607
1.0,0.67156386
1.0,0.5717757
1.0,0.6426858
1.0,0.47606328
1.0,0.50855637
1.0,0.49004087
1.0,0.5995487
1.0,0.5871779
1.0,0.5914336
1.0,0.70197743
1.0,0.54004335
1.0,0.6079934
1.0,0.5262049
1.0,0.5180479
1.0,0.6051099
1.0,0.69860196
1.0,0.9995739
1.0,0.516463
1.0,0.6165837
1.0,0.44737294
1.0,0.52390605
1.0,0.44115475
1.0,0.6474668
1.0,0.5474997
1.0,0.60433286
1.0,0.541498
1.0,0.5651248
1.0,0.52052003
1.0,0.6270706
1.0,0.6681096
1.0,0.47456467
1.0,0.6613236
1.0,0.6771059
1.0,0.5287641
1.0,0.45774582
1.0,0.55786496
1.0,0.50346744
1.0,0.4787626
1.0,0.55895513
1.0,0.45447192
1.0,0.5126359
1.0,0.5866324
1.0,0.2193956
1.0,0.65437025
1.0,0.5774515
1.0,0.5482659
1.0,0.55793524
1.0,0.5132876
1.0,0.49383143
1.0,0.39058515
1.0,0.64011484
1.0,0.7055037
1.0,0.51093405
1.0,0.6493392
1.0,0.44646966
1.0,0.33205476
1.0,0.49034095
1.0,0.5031931
1.0,0.60172504
1.0,0.53581345
1.0,0.5495841
1.0,0.61403435
1.0,0.55955863
1.0,0.56343305
1.0,0.68898064
1.0,0.41714522
1.0,0.46104434
1.0,0.6655956
1.0,0.6203827
1.0,0.6053603
1.0,0.46754655
1.0,0.44520217
1.0,0.26214406
1.0,0.6705978
1.0,0.4123039
1.0,0.5976738
1.0,0.52698016
1.0,0.6095089
1.0,0.6399905
1.0,0.51173925
1.0,0.5037083
1.0,0.6295449
1.0,0.49227124
1.0,0.58511406
1.0,0.5866305
1.0,0.73243815
1.0,0.47848076
1.0,0.632698
1.0,0.5004418
1.0,0.5834324
1.0,0.50494033
1.0,0.57034147
1.0,0.5746562
1.0,0.58611834
1.0,0.56067264
1.0,0.6296868
1.0,0.51773727
1.0,0.49658608
1.0,0.53238523
1.0,0.533793
1.0,0.59102327
1.0,0.917584
1.0,0.6638748
1.0,0.553192
1.0,0.45110747
1.0,0.50189936
1.0,0.43909565
1.0,0.5335363
1.0,0.5922195
1.0,0.6552417
1.0,0.5711381
1.0,0.57626694
1.0,0.6271048
1.0,0.60625553
1.0,0.5171056
1.0,0.6305788
1.0,0.6245764
1.0,0.5304872
1.0,0.6565755
1.0,0.60778767
1.0,0.5548265
1.0,0.66206086
1.0,0.5572514
1.0,0.60831344
1.0,0.5559103
1.0,0.63850206
1.0,0.5237275
1.0,0.50525904
1.0,0.52911884
1.0,0.5745182
1.0,0.52677065
1.0,0.065386705
1.0,0.6175647
1.0,0.62704915
1.0,0.52259755
1.0,0.52210546
1.0,0.63169605
1.0,0.49698496
1.0,0.95592034
1.0,0.54664266
1.0,0.5213309
1.0,0.5811441
1.0,0.5267058
1.0,0.618884
1.0,0.12059165
1.0,0.6707808
1.0,0.65966773
1.0,0.5573487
1.0,0.5057982
1.0,0.5275032
1.0,0.5018125
1.0,0.5105515
1.0,0.65894186
1.0,0.50987816
1.0,0.9856593
1.0,0.62452525
1.0,0.688783
1.0,0.5792555
1.0,0.5996402
1.0,0.5141134
1.0,0.55973345
1.0,0.6471924
1.0,0.50990504
1.0,0.2846368
1.0,0.5569825
1.0,0.66218567
1.0,0.8936784
1.0,0.5738715
1.0,0.49801427
1.0,0.65413547
1.0,0.46931157
1.0,0.52083594
1.0,0.51729065
1.0,0.49769574
1.0,0.67456305
1.0,0.47628784
1.0,0.5228796
1.0,0.55063605
1.0,0.61047494
1.0,0.5307974
1.0,0.670457
1.0,0.49985638
1.0,0.44564882
1.0,0.60137135
1.0,0.5103384
1.0,0.42863575
1.0,0.53953934
1.0,0.30138865
1.0,0.6522454
1.0,0.7840092
1.0,0.5413996
1.0,0.53727865
1.0,0.49913633
1.0,0.5092988
1.0,0.5593918
1.0,0.57929677
1.0,0.59086823
1.0,0.5854769
1.0,0.87372607
1.0,0.5647126
1.0,0.6773426
1.0,0.49099994
1.0,0.4423857
1.0,0.6176074
1.0,0.5254973
1.0,0.5492574
1.0,0.6322322
1.0,0.54194045
1.0,0.56198704
1.0,0.5136415
1.0,0.5625493
1.0,0.6161695
1.0,0.51900446
1.0,0.60679936
1.0,0.5564507
1.0,0.60665137
1.0,0.54661155
1.0,0.5582647
1.0,0.4948174
1.0,0.66252047
1.0,0.58479476
1.0,0.49693984
1.0,0.54152143
1.0,0.5673622
1.0,0.5630672
1.0,0.49690193
1.0,0.62404144
1.0,0.55830306
1.0,0.5290982
1.0,0.46364328
1.0,0.47227803
1.0,0.51354194
1.0,0.44644263
1.0,0.55417705
1.0,0.5316391
1.0,0.79543424
1.0,0.5588326
1.0,0.56831896
1.0,0.5145507
1.0,0.5384161
1.0,0.81396085
1.0,0.61310893
1.0,0.43492243
1.0,0.58842415
1.0,0.5764113
1.0,0.617432
1.0,0.65482825
1.0,0.5551183
1.0,0.5312816
1.0,0.5002826
1.0,0.14711882
1.0,0.65143126
1.0,0.58838177
1.0,0.6455141
1.0,0.48877338
1.0,0.6660132
1.0,0.39952388
1.0,0.5339395
1.0,0.6750101
1.0,0.5538197
1.0,0.4965217
1.0,0.49071294
1.0,0.5969987
1.0,0.64030915
1.0,0.8547609
1.0,0.58302027
1.0,0.41100553
1.0,0.5214442
1.0,0.5362034
1.0,0.6070907
1.0,0.59419364
1.0,0.5426014
1.0,0.6376427
1.0,0.37993526
1.0,0.5951433
1.0,0.6294754
1.0,0.4555988
1.0,0.56755376
1.0,0.6212103
1.0,0.52609897
1.0,0.5484364
1.0,0.6457943
1.0,0.64024395
1.0,0.93144816
1.0,0.5507114
1.0,0.58778554
1.0,0.54866034
1.0,0.02842766
1.0,0.7125879
1.0,0.59929055
1.0,0.49569717
1.0,0.51823956
1.0,0.5802968
1.0,0.5116148
1.0,0.49447545
1.0,0.5269682
1.0,0.4793785
1.0,0.60667413
1.0,0.5126978
1.0,0.5787573
1.0,0.49299914
1.0,0.009463999
1.0,0.269884
1.0,0.5269469
1.0,0.6266271
1.0,0.5729372
1.0,0.99800545
1.0,0.5420501
1.0,0.5430611
1.0,0.5751601
1.0,0.5522702
1.0,0.5239959
1.0,0.72251076
1.0,0.47216436
1.0,0.5175391
1.0,0.55196047
1.0,0.5623629
1.0,0.5451527
1.0,0.4861091
1.0,0.51384354
1.0,0.4114888
1.0,0.5623599
1.0,0.5952705
1.0,0.5975227
1.0,0.5408767
1.0,0.6271595
1.0,0.63968307
1.0,0.56500983
1.0,0.5501404
1.0,0.050458875
1.0,0.9436285
1.0,0.50236386
1.0,0.9266663
1.0,0.38038418
1.0,0.56511706
1.0,0.47361156
1.0,0.46771684
1.0,0.5427351
1.0,0.5586272
1.0,0.28016043
1.0,0.53558606
1.0,0.56674594
1.0,0.5195715
1.0,0.50572526
1.0,0.5912813
1.0,0.51299816
1.0,0.56168365
1.0,0.6099183
1.0,0.52465326
1.0,0.5563567
1.0,0.4854463
1.0,0.46104434
1.0,0.53485906
1.0,0.62322307
1.0,0.6284363
1.0,0.57789326
1.0,0.47963998
1.0,0.58263826
1.0,0.40407336
1.0,0.5549917
1.0,0.55048245
1.0,0.66517013
1.0,0.58132124
1.0,0.6166801
1.0,0.56326264
1.0,0.492477
1.0,0.5871793
1.0,0.6453855
1.0,0.53155327
1.0,0.58263135
1.0,0.6645462
1.0,0.55010265
1.0,0.46075004
1.0,0.6163532
1.0,0.41300648
1.0,0.5560316
1.0,0.51308554
1.0,0.5426919
1.0,0.6025613
1.0,0.5440643
1.0,0.6362127
1.0,0.56575143
1.0,0.6310977
1.0,0.5754521
1.0,0.6096672
1.0,0.5516508
1.0,0.6330397
1.0,0.46104434
1.0,0.47999272
1.0,0.5166192
1.0,0.45886117
1.0,0.5668705
1.0,0.6912891
1.0,0.6354133
1.0,0.37675494
1.0,0.5713883
1.0,0.5172718
1.0,0.9140847
1.0,0.5588997
1.0,0.4884777
1.0,0.64143944
1.0,0.6127679
1.0,0.5239505
1.0,0.4396933
1.0,0.46508414
1.0,0.49555263
1.0,0.6008464
1.0,0.6069623
1.0,0.8153923
1.0,0.17760512
1.0,0.6432647
1.0,0.1402985
1.0,0.9187707
1.0,0.5542293
1.0,0.5838449
1.0,0.4580857
1.0,0.7010914
1.0,0.55855584
1.0,0.59670293
1.0,0.4609378
1.0,0.6057412
1.0,0.5158432
1.0,0.54619163
1.0,0.49357393
1.0,0.55722386
1.0,0.6938288
1.0,0.59009737
1.0,0.60422647
1.0,0.0064931926
1.0,0.6021256
1.0,0.62151086
1.0,0.5000115
1.0,0.64812374
1.0,0.57017785
1.0,0.60583556
1.0,0.534352
1.0,0.6960751
1.0,0.572112
1.0,0.5509267
1.0,0.5874086
1.0,0.59936124
1.0,0.74254555
1.0,0.6188645
1.0,0.50468993
1.0,0.50951934
1.0,0.56173503
1.0,0.65649635
1.0,0.41744122
1.0,0.6289792
1.0,0.49899045
1.0,0.5400842
1.0,0.65246284
1.0,0.5472369
1.0,0.6371891
1.0,0.56267834
1.0,0.46127373
1.0,0.53092945
1.0,0.5230346
1.0,0.58476496
1.0,0.65251005
1.0,0.5514362
1.0,0.5478001
1.0,0.44151902
1.0,0.66380984
1.0,0.063009575
1.0,0.632181
1.0,0.61125946
1.0,0.37997392
1.0,0.54060274
1.0,0.025007073
1.0,0.49610028
1.0,0.52856207
1.0,0.59729403
1.0,0.35341328
1.0,0.9846809
1.0,0.5672008
1.0,0.6803819
1.0,0.5508444
1.0,0.5503578
1.0,0.56279886
1.0,0.51103234
1.0,0.60860276
1.0,0.5622042
1.0,0.6078153
1.0,0.32647115
1.0,0.4868485
1.0,0.6254906
1.0,0.56372416
1.0,0.45347533
1.0,0.5562456
1.0,0.529537
1.0,0.4615842
1.0,0.51953703
1.0,0.4661332
1.0,0.5647005
1.0,0.5570606
1.0,0.47970742
1.0,0.578432
1.0,0.5003756
1.0,0.61544234
1.0,0.8111975
1.0,0.5712642
1.0,0.56961316
1.0,0.5323372
1.0,0.6785827
1.0,0.5426424
1.0,0.52868116
1.0,0.60130435
1.0,0.54882836
1.0,0.5994032
1.0,0.5172268
1.0,0.6241048
1.0,0.54980624
1.0,0.65320045
1.0,0.5945478
1.0,0.6257014
1.0,0.49490815
1.0,0.57400566
1.0,0.5037872
1.0,0.16921465
1.0,0.5243518
1.0,0.4985355
1.0,0.68002987
1.0,0.6354807
1.0,0.46646473
1.0,0.5800494
1.0,0.5286967
1.0,0.5033126
1.0,0.52239823
1.0,0.63453186
1.0,0.5464465
1.0,0.55707884
1.0,0.6365174
1.0,0.55211866
1.0,0.66007054
1.0,0.5885728
1.0,0.67873687
1.0,0.3535129
1.0,0.6106239
1.0,0.533292
1.0,0.5430225
1.0,0.4228469
1.0,0.6016339
1.0,0.6516431
1.0,0.57566875
1.0,0.63427836
1.0,0.5763327
1.0,0.65232563
1.0,0.55672044
1.0,0.63464713
1.0,0.48395327
1.0,0.5750891
1.0,0.66345555
1.0,0.5871596
1.0,0.42138973
1.0,0.67729145
1.0,0.6618083
1.0,0.530887
1.0,0.54323494
1.0,0.43861043
1.0,0.5510107
1.0,0.5576942
1.0,0.5332217
1.0,0.456458
1.0,0.55282867
1.0,0.5029058
1.0,0.5422713
1.0,0.48853835
1.0,0.614396
1.0,0.57036
1.0,0.61038876
1.0,0.57135916
1.0,0.5243059
1.0,0.52188426
1.0,0.63420373
1.0,0.5717166
1.0,0.5763316
1.0,0.48233172
1.0,0.600382
1.0,0.5976945
1.0,0.56573725
1.0,0.5681521
1.0,0.74242264
1.0,0.5714501
1.0,0.6007229
1.0,0.6951255
1.0,0.42524347
1.0,0.60009766
1.0,0.37342238
1.0,0.9135398
1.0,0.56085336
1.0,0.42581958
1.0,0.4489731
1.0,0.5140847
1.0,0.57979435
1.0,0.57761925
1.0,0.6081139
1.0,0.6132654
1.0,0.59679645
1.0,0.57289433
1.0,0.47635636
1.0,0.56107306
1.0,0.5920927
1.0,0.6645077
1.0,0.5024203
1.0,0.63521737
1.0,0.5237267
1.0,0.5097761
1.0,0.6309873
1.0,0.2263792
1.0,0.41784218
1.0,0.5792177
1.0,0.47799158
1.0,0.4433533
1.0,0.5735298
1.0,0.52898836
1.0,0.50254697
1.0,0.4800116
1.0,0.5161677
1.0,0.6764
1.0,0.61301714
1.0,0.9377499
1.0,0.5919539
1.0,0.5694721
1.0,0.5529651
1.0,0.54988927
1.0,0.5904609
1.0,0.97914565
1.0,0.5406218
1.0,0.9505521
1.0,0.33549994
1.0,0.5329642
1.0,0.568071
1.0,0.30075324
1.0,0.49891528
1.0,0.45747358
1.0,0.64466184
1.0,0.53614587
1.0,0.5336762
1.0,0.53316224
1.0,0.6204282
1.0,0.5959307
1.0,0.46832147
1.0,0.1762236
1.0,0.6730002
1.0,0.5210077
1.0,0.038366538
1.0,0.52132493
1.0,0.35757157
1.0,0.61403626
1.0,0.56182456
1.0,0.36957914
1.0,0.56346077
1.0,0.52527726
1.0,0.58188355
1.0,0.9331567
1.0,0.5237087
1.0,0.540676
1.0,0.49240792
1.0,0.5104113
1.0,0.4374409
1.0,0.99978346
1.0,0.46104434
1.0,0.52873707
1.0,0.5175048
1.0,0.5080735
1.0,0.42491248
1.0,0.6196943
1.0,0.5642996
1.0,0.52344817
1.0,0.61007285
1.0,0.5172356
1.0,0.6069974
1.0,0.66980636
1.0,0.6454996
1.0,0.55525136
1.0,0.51353616
1.0,0.6108324
1.0,0.48233095
1.0,0.5201761
1.0,0.56641513
1.0,0.08682015
1.0,0.6463972
1.0,0.6279874
1.0,0.86635494
1.0,0.6100537
1.0,0.7086049
1.0,0.80762386
1.0,0.4672026
1.0,0.5548032
1.0,0.57256687
1.0,0.6094956
1.0,0.5396212
1.0,0.5138061
1.0,0.4290563
1.0,0.59123546
1.0,0.39532968
1.0,0.521517
1.0,0.50188476
1.0,0.53337973
1.0,0.57370305
1.0,0.51016337
1.0,0.54327863
1.0,0.5774114
1.0,0.619349
1.0,0.60512644
1.0,0.5870345
1.0,0.5381994
1.0,0.53598624
1.0,0.6406302
1.0,0.5653957
1.0,0.5715046
1.0,0.5413556
1.0,0.688216
1.0,0.61199
1.0,0.56173444
1.0,0.5158162
1.0,0.54327863
1.0,0.60338646
1.0,0.9999354
1.0,0.5793006
1.0,0.49119452
1.0,0.2815019
1.0,0.6054119
1.0,0.54092616
1.0,0.58984995
1.0,0.45028046
1.0,0.534964
1.0,0.52886754
1.0,0.6297212
1.0,0.58793944
1.0,0.5807683
1.0,0.52494353
1.0,0.50326526
1.0,0.5571755
1.0,0.55943274
1.0,0.64405495
1.0,0.5964914
1.0,0.51843107
1.0,0.5099339
1.0,0.5383263
1.0,0.5491529
1.0,0.5491023
1.0,0.48267868
1.0,0.6300301
1.0,0.5931094
1.0,0.5615903
1.0,0.53995544
1.0,0.6827614
1.0,0.6675349
1.0,0.54936296
1.0,0.66774
1.0,0.58678
1.0,0.3507853
1.0,0.5460267
1.0,0.6314352
1.0,0.6163447
1.0,0.6379794
1.0,0.5940326
1.0,0.4385257
1.0,0.22919646
1.0,0.59554726
1.0,0.5457221
1.0,0.90526557
1.0,0.5441402
1.0,0.53516096
1.0,0.58005583
1.0,0.58922386
1.0,0.59294593
1.0,0.5296166
1.0,0.6069561
1.0,0.44447082
1.0,0.5112566
1.0,0.5340419
1.0,0.63324606
1.0,0.5972954
1.0,0.57887244
1.0,0.5902516
1.0,0.98355955
1.0,0.50750893
1.0,0.62067777
1.0,0.50209594
1.0,0.48813546
1.0,0.7113848
1.0,0.55112284
1.0,0.42497116
1.0,0.55486387
1.0,0.60884917
1.0,0.45763916
1.0,0.5845003
1.0,0.60662794
1.0,0.5678202
1.0,0.60666716
1.0,0.49774724
1.0,0.5531045
1.0,0.62883604
1.0,0.53431547
1.0,0.5582173
1.0,0.5067139
1.0,0.98456454
1.0,0.6444911
1.0,0.58235157
1.0,0.54753137
1.0,0.5591689
1.0,0.5552292
1.0,0.45076418
1.0,0.563757
1.0,0.43623737
1.0,0.46063867
1.0,0.5918786
1.0,0.5355293
1.0,0.9714447
1.0,0.5891525
1.0,0.5330634
1.0,0.5321956
1.0,0.4845934
1.0,0.5576697
1.0,0.66577756
1.0,0.81970286
1.0,0.55582905
1.0,0.5610898
1.0,0.46104434
1.0,0.61150366
1.0,0.53712755
1.0,0.94264877
1.0,0.46528065
1.0,0.62944305
1.0,0.57461077
1.0,0.791706
1.0,0.57881176
1.0,0.6051711
1.0,0.5618796
1.0,0.99669015
1.0,0.5324618
1.0,0.59091073
1.0,0.5617913
1.0,0.5222506
1.0,0.48435202
1.0,0.5081441
1.0,0.5428841
1.0,0.66052634
1.0,0.5772471
1.0,0.51844424
1.0,0.61753404
1.0,0.56044084
1.0,0.89400554
1.0,0.74937505
1.0,0.71626234
1.0,0.7590578
1.0,0.4949364
1.0,0.6461875
1.0,0.5507788
1.0,0.537823
1.0,0.5217137
1.0,0.45833758
1.0,0.097301945
1.0,0.5657922
1.0,0.64612854
1.0,0.5500615
1.0,0.5458786
1.0,0.52733386
1.0,0.58305496
1.0,0.37894318
1.0,0.55967635
1.0,0.94923025
1.0,0.47658896
1.0,0.7151011
1.0,0.46104434
1.0,0.6286188
1.0,0.6446165
1.0,0.49167576
1.0,0.59770906
1.0,0.58599997
1.0,0.54834723
1.0,0.59273404
1.0,0.51580465
1.0,0.44226256
1.0,0.5625083
1.0,0.5520618
1.0,0.5077079
1.0,0.58014303
1.0,0.49671674
1.0,0.35850877
1.0,0.6158892
1.0,0.5069515
1.0,0.5285889
1.0,0.6495379
1.0,0.54518616
1.0,0.57557064
1.0,0.6307365
1.0,0.57987285
1.0,0.012322426
1.0,0.607223
1.0,0.5711597
1.0,0.58117026
1.0,0.47780824
1.0,0.06556397
1.0,0.4275425
1.0,0.57476723
1.0,0.51520324
1.0,0.49402484
1.0,0.5196598
1.0,0.07101717
1.0,0.6439055
1.0,0.53830564
1.0,0.5660656
1.0,0.49875772
1.0,0.5997575
1.0,0.63896173
1.0,0.52400696
1.0,0.52682114
1.0,0.51979464
1.0,0.5220491
1.0,0.5932019
1.0,0.6239946
1.0,0.62201977
1.0,0.5056573
1.0,0.51359874
1.0,0.5088399
1.0,0.5396757
1.0,0.5282349
1.0,0.6014911
1.0,0.59071594
1.0,0.5922428
1.0,0.45176348
1.0,0.45729306
1.0,0.52585137
1.0,0.73148656
1.0,0.5890206
1.0,0.5646247
1.0,0.5869699
1.0,0.5306989
1.0,0.53132397
1.0,0.49343964
1.0,0.4769891
1.0,0.56695235
1.0,0.5108482
1.0,0.6224076
1.0,0.5242929
1.0,0.54718953
1.0,0.45912105
1.0,0.5802622
1.0,0.5792928
1.0,0.59459937
1.0,0.34821397
1.0,0.55502087
1.0,0.58021843
1.0,0.5478402
1.0,0.6159716
1.0,0.70244724
1.0,0.5292985
1.0,0.8235211
1.0,0.5906739
1.0,0.46104434
1.0,0.6422043
1.0,0.6555181
1.0,0.4618487
1.0,0.8037142
1.0,0.6665268
1.0,0.5326982
1.0,0.53907114
1.0,0.7836848
1.0,0.5278443
1.0,0.57486546
1.0,0.6382287
1.0,0.5250368
1.0,0.53530306
1.0,0.54227436
1.0,0.66823536
1.0,0.5538666
1.0,0.6323492
1.0,0.4603988
1.0,0.7553242
1.0,0.5383615
1.0,0.62842953
1.0,0.5817781
1.0,0.54843104
1.0,0.6499926
1.0,0.6003923
1.0,0.5179159
1.0,0.5461051
1.0,0.6399292
1.0,0.5728834
1.0,0.4527759
1.0,0.60508996
1.0,0.5673322
1.0,0.48403302
1.0,0.49425882
1.0,0.49818096
1.0,0.8400127
1.0,0.5111811
1.0,0.55625093
1.0,0.57260215
1.0,0.4956689
1.0,0.60581404
1.0,0.6181079
1.0,0.5108231
1.0,0.6437089
1.0,0.61946416
1.0,0.9381503
1.0,0.553675
1.0,0.49508637
1.0,0.5308396
1.0,0.6207791
1.0,0.5481211
1.0,0.5647908
1.0,0.5669569
1.0,0.3847419
1.0,0.54804975
1.0,0.5429836
1.0,0.61033344
1.0,0.56424934
1.0,0.53860974
1.0,0.50761294
1.0,0.567345
1.0,0.7135322
1.0,0.5834932
1.0,0.5219435
1.0,0.5744905
1.0,0.5414437
1.0,0.4630351
1.0,0.42931953
1.0,0.5477158
1.0,0.53456366
1.0,0.57874256
1.0,0.53530264
1.0,0.5127937
1.0,0.60424757
1.0,0.45001292
1.0,0.55759406
1.0,0.54861724
1.0,0.58194846
1.0,0.99525225
1.0,0.49387935
1.0,0.61982584
1.0,0.49549648
1.0,0.57866544
1.0,0.5282072
1.0,0.54417586
1.0,0.56975967
1.0,0.47804895
1.0,0.9993981
1.0,0.5286229
1.0,0.55006665
1.0,0.49020675
1.0,0.5053057
1.0,0.53230935
1.0,0.53968465
1.0,0.49751043
1.0,0.6253904
1.0,0.5576397
1.0,0.51886004
1.0,0.52104545
1.0,0.29282075
1.0,0.5464829
1.0,0.5865995
1.0,0.37935415
1.0,0.27639094
1.0,0.5428164
1.0,0.35251567
1.0,0.64684033
1.0,0.69401854
1.0,0.539082
1.0,0.6482434
1.0,0.68484426
1.0,0.57750297
1.0,0.5898013
1.0,0.60656315
1.0,0.49233723
1.0,0.5766009
1.0,0.54506254
1.0,0.6315004
1.0,0.408852
1.0,0.67989933
1.0,0.6286918
1.0,0.6782944
1.0,0.4922234
1.0,0.55597764
1.0,0.46068645
1.0,0.6411103
1.0,0.5354556
1.0,0.5788141
1.0,0.5002331
1.0,0.6361155
1.0,0.56057817
1.0,0.43716496
1.0,0.582442
1.0,0.5725078
1.0,0.54861623
1.0,0.47810498
1.0,0.64270985
1.0,0.47644398
1.0,0.43374175
1.0,0.44933903
1.0,0.5276727
1.0,0.58481854
1.0,0.65846807
1.0,0.5669378
1.0,0.5297427
1.0,0.48237592
1.0,0.48526785
1.0,0.630268
1.0,0.56701845
1.0,0.42924747
1.0,0.5112605
1.0,0.47765484
1.0,0.6006584
1.0,0.49070603
1.0,0.5868968
1.0,0.5747439
1.0,0.57955664
1.0,0.48265207
1.0,0.5884254
1.0,0.55974704
1.0,0.9872071
1.0,0.56780505
1.0,0.5575179
1.0,0.4738342
1.0,0.48438105
1.0,0.5507367
1.0,0.63889587
1.0,0.61049134
1.0,0.49384254
1.0,0.4796921
1.0,0.7241227
1.0,0.46104434
1.0,0.6988402
1.0,0.6429775
1.0,0.63484097
1.0,0.53804415
1.0,0.9635153
1.0,0.5304144
1.0,0.5390968
1.0,0.5882503
1.0,0.5189022
1.0,0.54021686
1.0,0.5279515
1.0,0.5967681
1.0,0.51385444
1.0,0.56561196
1.0,0.45161697
1.0,0.49699286
1.0,0.5452424
1.0,0.57280195
1.0,0.5438438
1.0,0.68668014
1.0,0.45693082
1.0,0.5053247
1.0,0.5926976
1.0,0.55006737
1.0,0.8553119
1.0,0.5278948
1.0,0.42803925
1.0,0.9840359
1.0,0.5464092
1.0,0.85847074
1.0,0.53160435
1.0,0.58599806
1.0,0.38264963
1.0,0.48245016
1.0,0.49401873
1.0,0.5569042
1.0,0.5416715
1.0,0.6635315
1.0,0.5224945
1.0,0.59095794
1.0,0.6203463
1.0,0.52575237
1.0,0.60670644
1.0,0.52061474
1.0,0.61570466
1.0,0.43563515
1.0,0.5976725
1.0,0.5255339
1.0,0.6372881
1.0,0.5461909
1.0,0.5296824
1.0,0.5512419
1.0,0.6217383
1.0,0.5514657
1.0,0.59871167
1.0,0.5555763
1.0,0.9999995
1.0,0.51200324
1.0,0.5530445
1.0,0.6060255
1.0,0.56004477
1.0,0.514075
1.0,0.8090083
1.0,0.7915024
1.0,0.5372011
1.0,0.5982564
1.0,0.62941283
1.0,0.6868784
1.0,0.5491087
1.0,0.5271063
1.0,0.64533293
1.0,0.4883818
1.0,0.4843899
1.0,0.7197785
1.0,0.84119403
1.0,0.6058473
1.0,0.12623581
1.0,0.4832888
1.0,0.5759779
1.0,0.5033089
1.0,0.6476221
1.0,0.53996944
1.0,0.66801435
1.0,0.47481522
1.0,0.66117483
1.0,0.5485449
1.0,0.47612196
1.0,0.47284096
1.0,0.4382291
1.0,0.5844786
1.0,0.6246363
1.0,0.476622
1.0,0.696221
1.0,0.53986967
1.0,0.7998855
1.0,0.52032715
1.0,0.491199
1.0,0.5089319
1.0,0.6230934
1.0,0.58598745
1.0,0.8814523
1.0,0.60207045
1.0,0.6162315
1.0,0.43181866
1.0,0.6549356
1.0,0.61695135
1.0,0.4799997
1.0,0.5551288
1.0,0.5788679
1.0,0.53816724
1.0,0.55835986
1.0,0.35732216
1.0,0.57335407
1.0,0.5030143
1.0,0.44504422
1.0,0.43246025
1.0,0.2977994
1.0,0.45667344
1.0,0.6691187
1.0,0.57114697
1.0,0.55349404
1.0,0.5411648
1.0,0.69659823
1.0,0.5875413
1.0,0.5319781
1.0,0.5632907
1.0,0.5745128
1.0,0.5722697
1.0,0.5802052
1.0,0.5437284
1.0,0.46875322
1.0,0.56895405
1.0,0.6049801
1.0,0.525338
1.0,0.47824615
1.0,0.46104434
1.0,0.5782601
1.0,0.6585163
1.0,0.6105986
1.0,0.50470644
1.0,0.51140475
1.0,0.60113347
1.0,0.5828253
1.0,0.5682586
1.0,0.64763284
1.0,0.57877356
1.0,0.7393579
1.0,0.96590847
1.0,0.45634615
1.0,0.60504764
1.0,0.5729186
1.0,0.5599024
1.0,0.40196544
1.0,0.7930717
1.0,0.53106767
1.0,1.0
1.0,0.6041778
1.0,0.58457434
1.0,0.20360881
1.0,0.6414325
1.0,0.50611556
1.0,0.4306549
1.0,0.51941705
1.0,0.01990152
1.0,0.40355834
1.0,0.5631337
1.0,0.47351873
1.0,0.93834573
1.0,0.5799141
1.0,0.6323054
1.0,0.6294751
1.0,0.4808613
1.0,0.33954042
1.0,0.4627788
1.0,0.584826
1.0,0.5838315
1.0,0.51346797
1.0,0.5473035
1.0,0.69562113
1.0,0.5118983
1.0,0.5501323
1.0,0.4569113
1.0,0.47005448
1.0,0.5101769
1.0,0.5188088
1.0,0.48985544
1.0,0.49679798
1.0,0.5999804
1.0,0.5812812
1.0,0.5094401
1.0,0.45754454
1.0,0.6767902
1.0,0.5533461
1.0,0.44032598
1.0,0.5706701
1.0,0.45696494
1.0,0.5245283
1.0,0.5218858
1.0,0.5801737
1.0,0.44071805
1.0,0.48316833
1.0,0.98727477
1.0,0.6874093
1.0,0.52369434
1.0,0.60921645
1.0,0.5837712
1.0,0.46104434
1.0,0.6045422
1.0,0.53812855
1.0,0.6033182
1.0,0.5884768
1.0,0.6456541
1.0,0.46795332
1.0,0.5820155
1.0,0.5696546
1.0,0.5367063
1.0,0.7131145
1.0,0.5336259
1.0,0.67908543
1.0,0.3520029
1.0,0.6190403
1.0,0.9996164
1.0,0.47394025
1.0,0.5082807
1.0,0.53058386
1.0,0.6647726
1.0,0.565633
1.0,0.6008979
1.0,0.5819704
1.0,0.57041293
1.0,0.4493234
1.0,0.6078903
1.0,0.69234794
1.0,0.9804049
1.0,0.5423093
1.0,0.5617949
1.0,0.54777235
1.0,0.5949245
1.0,0.5514911
1.0,0.62077296
1.0,0.47645772
1.0,0.4860489
1.0,0.5536554
1.0,0.5427244
1.0,0.9978097
1.0,0.57789886
1.0,0.6681594
1.0,0.5730464
1.0,0.5270672
1.0,0.60342264
1.0,0.5598733
1.0,0.5363239
1.0,0.5561295
1.0,0.46104434
1.0,0.56259006
1.0,0.5540708
1.0,0.6252339
1.0,0.54365987
1.0,0.54394746
1.0,0.5429681
1.0,0.5018017
1.0,0.57263917
1.0,0.59184206
1.0,0.5118195
1.0,0.681752
1.0,0.5611615
1.0,0.00093516614
1.0,0.5264523
1.0,0.62976855
1.0,0.43314555
1.0,0.5754439
1.0,0.5940777
1.0,0.59803003
1.0,0.5869529
1.0,0.509904
1.0,0.4704484
1.0,0.67316914
1.0,0.61085325
1.0,0.5809892
1.0,0.54131716
1.0,0.5259202
1.0,0.582817
1.0,0.92214376
1.0,0.48426902
1.0,0.4248138
1.0,0.57397676
1.0,0.5629032
1.0,0.5675979
1.0,0.9908538
1.0,0.53281075
1.0,0.6348765
1.0,0.9676194
1.0,0.5217886
1.0,0.9003872
1.0,0.50123507
1.0,0.55224824
1.0,0.5218794
1.0,0.6441011
1.0,0.5054157
1.0,0.44173712
1.0,0.32880205
1.0,0.53277844
1.0,0.51549923
1.0,0.5249412
1.0,0.56489223
1.0,0.5315762
1.0,0.5038755
1.0,0.6111995
1.0,0.5559805
1.0,0.5839266
1.0,0.655332
1.0,0.6047173
1.0,0.6225242
1.0,0.5631347
1.0,0.52473694
1.0,0.4098646
1.0,0.5642248
1.0,0.96062994
1.0,0.62569755
1.0,0.6003076
1.0,0.5885359
1.0,0.6440548
1.0,0.63298935
1.0,0.66028297
1.0,0.64853346
1.0,0.6004152
1.0,0.53864247
1.0,0.57751477
1.0,0.59665734
1.0,0.49721
1.0,0.40206736
1.0,0.57024944
1.0,0.8394494
1.0,0.6213609
1.0,0.5194879
1.0,0.6458028
1.0,0.5249207
1.0,0.5237635
1.0,0.55128837
1.0,0.5117273
1.0,0.56811064
1.0,0.51900434
1.0,0.56849253
1.0,0.4989616
1.0,0.57445925
1.0,0.6396426
1.0,0.50181365
1.0,0.59103316
1.0,0.58755577
1.0,0.6263213
1.0,0.48235062
1.0,0.4728568
1.0,0.5491885
1.0,0.44409028
1.0,0.6902886
1.0,0.4778917
1.0,0.45697552
1.0,0.4899152
1.0,0.47251165
1.0,0.5105976
1.0,0.4960149
1.0,0.5205687
1.0,0.6098815
1.0,0.5676365
1.0,0.6183702
1.0,0.55293757
1.0,0.5873327
1.0,0.45768446
1.0,0.5670825
1.0,0.5274163
1.0,0.50862056
1.0,0.5384265
1.0,0.5298196
1.0,0.5097052
1.0,0.58523047
1.0,0.58342135
1.0,0.5068094
1.0,0.5860355
1.0,0.62344265
1.0,0.9962773
1.0,0.47602955
1.0,0.5611611
1.0,0.47642785
1.0,0.51395446
1.0,0.6178698
1.0,0.44082513
1.0,0.5857594
1.0,0.4774585
1.0,1.0
1.0,0.44849417
1.0,0.6303302
1.0,0.55475557
1.0,0.594952
1.0,0.67792755
1.0,0.53090835
1.0,0.49444374
1.0,0.9920665
1.0,0.46943456
1.0,0.47336522
1.0,0.50614035
1.0,0.5628019
1.0,0.59632564
1.0,0.56846607
1.0,0.63396245
1.0,0.6115841
1.0,0.47649676
1.0,0.526748
1.0,0.49162066
1.0,0.6002461
1.0,0.565392
1.0,0.64931506
1.0,0.47923356
1.0,0.65230197
1.0,0.5513675
1.0,0.513548
1.0,0.6377573
1.0,0.816111
1.0,0.57875246
1.0,0.51941216
1.0,0.8505323
1.0,0.5033552
1.0,0.7064652
1.0,0.4296682
1.0,0.6053805
1.0,0.43313354
1.0,0.494007
1.0,0.58839345
1.0,0.8022008
1.0,0.60336846
1.0,0.60513365
1.0,0.51831967
1.0,0.51252586
1.0,0.6232823
1.0,0.5413918
1.0,0.6414626
1.0,0.64035594
1.0,0.46498364
1.0,0.6226278
1.0,0.73802847
1.0,0.45567295
1.0,0.6530824
1.0,0.58145934
1.0,0.6244263
1.0,0.52483743
1.0,0.516576
1.0,0.61393684
1.0,0.36197492
1.0,0.42562744
1.0,0.63119817
1.0,0.9994931
1.0,0.6573381
1.0,0.5610767
1.0,0.61481535
1.0,0.53998786
1.0,0.5974074
1.0,0.6401538
1.0,0.5011978
1.0,0.5546907
1.0,0.6464548
1.0,0.589568
1.0,0.6247498
1.0,0.6009851
1.0,0.45681056
1.0,0.49582368
1.0,0.87618965
1.0,0.8378329
1.0,0.55402416
1.0,0.5027666
1.0,0.54829705
1.0,0.56224024
1.0,0.48324648
1.0,0.47252363
1.0,0.50440973
1.0,0.6154522
1.0,0.4681398
1.0,0.48599026
1.0,0.53086406
1.0,0.5921968
1.0,0.24261916
1.0,0.5735462
1.0,0.4455407
1.0,0.5510403
1.0,0.53010076
1.0,0.6585002
1.0,0.5541356
1.0,0.61156666
1.0,0.48359177
1.0,0.49657607
1.0,0.69765854
1.0,0.511186
1.0,0.5958348
1.0,0.64233744
1.0,0.6405537
1.0,0.48177952
1.0,0.56508815
1.0,0.5153264
1.0,0.5473203
1.0,0.50114423
1.0,0.47091147
1.0,0.5054707
1.0,0.5723455
1.0,0.6255813
1.0,0.5281859
1.0,0.5241309
1.0,0.5503666
1.0,0.49869105
1.0,0.8565957
1.0,0.5295746
1.0,0.59398264
1.0,0.5343941
1.0,0.65104336
1.0,0.59122753
1.0,0.5680687
1.0,0.64811456
1.0,0.5522941
1.0,0.56202984
1.0,0.5136494
1.0,0.56331956
1.0,0.48442468
1.0,0.627886
1.0,0.54572093
1.0,0.49350896
1.0,0.57909155
1.0,0.54387754
1.0,0.5114713
1.0,0.57235265
1.0,0.58744085
1.0,0.54309577
1.0,0.69778806
1.0,0.51116425
1.0,0.8166443
1.0,0.506154
1.0,0.55598825
1.0,0.65436566
1.0,0.6387215
1.0,0.5356754
1.0,0.52789956
1.0,0.56627125
1.0,0.64516866
1.0,0.57014745
1.0,0.6116434
1.0,0.4545046
1.0,0.51017064
1.0,0.6430826
1.0,0.60448635
1.0,0.62534344
1.0,0.491147
1.0,0.5668199
1.0,0.46104434
1.0,0.4711151
1.0,0.4755341
1.0,0.5206809
1.0,0.5507538
1.0,0.5440313
1.0,0.61495864
1.0,0.514554
1.0,0.6378716
1.0,0.65457106
1.0,0.5337427
1.0,0.7693843
1.0,0.1463654
1.0,0.5242483
1.0,0.5661698
1.0,0.5645955
1.0,0.5732991
1.0,0.5038108
1.0,0.97309464
1.0,0.5300743
1.0,0.5324687
1.0,0.93654025
1.0,0.63387096
1.0,0.6234788
1.0,0.42473423
1.0,0.4319206
1.0,0.4336472
1.0,0.45747164
1.0,0.5136
1.0,0.99582076
1.0,0.80860317
1.0,0.6411194
1.0,0.58332574
1.0,0.57458776
1.0,0.5793951
1.0,0.6395162
1.0,0.5112932
1.0,0.8936156
1.0,0.6890738
1.0,0.60310704
1.0,0.58599424
1.0,0.5806609
1.0,0.3989468
1.0,0.62396884
1.0,0.5648201
1.0,0.4364391
1.0,0.52953416
1.0,0.5896695
1.0,0.5519503
1.0,0.57073694
1.0,0.60025305
1.0,0.554842
1.0,0.4241736
1.0,0.66291803
1.0,0.570015
1.0,0.55876356
1.0,0.5263135
1.0,0.46064782
1.0,0.5104262
1.0,0.55176705
1.0,0.61311716
1.0,0.7052115
1.0,0.5696199
1.0,0.89181405
1.0,0.44124493
1.0,0.51274246
1.0,0.56844825
1.0,0.63890404
1.0,0.54601824
1.0,0.6031999
1.0,0.5927735
1.0,0.59812814
1.0,0.9606875
1.0,0.49751782
1.0,0.37490222
1.0,0.5668489
1.0,0.53829205
1.0,0.5994011
1.0,0.6466244
1.0,0.6230776
1.0,0.6190873
1.0,0.49031928
1.0,0.46104434
1.0,0.60183376
1.0,0.5749502
1.0,0.54910934
1.0,0.4522737
1.0,0.50842625
1.0,0.58575356
1.0,0.49027705
1.0,0.94474286
1.0,0.5914022
1.0,0.5338177
1.0,0.6395548
1.0,0.5011497
1.0,0.97263235
1.0,0.5365539
1.0,0.54593265
1.0,0.5763907
1.0,0.45333245
1.0,0.55424076
1.0,0.5773913
1.0,0.5715868
1.0,0.6299841
1.0,0.5363105
1.0,0.52632594
1.0,0.7260923
1.0,0.7811251
1.0,0.5269452
1.0,0.5336498
1.0,0.5303071
1.0,0.54653853
1.0,0.61596626
1.0,0.59787333
1.0,0.5955336
1.0,0.5118439
1.0,0.56785953
1.0,0.5879914
1.0,0.56812555
1.0,0.6749134
1.0,0.5773786
1.0,0.577512
1.0,0.64442533
1.0,0.4686091
1.0,0.5112496
1.0,0.6095253
1.0,0.9946008
1.0,0.5080796
1.0,0.61678666
1.0,0.61438775
1.0,0.38273638
1.0,0.4794069
1.0,0.56953555
1.0,0.5984226
1.0,0.66592103
1.0,0.6192916
1.0,0.5796476
1.0,0.32041618
1.0,0.6681545
1.0,0.63507056
1.0,0.50758284
1.0,0.52758086
1.0,0.6643781
1.0,0.71178174
1.0,0.090926334
1.0,0.47099048
1.0,0.5212918
1.0,0.5795442
1.0,0.5291434
1.0,0.61612993
1.0,0.5529161
1.0,0.53129894
1.0,0.52019507
1.0,0.5898256
1.0,0.61904114
1.0,0.5859182
1.0,0.6465642
1.0,0.6473474
1.0,0.5564172
1.0,0.63163984
1.0,0.60176134
1.0,0.57010347
1.0,0.5642165
1.0,0.8925559
1.0,0.54445356
1.0,0.53014314
1.0,0.47333202
1.0,0.5622818
1.0,0.49262467
1.0,0.56496924
1.0,0.5716147
1.0,0.27074984
1.0,0.6868851
1.0,0.4938377
1.0,0.43709034
1.0,0.5638971
1.0,0.5723955
1.0,0.5748604
1.0,0.4937614
1.0,0.43160734
1.0,0.6291092
1.0,0.005965704
1.0,0.6247026
1.0,0.4019596
1.0,0.5345905
1.0,0.5042792
1.0,0.5217351
1.0,0.48677844
1.0,0.6822652
1.0,0.50491947
1.0,0.71827066
1.0,0.490328
1.0,0.6852504
1.0,0.54573375
1.0,0.5507571
1.0,0.5394943
1.0,0.5000824
1.0,0.57234347
1.0,0.47205272
1.0,0.59174085
1.0,0.5115498
1.0,0.51329154
1.0,0.57653534
1.0,0.43303654
1.0,0.6538075
1.0,0.6114879
1.0,0.6105801
1.0,0.53007364
1.0,0.5440076
1.0,0.52087635
1.0,0.60707986
1.0,0.5258812
1.0,0.55304056
1.0,0.52968943
1.0,0.5035174
1.0,0.5822187
1.0,0.5807584
1.0,0.5919729
1.0,0.61963826
1.0,0.4571605
1.0,0.5840688
1.0,0.56584144
1.0,0.3634102
1.0,0.6511392
1.0,0.53288525
1.0,0.591974
1.0,0.47120392
1.0,0.5789302
1.0,0.48598993
1.0,0.5407207
1.0,0.4811794
1.0,0.5536584
1.0,0.5748292
1.0,0.5723495
1.0,0.49021167
1.0,0.4938683
1.0,0.5386602
1.0,0.5580301
1.0,0.5529275
1.0,0.57087374
1.0,0.44053173
1.0,0.6563715
1.0,0.61333346
1.0,0.58092153
1.0,0.8023953
1.0,0.261918
1.0,0.6145324
1.0,0.45225742
1.0,0.5581296
1.0,0.93579775
1.0,0.54887354
1.0,0.5874297
1.0,0.51870245
1.0,0.5748107
1.0,0.9894629
1.0,0.6165567
1.0,0.3941981
1.0,0.546663
1.0,0.62397426
1.0,0.6298385
1.0,0.6293237
1.0,0.5414954
1.0,0.58024275
1.0,0.46104434
1.0,0.45494163
1.0,0.56143796
1.0,0.554996
1.0,0.6727576
1.0,0.58440167
1.0,0.5254616
1.0,0.5438734
1.0,0.5500781
1.0,0.59225947
1.0,0.57842606
1.0,0.53266186
1.0,0.5479082
1.0,0.5771625
1.0,0.5777342
1.0,0.62032443
1.0,0.49732238
1.0,0.44356343
1.0,0.5575425
1.0,0.5224116
1.0,0.50805855
1.0,0.5584563
1.0,0.5304884
1.0,0.5776704
1.0,0.57218724
1.0,0.48417786
1.0,0.64300555
1.0,0.53868353
1.0,0.43417102
1.0,0.50299567
1.0,0.7507005
1.0,0.5212156
1.0,0.53696835
1.0,0.5609057
1.0,0.6285982
1.0,0.36986727
1.0,0.56889343
1.0,0.56060255
1.0,0.4454226
1.0,0.5351655
1.0,0.34204164
1.0,0.6559394
1.0,0.6021954
1.0,0.48750582
1.0,0.9850485
1.0,0.49008995
1.0,0.53436553
1.0,0.5301452
1.0,0.47231105
1.0,0.60654956
1.0,0.4698899
1.0,0.6294561
1.0,0.5134053
1.0,0.4936576
1.0,0.53387177
1.0,0.53711337
1.0,0.46890116
1.0,0.46890116
1.0,0.60337937
1.0,0.5295777
1.0,0.80905074
1.0,0.55606246
1.0,0.4723559
1.0,0.47117102
1.0,0.8504351
1.0,0.48608488
1.0,0.5045009
1.0,0.5221658
1.0,0.5753201
1.0,0.6391536
1.0,0.6836038
1.0,0.097275354
1.0,0.5665694
1.0,0.64410114
1.0,0.62739056
1.0,0.51482534
1.0,0.99672973
1.0,0.5240603
1.0,0.14323567
1.0,0.58030343
1.0,0.5931
1.0,0.46860203
1.0,0.57377005
1.0,0.5670002
1.0,0.60340947
1.0,0.51213413
1.0,0.4287337
1.0,0.9622094
1.0,0.9529555
1.0,0.5897357
1.0,0.52478623
1.0,0.6623036
1.0,0.62918276
1.0,0.535266
1.0,0.526371
1.0,0.61972
1.0,0.46151412
1.0,0.5579291
1.0,0.46374196
1.0,0.61644876
1.0,0.46123844
1.0,0.24230346
1.0,0.43634188
1.0,0.55927235
1.0,0.47408298
1.0,0.5247426
1.0,0.5333376
1.0,0.88524264
1.0,0.5403167
1.0,0.50225717
1.0,0.5739917
1.0,0.53297526
1.0,0.55334616
1.0,0.69088894
1.0,0.5089401
1.0,0.9779349
1.0,0.56653184
1.0,0.5861297
1.0,0.69107664
1.0,0.553311
1.0,0.527825
1.0,0.5268635
1.0,0.49623796
1.0,0.56264096
1.0,0.38229516
1.0,0.6396601
1.0,0.45343852
1.0,0.5706927
1.0,0.3745996
1.0,0.45863527
1.0,0.21149011
1.0,0.6485198
1.0,0.6186475
1.0,0.45310155
1.0,0.49463698
1.0,0.5737266
1.0,0.46104434
1.0,0.56834406
1.0,0.54969776
1.0,0.66056263
1.0,0.5118886
1.0,0.61546975
1.0,0.53687704
1.0,0.5276307
1.0,0.55062485
1.0,0.5863584
1.0,0.55542105
1.0,0.47781837
1.0,0.63113517
1.0,0.6413654
1.0,0.49620196
1.0,0.56207323
1.0,0.57044476
1.0,0.6414206
1.0,0.78014535
1.0,0.16098519
1.0,0.62065583
1.0,0.57550514
1.0,0.51156354
1.0,0.58048105
1.0,0.6422901
1.0,0.47523087
1.0,0.46104434
1.0,0.50747293
1.0,0.63540816
1.0,0.9436787
1.0,0.4630681
1.0,0.56696594
1.0,0.54414153
1.0,0.6052802
1.0,0.56461835
1.0,0.62088037
1.0,0.6297789
1.0,0.51763713
1.0,0.58464444
1.0,0.5523797
1.0,0.584156
1.0,0.52007145
1.0,0.6536365
1.0,0.5906361
1.0,0.5390676
1.0,0.5796579
1.0,0.47316843
1.0,0.6420343
1.0,0.043862373
1.0,0.6212554
1.0,0.5119434
1.0,0.5421743
1.0,0.5218596
1.0,0.95579237
1.0,0.5433219
1.0,0.5629055
1.0,0.4114044
1.0,0.62918806
1.0,0.8441599
1.0,0.471875
1.0,0.62851465
1.0,0.55777293
1.0,0.56754047
1.0,0.5301025
1.0,0.9995239
1.0,0.68354344
1.0,0.6778892
1.0,0.84905195
1.0,0.52387893
1.0,0.5105718
1.0,0.59997576
1.0,0.44585392
1.0,0.53175426
1.0,0.5910015
1.0,0.55847585
1.0,0.55847585
1.0,0.5227399
1.0,0.5827231
1.0,0.47557995
1.0,0.6160033
1.0,0.69308406
1.0,0.56823283
1.0,0.4508013
1.0,0.5520371
1.0,0.5277993
1.0,0.5129287
1.0,0.62080806
1.0,0.55457485
1.0,0.49933338
1.0,0.612975
1.0,0.51200604
1.0,0.48548073
1.0,0.26997626
1.0,0.5220948
1.0,0.55876267
1.0,0.5557312
1.0,0.530048
1.0,0.4515004
1.0,0.57832444
1.0,0.49442604
1.0,0.5578046
1.0,0.99555165
1.0,0.52982956
1.0,0.60805553
1.0,0.5484936
1.0,0.5812152
1.0,0.5483669
1.0,0.63015753
1.0,0.60895526
1.0,0.5362866
1.0,0.6114735
1.0,0.6737098
1.0,0.5712309
1.0,0.5818304
1.0,0.5446177
1.0,0.5760495
1.0,0.49862882
1.0,0.57613456
1.0,0.5821723
1.0,0.4388426
1.0,0.5799439
1.0,0.5875698
1.0,0.70563424
1.0,0.4430841
1.0,0.6284391
1.0,0.5210773
1.0,0.42316872
1.0,0.535839
1.0,0.5404724
1.0,0.6789138
1.0,0.46405843
1.0,0.5833761
1.0,0.46599805
1.0,0.6077397
1.0,0.6297948
1.0,0.6491492
1.0,0.5642515
1.0,0.5794915
1.0,0.53362024
1.0,0.5503532
1.0,0.31694385
1.0,0.5919751
1.0,0.17691585
1.0,0.7032899
1.0,0.6618851
1.0,0.64663666
1.0,0.67308784
1.0,0.5472815
1.0,0.5006768
1.0,0.57826936
1.0,0.6203296
1.0,0.64385056
1.0,0.62299097
1.0,0.56977487
1.0,0.5366373
1.0,0.59301174
1.0,0.6140811
1.0,0.51727223
1.0,0.6043128
1.0,0.59051996
1.0,0.5024475
1.0,0.616684
1.0,0.6135565
1.0,0.0907539
1.0,0.5910132
1.0,0.5514771
1.0,0.56206
1.0,0.6158335
1.0,0.57598877
1.0,0.536746
1.0,0.47103438
1.0,0.51551807
1.0,0.4869074
1.0,0.56404334
1.0,0.5803335
1.0,0.48819605
1.0,0.7187084
1.0,0.5619252
1.0,0.6292579
1.0,0.5201918
1.0,0.5984212
1.0,0.4329066
1.0,0.57206327
1.0,0.6496643
1.0,0.6508693
1.0,0.5711201
1.0,0.7687495
1.0,0.29739085
1.0,0.6199831
1.0,0.6126036
1.0,0.7398176
1.0,0.49257782
1.0,0.48891237
1.0,0.5325297
1.0,0.59838486
1.0,0.60484755
1.0,0.5924522
1.0,0.4784312
1.0,0.54210645
1.0,0.5681225
1.0,0.63140225
1.0,0.5864733
1.0,0.59362227
1.0,0.6552349
1.0,0.56939363
1.0,0.5672818
1.0,0.59026796
1.0,0.52584606
1.0,0.63014525
1.0,0.5266284
1.0,0.46360838
1.0,0.57470167
1.0,0.59469277
1.0,0.5264128
1.0,0.5793339
1.0,0.5045414
1.0,0.5961856
1.0,0.61169696
1.0,0.53234404
1.0,0.5498637
1.0,0.62389743
1.0,0.65140635
1.0,0.5156577
1.0,0.42879853
1.0,0.56867325
1.0,0.99381244
1.0,0.52493006
1.0,0.42934844
1.0,0.52288365
1.0,0.5940301
1.0,0.4349149
1.0,0.53365433
1.0,0.55935436
1.0,0.52551454
1.0,0.62249815
1.0,0.63778716
1.0,0.6141636
1.0,0.6247618
1.0,0.55844027
1.0,0.59610945
1.0,0.47884983
1.0,0.64434147
1.0,0.5030109
1.0,0.7745638
1.0,0.5804238
1.0,0.5119217
1.0,0.60417026
1.0,0.47244367
1.0,0.5251085
1.0,0.4515236
1.0,0.6028753
1.0,0.5715478
1.0,0.60089463
1.0,0.61025655
1.0,0.537177
1.0,0.8411189
1.0,0.5235251
1.0,0.500416
1.0,0.6546804
1.0,0.6288716
1.0,0.38686225
1.0,0.50739694
1.0,0.53229517
1.0,0.627146
1.0,0.63754934
1.0,0.50685865
1.0,0.4978282
1.0,0.596536
1.0,0.5309062
1.0,0.516641
1.0,0.5595759
1.0,0.5364349
1.0,0.5722113
1.0,0.5469339
1.0,0.5325031
1.0,0.46324337
1.0,0.54251343
1.0,0.55893975
1.0,0.6102519
1.0,0.49655914
1.0,0.50246656
1.0,0.5285052
1.0,0.55877
1.0,0.6111066
1.0,0.5881886
1.0,0.9955264
1.0,0.6105153
1.0,0.5796362
1.0,0.5685592
1.0,0.42705426
1.0,0.98539716
1.0,0.5217817
1.0,0.5146559
1.0,0.5962855
1.0,0.57487744
1.0,0.56365013
1.0,0.6743582
1.0,0.568285
1.0,0.6124811
1.0,0.5210968
1.0,0.5618483
1.0,0.5463208
1.0,0.54859436
1.0,0.4616813
1.0,0.5870623
1.0,0.63818985
1.0,0.90434915
1.0,0.5726218
1.0,0.54378074
1.0,0.99620986
1.0,0.70187354
1.0,0.5631855
1.0,0.55731
1.0,0.5618851
1.0,0.89061177
1.0,0.5790589
1.0,0.533838
1.0,0.54369533
1.0,0.664905
1.0,0.53597075
1.0,0.8684012
1.0,0.6103765
1.0,0.50744694
1.0,0.57523185
1.0,0.51126564
1.0,0.6151601
1.0,0.5485363
1.0,0.6498442
1.0,0.45577297
1.0,0.44077724
1.0,1.0
1.0,0.5288089
1.0,0.986528
1.0,0.6247332
1.0,0.6142185
1.0,0.65963876
1.0,0.50993097
1.0,0.5612435
1.0,0.507674
1.0,0.61455816
1.0,0.5671617
1.0,0.5213603
1.0,0.521337
1.0,0.6141577
1.0,0.5577156
1.0,0.5180432
1.0,0.5788522
1.0,0.5032697
1.0,0.55507904
1.0,0.5115296
1.0,0.69828314
1.0,0.38455692
1.0,0.5852963
1.0,0.5565789
1.0,0.47090033
1.0,0.39788818
1.0,0.5926319
1.0,0.5091602
1.0,0.6054895
1.0,0.59728724
1.0,0.59279615
1.0,0.8877914
1.0,0.60150146
1.0,0.6107285
1.0,0.5920935
1.0,0.6099996
1.0,0.53891706
1.0,0.5172478
1.0,0.53788763
1.0,0.56980103
1.0,0.54233515
1.0,0.57322186
1.0,0.58681816
1.0,0.6135432
1.0,0.6082231
1.0,0.57311004
1.0,0.70476854
1.0,0.5634383
1.0,0.55609775
1.0,0.5740568
1.0,0.59762573
1.0,0.61599565
1.0,0.58828634
1.0,0.53035
1.0,0.44182053
1.0,0.06194637
1.0,0.61139303
1.0,0.4272481
1.0,0.5145436
1.0,0.5734107
1.0,0.44212523
1.0,0.64579445
1.0,0.5210199
1.0,0.48057544
1.0,0.51459646
1.0,0.6163321
1.0,0.632979
1.0,0.53022534
1.0,0.58797896
1.0,0.49882302
1.0,0.5850536
1.0,0.55759615
1.0,0.49432278
1.0,0.55247444
1.0,0.00018459349
1.0,0.5384505
1.0,0.5077771
1.0,0.55979615
1.0,0.6397246
1.0,0.63261795
1.0,0.6365357
1.0,0.9906431
1.0,0.5999665
1.0,0.59048665
1.0,0.63336384
1.0,0.4920686
1.0,0.66720533
1.0,0.49025196
1.0,0.5774022
1.0,0.49219447
1.0,0.5011027
1.0,0.523036
1.0,0.5337598
1.0,0.46337903
1.0,0.5844742
1.0,0.8825763
1.0,0.926855
1.0,0.44521388
1.0,0.5312895
1.0,0.60217255
1.0,0.56718504
1.0,0.6598668
1.0,0.55237967
1.0,0.49546266
1.0,0.54223627
1.0,0.6063139
1.0,0.47629747
1.0,0.50258476
1.0,0.66155607
1.0,0.73135734
1.0,0.010072256
1.0,0.5667892
1.0,0.6040147
1.0,0.32400894
1.0,0.5274142
1.0,0.44360068
1.0,0.50167197
1.0,0.6956534
1.0,0.58818614
1.0,0.5950681
1.0,0.60613406
1.0,0.54862976
1.0,0.49690095
1.0,0.63570374
1.0,0.5241628
1.0,0.45717147
1.0,0.6027537
1.0,0.48326072
1.0,0.57650024
1.0,0.4890399
1.0,0.5078566
1.0,0.58663803
1.0,0.5996865
1.0,0.56875676
1.0,0.41730672
1.0,0.4035917
1.0,0.62692136
1.0,0.58857924
1.0,0.47540808
1.0,0.5672322
1.0,0.474517
1.0,0.46289945
1.0,0.6064063
1.0,0.58669543
1.0,0.52256376
1.0,0.55828995
1.0,0.5039227
1.0,0.47489113
1.0,0.49412367
1.0,0.5466157
1.0,0.5198005
1.0,0.41046712
1.0,0.6184414
1.0,0.6019525
1.0,0.6073727
1.0,0.557635
1.0,0.5660644
1.0,0.5349145
1.0,0.58805966
1.0,0.49339855
1.0,0.5717846
1.0,0.49802935
1.0,0.56153315
1.0,0.4341687
1.0,0.2875409
1.0,0.20551589
1.0,0.54233193
1.0,0.52123034
1.0,0.50195444
1.0,0.42812195
1.0,0.46104434
1.0,0.6065661
1.0,0.65025264
1.0,0.50580424
1.0,0.60884476
1.0,0.53995574
1.0,0.56312406
1.0,0.45091432
1.0,0.57301605
1.0,0.7409849
1.0,0.5306971
1.0,0.43850684
1.0,0.58535224
1.0,0.55993044
1.0,0.868936
1.0,0.55031747
1.0,0.47349346
1.0,0.5628055
1.0,0.5854386
1.0,0.5585045
1.0,0.6182076
1.0,0.5439119
1.0,0.5431192
1.0,0.46104434
1.0,0.5695723
1.0,0.5303999
1.0,0.5326792
1.0,0.50662625
1.0,0.5307257
1.0,0.5192671
1.0,0.5933846
1.0,0.56158686
1.0,0.67392015
1.0,0.49291494
1.0,0.60612905
1.0,0.6008119
1.0,0.3773117
1.0,0.5667214
1.0,0.58472216
1.0,0.48027098
1.0,0.54373354
1.0,0.5342539
1.0,0.668469
1.0,0.54415023
1.0,0.5873095
1.0,0.57074106
1.0,0.55375636
1.0,0.5236576
1.0,0.5335221
1.0,0.530538
1.0,0.5292303
1.0,0.6070502
1.0,0.008476329
1.0,0.60280156
1.0,0.612895
1.0,0.57110196
1.0,0.4786491
1.0,0.60234475
1.0,0.3187467
1.0,0.54959494
1.0,0.53236854
1.0,0.49486694
1.0,0.5039623
1.0,0.54506505
1.0,0.52129155
1.0,0.63915193
1.0,0.58393615
1.0,0.53389716
1.0,0.5357376
1.0,0.5061044
1.0,0.6563027
1.0,0.5670337
1.0,0.6494192
1.0,0.5798918
1.0,0.99987876
1.0,0.5742746
1.0,0.52484876
1.0,0.2914927
1.0,0.5364553
1.0,0.5219994
1.0,0.4929328
1.0,0.9752533
1.0,0.57233363
1.0,0.51623106
1.0,0.54740167
1.0,0.6114865
1.0,0.5496482
1.0,0.5219731
1.0,0.65591794
1.0,0.5990978
1.0,0.6070602
1.0,0.56889755
1.0,0.61864996
1.0,0.48530862
1.0,0.8976472
1.0,0.5547145
1.0,0.58770794
1.0,0.55425555
1.0,0.52786314
1.0,0.48067096
1.0,0.5271297
1.0,0.53053105
1.0,0.53741264
1.0,0.64231855
1.0,0.9653989
1.0,0.5463382
1.0,0.5747506
1.0,0.6542249
1.0,0.46287042
1.0,0.5216605
1.0,0.55890876
1.0,0.9716769
1.0,0.5426566
1.0,0.5511225
1.0,0.64287204
1.0,0.602186
1.0,0.57141036
1.0,0.5204762
1.0,0.6977632
1.0,0.5090697
1.0,0.56231046
1.0,0.47681135
1.0,0.44657087
1.0,0.52751595
1.0,0.5453118
1.0,0.58046794
1.0,0.6347103
1.0,0.5625618
1.0,0.47812957
1.0,0.45368302
1.0,0.59777606
1.0,0.47573552
1.0,0.5480965
1.0,0.5540531
1.0,0.48580158
1.0,0.5400303
1.0,0.5579708
1.0,0.59626395
1.0,0.62828815
1.0,0.5944219
1.0,0.5767454
1.0,0.5868767
1.0,0.5403258
1.0,0.56772363
1.0,0.58650243
1.0,0.5503076
1.0,0.51644164
1.0,0.37905777
1.0,0.52863026
1.0,0.5161449
1.0,0.5994569
1.0,0.4816308
1.0,0.53113365
1.0,0.62953025
1.0,0.6573337
1.0,0.63828814
1.0,0.61069894
1.0,0.5694054
1.0,0.63055456
1.0,0.60857826
1.0,0.6093479
1.0,0.54351264
1.0,0.4615115
1.0,0.5300445
1.0,0.37135947
1.0,0.5793453
1.0,0.52835816
1.0,0.5555228
1.0,0.5650194
1.0,0.43729293
1.0,0.46104434
1.0,0.58066416
1.0,0.6121488
1.0,0.4502306
1.0,0.6647004
1.0,0.56238914
1.0,0.6218479
1.0,0.49424833
1.0,0.57079005
1.0,0.61734134
1.0,0.5036929
1.0,0.58268225
1.0,0.55826455
1.0,0.5508092
1.0,0.59338063
1.0,0.63979673
1.0,0.58276397
1.0,0.22066845
1.0,0.5175574
1.0,0.5699232
1.0,0.5137432
1.0,0.63425356
1.0,0.48672512
1.0,0.49652082
1.0,0.5135193
1.0,0.56398875
1.0,0.63061714
1.0,0.5421923
1.0,0.60017455
1.0,0.5764347
1.0,0.49154162
1.0,0.4775157
1.0,0.615737
1.0,0.47223857
1.0,0.52005166
1.0,0.53004456
1.0,0.39426783
1.0,0.63018596
1.0,0.5195628
1.0,0.98953664
1.0,0.4979115
1.0,0.51286644
1.0,0.6172722
1.0,0.5855578
1.0,0.65856373
1.0,0.5883985
1.0,0.5608144
1.0,0.54108864
1.0,0.99006313
1.0,0.5736471
1.0,0.46104434
1.0,0.0014644321
1.0,0.5719338
1.0,0.5401822
1.0,0.53898066
1.0,0.37004808
1.0,0.52046394
1.0,0.54920715
1.0,0.62655187
1.0,0.55626845
1.0,0.48965907
1.0,0.57557046
1.0,0.46467012
1.0,0.5429157
1.0,0.01728563
1.0,0.8081605
1.0,0.95091003
1.0,0.485809
1.0,0.5720404
1.0,0.4350462
1.0,0.51462036
1.0,0.49515635
1.0,0.7157529
1.0,0.6377225
1.0,0.45557985
1.0,0.5810884
1.0,0.59639674
1.0,0.5505579
1.0,0.6125946
1.0,0.4558403
1.0,0.5337391
1.0,0.60849494
1.0,0.53866225
1.0,0.5863932
1.0,0.6618946
1.0,0.3730539
1.0,0.5776056
1.0,0.6383626
1.0,0.47834396
1.0,0.7436452
1.0,0.46104434
1.0,0.5665373
1.0,0.6015686
1.0,0.48345035
1.0,0.5319259
1.0,0.6227052
1.0,0.51638967
1.0,0.5488356
1.0,0.59622365
1.0,0.5297831
1.0,0.5604112
1.0,0.5023395
1.0,0.596542
1.0,0.5427829
1.0,0.5819611
1.0,0.64954346
1.0,0.54284304
1.0,0.6172943
1.0,0.5409097
1.0,0.4659645
1.0,0.6087485
1.0,0.5591599
1.0,0.57739043
1.0,0.50912106
1.0,0.5825105
1.0,0.6260801
1.0,0.4697234
1.0,0.5683513
1.0,0.56679773
1.0,0.6060292
1.0,0.586299
1.0,0.60151464
1.0,0.59485126
1.0,0.54508156
1.0,0.48278347
1.0,0.5820452
1.0,0.5167941
1.0,0.5980404
1.0,0.5205216
1.0,0.5181456
1.0,0.5891655
1.0,0.7238606
1.0,0.49113905
1.0,0.3958508
1.0,0.51658934
1.0,0.46839395
1.0,0.49667615
1.0,0.5095632
1.0,0.7090306
1.0,0.6064435
1.0,0.6143129
1.0,0.6283447
1.0,0.46104434
1.0,0.024884107
1.0,0.6055805
1.0,0.4833031
1.0,0.56017506
1.0,0.5350334
1.0,0.6598368
1.0,0.51872003
1.0,0.31112242
1.0,0.5839884
1.0,0.64088875
1.0,0.52092177
1.0,0.60294485
1.0,0.6326984
1.0,0.5650701
1.0,0.7644204
1.0,0.5865932
1.0,0.6065483
1.0,0.5824313
1.0,0.9717557
1.0,0.65323126
1.0,0.5549189
1.0,0.5840895
1.0,0.51920414
1.0,0.45844573
1.0,0.59144384
1.0,0.5741547
1.0,0.49996388
1.0,0.63608986
1.0,0.62343764
1.0,0.6178631
1.0,0.6750284
1.0,0.62892866
1.0,0.50476277
1.0,0.5931178
1.0,0.5612578
1.0,0.58734304
1.0,0.61948186
1.0,0.5012673
1.0,0.5321666
1.0,0.5089629
1.0,0.58419156
1.0,0.59080803
1.0,0.5489779
1.0,0.52631855
1.0,0.59363186
1.0,0.319792
1.0,0.5542835
1.0,0.589473
1.0,0.54703784
1.0,0.53891194
1.0,0.5634473
1.0,0.5258616
1.0,0.4760757
1.0,0.5882552
1.0,0.47068837
1.0,0.5177609
1.0,0.56699765
1.0,0.7654116
1.0,0.5976442
1.0,0.51467675
1.0,0.53300625
1.0,0.5661073
1.0,0.5549004
1.0,0.4470614
1.0,0.55326325
1.0,0.50406027
1.0,0.6606176
1.0,0.5255897
1.0,0.48886633
1.0,0.519863
1.0,0.52383757
1.0,0.59738773
1.0,0.62069136
1.0,0.5758436
1.0,0.5062878
1.0,0.5518281
1.0,0.5339893
1.0,0.6188378
1.0,0.57343715
1.0,0.60793716
1.0,0.6276346
1.0,0.55969244
1.0,0.5839747
1.0,0.4462906
1.0,0.51394194
1.0,0.49604172
1.0,0.46189174
1.0,0.529727
1.0,0.01274634
1.0,0.12242034
1.0,0.58296984
1.0,0.57500166
1.0,0.6016227
1.0,0.45115566
1.0,0.43169424
1.0,0.584019
1.0,0.5315917
1.0,0.482521
1.0,0.5783153
1.0,0.5207517
1.0,0.5149406
1.0,0.5154602
1.0,0.63588727
1.0,0.5624953
1.0,0.80132276
1.0,0.76692855
1.0,0.5621355
1.0,0.5661996
1.0,0.6107221
1.0,0.6058657
1.0,0.46104434
1.0,0.5368924
1.0,0.5460447
1.0,0.68705374
1.0,0.54440147
1.0,0.5647844
1.0,0.99390656
1.0,0.6195224
1.0,0.6389634
1.0,0.5175383
1.0,0.49047428
1.0,0.43433577
1.0,0.28945276
1.0,0.50956565
1.0,0.49701092
1.0,0.6577106
1.0,0.5089186
1.0,0.54266757
1.0,0.44645172
1.0,0.5199292
1.0,0.46104434
1.0,0.42193162
1.0,0.5895121
1.0,0.46449795
1.0,0.6673454
1.0,0.63743126
1.0,0.60381746
1.0,0.60483956
1.0,0.54227716
1.0,0.45602575
1.0,0.47229615
1.0,0.54639894
1.0,0.5817106
1.0,0.5570992
1.0,0.975601
1.0,0.61897403
1.0,0.58869827
1.0,0.6692736
1.0,0.5090982
1.0,0.59402925
1.0,0.53049034
1.0,0.6006571
1.0,0.5352027
1.0,0.5665936
1.0,0.48731947
1.0,0.5802223
1.0,0.499619
1.0,0.4972256
1.0,0.41714126
1.0,0.5507988
1.0,0.59483415
1.0,0.48748013
1.0,0.56290865
1.0,0.60501605
1.0,0.5975252
1.0,0.56358606
1.0,0.5395427
1.0,0.41356027
1.0,0.59858316
1.0,0.57216555
1.0,0.5209951
1.0,0.57474667
1.0,0.30226123
1.0,0.60058695
1.0,0.5634847
1.0,0.50409764
1.0,0.6407808
1.0,0.52844274
1.0,0.5389991
1.0,0.6014966
1.0,0.5772367
1.0,0.7421095
1.0,0.53249454
1.0,0.584757
1.0,0.55187297
1.0,0.51886374
1.0,0.49456444
1.0,0.5562076
1.0,0.5548695
1.0,0.5721937
1.0,0.55140376
1.0,0.503685
1.0,0.43173173
1.0,0.7288243
1.0,0.61486053
1.0,0.5385698
1.0,0.5489908
1.0,0.53323823
1.0,0.60555786
1.0,0.5719994
1.0,0.53134143
1.0,0.6154096
1.0,0.5555361
1.0,0.57186407
1.0,0.5691405
1.0,0.6011718
1.0,0.7953264
1.0,0.5753705
1.0,0.5103209
1.0,0.53391004
1.0,0.49112767
1.0,0.63399816
1.0,0.6190843
1.0,0.60921407
1.0,0.6260775
1.0,0.5480518
1.0,0.57660997
1.0,0.6018543
1.0,0.5131367
1.0,0.912296
1.0,0.5429626
1.0,0.24554636
1.0,0.5896196
1.0,0.47827235
1.0,0.5508604
1.0,0.9713354
1.0,0.48020336
1.0,0.41055262
1.0,0.57232505
1.0,0.6650805
1.0,0.597629
1.0,0.60250914
1.0,0.5473472
1.0,0.68804586
1.0,0.59559494
1.0,0.5627374
1.0,0.58938617
1.0,0.58767116
1.0,0.6570256
1.0,0.5308143
1.0,0.49238792
1.0,0.4289665
1.0,0.54771227
1.0,0.5658062
1.0,0.5429109
1.0,0.5787815
1.0,0.5224438
1.0,0.46705204
1.0,0.5749831
1.0,0.4463985
1.0,0.53321975
1.0,0.47193834
1.0,0.72253996
1.0,0.555404
1.0,0.52015215
1.0,0.55879045
1.0,0.5111537
1.0,0.60430014
1.0,0.61509305
1.0,0.5620655
1.0,0.82087207
1.0,0.5732175
1.0,0.4310776
1.0,0.63822114
1.0,0.5022577
1.0,0.5531302
1.0,0.6317922
1.0,0.543204
1.0,0.43090475
1.0,0.54884183
1.0,0.4903657
1.0,0.55433524
1.0,0.6330098
1.0,0.46209988
1.0,0.79897135
1.0,0.56935406
1.0,0.74278826
1.0,0.54775804
1.0,0.51520455
1.0,0.9547929
1.0,0.63305306
1.0,0.5819074
1.0,0.5247242
1.0,0.4528972
1.0,0.5905191
1.0,0.40858632
1.0,0.23882398
1.0,0.5697038
1.0,0.69916505
1.0,0.69943666
1.0,0.64617383
1.0,0.49272943
1.0,0.5588576
1.0,0.3709972
1.0,0.4455444
1.0,0.47094372
1.0,0.62456614
1.0,0.60071903
1.0,0.59911716
1.0,0.5910895
1.0,0.5828488
1.0,0.5244065
1.0,0.4610329
1.0,0.59410477
1.0,0.4422849
1.0,0.87306994
1.0,0.615081
1.0,0.5784371
1.0,0.48536623
1.0,0.5595092
1.0,0.5934606
1.0,0.63759905
1.0,0.56569964
1.0,0.48751044
1.0,0.49990043
1.0,0.5761563
1.0,0.5679209
1.0,0.5100649
1.0,0.53832155
1.0,0.58211434
1.0,0.5701865
1.0,0.5701844
1.0,0.5185
1.0,0.55218965
1.0,0.49131423
1.0,0.71751106
1.0,0.580921
1.0,0.6267764
1.0,0.46104434
1.0,0.9656413
1.0,0.6180989
1.0,0.5000377
1.0,0.5822816
1.0,0.3643773
1.0,0.5148812
1.0,0.52989125
1.0,0.787434
1.0,0.5982118
1.0,0.5811515
1.0,0.58292186
1.0,0.6073
1.0,0.6511801
1.0,0.6475988
1.0,0.6033506
1.0,0.57990044
1.0,0.60183835
1.0,0.49989536
1.0,0.5578634
1.0,0.6632976
1.0,0.6778341
1.0,0.6390923
1.0,0.623018
1.0,0.47553217
1.0,0.6790103
1.0,0.9731479
1.0,0.53632826
1.0,0.45992076
1.0,0.5980799
1.0,0.5551854
1.0,0.5318505
1.0,0.89639443
1.0,0.5386674
1.0,0.54884076
1.0,0.48200616
1.0,0.6765753
1.0,0.40461925
1.0,0.41369167
1.0,0.53527135
1.0,0.6044775
1.0,0.5039483
1.0,0.53935736
1.0,0.5658453
1.0,0.39560756
1.0,0.48825765
1.0,0.6308835
1.0,0.5451103
1.0,0.5759485
1.0,0.5282978
1.0,0.6305444
1.0,0.48509613
1.0,0.5438409
1.0,0.5438409
1.0,0.6131
1.0,0.54500407
1.0,0.6029779
1.0,0.5845573
1.0,0.5736464
1.0,0.5748716
1.0,0.52760464
1.0,0.5212007
1.0,0.602973
1.0,0.64658576
1.0,0.54761624
1.0,0.4875423
1.0,0.62247
1.0,0.6149458
1.0,0.5902049
1.0,0.57592547
1.0,0.5216907
1.0,0.555873
1.0,0.5494298
1.0,0.5029817
1.0,0.5093417
1.0,0.52309436
1.0,0.3889739
1.0,0.60123634
1.0,0.4887033
1.0,0.47666186
1.0,0.53541017
1.0,0.7197305
1.0,0.52640665
1.0,0.6896999
1.0,0.5844813
1.0,0.013912071
1.0,0.705666
1.0,0.52270526
1.0,0.48980272
1.0,0.38297844
1.0,0.55144864
1.0,0.5443848
1.0,0.4566195
1.0,0.5102868
1.0,0.48812205
1.0,0.6487342
1.0,0.65615565
1.0,0.56620276
1.0,0.5722409
1.0,0.59114236
1.0,0.5775752
1.0,0.45816395
1.0,0.42241332
1.0,0.26853934
1.0,0.7033071
1.0,0.5379816
1.0,0.000691357
1.0,0.6961817
1.0,0.5295127
1.0,0.5195223
1.0,0.58013
1.0,0.59215343
1.0,0.28356573
1.0,0.6194961
1.0,0.49095717
1.0,0.60377014
1.0,0.62089044
1.0,0.6382416
1.0,0.5700345
1.0,0.44244832
1.0,0.6392522
1.0,0.4948487
1.0,0.5926675
1.0,0.52677727
1.0,0.5899631
1.0,0.46828565
1.0,0.504628
1.0,0.6440433
1.0,0.4881475
1.0,0.9984602
1.0,0.65341306
1.0,0.6344194
1.0,0.60130996
1.0,0.47379583
1.0,0.58056414
1.0,0.5170099
1.0,0.82135093
1.0,0.50556976
1.0,0.55830544
1.0,0.5729793
1.0,0.5083926
1.0,0.551321
1.0,0.60980374
1.0,0.56053966
1.0,0.55887944
1.0,0.5613513
1.0,0.97692466
1.0,0.6269308
1.0,0.5664001
1.0,0.44698936
1.0,0.5403112
1.0,0.5820035
1.0,0.6293918
1.0,0.5673362
1.0,0.67286533
1.0,0.57786036
1.0,0.422266
1.0,0.6544122
1.0,0.9827648
1.0,0.55147374
1.0,0.6138397
1.0,0.58828706
1.0,0.6096082
1.0,0.5235397
1.0,0.5665944
1.0,0.5533208
1.0,0.31829947
1.0,0.5391279
1.0,0.63604647
1.0,0.54099697
1.0,0.4841702
1.0,0.64110124
1.0,0.58664525
1.0,0.6946909
1.0,0.17676999
1.0,0.5924842
1.0,0.5954384
1.0,0.5911087
1.0,0.39344257
1.0,0.5351847
1.0,0.5763315
1.0,0.5089838
1.0,0.5591224
1.0,0.5547695
1.0,0.4911534
1.0,0.527661
1.0,0.58401996
1.0,0.40315503
1.0,0.61035866
1.0,0.49126983
1.0,0.46104434
1.0,0.5047757
1.0,0.53590804
1.0,0.53043205
1.0,0.5760352
1.0,0.4871742
1.0,0.6465465
1.0,0.56688774
1.0,0.561285
1.0,0.58023036
1.0,0.6153903
1.0,0.62173545
1.0,0.49370494
1.0,0.6358165
1.0,0.56913453
1.0,0.50105524
1.0,0.5110133
1.0,0.46261117
1.0,0.5866204
1.0,0.96985394
1.0,0.4779428
1.0,0.53146404
1.0,0.5156834
1.0,0.513695
1.0,0.49477842
1.0,0.5590885
1.0,0.56747603
1.0,0.58530754
1.0,0.4231546
1.0,0.10361225
1.0,0.44351622
1.0,0.5471546
1.0,0.5507269
1.0,0.5929033
1.0,0.5692278
1.0,0.49662757
1.0,0.6373419
1.0,0.5651025
1.0,0.6309282
1.0,0.5355122
1.0,0.5732942
1.0,0.5198619
1.0,0.5052171
1.0,0.5932804
1.0,0.57306063
1.0,0.729925
1.0,0.5355548
1.0,0.66404593
1.0,0.5783857
1.0,0.51820713
1.0,0.6116671
1.0,0.5787574
1.0,0.46959212
1.0,0.5425405
1.0,0.32348657
1.0,0.39662915
1.0,0.58506763
1.0,0.46677965
1.0,0.53296894
1.0,0.5467854
1.0,0.48700362
1.0,0.80747116
1.0,0.44674253
1.0,0.55005395
1.0,0.5959982
1.0,0.46130985
1.0,0.5081048
1.0,0.62448764
1.0,0.4808882
1.0,0.5957783
1.0,0.5244286
1.0,0.5758209
1.0,0.44828907
1.0,0.57171184
1.0,0.550626
1.0,0.5223687
1.0,0.5594254
1.0,0.50201714
1.0,0.5167112
1.0,0.6469319
1.0,0.5245939
1.0,0.51505345
1.0,0.5750524
1.0,0.65637213
1.0,0.45105195
1.0,0.51922697
1.0,0.56703556
1.0,0.5854144
1.0,0.61684436
1.0,0.55353695
1.0,0.49972787
1.0,0.67153037
1.0,0.60094947
1.0,0.5032777
1.0,0.61344737
1.0,0.57130057
1.0,0.547428
1.0,0.4216611
1.0,0.67359835
1.0,0.5087245
1.0,0.6505139
1.0,0.5565262
1.0,0.5102565
1.0,0.53794163
1.0,0.8593871
1.0,0.61061066
1.0,0.646028
1.0,0.49149203
1.0,0.52554536
1.0,0.5362805
1.0,0.48644677
1.0,0.3445644
1.0,0.6829539
1.0,0.43464416
1.0,0.5664366
1.0,0.5943365
1.0,0.6050536
1.0,0.54394025
1.0,0.065859675
1.0,0.54509056
1.0,0.49833673
1.0,0.46759164
1.0,0.5246195
1.0,0.56999785
1.0,0.47444147
1.0,0.58317584
1.0,0.5495341
1.0,0.52627414
1.0,0.5334676
1.0,0.62137014
1.0,0.4885204
1.0,0.64469236
1.0,0.53646
1.0,0.4686171
1.0,0.89516133
1.0,0.8479375
1.0,0.5802698
1.0,0.6149949
1.0,0.5780119
1.0,0.55203605
1.0,0.6118543
1.0,0.55515337
1.0,0.59262276
1.0,0.595335
1.0,0.65982217
1.0,0.6230636
1.0,0.55087006
1.0,0.576278
1.0,0.69126266
1.0,0.58925897
1.0,0.5877502
1.0,0.59265274
1.0,0.5912208
1.0,0.469348
1.0,0.4781664
1.0,0.612993
1.0,0.57485545
1.0,0.53273946
1.0,0.63583994
1.0,0.63180643
1.0,0.44755566
1.0,0.59745365
1.0,0.55351245
1.0,0.59451634
1.0,0.60713375
1.0,0.57892376
1.0,0.6101023
1.0,0.39552262
1.0,0.53584564
1.0,0.4887644
1.0,0.6149655
1.0,0.5595031
1.0,0.62394875
1.0,0.5052719
1.0,0.44570714
1.0,0.5330577
1.0,0.65424484
1.0,0.5570145
1.0,0.41030076
1.0,0.6071398
1.0,0.6084729
1.0,0.54347885
1.0,0.49985746
1.0,0.5916759
1.0,0.5866458
1.0,0.5983939
1.0,0.5963268
1.0,0.60501415
1.0,0.98718053
1.0,0.5778086
1.0,0.44396445
1.0,0.59605986
1.0,0.46550134
1.0,0.60143507
1.0,0.45073634
1.0,0.5251559
1.0,0.86425483
1.0,0.48724824
1.0,0.65628505
1.0,0.5660576
1.0,0.65504867
1.0,0.58962417
1.0,0.59030306
1.0,0.5350002
1.0,0.6079772
1.0,0.5825347
1.0,0.5382936
1.0,0.47862315
1.0,0.5649296
1.0,0.5535523
1.0,0.59463716
1.0,0.5487073
1.0,0.50030833
1.0,0.57383186
1.0,0.52734
1.0,0.64800876
1.0,0.4826467
1.0,0.5224711
1.0,0.5339012
1.0,0.36311096
1.0,0.61035645
1.0,0.56057066
1.0,0.5806856
1.0,0.68944794
1.0,0.5341404
1.0,0.44734976
1.0,0.64514655
1.0,0.4846053
1.0,0.30724075
1.0,0.43746763
1.0,0.5724772
1.0,0.5144434
1.0,0.5057986
1.0,0.594419
1.0,0.5611281
1.0,0.4842636
1.0,0.6252606
1.0,0.5717438
1.0,0.4304377
1.0,0.5428076
1.0,0.6169517
1.0,0.8585637
1.0,0.6314715
1.0,0.60984427
1.0,0.60166776
1.0,0.564082
1.0,0.51061493
1.0,0.5475536
1.0,0.5944055
1.0,0.40065962
1.0,0.5590494
1.0,0.5385814
1.0,0.5322082
1.0,0.58475363
1.0,0.62108725
1.0,0.6276481
1.0,0.53384
1.0,0.6288379
1.0,0.5764501
1.0,0.5892271
1.0,0.50908804
1.0,0.39596343
1.0,0.55071974
1.0,0.56748694
1.0,0.58082235
1.0,0.5178885
1.0,0.5602915
1.0,0.5013591
1.0,0.5909268
1.0,0.6055098
1.0,0.5841698
1.0,0.66108304
1.0,0.56982446
1.0,0.62645274
1.0,0.39068893
1.0,0.40261766
1.0,0.5549339
1.0,0.30616516
1.0,0.5495501
1.0,0.57340306
1.0,0.49790826
1.0,0.5544028
1.0,0.584612
1.0,0.570898
1.0,0.44326466
1.0,0.654416
1.0,0.5246295
1.0,0.5329604
1.0,0.59332794
1.0,0.58673006
1.0,0.546766
1.0,0.52842885
1.0,0.61694705
1.0,0.6086628
1.0,0.5762437
1.0,0.5867491
1.0,0.5286107
1.0,0.57187873
1.0,0.6370561
1.0,0.518716
1.0,0.6355449
1.0,0.57090425
1.0,0.50920624
1.0,0.5903858
1.0,0.56075317
1.0,0.5458612
1.0,0.5453807
1.0,0.544636
1.0,0.56491417
1.0,0.55686826
1.0,0.5117378
1.0,0.5715223
1.0,0.6419469
1.0,0.53641254
1.0,0.60948247
1.0,0.57787466
1.0,0.45069057
1.0,0.4911232
1.0,0.60989153
1.0,0.5719986
1.0,0.5324046
1.0,0.44369963
1.0,0.50038594
1.0,0.62026703
1.0,0.55930847
1.0,0.7009368
1.0,0.6829774
1.0,0.47807434
1.0,0.47259235
1.0,0.5007866
1.0,0.5925905
1.0,0.5888549
1.0,0.5273866
1.0,0.59411883
1.0,0.61637425
1.0,0.40278298
1.0,0.56726676
1.0,0.6631769
1.0,0.5974507
1.0,0.74898934
1.0,0.56701493
1.0,0.5816717
1.0,0.6022154
1.0,0.63314164
1.0,0.5671118
1.0,0.5527873
1.0,0.44348246
1.0,0.48385838
1.0,0.650355
1.0,0.5285254
1.0,0.9463083
1.0,0.6070149
1.0,0.6224618
1.0,0.22287546
1.0,0.54585624
1.0,0.6851107
1.0,0.9795877
1.0,0.6187195
1.0,0.5878525
1.0,0.49914387
1.0,0.43067533
1.0,0.620381
1.0,0.55813867
1.0,0.6508059
1.0,0.61920774
1.0,0.49899232
1.0,0.5593446
1.0,0.62950957
1.0,0.44738442
1.0,0.9963092
1.0,0.46104434
1.0,0.65756917
1.0,0.6103414
1.0,0.6334976
1.0,0.49871275
1.0,0.51856965
1.0,0.591424
1.0,0.95556337
1.0,0.3778772
1.0,0.42473495
1.0,0.5430735
1.0,0.47911763
1.0,0.5711684
1.0,0.56144685
1.0,0.6298172
1.0,0.64903045
1.0,0.58879906
1.0,0.42863092
1.0,0.61730987
1.0,0.5162393
1.0,0.5375834
1.0,0.46104434
1.0,0.28782383
1.0,0.6103174
1.0,0.4191282
1.0,0.4319815
1.0,0.6592771
1.0,0.6407224
1.0,0.42160657
1.0,0.44344348
1.0,0.6027843
1.0,0.6281158
1.0,0.5687523
1.0,0.5924754
1.0,0.6159977
1.0,0.51222247
1.0,0.5775366
1.0,0.48394597
1.0,0.4627693
1.0,0.2713684
1.0,0.5391916
1.0,0.558754
1.0,0.51415163
1.0,0.78927743
1.0,0.508628
1.0,0.52024364
1.0,0.6020978
1.0,0.39870855
1.0,0.5652442
1.0,0.5771618
1.0,0.5068692
1.0,0.45646805
1.0,0.59079516
1.0,0.5844679
1.0,0.64180523
1.0,0.583417
1.0,0.5235304
1.0,0.6328405
1.0,0.46872458
1.0,0.71099716
1.0,0.60136634
1.0,0.61569095
1.0,0.57093835
1.0,0.5375468
1.0,0.4790617
1.0,0.56075597
1.0,0.39617923
1.0,0.020834371
1.0,0.55258405
1.0,0.4946471
1.0,0.66468793
1.0,0.3535236
1.0,0.36986932
1.0,0.48678735
1.0,0.52548903
1.0,0.6118241
1.0,0.52961326
1.0,0.56344116
1.0,0.56047624
1.0,0.5946733
1.0,0.56400675
1.0,0.5491596
1.0,0.55686027
1.0,0.5320541
1.0,0.49373147
1.0,0.5073216
1.0,0.59923327
1.0,0.6058614
1.0,0.51862115
1.0,0.57426363
1.0,0.55835843
1.0,0.39074868
1.0,0.5584622
1.0,0.4778345
1.0,0.60864615
1.0,0.63843584
1.0,0.1467367
1.0,0.48328134
1.0,0.5354566
1.0,0.1689322
1.0,0.5962779
1.0,0.6256254
1.0,0.6380137
1.0,0.64797163
1.0,0.5211086
1.0,0.5798907
1.0,0.6364227
1.0,0.53479373
1.0,0.399409
1.0,0.49538478
1.0,0.5252053
1.0,0.40892747
1.0,0.35212803
1.0,0.53327465
1.0,0.29581025
1.0,0.61374795
1.0,0.50556767
1.0,0.43528578
1.0,0.5547926
1.0,0.58088565
1.0,0.71579343
1.0,0.566623
1.0,0.66951615
1.0,0.5568609
1.0,0.6259646
1.0,0.53366226
1.0,0.5829483
1.0,0.4560404
1.0,0.50831914
1.0,0.4880146
1.0,0.9931191
1.0,0.5734845
1.0,0.4861837
1.0,0.7130267
1.0,0.454941
1.0,0.48696765
1.0,0.61563873
1.0,0.5483808
1.0,0.5384141
1.0,0.58925277
1.0,0.4225737
1.0,0.9600656
1.0,0.66621286
1.0,0.5228504
1.0,0.49383843
1.0,0.63497937
1.0,0.6488825
1.0,0.5790129
1.0,0.54341114
1.0,0.43434212
1.0,0.5387214
1.0,0.50264287
1.0,0.6408021
1.0,0.5578728
1.0,0.6029864
1.0,0.5847184
1.0,0.5565398
1.0,0.47613275
1.0,0.60024935
1.0,0.63091445
1.0,0.4438055
1.0,0.5592066
1.0,0.5064467
1.0,0.49770668
1.0,0.5351999
1.0,0.5304072
1.0,0.60727185
1.0,0.5599114
1.0,0.4801824
1.0,0.5512899
1.0,0.60029197
1.0,0.54994357
1.0,0.4511684
1.0,0.8267424
1.0,0.56057173
1.0,0.5084445
1.0,0.5625835
1.0,0.5919414
1.0,0.58724374
1.0,0.7075939
1.0,0.6630698
1.0,0.52738225
1.0,0.5892606
1.0,0.6144801
1.0,0.448451
1.0,0.5171278
1.0,0.7553544
1.0,0.37585506
1.0,0.3758551
1.0,0.57659906
1.0,0.38693085
1.0,0.41502237
1.0,0.5895481
1.0,0.30708963
1.0,0.49490857
1.0,0.48707628
1.0,0.5941165
1.0,0.54701334
1.0,0.52780056
1.0,0.5634709
1.0,0.6610418
1.0,0.53716195
1.0,0.58022857
1.0,0.5563113
1.0,0.47031412
1.0,0.5813211
1.0,0.56421626
1.0,0.55172867
1.0,0.48648012
1.0,0.57638603
1.0,0.5080524
1.0,0.6252566
1.0,0.63632953
1.0,0.54486823
1.0,0.4486048
1.0,0.5625657
1.0,0.52837956
1.0,0.46805543
1.0,0.59219754
1.0,0.5583518
1.0,0.5964011
1.0,0.51576054
1.0,0.392358
1.0,0.6221538
1.0,0.52445495
1.0,0.6720393
1.0,0.5779758
1.0,0.56247437
1.0,0.59837836
1.0,0.42353857
1.0,0.5778064
1.0,0.9471428
1.0,0.5415242
1.0,0.55342436
1.0,0.9869723
1.0,0.44392437
1.0,0.51614344
1.0,0.56489336
1.0,0.63639945
1.0,0.51713246
1.0,0.56331605
1.0,0.6327335
1.0,0.49090865
1.0,0.28973213
1.0,0.63623804
1.0,0.6351528
1.0,0.66016126
1.0,0.6688459
1.0,0.5135248
1.0,0.6548685
1.0,0.4674467
1.0,0.40532753
1.0,0.63004833
1.0,0.19605125
1.0,0.4469787
1.0,0.5478778
1.0,0.53610593
1.0,0.548117
1.0,0.46123794
1.0,0.5769217
1.0,0.4773959
1.0,0.54704845
1.0,0.517286
1.0,0.63574296
1.0,0.62184495
1.0,0.59946734
1.0,0.4970927
1.0,0.48668444
1.0,0.5465015
1.0,0.43046784
1.0,0.97136647
1.0,0.6213213
1.0,0.5470633
1.0,0.343978
1.0,0.503522
1.0,0.5662102
1.0,0.56974095
1.0,0.480216
1.0,0.6517737
1.0,0.448507
1.0,0.4261806
1.0,0.43856764
1.0,0.60307187
1.0,0.5378128
1.0,0.49874136
1.0,0.57467437
1.0,0.55679375
1.0,0.58536136
1.0,0.42052943
1.0,0.5534374
1.0,0.5633033
1.0,0.6797807
1.0,0.5676935
1.0,0.5984107
1.0,0.56251776
1.0,0.60118943
1.0,0.47678214
1.0,0.58103055
1.0,0.47233963
1.0,0.44346786
1.0,0.6167166
1.0,0.42709216
1.0,0.529599
1.0,0.58141905
1.0,0.49704048
1.0,0.62785316
1.0,0.6397305
1.0,0.57987887
1.0,0.52720827
1.0,0.63494784
1.0,0.5373364
1.0,0.53283644
1.0,0.59274375
1.0,0.54977334
1.0,0.54497844
1.0,0.51675016
1.0,0.59752196
1.0,0.4979283
1.0,0.5721087
1.0,0.52454346
1.0,0.5255027
1.0,0.6124968
1.0,0.64876574
1.0,0.46797213
1.0,0.6396259
1.0,0.5127369
1.0,0.59576964
1.0,0.62522167
1.0,0.45319873
1.0,0.5744952
1.0,0.60303545
1.0,0.65331584
1.0,0.6259186
1.0,0.5018066
1.0,0.5919407
1.0,0.4650052
1.0,0.6312889
1.0,0.63070816
1.0,0.58082503
1.0,0.48336393
1.0,0.6067197
1.0,0.57316554
1.0,0.5582348
1.0,0.55353796
1.0,0.5957727
1.0,0.63081425
1.0,0.6249868
1.0,0.59396297
1.0,0.5636356
1.0,0.5711316
1.0,0.49877718
1.0,0.5308236
1.0,0.51897436
1.0,0.58365625
1.0,0.6089345
1.0,0.6926116
1.0,0.567262
1.0,0.5448114
1.0,0.50453955
1.0,0.47308248
1.0,0.53122884
1.0,0.5778047
1.0,0.5303426
1.0,0.585916
1.0,0.5389837
1.0,0.5869785
1.0,0.58847237
1.0,0.5761374
1.0,0.644987
1.0,0.5892228
1.0,0.44885722
1.0,0.6018123
1.0,0.124336064
1.0,0.5452119
1.0,0.6025827
1.0,0.5667071
1.0,0.633741
1.0,0.53034693
1.0,0.9923733
1.0,0.576001
1.0,0.6452381
1.0,0.76649565
1.0,0.5090017
1.0,0.54820037
1.0,0.55993366
1.0,0.99479127
1.0,0.6482394
1.0,0.46593514
1.0,0.63966835
1.0,0.5625733
1.0,0.4519354
1.0,0.5426735
1.0,0.6252378
1.0,0.5265883
1.0,0.40157682
1.0,0.5339133
1.0,0.51386756
1.0,0.80567026
1.0,0.60758734
1.0,0.5779236
1.0,0.59823596
1.0,0.5351849
1.0,0.56786126
1.0,0.52324575
1.0,0.7192323
1.0,0.6073026
1.0,0.6379574
1.0,0.5857796
1.0,0.54802316
1.0,0.57608724
1.0,0.58074915
1.0,0.62063
1.0,0.60126084
1.0,0.5280089
1.0,0.54282755
1.0,0.459331
1.0,0.589124
1.0,0.60272664
1.0,0.5952749
1.0,0.52066356
1.0,0.55355513
1.0,0.55355513
1.0,0.48137984
1.0,0.8037437
1.0,0.61552614
1.0,0.122955665
1.0,0.4923623
1.0,0.53654045
1.0,0.6185352
1.0,0.5714134
1.0,0.6069051
1.0,0.58333105
1.0,0.4762882
1.0,0.56702393
1.0,0.60771406
1.0,0.6325066
1.0,0.52845484
1.0,0.5546044
1.0,0.5943715
1.0,0.6094862
1.0,0.6018974
1.0,0.4441583
1.0,0.5577013
1.0,0.6192605
1.0,0.62403595
1.0,0.48301598
1.0,0.46075365
1.0,0.5490719
1.0,0.49790984
1.0,0.9945622
1.0,0.6273337
1.0,0.5777206
1.0,0.51943654
1.0,0.5848384
1.0,0.46104434
1.0,0.7434732
1.0,0.57901376
1.0,0.6573959
1.0,0.47418737
1.0,0.58811826
1.0,0.53943783
1.0,0.5278807
1.0,0.46195868
1.0,0.5520117
1.0,0.54483515
1.0,0.5141814
1.0,0.54779416
1.0,0.6216044
1.0,0.54517436
1.0,0.539675
1.0,0.48423028
1.0,0.7010583
1.0,0.6942031
1.0,0.86652386
1.0,0.6245779
1.0,0.5728033
1.0,0.47892112
1.0,0.75333464
1.0,0.58448696
1.0,0.49494213
1.0,0.5112343
1.0,0.5640623
1.0,0.5099577
1.0,0.46104434
1.0,0.9950033
1.0,0.5973737
1.0,0.47150025
1.0,0.50523776
1.0,0.5782025
1.0,0.53868985
1.0,0.5963764
1.0,0.632181
1.0,0.44516584
1.0,0.66949695
1.0,0.5586075
1.0,0.5075778
1.0,0.56169933
1.0,0.63042104
1.0,0.41945958
1.0,0.62643427
1.0,0.53565377
1.0,0.48741663
1.0,0.46994302
1.0,0.55938536
1.0,0.99970883
1.0,0.5126457
1.0,0.65403086
1.0,0.412956
1.0,0.6656024
1.0,0.6014774
1.0,0.6334495
1.0,0.5832646
1.0,0.49944654
1.0,0.068442285
1.0,0.563088
1.0,0.5567347
1.0,0.53959244
1.0,0.5210337
1.0,0.5381922
1.0,0.99565876
1.0,0.5774611
1.0,0.55076087
1.0,0.5585536
1.0,0.53709924
1.0,0.5413783
1.0,0.57353896
1.0,0.5494862
1.0,0.8352929
1.0,0.63537467
1.0,0.6254614
1.0,0.5548107
1.0,0.5854759
1.0,0.5101283
1.0,0.3139061
1.0,0.9910748
1.0,0.43276224
1.0,0.47548467
1.0,0.5390195
1.0,0.56167346
1.0,0.5458125
1.0,0.46499586
1.0,0.50071645
1.0,0.39338437
1.0,0.55233663
1.0,0.5255353
1.0,0.6145711
1.0,0.5002862
1.0,0.57517225
1.0,0.27133232
1.0,0.49551177
1.0,0.50473857
1.0,0.016740708
1.0,0.620347
1.0,0.6610797
1.0,0.45497575
1.0,0.42675236
1.0,0.61296004
1.0,0.5904178
1.0,0.5711194
1.0,0.5804523
1.0,0.5343365
1.0,0.7915877
1.0,0.5797095
1.0,0.65530217
1.0,0.50393856
1.0,0.55926657
1.0,0.5172888
1.0,0.549222
1.0,0.5208543
1.0,0.5214195
1.0,0.55810624
1.0,0.5187918
1.0,0.5123949
1.0,0.4430238
1.0,0.6285059
1.0,0.6713405
1.0,0.5958492
1.0,0.6179295
1.0,0.56632566
1.0,0.5855578
1.0,0.56356573
1.0,0.5719817
1.0,0.665373
1.0,0.6369753
1.0,0.5746649
1.0,0.5824353
1.0,0.53906184
1.0,0.5365247
1.0,0.48730394
1.0,0.4817
1.0,0.53616405
1.0,0.5455783
1.0,0.4871062
1.0,0.5789077
1.0,0.5984661
1.0,0.68501025
1.0,0.5419893
1.0,0.6466472
1.0,0.594579
1.0,0.6114093
1.0,0.5618841
1.0,0.5833304
1.0,0.6578417
1.0,0.5046455
1.0,0.60176677
1.0,0.5034827
1.0,0.39425004
1.0,0.9946115
1.0,0.6114539
1.0,0.59872687
1.0,0.56547683
1.0,0.9431486
1.0,0.6101645
1.0,0.5879795
1.0,0.55700403
1.0,0.52675015
1.0,0.5209765
1.0,0.65177876
1.0,0.5735284
1.0,0.6450664
1.0,0.58659685
1.0,0.49475273
1.0,0.54660183
1.0,0.57354546
1.0,0.5661281
1.0,0.62985784
1.0,0.63883364
1.0,0.55865073
1.0,0.6123457
1.0,0.562032
1.0,0.9631847
1.0,0.5788944
1.0,0.5816443
1.0,0.60507244
1.0,0.65885603
1.0,0.4659089
1.0,0.518254
1.0,0.43553755
1.0,0.25546792
1.0,0.5393276
1.0,0.5275921
1.0,0.5088637
1.0,0.4337243
1.0,0.53790736
1.0,0.6259524
1.0,0.48068285
1.0,0.4939907
1.0,0.5841614
1.0,0.5593956
1.0,0.4286177
1.0,0.58633715
1.0,0.6289189
1.0,0.4531512
1.0,0.64491475
1.0,0.6266081
1.0,0.6072783
1.0,0.63293815
1.0,0.53380716
1.0,0.5124724
1.0,0.5380667
1.0,0.35432866
1.0,0.63185555
1.0,0.6163671
1.0,0.5143829
1.0,0.5287141
1.0,0.5748795
1.0,0.609397
1.0,0.9854579
1.0,0.4828594
1.0,0.0069690864
1.0,0.6124033
1.0,0.51564294
1.0,0.6390332
1.0,0.6355899
1.0,0.5573186
1.0,0.70569617
1.0,0.6575782
1.0,0.5053537
1.0,0.5469245
1.0,0.46484274
1.0,0.55613875
1.0,0.955856
1.0,0.53791046
1.0,0.39344066
1.0,0.56591386
1.0,0.47263128
1.0,0.48679036
1.0,0.59197116
1.0,0.72814465
1.0,0.48809877
1.0,0.951178
1.0,0.97513133
1.0,0.6225723
1.0,0.532202
1.0,0.4937944
1.0,0.50132495
1.0,0.58019286
1.0,0.5412294
1.0,0.63195443
1.0,0.56432045
1.0,0.7030285
1.0,0.5670029
1.0,0.5880706
1.0,0.54345155
1.0,0.56253076
1.0,0.06881891
1.0,0.5123511
1.0,0.54751253
1.0,0.66309035
1.0,0.54945016
1.0,0.99667263
1.0,0.63057256
1.0,0.58532894
1.0,0.5166945
1.0,0.49858168
1.0,0.50174284
1.0,0.56175023
1.0,0.7670472
1.0,0.5828224
1.0,0.58908033
1.0,0.6163737
1.0,0.50867
1.0,0.5666372
1.0,0.9999999
1.0,0.51689947
1.0,0.5007424
1.0,0.47769392
1.0,0.95017916
1.0,0.6637981
1.0,0.48947465
1.0,0.5963635
1.0,0.47971565
1.0,0.5181208
1.0,0.70937395
1.0,0.73654264
1.0,0.6396704
1.0,0.49739262
1.0,0.51534384
1.0,0.50249743
1.0,0.5721671
1.0,0.6212756
1.0,0.667808
1.0,0.53701437
1.0,0.8656573
1.0,0.51570106
1.0,0.6618198
1.0,0.56585455
1.0,0.6386602
1.0,0.54324836
1.0,0.6208643
1.0,0.8158734
1.0,0.46064895
1.0,0.49685797
1.0,0.5562705
1.0,0.54364294
1.0,0.5004723
1.0,0.63083273
1.0,0.5693731
1.0,0.59126455
1.0,0.50799
1.0,0.5826178
1.0,0.60303956
1.0,0.53007686
1.0,0.6403539
1.0,0.5211352
1.0,0.5051689
1.0,0.6023665
1.0,0.43411183
1.0,0.5528452
1.0,0.6004596
1.0,0.61787534
1.0,0.47292694
1.0,0.48122254
1.0,0.5634346
1.0,0.48066616
1.0,0.48756158
1.0,0.5128625
1.0,0.44245878
1.0,0.48973784
1.0,0.44093394
1.0,0.51099586
1.0,0.5686361
1.0,0.5516022
1.0,0.59787667
1.0,0.5285604
1.0,0.59683734
1.0,0.5131368
1.0,0.5034341
1.0,0.53611165
1.0,0.42252287
1.0,0.6066639
1.0,0.6060098
1.0,0.6656795
1.0,0.47808218
1.0,0.52176356
1.0,0.5482092
1.0,0.6245063
1.0,0.5420771
1.0,0.6410872
1.0,0.48790744
1.0,0.56651974
1.0,0.39317062
1.0,0.6990765
1.0,0.5789321
1.0,0.47459656
1.0,0.56322306
1.0,0.57752186
1.0,0.46540213
1.0,0.598073
1.0,0.6253918
1.0,0.5779631
1.0,0.51806974
1.0,0.6480518
1.0,0.5284238
1.0,0.4293755
1.0,0.47088346
1.0,0.54475486
1.0,0.5383385
1.0,0.508148
1.0,0.60149866
1.0,0.5618458
1.0,0.8764193
1.0,0.62838584
1.0,0.49419302
1.0,0.6144002
1.0,0.54757607
1.0,0.5295363
1.0,0.4063438
1.0,0.54194105
1.0,0.49803743
1.0,0.56129485
1.0,0.5678353
1.0,0.5606704
1.0,0.52170354
1.0,0.62374294
1.0,0.14026684
1.0,0.47291422
1.0,0.5577312
1.0,0.56794584
1.0,0.5326591
1.0,0.60697776
1.0,0.54321855
1.0,0.53135306
1.0,0.8504977
1.0,0.65085506
1.0,0.60610116
1.0,0.43751526
1.0,0.62736654
1.0,0.5583449
1.0,0.46104434
1.0,0.57671225
1.0,0.6076596
1.0,0.57523185
1.0,0.5859259
1.0,0.54568875
1.0,0.5946175
1.0,0.81363344
1.0,0.5093379
1.0,0.5399495
1.0,0.56239706
1.0,0.050702233
1.0,0.4239239
1.0,0.60825306
1.0,0.554773
1.0,0.50962627
1.0,0.5511078
1.0,0.5575387
1.0,0.55157256
1.0,0.5767121
1.0,0.50984704
1.0,0.5513835
1.0,0.55846035
1.0,0.51239246
1.0,0.58662313
1.0,0.5286716
1.0,0.5414757
1.0,0.62789106
1.0,0.560526
1.0,0.47264317
1.0,0.63229585
1.0,0.61351097
1.0,0.4885314
1.0,0.56476986
1.0,0.6085813
1.0,0.57557493
1.0,0.5349586
1.0,0.5517924
1.0,0.43521133
1.0,0.6119212
1.0,0.5653153
1.0,0.5888348
1.0,0.5737828
1.0,0.48270634
1.0,0.60734844
1.0,0.4943348
1.0,0.52074987
1.0,0.51126313
1.0,0.55107284
1.0,0.60917264
1.0,0.39414954
1.0,0.5572366
1.0,0.63916427
1.0,0.40445748
1.0,0.4920458
1.0,0.66881436
1.0,0.5695906
1.0,0.58526474
1.0,0.5431241
1.0,0.8926164
1.0,0.6975127
1.0,0.5403115
1.0,0.53629553
1.0,0.49752206
1.0,0.9722927
1.0,0.4253706
1.0,0.4750851
1.0,0.65325356
1.0,0.48887187
1.0,0.73945
1.0,0.60698104
1.0,0.59772104
1.0,0.5392499
1.0,0.646843
1.0,0.5609748
1.0,0.52457273
1.0,0.5322743
1.0,0.5294493
1.0,0.52911085
1.0,0.570814
1.0,0.5658166
1.0,0.93453264
1.0,0.62447435
1.0,0.52837014
1.0,0.5514835
1.0,0.563413
1.0,0.52597845
1.0,0.63258487
1.0,0.5425793
1.0,0.50835866
1.0,0.6121002
1.0,0.470655
1.0,0.5765463
1.0,0.5307869
1.0,0.6219503
1.0,0.61755687
1.0,0.540126
1.0,0.660306
1.0,0.9901142
1.0,0.37121722
1.0,0.022970296
1.0,0.7652798
1.0,0.5267743
1.0,0.55615324
1.0,0.57388836
1.0,0.38992435
1.0,0.640146
1.0,0.72081953
1.0,0.6272444
1.0,0.5413244
1.0,0.63428605
1.0,0.58247715
1.0,0.54507965
1.0,0.5857544
1.0,0.5171598
1.0,0.5340977
1.0,0.92628866
1.0,0.58013946
1.0,0.5235808
1.0,0.3584509
1.0,0.9981046
1.0,0.45097288
1.0,0.57894313
1.0,0.5614696
1.0,0.50840336
1.0,0.5079227
1.0,0.983757
1.0,0.6172118
1.0,0.5619829
1.0,0.5748286
1.0,0.6630664
1.0,0.5917896
1.0,0.99981934
1.0,0.544791
1.0,0.6743331
1.0,0.63028365
1.0,0.57244766
1.0,0.52207476
1.0,0.5598984
1.0,0.5212844
1.0,0.47656935
1.0,0.571835
1.0,0.52382493
1.0,0.49092636
1.0,0.55848855
1.0,0.955182
1.0,0.9433431
1.0,0.53373605
1.0,0.5683589
1.0,0.46137196
1.0,0.5994557
1.0,0.5268977
1.0,0.6455911
1.0,0.7425549
1.0,0.58836967
1.0,0.5188862
1.0,0.52577
1.0,0.5393346
1.0,0.5212027
1.0,0.54912686
1.0,0.5664607
1.0,0.3348223
1.0,0.5202724
1.0,0.55951226
1.0,0.56866187
1.0,0.5537193
1.0,0.66176265
1.0,0.5255639
1.0,0.50591433
1.0,0.6024228
1.0,0.50893366
1.0,0.70395386
1.0,0.5107048
1.0,0.54643136
1.0,0.55517805
1.0,0.5894589
1.0,0.5230142
1.0,0.63761204
1.0,0.5256787
1.0,0.33287412
1.0,0.5624485
1.0,0.6185932
1.0,0.59969246
1.0,0.98101693
1.0,0.4776636
1.0,0.5207965
1.0,0.5784984
1.0,0.41955099
1.0,0.4879138
1.0,0.60829765
1.0,0.5571508
1.0,0.5236034
1.0,0.64520776
1.0,0.5568735
1.0,0.5223064
1.0,0.6490915
1.0,0.48833904
1.0,0.5519614
1.0,0.64091104
1.0,0.6350431
1.0,0.51739156
1.0,0.5912143
1.0,0.55176973
1.0,0.007834358
1.0,0.5503559
1.0,0.43407452
1.0,0.56650496
1.0,0.4496882
1.0,0.5978167
1.0,0.6554879
1.0,0.5591085
1.0,0.67080885
1.0,0.6390349
1.0,0.58806306
1.0,0.8941578
1.0,0.40818384
1.0,0.67499256
1.0,0.5466178
1.0,0.6512053
1.0,0.55794346
1.0,0.5469708
1.0,0.5039452
1.0,0.57943976
1.0,0.48640552
1.0,0.51125103
1.0,0.457615
1.0,0.5578412
1.0,0.46104434
1.0,0.61450493
1.0,0.6195845
1.0,0.5517014
1.0,0.63302225
1.0,0.53778046
1.0,0.5501828
1.0,0.598968
1.0,0.5449547
1.0,0.57693636
1.0,0.50210345
1.0,0.52744555
1.0,0.63601017
1.0,0.52655613
1.0,0.47538513
1.0,0.6094203
1.0,0.043087173
1.0,0.4439109
1.0,0.47496232
1.0,0.708585
1.0,0.53070694
1.0,0.5044434
1.0,0.47581193
1.0,0.6010523
1.0,0.6018368
1.0,0.46104434
1.0,0.5240693
1.0,0.5706624
1.0,0.530654
1.0,0.4567446
1.0,0.5522046
1.0,0.60635847
1.0,0.57881033
1.0,0.5424063
1.0,0.49116015
1.0,0.6176187
1.0,0.5622487
1.0,0.9993845
1.0,0.61792105
1.0,0.49529883
1.0,0.5419982
1.0,0.56553245
1.0,0.5934198
1.0,0.6246586
1.0,0.49575394
1.0,0.33387896
1.0,0.65000767
1.0,0.5617891
1.0,0.53424966
1.0,0.63299906
1.0,0.6170075
1.0,0.49890032
1.0,0.7250896
1.0,0.5625314
1.0,0.6280091
1.0,0.57065773
1.0,0.49470705
1.0,0.3483412
1.0,0.5521355
1.0,0.59477866
1.0,0.51367337
1.0,0.5225042
1.0,0.8201403
1.0,0.6032544
1.0,0.54502684
1.0,0.62359154
1.0,0.5377118
1.0,0.6236381
1.0,0.4579661
1.0,0.6580647
1.0,1.0
1.0,0.5680037
1.0,0.60670704
1.0,0.49162805
1.0,0.4816962
1.0,0.9282658
1.0,0.57114995
1.0,0.6304717
1.0,0.57352304
1.0,0.59646785
1.0,0.5658012
1.0,0.5601611
1.0,0.4671204
1.0,0.53752154
1.0,0.571349
1.0,0.6422089
1.0,0.60148454
1.0,0.5586815
1.0,0.60195524
1.0,0.44308317
1.0,0.5885419
1.0,0.6962662
1.0,0.6384458
1.0,0.6324215
1.0,0.6224622
1.0,0.44569296
1.0,0.6467629
1.0,0.6463519
1.0,0.64866525
1.0,0.66341907
1.0,0.54736006
1.0,0.57716495
1.0,0.3594097
1.0,0.67246354
1.0,0.5930938
1.0,0.57379544
1.0,0.43708643
1.0,0.5622687
1.0,0.62141573
1.0,0.6080785
1.0,0.60829735
1.0,0.8624387
1.0,0.51505756
1.0,0.50287324
1.0,0.6264034
1.0,0.6035653
1.0,0.6022052
1.0,0.53198
1.0,0.55244124
1.0,0.5140846
1.0,0.4448257
1.0,0.5735232
1.0,0.63581717
1.0,0.48979995
1.0,0.5595864
1.0,0.15351294
1.0,0.52160776
1.0,0.5706105
1.0,0.7117407
1.0,0.5161469
1.0,0.509454
1.0,0.50403965
1.0,0.616265
1.0,0.6628147
1.0,0.65401447
1.0,0.4986307
1.0,0.5544095
1.0,0.7949543
1.0,0.46761557
1.0,0.50579476
1.0,0.49509475
1.0,0.5180564
1.0,0.49291772
1.0,0.5822349
1.0,0.32279447
1.0,0.4957293
1.0,0.52854943
1.0,0.5509217
1.0,0.6637985
1.0,0.6306319
1.0,0.65735495
1.0,0.4675083
1.0,0.6238762
1.0,0.5176844
1.0,0.61388135
1.0,0.47092125
1.0,0.6100585
1.0,0.58093745
1.0,0.62875336
1.0,0.6505832
1.0,0.53183246
1.0,0.4635324
1.0,0.50751334
1.0,0.46676385
1.0,0.61026067
1.0,0.42886168
1.0,0.62938887
1.0,0.632763
1.0,0.56326604
1.0,0.57697886
1.0,0.8374948
1.0,0.5324843
1.0,0.54310954
1.0,0.56594926
1.0,0.5959162
1.0,0.5406844
1.0,0.6036923
1.0,0.5965823
1.0,0.5378565
1.0,0.53280026
1.0,0.52175957
1.0,0.5277935
1.0,0.53859043
1.0,0.5640801
1.0,0.60292214
1.0,0.6186164
1.0,0.5627213
1.0,0.5076166
1.0,0.5733115
1.0,0.441161
1.0,0.40645307
1.0,0.43232465
1.0,0.52002513
1.0,0.5192453
1.0,0.4824636
1.0,0.52069485
1.0,0.5130771
1.0,0.5316498
1.0,0.56332296
1.0,0.8033064
1.0,0.6616138
1.0,0.709774
1.0,0.5945021
1.0,0.59143263
1.0,0.5678331
1.0,0.56282145
1.0,0.4083018
1.0,0.17593174
1.0,0.41920474
1.0,0.57834107
1.0,0.42388296
1.0,0.6057438
1.0,0.6647774
1.0,0.40096247
1.0,0.50418484
1.0,0.56254256
1.0,0.5718218
1.0,0.44532144
1.0,0.5746034
1.0,0.9942194
1.0,0.51508087
1.0,0.6194244
1.0,0.5002376
1.0,0.60495865
1.0,0.5943934
1.0,0.5827242
1.0,0.459684
1.0,0.50854015
1.0,0.49524492
1.0,0.65611
1.0,0.5269523
1.0,0.5227441
1.0,0.5512789
1.0,0.51249987
1.0,0.9993956
1.0,0.5726892
1.0,0.5600527
1.0,0.61389333
1.0,0.5792174
1.0,0.613988
1.0,0.565128
1.0,0.56416637
1.0,0.52324474
1.0,0.9106705
1.0,0.5396336
1.0,0.98824793
1.0,0.5638924
1.0,0.5830041
1.0,0.5699611
1.0,0.49403584
1.0,0.4542716
1.0,0.6157841
1.0,0.64129317
1.0,0.6631098
1.0,0.55168897
1.0,0.56054807
1.0,0.60607564
1.0,0.5544271
1.0,0.61127573
1.0,0.56914234
1.0,0.60341674
1.0,0.5667279
1.0,0.4431437
1.0,0.576488
1.0,0.56472707
1.0,0.40215015
1.0,0.5840502
1.0,0.6323293
1.0,0.43451768
1.0,0.6312704
1.0,0.36369267
1.0,0.9643396
1.0,0.56454915
1.0,0.51095676
1.0,0.6167169
1.0,0.5136569
1.0,0.49424076
1.0,0.52305967
1.0,0.49284858
1.0,0.41883734
1.0,0.5275909
1.0,0.55170166
1.0,0.6051545
1.0,0.4866155
1.0,0.6261464
1.0,0.55301
1.0,0.5941786
1.0,0.6134637
1.0,0.5177455
1.0,0.5993803
1.0,0.6480531
1.0,0.56565905
1.0,0.6089294
1.0,0.4407175
1.0,0.63089013
1.0,0.3707601
1.0,0.61714673
1.0,0.4175521
1.0,0.55461335
1.0,0.6002538
1.0,0.7443082
1.0,0.57016134
1.0,0.5754871
1.0,0.5254973
1.0,0.5613366
1.0,0.49256694
1.0,0.605084
1.0,0.4326365
1.0,0.5247308
1.0,0.47715053
1.0,0.5720611
1.0,0.53354526
1.0,0.5192576
1.0,0.59951216
1.0,0.6119218
1.0,0.49902236
1.0,0.5726421
1.0,0.5577676
1.0,0.54027843
1.0,0.6151514
1.0,0.5973159
1.0,0.58102286
1.0,0.48708484
1.0,0.49342838
1.0,0.64275515
1.0,0.56723154
1.0,0.5636307
1.0,0.4882406
1.0,0.48513022
1.0,0.49700344
1.0,0.49292016
1.0,0.5805577
1.0,0.5625469
1.0,0.63092697
1.0,0.6561685
1.0,0.6140124
1.0,0.5691719
1.0,0.5254155
1.0,0.51652986
1.0,0.436786
1.0,0.4897183
1.0,0.4004443
1.0,0.5305242
1.0,0.66998655
1.0,0.5510231
1.0,0.5350165
1.0,0.43129072
1.0,0.5795609
1.0,0.44518232
1.0,0.5894553
1.0,0.54262155
1.0,0.53969723
1.0,0.54023576
1.0,0.5920824
1.0,0.45197603
1.0,0.57454026
1.0,0.561415
1.0,0.61871344
1.0,0.7010268
1.0,0.58765954
1.0,0.59533846
1.0,0.48185712
1.0,0.52966464
1.0,0.52854276
1.0,0.5575782
1.0,0.47456723
1.0,0.46774876
1.0,0.52679986
1.0,0.6473597
1.0,0.5072772
1.0,0.4972262
1.0,0.53613865
1.0,0.46231756
1.0,0.6477307
1.0,0.5276366
1.0,0.52161545
1.0,0.7189041
1.0,0.6233183
1.0,0.59168947
1.0,0.6280041
1.0,0.48113135
1.0,0.3127307
1.0,0.49838102
1.0,0.9488485
1.0,0.61422193
1.0,0.4232024
1.0,0.5486795
1.0,0.577445
1.0,0.5059215
1.0,0.55917525
1.0,0.48032275
1.0,0.3758677
1.0,0.5312005
1.0,0.53888524
1.0,0.52086186
1.0,0.55574363
1.0,0.52646315
1.0,0.56710786
1.0,0.57045233
1.0,0.508627
1.0,0.5570672
1.0,0.61938566
1.0,0.53492236
1.0,0.6950806
1.0,0.52784747
1.0,0.5934165
1.0,0.5527236
1.0,0.572481
1.0,0.58573323
1.0,0.5368096
1.0,0.5158086
1.0,0.5588374
1.0,0.5318203
1.0,0.51311404
1.0,0.6583081
1.0,0.55097306
1.0,0.71969444
1.0,0.46307147
1.0,0.56725985
1.0,0.47502038
1.0,0.5537653
1.0,0.604127
1.0,0.5102825
1.0,0.59451365
1.0,0.45273972
1.0,0.62064713
1.0,0.49938634
1.0,0.55145806
1.0,0.45742145
1.0,0.51790786
1.0,0.65535754
1.0,0.5547746
1.0,0.5511112
1.0,0.5466222
1.0,0.5258334
1.0,0.46060938
1.0,0.5516474
1.0,0.90482754
1.0,0.73028827
1.0,0.54222274
1.0,0.6137125
1.0,0.5547377
1.0,0.60618955
1.0,0.45302263
1.0,0.600258
1.0,0.36199376
1.0,0.5515203
1.0,0.5515203
1.0,0.46687233
1.0,0.7050534
1.0,0.4583813
1.0,0.49293292
1.0,0.4293488
1.0,0.5359436
1.0,0.48178372
1.0,0.60825425
1.0,0.5781541
1.0,0.71917427
1.0,0.46104434
1.0,0.5451471
1.0,0.4957093
1.0,0.5151599
1.0,0.500248
1.0,0.6688748
1.0,0.52798164
1.0,0.4933373
1.0,0.46536168
1.0,0.5905313
1.0,0.52863646
1.0,0.5943274
1.0,0.51125264
1.0,0.47789896
1.0,0.5177038
1.0,0.51687473
1.0,0.43509722
1.0,0.57986706
1.0,0.588895
1.0,0.57429993
1.0,0.59547603
1.0,0.57715154
1.0,0.6823337
1.0,0.57626504
1.0,0.5722824
1.0,0.6434119
1.0,0.5317509
1.0,0.59658724
1.0,0.50008184
1.0,0.48272246
1.0,0.55286825
1.0,0.57149893
1.0,0.5178632
1.0,0.45805338
1.0,0.65068096
1.0,0.5914243
1.0,0.5865929
1.0,0.49692002
1.0,0.48850125
1.0,0.6856944
1.0,0.60478336
1.0,0.53373
1.0,0.4587037
1.0,0.61201113
1.0,0.5626497
1.0,0.5618199
1.0,0.49821782
1.0,0.50222033
1.0,0.5927294
1.0,0.75642085
1.0,0.544429
1.0,0.55157375
1.0,0.5477114
1.0,0.5640034
1.0,0.6451496
1.0,0.6234574
1.0,0.5345928
1.0,0.75557
1.0,0.490976
1.0,0.5003678
1.0,0.6348669
1.0,0.07268633
1.0,0.56149733
1.0,0.41468
1.0,0.46379775
1.0,0.6313299
1.0,0.5309603
1.0,0.5769928
1.0,0.61426634
1.0,0.30009192
1.0,0.65240383
1.0,0.5740241
1.0,0.6155505
1.0,0.6912734
1.0,0.3205075
1.0,0.5347001
1.0,0.48140532
1.0,0.35062015
1.0,0.5978857
1.0,0.63152885
1.0,0.57128483
1.0,0.4961833
1.0,0.49832875
1.0,0.43064448
1.0,0.07217192
1.0,0.5425743
1.0,0.5342262
1.0,0.5979527
1.0,0.5775813
1.0,0.5400563
1.0,0.655762
1.0,0.522906
1.0,0.5507067
1.0,0.4630271
1.0,0.3110029
1.0,0.5170326
1.0,0.4822213
1.0,0.3972377
1.0,0.5981192
1.0,0.52329
1.0,0.5242399
1.0,0.48793024
1.0,0.5495508
1.0,0.5849462
1.0,0.6440017
1.0,0.5616683
1.0,0.58279544
1.0,0.43141156
1.0,0.57648355
1.0,0.54739076
1.0,0.5822387
1.0,0.6815051
1.0,0.53036016
1.0,0.302339
1.0,0.5495493
1.0,0.6790155
1.0,0.52576554
1.0,0.4887542
1.0,0.4967271
1.0,0.5886225
1.0,0.5455639
1.0,0.61344206
1.0,0.5543971
1.0,0.48189172
1.0,0.5460817
1.0,0.5590293
1.0,0.5992477
1.0,0.8942232
1.0,0.5541963
1.0,0.53156626
1.0,0.5130883
1.0,0.4573826
1.0,0.5650563
1.0,0.44019946
1.0,0.4971562
1.0,0.533672
1.0,0.5338603
1.0,0.57597256
1.0,0.5664503
1.0,0.650607
1.0,0.5887962
1.0,0.55717283
1.0,0.46410528
1.0,0.56439376
1.0,0.58671623
1.0,0.4400861
1.0,0.5225052
1.0,0.58415425
1.0,0.6081476
1.0,0.62787485
1.0,0.5906864
1.0,0.672056
1.0,0.6254221
1.0,0.5943376
1.0,0.60064566
1.0,0.5900869
1.0,0.59023803
1.0,0.51491517
1.0,0.5586163
1.0,0.48443857
1.0,0.56796885
1.0,0.4676969
1.0,0.6204151
1.0,0.0523443
1.0,0.6026004
1.0,0.5592918
1.0,0.577982
1.0,0.94771606
1.0,0.52434206
1.0,0.61214846
1.0,0.50452775
1.0,0.57361865
1.0,0.52375406
1.0,0.9995185
1.0,0.55165976
1.0,0.97038144
1.0,0.59448695
1.0,0.46284574
1.0,0.43594685
1.0,0.521433
1.0,0.77987975
1.0,0.5296487
1.0,0.5349393
1.0,0.59019333
1.0,0.57978
1.0,0.6268895
1.0,0.5598715
1.0,0.5072998
1.0,0.55339247
1.0,0.4731649
1.0,0.56647015
1.0,0.51428735
1.0,0.5960587
1.0,0.5602284
1.0,0.5438319
1.0,0.55133224
1.0,0.48813644
1.0,0.5039444
1.0,0.6072021
1.0,0.5138037
1.0,0.547416
1.0,0.58522743
1.0,0.4964899
1.0,0.54577607
1.0,0.38964552
1.0,0.59772867
1.0,0.5957139
1.0,0.5022628
1.0,0.525291
1.0,0.53542674
1.0,0.6307063
1.0,0.4768655
1.0,0.6081804
1.0,0.6062309
1.0,0.48824248
1.0,0.5610336
1.0,0.6185079
1.0,0.6296771
1.0,0.57530385
1.0,0.51235867
1.0,0.8469513
1.0,0.5249941
1.0,0.50157577
1.0,0.5294797
1.0,0.5935271
1.0,0.58312845
1.0,0.65887153
1.0,0.5231203
1.0,0.560858
1.0,0.48909658
1.0,0.56384605
1.0,0.603371
1.0,0.57651395
1.0,0.5841941
1.0,0.6012183
1.0,0.6122756
1.0,0.5931485
1.0,0.5678647
1.0,0.56855136
1.0,0.65642256
1.0,0.5958286
1.0,0.99952805
1.0,0.6914186
1.0,0.41844037
1.0,0.49102923
1.0,0.5383171
1.0,0.54047537
1.0,0.6283359
1.0,0.5436295
1.0,0.5261215
1.0,0.5711573
1.0,0.5863689
1.0,0.5003194
1.0,0.6034442
1.0,0.60519123
1.0,0.43718892
1.0,0.51302695
1.0,0.5222921
1.0,0.52736044
1.0,1.0
1.0,0.54676807
1.0,0.54074013
1.0,0.56149995
1.0,0.5163087
1.0,0.5629713
1.0,0.6522277
1.0,0.5397224
1.0,0.52845913
1.0,0.58901644
1.0,0.6163104
1.0,0.51405704
1.0,0.6300305
1.0,0.61849725
1.0,0.42802715
1.0,0.11786681
1.0,0.5234361
1.0,0.6163377
1.0,0.5959529
1.0,0.6502536
1.0,0.36206123
1.0,0.63905114
1.0,0.58911586
1.0,0.5398746
1.0,0.58275545
1.0,0.5232695
1.0,0.7088764
1.0,0.7745885
1.0,0.55716425
1.0,0.50234616
1.0,0.57793874
1.0,0.60285956
1.0,0.58005494
1.0,0.570679
1.0,0.6786516
1.0,0.5674415
1.0,0.40442142
1.0,0.696373
1.0,0.53213817
1.0,0.99327046
1.0,0.61694896
1.0,0.5237698
1.0,0.5323401
1.0,0.60240555
1.0,0.7176663
1.0,0.62390864
1.0,0.46478772
1.0,0.5778125
1.0,0.57402086
1.0,0.5048254
1.0,0.536552
1.0,0.50472194
1.0,0.545555
1.0,0.59928936
1.0,0.64451563
1.0,0.5895255
1.0,0.6028075
1.0,0.9887454
1.0,0.6135236
1.0,0.5591835
1.0,0.55730563
1.0,0.5838705
1.0,0.52176243
1.0,0.5834973
1.0,0.60896426
1.0,0.48093972
1.0,0.43636203
1.0,0.5309244
1.0,0.088609174
1.0,0.5536128
1.0,0.59214896
1.0,0.6007857
1.0,0.44361567
1.0,0.58682317
1.0,0.54411083
1.0,0.4057239
1.0,0.5417249
1.0,0.62376356
1.0,0.06993606
1.0,0.56925935
1.0,0.51516026
1.0,0.46104434
1.0,0.5618231
1.0,0.4711711
1.0,0.4711054
1.0,0.5294894
1.0,0.4788395
1.0,0.57793397
1.0,0.57784253
1.0,0.5318758
1.0,0.6450498
1.0,0.473081
1.0,0.3748719
1.0,0.501427
1.0,0.58226854
1.0,0.52803016
1.0,0.4959213
1.0,0.55760074
1.0,0.5364629
1.0,0.42487353
1.0,0.6163264
1.0,0.54598135
1.0,0.5416532
1.0,0.54517263
1.0,0.57977575
1.0,0.55839753
1.0,0.46115994
1.0,0.6446083
1.0,0.5417717
1.0,0.58733654
1.0,0.5902391
1.0,0.5385001
1.0,0.56215674
1.0,0.5646142
1.0,0.58633703
1.0,0.6226488
1.0,0.9161702
1.0,0.6024967
1.0,0.61132467
1.0,0.5440367
1.0,0.4698911
1.0,0.5540165
1.0,0.4648816
1.0,0.54207706
1.0,0.64476943
1.0,0.5775066
1.0,0.51888245
1.0,0.5022456
1.0,0.25270152
1.0,0.46881562
1.0,0.61492944
1.0,0.4748292
1.0,0.57223666
1.0,0.46252036
1.0,0.6378011
1.0,0.69927657
1.0,0.6054925
1.0,0.5784032
1.0,0.5307747
1.0,0.9103212
1.0,0.4595456
1.0,0.5436318
1.0,0.5293007
1.0,0.5506519
1.0,0.59734476
1.0,0.6442213
1.0,0.554931
1.0,0.46675882
1.0,0.5723418
1.0,0.62124604
1.0,0.57887375
1.0,0.6016634
1.0,0.51454806
1.0,0.5251002
1.0,0.5171892
1.0,0.6097935
1.0,0.7818937
1.0,0.58305234
1.0,0.4702143
1.0,0.5113328
1.0,0.66878927
1.0,0.6026699
1.0,0.521616
1.0,0.51405483
1.0,0.57834315
1.0,0.6240027
1.0,0.5131693
1.0,0.6010807
1.0,0.683794
1.0,0.53997767
1.0,0.5440536
1.0,0.5369973
1.0,0.60796154
1.0,0.5925478
1.0,0.5585593
1.0,0.5119799
1.0,0.6392246
1.0,0.57921845
1.0,0.5747791
1.0,0.6312633
1.0,0.4584951
1.0,0.79459184
1.0,0.5152376
1.0,0.6816824
1.0,0.50072724
1.0,0.66921526
1.0,0.55476916
1.0,0.50059944
1.0,0.57668185
1.0,0.5897961
1.0,0.60790837
1.0,0.6092497
1.0,0.52459955
1.0,0.4609233
1.0,0.4293225
1.0,0.68666077
1.0,0.53746736
1.0,0.5480519
1.0,0.4901893
1.0,0.6510749
1.0,0.5562447
1.0,0.5682901
1.0,0.5473701
1.0,0.6038184
1.0,0.594279
1.0,0.607081
1.0,0.66887635
1.0,0.5747801
1.0,0.5417312
1.0,0.56094855
1.0,0.56054026
1.0,0.5407457
1.0,0.50208414
1.0,0.6862575
1.0,0.5360874
1.0,0.48653102
1.0,0.4917605
1.0,0.5706475
1.0,0.50598395
1.0,0.56160223
1.0,0.674522
1.0,0.5836834
1.0,0.5863599
1.0,0.5713542
1.0,0.55825925
1.0,0.535011
1.0,0.44391158
1.0,0.49390325
1.0,0.54736596
1.0,0.58522546
1.0,0.7073381
1.0,0.6339446
1.0,0.60844827
1.0,0.99715096
1.0,0.55057514
1.0,0.4993763
1.0,0.6639942
1.0,0.615659
1.0,0.5942568
1.0,0.60845935
1.0,0.63817865
1.0,0.58650416
1.0,0.45539325
1.0,0.605634
1.0,0.630031
1.0,0.9000379
1.0,0.57660455
1.0,0.44112882
1.0,0.6128312
1.0,0.5392286
1.0,0.35939577
1.0,0.5148465
1.0,0.62560064
1.0,0.47724196
1.0,0.5826962
1.0,0.54068154
1.0,0.76191705
1.0,0.59309226
1.0,0.6145213
1.0,0.45650163
1.0,0.61222965
1.0,0.4855556
1.0,0.49243867
1.0,0.37816837
1.0,0.60947716
1.0,0.5467999
1.0,0.6444053
1.0,0.58427185
1.0,0.40753105
1.0,0.45173487
1.0,0.522846
1.0,0.6203034
1.0,0.55037683
1.0,0.5753864
1.0,0.47954392
1.0,0.5633981
1.0,0.5230682
1.0,0.4427491
1.0,0.5472293
1.0,0.51662064
1.0,0.5933816
1.0,0.545807
1.0,0.47740927
1.0,0.51456034
1.0,0.38637683
1.0,0.56105053
1.0,0.52680707
1.0,0.5858864
1.0,0.6685863
1.0,0.5700276
1.0,0.5316758
1.0,0.50846946
1.0,0.7645596
1.0,0.53695637
1.0,0.5861214
1.0,0.58670425
1.0,0.6668083
1.0,0.63257307
1.0,0.50821257
1.0,0.7079188
1.0,0.6958057
1.0,0.5447136
1.0,0.2495818
1.0,0.65327567
1.0,0.543475
1.0,0.99782336
1.0,0.6900834
1.0,0.56502193
1.0,0.58813524
1.0,0.60745656
1.0,0.5885145
1.0,0.54670376
1.0,0.43197474
1.0,0.5331871
1.0,0.49101692
1.0,0.4329405
1.0,0.562503
1.0,0.827213
1.0,0.57188916
1.0,0.6525546
1.0,0.60117185
1.0,0.9008337
1.0,0.6693166
1.0,0.5244887
1.0,0.6298888
1.0,0.54083127
1.0,0.60034126
1.0,0.6269477
1.0,0.6636542
1.0,0.4830226
1.0,0.0008748456
1.0,0.57212144
1.0,0.5279368
1.0,0.54657954
1.0,0.65961915
1.0,0.5966673
1.0,0.5337717
1.0,0.49197993
1.0,0.47112158
1.0,0.51428485
1.0,0.6053337
1.0,0.60143274
1.0,0.6747554
1.0,0.52950746
1.0,0.47548985
1.0,0.5444031
1.0,0.45868403
1.0,0.5936141
1.0,0.52162635
1.0,0.66652733
1.0,0.5755313
1.0,0.51870066
1.0,0.51581323
1.0,0.48596808
1.0,0.49791944
1.0,0.5838769
1.0,0.6261578
1.0,0.6094309
1.0,0.5355572
1.0,0.5309579
1.0,0.58844256
1.0,0.5585567
1.0,0.541109
1.0,0.58254045
1.0,0.5770232
1.0,0.55932534
1.0,0.5801123
1.0,0.4589452
1.0,0.52074754
1.0,0.5298441
1.0,0.5326146
1.0,0.57146454
1.0,0.5106221
1.0,0.41909614
1.0,0.5954343
1.0,0.013678433
1.0,0.40788442
1.0,0.5803848
1.0,0.5412523
1.0,0.51835173
1.0,0.54794127
1.0,0.44949457
1.0,0.31684527
1.0,0.505674
1.0,0.50111073
1.0,0.5364837
1.0,0.5762928
1.0,0.7935336
1.0,0.52273405
1.0,0.5085046
1.0,0.60361874
1.0,0.65944815
1.0,0.59602267
1.0,0.6418434
1.0,0.6293276
1.0,0.6514696
1.0,0.5674006
1.0,0.9368824
1.0,0.6165083
1.0,0.5263571
1.0,0.5763852
1.0,0.6741286
1.0,0.40172964
1.0,0.5512221
1.0,0.9999819
1.0,0.5667136
1.0,0.53474945
1.0,0.4808097
1.0,0.58225805
1.0,0.58924824
1.0,0.7641559
1.0,0.46104434
1.0,0.58030516
1.0,0.51480985
1.0,0.5611523
1.0,0.55879813
1.0,0.5386312
1.0,0.56714374
1.0,0.39076895
1.0,0.6808191
1.0,0.5109146
1.0,0.5853501
1.0,0.8039884
1.0,0.6026132
1.0,0.55723566
1.0,0.5673666
1.0,0.5043761
1.0,0.48598891
1.0,0.532442
1.0,0.4329479
1.0,0.6121404
1.0,0.5100288
1.0,0.9995596
1.0,0.44355044
1.0,0.47440234
1.0,0.55168
1.0,0.47774413
1.0,0.3944263
1.0,0.5505362
1.0,0.59879297
1.0,0.57652813
1.0,0.5454944
1.0,0.65312684
1.0,0.5234017
1.0,0.46104434
1.0,0.480699
1.0,0.49210346
1.0,0.5463929
1.0,0.5653278
1.0,0.55228925
1.0,0.5749693
1.0,0.5935059
1.0,0.16800663
1.0,0.47125316
1.0,0.56533265
1.0,0.5707427
1.0,0.08612911
1.0,0.6001681
1.0,0.3224593
1.0,0.5956726
1.0,0.993926
1.0,0.52344066
1.0,0.5172321
1.0,0.46031043
1.0,0.505433
1.0,0.44167435
1.0,0.5001306
1.0,0.61759377
1.0,0.5375805
1.0,0.5477163
1.0,0.33432567
1.0,0.38697004
1.0,0.43631855
1.0,0.58365864
1.0,0.5210551
1.0,0.3570768
1.0,0.5734741
1.0,0.4211903
1.0,0.48588723
1.0,0.63227004
1.0,0.5272314
1.0,0.53244257
1.0,0.62159353
1.0,0.52012396
1.0,0.59627473
1.0,0.5164369
1.0,0.6097937
1.0,0.7170367
1.0,0.420893
1.0,0.3790854
1.0,0.58697134
1.0,0.51404655
1.0,0.5080934
1.0,0.4996005
1.0,0.49895418
1.0,0.5678161
1.0,0.5154463
1.0,0.60893387
1.0,0.539824
1.0,0.5152597
1.0,0.99911934
1.0,0.5374758
1.0,0.60764605
1.0,0.5036936
1.0,0.5146616
1.0,0.51463366
1.0,0.6169362
1.0,0.59344506
1.0,0.5251445
1.0,0.6154112
1.0,0.45706156
1.0,0.57985395
1.0,0.6180074
1.0,0.4887807
1.0,0.5998676
1.0,0.5247367
1.0,0.5466476
1.0,0.47263706
1.0,0.535873
1.0,0.52231205
1.0,0.53250355
1.0,0.34469244
1.0,0.5030262
1.0,0.5946827
1.0,0.9698267
1.0,0.5673232
1.0,0.59304947
1.0,0.5537235
1.0,0.58222747
1.0,0.42144796
1.0,0.3074513
1.0,0.6020389
1.0,0.57701147
1.0,0.56372577
1.0,0.5770284
1.0,0.6283202
1.0,0.581056
1.0,0.54732966
1.0,0.5802879
1.0,0.5777696
1.0,0.44017336
1.0,0.60346615
1.0,0.5251693
1.0,0.48454547
1.0,0.58518606
1.0,0.53487426
1.0,0.523888
1.0,0.5025084
1.0,0.58453494
1.0,0.4504566
1.0,0.57012343
1.0,0.38861442
1.0,0.5849667
1.0,0.5309283
1.0,0.8112448
1.0,0.594189
1.0,0.46104434
1.0,0.57354724
1.0,0.48033676
1.0,0.5427122
1.0,0.46338692
1.0,0.5636548
1.0,0.5812835
1.0,0.5207401
1.0,0.5461325
1.0,0.42583254
1.0,0.115563676
1.0,0.5816186
1.0,0.51530975
1.0,0.5810171
1.0,0.5280068
1.0,0.5277956
1.0,0.55498475
1.0,0.3722579
1.0,0.6018894
1.0,0.47321945
1.0,0.4747906
1.0,0.027151631
1.0,0.2565635
1.0,0.56169903
1.0,0.60022277
1.0,0.56520873
1.0,0.49224928
1.0,0.5020712
1.0,0.5204074
1.0,0.5907546
1.0,0.62278754
1.0,0.46755958
1.0,0.53381467
1.0,0.5432225
1.0,0.45132637
1.0,0.52191204
1.0,0.5711353
1.0,0.67505914
1.0,0.5585641
1.0,0.99827313
1.0,0.46180004
1.0,0.36190832
1.0,0.61174846
1.0,0.5732666
1.0,0.5297624
1.0,0.59999853
1.0,0.63130164
1.0,0.503041
1.0,0.5988062
1.0,0.8926602
1.0,0.5499994
1.0,0.54731834
1.0,0.594231
1.0,0.45799765
1.0,0.53422314
1.0,0.5448352
1.0,0.48716855
1.0,0.6237966
1.0,0.5026929
1.0,0.6315315
1.0,0.6595477
1.0,0.92862904
1.0,0.5687958
1.0,0.5116193
1.0,0.62075335
1.0,0.6006038
1.0,0.5736215
1.0,0.57496166
1.0,0.5188393
1.0,0.31136394
1.0,0.45691606
1.0,0.847724
1.0,0.57860863
1.0,0.5889477
1.0,0.65919095
1.0,0.619794
1.0,0.5663927
1.0,0.6498953
1.0,0.5300035
1.0,0.59917957
1.0,0.4770299
1.0,0.60504234
1.0,0.6108591
1.0,0.60491973
1.0,0.5123846
1.0,0.6231638
1.0,0.5429006
1.0,0.60177994
1.0,0.6285187
1.0,0.56384534
1.0,0.5369647
1.0,0.51906145
1.0,0.68584055
1.0,0.52033126
1.0,0.6132313
1.0,0.49573585
1.0,0.5609337
1.0,0.5371666
1.0,0.59394354
1.0,0.51049244
1.0,0.60682946
1.0,0.6657864
1.0,0.6131958
1.0,0.5745229
1.0,0.6137298
1.0,0.48867178
1.0,0.5667501
1.0,0.58180016
1.0,0.5169832
1.0,0.5971001
1.0,0.58728415
1.0,0.48597226
1.0,0.5654279
1.0,0.6171561
1.0,0.70204824
1.0,0.5253955
1.0,0.59548485
1.0,0.70049024
1.0,0.4618953
1.0,0.63361096
1.0,0.33642662
1.0,0.5147437
1.0,0.6515221
1.0,0.38666123
1.0,0.606736
1.0,0.6067007
1.0,0.46104434
1.0,0.60564506
1.0,0.5579089
1.0,0.5236754
1.0,0.7852868
1.0,0.623442
1.0,0.5855962
1.0,0.45970446
1.0,0.58169675
1.0,0.5890393
1.0,0.38541386
1.0,0.58144355
1.0,0.466092
1.0,0.55631334
1.0,0.53864783
1.0,0.54541224
1.0,0.8583971
1.0,0.5396733
1.0,0.5592252
1.0,0.03818054
1.0,0.5484049
1.0,0.999762
1.0,0.70962095
1.0,0.6884384
1.0,0.6304375
1.0,0.47756094
1.0,0.58304584
1.0,0.639917
1.0,0.437295
1.0,0.37929332
1.0,0.5757431
1.0,0.5287044
1.0,0.602641
1.0,0.5617764
1.0,0.65481097
1.0,0.94504726
1.0,0.5828436
1.0,0.41061482
1.0,0.57899857
1.0,0.51224464
1.0,0.61148846
1.0,0.67390954
1.0,0.6095331
1.0,0.58648103
1.0,0.46677533
1.0,0.5176002
1.0,0.5009356
1.0,0.43499866
1.0,0.4516478
1.0,0.52782154
1.0,0.64863354
1.0,0.53892416
1.0,0.47828248
1.0,0.0089199655
1.0,0.55793023
1.0,0.65948796
1.0,0.54328376
1.0,0.6196132
1.0,0.60104847
1.0,0.60493195
1.0,0.5952832
1.0,0.5891144
1.0,0.8126744
1.0,0.5148096
1.0,0.55936193
1.0,0.5669207
1.0,0.56021553
1.0,0.48908433
1.0,0.5425764
1.0,0.60790783
1.0,0.5585952
1.0,0.46660292
1.0,0.55784357
1.0,0.4971609
1.0,0.58375025
1.0,0.56266403
1.0,0.57022506
1.0,0.4194403
1.0,0.5318438
1.0,0.54564774
1.0,0.515769
1.0,0.6262525
1.0,0.7550537
1.0,0.16676341
1.0,0.5799994
1.0,0.5414702
1.0,0.49874312
1.0,0.5116758
1.0,0.48633176
1.0,0.48002797
1.0,0.534467
1.0,0.48670545
1.0,0.5629633
1.0,0.7245712
1.0,0.49615327
1.0,0.5167153
1.0,0.54605085
1.0,0.508083
1.0,0.5411414
1.0,0.5833633
1.0,0.49421433
1.0,0.5565191
1.0,0.57813907
1.0,0.5167664
1.0,0.7843252
1.0,0.54403335
1.0,0.54945195
1.0,0.5670044
1.0,0.62896544
1.0,0.52718824
1.0,0.4811834
1.0,0.6067795
1.0,0.58896077
1.0,0.9996082
1.0,0.57636625
1.0,0.5217334
1.0,0.6368454
1.0,0.52927047
1.0,0.5674914
1.0,0.6304975
1.0,0.58291197
1.0,0.5698078
1.0,0.48717704
1.0,0.53840804
1.0,0.67939216
1.0,0.64287704
1.0,0.5828108
1.0,0.55155736
1.0,0.57124436
1.0,0.51086855
1.0,0.6090633
1.0,0.48599556
1.0,0.67748123
1.0,0.68618095
1.0,0.45405433
1.0,0.506336
1.0,0.5614088
1.0,0.4619978
1.0,0.584327
1.0,0.5700051
1.0,0.5417744
1.0,0.59832865
1.0,0.5100558
1.0,0.48545355
1.0,0.6205356
1.0,0.5664661
1.0,0.5123263
1.0,0.4642043
1.0,0.5439572
1.0,0.67358154
1.0,0.85925144
1.0,0.527871
1.0,0.5053311
1.0,0.5408967
1.0,0.5172292
1.0,0.6309043
1.0,0.5714826
1.0,0.48464707
1.0,0.54401755
1.0,0.5990491
1.0,0.56668365
1.0,0.48057407
1.0,0.5453032
1.0,0.53188586
1.0,0.024461197
1.0,0.4532361
1.0,0.56061834
1.0,0.5666495
1.0,0.41756606
1.0,0.52811354
1.0,0.5854318
1.0,0.47757262
1.0,0.44402993
1.0,0.4078433
1.0,0.625784
1.0,0.5080933
1.0,0.5416158
1.0,0.5401109
1.0,0.5781516
1.0,0.4995469
1.0,0.5377454
1.0,0.43667692
1.0,0.5249131
1.0,0.7092084
1.0,0.60188764
1.0,0.6342113
1.0,0.59318215
1.0,0.5871725
1.0,0.46148238
1.0,0.599586
1.0,0.39284796
1.0,0.6248098
1.0,0.75591254
1.0,0.5288661
1.0,0.59772587
1.0,0.6414534
1.0,0.5909303
1.0,0.47240177
1.0,0.5950333
1.0,0.5099
1.0,0.6492599
1.0,0.44282943
1.0,0.61092484
1.0,0.62274945
1.0,0.4556776
1.0,0.50859505
1.0,0.58261395
1.0,0.5668375
1.0,0.62060195
1.0,0.7551635
1.0,0.55261976
1.0,0.5068372
1.0,0.51486576
1.0,0.50000095
1.0,0.46104434
1.0,0.46088892
1.0,0.0678229
1.0,0.5993407
1.0,0.56793606
1.0,0.64311504
1.0,0.5981569
1.0,0.52569664
1.0,0.534785
1.0,0.4597737
1.0,0.61812764
1.0,0.5380979
1.0,0.6463334
1.0,0.9778265
1.0,0.5172312
1.0,0.5781549
1.0,0.4460563
1.0,0.55015296
1.0,0.5207108
1.0,0.59907854
1.0,0.483582
1.0,0.6859327
1.0,0.5447745
1.0,0.7204896
1.0,0.57723325
1.0,0.68014663
1.0,0.5269269
1.0,0.49615496
1.0,0.66199994
1.0,0.5435485
1.0,0.62876767
1.0,0.61479414
1.0,0.5175634
1.0,0.5512412
1.0,0.4757053
1.0,0.57798463
1.0,0.45811892
1.0,0.52066815
1.0,0.6223234
1.0,0.49580348
1.0,0.5382258
1.0,0.6471099
1.0,0.9856839
1.0,0.51108855
1.0,0.48765188
1.0,0.44699734
1.0,0.58314204
1.0,0.5376569
1.0,0.60197705
1.0,0.51514214
1.0,0.48045403
1.0,0.46786767
1.0,0.54701567
1.0,0.5394336
1.0,0.41430035
1.0,0.60974586
1.0,0.61315495
1.0,0.5751676
1.0,0.55113786
1.0,0.5040487
1.0,0.57908535
1.0,0.54621273
1.0,0.5828291
1.0,0.5590321
1.0,0.5044382
1.0,0.6588646
1.0,0.44737163
1.0,0.55215186
1.0,0.5849985
1.0,0.55066156
1.0,0.53871393
1.0,0.46363652
1.0,0.51864976
1.0,0.61417884
1.0,0.5178836
1.0,0.5592617
1.0,0.65135974
1.0,0.57663304
1.0,0.45800826
1.0,0.40764025
1.0,0.5511365
1.0,0.64198744
1.0,0.6276794
1.0,0.642459
1.0,0.5068597
1.0,0.50485134
1.0,0.60266966
1.0,0.6345953
1.0,0.52790356
1.0,0.40940443
1.0,0.5972625
1.0,0.6038449
1.0,0.58457047
1.0,0.48813614
1.0,0.5480921
1.0,0.57256794
1.0,0.6457297
1.0,0.5541717
1.0,0.6099961
1.0,0.5850706
1.0,0.4955454
1.0,0.58611405
1.0,0.5835982
1.0,0.52194273
1.0,0.5392552
1.0,0.6297371
1.0,0.63110137
1.0,0.5220901
1.0,0.84102213
1.0,0.4745412
1.0,0.48996532
1.0,0.4974251
1.0,0.5298218
1.0,0.58496314
1.0,0.5345712
1.0,0.6130935
1.0,0.5479019
1.0,0.40485492
1.0,0.5693031
1.0,0.61113185
1.0,0.49158138
1.0,0.9950265
1.0,0.23777045
1.0,0.60122305
1.0,0.55336416
1.0,0.5534598
1.0,0.5191896
1.0,0.5975849
1.0,0.6039747
1.0,0.6565428
1.0,0.43526593
1.0,0.6147897
1.0,0.5658276
1.0,0.5354053
1.0,0.61599
1.0,0.46931145
1.0,0.54283917
1.0,0.6314208
1.0,0.59490734
1.0,0.40812334
1.0,0.55358857
1.0,0.6025534
1.0,0.5441054
1.0,0.5089116
1.0,0.5301525
1.0,0.6090433
1.0,0.54922277
1.0,0.79531175
1.0,0.47249797
1.0,0.57477075
1.0,0.6245043
1.0,0.515928
1.0,0.563642
1.0,0.632327
1.0,0.5356612
1.0,0.55808
1.0,0.529053
1.0,0.5220983
1.0,0.58001995
1.0,0.48203245
1.0,0.62059385
1.0,0.53673977
1.0,0.5237384
1.0,0.48350924
1.0,0.467865
1.0,0.5306313
1.0,0.78737116
1.0,0.6125712
1.0,0.58702797
1.0,0.61466134
1.0,0.56400806
1.0,0.5801046
1.0,0.5825639
1.0,0.5527004
1.0,0.5423461
1.0,0.6141736
1.0,0.6364502
1.0,0.46907222
1.0,0.6533285
1.0,0.50522
1.0,0.5804288
1.0,0.4389079
1.0,0.78280795
1.0,0.60827583
1.0,0.66540956
1.0,0.52269804
1.0,0.540746
1.0,0.99663264
1.0,0.45644608
1.0,0.5972504
1.0,0.5843313
1.0,0.5555453
1.0,0.26550213
1.0,0.5874223
1.0,0.5181158
1.0,0.016690047
1.0,0.45204723
1.0,0.50922227
1.0,0.51981586
1.0,0.4999584
1.0,0.45133772
1.0,0.5996454
1.0,0.53478754
1.0,0.5554771
1.0,0.6696037
1.0,0.58861053
1.0,0.5410537
1.0,0.6206587
1.0,0.58681613
1.0,0.460093
1.0,0.5638076
1.0,0.5863738
1.0,0.5412139
1.0,0.56467026
1.0,0.5832303
1.0,0.5291689
1.0,0.616518
1.0,0.5227195
1.0,0.66612077
1.0,0.9956613
1.0,0.47665903
1.0,0.48268923
1.0,0.59670526
1.0,0.46344262
1.0,0.59274065
1.0,0.06968218
1.0,0.6382868
1.0,0.61673576
1.0,0.5930108
1.0,0.49139208
1.0,0.61014414
1.0,0.5187395
1.0,0.53128076
1.0,0.5653574
1.0,0.58399534
1.0,0.44615272
1.0,0.44811007
1.0,0.59765595
1.0,0.5804778
1.0,0.46104434
1.0,0.52330756
1.0,0.4993873
1.0,0.6174476
1.0,0.5523821
1.0,0.5631813
1.0,0.44805348
1.0,0.6088655
1.0,0.56598973
1.0,0.56275314
1.0,0.5853699
1.0,0.569528
1.0,0.4626273
1.0,0.6255332
1.0,0.582995
1.0,0.56430256
1.0,0.59485775
1.0,0.6037588
1.0,0.9956246
1.0,0.61551845
1.0,0.45851475
1.0,0.46574068
1.0,0.47682843
1.0,0.48223987
1.0,0.5636109
1.0,0.5027074
1.0,0.5308365
1.0,0.5680684
1.0,0.45434657
1.0,0.635727
1.0,0.60402167
1.0,0.54673195
1.0,0.5652593
1.0,0.56384915
1.0,0.47354257
1.0,0.64802223
1.0,0.5681674
1.0,0.5150357
1.0,0.6039327
1.0,0.6521952
1.0,0.59506714
1.0,0.6173844
1.0,0.82163507
1.0,0.6381213
1.0,0.6030119
1.0,0.30650926
1.0,0.5780021
1.0,0.53011715
1.0,0.5499493
1.0,0.5487381
1.0,0.39907455
1.0,0.5114393
1.0,0.49810925
1.0,0.52493846
1.0,0.6707622
1.0,0.5718167
1.0,0.595627
1.0,0.5785073
1.0,0.57166165
1.0,0.6188107
1.0,0.53422123
1.0,0.1120432
1.0,0.6003068
1.0,0.5916774
1.0,0.363172
1.0,0.5009028
1.0,0.81671995
1.0,0.45988148
1.0,0.7193177
1.0,0.5827088
1.0,0.610818
1.0,0.5639133
1.0,0.56589013
1.0,0.6139085
1.0,0.5613514
1.0,0.65720296
1.0,0.42704564
1.0,0.4906569
1.0,0.46222702
1.0,0.5792162
1.0,0.89876145
1.0,0.5084552
1.0,0.65487736
1.0,0.53005797
1.0,0.54349434
1.0,0.59577477
1.0,0.5507987
1.0,0.5814499
1.0,0.56599075
1.0,0.47308815
1.0,0.5576949
1.0,0.47938082
1.0,0.5079568
1.0,0.4906304
1.0,0.53935534
1.0,0.69561595
1.0,0.50108105
1.0,0.5568593
1.0,0.5477589
1.0,0.60947084
1.0,0.5454522
1.0,0.46850362
1.0,0.59406406
1.0,0.54884696
1.0,0.5792961
1.0,0.46379375
1.0,0.50202215
1.0,0.5664396
1.0,0.50859886
1.0,0.43244395
1.0,0.5912966
1.0,0.52653205
1.0,0.62903553
1.0,0.81917745
1.0,0.603031
1.0,0.5736525
1.0,0.5611333
1.0,0.48736906
1.0,0.5949743
1.0,0.5352587
1.0,0.4389284
1.0,0.5252203
1.0,0.5435119
1.0,0.50376904
1.0,0.5215138
1.0,0.38179365
1.0,0.4414971
1.0,0.53599405
1.0,0.60767287
1.0,0.57463557
1.0,0.021520473
1.0,0.33571815
1.0,0.6258177
1.0,0.50843585
1.0,0.665348
1.0,0.4748666
1.0,0.48300052
1.0,0.5373031
1.0,0.57900417
1.0,0.5603816
1.0,0.45731223
1.0,0.57541925
1.0,0.5275958
1.0,0.6751116
1.0,0.6178192
1.0,0.54641455
1.0,0.658064
1.0,0.6106404
1.0,0.65492517
1.0,0.80232805
1.0,0.46667448
1.0,0.63716793
1.0,0.5872927
1.0,0.56251293
1.0,1.0
1.0,0.5191565
1.0,0.5967582
1.0,0.5434539
1.0,0.5643509
1.0,0.6816865
1.0,0.54534745
1.0,0.5792481
1.0,0.5552502
1.0,0.5336087
1.0,0.5834477
1.0,0.99989593
1.0,0.59259844
1.0,0.65574414
1.0,0.5462699
1.0,0.5039563
1.0,0.72869885
1.0,0.47230184
1.0,0.5454689
1.0,0.52630436
1.0,0.563629
1.0,0.435075
1.0,0.5438209
1.0,0.49155125
1.0,0.5424083
1.0,0.58321446
1.0,0.57534117
1.0,0.53701943
1.0,0.6241688
1.0,0.57987505
1.0,0.50906
1.0,0.57110655
1.0,0.45668852
1.0,0.5468327
1.0,0.49558407
1.0,0.4960628
1.0,0.60104835
1.0,0.46104434
1.0,0.65385264
1.0,0.8287527
1.0,0.531153
1.0,0.56208885
1.0,0.55794585
1.0,0.5613846
1.0,0.6735903
1.0,0.5723883
1.0,0.62420356
1.0,0.59652525
1.0,0.50627154
1.0,0.46104434
1.0,0.5450783
1.0,0.54804957
1.0,0.4963536
1.0,0.54987574
1.0,0.6155832
1.0,0.58552235
1.0,0.58614975
1.0,0.63152057
1.0,0.99980825
1.0,0.62136936
1.0,0.51600087
1.0,0.47238472
1.0,0.6376843
1.0,0.53756934
1.0,0.56229925
1.0,0.60783535
1.0,0.59518874
1.0,0.6054327
1.0,0.64639676
1.0,0.63005424
1.0,0.6168072
1.0,0.5817297
1.0,0.5252862
1.0,0.65531754
1.0,0.602537
1.0,0.5614929
1.0,0.5497145
1.0,0.6117405
1.0,0.55487597
1.0,0.5511532
1.0,0.4685568
1.0,0.6002332
1.0,0.539646
1.0,0.5227149
1.0,0.61715114
1.0,0.51985085
1.0,0.62345344
1.0,0.62008756
1.0,0.55970925
1.0,0.52254283
1.0,0.62513924
1.0,0.48388672
1.0,0.5579902
1.0,0.46846512
1.0,0.47900206
1.0,0.5558717
1.0,0.54315656
1.0,0.4254009
1.0,0.61874604
1.0,0.52561545
1.0,0.600005
1.0,0.5700688
1.0,0.53704953
1.0,0.57360554
1.0,0.35223362
1.0,0.4492199
1.0,0.48197016
1.0,0.5328556
1.0,0.6728723
1.0,0.6382897
1.0,0.52578664
1.0,0.548549
1.0,0.60878164
1.0,0.5031402
1.0,0.53162086
1.0,0.98818856
1.0,0.40846536
1.0,0.48368108
1.0,0.52690846
1.0,0.4742324
1.0,0.56620455
1.0,0.5044521
1.0,0.8914122
1.0,0.59515977
1.0,0.5094938
1.0,0.55581385
1.0,0.6276982
1.0,0.5593827
1.0,0.014729189
1.0,0.50250924
1.0,0.5979514
1.0,0.5095355
1.0,0.47707814
1.0,0.5252046
1.0,0.45036924
1.0,0.54571646
1.0,0.6028635
1.0,0.5788693
1.0,0.42836034
1.0,0.59157264
1.0,0.58955395
1.0,0.61003107
1.0,0.59182376
1.0,0.6290331
1.0,0.4718686
1.0,0.53668994
1.0,0.5874872
1.0,0.5585466
1.0,0.5363138
1.0,0.50481164
1.0,0.53243196
1.0,0.3130004
1.0,0.63599235
1.0,0.58205414
1.0,0.51916164
1.0,0.5345753
1.0,0.61500114
1.0,0.4931449
1.0,0.62841666
1.0,0.60195863
1.0,0.50877815
1.0,0.58312225
1.0,0.5216587
1.0,0.6190485
1.0,0.9992053
1.0,0.47163874
1.0,0.55690354
1.0,0.526582
1.0,0.5678569
1.0,0.57021654
1.0,0.53011626
1.0,0.60327435
1.0,0.54911095
1.0,0.4673526
1.0,0.6072373
1.0,0.4845221
1.0,0.3211018
1.0,0.55297893
1.0,0.57174903
1.0,0.37078607
1.0,0.6262014
1.0,0.51680726
1.0,0.9953734
1.0,0.54899496
1.0,0.6647152
1.0,0.6437788
1.0,0.61813277
1.0,0.47564265
1.0,0.61965656
1.0,0.5653933
1.0,0.65772927
1.0,0.4892172
1.0,0.5460321
1.0,0.43166512
1.0,0.612891
1.0,0.5122903
1.0,0.53956985
1.0,0.51957124
1.0,0.5545441
1.0,0.12553442
1.0,0.47090745
1.0,0.5862809
1.0,0.5626432
1.0,0.67636245
1.0,0.53869635
1.0,0.43037602
1.0,0.51016814
1.0,0.7459497
1.0,0.5497918
1.0,0.6153859
1.0,0.60818374
1.0,0.51111096
1.0,0.54344386
1.0,0.65687805
1.0,0.56080216
1.0,0.48936924
1.0,0.38945907
1.0,0.6329576
1.0,0.5814982
1.0,0.60698545
1.0,0.50855047
1.0,0.46516827
1.0,0.5990334
1.0,0.51187325
1.0,0.48374736
1.0,0.57080644
1.0,0.5670539
1.0,0.6473816
1.0,0.55249846
1.0,0.6347904
1.0,0.64253736
1.0,0.5587853
1.0,0.49344212
1.0,0.5379709
1.0,0.5173671
1.0,0.5272866
1.0,0.20727971
1.0,0.98228365
1.0,0.55197567
1.0,0.6100525
1.0,0.65655106
1.0,0.57041883
1.0,0.45509836
1.0,0.46104434
1.0,0.6054636
1.0,0.55386895
1.0,0.6653411
1.0,0.60583216
1.0,0.59976774
1.0,0.51400614
1.0,0.58587325
1.0,0.56477064
1.0,0.6328739
1.0,0.5633512
1.0,0.5682784
1.0,0.63691145
1.0,0.6030076
1.0,0.53763753
1.0,0.5630299
1.0,0.52528775
1.0,0.43033385
1.0,0.5151376
1.0,0.5176491
1.0,0.5802682
1.0,0.5596512
1.0,0.6337236
1.0,0.5416868
1.0,0.57956785
1.0,0.53557116
1.0,0.57611626
1.0,0.72798276
1.0,0.6221508
1.0,0.6521249
1.0,0.5527824
1.0,0.5277797
1.0,0.50250554
1.0,0.42349946
1.0,0.58608776
1.0,0.537195
1.0,0.6113434
1.0,0.574353
1.0,0.63737583
1.0,0.6994623
1.0,0.5043983
1.0,0.5560128
1.0,0.53208375
1.0,0.50968224
1.0,0.9037744
1.0,0.5256037
1.0,0.99980706
1.0,0.6204957
1.0,0.58283955
1.0,0.5989215
1.0,0.56135875
1.0,0.46104434
1.0,0.63824993
1.0,0.40156662
1.0,0.5794352
1.0,0.4624914
1.0,0.6408158
1.0,0.6249323
1.0,0.46899706
1.0,0.56047386
1.0,0.55374753
1.0,0.55561525
1.0,0.52761954
1.0,0.49587896
1.0,0.5545325
1.0,0.6924343
1.0,0.51565415
1.0,0.63006324
1.0,0.62209845
1.0,0.50120574
1.0,0.6886031
1.0,0.5744653
1.0,0.5196921
1.0,0.56370366
1.0,0.58104354
1.0,0.19469775
1.0,0.53611416
1.0,0.6074128
1.0,0.5139786
1.0,0.55128324
1.0,0.5439056
1.0,0.42660087
1.0,0.47074446
1.0,0.48106924
1.0,0.6011821
1.0,0.59560955
1.0,0.47115734
1.0,0.5102863
1.0,0.49151006
1.0,0.4941619
1.0,0.541443
1.0,0.49153402
1.0,0.48894453
1.0,0.6052995
1.0,0.58519036
1.0,0.60065144
1.0,0.6039037
1.0,0.5621662
1.0,0.56309694
1.0,0.58344513
1.0,0.60981673
1.0,0.5351545
1.0,0.57632005
1.0,0.90758663
1.0,0.53580046
1.0,0.5384674
1.0,0.5117284
1.0,0.5939509
1.0,0.55341494
1.0,0.45925596
1.0,0.5110184
1.0,0.6995924
1.0,0.49418554
1.0,0.62209797
1.0,0.5837653
1.0,0.6119675
1.0,0.6124835
1.0,0.6139132
1.0,0.44114915
1.0,0.54913384
1.0,0.51617235
1.0,0.5421121
1.0,0.5002101
1.0,0.56402487
1.0,0.6163818
1.0,0.5446802
1.0,0.54199827
1.0,0.5842443
1.0,0.5700226
1.0,0.5601978
1.0,0.58793813
1.0,0.30949664
1.0,0.5953805
1.0,0.13868992
1.0,0.59668165
1.0,0.4543111
1.0,0.5426956
1.0,0.47755033
1.0,0.5263924
1.0,0.77477527
1.0,0.53013486
1.0,0.60894585
1.0,0.5201365
1.0,0.44325233
1.0,0.6254822
1.0,0.6719187
1.0,0.62417424
1.0,0.6131971
1.0,0.5854888
1.0,0.51893765
1.0,0.5015044
1.0,0.625032
1.0,0.64905465
1.0,0.50912815
1.0,0.59524786
1.0,0.5512808
1.0,0.61928904
1.0,0.551595
1.0,0.3667116
1.0,0.58118993
1.0,0.3229679
1.0,0.5257457
1.0,0.5586177
1.0,0.61839753
1.0,0.63226354
1.0,0.59192514
1.0,0.5220235
1.0,0.4652703
1.0,0.54877716
1.0,0.21953514
1.0,0.64751697
1.0,0.58304864
1.0,0.5548101
1.0,0.49497637
1.0,0.48331463
1.0,0.55640537
1.0,0.58449733
1.0,0.46844602
1.0,0.50577635
1.0,0.59548163
1.0,0.5995456
1.0,0.5020147
1.0,0.45562682
1.0,0.6774238
1.0,0.4757045
1.0,0.53770393
1.0,0.58927584
1.0,0.5849449
1.0,0.61922896
1.0,0.5798477
1.0,0.50067073
1.0,0.5488389
1.0,0.5704761
1.0,0.58275914
1.0,0.5308045
1.0,0.5734909
1.0,0.5778602
1.0,0.5260606
1.0,0.5651238
1.0,0.54813737
1.0,0.54025406
1.0,0.47840598
1.0,0.41253674
1.0,0.6300664
1.0,0.6150591
1.0,0.46104434
1.0,0.6118524
1.0,0.4938826
1.0,0.58494246
1.0,0.6221012
1.0,0.49105316
1.0,0.47122654
1.0,0.63350517
1.0,0.3465572
1.0,0.53782934
1.0,0.5054691
1.0,0.6040406
1.0,0.52062845
1.0,0.43061185
1.0,0.55890304
1.0,0.46478042
1.0,0.565457
1.0,0.4295524
1.0,0.6048609
1.0,0.582191
1.0,0.5431218
1.0,0.6044747
1.0,0.5463322
1.0,0.46598065
1.0,0.587595
1.0,0.60397667
1.0,0.506649
1.0,0.5525054
1.0,0.58569497
1.0,0.5279611
1.0,0.30770335
1.0,0.54822123
1.0,0.511099
1.0,0.5698186
1.0,0.59908944
1.0,0.5370462
1.0,0.5472062
1.0,0.50268847
1.0,0.5677365
1.0,0.5491635
1.0,0.50319445
1.0,0.5724024
1.0,0.4897772
1.0,0.5818624
1.0,0.530713
1.0,0.45876873
1.0,0.6710811
1.0,0.61034876
1.0,0.5467025
1.0,0.5775282
1.0,0.54565614
1.0,0.57362074
1.0,0.52654725
1.0,0.53116536
1.0,0.5930349
1.0,0.498691
1.0,0.604496
1.0,0.5482835
1.0,0.5234612
1.0,0.44015566
1.0,0.080761
1.0,0.5354308
1.0,0.9065405
1.0,0.48886076
1.0,0.48559263
1.0,0.56012416
1.0,0.64708906
1.0,0.89041775
1.0,0.52337855
1.0,0.55875576
1.0,0.4956973
1.0,0.51984644
1.0,0.20750564
1.0,0.6195557
1.0,0.59144247
1.0,0.58738285
1.0,0.61475754
1.0,0.5535062
1.0,0.6292175
1.0,0.5776155
1.0,0.53913385
1.0,0.5171588
1.0,0.56845045
1.0,0.5265805
1.0,0.5130763
1.0,0.5962765
1.0,0.52817684
1.0,0.5681356
1.0,0.5613692
1.0,0.68646437
1.0,0.58646756
1.0,0.58479816
1.0,0.6011325
1.0,0.8625178
1.0,0.5182447
1.0,0.5587444
1.0,0.45079407
1.0,0.60997653
1.0,0.5444456
1.0,0.4998919
1.0,0.57867384
1.0,0.543255
1.0,0.52606183
1.0,0.42707452
1.0,0.55274564
1.0,0.6167349
1.0,0.5482826
1.0,0.5128303
1.0,0.585657
1.0,0.57359993
1.0,0.6012353
1.0,0.4787297
1.0,0.58095926
1.0,0.61022973
1.0,0.46104434
1.0,0.5950292
1.0,0.514263
1.0,0.63033307
1.0,0.5376194
1.0,0.5410898
1.0,0.5028037
1.0,0.6179009
1.0,0.46104434
1.0,0.5766227
1.0,0.56585395
1.0,0.5776335
1.0,0.5435987
1.0,0.4059696
1.0,0.560887
1.0,0.57963634
1.0,0.6022623
1.0,0.6170125
1.0,0.5756109
1.0,0.60570925
1.0,0.46032858
1.0,0.58473223
1.0,0.5993003
1.0,0.6548816
1.0,0.5459148
1.0,0.55740446
1.0,0.6425193
1.0,0.62250656
1.0,0.6134401
1.0,0.66308224
1.0,0.59455925
1.0,0.56798613
1.0,0.55936813
1.0,0.5911935
1.0,0.574512
1.0,0.65692985
1.0,0.5491489
1.0,0.49001488
1.0,0.5497929
1.0,0.5692985
1.0,0.5534991
1.0,0.5966942
1.0,0.5714327
1.0,0.5824319
1.0,0.6860174
1.0,0.9495958
1.0,0.528261
1.0,0.44508618
1.0,0.43624753
1.0,0.59221965
1.0,0.5979083
1.0,0.5959965
1.0,0.6066772
1.0,0.5829458
1.0,0.62001354
1.0,0.65852356
1.0,0.58883756
1.0,0.574172
1.0,0.5246545
1.0,0.45410484
1.0,0.5977606
1.0,0.68637323
1.0,0.52204216
1.0,0.5157113
1.0,0.9655155
1.0,0.51005965
1.0,0.48753923
1.0,0.64042056
1.0,0.6585788
1.0,0.501339
1.0,0.57782215
1.0,0.5989888
1.0,0.49792004
1.0,0.5954667
1.0,0.5927735
1.0,0.38074005
1.0,0.50185645
1.0,0.5232276
1.0,0.632272
1.0,0.6223322
1.0,0.5848129
1.0,0.57606065
1.0,0.81883353
1.0,0.6134003
1.0,0.58763075
1.0,0.5576405
1.0,0.67795104
1.0,0.5798447
1.0,0.7445171
1.0,0.54427445
1.0,0.5447794
1.0,0.49428654
1.0,0.5412636
1.0,0.5607437
1.0,0.5250797
1.0,0.55443937
1.0,0.5024779
1.0,0.62083304
1.0,0.50807977
1.0,0.5985121
1.0,0.6140565
1.0,0.54281497
1.0,0.5078406
1.0,0.5483151
1.0,0.6154031
1.0,0.5313065
1.0,0.44457775
1.0,0.6367841
1.0,0.4819333
1.0,0.41855288
1.0,0.5950828
1.0,0.51210827
1.0,0.52440673
1.0,0.56522506
1.0,0.5823664
1.0,0.5664835
1.0,0.59468263
1.0,0.6304469
1.0,0.5252471
1.0,0.4635375
1.0,0.5310426
1.0,0.559042
1.0,0.5251617
1.0,0.7501186
1.0,0.59110254
1.0,0.5743057
1.0,0.40698764
1.0,0.5697717
1.0,0.57726043
1.0,0.56765544
1.0,0.576045
1.0,0.6682029
1.0,0.57788485
1.0,0.5289001
1.0,0.3188061
1.0,0.59686804
1.0,0.49484158
1.0,0.6069024
1.0,0.45542333
1.0,0.6173688
1.0,0.56137884
1.0,0.5508649
1.0,0.53571457
1.0,0.6073511
1.0,0.6108752
1.0,0.59549093
1.0,0.5940981
1.0,0.55717725
1.0,0.5927912
1.0,0.5247477
1.0,0.5835759
1.0,0.53701085
1.0,0.5590119
1.0,0.3663741
1.0,0.51590574
1.0,0.6197227
1.0,0.5891151
1.0,0.65715647
1.0,0.45942068
1.0,0.6420761
1.0,0.9782261
1.0,0.554049
1.0,0.6909278
1.0,0.57383496
1.0,0.4631413
1.0,0.695897
1.0,0.5460509
1.0,0.56695706
1.0,0.6046821
1.0,0.6315669
1.0,0.57057494
1.0,0.59199345
1.0,0.43510365
1.0,0.65289766
1.0,0.6156113
1.0,0.6116366
1.0,0.13558993
1.0,0.5532555
1.0,0.5553938
1.0,0.5251414
1.0,0.5584073
1.0,0.5276559
1.0,0.7803141
1.0,0.6516758
1.0,0.5070169
1.0,0.5425748
1.0,0.55616045
1.0,0.8439122
1.0,0.5179171
1.0,0.5809784
1.0,0.4737543
1.0,0.6031187
1.0,0.55483574
1.0,0.5170821
1.0,0.5076179
1.0,0.45698702
1.0,0.58446485
1.0,0.57965684
1.0,0.9613322
1.0,0.60550904
1.0,0.50888944
1.0,0.6102409
1.0,0.5304442
1.0,0.5716235
1.0,0.5387191
1.0,0.6378345
1.0,0.5708723
1.0,0.6040515
1.0,0.5639189
1.0,0.6402547
1.0,0.51463175
1.0,0.53536224
1.0,0.5248164
1.0,0.37117326
1.0,0.5748763
1.0,0.6133605
1.0,0.5615775
1.0,0.5517025
1.0,0.5358865
1.0,0.60258234
1.0,0.57580006
1.0,0.60670596
1.0,0.4821292
1.0,0.5579811
1.0,0.5849563
1.0,0.49586466
1.0,0.59526455
1.0,0.66609865
1.0,0.60364074
1.0,0.4405435
1.0,0.5495943
1.0,0.5781334
1.0,0.57030725
1.0,0.5067312
1.0,0.6166606
1.0,0.59663785
1.0,0.67373234
1.0,0.55957115
1.0,0.5371466
1.0,0.51514345
1.0,0.5937278
1.0,0.47714674
1.0,0.5178086
1.0,0.54237694
1.0,0.62902963
1.0,0.47534493
1.0,0.5552923
1.0,0.61491627
1.0,0.5900497
1.0,0.56323576
1.0,0.5561596
1.0,0.608033
1.0,0.56380314
1.0,0.5471385
1.0,0.9390802
1.0,0.4767234
1.0,0.6083046
1.0,0.6377095
1.0,0.667385
1.0,0.5580915
1.0,0.56330204
1.0,0.6822167
1.0,0.61203355
1.0,0.6636754
1.0,0.5210903
1.0,0.4608976
1.0,0.57036954
1.0,0.78495395
1.0,0.5035605
1.0,0.54636186
1.0,0.66381854
1.0,0.55945
1.0,0.561594
1.0,0.66967165
1.0,0.55263776
1.0,0.5540188
1.0,0.5335677
1.0,0.15067999
1.0,0.5154157
1.0,0.56027216
1.0,0.58795255
1.0,0.5119579
1.0,0.6535823
1.0,0.43154728
1.0,0.4098125
1.0,0.5806519
1.0,0.6083066
1.0,0.5713635
1.0,0.5605185
1.0,0.5554358
1.0,0.5564891
1.0,0.59760296
1.0,0.6012194
1.0,0.2579831
1.0,0.7612103
1.0,0.55000025
1.0,0.5528056
1.0,0.56753594
1.0,0.60728407
1.0,0.639033
1.0,0.5585204
1.0,0.64711344
1.0,0.5052891
1.0,0.53859013
1.0,0.56865644
1.0,0.4719596
1.0,0.55345124
1.0,0.40154794
1.0,0.54083866
1.0,0.5742172
1.0,0.66588485
1.0,0.9984413
1.0,0.5920772
1.0,0.3554495
1.0,0.5857581
1.0,0.5615135
1.0,0.5071122
1.0,0.58223486
1.0,0.62235236
1.0,0.4118681
1.0,0.6907773
1.0,0.5065797
1.0,0.59690213
1.0,0.49803874
1.0,0.6502987
1.0,0.45498425
1.0,0.9068742
1.0,0.7105607
1.0,0.45134315
1.0,0.5511006
1.0,0.59581435
1.0,0.6752286
1.0,0.6205336
1.0,0.047062516
1.0,0.65786356
1.0,0.7968975
1.0,0.5779317
1.0,0.4439857
1.0,0.58081126
1.0,0.38891214
1.0,0.4787394
1.0,0.4640644
1.0,0.36771733
1.0,0.65950507
1.0,0.6299334
1.0,0.5349036
1.0,0.52051723
1.0,0.5419715
1.0,0.6907415
1.0,0.25992155
1.0,0.51608855
1.0,0.5428786
1.0,0.585975
1.0,0.6199622
1.0,0.5782415
1.0,0.6115429
1.0,0.4871929
1.0,0.53413326
1.0,0.46042457
1.0,0.58163875
1.0,0.48004925
1.0,0.6198387
1.0,0.5672062
1.0,0.46104434
1.0,0.42364413
1.0,0.6114568
1.0,0.5323242
1.0,0.45888773
1.0,0.6310249
1.0,0.107562415
1.0,0.6267137
1.0,0.99732214
1.0,0.81139034
1.0,0.6217646
1.0,0.5934601
1.0,0.47123474
1.0,0.54726905
1.0,0.5251152
1.0,0.51276416
1.0,0.6753791
1.0,0.5945468
1.0,0.50151885
1.0,0.52763915
1.0,0.43502527
1.0,0.590484
1.0,0.5791336
1.0,0.49095365
1.0,0.60667926
1.0,0.50113654
1.0,0.60411483
1.0,0.5687369
1.0,0.5895119
1.0,0.59493476
1.0,0.57956016
1.0,0.48721653
1.0,0.62878215
1.0,0.476905
1.0,0.41440392
1.0,0.3636991
1.0,0.5136068
1.0,0.5810468
1.0,0.5905928
1.0,0.35593796
1.0,0.6227266
1.0,0.51759714
1.0,0.464872
1.0,0.5432276
1.0,0.6515068
1.0,0.936552
1.0,0.5404817
1.0,0.52358526
1.0,0.58769786
1.0,0.60728514
1.0,0.44213063
1.0,0.5461992
1.0,0.63829285
1.0,0.5752644
1.0,0.47290125
1.0,0.5603837
1.0,0.60984683
1.0,0.557897
1.0,0.67544997
1.0,0.4492394
1.0,0.09854074
1.0,0.60753626
1.0,0.48563924
1.0,0.53549844
1.0,0.6970702
1.0,0.62929577
1.0,0.58435726
1.0,0.5988616
1.0,0.44105422
1.0,0.50149405
1.0,0.51167786
1.0,0.48536488
1.0,0.9647151
1.0,0.65155786
1.0,0.43919608
1.0,0.5366594
1.0,0.6165769
1.0,0.52651554
1.0,0.5196124
1.0,0.5940392
1.0,0.49811515
1.0,0.5677313
1.0,0.5829091
1.0,0.618017
1.0,0.49795893
1.0,0.45852584
1.0,0.9082408
1.0,0.5315061
1.0,0.5514385
1.0,0.56119466
1.0,0.4137621
1.0,0.5306328
1.0,0.5480218
1.0,0.529721
1.0,0.5924663
1.0,0.5695218
1.0,0.4905365
1.0,0.5268868
1.0,0.50707525
1.0,0.6182011
1.0,0.5808089
1.0,0.6745222
1.0,0.49506587
1.0,0.5564179
1.0,0.5030565
1.0,0.5093877
1.0,0.88268745
1.0,0.59345025
1.0,0.5435407
1.0,0.49828133
1.0,0.86793274
1.0,0.6115833
1.0,0.5680903
1.0,0.61683273
1.0,0.5696123
1.0,0.60536885
1.0,0.531378
1.0,0.53933823
1.0,0.5730279
1.0,0.6030147
1.0,0.58953005
1.0,0.34325004
1.0,0.5045485
1.0,0.6230019
1.0,0.55926377
1.0,0.4573112
1.0,0.5823801
1.0,0.5814967
1.0,0.5218899
1.0,0.50949603
1.0,0.19379362
1.0,0.6465627
1.0,0.5533546
1.0,0.4304
1.0,0.5502791
1.0,0.5408686
1.0,0.63028455
1.0,0.5669541
1.0,0.52601373
1.0,0.51458937
1.0,0.60596997
1.0,0.45275003
1.0,0.6062993
1.0,0.4817889
1.0,0.5268626
1.0,0.5939872
1.0,0.5266133
1.0,0.53588855
1.0,0.49693713
1.0,0.5795409
1.0,0.5273807
1.0,0.5437729
1.0,0.55154806
1.0,0.6361801
1.0,0.50222456
1.0,0.49975193
1.0,0.6565495
1.0,0.5649203
1.0,0.55564314
1.0,0.58881414
1.0,0.7044493
1.0,0.5917129
1.0,0.6408269
1.0,0.62625825
1.0,0.5822667
1.0,0.47297078
1.0,0.6642516
1.0,0.56002665
1.0,0.5956277
1.0,0.52961344
1.0,0.66085607
1.0,0.51257557
1.0,0.60223114
1.0,0.61606914
1.0,0.5585745
1.0,0.5320015
1.0,0.6259619
1.0,0.4446924
1.0,0.5999962
1.0,0.5440568
1.0,0.49804193
1.0,0.5817778
1.0,0.51761013
1.0,0.6155788
1.0,0.5398526
1.0,0.57567245
1.0,0.9906974
1.0,0.53182787
1.0,0.5454941
1.0,0.65743935
1.0,0.5293856
1.0,0.6059215
1.0,0.54942125
1.0,0.5707047
1.0,0.5353254
1.0,0.5190901
1.0,0.6801549
1.0,0.6395586
1.0,0.6042811
1.0,0.5250655
1.0,0.6510042
1.0,0.58277184
1.0,0.49952665
1.0,0.6387902
1.0,0.5339782
1.0,0.493849
1.0,0.5819637
1.0,0.6163169
1.0,0.5523541
1.0,0.57556623
1.0,0.68058175
1.0,0.99920505
1.0,0.5178414
1.0,0.5494708
1.0,0.6216426
1.0,0.62795097
1.0,0.46312964
1.0,0.5283185
1.0,0.60052156
1.0,0.51929086
1.0,0.5892548
1.0,0.8991843
1.0,0.45095438
1.0,0.61191577
1.0,0.56496245
1.0,0.5271363
1.0,0.52067447
1.0,0.5685347
1.0,0.65786594
1.0,0.49810866
1.0,0.65443206
1.0,0.60058284
1.0,0.54694647
1.0,0.5172972
1.0,0.5771258
1.0,0.6820066
1.0,0.55477804
1.0,0.55282533
1.0,0.56699586
1.0,0.588217
1.0,0.48112595
1.0,0.4972103
1.0,0.5764468
1.0,0.5612823
1.0,0.6070769
1.0,0.5413865
1.0,0.104801685
1.0,0.6125498
1.0,0.48273635
1.0,0.64358836
1.0,0.54641616
1.0,0.6450091
1.0,0.6774828
1.0,0.61152637
1.0,0.5111754
1.0,0.45569354
1.0,0.49959347
1.0,0.3238769
1.0,0.54774296
1.0,0.578738
1.0,0.5716307
1.0,0.552789
1.0,0.5194084
1.0,0.6547535
1.0,0.5395608
1.0,0.6064207
1.0,0.5827675
1.0,0.52695274
1.0,0.5450679
1.0,0.54456085
1.0,0.47868848
1.0,0.51988786
1.0,0.7013059
1.0,0.46254545
1.0,0.987833
1.0,0.61988395
1.0,0.4831115
1.0,0.7743051
1.0,0.4958929
1.0,0.5917583
1.0,0.58583164
1.0,0.58476734
1.0,0.6288987
1.0,0.6218719
1.0,0.60324997
1.0,0.46104434
1.0,0.49487206
1.0,0.55864537
1.0,0.5559182
1.0,0.57123935
1.0,0.59385145
1.0,0.30811432
1.0,0.6078663
1.0,0.4812855
1.0,0.51868814
1.0,0.44305274
1.0,0.56503963
1.0,0.5939152
1.0,0.47558728
1.0,0.6032725
1.0,0.63593364
1.0,0.49903733
1.0,0.5087126
1.0,0.6398166
1.0,0.5831334
1.0,0.53707165
1.0,0.6364548
1.0,0.5887903
1.0,0.94103205
1.0,0.6829986
1.0,0.58080447
1.0,0.66872776
1.0,0.49949613
1.0,0.4197526
1.0,0.53460795
1.0,0.5073558
1.0,0.59106255
1.0,0.5476366
1.0,0.52029055
1.0,0.58646625
1.0,0.52270174
1.0,0.6099789
1.0,0.56923795
1.0,0.7741142
1.0,0.9885461
1.0,0.55930305
1.0,0.5963421
1.0,0.5668505
1.0,0.5123845
1.0,0.38902453
1.0,0.54389197
1.0,0.61369294
1.0,0.5536472
1.0,0.6123918
1.0,0.455372
1.0,0.18190208
1.0,0.5286088
1.0,0.40723103
1.0,0.44835514
1.0,0.6675711
1.0,0.9834917
1.0,0.6184947
1.0,0.51713204
1.0,0.5462991
1.0,0.5609077
1.0,0.5461495
1.0,0.5931529
1.0,0.6459168
1.0,0.4940434
1.0,0.5546368
1.0,0.4475899
1.0,0.52569234
1.0,0.54132557
1.0,0.636013
1.0,0.55544597
1.0,0.49166065
1.0,0.5746639
1.0,0.5516257
1.0,0.60223556
1.0,0.48544797
1.0,0.51046145
1.0,0.6506662
1.0,0.8528806
1.0,0.4267494
1.0,0.5543859
1.0,0.588807
1.0,0.56671107
1.0,0.54728425
1.0,0.56688553
1.0,0.5426682
1.0,0.57306695
1.0,0.6781556
1.0,0.46104434
1.0,0.3949885
1.0,0.45424652
1.0,0.501955
1.0,0.6256981
1.0,0.56756043
1.0,0.56058794
1.0,0.6003269
1.0,0.64394504
1.0,0.55015236
1.0,0.43791556
1.0,0.20933701
1.0,0.497874
1.0,0.6031148
1.0,0.8439405
1.0,0.5555471
1.0,0.44344592
1.0,0.8695407
1.0,0.62351376
1.0,0.565956
1.0,0.5057419
1.0,0.5097853
1.0,0.58095556
1.0,0.5641391
1.0,0.5908668
1.0,0.43598697
1.0,0.5318693
1.0,0.4732823
1.0,0.44256055
1.0,0.5867468
1.0,0.69744503
1.0,0.46104434
1.0,0.6614758
1.0,0.5912534
1.0,0.56050324
1.0,0.62557846
1.0,0.48906013
1.0,0.49754885
1.0,0.5598459
1.0,0.35976583
1.0,0.5135096
1.0,0.8895243
1.0,0.5196902
1.0,0.5432801
1.0,0.5780851
1.0,0.59981656
1.0,0.59177697
1.0,0.52950114
1.0,0.59776896
1.0,0.8439501
1.0,0.80846906
1.0,0.5361771
1.0,0.6144367
1.0,0.6310326
1.0,0.61148214
1.0,0.58867997
1.0,0.61764467
1.0,0.59484196
1.0,0.58484614
1.0,0.5634482
1.0,0.5391033
1.0,0.5674439
1.0,0.9070771
1.0,0.5963644
1.0,0.5774796
1.0,0.5844014
1.0,0.018339194
1.0,0.576111
1.0,0.584977
1.0,0.6425983
1.0,0.6110296
1.0,0.63389266
1.0,0.600489
1.0,0.6083232
1.0,0.59525347
1.0,0.6060683
1.0,0.65588737
1.0,0.57471114
1.0,0.3955492
1.0,0.653156
1.0,0.5226747
1.0,0.5894324
1.0,0.5516703
1.0,0.53013366
1.0,0.55067223
1.0,0.99996924
1.0,0.77115756
1.0,0.6825571
1.0,0.5598887
1.0,0.62473756
1.0,0.6464391
1.0,0.58334327
1.0,0.5074793
1.0,0.68247837
1.0,0.59060514
1.0,0.86835647
1.0,0.4078687
1.0,0.56392
1.0,0.5548314
1.0,0.5294418
1.0,0.53210706
1.0,0.4262656
1.0,0.5500541
1.0,0.58971536
1.0,0.54930526
1.0,0.54535353
1.0,0.53417027
1.0,0.4864083
1.0,0.33212152
1.0,0.78115076
1.0,0.5919735
1.0,0.5014537
1.0,0.64341384
1.0,0.56455725
1.0,0.514802
1.0,0.5951929
1.0,0.56015843
1.0,0.5898125
1.0,0.57554
1.0,0.51043683
1.0,0.5648899
1.0,0.63761204
1.0,0.36576027
1.0,0.49287063
1.0,0.3754793
1.0,0.63348246
1.0,0.6095662
1.0,0.5410425
1.0,0.5516845
1.0,0.041504316
1.0,0.40357932
1.0,0.40992185
1.0,0.5678049
1.0,0.6022333
1.0,0.5332735
1.0,0.6322255
1.0,0.5133401
1.0,0.4896628
1.0,0.46104434
1.0,0.59571576
1.0,0.4951062
1.0,0.5386611
1.0,0.5367976
1.0,0.5888587
1.0,0.58477414
1.0,0.6162789
1.0,0.6057299
1.0,0.44659698
1.0,0.5925434
1.0,0.46104434
1.0,0.5162361
1.0,0.5902681
1.0,0.4729487
1.0,0.57637554
1.0,0.9082802
1.0,0.6956027
1.0,0.5545804
1.0,0.53115875
1.0,0.61191225
1.0,0.46722594
1.0,0.55855584
1.0,0.5781033
1.0,0.61183983
1.0,0.6596754
1.0,0.5897355
1.0,0.6185178
1.0,0.62682533
1.0,0.4581074
1.0,0.50947046
1.0,0.6210551
1.0,0.6624592
1.0,0.63539064
1.0,0.57447875
1.0,0.49879307
1.0,0.53385127
1.0,0.5693862
1.0,0.6762334
1.0,0.4938173
1.0,0.62237775
1.0,0.55433285
1.0,0.5116027
1.0,0.5084392
1.0,0.5134717
1.0,0.60473615
1.0,0.56089747
1.0,0.5657139
1.0,0.57257617
1.0,0.94722044
1.0,0.45944387
1.0,0.63134575
1.0,0.4367527
1.0,0.046242107
1.0,0.50236654
1.0,0.4948145
1.0,0.63068116
1.0,0.6080152
1.0,0.55781007
1.0,0.53147
1.0,0.6249375
1.0,0.6247035
1.0,0.61371475
1.0,0.5954791
1.0,0.3953413
1.0,0.45192772
1.0,0.5356333
1.0,0.5032207
1.0,0.49466124
1.0,0.5122688
1.0,0.55040765
1.0,0.6333265
1.0,0.4670678
1.0,0.52672887
1.0,0.4719383
1.0,0.5981293
1.0,0.62095124
1.0,0.63035995
1.0,0.6406411
1.0,0.65204746
1.0,0.073642656
1.0,0.4537564
1.0,0.93276757
1.0,0.6126715
1.0,0.5704349
1.0,0.57378376
1.0,0.46104434
1.0,0.6649941
1.0,0.4098168
1.0,0.6448906
1.0,0.55177534
1.0,0.43944553
1.0,0.6035963
1.0,0.46227893
1.0,0.57341063
1.0,0.44493967
1.0,0.4943323
1.0,0.37720156
1.0,0.5140462
1.0,0.5471183
1.0,0.9975702
1.0,0.6329955
1.0,0.6174454
1.0,0.55630726
1.0,0.5990051
1.0,0.5590731
1.0,0.46838424
1.0,0.56031764
1.0,0.560098
1.0,0.47624856
1.0,0.51312256
1.0,0.602819
1.0,0.51988006
1.0,0.6894708
1.0,0.6432544
1.0,0.4395313
1.0,0.59418404
1.0,0.51981723
1.0,0.5847473
1.0,0.53966314
1.0,0.52430564
1.0,0.52362555
1.0,0.5743633
1.0,0.5528116
1.0,0.5099037
1.0,0.54427665
1.0,0.54047006
1.0,0.54099995
1.0,0.5186903
1.0,0.74794984
1.0,0.54515123
1.0,0.6714177
1.0,0.4791023
1.0,0.3966936
1.0,0.52711153
1.0,0.5012085
1.0,0.6080137
1.0,0.4852235
1.0,0.8789855
1.0,0.62218595
1.0,0.5225406
1.0,0.47081843
1.0,0.56473535
1.0,0.42565915
1.0,0.50949025
1.0,0.5202109
1.0,0.5712222
1.0,0.5803158
1.0,0.5119225
1.0,0.5528528
1.0,0.37996772
1.0,0.44712496
1.0,0.9745882
1.0,0.47763425
1.0,0.6346607
1.0,0.88456935
1.0,0.4637643
1.0,0.5204587
1.0,0.60802895
1.0,0.57165223
1.0,0.532589
1.0,0.5191385
1.0,0.53724045
1.0,0.60948026
1.0,0.6469602
1.0,0.47059625
1.0,0.5881643
1.0,0.49758357
1.0,0.46032286
1.0,0.45905823
1.0,0.5230395
1.0,0.48613143
1.0,0.107216984
1.0,0.6496105
1.0,0.5769485
1.0,0.56619865
1.0,0.5673619
1.0,0.5627407
1.0,0.5888443
1.0,0.6165289
1.0,0.692712
1.0,0.5554165
1.0,0.4504501
1.0,0.6511507
1.0,0.66042984
1.0,0.43205824
1.0,0.5192343
1.0,0.5349389
1.0,0.5173048
1.0,0.64114314
1.0,0.55985886
1.0,0.50628906
1.0,0.44780838
1.0,0.5806366
1.0,0.50318414
1.0,0.54625434
1.0,0.5336639
1.0,0.5580606
1.0,0.6669038
1.0,0.56204116
1.0,0.5924208
1.0,0.16950318
1.0,0.5028899
1.0,0.57698554
1.0,0.48364902
1.0,0.5665982
1.0,0.44731742
1.0,0.57829714
1.0,0.56204206
1.0,0.73590904
1.0,0.4183547
1.0,0.47613567
1.0,0.5275289
1.0,0.97558856
1.0,0.54145867
1.0,0.6205338
1.0,0.52594846
1.0,0.5885859
1.0,0.62073123
1.0,0.5717546
1.0,0.6381567
1.0,0.6025159
1.0,0.65594715
1.0,0.5111175
1.0,0.795199
1.0,0.55315876
1.0,0.46413043
1.0,0.47288558
1.0,0.5191016
1.0,0.31598908
1.0,0.5657614
1.0,0.5165175
1.0,0.58511627
1.0,0.5110106
1.0,0.6667595
1.0,0.44516554
1.0,0.64590275
1.0,0.5472737
1.0,0.4358424
1.0,0.60471785
1.0,0.5850325
1.0,0.59034926
1.0,0.63919556
1.0,0.45469904
1.0,0.57888335
1.0,0.61176366
1.0,0.47516933
1.0,0.64036506
1.0,0.55589086
1.0,0.59002703
1.0,0.875601
1.0,0.53912646
1.0,0.5605702
1.0,0.5844374
1.0,0.6279749
1.0,0.57556605
1.0,0.59162027
1.0,0.2699699
1.0,0.92201483
1.0,0.5798031
1.0,0.49380928
1.0,0.5912662
1.0,0.5358307
1.0,0.48601177
1.0,0.63006467
1.0,0.9996817
1.0,0.49457678
1.0,0.99385566
1.0,0.56574166
1.0,0.46989143
1.0,0.554683
1.0,0.43498787
1.0,0.6080634
1.0,0.8607913
1.0,0.5827592
1.0,0.5740256
1.0,0.5143678
1.0,0.0765127
1.0,0.6344603
1.0,0.5340034
1.0,0.5031048
1.0,0.901416
1.0,0.6604698
1.0,0.5615394
1.0,0.5707021
1.0,0.5959311
1.0,0.537935
1.0,0.5653545
1.0,0.81003934
1.0,0.58765554
1.0,0.50743484
1.0,0.37940773
1.0,0.60875154
1.0,0.4713898
1.0,0.63616663
1.0,0.48898607
1.0,0.45042664
1.0,0.46108606
1.0,0.5570911
1.0,0.5160834
1.0,0.56585276
1.0,0.46104434
1.0,0.3944196
1.0,0.5165451
1.0,0.63560045
1.0,0.50401556
1.0,0.58754367
1.0,0.609694
1.0,0.7993107
1.0,0.55906
1.0,0.0110753095
1.0,0.6094449
1.0,0.66354483
1.0,0.57865274
1.0,0.90863585
1.0,0.52942437
1.0,0.5663671
1.0,0.50961536
1.0,0.5263292
1.0,0.75595284
1.0,0.48907554
1.0,0.019850869
1.0,0.56917393
1.0,0.5773995
1.0,0.999742
1.0,0.7873303
1.0,0.47892976
1.0,0.5899039
1.0,0.4612571
1.0,0.5705724
1.0,0.62695664
1.0,0.43765843
1.0,0.55360043
1.0,0.5647802
1.0,0.46331373
1.0,0.6180605
1.0,0.5684157
1.0,0.47495162
1.0,0.5259947
1.0,0.59230113
1.0,0.5511585
1.0,0.48252448
1.0,0.5725679
1.0,0.4457384
1.0,0.66001517
1.0,0.5949886
1.0,0.5280254
1.0,0.74067956
1.0,0.59385175
1.0,0.4930903
1.0,0.63049
1.0,0.5702803
1.0,0.5422126
1.0,0.45248282
1.0,0.563154
1.0,0.6057472
1.0,0.5803302
1.0,0.5193443
1.0,0.11934163
1.0,0.7214119
1.0,0.5922862
1.0,0.56047505
1.0,0.5470066
1.0,0.61487854
1.0,0.5778994
1.0,0.564879
1.0,0.51694536
1.0,0.52788234
1.0,0.51316255
1.0,0.594839
1.0,0.50959015
1.0,0.6031564
1.0,0.4555911
1.0,0.47040012
1.0,0.02585932
1.0,0.5626184
1.0,0.6364926
1.0,0.6773064
1.0,0.5194661
1.0,0.4766223
1.0,0.35532743
1.0,0.50303227
1.0,0.45220977
1.0,0.60861254
1.0,0.58546597
1.0,0.4783081
1.0,0.5883957
1.0,0.5605563
1.0,0.54757637
1.0,0.5382888
1.0,0.46411142
1.0,0.48466137
1.0,0.62133247
1.0,0.5369981
1.0,0.58169705
1.0,0.46104434
1.0,0.60054386
1.0,0.54815674
1.0,0.3922415
1.0,0.5470151
1.0,0.63333946
1.0,0.5802509
1.0,0.59726125
1.0,0.5567833
1.0,0.7473894
1.0,0.3459726
1.0,0.045415144
1.0,0.5260794
1.0,0.47980917
1.0,0.61766
1.0,0.17084053
1.0,0.5531976
1.0,0.48401964
1.0,0.23677845
1.0,0.5216044
1.0,0.621494
1.0,0.8004495
1.0,0.8423517
1.0,0.60500276
1.0,0.94289076
1.0,0.51845515
1.0,0.5272371
1.0,0.593948
1.0,0.5230319
1.0,0.5535934
1.0,0.40163693
1.0,0.5212432
1.0,0.53581417
1.0,0.42918447
1.0,0.4919184
1.0,0.45507097
1.0,0.39475453
1.0,0.5831712
1.0,0.4427391
1.0,0.47026533
1.0,0.41467237
1.0,0.60056
1.0,0.5935848
1.0,0.5520713
1.0,0.54928696
1.0,0.6250999
1.0,0.552371
1.0,0.5699132
1.0,0.66391104
1.0,0.60283726
1.0,0.67528504
1.0,0.65041447
1.0,0.55274254
1.0,0.650551
1.0,0.5249168
1.0,0.62805706
1.0,0.67897284
1.0,0.5722215
1.0,0.41211143
1.0,0.77391607
1.0,0.561934
1.0,0.52651745
1.0,0.5849066
1.0,0.6024797
1.0,0.530303
1.0,0.5875588
1.0,0.5073833
1.0,0.5273625
1.0,0.8153273
1.0,0.37746182
1.0,0.54042846
1.0,0.4599166
1.0,0.5648285
1.0,0.45111758
1.0,0.45709285
1.0,0.59666395
1.0,0.49805838
1.0,0.46104434
1.0,0.52275723
1.0,0.6947841
1.0,0.64986783
1.0,0.5320389
1.0,0.52084875
1.0,0.6400418
1.0,0.58020675
1.0,0.500732
1.0,0.57985604
1.0,0.54044586
1.0,0.59816366
1.0,0.44637468
1.0,0.039245643
1.0,0.64001125
1.0,0.5657661
1.0,0.527268
1.0,0.56134206
1.0,0.65996844
1.0,0.005331009
1.0,0.6187303
1.0,0.90658176
1.0,0.6200252
1.0,0.48557898
1.0,0.59879774
1.0,0.5369912
1.0,0.5661541
1.0,0.5963393
1.0,0.55274224
1.0,0.5587943
1.0,0.39865884
1.0,0.5886061
1.0,0.58053994
1.0,0.53398407
1.0,0.5453907
1.0,0.62757075
1.0,0.6044677
1.0,0.8146641
1.0,0.61256486
1.0,0.5918154
1.0,0.5949276
1.0,0.62267673
1.0,0.55432844
1.0,0.6390781
1.0,0.529578
1.0,0.64465225
1.0,0.48590603
1.0,0.6201848
1.0,0.68746066
1.0,0.8819925
1.0,0.571914
1.0,0.5823151
1.0,0.6427447
1.0,0.15240538
1.0,0.9956033
1.0,0.61378783
1.0,0.59765714
1.0,0.63925743
1.0,0.5865057
1.0,0.60313475
1.0,0.47772747
1.0,0.56018996
1.0,0.5982305
1.0,0.62131643
1.0,0.6042603
1.0,0.54580104
1.0,0.5870165
1.0,0.60548246
1.0,0.5971882
1.0,0.622973
1.0,0.5149089
1.0,0.46037737
1.0,0.539526
1.0,0.5978959
1.0,0.5624923
1.0,0.459035
1.0,0.63776875
1.0,0.6842477
1.0,0.5631562
1.0,0.6328465
1.0,0.45429713
1.0,0.56663036
1.0,0.49728146
1.0,0.3892442
1.0,0.56272674
1.0,0.6365625
1.0,0.64179593
1.0,0.5068198
1.0,0.51695037
1.0,0.51103055
1.0,0.59860605
1.0,0.49228942
1.0,0.5514758
1.0,0.62401474
1.0,0.9928276
1.0,0.5760646
1.0,0.6063755
1.0,0.53992015
1.0,0.6336983
1.0,0.57462734
1.0,0.4431175
1.0,0.5644854
1.0,0.51782614
1.0,0.5393204
1.0,0.51036626
1.0,0.501735
1.0,0.61851853
1.0,0.6043863
1.0,0.6730428
1.0,0.6001815
1.0,0.54860955
1.0,0.48924834
1.0,0.5180338
1.0,0.5262226
1.0,0.43500146
1.0,0.44212484
1.0,0.6176866
1.0,0.63256145
1.0,0.54450613
1.0,0.457252
1.0,0.85655606
1.0,0.5433198
1.0,0.50838345
1.0,0.6062729
1.0,0.5269732
1.0,0.5945378
1.0,0.58519924
1.0,0.5581852
1.0,0.49183476
1.0,0.68792397
1.0,0.5659899
1.0,0.60703593
1.0,0.59498274
1.0,0.5617706
1.0,0.41183233
1.0,0.5647195
1.0,0.52299905
1.0,0.5209094
1.0,0.621497
1.0,0.97770303
1.0,0.61209726
1.0,0.5548698
1.0,0.53398246
1.0,0.58070207
1.0,0.5964092
1.0,0.6460309
1.0,0.55586106
1.0,0.62627643
1.0,0.5557358
1.0,0.4814471
1.0,0.54325503
1.0,0.43978137
1.0,0.5846656
1.0,0.44691446
1.0,0.51585436
1.0,0.6382369
1.0,0.5324562
1.0,0.5015043
1.0,0.56976366
1.0,0.48766008
1.0,0.6072323
1.0,0.41024995
1.0,0.5550732
1.0,0.47580048
1.0,0.6517087
1.0,0.47626424
1.0,0.50049365
1.0,0.6017246
1.0,0.54955614
1.0,0.56316006
1.0,0.35701194
1.0,0.5982018
1.0,0.56030506
1.0,0.5914202
1.0,0.5670148
1.0,0.5223863
1.0,0.537065
1.0,0.5833734
1.0,0.6857806
1.0,0.5909782
1.0,0.60010993
1.0,0.5581115
1.0,0.53721946
1.0,0.7619645
1.0,0.5888056
1.0,0.7882391
1.0,0.53165597
1.0,0.5478507
1.0,0.55433637
1.0,0.52750325
1.0,0.65658504
1.0,0.5910813
1.0,0.676894
1.0,0.54465353
1.0,0.590001
1.0,0.56052905
1.0,0.8024558
1.0,0.46911418
1.0,0.5480594
1.0,0.47536153
1.0,0.025026808
1.0,0.06666141
1.0,0.5404707
1.0,0.54251254
1.0,0.526897
1.0,0.5852756
1.0,0.5529418
1.0,0.989767
1.0,0.56635606
1.0,0.49319148
1.0,0.47013396
1.0,0.9995436
1.0,0.5719101
1.0,0.5168286
1.0,0.60462016
1.0,0.5440468
1.0,0.5332906
1.0,0.5406623
1.0,0.6481399
1.0,0.5789057
1.0,0.5393515
1.0,0.5091903
1.0,0.98848253
1.0,0.55124295
1.0,0.99482805
1.0,0.44714004
1.0,0.42836672
1.0,0.60554737
1.0,0.5600208
1.0,0.53721595
1.0,0.9979551
1.0,0.4551037
1.0,0.46365866
1.0,0.55960315
1.0,0.73407894
1.0,0.36837646
1.0,0.5157325
1.0,0.21209405
1.0,0.5389309
1.0,0.6279971
1.0,0.55112916
1.0,0.4652248
1.0,0.54209286
1.0,0.5254801
1.0,0.45217296
1.0,0.477192
1.0,0.9229066
1.0,0.47033522
1.0,0.5998596
1.0,0.650353
1.0,0.47924158
1.0,0.55257684
1.0,0.48733056
1.0,0.67809504
1.0,0.5811487
1.0,0.53663224
1.0,0.50418854
1.0,0.36033005
1.0,0.64156264
1.0,0.55414456
1.0,0.5880977
1.0,0.4978262
1.0,0.58555883
1.0,0.5828408
1.0,0.5050374
1.0,0.5225658
1.0,0.6234755
1.0,0.43559372
1.0,0.48190865
1.0,0.4814497
1.0,0.6154397
1.0,0.5538379
1.0,0.5181867
1.0,0.6320841
1.0,0.50308895
1.0,0.46578443
1.0,0.54147196
1.0,0.5797411
1.0,0.27880242
1.0,0.6986753
1.0,0.5018137
1.0,0.56657034
1.0,0.50095564
1.0,0.606426
1.0,0.5089106
1.0,0.5802694
1.0,0.5433581
1.0,0.57643926
1.0,0.52257377
1.0,0.42377046
1.0,0.49457398
1.0,0.68315476
1.0,0.57683325
1.0,0.61407435
1.0,0.4947375
1.0,0.47477654
1.0,0.63417846
1.0,0.59228826
1.0,0.42090356
1.0,0.5395595
1.0,0.6247311
1.0,0.5865157
1.0,0.5596369
1.0,0.6384099
1.0,0.24416341
1.0,0.5848679
1.0,0.41785726
1.0,0.5538071
1.0,0.52134573
1.0,0.54776263
1.0,0.64540935
1.0,0.55009574
1.0,0.49894103
1.0,0.5524855
1.0,0.58341134
1.0,0.61469465
1.0,0.6024446
1.0,0.60620475
1.0,0.07010693
1.0,0.5637534
1.0,0.51706403
1.0,0.33306956
1.0,0.5649548
1.0,0.52328944
1.0,0.52846944
1.0,0.5653997
1.0,0.48718315
1.0,0.59560996
1.0,0.59560263
1.0,0.5413216
1.0,0.3949637
1.0,0.6261923
1.0,0.48917297
1.0,0.5024408
1.0,0.66904247
1.0,0.65093046
1.0,0.6243863
1.0,0.5865395
1.0,0.5126956
1.0,0.6080135
1.0,0.67737716
1.0,0.54346985
1.0,0.53878915
1.0,0.5791023
1.0,0.606183
1.0,0.48128152
1.0,0.6220667
1.0,0.54530025
1.0,0.44528493
1.0,0.5543897
1.0,0.4888757
1.0,0.35986534
1.0,0.61680055
1.0,0.32902718
1.0,0.566453
1.0,0.4589867
1.0,0.55577403
1.0,0.6488342
1.0,0.5082232
1.0,0.5295775
1.0,0.52367735
1.0,0.4720207
1.0,0.4896935
1.0,0.49200913
1.0,0.27051377
1.0,0.8044481
1.0,0.64763886
1.0,0.5822848
1.0,0.4319407
1.0,0.44441634
1.0,0.717559
1.0,0.56263095
1.0,0.66807634
1.0,0.59318274
1.0,0.63377434
1.0,0.54991096
1.0,0.46980032
1.0,0.4561921
1.0,0.47790852
1.0,0.45009184
1.0,0.5911484
1.0,0.6089926
1.0,0.6162239
1.0,0.6383984
1.0,0.58547735
1.0,0.55092907
1.0,0.4625976
1.0,0.49478963
1.0,0.61207616
1.0,0.5146096
1.0,0.57751006
1.0,0.44127548
1.0,0.57302207
1.0,0.44393733
1.0,0.56439126
1.0,0.58611715
1.0,0.5721893
1.0,0.6086107
1.0,0.5660921
1.0,0.46104434
1.0,0.5684991
1.0,0.9639786
1.0,0.5385055
1.0,0.58205914
1.0,0.6148198
1.0,0.65587157
1.0,0.59547913
1.0,0.5674232
1.0,0.46291035
1.0,0.559554
1.0,0.57673097
1.0,0.56961805
1.0,0.6565088
1.0,0.5895584
1.0,0.7707736
1.0,0.59329104
1.0,0.57521564
1.0,0.5933181
1.0,0.62300503
1.0,0.033691365
1.0,0.46957406
1.0,0.63378006
1.0,0.48749375
1.0,0.44108254
1.0,0.46873924
1.0,0.5489859
1.0,0.5598605
1.0,0.631502
1.0,0.536561
1.0,0.49039128
1.0,0.6349524
1.0,0.51854813
1.0,0.45866558
1.0,0.51175016
1.0,0.66689956
1.0,0.60043734
1.0,0.5840524
1.0,0.6237005
1.0,0.9264051
1.0,0.0017503591
1.0,0.4630579
1.0,0.32796907
1.0,0.5640681
1.0,0.5819355
1.0,0.53275764
1.0,0.6415263
1.0,0.5754572
1.0,0.5228215
1.0,0.61726725
1.0,0.5484897
1.0,0.6418355
1.0,0.5823661
1.0,0.42579693
1.0,0.57630825
1.0,0.58506745
1.0,0.5151144
1.0,0.54914165
1.0,0.63144964
1.0,0.41706026
1.0,0.5769255
1.0,0.5660979
1.0,0.44939533
1.0,0.57106596
1.0,0.60475737
1.0,0.6369037
1.0,0.51584125
1.0,0.4483604
1.0,0.56572056
1.0,0.6018975
1.0,0.55526453
1.0,0.6143492
1.0,0.52285606
1.0,0.53126043
1.0,0.5579263
1.0,0.5832217
1.0,0.582278
1.0,0.64180005
1.0,0.55342865
1.0,0.5897915
1.0,0.5598593
1.0,0.57328707
1.0,0.4223772
1.0,0.54902834
1.0,0.6151997
1.0,0.5583434
1.0,0.5052115
1.0,0.95729965
1.0,0.5764693
1.0,0.603617
1.0,0.58989114
1.0,0.45634586
1.0,0.79178536
1.0,0.28084293
1.0,0.5867152
1.0,0.55655134
1.0,0.50066495
1.0,0.43714458
1.0,0.6077334
1.0,0.5393591
1.0,0.5623808
1.0,0.6448515
1.0,0.46644887
1.0,0.42881992
1.0,0.60643244
1.0,0.46484575
1.0,0.6016505
1.0,0.53896147
1.0,0.6063354
1.0,0.62544173
1.0,0.5426422
1.0,0.48430935
1.0,0.62588763
1.0,0.5601241
1.0,0.397192
1.0,0.52534616
1.0,0.75632215
1.0,0.5611985
1.0,0.49268556
1.0,0.63395613
1.0,0.552886
1.0,0.5311346
1.0,0.50546646
1.0,0.5376896
1.0,0.5019976
1.0,0.6733227
1.0,0.59532136
1.0,0.85043997
1.0,0.52527356
1.0,0.5992654
1.0,0.38191804
1.0,0.5560128
1.0,0.5390059
1.0,0.547914
1.0,0.42213416
1.0,0.54252344
1.0,0.41556263
1.0,0.53017527
1.0,0.52283084
1.0,0.5028778
1.0,0.49904168
1.0,0.54972774
1.0,0.48312214
1.0,0.52137244
1.0,0.9889114
1.0,0.55934525
1.0,0.5900312
1.0,0.57332146
1.0,0.56898636
1.0,0.6121417
1.0,0.58098346
1.0,0.47604424
1.0,0.8704859
1.0,0.7894941
1.0,0.5333515
1.0,0.12311059
1.0,0.5499787
1.0,0.69508374
1.0,0.6580814
1.0,0.584621
1.0,0.5705627
1.0,0.57571214
1.0,0.48398042
1.0,0.6099824
1.0,0.540396
1.0,0.54912996
1.0,0.62954974
1.0,0.58119017
1.0,0.5208488
1.0,0.52480423
1.0,0.5506063
1.0,0.5029879
1.0,0.6301615
1.0,0.5704862
1.0,0.86438924
1.0,0.49791577
1.0,0.46640936
1.0,0.46104434
1.0,0.5528801
1.0,0.55026203
1.0,0.4931844
1.0,0.53752977
1.0,0.49071074
1.0,0.52802575
1.0,0.403972
1.0,0.5677879
1.0,0.48018014
1.0,0.4738247
1.0,0.8740972
1.0,0.5148192
1.0,0.5521074
1.0,0.46993944
1.0,0.5814247
1.0,0.6856543
1.0,0.54101133
1.0,0.5621035
1.0,0.50320464
1.0,0.5668431
1.0,0.5521754
1.0,0.5930888
1.0,0.5233549
1.0,0.57967585
1.0,0.5597595
1.0,0.6509506
1.0,0.44807574
1.0,0.4880328
1.0,0.3430087
1.0,0.54939663
1.0,0.5225591
1.0,0.5974613
1.0,0.6128118
1.0,0.9856995
1.0,0.5749604
1.0,0.52680707
1.0,0.5777114
1.0,0.5199308
1.0,0.6562238
1.0,0.8066657
1.0,0.5431165
1.0,0.52531415
1.0,0.60398185
1.0,0.66047966
1.0,0.42958415
1.0,0.5704459
1.0,0.5294259
1.0,0.5170122
1.0,0.5247578
1.0,0.5908832
1.0,0.516415
1.0,0.57442874
1.0,0.5475746
1.0,0.49640095
1.0,0.62378794
1.0,0.59284294
1.0,0.5943176
1.0,0.48399392
1.0,0.62328064
1.0,0.5558157
1.0,0.49773684
1.0,0.81282353
1.0,0.5291105
1.0,0.5367049
1.0,0.47187272
1.0,0.48799574
1.0,0.56071043
1.0,0.5176317
1.0,0.5421191
1.0,0.58418226
1.0,0.48311245
1.0,0.62012565
1.0,0.53478014
1.0,0.8171379
1.0,0.4616192
1.0,0.5899123
1.0,0.5882036
1.0,0.6117935
1.0,0.5955541
1.0,0.49201444
1.0,0.64617074
1.0,0.41593653
1.0,0.5764486
1.0,0.46240127
1.0,0.44773456
1.0,0.5423937
1.0,0.5818107
1.0,0.6696776
1.0,0.62336373
1.0,0.5435622
1.0,0.5198006
1.0,0.5646049
1.0,0.7606149
1.0,0.62021804
1.0,0.4857443
1.0,0.51243013
1.0,0.6757221
1.0,0.56924754
1.0,0.5439365
1.0,0.6238636
1.0,0.55791295
1.0,0.59840566
1.0,0.4170484
1.0,0.4501958
1.0,0.6023544
1.0,0.50949883
1.0,0.5990829
1.0,0.415268
1.0,0.55665636
1.0,0.46858308
1.0,0.59957886
1.0,0.6115536
1.0,0.5613821
1.0,0.5194743
1.0,0.5472464
1.0,0.55724263
1.0,0.9495915
1.0,0.43391454
1.0,0.5651899
1.0,0.5506341
1.0,0.6459622
1.0,0.5559183
1.0,0.5543841
1.0,0.57162404
1.0,0.5771509
1.0,0.5890821
1.0,0.5717073
1.0,0.44161296
1.0,0.35381493
1.0,0.50035816
1.0,0.6760502
1.0,0.44917792
1.0,0.6405577
1.0,0.5325991
1.0,0.56271577
1.0,0.86047196
1.0,0.5656248
1.0,0.5824835
1.0,0.61100596
1.0,0.5610311
1.0,0.5088437
1.0,0.53603554
1.0,0.580098
1.0,0.6529564
1.0,0.98093146
1.0,0.582324
1.0,0.58837587
1.0,0.9762624
1.0,0.5735162
1.0,0.52373785
1.0,0.5129577
1.0,0.55163497
1.0,0.56472653
1.0,0.60096383
1.0,0.6656145
1.0,0.7332066
1.0,0.54669714
1.0,0.46782836
1.0,0.52774507
1.0,0.5698205
1.0,0.51694983
1.0,0.52402323
1.0,0.53515756
1.0,0.4959993
1.0,0.52331203
1.0,0.59376615
1.0,0.43948424
1.0,0.5724324
1.0,0.6128121
1.0,0.5477194
1.0,0.52027756
1.0,0.49394274
1.0,0.6168467
1.0,0.69531053
1.0,0.48058692
1.0,0.517779
1.0,0.5977942
1.0,0.5468931
1.0,0.50133187
1.0,0.5475054
1.0,0.6565803
1.0,0.62123305
1.0,0.55133283
1.0,0.6281958
1.0,0.55564976
1.0,0.54564553
1.0,0.637198
1.0,0.5585391
1.0,0.54126394
1.0,0.5586272
1.0,0.70437604
1.0,0.49767223
1.0,0.65886194
1.0,0.58922154
1.0,0.45017415
1.0,0.5204275
1.0,0.5592597
1.0,0.7605957
1.0,0.5540226
1.0,0.62881565
1.0,0.9993236
1.0,0.65115565
1.0,0.48067725
1.0,0.56668276
1.0,0.74585396
1.0,0.5484681
1.0,0.97348267
1.0,0.5476702
1.0,0.5863199
1.0,0.47041965
1.0,0.4337436
1.0,0.63915235
1.0,0.9598877
1.0,0.7587017
1.0,0.58198005
1.0,0.4783395
1.0,0.44081125
1.0,0.5360341
1.0,0.5360958
1.0,0.5351918
1.0,0.6545693
1.0,0.5807171
1.0,0.48427624
1.0,0.60547036
1.0,0.6096097
1.0,0.4874173
1.0,0.55138135
1.0,0.5383329
1.0,0.93232375
1.0,0.50165683
1.0,0.60161406
1.0,0.63278806
1.0,0.48502982
1.0,0.55154127
1.0,0.6612029
1.0,0.54471684
1.0,0.48255706
1.0,0.4806118
1.0,0.5375071
1.0,0.62434226
1.0,0.7297914
1.0,0.58109295
1.0,0.6499345
1.0,0.6213975
1.0,0.49766266
1.0,0.44564986
1.0,0.6266612
1.0,0.4535346
1.0,0.6044907
1.0,0.5404397
1.0,0.5100452
1.0,0.61271703
1.0,0.5424118
1.0,0.49733365
1.0,0.48670715
1.0,0.5960976
1.0,0.56320345
1.0,0.5381532
1.0,0.6099158
1.0,0.54499686
1.0,0.6114584
1.0,0.6207114
1.0,0.5417611
1.0,0.00089285965
0.0,0.6892407
0.0,0.5866349
0.0,0.44106796
0.0,0.5450218
0.0,0.59046054
0.0,0.37345925
0.0,0.6049964
0.0,0.5132078
0.0,0.4684602
0.0,0.5297097
0.0,0.61921394
0.0,0.5483752
0.0,0.44949943
0.0,0.47755158
0.0,0.4903842
0.0,0.5416875
0.0,0.5007747
0.0,0.39749745
0.0,0.5415843
0.0,0.5861617
0.0,0.5781426
0.0,0.4629592
0.0,0.5004482
0.0,0.5495453
0.0,0.6437268
0.0,0.4392359
0.0,0.5582293
0.0,0.5614342
0.0,0.43067816
0.0,0.46975997
0.0,0.6529696
0.0,0.5346309
0.0,0.5007802
0.0,0.49237478
0.0,0.57123864
0.0,0.66969144
0.0,0.5547507
0.0,0.53853875
0.0,0.52097726
0.0,0.5125239
0.0,0.55845296
0.0,0.65041614
0.0,0.56997305
0.0,0.48486048
0.0,0.45389372
0.0,0.5262628
0.0,0.35709345
0.0,0.4743268
0.0,0.5818017
0.0,0.44174525
0.0,0.5620948
0.0,0.41436523
0.0,0.60575265
0.0,0.41218156
0.0,0.47995228
0.0,0.4929979
0.0,0.45474863
0.0,0.44844377
0.0,0.51905143
0.0,0.49454972
0.0,0.5496103
0.0,0.61218053
0.0,0.48116443
0.0,0.4916296
0.0,0.6787868
0.0,0.541679
0.0,0.46610042
0.0,0.46089196
0.0,0.2009224
0.0,0.46095508
0.0,0.5290843
0.0,0.5036097
0.0,0.48546556
0.0,0.34769142
0.0,0.5046363
0.0,0.62910247
0.0,0.38500327
0.0,0.619212
0.0,0.51338226
0.0,0.5418607
0.0,0.5522033
0.0,0.4529943
0.0,0.570354
0.0,0.5977624
0.0,0.6442919
0.0,0.6362487
0.0,0.1763699
0.0,0.4564603
0.0,0.40835583
0.0,0.3916216
0.0,0.2701825
0.0,0.43777484
0.0,0.48308018
0.0,0.5456819
0.0,0.43806887
0.0,0.48052293
0.0,0.48198855
0.0,0.48595288
0.0,0.5425887
0.0,0.4851346
0.0,0.6315148
0.0,0.63252836
0.0,0.4592793
0.0,0.55423224
0.0,0.5545709
0.0,0.49137336
0.0,0.49626866
0.0,0.46858558
0.0,0.58283854
0.0,0.45706972
0.0,0.6092583
0.0,0.52113754
0.0,0.5850452
0.0,0.42277882
0.0,0.5608408
0.0,0.5448484
0.0,0.84785837
0.0,0.5994922
0.0,0.49492338
0.0,0.48553428
0.0,0.36926135
0.0,0.4772475
0.0,0.29680008
0.0,0.9979255
0.0,0.5716693
0.0,0.52650523
0.0,0.48066643
0.0,0.47464177
0.0,0.48985046
0.0,0.50364316
0.0,0.41483724
0.0,0.44007236
0.0,0.5684954
0.0,0.21600015
0.0,0.4761799
0.0,0.5273125
0.0,0.43616202
0.0,0.508914
0.0,0.45213008
0.0,0.37239203
0.0,0.49338195
0.0,0.48692706
0.0,0.1409951
0.0,0.6290656
0.0,0.47635308
0.0,0.2320609
0.0,0.49064234
0.0,0.49595895
0.0,0.5548625
0.0,0.60446143
0.0,0.67786
0.0,0.49269226
0.0,0.5113963
0.0,0.45012236
0.0,0.40499675
0.0,0.5497542
0.0,0.38558066
0.0,0.520268
0.0,0.53381985
0.0,0.6217968
0.0,0.56672835
0.0,0.6453312
0.0,0.3951531
0.0,0.56784016
0.0,0.66711646
0.0,0.5138698
0.0,0.3725558
0.0,0.43526715
0.0,0.52668834
0.0,0.56349486
0.0,0.60247856
0.0,0.53027606
0.0,0.22113618
0.0,0.4442282
0.0,0.48808736
0.0,0.46813613
0.0,0.46944267
0.0,0.4884873
0.0,0.50944394
0.0,0.49644858
0.0,0.49644858
0.0,0.5377626
0.0,0.57772726
0.0,0.526025
0.0,0.42926398
0.0,0.5009143
0.0,0.23868985
0.0,0.6346789
0.0,0.5381744
0.0,0.68685126
0.0,0.5355604
0.0,0.46446398
0.0,0.60404307
